name	taxonomy_id	taxonomy_lvl	kraken_assigned_reads	added_reads	new_est_reads	fraction_total_reads
Buttiauxella	82976	G	1479059	63300	1542359	0.07505
Citrobacter	544	G	763251	258760	1022011	0.04973
Enterobacter	547	G	289783	152292	442075	0.02151
Lelliottia	1330545	G	193958	16987	210945	0.01027
Cedecea	158483	G	143103	7469	150572	0.00733
Klebsiella	570	G	93372	96917	190289	0.00926
Raoultella	160674	G	13704	8801	22505	0.00110
Leclercia	83654	G	70467	18839	89306	0.00435
Escherichia	561	G	45349	196340	241689	0.01176
Dryocola	3021684	G	41471	2186	43657	0.00212
Kosakonia	1330547	G	39018	2209	41227	0.00201
Kluyvera	579	G	32102	5651	37753	0.00184
Cronobacter	413496	G	26508	1839	28347	0.00138
Salmonella	590	G	23120	95738	118858	0.00578
Atlantibacter	1903434	G	7064	747	7811	0.00038
Candidatus Blochmanniella	203804	G	1931	5	1936	0.00009
Candidatus Westeberhardia	1699619	G	56	1	57	0.00000
Symbiopectobacterium	801	G	1730	35	1765	0.00009
Candidatus Regiella	568988	G	717	12	729	0.00004
Candidatus Williamhamiltonella	568987	G	502	492	994	0.00005
Candidatus Mikella	1906660	G	297	5	302	0.00001
Candidatus Gullanella	1906661	G	234	1	235	0.00001
Candidatus Purcelliella	472825	G	171	5	176	0.00001
Candidatus Tachikawaea	1682492	G	150	3	153	0.00001
Candidatus Annandia	1302410	G	106	5	111	0.00001
Candidatus Hoaglandella	1906659	G	100	81	181	0.00001
Candidatus Doolittlea	1906657	G	75	0	75	0.00000
Scandinavium	2726810	G	6528	361	6889	0.00034
Franconibacter	1649295	G	6439	189	6628	0.00032
Pseudocitrobacter	1504576	G	6416	428	6844	0.00033
Siccibacter	1649298	G	6040	302	6342	0.00031
Pluralibacter	1330546	G	5151	400	5551	0.00027
Phytobacter	447792	G	5025	3234	8259	0.00040
Superficieibacter	2303321	G	4638	217	4855	0.00024
Mangrovibacter	451512	G	3799	1767	5566	0.00027
Trabulsiella	158851	G	3754	686	4440	0.00022
Yokenella	158876	G	3269	430	3699	0.00018
Pseudescherichia	2055880	G	3178	3240	6418	0.00031
Jejubacter	2815296	G	2284	23	2307	0.00011
Shimwellia	1335483	G	2246	76	2322	0.00011
Plesiomonas	702	G	2102	291	2393	0.00012
Shigella	620	G	781	7051	7832	0.00038
Candidatus Profftia	1177214	G	690	6	696	0.00003
Candidatus Curculioniphilus	690591	G	364	0	364	0.00002
Candidatus Riesia	401618	G	266	1	267	0.00001
Candidatus Schneideria	1081630	G	135	0	135	0.00001
Candidatus Ishikawella	409304	G	117	1	118	0.00001
Candidatus Moranella	1048757	G	45	0	45	0.00000
Hafnia	568	G	97135	8087	105222	0.00512
Edwardsiella	635	G	4313	988	5301	0.00026
Obesumbacterium	82982	G	375	66	441	0.00002
Pantoea	53335	G	55434	1991	57425	0.00279
Erwinia	551	G	18741	5447	24188	0.00118
Buchnera	32199	G	17882	389	18271	0.00089
Mixta	2100764	G	2437	197	2634	0.00013
Winslowiella	2997349	G	1490	61	1551	0.00008
Duffyella	3026546	G	1414	86	1500	0.00007
Tatumella	82986	G	1352	51	1403	0.00007
Paramixta	3231896	G	983	38	1021	0.00005
Wigglesworthia	51228	G	273	1	274	0.00001
Serratia	613	G	37691	4799	42490	0.00207
Yersinia	629	G	34776	5588	40364	0.00196
Rahnella	34037	G	14867	674	15541	0.00076
Rouxiella	1565532	G	2849	164	3013	0.00015
Gibbsiella	929812	G	1559	75	1634	0.00008
Ewingella	41201	G	1241	65	1306	0.00006
Chania	1745211	G	909	41	950	0.00005
Chimaeribacter	2716544	G	654	49	703	0.00003
Nissabacter	1964366	G	565	20	585	0.00003
Candidatus Fukatsuia	1927833	G	354	2	356	0.00002
Providencia	586	G	13681	5187	18868	0.00092
Proteus	583	G	7262	1507	8769	0.00043
Xenorhabdus	626	G	5718	94	5812	0.00028
Morganella	581	G	3915	1470	5385	0.00026
Arsenophonus	637	G	3232	40	3272	0.00016
Photorhabdus	29487	G	2587	17	2604	0.00013
Moellerella	158848	G	787	365	1152	0.00006
Pectobacterium	122277	G	17275	710	17985	0.00088
Dickeya	204037	G	11594	533	12127	0.00059
Brenneria	71655	G	2506	483	2989	0.00015
Lonsdalea	1082702	G	908	41	949	0.00005
Musicola	2884243	G	596	12	608	0.00003
Prodigiosinella	3059405	G	279	409	688	0.00003
Sodalis	84565	G	4760	43	4803	0.00023
Leminorella	82980	G	1460	33	1493	0.00007
Limnobaculum	2172100	G	1452	61	1513	0.00007
Pragia	82984	G	841	40	881	0.00004
Gallaecimonas	745410	G	1593	72	1665	0.00008
Aeromonas	642	G	262824	28337	291161	0.01417
Oceanimonas	129577	G	1479	195	1674	0.00008
Zobellella	347533	G	847	29	876	0.00004
Oceanisphaera	225143	G	825	9	834	0.00004
Pseudaeromonas	1929090	G	442	5	447	0.00002
Tolumonas	43947	G	330	16	346	0.00002
Dongshaea	2802288	G	240	2	242	0.00001
Succinivibrio	83770	G	1326	0	1326	0.00006
Pseudomonas	286	G	92942	17469	110411	0.00537
Stutzerimonas	2901164	G	4574	952	5526	0.00027
Halopseudomonas	2901189	G	2210	126	2336	0.00011
Entomomonas	2758906	G	1643	13	1656	0.00008
Metapseudomonas	3236656	G	1596	221	1817	0.00009
Ectopseudomonas	3236654	G	1001	737	1738	0.00008
Azotobacter	352	G	651	468	1119	0.00005
Azorhizophilus	157913	G	93	3	96	0.00000
Aquipseudomonas	3236652	G	482	128	610	0.00003
Thiopseudomonas	1654787	G	393	21	414	0.00002
Denitrificimonas	2901261	G	323	44	367	0.00002
Permianibacter	1649479	G	227	0	227	0.00001
Geopseudomonas	3236655	G	156	24	180	0.00001
Phytopseudomonas	3236657	G	146	19	165	0.00001
Marinobacter	2742	G	7152	260	7412	0.00036
Candidatus Njordibacter	3457297	G	756	8	764	0.00004
Pseudohongiella	1524249	G	298	1	299	0.00001
Ketobacter	2025617	G	184	1	185	0.00001
Shewanella	22	G	18743	804	19547	0.00095
Parashewanella	2547964	G	354	7	361	0.00002
Psychrobium	1573826	G	339	10	349	0.00002
Alteromonas	226	G	7078	698	7776	0.00038
Salinimonas	288793	G	975	127	1102	0.00005
Paraglaciecola	1621534	G	2053	133	2186	0.00011
Alishewanella	111142	G	1460	65	1525	0.00007
Agarivorans	261825	G	1375	33	1408	0.00007
Catenovulum	1172191	G	1337	35	1372	0.00007
Alkalimarinus	1858563	G	1221	16	1237	0.00006
Paraneptunicella	2905123	G	520	18	538	0.00003
Saccharobesus	2894574	G	314	4	318	0.00002
Ningiella	2751156	G	259	9	268	0.00001
Brumicola	3160924	G	250	16	266	0.00001
Aliiglaciecola	1406885	G	240	40	280	0.00001
Neptunicella	2125985	G	224	16	240	0.00001
Halioxenophilus	2108524	G	220	13	233	0.00001
Lacimicrobium	1751872	G	219	8	227	0.00001
Planctobacterium	2200736	G	205	11	216	0.00001
Saliniradius	2661818	G	103	5	108	0.00001
Hydrocarboniclastica	2650549	G	93	2	95	0.00000
Gayadomonas	1234605	G	24	0	24	0.00000
Pseudoalteromonas	53246	G	15725	932	16657	0.00081
Psychrosphaera	907197	G	611	89	700	0.00003
Flocculibacter	2834759	G	243	8	251	0.00001
Thalassotalea	1518149	G	4596	282	4878	0.00024
Colwellia	28228	G	3596	288	3884	0.00019
Thalassomonas	137583	G	892	20	912	0.00004
Pseudocolwellia	2848177	G	543	30	573	0.00003
Cognaticolwellia	2848171	G	345	60	405	0.00002
Litorilituus	1407056	G	326	11	337	0.00002
Psychromonas	67572	G	4364	73	4437	0.00022
Idiomarina	135575	G	1984	210	2194	0.00011
Pseudidiomarina	2800384	G	553	44	597	0.00003
Moritella	58050	G	2184	107	2291	0.00011
Ferrimonas	44011	G	1410	49	1459	0.00007
Motilimonas	1914248	G	325	10	335	0.00002
Vibrio	662	G	55813	2858	58671	0.00286
Photobacterium	657	G	9931	1057	10988	0.00053
Aliivibrio	511678	G	2566	287	2853	0.00014
Grimontia	246861	G	1079	38	1117	0.00005
Enterovibrio	188143	G	1069	27	1096	0.00005
Salinivibrio	51366	G	870	27	897	0.00004
Paraphotobacterium	2042066	G	729	32	761	0.00004
Parasalinivibrio	3378804	G	394	12	406	0.00002
Thaumasiovibrio	2014233	G	233	14	247	0.00001
Acinetobacter	469	G	38218	5314	43532	0.00212
Psychrobacter	497	G	6690	197	6887	0.00034
Moraxella	475	G	4647	187	4834	0.00024
Faucicola	1604696	G	1108	84	1192	0.00006
Aquirhabdus	2824158	G	504	5	509	0.00002
Lwoffella	3444169	G	162	19	181	0.00001
Alkanindiges	222991	G	156	21	177	0.00001
Halomonas	2745	G	10918	1281	12199	0.00059
Vreelandella	3137766	G	3114	1327	4441	0.00022
Cobetia	204286	G	1421	26	1447	0.00007
Kushneria	504090	G	910	6	916	0.00004
Salinicola	404432	G	775	37	812	0.00004
Candidatus Carsonella	114185	G	455	12	467	0.00002
Zymobacter	33073	G	286	8	294	0.00001
Chromohalobacter	42054	G	391	31	422	0.00002
Billgrantia	3137761	G	288	172	460	0.00002
Halotalea	376488	G	160	3	163	0.00001
Pistricoccus	1897649	G	137	1	138	0.00001
Marinomonas	28253	G	8211	288	8499	0.00041
Marinobacterium	48075	G	2003	92	2095	0.00010
Neptuniibacter	459520	G	1405	49	1454	0.00007
Amphritea	515417	G	981	28	1009	0.00005
Bacterioplanoides	2066071	G	794	24	818	0.00004
Neptunomonas	75687	G	757	18	775	0.00004
Aliamphritea	3018276	G	742	26	768	0.00004
Nitrincola	267849	G	673	29	702	0.00003
Thalassolituus	187492	G	651	57	708	0.00003
Bermanella	599651	G	555	4	559	0.00003
Venatoribacter	2893036	G	363	99	462	0.00002
Bacterioplanes	1537406	G	343	16	359	0.00002
Marinospirillum	64968	G	195	7	202	0.00001
Motiliproteus	1775292	G	86	2	88	0.00000
Endozoicomonas	305899	G	3376	62	3438	0.00017
Alcanivorax	59753	G	886	32	918	0.00004
Alloalcanivorax	3020832	G	870	45	915	0.00004
Isoalcanivorax	3020833	G	137	10	147	0.00001
Hahella	158481	G	977	14	991	0.00005
Allohahella	1855402	G	269	2	271	0.00001
Thermohahella	3449104	G	253	16	269	0.00001
Aliikangiella	1920241	G	901	1	902	0.00004
Pleionea	1502941	G	277	2	279	0.00001
Oleiphilus	141450	G	1006	19	1025	0.00005
Gynuella	1445504	G	491	6	497	0.00002
Saccharospirillum	231683	G	181	3	184	0.00001
Reinekea	230494	G	176	2	178	0.00001
Salinispirillum	1649491	G	116	1	117	0.00001
Marinicellulosiphila	3414216	G	585	8	593	0.00003
Spartinivicinus	2768738	G	459	9	468	0.00002
Pokkaliibacter	2301194	G	378	7	385	0.00002
Litorivicinus	418700	G	239	1	240	0.00001
Stenotrophomonas	40323	G	14035	4355	18390	0.00089
Xanthomonas	338	G	9970	1044	11014	0.00054
Lysobacter	68	G	4564	413	4977	0.00024
Pseudoxanthomonas	83618	G	2566	299	2865	0.00014
Luteimonas	83614	G	1876	95	1971	0.00010
Thermomonas	141948	G	829	64	893	0.00004
Xylella	2370	G	456	17	473	0.00002
Agrilutibacter	3382696	G	345	26	371	0.00002
Marilutibacter	3382698	G	251	15	266	0.00001
Novilysobacter	3382699	G	228	331	559	0.00003
Arenimonas	490567	G	172	7	179	0.00001
Solilutibacter	3382695	G	153	15	168	0.00001
Pseudoluteimonas	3382694	G	73	3	76	0.00000
Dyella	231454	G	4218	380	4598	0.00022
Luteibacter	242605	G	1809	147	1956	0.00010
Rhodanobacter	75309	G	1311	167	1478	0.00007
Dokdonella	323413	G	602	30	632	0.00003
Tahibacter	1453544	G	536	13	549	0.00003
Frateuria	70411	G	496	116	612	0.00003
Aerosticca	2707020	G	270	159	429	0.00002
Pseudolysobacter	2709666	G	173	2	175	0.00001
Ahniella	2233801	G	114	1	115	0.00001
Metallibacterium	1218803	G	11	0	11	0.00000
Marinicella	863253	G	219	0	219	0.00001
Haemophilus	724	G	6002	764	6766	0.00033
Pasteurella	745	G	4501	1173	5674	0.00028
Actinobacillus	713	G	3654	660	4314	0.00021
Mannheimia	75984	G	2688	205	2893	0.00014
Gallibacterium	155493	G	2131	431	2562	0.00012
Aggregatibacter	416916	G	1593	130	1723	0.00008
Avibacterium	292486	G	1266	176	1442	0.00007
Rodentibacter	1960084	G	1125	45	1170	0.00006
Bisgaardia	109471	G	1056	37	1093	0.00005
Histophilus	214906	G	1005	233	1238	0.00006
Glaesserella	2094023	G	960	231	1191	0.00006
Mergibacter	2899790	G	956	23	979	0.00005
Lonepinella	53416	G	918	22	940	0.00005
Phocoenobacter	146805	G	674	431	1105	0.00005
Basfia	697331	G	425	18	443	0.00002
Bibersteinia	476528	G	368	246	614	0.00003
Frederiksenia	1649317	G	348	28	376	0.00002
Testudinibacter	1755672	G	250	7	257	0.00001
Otariodibacter	1249016	G	192	7	199	0.00001
Vespertiliibacter	1520333	G	136	5	141	0.00001
Rickettsiella	59195	G	12760	35	12795	0.00062
Coxiella	776	G	936	1004	1940	0.00009
Aquicella	254245	G	519	0	519	0.00003
Candidiatus Paracoxiella	3405119	G	112	1	113	0.00001
Legionella	445	G	12983	172	13155	0.00064
Fluoribacter	461	G	203	13	216	0.00001
Cellvibrio	10	G	1897	31	1928	0.00009
Agaribacterium	2038244	G	1673	32	1705	0.00008
Teredinibacter	2425	G	1530	36	1566	0.00008
Gilvimarinus	940550	G	720	11	731	0.00004
Simiduia	447467	G	715	8	723	0.00004
Agarilytica	2036021	G	495	7	502	0.00002
Maricurvus	1122283	G	479	3	482	0.00002
Marinagarivorans	1792291	G	449	25	474	0.00002
Saccharophagus	316625	G	308	12	320	0.00002
Marinimicrobium	359337	G	235	11	246	0.00001
Microbulbifer	48073	G	7694	134	7828	0.00038
Congregibacter	393661	G	806	90	896	0.00004
Halioglobus	1217416	G	522	10	532	0.00003
Luminiphilus	1341118	G	339	2	341	0.00002
Aequoribacter	2847769	G	298	12	310	0.00002
Kineobactrum	2678529	G	191	2	193	0.00001
Candidatus Paraluminiphilus	3040948	G	107	1	108	0.00001
Oceanicoccus	1084558	G	789	4	793	0.00004
Spongiibacter	630749	G	670	71	741	0.00004
Zhongshania	1434050	G	173	6	179	0.00001
Porticoccus	1123967	G	74	1	75	0.00000
Thiomicrorhabdus	2039723	G	3032	74	3106	0.00015
Methylophaga	40222	G	2010	116	2126	0.00010
Thiomicrospira	933	G	1162	148	1310	0.00006
Cycloclasticus	34067	G	772	18	790	0.00004
Piscirickettsia	1237	G	656	2	658	0.00003
Hydrogenovibrio	28884	G	363	160	523	0.00003
Thiosulfatimonas	2781121	G	344	13	357	0.00002
Thiosulfativibrio	2781120	G	286	5	291	0.00001
Francisella	262	G	7673	174	7847	0.00038
Allofrancisella	1869285	G	782	30	812	0.00004
Thiothrix	1030	G	1628	9	1637	0.00008
Beggiatoa	1021	G	454	0	454	0.00002
Cysteiniphilum	2056696	G	772	13	785	0.00004
Rheinheimera	67575	G	2119	144	2263	0.00011
Nitrosococcus	1227	G	1088	8	1096	0.00005
Thiorhodovibrio	61593	G	841	32	873	0.00004
Thiodictyon	53392	G	461	15	476	0.00002
Thiocapsa	1056	G	425	24	449	0.00002
Allochromatium	85072	G	395	37	432	0.00002
Candidatus Nitrosacidococcus	2796146	G	358	8	366	0.00002
Thiocystis	13724	G	340	23	363	0.00002
Marichromatium	85076	G	285	38	323	0.00002
Thioflavicoccus	156885	G	239	9	248	0.00001
Thermochromatium	85073	G	156	13	169	0.00001
Caldichromatium	2828366	G	144	10	154	0.00001
Candidatus Nitrosoglobus	1980513	G	117	4	121	0.00001
Thioalkalivibrio	106633	G	1097	30	1127	0.00005
Ectothiorhodospira	1051	G	950	24	974	0.00005
Halorhodospira	85108	G	761	1	762	0.00004
Acidihalobacter	1765964	G	702	15	717	0.00003
Spiribacter	1335745	G	462	5	467	0.00002
Sediminicurvatus	3383961	G	270	2	272	0.00001
Ectothiorhodosinus	233099	G	261	8	269	0.00001
Aquisalimonas	406099	G	261	1	262	0.00001
Alkalilimnicola	133193	G	182	5	187	0.00001
Candidatus Thiodiazotropha	1913444	G	504	8	512	0.00002
Sedimenticola	349742	G	328	6	334	0.00002
Thiosocius	2780488	G	264	3	267	0.00001
Thiolapillus	1608298	G	245	0	245	0.00001
Magnetovirga	3425870	G	221	1	222	0.00001
Candidatus Endoriftia	393764	G	150	7	157	0.00001
Halothiobacillus	109262	G	864	22	886	0.00004
Granulosicoccus	437504	G	517	0	517	0.00003
Sulfuriflexus	1860077	G	208	2	210	0.00001
Guyparkeria	2035712	G	497	23	520	0.00003
Wenzhouxiangella	1676142	G	327	3	330	0.00002
Methylomonas	416	G	5285	81	5366	0.00026
Methylobacter	429	G	1353	100	1453	0.00007
Methylocaldum	73778	G	1346	37	1383	0.00007
Methylococcus	413	G	1298	43	1341	0.00007
Methylotuvimicrobium	2822410	G	1084	51	1135	0.00006
Methylomicrobium	39773	G	532	30	562	0.00003
Methylomagnum	1760987	G	435	4	439	0.00002
Methylogaea	1295378	G	374	14	388	0.00002
Methylovulum	762296	G	292	3	295	0.00001
Candidatus Methylospira	1808977	G	252	11	263	0.00001
Methylomarinum	1221209	G	239	20	259	0.00001
Methyloprofundus	1565313	G	212	5	217	0.00001
Candidatus Methylocalor	3135206	G	160	0	160	0.00001
Methylomarinovum	1486720	G	440	0	440	0.00002
Gilliamella	1193503	G	4340	281	4621	0.00022
Orbus	743714	G	1794	21	1815	0.00009
Frischella	1335631	G	1427	155	1582	0.00008
Zophobihabitans	2894762	G	397	5	402	0.00002
Utexia	3373510	G	291	6	297	0.00001
Candidatus Pseudothioglobus	2841677	G	994	15	1009	0.00005
Candidatus Thioglobus	655184	G	616	27	643	0.00003
Candidatus Vesicomyidisocius	2732587	G	495	1	496	0.00002
Candidatus Thiodubiliella	2738885	G	400	60	460	0.00002
Candidatus Ruthturnera	1541743	G	383	5	388	0.00002
Candidatus Palibaumannia	198346	G	579	490	1069	0.00005
Candidatus Vondammii	2686004	G	90	0	90	0.00000
Celerinatantimonas	412033	G	521	3	524	0.00003
Candidatus Reidiella	2738850	G	375	1	376	0.00002
Candidatus Nardonella	204619	G	205	14	219	0.00001
Candidatus Steffania	1076625	G	201	0	201	0.00001
Candidatus Azoamicus	2817383	G	70	0	70	0.00000
Ignatzschineria	112008	G	822	7	829	0.00004
Wohlfahrtiimonas	582472	G	598	63	661	0.00003
Suttonella	13275	G	643	1	644	0.00003
Cardiobacterium	2717	G	556	6	562	0.00003
Dichelobacter	869	G	182	34	216	0.00001
Hydrocarboniphaga	243627	G	825	26	851	0.00004
Flagellatimonas	2893022	G	300	13	313	0.00002
Solimonas	413435	G	286	5	291	0.00001
Sinimarinibacterium	1861863	G	283	21	304	0.00001
Nevskia	64001	G	218	10	228	0.00001
Algiphilus	1266053	G	347	13	360	0.00002
Candidatus Portiera	235572	G	1337	16	1353	0.00007
Kangiella	261963	G	942	6	948	0.00005
Acidiferrobacter	986106	G	273	0	273	0.00001
Sulfuricaulis	1744881	G	252	0	252	0.00001
Sulfurifustis	1692042	G	191	0	191	0.00001
Thiohalobacter	1273155	G	632	1	633	0.00003
Candidatus Spongiihabitans	3033996	G	491	479	970	0.00005
Salinisphaera	180541	G	468	1	469	0.00002
Sulfurivermis	2034504	G	308	31	339	0.00002
Candidatus Rariloculus ( ex Nguyen 2022)	2978114	G	255	0	255	0.00001
Woeseia	1738655	G	232	0	232	0.00001
Immundisolibacter	1934947	G	150	3	153	0.00001
Steroidobacter	469322	G	126	4	130	0.00001
Candidatus Comchoanobacter	2975286	G	34	0	34	0.00000
Bradyrhizobium	374	G	124694	8527	133221	0.00648
Tardiphaga	1395974	G	10647	541	11188	0.00054
Rhodopseudomonas	1073	G	7454	1118	8572	0.00042
Rugositalea	3466653	G	3938	108	4046	0.00020
Variibacter	1649510	G	2639	74	2713	0.00013
Nitrobacter	911	G	1977	86	2063	0.00010
Afipia	1033	G	1733	683	2416	0.00012
Rhizobium	379	G	31477	3427	34904	0.00170
Agrobacterium	357	G	12668	12532	25200	0.00123
Neorhizobium	1525371	G	4740	1450	6190	0.00030
Pararhizobium	1612611	G	2198	368	2566	0.00012
Allorhizobium	78526	G	495	431	926	0.00005
Pseudorhizobium	1903858	G	261	115	376	0.00002
Sinorhizobium	28105	G	5589	833	6422	0.00031
Ensifer	106591	G	2903	355	3258	0.00016
Shinella	323620	G	2849	2805	5654	0.00028
Liberibacter	34019	G	1996	67	2063	0.00010
Hoeflea	274591	G	1693	319	2012	0.00010
Terrirhizobium	3464117	G	753	88	841	0.00004
Lentilitoribacter	1649463	G	507	9	516	0.00003
Peteryoungia	2853332	G	413	45	458	0.00002
Georhizobium	2661800	G	282	60	342	0.00002
Ciceribacter	1648508	G	243	91	334	0.00002
Methylobacterium	407	G	34374	3128	37502	0.00182
Microvirga	186650	G	4890	233	5123	0.00025
Methylorubrum	2282523	G	3065	853	3918	0.00019
Mesorhizobium	68287	G	27025	2003	29028	0.00141
Phyllobacterium	28100	G	3044	179	3223	0.00016
Nitratireductor	245876	G	2439	729	3168	0.00015
Aminobacter	31988	G	1687	1510	3197	0.00016
Aquibium	2911176	G	771	106	877	0.00004
Terribium	3143704	G	332	126	458	0.00002
Chelativorans	449972	G	302	105	407	0.00002
Reyranella	445219	G	20538	690	21228	0.00103
Devosia	46913	G	11358	514	11872	0.00058
Pelagibacterium	1082930	G	1577	266	1843	0.00009
Paradevosia	1573407	G	593	204	797	0.00004
Mariluticola	3064792	G	451	13	464	0.00002
Maritalea	623276	G	269	5	274	0.00001
Bartonella	773	G	11543	384	11927	0.00058
Pseudolabrys	556257	G	3541	253	3794	0.00018
Ancylobacter	99	G	3266	414	3680	0.00018
Xanthobacter	279	G	1560	286	1846	0.00009
Labrys	204476	G	964	63	1027	0.00005
Starkeya	152053	G	584	39	623	0.00003
Azorhizobium	6	G	375	42	417	0.00002
Aquabacter	45402	G	371	15	386	0.00002
Roseibium	150830	G	4380	1172	5552	0.00027
Stappia	152161	G	1784	835	2619	0.00013
Breoghania	1406135	G	1149	75	1224	0.00006
Pannonibacter	227873	G	606	1207	1813	0.00009
Pseudovibrio	258255	G	584	27	611	0.00003
Labrenzia	478070	G	398	175	573	0.00003
Bosea	85413	G	8416	519	8935	0.00043
Brucella	234	G	4469	3371	7840	0.00038
Ochrobactrum	528	G	712	307	1019	0.00005
Pseudochrobactrum	354349	G	1729	184	1913	0.00009
Aureimonas	414371	G	3172	1046	4218	0.00021
Martelella	293088	G	1400	657	2057	0.00010
Jiella	1775688	G	502	37	539	0.00003
Antarcticirhabdus	3042730	G	385	50	435	0.00002
Aurantimonas	182269	G	309	39	348	0.00002
Enhydrobacter	212791	G	2908	136	3044	0.00015
Pseudorhodoplanes	1734920	G	971	40	1011	0.00005
Nordella	169055	G	943	18	961	0.00005
Terrihabitans	2874214	G	451	26	477	0.00002
Candidatus Endowatersipora	376743	G	379	4	383	0.00002
Candidatus Hodgkinia	573657	G	157	0	157	0.00001
Hyphomicrobium	81	G	2812	86	2898	0.00014
Rhodomicrobium	1068	G	635	22	657	0.00003
Methyloceanibacter	1484898	G	633	17	650	0.00003
Methyloligella	1485594	G	352	15	367	0.00002
Filomicrobium	119044	G	133	8	141	0.00001
Methylocystis	133	G	3115	182	3297	0.00016
Methylosinus	425	G	996	53	1049	0.00005
Methylovirgula	1156568	G	1041	38	1079	0.00005
Methylocella	120652	G	904	42	946	0.00005
Methylocapsa	184923	G	837	62	899	0.00004
Beijerinckia	532	G	311	19	330	0.00002
Pyruvatibacter	1742974	G	803	48	851	0.00004
Parvibaculum	256616	G	567	350	917	0.00004
Anderseniella	444432	G	441	6	447	0.00002
Kaustia	2838250	G	436	20	456	0.00002
Tepidicaulis	1742977	G	307	456	763	0.00004
Candidatus Phaeomarinibacter	1541445	G	205	2	207	0.00001
Cohaesibacter	655352	G	1919	79	1998	0.00010
Phreatobacter	1632780	G	1782	132	1914	0.00009
Oricola	1594166	G	751	101	852	0.00004
Roseitalea	1915401	G	341	27	368	0.00002
Oceaniradius	2679892	G	256	370	626	0.00003
Ahrensia	152180	G	182	2	184	0.00001
Pleomorphomonas	261933	G	1071	246	1317	0.00006
Hartmannibacter	1572860	G	413	123	536	0.00003
Acuticoccus	1904377	G	1275	49	1324	0.00006
Chenggangzhangella	2041902	G	1265	71	1336	0.00007
Aestuariivirga	2650923	G	1142	33	1175	0.00006
Alsobacter	1502180	G	934	91	1025	0.00005
Chelatococcus	28209	G	865	109	974	0.00005
Blastochloris	59282	G	808	79	887	0.00004
Kaistia	166953	G	450	59	509	0.00002
Bauldia	1145345	G	254	5	259	0.00001
Methyloraptor	3382645	G	499	55	554	0.00003
Lichenihabitans	2723776	G	484	10	494	0.00002
Terrirubrum	3142786	G	469	12	481	0.00002
Afifella	643217	G	468	138	606	0.00003
Salinarimonas	690086	G	369	35	404	0.00002
Rhodoligotrophos	987053	G	341	6	347	0.00002
Coralliovum	3228940	G	267	7	274	0.00001
Salaquimonas	2712688	G	198	4	202	0.00001
Sphingomonas	13687	G	29783	4070	33853	0.00165
Novosphingobium	165696	G	6391	1421	7812	0.00038
Stakelama	1124625	G	363	32	395	0.00002
Tardibacter	2685927	G	270	462	732	0.00004
Citromicrobium	72173	G	229	40	269	0.00001
Parablastomonas	1654718	G	167	8	175	0.00001
Sphingosinithalassobacter	2676233	G	167	9	176	0.00001
Hankyongella	1763827	G	154	18	172	0.00001
Alterisphingorhabdus (ex Yan et al. 2024)	3382518	G	117	0	117	0.00001
Erythrobacter	1041	G	2796	311	3107	0.00015
Porphyrobacter	1111	G	825	214	1039	0.00005
Qipengyuania	1855416	G	2797	410	3207	0.00016
Altererythrobacter	361177	G	1213	123	1336	0.00007
Aurantiacibacter	2800681	G	871	170	1041	0.00005
Croceicoccus	1295327	G	782	375	1157	0.00006
Pseudoblastomonas	3423750	G	644	119	763	0.00004
Tsuneonella	2800686	G	578	59	637	0.00003
Croceibacterium	2676755	G	510	46	556	0.00003
Caenibius	2827482	G	416	81	497	0.00002
Pelagerythrobacter	2800685	G	375	102	477	0.00002
Paraurantiacibacter	2800682	G	98	3	101	0.00000
Parerythrobacter	2800684	G	74	7	81	0.00000
Sphingobium	165695	G	6457	3999	10456	0.00051
Sphingopyxis	165697	G	4742	1161	5903	0.00029
Sphingorhabdus	1434046	G	1375	40	1415	0.00007
Parasphingorhabdus	2709685	G	1158	41	1199	0.00006
Novosphingopyxis	2709686	G	331	30	361	0.00002
Sphingosinicella	335405	G	772	127	899	0.00004
Glacieibacterium	2860235	G	600	64	664	0.00003
Polymorphobacter	1508451	G	333	32	365	0.00002
Sandaracinobacteroides	2883109	G	329	11	340	0.00002
Sphingomicrobium	1227948	G	802	32	834	0.00004
Allosphingosinicella	2823232	G	480	14	494	0.00002
Rhizorhabdus	1649486	G	691	596	1287	0.00006
Alterirhizorhabdus	3423723	G	263	12	275	0.00001
Zymomonas	541	G	580	128	708	0.00003
Blastomonas	150203	G	553	19	572	0.00003
Parasphingopyxis	1234545	G	448	7	455	0.00002
Aquisediminimonas	2676781	G	159	0	159	0.00001
Paracoccus	265	G	9147	3638	12785	0.00062
Tabrizicola	1443919	G	1820	336	2156	0.00010
Cereibacter	1653176	G	1288	279	1567	0.00008
Thioclava	285107	G	1256	244	1500	0.00007
Tritonibacter	2083206	G	1127	617	1744	0.00008
Yoonia	2211641	G	972	84	1056	0.00005
Pseudooceanicola	1679449	G	949	83	1032	0.00005
Marivivens	1759396	G	704	96	800	0.00004
Parasedimentitalea	2738399	G	672	24	696	0.00003
Roseinatronobacter	121820	G	646	20	666	0.00003
Aliiroseovarius	1658781	G	607	50	657	0.00003
Rhodovulum	34008	G	508	59	567	0.00003
Cognatishimia	2211635	G	495	23	518	0.00003
Limimaricola	2211638	G	476	127	603	0.00003
Paroceanicella	2683599	G	467	178	645	0.00003
Vannielia	2813041	G	461	14	475	0.00002
Neotabrizicola	2946607	G	431	120	551	0.00003
Pelagovum	2795377	G	408	73	481	0.00002
Pontivivens	1844015	G	403	47	450	0.00002
Roseicitreum	1209946	G	401	5	406	0.00002
Gymnodinialimonas	2937410	G	345	14	359	0.00002
Pseudoroseicyclus	1813601	G	324	17	341	0.00002
Pacificitalea	2846749	G	322	129	451	0.00002
Pikeienuella	2831955	G	301	108	409	0.00002
Falsirhodobacter	1434002	G	295	26	321	0.00002
Fuscovulum	2818469	G	292	65	357	0.00002
Marinibacterium	1931200	G	280	23	303	0.00001
Gemmobacter	204456	G	278	61	339	0.00002
Polymorphum	991903	G	272	253	525	0.00003
Frigidibacter	1775705	G	265	176	441	0.00002
Pseudorhodobacter	238783	G	264	11	275	0.00001
Abyssibius	3029205	G	259	30	289	0.00001
Pseudogemmobacter	2663134	G	255	15	270	0.00001
Amaricoccus	56999	G	245	29	274	0.00001
Haematobacter	366614	G	245	511	756	0.00004
Brevirhabdus	1855413	G	239	213	452	0.00002
Paragemmobacter	3143992	G	237	57	294	0.00001
Silicimonas	1955420	G	220	5	225	0.00001
Pseudophaeobacter	1541822	G	212	93	305	0.00001
Arenibacterium	2824249	G	211	62	273	0.00001
Aestuariibius	2109360	G	196	5	201	0.00001
Algicella	3050722	G	188	5	193	0.00001
Nioella	1775424	G	185	8	193	0.00001
Albidovulum	205889	G	182	7	189	0.00001
Pukyongiella	2831925	G	172	62	234	0.00001
Amylibacter	1617805	G	172	3	175	0.00001
Aquicoccus	2055850	G	170	8	178	0.00001
Pseudopelagicola	1649483	G	168	2	170	0.00001
Qingshengfaniella	2816884	G	157	7	164	0.00001
Fontisubflavum	3118803	G	152	2	154	0.00001
Profundibacter	2778525	G	139	2	141	0.00001
Planktomarina	1284657	G	128	6	134	0.00001
Sulfitobacter	60136	G	5363	1326	6689	0.00033
Roseovarius	74030	G	3182	377	3559	0.00017
Leisingera	191028	G	1712	204	1916	0.00009
Phaeobacter	302485	G	1528	515	2043	0.00010
Ruegeria	97050	G	1466	825	2291	0.00011
Jannaschia	188905	G	1128	37	1165	0.00006
Thalassovita	335927	G	1075	59	1134	0.00006
Octadecabacter	53945	G	1016	160	1176	0.00006
Celeribacter	875170	G	986	419	1405	0.00007
Roseobacter	2433	G	917	23	940	0.00005
Pseudosulfitobacter	2854186	G	896	409	1305	0.00006
Alloyangia	2919626	G	723	54	777	0.00004
Salipiger	263377	G	661	526	1187	0.00006
Sagittula	58842	G	635	225	860	0.00004
Roseicyclus	336277	G	615	18	633	0.00003
Roseivivax	93682	G	562	70	632	0.00003
Mameliella	1434019	G	512	86	598	0.00003
Falsihalocynthiibacter	2854182	G	498	15	513	0.00002
Palleronia	315422	G	436	12	448	0.00002
Tateyamaria	299261	G	419	12	431	0.00002
Rhodophyticola	2680018	G	382	7	389	0.00002
Shimia	573139	G	346	25	371	0.00002
Marinovum	367771	G	342	101	443	0.00002
Loktanella	245186	G	341	15	356	0.00002
Ketogulonicigenium	92944	G	339	127	466	0.00002
Thalassococcus	436357	G	330	4	334	0.00002
Algirhabdus	3412738	G	254	2	256	0.00001
Dinoroseobacter	309512	G	243	163	406	0.00002
Oceanicola	252301	G	237	10	247	0.00001
Ponticoccus	983507	G	236	27	263	0.00001
Nereida	282198	G	227	0	227	0.00001
Actibacterium	1433986	G	218	184	402	0.00002
Antarctobacter	74032	G	216	5	221	0.00001
Lentibacter	1434014	G	175	17	192	0.00001
Thalassobacter	266808	G	174	4	178	0.00001
Seohaeicola	481178	G	144	0	144	0.00001
Tropicibacter	599653	G	124	5	129	0.00001
Marivita	659428	G	120	4	124	0.00001
Pelagimonas	1434029	G	117	7	124	0.00001
Aliisedimentitalea	1697958	G	106	12	118	0.00001
Rhodobacter	1060	G	1518	145	1663	0.00008
Candidatus Tisiphia	2996317	G	39768	2217	41985	0.00204
Rickettsia	780	G	5268	222	5490	0.00027
Candidatus Trichorickettsia	1522201	G	926	22	948	0.00005
Orientia	69474	G	646	1	647	0.00003
Candidatus Sneabacter	2601645	G	193	0	193	0.00001
Candidatus Phycorickettsia	2115980	G	408	0	408	0.00002
Candidatus Megaera	1742636	G	205	5	210	0.00001
Wolbachia	953	G	6198	221	6419	0.00031
Ehrlichia	943	G	1239	22	1261	0.00006
Anaplasma	768	G	373	10	383	0.00002
Candidatus Mesenet	2883098	G	341	7	348	0.00002
Neorickettsia	33993	G	271	25	296	0.00001
Candidatus Neoehrlichia	467749	G	268	9	277	0.00001
Candidatus Bandiella	2716172	G	520	1	521	0.00003
Candidatus Lariskella	1175554	G	372	2	374	0.00002
Candidatus Midichloria	411566	G	132	1	133	0.00001
Candidatus Fokinia	1802983	G	120	466	586	0.00003
Candidatus Deianiraea	2603321	G	146	0	146	0.00001
Azospirillum	191	G	6390	460	6850	0.00033
Skermanella	204447	G	1208	595	1803	0.00009
Nitrospirillum	1543705	G	613	68	681	0.00003
Niveispirillum	1543704	G	566	129	695	0.00003
Indioceanicola	2478349	G	307	30	337	0.00002
Ferrovibrio	1231242	G	1263	43	1306	0.00006
Magnetospirillum	13134	G	1243	590	1833	0.00009
Rhodospirillum	1081	G	586	50	636	0.00003
Candidatus Endolissoclinum	1263978	G	501	2	503	0.00002
Pararhodospirillum	1612157	G	387	13	400	0.00002
Aerophototrophica	2811387	G	387	21	408	0.00002
Defluviicoccus	111830	G	385	66	451	0.00002
Thalassospira	168934	G	3699	230	3929	0.00019
Magnetospira	1182780	G	332	7	339	0.00002
Terasakiella	196080	G	1765	13	1778	0.00009
Aestuariispira	1647175	G	943	33	976	0.00005
Hwanghaeella	2605940	G	577	7	584	0.00003
Pelagibius	643951	G	767	20	787	0.00004
Algihabitans	2821512	G	563	15	578	0.00003
Thalassobaculum	526215	G	697	97	794	0.00004
Nisaea	390876	G	550	114	664	0.00003
Varunaivibrio	1866954	G	936	25	961	0.00005
Stella	93	G	890	39	929	0.00005
Hypericibacter	2705399	G	848	63	911	0.00004
Caenispirillum	414051	G	349	32	381	0.00002
Haematospirillum	1804663	G	293	11	304	0.00001
Paramagnetospirillum	3031148	G	295	312	607	0.00003
Zavarzinia	204446	G	220	6	226	0.00001
Acetobacter	434	G	3639	635	4274	0.00021
Komagataeibacter	1434011	G	1858	386	2244	0.00011
Gluconobacter	441	G	1681	493	2174	0.00011
Rhodovastum	504465	G	680	19	699	0.00003
Lichenicoccus	2781897	G	658	22	680	0.00003
Aristophania	3027666	G	648	31	679	0.00003
Lichenicola	2804525	G	540	14	554	0.00003
Pararoseomonas	2870712	G	492	97	589	0.00003
Granulibacter	364409	G	484	32	516	0.00003
Entomobacter	2811380	G	449	13	462	0.00002
Neokomagataea	1223423	G	424	48	472	0.00002
Rhodopila	1070	G	391	10	401	0.00002
Kozakia	153497	G	344	47	391	0.00002
Acidibrevibacterium	2603324	G	306	43	349	0.00002
Asaia	91914	G	298	56	354	0.00002
Nguyenibacter	1519186	G	290	22	312	0.00002
Commensalibacter	1079922	G	270	12	282	0.00001
Swingsia	1649499	G	247	58	305	0.00001
Gluconacetobacter	89583	G	245	19	264	0.00001
Parasaccharibacter	1602345	G	244	2	246	0.00001
Neoasaia	320496	G	232	14	246	0.00001
Oecophyllibacter	2791118	G	193	3	196	0.00001
Novacetimonas	2919364	G	180	18	198	0.00001
Candidatus Kirkpatrickella	3097638	G	114	5	119	0.00001
Formicincola	2952773	G	112	1	113	0.00001
Roseomonas	125216	G	3466	758	4224	0.00021
Sediminicoccus	1706033	G	842	81	923	0.00004
Dankookia	1940143	G	501	34	535	0.00003
Muricoccus	3409995	G	471	27	498	0.00002
Roseococcus	35812	G	311	38	349	0.00002
Humitalea	1223303	G	287	9	296	0.00001
Acidocella	50709	G	333	13	346	0.00002
Acidiphilium	522	G	323	10	333	0.00002
Acidisoma	512381	G	275	5	280	0.00001
Elioraea	457933	G	408	7	415	0.00002
Brevundimonas	41275	G	6873	1653	8526	0.00041
Caulobacter	75	G	4632	576	5208	0.00025
Asticcacaulis	76890	G	2404	174	2578	0.00013
Phenylobacterium	20	G	1783	197	1980	0.00010
Terricaulis	2768684	G	153	5	158	0.00001
Candidatus Pelagibacter	198251	G	8467	64	8531	0.00042
Candidatus Fonsibacter	2045213	G	261	0	261	0.00001
Oceanicaulis	153232	G	1559	94	1653	0.00008
Hyphobacterium	2004661	G	758	474	1232	0.00006
Maricaulis	74317	G	694	44	738	0.00004
Glycocaulis	1433402	G	520	173	693	0.00003
Marinicauda	1649466	G	248	134	382	0.00002
Litorimonas	1167830	G	369	23	392	0.00002
Fretibacter	1649331	G	362	14	376	0.00002
Algimonas	1246884	G	76	959	1035	0.00005
Candidatus Cytomitobacter	2601574	G	662	62	724	0.00004
Candidatus Bealeia	1920992	G	293	2	295	0.00001
Candidatus Nesciobacter	2601651	G	116	0	116	0.00001
Candidatus Hydrogenosomobacter	2654634	G	86	0	86	0.00000
Candidatus Gromoviella	2900571	G	53	0	53	0.00000
Candidatus Nucleicultrix	1509243	G	757	15	772	0.00004
Candidatus Odyssella	84646	G	287	1	288	0.00001
Candidatus Bodocaedibacter	3163645	G	181	0	181	0.00001
Candidatus Paracaedibacter	1521255	G	14	0	14	0.00000
Emcibacter	1602338	G	855	23	878	0.00004
Paremcibacter	2813804	G	810	23	833	0.00004
Pseudemcibacter	2943291	G	751	20	771	0.00004
Luteithermobacter	2813803	G	191	11	202	0.00001
Tistrella	171436	G	1672	855	2527	0.00012
Marinivivus	3457535	G	413	18	431	0.00002
Kordiimonas	288021	G	1341	32	1373	0.00007
Gimibacter	3058346	G	427	8	435	0.00002
Temperatibacter	1549129	G	175	2	177	0.00001
Hyphococcus	2038635	G	1063	13	1076	0.00005
Parvularcula	208215	G	557	136	693	0.00003
Aquisalinus	1795639	G	323	11	334	0.00002
Hyphomonas	85	G	1509	349	1858	0.00009
Hirschia	2723	G	233	2	235	0.00001
Candidatus Viadribacter	2892997	G	171	5	176	0.00001
Sneathiella	510690	G	1513	41	1554	0.00008
Candidatus Puniceispirillum	767891	G	534	24	558	0.00003
Candidatus Ponderosibacter	3457287	G	328	3	331	0.00002
Candidatus Levibacter	3457288	G	538	7	545	0.00003
Minwuia	2493629	G	592	440	1032	0.00005
Radicibacter	3462474	G	406	20	426	0.00002
Burkholderia	32008	G	14004	3327	17331	0.00084
Paraburkholderia	1822464	G	13457	941	14398	0.00070
Cupriavidus	106589	G	10659	2039	12698	0.00062
Polynucleobacter	44013	G	10560	77	10637	0.00052
Ralstonia	48736	G	3336	671	4007	0.00019
Caballeronia	1827195	G	2987	561	3548	0.00017
Pandoraea	93217	G	2969	319	3288	0.00016
Limnobacter	131079	G	1691	55	1746	0.00008
Robbsia	2038280	G	883	34	917	0.00004
Mycetohabitans	2571159	G	674	17	691	0.00003
Trinickia	2571160	G	583	37	620	0.00003
Ephemeroptericola	2680021	G	452	26	478	0.00002
Mycoavidus	1810868	G	424	4	428	0.00002
Pararobbsia	2718863	G	384	14	398	0.00002
Candidatus Vallotiella	2018044	G	353	10	363	0.00002
Lautropia	47670	G	237	20	257	0.00001
Imbroritus	3422601	G	175	65	240	0.00001
Variovorax	34072	G	10377	1643	12020	0.00058
Comamonas	283	G	5520	1713	7233	0.00035
Acidovorax	12916	G	5166	1853	7019	0.00034
Rhodoferax	28065	G	4105	401	4506	0.00022
Hydrogenophaga	47420	G	3378	822	4200	0.00020
Polaromonas	52972	G	2877	188	3065	0.00015
Ottowia	219181	G	2396	337	2733	0.00013
Delftia	80865	G	2103	2032	4135	0.00020
Diaphorobacter	238749	G	1999	1749	3748	0.00018
Limnohabitans	665874	G	1395	78	1473	0.00007
Ramlibacter	174951	G	1202	129	1331	0.00006
Alicycliphilus	201096	G	1023	1345	2368	0.00012
Paracidovorax	3051137	G	853	336	1189	0.00006
Vandammella	2919468	G	622	26	648	0.00003
Melaminivora	1649468	G	482	143	625	0.00003
Serpentinimonas	2490452	G	389	30	419	0.00002
Verminephrobacter	364316	G	240	7	247	0.00001
Hylemonella	232523	G	216	13	229	0.00001
Simplicispira	352450	G	185	51	236	0.00001
Brachymonas	28219	G	178	25	203	0.00001
Pulveribacter	2678886	G	160	30	190	0.00001
Curvibacter	281915	G	147	42	189	0.00001
Candidatus Symbiobacter	1436289	G	134	1	135	0.00001
Paenacidovorax	3051138	G	134	31	165	0.00001
Massilia	149698	G	6005	747	6752	0.00033
Pseudoduganella	1522432	G	3880	492	4372	0.00021
Duganella	75654	G	1276	149	1425	0.00007
Telluria	34069	G	756	263	1019	0.00005
Rugamonas	212744	G	434	90	524	0.00003
Janthinobacterium	29580	G	3525	373	3898	0.00019
Herbaspirillum	963	G	2930	276	3206	0.00016
Undibacterium	401469	G	1662	99	1761	0.00009
Oxalobacter	846	G	1389	86	1475	0.00007
Collimonas	202907	G	1237	56	1293	0.00006
Noviherbaspirillum	1344552	G	573	38	611	0.00003
Glaciimonas	1229970	G	351	17	368	0.00002
Actimicrobium	1051898	G	141	14	155	0.00001
Herminiimonas	303379	G	93	4	97	0.00000
Candidatus Zinderia	884214	G	43	3	46	0.00000
Achromobacter	222	G	7052	1109	8161	0.00040
Bordetella	517	G	4305	1088	5393	0.00026
Alcaligenes	507	G	2594	353	2947	0.00014
Pigmentiphaga	152267	G	1183	112	1295	0.00006
Castellaniella	359336	G	792	103	895	0.00004
Neopusillimonas	2987605	G	700	106	806	0.00004
Advenella	290425	G	691	43	734	0.00004
Taylorella	29574	G	670	18	688	0.00003
Orrella	1921582	G	635	62	697	0.00003
Oligella	90243	G	627	52	679	0.00003
Paenalcaligenes	1100891	G	337	67	404	0.00002
Pollutimonas	2987599	G	324	79	403	0.00002
Pelistega	106146	G	318	16	334	0.00002
Basilea	1472344	G	263	11	274	0.00001
Ampullimonas	1920247	G	246	50	296	0.00001
Pusillimonas	305976	G	190	23	213	0.00001
Kerstersia	257820	G	181	26	207	0.00001
Parapusillimonas	1403714	G	174	75	249	0.00001
Paralcaligenes	1148163	G	161	3	164	0.00001
Roseateles	93681	G	4415	385	4800	0.00023
Piscinibacter	1114981	G	1423	166	1589	0.00008
Rubrivivax	28067	G	929	120	1049	0.00005
Methylibium	316612	G	890	147	1037	0.00005
Caldimonas	196013	G	785	268	1053	0.00005
Sphaerotilus	34102	G	647	141	788	0.00004
Aquincola	391952	G	549	155	704	0.00003
Ideonella	36862	G	268	250	518	0.00003
Leptothrix	88	G	258	37	295	0.00001
Inhella	644355	G	176	16	192	0.00001
Azohydromonas	312063	G	15	0	15	0.00000
Aquabacterium	92793	G	737	117	854	0.00004
Thiomonas	32012	G	674	17	691	0.00003
Tepidimonas	114248	G	548	348	896	0.00004
Xylophilus	54066	G	521	87	608	0.00003
Piscinibacterium	2066914	G	379	11	390	0.00002
Eleftheria	1597779	G	285	33	318	0.00002
Rhizobacter	212743	G	283	35	318	0.00002
Candidatus Ichthyocystis	2929841	G	87	0	87	0.00000
Sutterella	40544	G	992	20	1012	0.00005
Duodenibacillus	1980697	G	459	8	467	0.00002
Turicimonas	1918598	G	370	10	380	0.00002
Neisseria	482	G	8468	1477	9945	0.00048
Snodgrassella	1193515	G	2305	126	2431	0.00012
Kingella	32257	G	1803	330	2133	0.00010
Alysiella	194195	G	1249	167	1416	0.00007
Conchiformibius	334107	G	746	41	787	0.00004
Vitreoscilla	59	G	736	55	791	0.00004
Simonsiella	71	G	547	74	621	0.00003
Eikenella	538	G	472	140	612	0.00003
Uruburuella	299568	G	423	36	459	0.00002
Wielerella	2944815	G	343	42	385	0.00002
Aquella	2593687	G	303	4	307	0.00001
Paralysiella	2898489	G	289	31	320	0.00002
Crenobacter	1654931	G	240	38	278	0.00001
Bergeriella	334108	G	218	70	288	0.00001
Chromobacterium	535	G	3750	349	4099	0.00020
Aquitalea	407217	G	1268	162	1430	0.00007
Paludibacterium	400060	G	891	54	945	0.00005
Vogesella	57739	G	528	67	595	0.00003
Pseudogulbenkiania	568394	G	229	38	267	0.00001
Chitinibacter	230666	G	1583	179	1762	0.00009
Deefgea	400947	G	1029	110	1139	0.00006
Jeongeupia	885864	G	721	58	779	0.00004
Chitinimonas	240411	G	570	36	606	0.00003
Chitiniphilus	585890	G	472	103	575	0.00003
Iodobacter	32014	G	392	109	501	0.00002
Chitinolyticbacter	1055692	G	244	18	262	0.00001
Silvimonas	300264	G	229	5	234	0.00001
Laribacter	168470	G	490	555	1045	0.00005
Aquaspirillum	187	G	322	20	342	0.00002
Microvirgula	57479	G	265	17	282	0.00001
Candidatus Methylopumilus	1679002	G	1680	71	1751	0.00009
Methylophilus	16	G	670	9	679	0.00003
Methylotenera	359407	G	490	8	498	0.00002
Methylovorus	81682	G	396	8	404	0.00002
Methyloradius	2872156	G	207	5	212	0.00001
Methylobacillus	404	G	160	31	191	0.00001
Nitrosomonas	914	G	1833	155	1988	0.00010
Nitrosospira	35798	G	571	8	579	0.00003
Denitratisoma	311181	G	486	235	721	0.00004
Rugosibacter	1914449	G	441	55	496	0.00002
Methyloversatilis	378210	G	379	20	399	0.00002
Sulfuricystis	3050898	G	329	47	376	0.00002
Sulfuritalea	1054211	G	305	14	319	0.00002
Sterolibacterium	157591	G	220	25	245	0.00001
Candidatus Nitrotoga	453161	G	480	17	497	0.00002
Sideroxydans	314343	G	381	16	397	0.00002
Ferrigenium	2249462	G	327	17	344	0.00002
Gallionella	96	G	270	13	283	0.00001
Ferriphaselus	1443590	G	220	14	234	0.00001
Sideroxyarcus	2943286	G	117	9	126	0.00001
Sulfuriferula	1778653	G	1035	85	1120	0.00005
Sulfurimicrobium	2772198	G	269	22	291	0.00001
Sulfuricella	935200	G	181	17	198	0.00001
Thiobacillus	919	G	607	77	684	0.00003
Sulfuritortus	1938335	G	418	262	680	0.00003
Usitatibacter	2803845	G	821	13	834	0.00004
Thauera	33057	G	1857	815	2672	0.00013
Azoarcus	12960	G	1111	243	1354	0.00007
Nitrogeniibacter	2891294	G	440	22	462	0.00002
Parazoarcus	2891322	G	376	65	441	0.00002
Pseudothauera	2891324	G	191	54	245	0.00001
Pseudazoarcus	2891323	G	151	14	165	0.00001
Dechloromonas	73029	G	1272	225	1497	0.00007
Ferribacterium	88875	G	643	32	675	0.00003
Azonexus	146936	G	520	221	741	0.00004
Quatrionicoccus	138117	G	211	26	237	0.00001
Aromatoleum	551759	G	866	135	1001	0.00005
Azospira	146937	G	822	137	959	0.00005
Niveibacterium	1769726	G	611	38	649	0.00003
Oryzomicrobium	1911577	G	212	22	234	0.00001
Fluviibacter	2808942	G	313	33	346	0.00002
Candidatus Kinetoplastidibacterium	33055	G	1817	123	1940	0.00009
Candidatus Profftella	1381133	G	509	27	536	0.00003
Candidatus Accumulibacter	327159	G	383	41	424	0.00002
Casimicrobium	2706000	G	322	55	377	0.00002
Chitinivorax	1433992	G	158	24	182	0.00001
Candidatus Nasuia	1301080	G	88	1	89	0.00000
Ferrovum	416212	G	148	2	150	0.00001
Acidithiobacillus	119977	G	2622	9	2631	0.00013
Thermithiobacillus	119979	G	367	29	396	0.00002
Mariprofundus	377315	G	376	0	376	0.00002
Magnetococcus	162171	G	245	0	245	0.00001
Hydrogenophilus	70774	G	194	6	200	0.00001
Bacteroides	816	G	2682090	231664	2913754	0.14179
Phocaeicola	909656	G	80596	12909	93505	0.00455
Parabacteroides	375288	G	434400	48176	482576	0.02348
Tannerella	195950	G	9558	407	9965	0.00048
Alistipes	239759	G	432706	25092	457798	0.02228
Acetobacteroides	1647173	G	4711	136	4847	0.00024
Prevotella	838	G	62122	2805	64927	0.00316
Segatella	2974251	G	23870	1323	25193	0.00123
Paraprevotella	577309	G	11123	1035	12158	0.00059
Hoylesella	2974257	G	4807	2003	6810	0.00033
Xylanibacter	558436	G	3583	50	3633	0.00018
Pseudoprevotella	2884814	G	1974	24	1998	0.00010
Odoribacter	283168	G	57972	4677	62649	0.00305
Butyricimonas	574697	G	48197	4583	52780	0.00257
Barnesiella	397864	G	22932	1989	24921	0.00121
Coprobacter	1348911	G	18449	1714	20163	0.00098
Dysgonomonas	156973	G	13439	386	13825	0.00067
Petrimonas	307628	G	11322	2719	14041	0.00068
Proteiniphilum	294702	G	7088	596	7684	0.00037
Limibacterium	3404873	G	5177	162	5339	0.00026
Porphyromonas	836	G	19810	1230	21040	0.00102
Macellibacteroides	1159323	G	11590	444	12034	0.00059
Muribaculum	1918540	G	6007	469	6476	0.00032
Duncaniella	2518495	G	5343	116	5459	0.00027
Paramuribaculum	2518497	G	2934	123	3057	0.00015
Sodaliphilus	2815786	G	2013	104	2117	0.00010
Paludibacter	346096	G	4784	5	4789	0.00023
Salinivirga	1970191	G	1598	0	1598	0.00008
Tenuifilum	2760873	G	1596	12	1608	0.00008
Candidatus Azobacteroides	511434	G	1147	0	1147	0.00006
Draconibacterium	1471399	G	16818	394	17212	0.00084
Aquipluma	2792393	G	4152	47	4199	0.00020
Halosquirtibacter	3374594	G	4133	208	4341	0.00021
Gaoshiqia	3045890	G	3896	63	3959	0.00019
Maribellus	2678352	G	2888	76	2964	0.00014
Mangrovibacterium	1573808	G	2861	247	3108	0.00015
Labilibaculum	2060722	G	6515	228	6743	0.00033
Marinifilum	866673	G	5936	215	6151	0.00030
Alkalitalea	1193324	G	2684	131	2815	0.00014
Xiashengella	3129724	G	1893	1250	3143	0.00015
Flavobacterium	237	G	113922	7057	120979	0.00589
Polaribacter	52959	G	20413	3123	23536	0.00115
Tenacibaculum	104267	G	18666	2391	21057	0.00102
Capnocytophaga	1016	G	17813	795	18608	0.00091
Maribacter	252356	G	13002	2403	15405	0.00075
Flagellimonas	444459	G	12838	2303	15141	0.00074
Aquimarina	290174	G	9947	547	10494	0.00051
Winogradskyella	286104	G	7672	1422	9094	0.00044
Christiangramia	292691	G	5951	642	6593	0.00032
Myroides	76831	G	5915	1211	7126	0.00035
Nonlabens	363408	G	5663	800	6463	0.00031
Cellulophaga	104264	G	5398	506	5904	0.00029
Formosa	225842	G	4413	946	5359	0.00026
Algibacter	261827	G	3949	932	4881	0.00024
Kordia	221065	G	3851	168	4019	0.00020
Leeuwenhoekiella	283735	G	3753	711	4464	0.00022
Zobellia	112040	G	3750	237	3987	0.00019
Mariniflexile	527198	G	3632	447	4079	0.00020
Aequorivita	153265	G	3435	286	3721	0.00018
Lacinutrix	291183	G	2990	695	3685	0.00018
Seonamhaeicola	1649495	G	2764	237	3001	0.00015
Lutibacter	358023	G	2650	134	2784	0.00014
Zunongwangia	417127	G	2554	1779	4333	0.00021
Flavivirga	1209327	G	2378	128	2506	0.00012
Dokdonia	326319	G	2228	190	2418	0.00012
Salinimicrobium	561367	G	2009	225	2234	0.00011
Mangrovimonas	1211036	G	1950	200	2150	0.00010
Olleya	336276	G	1887	695	2582	0.00013
Antarcticibacterium	2058174	G	1811	285	2096	0.00010
Arenibacter	178469	G	1794	793	2587	0.00013
Allomuricauda	111500	G	1744	117	1861	0.00009
Salegentibacter	143222	G	1743	1526	3269	0.00016
Robiginitalea	252306	G	1734	54	1788	0.00009
Psychroserpens	49277	G	1433	560	1993	0.00010
Hwangdonia	1649460	G	1327	365	1692	0.00008
Sinomicrobium	1434045	G	1316	16	1332	0.00006
Aestuariibaculum	1386924	G	1225	121	1346	0.00007
Pontimicrobium	2918913	G	1210	275	1485	0.00007
Zhouia	561555	G	1154	327	1481	0.00007
Patiriisocius	2822394	G	1142	120	1262	0.00006
Aureibaculum	2706948	G	1132	111	1243	0.00006
Thalassobellus	3400333	G	1118	179	1297	0.00006
Psychroflexus	83612	G	1072	99	1171	0.00006
Abyssalbus	2967089	G	996	32	1028	0.00005
Allotamlana	3400365	G	944	88	1032	0.00005
Mesoflavibacter	444051	G	941	243	1184	0.00006
Daejeonia	2027867	G	857	908	1765	0.00009
Rasiella	2987594	G	812	63	875	0.00004
Pseudalgibacter	2861660	G	786	178	964	0.00005
Siansivirga	1204360	G	761	125	886	0.00004
Gilvibacter	379070	G	749	133	882	0.00004
Amniculibacterium	2715289	G	747	1048	1795	0.00009
Flaviramulus	369400	G	733	154	887	0.00004
Constantimarinum	2907134	G	729	78	807	0.00004
Vaginella	1935184	G	720	800	1520	0.00007
Lutimonas	449810	G	720	22	742	0.00004
Aegicerativicinus	2893197	G	706	32	738	0.00004
Euzebyella	1287916	G	699	500	1199	0.00006
Aggregatimonas	2913017	G	690	15	705	0.00003
Urechidicola	2700084	G	681	450	1131	0.00006
Ulvibacterium	2665910	G	666	4	670	0.00003
Oceanihabitans	2045416	G	646	309	955	0.00005
Pukyongia	2831916	G	641	54	695	0.00003
Marixanthomonas	387658	G	636	230	866	0.00004
Imtechella	1165076	G	606	41	647	0.00003
Croceibacter	216431	G	548	140	688	0.00003
Paenimyroides	3085669	G	531	1439	1970	0.00010
Galbibacter	379068	G	507	31	538	0.00003
Candidatus Marifrigoribacter	3457289	G	504	57	561	0.00003
Changchengzhania	2049301	G	502	35	537	0.00003
Bizionia	283785	G	477	109	586	0.00003
Wenyingzhuangia	1518147	G	468	53	521	0.00003
Sediminicola	389486	G	437	19	456	0.00002
Muriicola	762641	G	428	13	441	0.00002
Candidatus Arcticimaribacter	2953860	G	421	51	472	0.00002
Costertonia	343334	G	409	168	577	0.00003
Gillisia	244698	G	406	260	666	0.00003
Tamlana	393005	G	392	341	733	0.00004
Pseudotamlana	3400368	G	339	258	597	0.00003
Chryseobacterium	59732	G	54838	7349	62187	0.00303
Kaistella	2782231	G	6938	543	7481	0.00036
Epilithonimonas	2782229	G	2355	1051	3406	0.00017
Elizabethkingia	308865	G	6289	766	7055	0.00034
Empedobacter	59734	G	3004	1452	4456	0.00022
Ornithobacterium	28250	G	2684	150	2834	0.00014
Riemerella	34084	G	2393	524	2917	0.00014
Apibacter	1778601	G	2331	64	2395	0.00012
Cloacibacterium	501783	G	1852	566	2418	0.00012
Faecalibacter	2766734	G	1490	116	1606	0.00008
Bergeyella	59735	G	1208	292	1500	0.00007
Marnyiella	3088764	G	879	78	957	0.00005
Cruoricaptor	1433995	G	855	114	969	0.00005
Weeksella	1013	G	637	403	1040	0.00005
Blattabacterium	34098	G	10197	265	10462	0.00051
Fluviicola	332102	G	2023	56	2079	0.00010
Paracrocinitomix	3024544	G	776	5	781	0.00004
Croceimicrobium	2828338	G	1079	38	1117	0.00005
Owenweeksia	267986	G	580	9	589	0.00003
Sanyastnella	3228946	G	849	1	850	0.00004
Candidatus Karelsulcia	336809	G	494	26	520	0.00003
Candidatus Shikimatogenerans	2926991	G	152	25	177	0.00001
Candidatus Walczuchella	1940138	G	88	0	88	0.00000
Ichthyobacterium	1755829	G	403	0	403	0.00002
Parvicella	2975260	G	354	4	358	0.00002
Hymenobacter	89966	G	23666	367	24033	0.00117
Pontibacter	323449	G	9178	419	9597	0.00047
Rufibacter	1379908	G	2243	306	2549	0.00012
Adhaeribacter	299566	G	2174	62	2236	0.00011
Nibribacter	1649474	G	569	169	738	0.00004
Dyadobacter	120831	G	10951	274	11225	0.00055
Runella	105	G	5304	14	5318	0.00026
Larkinella	332157	G	2781	136	2917	0.00014
Tellurirhabdus	2674996	G	1483	146	1629	0.00008
Fibrella	861914	G	986	60	1046	0.00005
Fibrisoma	861913	G	22	0	22	0.00000
Algoriphagus	246875	G	5746	452	6198	0.00030
Echinicola	390846	G	5110	708	5818	0.00028
Cyclobacterium	68288	G	2156	234	2390	0.00012
Aquiflexum	280472	G	1124	103	1227	0.00006
Mongoliitalea	1511649	G	740	17	757	0.00004
Belliella	232244	G	705	171	876	0.00004
Spirosoma	107	G	13859	136	13995	0.00068
Cytophaga	978	G	840	26	866	0.00004
Flammeovirga	59739	G	5852	380	6232	0.00030
Chondrinema	3051458	G	1418	164	1582	0.00008
Imperialibacter	1649461	G	1083	110	1193	0.00006
Ekhidna	447678	G	2997	211	3208	0.00016
Reichenbachiella	156993	G	1971	69	2040	0.00010
Fulvivirga	396811	G	3313	255	3568	0.00017
Chryseolinea	1433993	G	1648	10	1658	0.00008
Bernardetia	1937972	G	4771	10	4781	0.00023
Emticicia	312278	G	1772	36	1808	0.00009
Marinilongibacter	2975149	G	1018	35	1053	0.00005
Arcticibacterium	2173039	G	738	59	797	0.00004
Leadbetterella	319458	G	698	74	772	0.00004
Jiulongibacter	2031119	G	287	37	324	0.00002
Marivirga	869806	G	4684	1034	5718	0.00028
Fulvitalea	1434007	G	1588	67	1655	0.00008
Persicobacter	59740	G	1039	51	1090	0.00005
Aureibacter	1097443	G	791	20	811	0.00004
Roseivirga	290180	G	3038	167	3205	0.00016
Catalinimonas	1522128	G	806	24	830	0.00004
Porifericola	1001222	G	791	44	835	0.00004
Tunicatimonas	1077254	G	729	1	730	0.00004
Aquirufa	2676247	G	1893	15	1908	0.00009
Candidatus Cardinium	273135	G	1382	16	1398	0.00007
Candidatus Amoebophilus	281119	G	324	0	324	0.00002
Rhodocytophaga	455076	G	1365	9	1374	0.00007
Mangrovivirga	2858886	G	666	9	675	0.00003
Microscilla	1023	G	10	0	10	0.00000
Sphingobacterium	28453	G	39083	3056	42139	0.00205
Mucilaginibacter	423349	G	38138	718	38856	0.00189
Pedobacter	84567	G	33270	1337	34607	0.00168
Olivibacter	376469	G	2643	460	3103	0.00015
Solitalea	929509	G	1952	37	1989	0.00010
Arcticibacter	1288026	G	1497	71	1568	0.00008
Anseongella	1773450	G	1251	3	1254	0.00006
Pseudopedobacter	1649482	G	1215	142	1357	0.00007
Aurantibacillus	3088889	G	1518	26	1544	0.00008
Chitinophaga	79328	G	21207	442	21649	0.00105
Niabella	379899	G	3668	173	3841	0.00019
Arachidicoccus	1769012	G	3594	108	3702	0.00018
Filimonas	649460	G	2541	188	2729	0.00013
Paraflavitalea	2698688	G	2309	88	2397	0.00012
Flavisolibacter	398041	G	1907	111	2018	0.00010
Lacibacter	649461	G	1799	47	1846	0.00009
Ferruginibacter	1004303	G	1508	40	1548	0.00008
Pseudocnuella	2812019	G	1413	95	1508	0.00007
Sediminibacterium	504481	G	1314	69	1383	0.00007
Pseudobacter	1860196	G	1297	99	1396	0.00007
Phnomibacter	2836216	G	1291	80	1371	0.00007
Flavihumibacter	1004301	G	1113	21	1134	0.00006
Niastella	354354	G	1105	75	1180	0.00006
Thermoflavifilum	1649506	G	906	6	912	0.00004
Panacibacter	1874621	G	847	10	857	0.00004
Rhizosphaericola	3114547	G	842	19	861	0.00004
Puia	2045098	G	812	30	842	0.00004
Mycovorax	3389990	G	763	110	873	0.00004
Aureispira	365032	G	2158	15	2173	0.00011
Saprospira	1007	G	1203	1	1204	0.00006
Haliscomenobacter	2349	G	1714	8	1722	0.00008
Phaeodactylibacter	1564515	G	975	3	978	0.00005
Lewinella	70994	G	793	4	797	0.00004
Neolewinella	2993541	G	670	6	676	0.00003
Candidatus Sulfidibacterium	2923290	G	1437	1	1438	0.00007
Chlorobium	1091	G	1127	100	1227	0.00006
Pelodictyon	1099	G	790	83	873	0.00004
Chlorobaculum	256319	G	1625	48	1673	0.00008
Prosthecochloris	1101	G	1478	99	1577	0.00008
Chloroherpeton	100715	G	206	1	207	0.00001
Rhodothermus	29548	G	737	6	743	0.00004
Rhodocaloribacter	2893090	G	525	11	536	0.00003
Rubrivirga	1434037	G	885	7	892	0.00004
Salinibacter	146918	G	358	0	358	0.00002
Ignavibacterium	795750	G	1212	4	1216	0.00006
Melioribacter	1134403	G	636	0	636	0.00003
Gracilimonas	649462	G	585	4	589	0.00003
Cyclonatronum	2489367	G	520	141	661	0.00003
Gemmatimonas	173479	G	1787	3	1790	0.00009
Gemmatirosa	1706036	G	1048	85	1133	0.00006
Pseudogemmatithrix	3237678	G	360	37	397	0.00002
Candidatus Palauibacter	3056650	G	817	6	823	0.00004
Gaopeijia	3381669	G	316	0	316	0.00002
Fibrobacter	832	G	858	131	989	0.00005
Fidelibacter	3377528	G	505	0	505	0.00002
Candidatus Cloacimonas	456826	G	342	0	342	0.00002
Akkermansia	239934	G	252318	12809	265127	0.01290
Luteolibacter	518753	G	16764	1431	18195	0.00089
Oceaniferula	2886881	G	4722	307	5029	0.00024
Haloferula	574899	G	2863	431	3294	0.00016
Verrucomicrobium	2735	G	2586	155	2741	0.00013
Sulfuriroseicoccus	2911469	G	2169	511	2680	0.00013
Roseimicrobium	1348508	G	2130	20	2150	0.00010
Roseibacillus	518755	G	1520	221	1741	0.00008
Fontisphaera	3050007	G	800	0	800	0.00004
Opitutus	178440	G	1594	127	1721	0.00008
Termitidicoccus	3126963	G	1275	87	1362	0.00007
Nibricoccus	2576890	G	1185	156	1341	0.00007
Actomonas	3138693	G	1022	41	1063	0.00005
Ereboglobus	2028344	G	925	85	1010	0.00005
Oleiharenicola	2100741	G	914	192	1106	0.00005
Horticoccus	2986286	G	715	79	794	0.00004
Synoicihabitans	2892920	G	516	30	546	0.00003
Lacunisphaera	1961799	G	365	44	409	0.00002
Congregicoccus	3458163	G	1017	29	1046	0.00005
Coraliomargarita	442430	G	1711	0	1711	0.00008
Ruficoccus	2175957	G	975	61	1036	0.00005
Rubellicoccus	3138622	G	684	26	710	0.00003
Candidatus Pelagisphaera	3049269	G	325	7	332	0.00002
Methylacidiphilum (ex Ratnadevi et al. 2023)	511745	G	953	15	968	0.00005
Methylacidimicrobium	1541670	G	421	23	444	0.00002
Candidatus Xiphinematobacter	134550	G	147	2	149	0.00001
Stieleria	2795973	G	2709	203	2912	0.00014
Anatilimnocola	2807414	G	2185	87	2272	0.00011
Bremerella	2714594	G	1275	18	1293	0.00006
Roseimaritima	1579506	G	1022	29	1051	0.00005
Lignipirellula	2795775	G	939	104	1043	0.00005
Rosistilla	2795779	G	902	32	934	0.00005
Rubripirellula	1579505	G	678	110	788	0.00004
Rhodopirellula	265488	G	490	32	522	0.00003
Pirellula	123	G	486	1	487	0.00002
Novipirellula	2795426	G	414	13	427	0.00002
Blastopirellula	265487	G	380	2	382	0.00002
Roseiconus	2814446	G	305	854	1159	0.00006
Mariniblastus	2005380	G	289	0	289	0.00001
Aureliella	2795605	G	253	9	262	0.00001
Lacipirellula	2691417	G	3622	156	3778	0.00018
Aeoliella	2795781	G	1218	70	1288	0.00006
Pirellulimonas	2795783	G	611	21	632	0.00003
Botrimarina	2795782	G	601	40	641	0.00003
Adhaeretor	2862451	G	445	31	476	0.00002
Bythopirellula	1400386	G	293	6	299	0.00001
Thermogutta	1676125	G	220	3	223	0.00001
Singulisphaera	466152	G	5911	488	6399	0.00031
Tundrisphaera	2029859	G	5894	478	6372	0.00031
Aquisphaera	1511635	G	2620	183	2803	0.00014
Tautonia	2680020	G	1995	20	2015	0.00010
Paludisphaera	1763521	G	1901	213	2114	0.00010
Isosphaera	127	G	361	12	373	0.00002
Gemmata	113	G	5899	412	6311	0.00031
Urbifossiella	2807415	G	3666	78	3744	0.00018
Frigoriglobus	2774146	G	2807	280	3087	0.00015
Limnoglobus	2731450	G	2123	111	2234	0.00011
Telmatocola	1382832	G	797	8	805	0.00004
Tuwongella	2051044	G	703	24	727	0.00004
Gimesia	1649453	G	4777	191	4968	0.00024
Planctomyces	118	G	2348	220	2568	0.00012
Planctomicrobium	1779141	G	1333	49	1382	0.00007
Planctopirus	1649480	G	679	22	701	0.00003
Caulifigura	2795778	G	678	5	683	0.00003
Planctellipticum	3132181	G	673	27	700	0.00003
Crateriforma	2714592	G	657	1179	1836	0.00009
Maioricimonas	2795777	G	644	68	712	0.00003
Symmachiella	2795780	G	605	23	628	0.00003
Rubinisphaera	1649490	G	569	113	682	0.00003
Alienimonas	2714737	G	503	23	526	0.00003
Schlesneria	656899	G	442	8	450	0.00002
Fuerstiella	1936111	G	385	1	386	0.00002
Polystyrenella	2795774	G	337	21	358	0.00002
Stratiformator	3076095	G	312	19	331	0.00002
Thalassoglobus	2795865	G	283	8	291	0.00001
Calycomorphotria	2795776	G	212	10	222	0.00001
Engelhardtia	3405233	G	328	23	351	0.00002
Saltatorellus	3405235	G	311	46	357	0.00002
Rohdeia	3405237	G	286	3	289	0.00001
Kolteria	3405236	G	434	0	434	0.00002
Sedimentisphaera	2483368	G	860	224	1084	0.00005
Limihaloglobus	2690160	G	440	0	440	0.00002
Anaerohalosphaera	2690159	G	469	0	469	0.00002
Poriferisphaera	2803301	G	786	0	786	0.00004
Phycisphaera	666508	G	356	9	365	0.00002
Mucisphaera	2913022	G	347	8	355	0.00002
Humisphaera	2807511	G	622	0	622	0.00003
Fontivita	2989683	G	381	0	381	0.00002
Candidatus Uabimicrobium	2897349	G	2005	0	2005	0.00010
Candidatus Kuenenia	380738	G	390	0	390	0.00002
Candidatus Rhabdochlamydia	292833	G	2722	411	3133	0.00015
Candidatus Protochlamydia	282132	G	565	10	575	0.00003
Parachlamydia	83551	G	382	12	394	0.00002
Neochlamydia	112987	G	320	2	322	0.00002
Simkania	34093	G	336	4	340	0.00002
Candidatus Neptunichlamydia	1891669	G	295	5	300	0.00001
Waddlia	71666	G	143	1	144	0.00001
Chlamydia	810	G	3504	357	3861	0.00019
Chlamydiifrater	2822114	G	633	8	641	0.00003
Tichowtungia	2907187	G	605	0	605	0.00003
Kiritimatiella	1921784	G	393	439	832	0.00004
Lentisphaera	256846	G	617	0	617	0.00003
Candidatus Velamenicoccus	2789201	G	124	0	124	0.00001
Desulfovibrio	872	G	100821	7969	108790	0.00529
Nitratidesulfovibrio	2802295	G	14755	2664	17419	0.00085
Pseudodesulfovibrio	2035811	G	12740	1855	14595	0.00071
Bilophila	35832	G	7321	85	7406	0.00036
Maridesulfovibrio	2794998	G	6186	225	6411	0.00031
Mailhella	1981028	G	5768	2012	7780	0.00038
Solidesulfovibrio	2910984	G	4409	166	4575	0.00022
Oleidesulfovibrio	2909705	G	2513	3277	5790	0.00028
Desulfolutivibrio	2773294	G	2240	73	2313	0.00011
Megalodesulfovibrio	2910978	G	1867	11	1878	0.00009
Salidesulfovibrio	2950010	G	1459	87	1546	0.00008
Oceanidesulfovibrio	2905722	G	1314	8	1322	0.00006
Desulfobaculum	1433996	G	1174	40	1214	0.00006
Desulfocurvibacter	2582840	G	1055	13	1068	0.00005
Taurinivorans	3126915	G	896	30	926	0.00005
Lawsonia	41707	G	780	8	788	0.00004
Halodesulfovibrio	1912771	G	464	19	483	0.00002
Desulfomicrobium	898	G	2195	95	2290	0.00011
Thermodesulfomicrobium	2905949	G	818	20	838	0.00004
Desulfohalobium	45662	G	425	5	430	0.00002
Geobacter	28231	G	5383	286	5669	0.00028
Geomonas	2651583	G	2416	225	2641	0.00013
Geotalea	2910589	G	2255	162	2417	0.00012
Trichlorobacter	115782	G	1823	253	2076	0.00010
Citrifermentans	2883512	G	952	152	1104	0.00005
Desulfuromonas	890	G	2682	54	2736	0.00013
Pelobacter	18	G	564	366	930	0.00005
Syntrophotalea	2812025	G	1574	41	1615	0.00008
Geoalkalibacter	392332	G	1088	216	1304	0.00006
Desulfosarcina	2299	G	3267	172	3439	0.00017
Desulfobacter	2289	G	1842	89	1931	0.00009
Desulfobacula	28222	G	615	28	643	0.00003
Desulforapulum	2904687	G	375	24	399	0.00002
Desulfonema	45654	G	1420	26	1446	0.00007
Desulfococcus	896	G	439	44	483	0.00002
Desulfoluna	497721	G	897	41	938	0.00005
Desulfatibacillum	218207	G	663	18	681	0.00003
Desulfosudis	2904716	G	384	29	413	0.00002
Desulfosediminicola	2886823	G	1830	54	1884	0.00009
Desulfopila	429014	G	720	13	733	0.00004
Desulfotalea	109168	G	488	20	508	0.00002
Desulfocapsa	53318	G	279	4	283	0.00001
Desulfofustis	51194	G	203	2	205	0.00001
Desulfobulbus	893	G	1651	191	1842	0.00009
Desulfurivibrio	427922	G	382	2	384	0.00002
Candidatus Electrothrix	1859128	G	341	10	351	0.00002
Desulfolithobacter	3003266	G	253	7	260	0.00001
Desulfomarina	2894767	G	213	8	221	0.00001
Thermodesulfobacterium	1740	G	1375	42	1417	0.00007
Thermosulfuriphilus	2033601	G	178	0	178	0.00001
Caldimicrobium	444090	G	167	0	167	0.00001
Thermosulfurimonas	1522431	G	130	0	130	0.00001
Thermodesulfatator	241192	G	198	4	202	0.00001
Desulfoferula	3093638	G	603	3	606	0.00003
Desulfarculus	453229	G	601	149	750	0.00004
Syntrophus	43773	G	859	11	870	0.00004
Syntrophobacter	29526	G	306	45	351	0.00002
Desulfoglaeba	361106	G	233	2	235	0.00001
Desulfomonile	2357	G	236	0	236	0.00001
Candidatus Desulfofervidus	1902583	G	228	0	228	0.00001
Desulfobacca	60892	G	198	0	198	0.00001
Arcobacter	28196	G	10785	2679	13464	0.00066
Aliarcobacter	2321111	G	8444	1331	9775	0.00048
Halarcobacter	2321115	G	4893	193	5086	0.00025
Malaciobacter	2321114	G	4663	343	5006	0.00024
Poseidonibacter	2321187	G	863	1565	2428	0.00012
Candidatus Marinarcus	2321204	G	247	17	264	0.00001
Campylobacter	194	G	27771	2388	30159	0.00147
Sulfurimonas	202746	G	7480	256	7736	0.00038
Sulfuricurvum	286130	G	510	11	521	0.00003
Hydrocurvibacter	3451669	G	498	18	516	0.00003
Thiomicrolovo	3451667	G	400	474	874	0.00004
Sulfonitrofixus	3451668	G	373	3	376	0.00002
Helicobacter	209	G	8533	553	9086	0.00044
Wolinella	843	G	227	2	229	0.00001
Sulfurospirillum	57665	G	3670	52	3722	0.00018
Sulfurovum	265570	G	1699	80	1779	0.00009
Nitratifractor	269260	G	245	25	270	0.00001
Hydrogenimonas	223785	G	1033	82	1115	0.00005
Nitrosophilus	2795692	G	1026	142	1168	0.00006
Nitratiruptor	269258	G	977	47	1024	0.00005
Caminibacter	191301	G	1124	83	1207	0.00006
Nautilia	191291	G	748	3	751	0.00004
Hippea	84404	G	301	6	307	0.00001
Treponema	157	G	17080	421	17501	0.00085
Brucepastera	2967962	G	654	11	665	0.00003
Borrelia	138	G	4564	49	4613	0.00022
Borreliella	64895	G	3937	285	4222	0.00021
Thiospirochaeta	2792240	G	1181	5	1186	0.00006
Sediminispirochaeta	1911556	G	739	25	764	0.00004
Entomospira	2834378	G	614	0	614	0.00003
Oceanispirochaeta	2035349	G	599	1	600	0.00003
Marispirochaeta	1911565	G	470	1	471	0.00002
Candidatus Haliotispira	3115661	G	398	0	398	0.00002
Salinispira	1616789	G	296	0	296	0.00001
Spirochaeta	146	G	222	0	222	0.00001
Sphaerochaeta	399320	G	1979	51	2030	0.00010
Parasphaerochaeta	3062336	G	305	3	308	0.00001
Breznakiella	2845254	G	866	28	894	0.00004
Leadbettera	2951107	G	769	18	787	0.00004
Gracilinema	2951106	G	454	22	476	0.00002
Brachyspira	29521	G	8568	53	8621	0.00042
Leptospira	171	G	7572	165	7737	0.00038
Turneriella	338321	G	323	0	323	0.00002
Thermospira	3024226	G	555	0	555	0.00003
Winmispira	3457169	G	327	0	327	0.00002
Myxococcus	32	G	3055	489	3544	0.00017
Corallococcus	83461	G	2030	437	2467	0.00012
Pseudomyxococcus	3434272	G	656	209	865	0.00004
Pyxidicoccus	224458	G	512	59	571	0.00003
Archangium	47	G	3068	376	3444	0.00017
Melittangium	44	G	890	172	1062	0.00005
Cystobacter	42	G	836	242	1078	0.00005
Stigmatella	40	G	375	82	457	0.00002
Anaeromyxobacter	161492	G	2712	98	2810	0.00014
Vulgatibacter	1524214	G	365	12	377	0.00002
Pendulispora	3375062	G	1523	21	1544	0.00008
Sorangium	39643	G	9761	366	10127	0.00049
Polyangium	55	G	540	29	569	0.00003
Chondromyces	50	G	475	7	482	0.00002
Pajaroellobacter	1882917	G	163	3	166	0.00001
Sandaracinus	1055688	G	1020	19	1039	0.00005
Labilithrix	1524217	G	545	6	551	0.00003
Nannocystis	53	G	1490	14	1504	0.00007
Haliangium	162027	G	604	11	615	0.00003
Tunturiibacter	3154218	G	2095	108	2203	0.00011
Edaphobacter	388463	G	1788	75	1863	0.00009
Terriglobus	392733	G	1411	51	1462	0.00007
Granulicella	940557	G	1189	43	1232	0.00006
Chloracidobacterium	458032	G	1023	1	1024	0.00005
Telmatobacter	1078829	G	908	22	930	0.00005
Acidobacterium	33973	G	566	33	599	0.00003
Occallatibacter	1742983	G	432	9	441	0.00002
Acidisarcina	2608728	G	328	31	359	0.00002
Alloacidobacterium	2951993	G	318	9	327	0.00002
Silvibacterium	1775468	G	228	10	238	0.00001
Candidatus Korobacter	658061	G	948	10	958	0.00005
Paludibaculum	1649475	G	885	0	885	0.00004
Geothrix	44675	G	1847	160	2007	0.00010
Mesoterricola	3074468	G	929	155	1084	0.00005
Thermotomaculum	1172428	G	654	1	655	0.00003
Sulfidibacter	2915177	G	448	9	457	0.00002
Luteitalea	2004797	G	2101	79	2180	0.00011
Bdellovibrio	958	G	6350	70	6420	0.00031
Micavibrio	213485	G	908	2	910	0.00004
Pseudobdellovibrio	2862745	G	625	10	635	0.00003
Pigmentibacter	2838409	G	885	21	906	0.00004
Silvanigrella	2024975	G	646	19	665	0.00003
Fluviispira	2698753	G	535	10	545	0.00003
Spirobacillus	495819	G	434	11	445	0.00002
Peredibacter	263370	G	524	0	524	0.00003
Bacteriovorax	146784	G	409	22	431	0.00002
Halobacteriovorax	1652133	G	571	0	571	0.00003
Thermocrinis	75905	G	1151	2	1153	0.00006
Hydrogenobaculum	168657	G	409	0	409	0.00002
Hydrogenobacter	939	G	126	0	126	0.00001
Pampinifervens	3453421	G	118	0	118	0.00001
Aquifex	2713	G	105	0	105	0.00001
Sulfurihydrogenibium	212790	G	805	14	819	0.00004
Persephonella	182899	G	186	0	186	0.00001
Desulfurobacterium	64159	G	1258	3	1261	0.00006
Thermovibrio	171868	G	182	1	183	0.00001
Nitrospira	1234	G	1631	1	1632	0.00008
Leptospirillum	179	G	288	0	288	0.00001
Candidatus Magnetomonas	3459270	G	476	2	478	0.00002
Thermodesulfovibrio	28261	G	1588	0	1588	0.00008
Dissulfurispira	2811506	G	261	2	263	0.00001
Mucispirillum	248038	G	1216	16	1232	0.00006
Geovibrio	46200	G	627	6	633	0.00003
Denitrovibrio	117999	G	327	3	330	0.00002
Calditerrivibrio	545865	G	727	3	730	0.00004
Deferribacter	53572	G	499	6	505	0.00002
Flexistipes	2351	G	282	3	285	0.00001
Elusimicrobium	423604	G	844	6	850	0.00004
Parelusimicrobium	3416099	G	372	5	377	0.00002
Candidatus Endomicrobiellum	3238959	G	317	0	317	0.00002
Endomicrobium	1408194	G	252	66	318	0.00002
Atribacter	2847777	G	779	1	780	0.00004
Candidatus Caldatribacterium	1454725	G	299	0	299	0.00001
Atrimonas	3149264	G	104	100	204	0.00001
Thermatribacter	3240450	G	65	61	126	0.00001
Dictyoglomus	13	G	1185	0	1185	0.00006
Caldisericum	693074	G	1093	0	1093	0.00005
Caldithrix	187144	G	738	0	738	0.00004
Sphaerobacter	2056	G	439	0	439	0.00002
Thermomicrobium	499	G	98	0	98	0.00000
Desulfurispirillum	393029	G	544	72	616	0.00003
Nitrospina	35800	G	489	0	489	0.00002
Thermodesulfobium	227388	G	375	0	375	0.00002
Thermosulfidibacter	412592	G	196	0	196	0.00001
Coprothermobacter	68335	G	185	12	197	0.00001
Flavonifractor	946234	G	99812	16217	116029	0.00565
Faecalibacterium	216851	G	67512	14310	81822	0.00398
Ruthenibacterium	1905344	G	60492	8655	69147	0.00336
Ruminococcus	1263	G	49088	5309	54397	0.00265
Pseudoflavonifractor	1017280	G	46481	8145	54626	0.00266
Lawsonibacter	2172004	G	28145	3896	32041	0.00156
Owariibacterium	3393728	G	26061	13711	39772	0.00194
Vescimonas	2892396	G	23330	13194	36524	0.00178
Paludihabitans	2038676	G	21776	114	21890	0.00107
Oscillibacter	459786	G	20893	21282	42175	0.00205
Caproicibacterium	2834348	G	18132	2974	21106	0.00103
Anaerotruncus	244127	G	16103	6021	22124	0.00108
Subdoligranulum	292632	G	16090	3653	19743	0.00096
Pusillibacter	2892397	G	10679	3335	14014	0.00068
Ruminiclostridium	1508657	G	10224	1332	11556	0.00056
Bengtsoniella	3389389	G	7923	102	8025	0.00039
Acetivibrio	35829	G	7067	1427	8494	0.00041
Ethanoligenens	253238	G	6269	10448	16717	0.00081
Solibaculum	2842531	G	5649	2772	8421	0.00041
Petroclostridium	2304687	G	4594	80	4674	0.00023
Thermocaproicibacter	3048127	G	3968	317	4285	0.00021
Amygdalobacter	3079925	G	3050	634	3684	0.00018
Fastidiosipila	236752	G	2111	533	2644	0.00013
Dysosmobacter	2591381	G	2041	18534	20575	0.00100
Thermoclostridium	2304691	G	1709	373	2082	0.00010
Mageeibacillus	1637257	G	1255	455	1710	0.00008
Clostridium	1485	G	407338	88948	496286	0.02415
Crassaminicella	1848399	G	16195	699	16894	0.00082
Haloimpatiens	1755832	G	12221	2229	14450	0.00070
Caloramator	44258	G	8482	714	9196	0.00045
Lactonifactor	420345	G	7005	1460	8465	0.00041
Wukongibacter	1884926	G	6990	90	7080	0.00034
Sarcina	1266	G	4910	592	5502	0.00027
Oceanirhabdus	1434026	G	4667	91	4758	0.00023
Candidatus Neoarthromitus	49082	G	3739	22	3761	0.00018
Hathewaya	1769729	G	2692	266	2958	0.00014
Proteiniclasticum	1155385	G	1826	261	2087	0.00010
Intestinimonas	1392389	G	37503	5141	42644	0.00208
Flintibacter	1918454	G	22603	2308	24911	0.00121
Proteiniborus	415014	G	4064	353	4417	0.00021
Fusibacter	76008	G	2828	22	2850	0.00014
Fenollaria	1686313	G	2425	642	3067	0.00015
Thermaerobacter	73918	G	1100	3	1103	0.00005
Sulfobacillus	28033	G	101	0	101	0.00000
Levyella	1715798	G	701	136	837	0.00004
Carboxydocella	178898	G	387	3	390	0.00002
Eubacterium	1730	G	44123	7890	52013	0.00253
Acetobacterium	33951	G	9566	454	10020	0.00049
Anaerofustis	264995	G	3417	563	3980	0.00019
Pseudoramibacter	113286	G	1507	34	1541	0.00007
Alkalibacter	274470	G	816	8	824	0.00004
Caproiciproducens	1738645	G	16073	3215	19288	0.00094
Acutalibacter	1918385	G	8734	335	9069	0.00044
Caproicibacter	2576755	G	7335	6386	13721	0.00067
Agathobaculum	2048137	G	13611	2618	16229	0.00079
Butyricicoccus	580596	G	4685	1143	5828	0.00028
Intestinibacillus	1928820	G	397	4063	4460	0.00022
Desulfitobacterium	36853	G	8988	738	9726	0.00047
Dehalobacter	56112	G	6952	2259	9211	0.00045
Desulfosporosinus	79206	G	5302	60	5362	0.00026
Syntrophobotulus	51196	G	1791	15	1806	0.00009
Dehalobacterium	51514	G	3188	593	3781	0.00018
Desulforamulus	2916693	G	2866	366	3232	0.00016
Candidatus Formimonas	2840454	G	2565	67	2632	0.00013
Thermanaerosceptrum	2651578	G	1898	37	1935	0.00009
Phosphitispora	2903061	G	1202	187	1389	0.00007
Desulfofarcimen	2282742	G	991	25	1016	0.00005
Acididesulfobacillus	2924872	G	915	7	922	0.00004
Desulfofundulus	2282741	G	711	37	748	0.00004
Alkalicella	2838170	G	2236	24	2260	0.00011
Proteinivorax	1491776	G	1741	8	1749	0.00009
Aristaeella	3046369	G	3471	3	3474	0.00017
Heliorestis	79598	G	1588	3	1591	0.00008
Heliomicrobium	2831443	G	1006	76	1082	0.00005
Candidatus Syntrophocurvum	2293313	G	1043	6	1049	0.00005
Syntrophomonas	862	G	468	6	474	0.00002
Syntrophothermus	129001	G	381	11	392	0.00002
Desulfoscipio	2867376	G	1520	10	1530	0.00007
Symbiobacterium	2733	G	631	3	634	0.00003
Caldinitratiruptor	1006480	G	325	4	329	0.00002
Thermincola	278993	G	748	39	787	0.00004
Desulfotomaculum	1562	G	654	254	908	0.00004
Blautia	572511	G	107214	44934	152148	0.00740
Mediterraneibacter	2316020	G	87825	53265	141090	0.00687
Lacrimispora	2719231	G	79854	1718	81572	0.00397
Anaerocolumna	1843210	G	50585	180	50765	0.00247
Lachnoclostridium	1506553	G	47434	6674	54108	0.00263
Roseburia	841	G	40636	37262	77898	0.00379
Enterocloster	2719313	G	36334	6783	43117	0.00210
Hungatella	1649459	G	31827	5564	37391	0.00182
Dorea	189330	G	31333	16629	47962	0.00233
Kineothrix	2163168	G	30527	374	30901	0.00150
Anaerostipes	207244	G	26063	4823	30886	0.00150
Sellimonas	1769710	G	21346	6019	27365	0.00133
Butyrivibrio	830	G	16865	329	17194	0.00084
Coprococcus	33042	G	15585	8262	23847	0.00116
Eisenbergiella	1432051	G	13509	3306	16815	0.00082
Anaeromicropila	3024823	G	13392	103	13495	0.00066
Claveliimonas	3076670	G	11598	2982	14580	0.00071
Anaerobutyricum	2569097	G	10376	3464	13840	0.00067
Otoolea	2941495	G	10156	1665	11821	0.00058
Faecalimonas	2005355	G	9734	6022	15756	0.00077
Novisyntrophococcus	2888809	G	7480	520	8000	0.00039
Simiaoa	2944193	G	7406	3437	10843	0.00053
Agathobacter	1766253	G	7015	4789	11804	0.00057
Lachnospira	28050	G	6161	635	6796	0.00033
Chakrabartyella	3088373	G	6122	201	6323	0.00031
Lachnoanaerobaculum	1164882	G	6016	454	6470	0.00031
Marvinbryantia	248744	G	5960	670	6630	0.00032
Herbinix	1663717	G	5026	1333	6359	0.00031
Eshraghiella	3342669	G	4661	1304	5965	0.00029
Wansuia	2944198	G	4505	493	4998	0.00024
Tyzzerella	1506577	G	4239	157	4396	0.00021
Qiania	2944195	G	4001	644	4645	0.00023
Pseudobutyrivibrio	46205	G	3830	73	3903	0.00019
Anaeropeptidivorans	2997360	G	3418	25	3443	0.00017
Candidatus Epulonipiscium	2383	G	3158	52	3210	0.00016
Hominifimenecus	3073585	G	3122	7	3129	0.00015
Wujia	2944152	G	1907	862	2769	0.00013
Stomatobaculum	1213720	G	1701	22	1723	0.00008
Chordicoccus	3031933	G	1480	158	1638	0.00008
Sporofaciens	2811390	G	462	0	462	0.00002
Anaerotignum	2039240	G	14188	2897	17085	0.00083
Vallitalea	1348611	G	8187	55	8242	0.00040
Petrocella	2603323	G	2595	136	2731	0.00013
Cellulosilyticum	698776	G	7940	67	8007	0.00039
Defluviitalea	1185408	G	3900	921	4821	0.00023
Clostridioides	1870884	G	27347	9186	36533	0.00178
Paraclostridium	1849822	G	18171	1413	19584	0.00095
Terrisporobacter	1505652	G	16649	898	17547	0.00085
Romboutsia	1501226	G	13266	2279	15545	0.00076
Peptacetobacter	2743582	G	8666	816	9482	0.00046
Tepidibacter	214904	G	6941	268	7209	0.00035
Intestinibacter	1505657	G	3973	756	4729	0.00023
Peptostreptococcus	1257	G	2718	423	3141	0.00015
Aminipila	2060094	G	21320	975	22295	0.00108
Emergencia	1926556	G	10080	1870	11950	0.00058
Anoxybacterium	3408579	G	5457	65	5522	0.00027
Sinanaerobacter	2886866	G	5312	127	5439	0.00026
Ihubacter	1926667	G	3877	694	4571	0.00022
Mogibacterium	86331	G	3550	330	3880	0.00019
Alkaliphilus	114627	G	8294	820	9114	0.00044
Serpentinicella	1890059	G	3139	186	3325	0.00016
Acetoanaerobium	186831	G	3720	119	3839	0.00019
Filifactor	44259	G	2695	1326	4021	0.00020
Geosporobacter	390805	G	3089	107	3196	0.00016
Peptoclostridium	1481960	G	2428	169	2597	0.00013
Caminicella	166484	G	1972	94	2066	0.00010
Thermoanaerobacterium	28895	G	9635	519	10154	0.00049
Thermoanaerobacter	1754	G	4577	242	4819	0.00023
Aceticella	3051499	G	1473	26	1499	0.00007
Gelria	189326	G	1036	4	1040	0.00005
Caldanaerobacter	249529	G	876	145	1021	0.00005
Carboxydothermus	129957	G	582	2	584	0.00003
Desulfothermobacter	2079011	G	320	0	320	0.00002
Thermacetogenium	140458	G	288	40	328	0.00002
Ammonifex	42837	G	163	0	163	0.00001
Mahella	252965	G	961	97	1058	0.00005
Candidatus Desulforudis	471826	G	688	2	690	0.00003
Halobacteroides	42417	G	2155	28	2183	0.00011
Natroniella	52003	G	1457	11	1468	0.00007
Acetohalobium	28186	G	1309	1	1310	0.00006
Halanaerobium	2330	G	2855	10	2865	0.00014
Iocasia	2899804	G	282	627	909	0.00004
Halocella	46466	G	269	575	844	0.00004
Anoxybacter	1769008	G	1200	6	1206	0.00006
Halothermothrix	32636	G	500	2	502	0.00002
Christensenella	990721	G	9995	1250	11245	0.00055
Neomoorella	44260	G	2791	15	2806	0.00014
Thermanaeromonas	202949	G	404	0	404	0.00002
Metallumcola	3234175	G	734	2	736	0.00004
Zhaonella	2748674	G	681	15	696	0.00003
Monoglobus	2039302	G	4002	1094	5096	0.00025
Helicovermis	3136917	G	2964	6	2970	0.00014
Tepidanaerobacter	499228	G	919	8	927	0.00005
Biomaibacter	2770094	G	582	2	584	0.00003
Thermosediminibacter	291988	G	462	1	463	0.00002
Natranaerofaba	2807497	G	807	0	807	0.00004
Natranaerobius	375928	G	726	1	727	0.00004
Koleobacter	2786989	G	504	3	507	0.00002
Bacillus	1386	G	120293	63888	184181	0.00896
Lysinibacillus	400634	G	42977	9692	52669	0.00256
Neobacillus	2675232	G	37505	6346	43851	0.00213
Virgibacillus	84406	G	22466	1194	23660	0.00115
Niallia	2837506	G	21442	5019	26461	0.00129
Oceanobacillus	182709	G	20587	2203	22790	0.00111
Priestia	2800373	G	20128	5021	25149	0.00122
Metabacillus	2675233	G	19465	4820	24285	0.00118
Peribacillus	2675229	G	18109	2826	20935	0.00102
Psychrobacillus	1221880	G	17287	2749	20036	0.00097
Cytobacillus	2675230	G	13581	3657	17238	0.00084
Heyndrickxia	2837504	G	8938	2338	11276	0.00055
Halobacillus	45667	G	8509	762	9271	0.00045
Rossellomorea	2837508	G	6365	855	7220	0.00035
Mesobacillus	2675231	G	5712	1008	6720	0.00033
Alkalihalobacillus	2675234	G	5420	681	6101	0.00030
Sutcliffiella	2837511	G	5328	873	6201	0.00030
Amphibacillus	29331	G	4510	578	5088	0.00025
Shouchella	2893057	G	4225	427	4652	0.00023
Ornithinibacillus	484508	G	3993	908	4901	0.00024
Gracilibacillus	74385	G	3729	270	3999	0.00019
Gottfriedia	2837503	G	3669	464	4133	0.00020
Caldifermentibacillus	3034001	G	3377	22428	25805	0.00126
Lentibacillus	175304	G	3198	121	3319	0.00016
Radiobacillus	2785518	G	2878	313	3191	0.00016
Salipaludibacillus	1884449	G	2857	164	3021	0.00015
Pontibacillus	289201	G	2797	88	2885	0.00014
Paraliobacillus	200903	G	2733	173	2906	0.00014
Terribacillus	459532	G	2727	118	2845	0.00014
Evansella	2837485	G	2688	216	2904	0.00014
Fervidibacillus	3033930	G	2626	360	2986	0.00015
Alkalihalophilus	2893060	G	2195	395	2590	0.00013
Tepidibacillus	1494427	G	2088	216	2304	0.00011
Anaerobacillus	704093	G	1950	306	2256	0.00011
Aeribacillus	1055323	G	1823	3226	5049	0.00025
Paenalkalicoccus	2944627	G	1712	866	2578	0.00013
Alkalibacillus	331654	G	1657	46	1703	0.00008
Halalkalibacterium (ex Joshi et al. 2022)	2893055	G	1635	274	1909	0.00009
Salicibibacter	2685905	G	1607	7	1614	0.00008
Robertmurraya	2837507	G	1526	293	1819	0.00009
Mangrovibacillus	2920444	G	1511	324	1835	0.00009
Pradoshia	2651279	G	1502	200	1702	0.00008
Paraperibacillus	3450404	G	1348	176	1524	0.00007
Lederbergia	2804231	G	1225	99	1324	0.00006
Halalkalibacter	2893056	G	1174	412	1586	0.00008
Siminovitchia	2837510	G	1173	104	1277	0.00006
Salimicrobium	351195	G	1149	87	1236	0.00006
Salisediminibacterium	1434042	G	1099	74	1173	0.00006
Domibacillus	1433999	G	1026	206	1232	0.00006
Ectobacillus	2837502	G	943	133	1076	0.00005
Falsibacillus	1270155	G	731	96	827	0.00004
Alkalicoccus	2005375	G	683	31	714	0.00003
Pseudobacillus	108525	G	683	351	1034	0.00005
Allobacillus	1400133	G	634	50	684	0.00003
Sediminibacillus	482460	G	514	42	556	0.00003
Caldalkalibacillus	379065	G	479	344	823	0.00004
Aciduricibacillus	3158337	G	407	43	450	0.00002
Caldibacillus	1276290	G	92	3019	3111	0.00015
Paenibacillus	44249	G	159191	9039	168230	0.00819
Brevibacillus	55080	G	16769	993	17762	0.00086
Cohnella	329857	G	5028	1065	6093	0.00030
Aneurinibacillus	55079	G	2363	156	2519	0.00012
Saccharibacillus	456492	G	1213	62	1275	0.00006
Pristimantibacillus (SeqCode)	2994560	G	816	142	958	0.00005
Thermobacillus	76632	G	473	44	517	0.00003
Staphylococcus	1279	G	99298	32236	131534	0.00640
Mammaliicoccus	2803850	G	13025	2430	15455	0.00075
Macrococcus	69965	G	9353	2862	12215	0.00059
Macrococcoides	3076173	G	3548	1803	5351	0.00026
Jeotgalicoccus	227979	G	2865	445	3310	0.00016
Nosocomiicoccus	489909	G	1710	245	1955	0.00010
Salinicoccus	45669	G	1652	230	1882	0.00009
Sporosarcina	1569	G	20713	2786	23499	0.00114
Planococcus	1372	G	14107	1715	15822	0.00077
Solibacillus	648800	G	8335	3007	11342	0.00055
Ureibacillus	160795	G	4285	3600	7885	0.00038
Paenisporosarcina	651660	G	3915	929	4844	0.00024
Rummeliibacillus	648802	G	3753	865	4618	0.00022
Kurthia	1649	G	3083	1076	4159	0.00020
Viridibacillus	496496	G	1854	418	2272	0.00011
Metasolibacillus	2703677	G	1623	441	2064	0.00010
Chryseomicrobium	889388	G	1604	557	2161	0.00011
Jeotgalibacillus	157226	G	445	112	557	0.00003
Listeria	1637	G	23729	7491	31220	0.00152
Brochothrix	2755	G	3978	566	4544	0.00022
Gemella	1378	G	15224	2034	17258	0.00084
Anoxybacillus	150247	G	3424	852	4276	0.00021
Parageobacillus	1906945	G	3390	1907	5297	0.00026
Geobacillus	129337	G	3177	2695	5872	0.00029
Thermaerobacillus	3390020	G	771	190	961	0.00005
Anoxybacteroides	3389905	G	461	50	511	0.00002
Saccharococcus	29395	G	403	159	562	0.00003
Alicyclobacillus	29330	G	4602	52	4654	0.00023
Tumebacillus	432330	G	1645	99	1744	0.00008
Fodinisporobacter	3156481	G	755	24	779	0.00004
Effusibacillus	1502725	G	630	28	658	0.00003
Kyrpidia	1129704	G	541	3	544	0.00003
Exiguobacterium	33986	G	7191	1039	8230	0.00040
Hydrogenibacillus	1609627	G	205	6	211	0.00001
Fictibacillus	1329200	G	4644	1087	5731	0.00028
Pseudalkalibacillus	2893058	G	1162	226	1388	0.00007
Pullulanibacillus	475230	G	2300	218	2518	0.00012
Sporolactobacillus	2077	G	1474	57	1531	0.00007
Guptibacillus	3421338	G	3413	1618	5031	0.00024
Kroppenstedtia	1274351	G	672	25	697	0.00003
Novibacillus	1677050	G	494	70	564	0.00003
Staphylospora	2689589	G	367	20	387	0.00002
Polycladomyces	1348505	G	351	11	362	0.00002
Laceyella	292635	G	341	20	361	0.00002
Thermoactinomyces	2023	G	314	27	341	0.00002
Abyssicoccus	1955413	G	615	503	1118	0.00005
Streptococcus	1301	G	153258	31300	184558	0.00898
Lactococcus	1357	G	120221	46528	166749	0.00811
Pseudolactococcus	3436058	G	2677	318	2995	0.00015
Floricoccus	1930830	G	2314	119	2433	0.00012
Lactobacillus	1578	G	31279	5939	37218	0.00181
Ligilactobacillus	2767887	G	14485	2842	17327	0.00084
Companilactobacillus	2767879	G	13367	1347	14714	0.00072
Leuconostoc	1243	G	9662	774	10436	0.00051
Weissella	46255	G	7999	705	8704	0.00042
Liquorilactobacillus	2767888	G	7933	2355	10288	0.00050
Pediococcus	1253	G	6620	2265	8885	0.00043
Limosilactobacillus	2742598	G	6425	2312	8737	0.00043
Lactiplantibacillus	2767842	G	5871	1955	7826	0.00038
Lentilactobacillus	2767893	G	5870	767	6637	0.00032
Latilactobacillus	2767885	G	5399	1178	6577	0.00032
Fructilactobacillus	2767881	G	4692	351	5043	0.00025
Lacticaseibacillus	2759736	G	4664	1009	5673	0.00028
Paucilactobacillus	2767890	G	4235	1684	5919	0.00029
Apilactobacillus	2767877	G	4179	147	4326	0.00021
Xylocopilactobacillus	3118928	G	3775	16	3791	0.00018
Loigolactobacillus	2767889	G	3233	1778	5011	0.00024
Bombilactobacillus	2767878	G	2680	85	2765	0.00013
Secundilactobacillus	2767892	G	1851	822	2673	0.00013
Levilactobacillus	2767886	G	1669	447	2116	0.00010
Oenococcus	46254	G	1613	126	1739	0.00008
Dellaglioa	2767880	G	1392	497	1889	0.00009
Periweissella	2930384	G	1002	17	1019	0.00005
Furfurilactobacillus	2767882	G	818	321	1139	0.00006
Agrilactobacillus	2767875	G	752	43	795	0.00004
Lapidilactobacillus	2767884	G	545	52	597	0.00003
Schleiferilactobacillus	2767891	G	416	13	429	0.00002
Nicoliella	2978367	G	355	7	362	0.00002
Fructobacillus	559173	G	296	4	300	0.00001
Amylolactobacillus	2767876	G	174	104	278	0.00001
Acetilactobacillus	2767874	G	173	0	173	0.00001
Enterococcus	1350	G	91718	66934	158652	0.00772
Vagococcus	2737	G	34856	7579	42435	0.00206
Tetragenococcus	51668	G	4262	4541	8803	0.00043
Melissococcus	33969	G	2783	127	2910	0.00014
Carnobacterium	2747	G	16366	2905	19271	0.00094
Jeotgalibaca	1470540	G	7888	2172	10060	0.00049
Granulicatella	117563	G	4791	2557	7348	0.00036
Alloiococcus	1651	G	4001	108	4109	0.00020
Trichococcus	82802	G	2267	228	2495	0.00012
Dolosigranulum	29393	G	2062	153	2215	0.00011
Marinilactibacillus	191769	G	1606	483	2089	0.00010
Desemzia	82800	G	1549	1001	2550	0.00012
Alkalibacterium	99906	G	1507	86	1593	0.00008
Aerococcus	1375	G	7439	1867	9306	0.00045
Tuanshanicoccus	3465067	G	5553	435	5988	0.00029
Globicatella	13075	G	3839	767	4606	0.00022
Ruoffia	2862144	G	2474	1165	3639	0.00018
Fundicoccus	2761542	G	1392	154	1546	0.00008
Ignavigranum	89092	G	1352	123	1475	0.00007
Abiotrophia	46123	G	564	192	756	0.00004
Suicoccus	2689587	G	490	149	639	0.00003
Facklamia	66831	G	451	210	661	0.00003
Erysipelothrix	1647	G	85216	1555	86771	0.00422
Amedibacillus	2749846	G	79550	61940	141490	0.00689
Amedibacterium	2749267	G	70610	39947	110557	0.00538
Allocoprobacillus	3059504	G	53938	7754	61692	0.00300
Longicatena	1918536	G	51573	40177	91750	0.00446
Holdemania	61170	G	26502	8311	34813	0.00169
Solobacterium	123375	G	15481	11130	26611	0.00129
Bulleidia	118747	G	12844	1960	14804	0.00072
Massilimicrobiota	1924110	G	5171	56580	61751	0.00300
Intestinibaculum	2679910	G	4257	306	4563	0.00022
Allobaculum	174708	G	2692	77	2769	0.00013
Faecalibaculum	1729679	G	1370	178	1548	0.00008
Thomasclavelia	3025755	G	126100	16747	142847	0.00695
Tannockella	2943184	G	46537	1431	47968	0.00233
Faecalibacillus	2678885	G	42738	19940	62678	0.00305
Catenibacterium	135858	G	23489	3062	26551	0.00129
Turicibacter	191303	G	19089	1327	20416	0.00099
Anaerococcus	165779	G	14606	2218	16824	0.00082
Parvimonas	543311	G	9552	2408	11960	0.00058
Helcococcus	31983	G	7753	1376	9129	0.00044
Peptoniphilus	162289	G	6120	2994	9114	0.00044
Miniphocaeibacter	2126548	G	4674	28	4702	0.00023
Finegoldia	150022	G	4334	1573	5907	0.00029
Microaceticoccus	3421489	G	1678	11	1689	0.00008
Aedoeadaptatus	2981628	G	747	39	786	0.00004
Murdochiella	1161127	G	586	347	933	0.00005
Tissierella	41273	G	35903	542	36445	0.00177
Gudongella	2692382	G	1291	42	1333	0.00006
Acidilutibacter	2992720	G	6653	705	7358	0.00036
Schnuerera	2794837	G	2402	235	2637	0.00013
Keratinibaculum	1354809	G	2301	250	2551	0.00012
Gottschalkia	1505664	G	2530	35	2565	0.00012
Caloranaerobacter	171003	G	2202	67	2269	0.00011
Sporanaerobacter	165812	G	1868	197	2065	0.00010
Sedimentibacter	190972	G	16250	98	16348	0.00080
Ezakiella	1582879	G	3004	2153	5157	0.00025
Megamonas	158846	G	11123	433	11556	0.00056
Selenomonas	970	G	8321	226	8547	0.00042
Pectinatus	864	G	3514	123	3637	0.00018
Selenobaculum	3074372	G	2863	99	2962	0.00014
Mitsuokella	52225	G	1080	281	1361	0.00007
Sporomusa	2375	G	11965	536	12501	0.00061
Pelosinus	365348	G	5516	175	5691	0.00028
Methylomusa	2093783	G	1005	25	1030	0.00005
Megasphaera	906	G	5788	672	6460	0.00031
Veillonella	29465	G	5332	190	5522	0.00027
Dialister	39948	G	2612	91	2703	0.00013
Colibacter	1980675	G	640	19	659	0.00003
Phascolarctobacterium	33024	G	4417	403	4820	0.00023
Acidaminococcus	904	G	2264	139	2403	0.00012
Caldicellulosiruptor	44000	G	8922	910	9832	0.00048
Anaerocellum	32631	G	481	4644	5125	0.00025
Geochorda	3366854	G	310	3	313	0.00002
Carboxydichorda	3366853	G	297	14	311	0.00002
Limnochorda	1676651	G	478	1	479	0.00002
Candidatus Contubernalis	338648	G	911	1	912	0.00004
Ndongobacter	1930845	G	589	202	791	0.00004
Streptomyces	1883	G	138250	20928	159178	0.00775
Kitasatospora	2063	G	6904	2947	9851	0.00048
Actinacidiphila	2995702	G	1170	459	1629	0.00008
Embleya	2699295	G	911	86	997	0.00005
Peterkaempfera	2995704	G	559	148	707	0.00003
Streptacidiphilus	228398	G	476	148	624	0.00003
Yinghuangia	2805681	G	355	46	401	0.00002
Streptantibioticus	2995706	G	196	62	258	0.00001
Carbonactinospora	2864378	G	160	16	176	0.00001
Microbacterium	33882	G	29599	5148	34747	0.00169
Curtobacterium	2034	G	3776	579	4355	0.00021
Agromyces	33877	G	3663	587	4250	0.00021
Leifsonia	110932	G	3122	1401	4523	0.00022
Leucobacter	55968	G	2220	431	2651	0.00013
Herbiconiux	881616	G	1947	716	2663	0.00013
Rathayibacter	33886	G	1904	212	2116	0.00010
Clavibacter	1573	G	1671	284	1955	0.00010
Cryobacterium	69578	G	1318	95	1413	0.00007
Agrococcus	46352	G	1228	281	1509	0.00007
Rhodoluna	529883	G	794	17	811	0.00004
Aquiluna	529881	G	401	11	412	0.00002
Microcella	337004	G	1187	329	1516	0.00007
Salinibacterium	235888	G	994	102	1096	0.00005
Plantibacter	190323	G	806	69	875	0.00004
Frigoribacterium	96492	G	679	89	768	0.00004
Mycetocola	76634	G	539	45	584	0.00003
Subtercola	120212	G	530	23	553	0.00003
Protaetiibacter	2680004	G	519	100	619	0.00003
Frondihabitans	447237	G	461	36	497	0.00002
Microterricola	518733	G	418	58	476	0.00002
Aurantimicrobium	1705353	G	413	19	432	0.00002
Cnuibacter	1759331	G	412	68	480	0.00002
Paramicrobacterium	3110364	G	317	33	350	0.00002
Glaciihabitans	1649454	G	300	10	310	0.00002
Gryllotalpicola	1195526	G	286	28	314	0.00002
Agreia	110934	G	225	20	245	0.00001
Okibacterium	196084	G	176	30	206	0.00001
Humibacter	427753	G	172	64	236	0.00001
Antiquaquibacter	3108736	G	169	8	177	0.00001
Naasia	1434022	G	165	19	184	0.00001
Gulosibacter	256818	G	164	57	221	0.00001
Homoserinibacter	1649457	G	162	27	189	0.00001
Marisediminicola	1230698	G	146	12	158	0.00001
Humidisolicoccus	3425211	G	130	8	138	0.00001
Lysinibacter	1857011	G	126	4	130	0.00001
Homoserinimonas	1434009	G	121	12	133	0.00001
Orlajensenia	3440766	G	121	15	136	0.00001
Diaminobutyricimonas	1433997	G	107	11	118	0.00001
Ruicaihuangia	3137419	G	71	7	78	0.00000
Pontimonas	1434032	G	56	1	57	0.00000
Arthrobacter	1663	G	10882	1845	12727	0.00062
Pseudarthrobacter	1742993	G	3233	837	4070	0.00020
Paenarthrobacter	1742992	G	1958	830	2788	0.00014
Rothia	32207	G	1833	798	2631	0.00013
Glutamicibacter	1742989	G	1724	508	2232	0.00011
Kocuria	57493	G	1467	574	2041	0.00010
Micrococcus	1269	G	776	407	1183	0.00006
Sinomonas	596707	G	723	59	782	0.00004
Crystallibacter	3456524	G	558	68	626	0.00003
Citricoccus	169133	G	557	235	792	0.00004
Nesterenkonia	57494	G	177	1	178	0.00001
Renibacterium	1645	G	167	8	175	0.00001
Paeniglutamicibacter	1742990	G	160	19	179	0.00001
Auritidibacter	1160973	G	143	11	154	0.00001
Neomicrococcus	1868332	G	118	35	153	0.00001
Psychromicrobium	2078575	G	114	5	119	0.00001
Pseudoglutamicibacter	1742991	G	74	185	259	0.00001
Zhihengliuella	370735	G	58	136	194	0.00001
Cellulomonas	1707	G	5144	1047	6191	0.00030
Paraoerskovia	665568	G	251	46	297	0.00001
Oerskovia	162491	G	210	51	261	0.00001
Actinotalea	458839	G	153	38	191	0.00001
Pseudactinotalea	1926259	G	129	8	137	0.00001
Janibacter	53457	G	1291	412	1703	0.00008
Arsenicicoccus	267408	G	787	179	966	0.00005
Phycicoccus	367298	G	500	208	708	0.00003
Knoellia	136099	G	418	44	462	0.00002
Oryzobacter	1849973	G	355	104	459	0.00002
Pedococcus	2805645	G	287	59	346	0.00002
Terrabacter	53355	G	283	72	355	0.00002
Nostocoides	99479	G	267	48	315	0.00002
Humibacillus	556178	G	132	25	157	0.00001
Intrasporangium	53357	G	127	21	148	0.00001
Cellulosimicrobium	157920	G	1156	286	1442	0.00007
Promicromonospora	43676	G	810	86	896	0.00004
Xylanimonas	186188	G	723	147	870	0.00004
Isoptericola	254250	G	611	808	1419	0.00007
Brachybacterium	43668	G	1958	329	2287	0.00011
Dermabacter	36739	G	435	696	1131	0.00006
Helcobacillus	1161125	G	242	55	297	0.00001
Devriesea	472568	G	202	7	209	0.00001
Brevibacterium	1696	G	2683	1052	3735	0.00018
Saxibacter	3162691	G	143	5	148	0.00001
Ornithinimicrobium	125287	G	1551	210	1761	0.00009
Serinicoccus	265976	G	452	74	526	0.00003
Pengzhenrongella	2888818	G	480	72	552	0.00003
Timonella	1465824	G	279	45	324	0.00002
Luteimicrobium	754249	G	157	36	193	0.00001
Ruania	626119	G	694	54	748	0.00004
Occultella	2828348	G	146	21	167	0.00001
Sanguibacter	60919	G	770	122	892	0.00004
Dermacoccus	57495	G	189	60	249	0.00001
Allobranchiibius	2040262	G	163	16	179	0.00001
Barrientosiimonas	1535207	G	148	66	214	0.00001
Luteipulveratus	745364	G	131	10	141	0.00001
Yimella	908935	G	74	8	82	0.00000
Demequina	577469	G	549	74	623	0.00003
Dermatophilus	1862	G	166	8	174	0.00001
Gephyromycinifex	2885697	G	136	7	143	0.00001
Austwickia	1184606	G	89	5	94	0.00000
Kytococcus	57499	G	321	131	452	0.00002
Beutenbergia	84756	G	176	22	198	0.00001
Miniimonas	947525	G	90	93	183	0.00001
Jonesia	43673	G	150	30	180	0.00001
Tropheryma	2038	G	26	0	26	0.00000
Mycolicibacterium	1866885	G	16100	2571	18671	0.00091
Mycobacterium	1763	G	13780	2012	15792	0.00077
Mycolicibacter	1073531	G	1071	364	1435	0.00007
Mycobacteroides	670516	G	1011	177	1188	0.00006
Mycolicibacillus	2126281	G	321	57	378	0.00002
Nocardia	1817	G	12276	1080	13356	0.00065
Rhodococcus	1827	G	7404	1514	8918	0.00043
Prescottella	2979332	G	693	137	830	0.00004
Rhodococcoides	3259750	G	595	228	823	0.00004
Williamsia	85043	G	184	17	201	0.00001
Corynebacterium	1716	G	20968	5825	26793	0.00130
Gordonia	2053	G	4557	847	5404	0.00026
Skermania	59613	G	82	3	85	0.00000
Tsukamurella	2060	G	1313	111	1424	0.00007
Dietzia	37914	G	893	493	1386	0.00007
Tomitella	741759	G	342	40	382	0.00002
Segniliparus	286801	G	179	5	184	0.00001
Lawsonella	1847725	G	156	21	177	0.00001
Hoyosella	697025	G	156	7	163	0.00001
Micromonospora	1873	G	15620	2195	17815	0.00087
Actinoplanes	1865	G	5618	502	6120	0.00030
Dactylosporangium	35753	G	5179	387	5566	0.00027
Plantactinospora	673534	G	932	120	1052	0.00005
Phytohabitans	907364	G	672	54	726	0.00004
Solwaraspora	265431	G	545	45	590	0.00003
Polymorphospora	338583	G	461	69	530	0.00003
Actinocatenispora	390988	G	407	26	433	0.00002
Catellatospora	53365	G	390	64	454	0.00002
Krasilnikovia	349312	G	388	61	449	0.00002
Couchioplanes	56433	G	285	54	339	0.00002
Longispora	203522	G	248	28	276	0.00001
Natronosporangium	2920401	G	172	7	179	0.00001
Salinispora	168694	G	104	9	113	0.00001
Amycolatopsis	1813	G	11287	1295	12582	0.00061
Pseudonocardia	1847	G	4286	639	4925	0.00024
Saccharopolyspora	1835	G	2176	315	2491	0.00012
Lentzea	165301	G	1635	204	1839	0.00009
Kutzneria	43356	G	1341	193	1534	0.00007
Saccharothrix	2071	G	1260	284	1544	0.00008
Saccharomonospora	1851	G	961	139	1100	0.00005
Actinomycetospora	402649	G	947	101	1048	0.00005
Actinokineospora	39845	G	943	236	1179	0.00006
Actinoalloteichus	65496	G	757	31	788	0.00004
Actinosynnema	40566	G	706	159	865	0.00004
Crossiella	130795	G	463	82	545	0.00003
Umezawaea	583360	G	387	52	439	0.00002
Kibdelosporangium	2029	G	269	21	290	0.00001
Prauserella	142577	G	252	12	264	0.00001
Alloactinosynnema	674734	G	233	63	296	0.00001
Allokutzneria	1137960	G	224	40	264	0.00001
Allosaccharopolyspora	2893576	G	173	33	206	0.00001
Nocardioides	1839	G	11147	1725	12872	0.00063
Aeromicrobium	2040	G	1310	166	1476	0.00007
Pimelobacter	2044	G	551	232	783	0.00004
Friedmanniella	53387	G	424	52	476	0.00002
Mumia	1546255	G	348	40	388	0.00002
Micropruina	116071	G	282	77	359	0.00002
Solicola	3024237	G	181	15	196	0.00001
Tessaracoccus	72763	G	1557	621	2178	0.00011
Cutibacterium	1912216	G	885	212	1097	0.00005
Microlunatus	29404	G	883	70	953	0.00005
Propionibacterium	1743	G	753	248	1001	0.00005
Propioniciclava	1085622	G	671	562	1233	0.00006
Acidipropionibacterium	1912215	G	628	430	1058	0.00005
Arachnia	2801844	G	600	29	629	0.00003
Raineyella	1911549	G	412	119	531	0.00003
Vaginimicrobium	2919589	G	255	176	431	0.00002
Auraticoccus	1278221	G	199	19	218	0.00001
Luteococcus	33983	G	175	15	190	0.00001
Brooklawnia	369926	G	167	93	260	0.00001
Propionimicrobium	203133	G	141	17	158	0.00001
Ammonicoccus	3417658	G	140	167	307	0.00001
Naumannella	1294511	G	112	51	163	0.00001
Kribbella	182639	G	3772	269	4041	0.00020
Actinopolymorpha	117156	G	292	16	308	0.00001
Bifidobacterium	1678	G	15377	1697	17074	0.00083
Gardnerella	2701	G	2374	591	2965	0.00014
Scardovia	196081	G	306	26	332	0.00002
Alloscardovia	419014	G	200	3	203	0.00001
Parascardovia	196082	G	131	10	141	0.00001
Bombiscardovia	1159909	G	93	1	94	0.00000
Nonomuraea	83681	G	4423	546	4969	0.00024
Streptosporangium	2000	G	2380	377	2757	0.00013
Microbispora	2005	G	1144	160	1304	0.00006
Microtetraspora	1995	G	554	116	670	0.00003
Sphaerisporangium	321315	G	414	54	468	0.00002
Sphaerimonospora	1792303	G	207	23	230	0.00001
Thermobispora	147067	G	175	14	189	0.00001
Spongiactinospora	2871671	G	61	13	74	0.00000
Actinomadura	1988	G	3040	541	3581	0.00017
Spirillospora	58122	G	925	167	1092	0.00005
Actinoallomurus	667113	G	676	87	763	0.00004
Thermomonospora	2019	G	527	97	624	0.00003
Nocardiopsis	2013	G	1661	311	1972	0.00010
Thermobifida	83677	G	579	57	636	0.00003
Streptomonospora	104204	G	387	153	540	0.00003
Spiractinospora	2913367	G	152	5	157	0.00001
Actinomyces	1654	G	4241	407	4648	0.00023
Trueperella	1069494	G	1735	707	2442	0.00012
Schaalia	2529408	G	1504	144	1648	0.00008
Arcanobacterium	28263	G	1039	152	1191	0.00006
Flaviflexus	1522056	G	322	72	394	0.00002
Buchananella	2767323	G	320	28	348	0.00002
Gleimia	2692113	G	294	279	573	0.00003
Changpingibacter	2912996	G	258	172	430	0.00002
Actinotignum	1653174	G	168	44	212	0.00001
Varibaculum	184869	G	168	63	231	0.00001
Boudabousia	2767318	G	167	5	172	0.00001
Scrofimicrobium	2815785	G	154	1	155	0.00001
Nanchangia	2888879	G	135	3	138	0.00001
Actinobaculum	76833	G	130	3	133	0.00001
Winkia	2692118	G	129	257	386	0.00002
Mobiluncus	2050	G	117	38	155	0.00001
Pauljensenia	2740557	G	98	56	154	0.00001
Candidatus Planktophila	622681	G	2701	27	2728	0.00013
Candidatus Nanopelagicus	2039639	G	285	6	291	0.00001
Blastococcus	38501	G	907	169	1076	0.00005
Geodermatophilus	1860	G	384	79	463	0.00002
Modestobacter	88138	G	372	78	450	0.00002
Frankia	1854	G	720	60	780	0.00004
Pseudofrankia	2994363	G	460	40	500	0.00002
Parafrankia	2994362	G	308	34	342	0.00002
Protofrankia	2994361	G	183	111	294	0.00001
Georgenia	154116	G	1369	620	1989	0.00010
Nakamurella	53460	G	893	66	959	0.00005
Kineococcus	33981	G	533	105	638	0.00003
Angustibacter	908626	G	180	21	201	0.00001
Jiangella	281472	G	697	89	786	0.00004
Stackebrandtia	283810	G	319	12	331	0.00002
Natronoglycomyces	2838311	G	111	0	111	0.00001
Jatrophihabitans	1434010	G	427	23	450	0.00002
Catenulispora	414878	G	373	41	414	0.00002
Acidothermus	28048	G	211	4	215	0.00001
Epidermidibacterium	2078948	G	164	246	410	0.00002
Actinopolyspora	1849	G	137	4	141	0.00001
Eggerthella	84111	G	10136	2641	12777	0.00062
Gordonibacter	644652	G	4790	2686	7476	0.00036
Raoultibacter	1926677	G	4074	466	4540	0.00022
Adlercreutzia	447020	G	2144	584	2728	0.00013
Arabiibacter	2005386	G	1919	71	1990	0.00010
Slackia	84108	G	1801	18	1819	0.00009
Berryella	2815775	G	1565	929	2494	0.00012
Phoenicibacter	1981050	G	1445	708	2153	0.00010
Xiamenia	2981344	G	1175	11	1186	0.00006
Denitrobacterium	79603	G	970	445	1415	0.00007
Cryptobacterium	84162	G	500	11	511	0.00002
Olsenella	133925	G	1764	121	1885	0.00009
Lancefieldella	2767353	G	1587	37	1624	0.00008
Parolsenella	2082587	G	1550	903	2453	0.00012
Thermophilibacter	2847307	G	1497	394	1891	0.00009
Parafannyhessea	2847312	G	884	309	1193	0.00006
Fannyhessea	2767327	G	562	208	770	0.00004
Atopobium	1380	G	360	17	377	0.00002
Collinsella	102106	G	3861	1013	4874	0.00024
Enorma	1472762	G	667	100	767	0.00004
Coriobacterium	33870	G	356	1	357	0.00002
Leptogranulimonas	2995122	G	489	8	497	0.00002
Aquihabitans	1648491	G	1501	103	1604	0.00008
Iamia	467975	G	649	34	683	0.00003
Dermatobacter	3075137	G	296	14	310	0.00002
Actinomarinicola	2789775	G	252	28	280	0.00001
Actinospongicola	3449744	G	240	8	248	0.00001
Candidatus Poriferisodalis	2983190	G	1383	19	1402	0.00007
Candidatus Poriferisocius	2983186	G	1178	39	1217	0.00006
Ilumatobacter	682522	G	486	3	489	0.00002
Salinilacustrithrix	3436875	G	320	23	343	0.00002
Acidimicrobium	53634	G	82	0	82	0.00000
Candidatus Spongiisocius	2983163	G	161	0	161	0.00001
Baekduia	2600304	G	1103	95	1198	0.00006
Svornostia	3231543	G	341	21	362	0.00002
Conexibacter	191494	G	1145	75	1220	0.00006
Paraconexibacter	2758920	G	639	36	675	0.00003
Capillimicrobium	2976759	G	493	49	542	0.00003
Miltoncostaea	2843200	G	695	20	715	0.00003
Thermoleophilum	192992	G	263	4	267	0.00001
Rubrobacter	42255	G	1123	2	1125	0.00005
Euzebya	908623	G	318	3	321	0.00002
Egicoccus	1755825	G	289	6	295	0.00001
Egibacter	1747770	G	188	2	190	0.00001
Spiroplasma	2132	G	48576	1128	49704	0.00242
Mesoplasma	46239	G	6009	1044	7053	0.00034
Entomoplasma	46238	G	1056	186	1242	0.00006
Williamsoniiplasma	2919614	G	2789	392	3181	0.00015
Mycoplasma	2093	G	29040	4840	33880	0.00165
Candidatus Hepatoplasma	295595	G	1055	76	1131	0.00006
Acholeplasma	2147	G	9942	691	10633	0.00052
Haploplasma	2903106	G	4554	342	4896	0.00024
Mariniplasma	2903100	G	3288	105	3393	0.00017
Candidatus Phytoplasma	33926	G	3047	27	3074	0.00015
Candidatus Izemoplasma	2975549	G	7845	174	8019	0.00039
Candidatus Xianfuyuplasma	2975521	G	1653	94	1747	0.00009
Hujiaoplasma	3078171	G	3206	653	3859	0.00019
Mycoplasmopsis	2767358	G	18800	2493	21293	0.00104
Metamycoplasma	2895509	G	9758	1711	11469	0.00056
Mesomycoplasma	2923352	G	6917	812	7729	0.00038
Malacoplasma	2791001	G	2571	39	2610	0.00013
Ureaplasma	2129	G	2204	21	2225	0.00011
Mycoplasmoides	2995234	G	962	120	1082	0.00005
Nostoc	1177	G	7869	826	8695	0.00042
Anabaena	1163	G	764	1127	1891	0.00009
Cylindrospermum	56106	G	676	162	838	0.00004
Trichormus	264688	G	387	116	503	0.00002
Richelia	98443	G	279	29	308	0.00001
Cylindrospermopsis	77021	G	948	29	977	0.00005
Sphaerospermopsis	752201	G	944	67	1011	0.00005
Dolichospermum	748770	G	725	1550	2275	0.00011
Okeanomitos	3231549	G	616	52	668	0.00003
Calothrix	1186	G	2183	72	2255	0.00011
Tolypothrix	111782	G	1220	160	1380	0.00007
Nodularia	159191	G	368	33	401	0.00002
Aliinostoc	2035978	G	316	125	441	0.00002
Halotia	1620790	G	305	18	323	0.00002
Anabaenopsis	110103	G	119	11	130	0.00001
Fischerella	1190	G	856	150	1006	0.00005
Rivularia	373984	G	637	6	643	0.00003
Chlorogloeopsis	1123	G	617	10	627	0.00003
Brasilonema	383614	G	403	11	414	0.00002
Prochlorococcus	1218	G	9436	121	9557	0.00047
Cyanobium	167375	G	755	80	835	0.00004
Parasynechococcus	2881427	G	33	21	54	0.00000
Synechococcus	1129	G	9144	382	9526	0.00046
Synechocystis	1142	G	876	29	905	0.00004
Altericista	2855430	G	274	9	283	0.00001
Cyanobacterium	102234	G	2355	134	2489	0.00012
Geminocystis	669357	G	2315	150	2465	0.00012
Picosynechococcus	3079908	G	953	33	986	0.00005
Gloeothece	28070	G	1212	23	1235	0.00006
Candidatus Atelocyanobacterium	1453359	G	1203	68	1271	0.00006
Crocosphaera	263510	G	585	14	599	0.00003
Rippkaea	2546365	G	277	12	289	0.00001
Microcystis	1125	G	1095	160	1255	0.00006
Gloeocapsopsis	693222	G	522	93	615	0.00003
Gloeocapsa	102231	G	236	17	253	0.00001
Euhalothece	65097	G	370	15	385	0.00002
Halothece	76023	G	270	44	314	0.00002
Planktothrix	54304	G	1667	147	1814	0.00009
Trichodesmium	1205	G	984	6	990	0.00005
Microcoleus	44471	G	481	47	528	0.00003
Limnospira	2596745	G	1496	379	1875	0.00009
Capilliphycus	2768926	G	602	25	627	0.00003
Oxynema	1492710	G	949	35	984	0.00005
Phormidium	1198	G	355	67	422	0.00002
Planktothricoides	132607	G	304	10	314	0.00002
Koinonema	2023214	G	236	6	242	0.00001
Leptolyngbya	47251	G	2576	521	3097	0.00015
Leptothermofonsia	2917830	G	353	48	401	0.00002
Kovacikia	1874526	G	338	17	355	0.00002
Leptodesmis	2664261	G	171	77	248	0.00001
Trichothermofontia	3045815	G	318	18	336	0.00002
Trichocoleus	450526	G	117	12	129	0.00001
Thermosynechococcus	146785	G	806	20	826	0.00004
Parathermosynechococcus	3161592	G	101	4	105	0.00001
Acaryochloris	155977	G	886	8	894	0.00004
Dactylococcopsis	13034	G	1296	253	1549	0.00008
Nodosilinea	1120752	G	261	31	292	0.00001
Halomicronema	170610	G	193	1	194	0.00001
Pseudanabaena	1152	G	1448	49	1497	0.00007
Thalassoporum	2799719	G	247	6	253	0.00001
Stanieria	102115	G	519	16	535	0.00003
Pleurocapsa	44474	G	465	24	489	0.00002
Thermoleptolyngbya	2303528	G	357	188	545	0.00003
Egbenema	3079668	G	331	27	358	0.00002
Thermocoleostomius	3065395	G	206	24	230	0.00001
Gloeobacter	33071	G	683	2	685	0.00003
Anthocerotibacter	2857076	G	199	0	199	0.00001
Crinalium	241421	G	380	23	403	0.00002
Chamaesiphon	217161	G	326	11	337	0.00002
Moorena	1155738	G	392	6	398	0.00002
Allocoleopsis	2886347	G	302	18	320	0.00002
Chroococcidiopsis	54298	G	564	25	589	0.00003
Geitlerinema	63132	G	330	31	361	0.00002
Desertifilum	1185872	G	194	13	207	0.00001
Gloeomargarita	1188227	G	81	708	789	0.00004
Dehalococcoides	61434	G	1148	7	1155	0.00006
Dehalogenimonas	670486	G	595	0	595	0.00003
Candidatus Lucifugimonas	3143249	G	137	0	137	0.00001
Roseiflexus	120961	G	598	31	629	0.00003
Chloroflexus	1107	G	513	1	514	0.00003
Candidatus Chlorohelix	3139173	G	355	14	369	0.00002
Thermobaculum	262406	G	148	8	156	0.00001
Candidatus Leptofilum	3140596	G	768	8	776	0.00004
Candidatus Promineifilum	1988031	G	440	0	440	0.00002
Pelolinea	1649478	G	447	2	449	0.00002
Candidatus Brevifilum	2019482	G	325	0	325	0.00002
Anaerolinea	233189	G	282	0	282	0.00001
Tepidiforma	2682228	G	379	0	379	0.00002
Caldilinea	233191	G	328	33	361	0.00002
Ktedonosporobacter	2692417	G	317	11	328	0.00002
Thermoflexus	1495649	G	206	0	206	0.00001
Phototrophicus	2922426	G	204	0	204	0.00001
Capsulimonas	2494209	G	457	0	457	0.00002
Fimbriimonas	1005038	G	301	0	301	0.00001
Chthonomonas	1077265	G	181	0	181	0.00001
Vulcanimicrobium	3016049	G	167	0	167	0.00001
Fusobacterium	848	G	43758	2096	45854	0.00223
Cetobacterium	180162	G	17428	401	17829	0.00087
Ilyobacter	167639	G	1592	4	1596	0.00008
Leptotrichia	32067	G	13065	485	13550	0.00066
Streptobacillus	34104	G	2641	337	2978	0.00014
Sneathia	168808	G	2079	67	2146	0.00010
Sebaldella	32068	G	1278	5	1283	0.00006
Pseudoleptotrichia	2755140	G	1158	68	1226	0.00006
Haliovirga	3072462	G	1986	6	1992	0.00010
Marinitoga	160798	G	1796	3	1799	0.00009
Oceanotoga	1255275	G	1733	25	1758	0.00009
Defluviitoga	1511648	G	1237	319	1556	0.00008
Tepiditoga	2778400	G	1212	12	1224	0.00006
Petrotoga	28236	G	329	24	353	0.00002
Thermosipho	2420	G	2240	20	2260	0.00011
Fervidobacterium	2422	G	1363	72	1435	0.00007
Thermotoga	2335	G	883	11	894	0.00004
Pseudothermotoga	1643951	G	755	31	786	0.00004
Kosmotoga	651456	G	374	1	375	0.00002
Mesotoga	1184396	G	299	0	299	0.00001
Athalassotoga	1769718	G	169	0	169	0.00001
Deinococcus	1298	G	8261	46	8307	0.00040
Thermus	270	G	1314	38	1352	0.00007
Meiothermus	65551	G	341	22	363	0.00002
Oceanithermus	208447	G	209	6	215	0.00001
Allomeiothermus	2935559	G	166	24	190	0.00001
Marinithermus	186191	G	145	6	151	0.00001
Truepera	332248	G	164	0	164	0.00001
Cloacibacillus	508459	G	2234	45	2279	0.00011
Aminomonas	81411	G	603	9	612	0.00003
Thermanaerovibrio	81461	G	534	12	546	0.00003
Pyramidobacter	638847	G	1726	3	1729	0.00008
Jonquetella	428711	G	367	9	376	0.00002
Fretibacterium	1434006	G	785	0	785	0.00004
Aminobacterium	81466	G	427	0	427	0.00002
Aminirod	3415218	G	38	171	209	0.00001
Aminithiophilus	3029078	G	31	154	185	0.00001
Candidatus Nanosynbacter	2093823	G	382	276	658	0.00003
Candidatus Southlakia	3350975	G	47	2	49	0.00000
Candidatus Saccharimonas	1331051	G	38	0	38	0.00000
Candidatus Mycosynbacter	2831665	G	57	0	57	0.00000
Candidatus Minimicrobia	2905967	G	25	41	66	0.00000
Candidatus Babela	1551504	G	461	0	461	0.00002
Candidatus Chromulinivorax	2953757	G	158	0	158	0.00001
Candidatus Chazhemtobacterium	2715734	G	243	0	243	0.00001
Minisyncoccus	3238478	G	116	0	116	0.00001
Candidatus Fervidibacter	1448928	G	205	0	205	0.00001
Candidatus Absconditicoccus	2900570	G	196	0	196	0.00001
Candidatus Bipolaricaulis	2250122	G	56	0	56	0.00000
Persicimonas	2766927	G	322	16	338	0.00002
Bradymonas	1779136	G	249	25	274	0.00001
Microvenator	2946507	G	335	2	337	0.00002
Dissulfurimicrobium	1769732	G	197	1204	1401	0.00007
Homo	9605	G	319020	42083	361103	0.01757
Fusarium	5506	G	5154	1004	6158	0.00030
Ustilaginoidea	124426	G	2574	213	2787	0.00014
Pochonia	243023	G	595	20	615	0.00003
Metarhizium	5529	G	521	13	534	0.00003
Trichoderma	5543	G	1485	467	1952	0.00009
Purpureocillium	1052105	G	435	88	523	0.00003
Drechmeria	98402	G	338	17	355	0.00002
Akanthomyces	150366	G	655	88	743	0.00004
Colletotrichum	5455	G	2340	535	2875	0.00014
Neurospora	5140	G	1103	113	1216	0.00006
Sordaria	5146	G	528	186	714	0.00003
Podospora	5144	G	1062	55	1117	0.00005
Thermothelomyces	1920207	G	608	27	635	0.00003
Thermothielavioides	2609811	G	433	31	464	0.00002
Remersonia	72143	G	454	24	478	0.00002
Pyricularia	48558	G	2755	20	2775	0.00014
Botrytis	33196	G	2120	459	2579	0.00013
Aspergillus	5052	G	3776	219	3995	0.00019
Penicillium	5073	G	1127	309	1436	0.00007
Talaromyces	5094	G	877	189	1066	0.00005
Coccidioides	5500	G	761	219	980	0.00005
Fulvia	2897311	G	827	294	1121	0.00005
Zymoseptoria	1047167	G	664	164	828	0.00004
Cercospora	29002	G	427	472	899	0.00004
Pyrenophora	5027	G	849	388	1237	0.00006
Alternaria	5598	G	579	47	626	0.00003
Ascochyta	5453	G	817	133	950	0.00005
Naumovozyma	278028	G	2259	293	2552	0.00012
Henningerozyma	3163253	G	1828	596	2424	0.00012
Saccharomyces	4930	G	1651	360	2011	0.00010
Nakaseomyces	374468	G	1136	672	1808	0.00009
Kluyveromyces	4910	G	881	288	1169	0.00006
Zygosaccharomyces	4953	G	831	246	1077	0.00005
Eremothecium	33170	G	721	1482	2203	0.00011
Zygotorulaspora	1196389	G	550	225	775	0.00004
Tetrapisispora	113604	G	516	81	597	0.00003
Torulaspora	4948	G	386	117	503	0.00002
Kazachstania	71245	G	371	38	409	0.00002
Lachancea	300275	G	269	75	344	0.00002
Huiozyma	3163251	G	162	22	184	0.00001
Saccharomycodes	36034	G	1463	1135	2598	0.00013
Candida	5475	G	2669	383	3052	0.00015
Lodderomyces	36913	G	992	689	1681	0.00008
Scheffersomyces	766733	G	577	75	652	0.00003
Debaryomyces	4958	G	536	11	547	0.00003
Yamadazyma	766765	G	257	121	378	0.00002
Candidozyma	3303203	G	362	125	487	0.00002
Australozyma	3300567	G	327	17	344	0.00002
Pichia	4919	G	1140	198	1338	0.00007
Brettanomyces	13366	G	579	256	835	0.00004
Komagataella	460517	G	142	2	144	0.00001
Ogataea	461281	G	140	22	162	0.00001
Yarrowia	4951	G	431	5	436	0.00002
Sugiyamaella	410829	G	349	249	598	0.00003
Schizosaccharomyces	4895	G	905	97	1002	0.00005
Kwoniella	490731	G	6468	2613	9081	0.00044
Cryptococcus	5206	G	2144	1185	3329	0.00016
Vanrija	1851468	G	647	157	804	0.00004
Cutaneotrichosporon	1838142	G	226	30	256	0.00001
Psilocybe	71950	G	567	38	605	0.00003
Marasmius	34448	G	394	41	435	0.00002
Rhizoctonia	1322061	G	375	26	401	0.00002
Puccinia	5296	G	3682	385	4067	0.00020
Malassezia	55193	G	2110	140	2250	0.00011
Sporisorium	63265	G	456	273	729	0.00004
Mycosarcoma	2689624	G	208	4	212	0.00001
Rhizophagus	1129544	G	10937	1722	12659	0.00062
Vairimorpha	6038	G	1404	44	1448	0.00007
Encephalitozoon	6033	G	258	0	258	0.00001
Plasmodium	5820	G	22897	733	23630	0.00115
Theileria	5873	G	2088	1761	3849	0.00019
Babesia	5864	G	1416	405	1821	0.00009
Toxoplasma	5810	G	1082	1312	2394	0.00012
Besnoitia	94642	G	510	103	613	0.00003
Neospora	29175	G	480	6	486	0.00002
Cryptosporidium	5806	G	1588	84	1672	0.00008
Paramecium	5884	G	109	0	109	0.00001
Bremia	4778	G	5748	3134	8882	0.00043
Phaeodactylum	2849	G	4410	205	4615	0.00022
Thalassiosira	35127	G	950	72	1022	0.00005
Bigelowiella	227085	G	140	0	140	0.00001
Trichomonas	5721	G	10770	14	10784	0.00052
Spironucleus	39709	G	949	0	949	0.00005
Giardia	5740	G	191	0	191	0.00001
Dictyostelium	5782	G	10041	243	10284	0.00050
Leishmania	5658	G	2476	371	2847	0.00014
Porcisia	2761499	G	276	62	338	0.00002
Trypanosoma	5690	G	457	465	922	0.00004
Naegleria	5761	G	156	0	156	0.00001
Cryptomonas	3030	G	810	73	883	0.00004
Hemiselmis	77924	G	67	1	68	0.00000
Guillardia	55528	G	382	88	470	0.00002
Halobaculum	43927	G	704	128	832	0.00004
Halorubrum	56688	G	694	167	861	0.00004
Haloplanus	376170	G	440	67	507	0.00002
Haloferax	2251	G	389	6	395	0.00002
Haloprofundus	1911573	G	179	9	188	0.00001
Halorarum	3163375	G	154	26	180	0.00001
Halobellus	1073986	G	151	46	197	0.00001
Halopenitus	1209988	G	143	1	144	0.00001
Salinigranum	1644057	G	92	2	94	0.00000
Halalkaliarchaeum	2678343	G	92	2	94	0.00000
Haloquadratum	293431	G	85	0	85	0.00000
Halogeometricum	60846	G	65	2	67	0.00000
Halolamina	1075397	G	59	15	74	0.00000
Halohasta	1450140	G	39	14	53	0.00000
Salinirarus	3415185	G	30	11	41	0.00000
Natrinema	88723	G	839	88	927	0.00005
Haloterrigena	121871	G	290	27	317	0.00002
Halovivax	332951	G	250	3	253	0.00001
Natronorubrum	134813	G	243	20	263	0.00001
Natronococcus	29287	G	232	11	243	0.00001
Natronosalvus	3076685	G	183	4	187	0.00001
Natrarchaeobaculum	2765402	G	134	10	144	0.00001
Natrialba	63742	G	122	14	136	0.00001
Halomontanus	3125902	G	109	2	111	0.00001
Halopiger	387342	G	109	10	119	0.00001
Halovalidus	3383206	G	89	3	92	0.00000
Halosolutus	2993618	G	83	4	87	0.00000
Natronobacterium	2256	G	75	11	86	0.00000
Natrononativus	3065677	G	68	1	69	0.00000
Salinilacihabitans	3065676	G	56	4	60	0.00000
Natronobeatus	3065678	G	54	10	64	0.00000
Natribaculum	1699375	G	51	7	58	0.00000
Halostagnicola	353799	G	39	0	39	0.00000
Haloarcula	2237	G	1035	86	1121	0.00005
Halosimplex	171163	G	435	60	495	0.00002
Halomicrobium	203135	G	325	6	331	0.00002
Halorientalis	1073987	G	316	91	407	0.00002
Halorhabdus	146825	G	198	11	209	0.00001
Halapricum	1542963	G	119	3	122	0.00001
Salinibaculum	2732368	G	81	11	92	0.00000
Halovenus	1377992	G	52	1	53	0.00000
Halococcoides	2907507	G	42	0	42	0.00000
Natronomonas	63743	G	320	63	383	0.00002
Halomarina	871740	G	280	5	285	0.00001
Halosegnis	2841540	G	231	12	243	0.00001
Haloglomus	2806252	G	189	26	215	0.00001
Halorarius	3056835	G	181	55	236	0.00001
Halocatena	2907493	G	166	0	166	0.00001
Salinirubellus	2162630	G	111	3	114	0.00001
Halorussus	1070314	G	534	128	662	0.00003
Haladaptatus	367188	G	528	3	531	0.00003
Halomicrococcus	2614447	G	65	4	69	0.00000
Halobacterium	2239	G	326	48	374	0.00002
Halospeciosus	3116496	G	103	38	141	0.00001
Halanaeroarchaeum	1656823	G	82	0	82	0.00000
Halarchaeum	744724	G	69	2	71	0.00000
Salarchaeum	1075398	G	68	58	126	0.00001
Halodesulfurarchaeum	1980514	G	29	0	29	0.00000
Halococcus	2249	G	232	0	232	0.00001
Halalkalicoccus	332246	G	114	1	115	0.00001
Salinarchaeum	1269201	G	136	0	136	0.00001
Natranaeroarchaeum	2917705	G	36	0	36	0.00000
Natronorarus	3386557	G	56	0	56	0.00000
Haloarchaeobius	1269031	G	28	0	28	0.00000
Methanosarcina	2207	G	3500	24	3524	0.00017
Methanolobus	2220	G	1328	10	1338	0.00007
Methanococcoides	2225	G	551	11	562	0.00003
Methanomethylovorans	101191	G	345	1	346	0.00002
Methanimicrococcus	91559	G	310	6	316	0.00002
Methanohalobium	2321	G	264	0	264	0.00001
Methanolapillus	3136068	G	207	7	214	0.00001
Methanohalophilus	2175	G	186	1	187	0.00001
Methanosalsum	196136	G	91	0	91	0.00000
Methanomicrobium	2204	G	539	37	576	0.00003
Methanoculleus	45989	G	331	2	333	0.00002
Methanoplanus	2314	G	282	7	289	0.00001
Methanofollis	81416	G	265	1	266	0.00001
Methanogenium	2195	G	190	3	193	0.00001
Methanochimaera	3385476	G	160	10	170	0.00001
Methanolacinia	230355	G	74	1	75	0.00000
Methanospirillum	2202	G	572	5	577	0.00003
Methanosphaerula	475087	G	132	2	134	0.00001
Methanoregula	395331	G	110	0	110	0.00001
Methanocorpusculum	2192	G	147	0	147	0.00001
Methanocella	570266	G	341	11	352	0.00002
Methanothrix	2222	G	180	0	180	0.00001
Candidatus Nanosalina	1051666	G	10	0	10	0.00000
Methanobrevibacter	2172	G	2752	38	2790	0.00014
Methanobacterium	2160	G	2513	170	2683	0.00013
Methanosphaera	2316	G	1334	11	1345	0.00007
Methanothermobacter	145260	G	262	0	262	0.00001
Methanocaldococcus	196118	G	2251	122	2373	0.00012
Methanotorris	196119	G	408	11	419	0.00002
Methanococcus	2184	G	1597	59	1656	0.00008
Methanothermococcus	155862	G	467	23	490	0.00002
Methanofervidicoccus	2607661	G	42	0	42	0.00000
Methanopyrus	2319	G	37	0	37	0.00000
Thermococcus	2263	G	1965	2	1967	0.00010
Pyrococcus	2260	G	335	1	336	0.00002
Palaeococcus	83867	G	48	0	48	0.00000
Geoglobus	190818	G	246	0	246	0.00001
Archaeoglobus	2233	G	229	0	229	0.00001
Ferroglobus	54260	G	51	0	51	0.00000
Methanonatronarchaeum	2022711	G	155	17	172	0.00001
Candidatus Methanoliparum	2545692	G	53	0	53	0.00000
Ferroplasma	74968	G	346	0	346	0.00002
Acidiplasma	507753	G	166	0	166	0.00001
Thermoplasma	2302	G	99	0	99	0.00000
Oxyplasma	3373586	G	60	0	60	0.00000
Picrophilus	46631	G	104	0	104	0.00001
Cuniculiplasma	1747777	G	90	0	90	0.00000
Methanomassiliicoccus	1080709	G	175	0	175	0.00001
Candidatus Methanoplasma	1607807	G	41	0	41	0.00000
Methanomethylophilus	1291539	G	50	0	50	0.00000
Candidatus Aciduliprofundum	379546	G	125	0	125	0.00001
Saccharolobus	2100760	G	1175	196	1371	0.00007
Acidianus	12914	G	1165	14	1179	0.00006
Sulfurisphaera	69655	G	538	9	547	0.00003
Sulfolobus	2284	G	428	48	476	0.00002
Metallosphaera	41980	G	184	0	184	0.00001
Stygiolobus	41674	G	146	0	146	0.00001
Sulfodiicoccus	2017961	G	91	0	91	0.00000
Sulfuracidifex	2705406	G	21	0	21	0.00000
Vulcanisaeta	164450	G	236	0	236	0.00001
Pyrobaculum	2276	G	191	0	191	0.00001
Thermoproteus	2270	G	62	0	62	0.00000
Staphylothermus	2279	G	185	0	185	0.00001
Ignicoccus	54258	G	40	0	40	0.00000
Desulfurococcus	2273	G	35	0	35	0.00000
Thermosphaera	54253	G	22	0	22	0.00000
Thermogladius	477695	G	22	0	22	0.00000
Aeropyrum	56635	G	21	0	21	0.00000
Pyrofollis	3088728	G	83	0	83	0.00000
Pyrolobus	54251	G	35	1	36	0.00000
Pyrodictium	2308	G	30	0	30	0.00000
Hyperthermus	54247	G	18	0	18	0.00000
Caldisphaera	200414	G	127	2	129	0.00001
Acidilobus	105850	G	33	0	33	0.00000
Thermofilum	2268	G	41	0	41	0.00000
Infirmifilum	2856573	G	35	0	35	0.00000
Fervidicoccus	685950	G	37	0	37	0.00000
Nitrosopumilus	338191	G	2286	79	2365	0.00012
Candidatus Nitrosomarinus	1993653	G	428	31	459	0.00002
Nitrosarchaeum	1007082	G	91	3	94	0.00000
Candidatus Nitrosocosmicus	1826864	G	1382	43	1425	0.00007
Nitrososphaera	497726	G	383	2	385	0.00002
Nitrosotalea	1078904	G	124	0	124	0.00001
Candidatus Nitrosocaldus	498374	G	26	0	26	0.00000
Candidatus Nitrosotenuis	1825023	G	211	0	211	0.00001
Candidatus Nitrosopelagicus	1593364	G	111	0	111	0.00001
Conexivisphaera	2613912	G	13	0	13	0.00000
Candidatus Lokiarchaeum	1655637	G	647	0	647	0.00003
Promethearchaeum	3366645	G	327	3	330	0.00002
Nanobdella	2974824	G	65	0	65	0.00000
Candidatus Nanohalovita	3157591	G	15	0	15	0.00000
Cornellvirus	1910993	G	24682	776	25458	0.00124
Kagunavirus	1910992	G	2253	1579	3832	0.00019
Jerseyvirus	1910991	G	973	10	983	0.00005
Otakuvirus	3152972	G	956	0	956	0.00005
Seretavirus	3152998	G	121	0	121	0.00001
Enchivirus	2943005	G	7197	0	7197	0.00035
Chivirus	1623283	G	591	0	591	0.00003
Yonseivirus	2843478	G	206	0	206	0.00001
Redjacvirus	2943015	G	125	0	125	0.00001
Dunedinvirus	2943004	G	66	0	66	0.00000
Epseptimavirus	2732017	G	4841	204	5045	0.00025
Tequintavirus	187218	G	1125	90	1215	0.00006
Sugarlandvirus	2560233	G	19	0	19	0.00000
Citrovirus	2842608	G	1180	0	1180	0.00006
Icepovirus	2842751	G	388	0	388	0.00002
Paundecimvirus	2842942	G	221	0	221	0.00001
Wphvirus	1922327	G	214	0	214	0.00001
Tsarbombavirus	1985181	G	95	0	95	0.00000
Bequatrovirus	1917990	G	13	0	13	0.00000
Caeruleovirus	1911929	G	12	0	12	0.00000
Nitunavirus	1921016	G	12	0	12	0.00000
Jeonjuvirus	2842775	G	12	0	12	0.00000
Moonbeamvirus	2842880	G	11	0	11	0.00000
Mooreparkvirus	2842881	G	223	0	223	0.00001
Kayvirus	1857843	G	45	0	45	0.00000
Sepunavirus	1980928	G	12	0	12	0.00000
Harbinvirus	2732970	G	45	0	45	0.00000
Okubovirus	1857845	G	32	0	32	0.00000
Schiekvirus	2732968	G	28	0	28	0.00000
Tybeckvirus	2843105	G	10	0	10	0.00000
Tequatrovirus	10663	G	93	5	98	0.00000
Tegunavirus	1921704	G	29	0	29	0.00000
Jiaodavirus	1985325	G	20	0	20	0.00000
Dhakavirus	1914165	G	16	0	16	0.00000
Kanagawavirus	2843399	G	10	0	10	0.00000
Ceceduovirus	2842588	G	33	0	33	0.00000
Ishigurovirus	2842766	G	12	0	12	0.00000
Slopekvirus	1985328	G	27	0	27	0.00000
Bragavirus	2948639	G	25	0	25	0.00000
Jiangsuvirus	2948770	G	16	0	16	0.00000
Pseudotevenvirus	2842979	G	13	3	16	0.00000
Cinqassovirus	2948665	G	13	6	19	0.00000
Schizotequatrovirus	1198137	G	11	0	11	0.00000
Gualtarvirus	2948732	G	10	0	10	0.00000
Zhoulongquanvirus	3044869	G	99	0	99	0.00000
Vellamovirus	2733139	G	24	0	24	0.00000
Bristolvirus	2948640	G	23	1	24	0.00000
Ahtivirus	2733087	G	17	1	18	0.00000
Bellamyvirus	2733096	G	16	0	16	0.00000
Shandvirus	2948904	G	14	0	14	0.00000
Lowelvirus	2948806	G	13	0	13	0.00000
Sokavirus	2948913	G	12	0	12	0.00000
Serangoonvirus	3044820	G	12	0	12	0.00000
Atlauavirus	2733092	G	11	0	11	0.00000
Kanaloavirus	2733107	G	10	0	10	0.00000
Kuttervirus	2169536	G	22	1	23	0.00000
Mimasvirus	2560176	G	685	0	685	0.00003
Kehishuvirus	2942980	G	232	12	244	0.00001
Kolpuevirus	2948787	G	20	1	21	0.00000
Mahlunavirus	2948812	G	10	0	10	0.00000
Afonbuvirus	2942989	G	41	0	41	0.00000
Buchavirus	2942994	G	29	0	29	0.00000
Chuhaivirus	2948663	G	19	0	19	0.00000
Culoivirus	2942992	G	21	0	21	0.00000
Aurodevirus	2946811	G	11	0	11	0.00000
Carjivirus	2948652	G	21	0	21	0.00000
Wotdevirus	2948953	G	24	0	24	0.00000
Junduvirus	2948774	G	29	0	29	0.00000
Banchanvirus	2731931	G	119	0	119	0.00001
Aegirvirus	2731926	G	81	0	81	0.00000
Kayfunavirus	2732686	G	16	0	16	0.00000
Pelagivirus	2731966	G	24	0	24	0.00000
Eneladusvirus	2560128	G	291	254	545	0.00003
Yangvirus	2733221	G	197	0	197	0.00001
Kuravirus	680277	G	121	0	121	0.00001
Nieuwekanaalvirus	3044774	G	58	0	58	0.00000
Agricanvirus	1984776	G	44	0	44	0.00000
Phabiovirus	3044790	G	31	0	31	0.00000
Petsuvirus	2733122	G	15	0	15	0.00000
Meadowvirus	3044758	G	11	0	11	0.00000
Fletchervirus	1636618	G	106	2	108	0.00001
Firehammervirus	1636617	G	42	2	44	0.00000
Donellivirus	2843376	G	140	0	140	0.00001
Libingvirus	3044750	G	42	0	42	0.00000
Moazamivirus	3044766	G	35	0	35	0.00000
Crifsvirus	3044695	G	26	0	26	0.00000
Presleyvirus	2842977	G	33	0	33	0.00000
Raunefjordenvirus	2843000	G	18	0	18	0.00000
Sanyabayvirus	2843019	G	10	0	10	0.00000
Weaselvirus	2560253	G	87	0	87	0.00000
Satomivirus	3152959	G	84	0	84	0.00000
Bundooravirus	2842573	G	74	0	74	0.00000
Justusliebigvirus	2948775	G	75	0	75	0.00000
Jilinvirus	1918725	G	68	0	68	0.00000
Tlsvirus	1920865	G	12	1	13	0.00000
Sauletekiovirus	2732050	G	19	0	19	0.00000
Beograduvirus	2946820	G	47	0	47	0.00000
Fromanvirus	186764	G	58	0	58	0.00000
Skunavirus	1623305	G	57	0	57	0.00000
Ficleduovirus	2560131	G	50	0	50	0.00000
Shenlongvirus	3152898	G	30	2	32	0.00000
Pepyhexavirus	1982367	G	48	0	48	0.00000
Kumaovirus	2948790	G	42	0	42	0.00000
Dhillonvirus	1623289	G	46	0	46	0.00000
Wroclawvirus	3044857	G	45	0	45	0.00000
Plateaulakevirus	2843436	G	44	0	44	0.00000
Moineauvirus	1623304	G	22	17	39	0.00000
Bertelyvirus	2733152	G	24	0	24	0.00000
Aceathervirus	3153001	G	42	2	44	0.00000
Tsamsavirus	3044849	G	25	0	25	0.00000
Natevirus	3044772	G	11	0	11	0.00000
Metrivirus	2560175	G	41	0	41	0.00000
Innesvirus	3044739	G	32	0	32	0.00000
Efquatrovirus	2560124	G	40	1	41	0.00000
Llyrvirus	2733111	G	38	0	38	0.00000
Takahashivirus	2843463	G	36	0	36	0.00000
Anayavirus	2946797	G	12	0	12	0.00000
Audreyjarvisvirus	2843351	G	33	0	33	0.00000
Mooglevirus	1985303	G	19	2	21	0.00000
Serbinvirus	3153074	G	32	0	32	0.00000
Mohonavirus	3044767	G	29	0	29	0.00000
Bixzunavirus	680114	G	26	0	26	0.00000
Sextaecvirus	1922243	G	29	0	29	0.00000
Wifcevirus	2733141	G	24	0	24	0.00000
Immutovirus	2948764	G	27	0	27	0.00000
Vividuovirus	2560251	G	17	0	17	0.00000
Kunmingvirus	2948791	G	26	0	26	0.00000
Popoffvirus	2560208	G	24	0	24	0.00000
Salmondvirus	2733130	G	23	0	23	0.00000
Alcyoneusvirus	2560086	G	22	0	22	0.00000
Korravirus	1982076	G	22	0	22	0.00000
Ceduovirus	186532	G	22	0	22	0.00000
Micavirus	2948822	G	22	0	22	0.00000
Likavirus	1982880	G	14	0	14	0.00000
Feofaniavirus	2733174	G	20	0	20	0.00000
Myohalovirus	169682	G	19	1	20	0.00000
Asteriusvirus	2560094	G	20	0	20	0.00000
Vipetofemvirus	2948949	G	18	0	18	0.00000
Picardvirus	2733201	G	18	0	18	0.00000
Alexandravirus	2733088	G	18	0	18	0.00000
Kenyattavirus	3044744	G	16	0	16	0.00000
Aspduovirus	3153070	G	16	0	16	0.00000
Latrobevirus	2843415	G	16	0	16	0.00000
Bauervirus	3152633	G	15	1	16	0.00000
Craquatrovirus	3044694	G	14	0	14	0.00000
Donnerlittchenvirus	3152600	G	10	0	10	0.00000
Callevirus	2948648	G	13	0	13	0.00000
Dismasvirus	2560122	G	13	0	13	0.00000
Patiencevirus	1982359	G	12	0	12	0.00000
Kipunavirus	3152917	G	10	0	10	0.00000
Klausavirus	2843401	G	12	0	12	0.00000
Octobienvirus	3044779	G	11	0	11	0.00000
Hafyongvirus	3152967	G	11	0	11	0.00000
Carltongylesvirus	2732960	G	11	0	11	0.00000
Mementomorivirus	2733194	G	11	0	11	0.00000
Incheonvirus	2976977	G	10	0	10	0.00000
Basiliskvirus	3044670	G	10	0	10	0.00000
Pumpernickelvirus	3152625	G	10	0	10	0.00000
Varicellovirus	10319	G	64	0	64	0.00000
Simplexvirus	10294	G	34	0	34	0.00000
Roseolovirus	40272	G	36	0	36	0.00000
Proboscivirus	548689	G	23	0	23	0.00000
Cytomegalovirus	10358	G	17	0	17	0.00000
Batravirus	3044671	G	31	0	31	0.00000
Cyvirus	3044698	G	10	0	10	0.00000
Mimivirus	315393	G	519	2	521	0.00003
Moumouvirus	3080801	G	392	6	398	0.00002
Tupanvirus	2094720	G	353	0	353	0.00002
Megavirus	3044761	G	256	1	257	0.00001
Cotonvirus	3044693	G	83	0	83	0.00000
Rheavirus	3044800	G	651	0	651	0.00003
Theiavirus	3044842	G	288	0	288	0.00001
Fadolivirus	2763561	G	244	4	248	0.00001
Biavirus	3044674	G	736	0	736	0.00004
Kratosvirus	3044747	G	13	0	13	0.00000
Iridovirus	10487	G	215	0	215	0.00001
Chloriridovirus	10491	G	72	0	72	0.00000
Lymphocystivirus	10494	G	28	0	28	0.00000
Marseillevirus	1513458	G	40	0	40	0.00000
Losannavirus	3152990	G	10	0	10	0.00000
Alphaorpheovirus	3153020	G	202	0	202	0.00001
Prymnesiovirus	181086	G	126	67	193	0.00001
Chlorovirus	181083	G	43	0	43	0.00000
Prasinovirus	181084	G	28	0	28	0.00000
Avipoxvirus	10260	G	210	0	210	0.00001
Centapoxvirus	2005509	G	64	0	64	0.00000
Orthopoxvirus	10242	G	37	0	37	0.00000
Oryzopoxvirus	2733297	G	27	0	27	0.00000
Vespertilionpoxvirus	2733301	G	24	0	24	0.00000
Yatapoxvirus	10282	G	24	0	24	0.00000
Suipoxvirus	10275	G	16	0	16	0.00000
Pteropopoxvirus	2733298	G	11	0	11	0.00000
Deltaentomopoxvirus	2733302	G	156	0	156	0.00001
Betaentomopoxvirus	10286	G	146	0	146	0.00001
Epsilonentomopoxvirus	3152696	G	23	0	23	0.00000
Alphaentomopoxvirus	62098	G	15	0	15	0.00000
Asfivirus	39743	G	16	0	16	0.00000
Siadenovirus	129876	G	63	0	63	0.00000
Mastadenovirus	10509	G	12	0	12	0.00000
Ameliavirus	3424984	G	12	0	12	0.00000
Alphamononivirus	2508224	G	131	0	131	0.00001
Alphacoronavirus	693996	G	104	0	104	0.00001
Alphamesonivirus	1312873	G	15	0	15	0.00000
Polerovirus	119164	G	33	0	33	0.00000
Betahypovirus	2946824	G	40	0	40	0.00000
Potyvirus	12195	G	17	0	17	0.00000
Mamastrovirus	249588	G	15	0	15	0.00000
Orthotospovirus	2560196	G	54	0	54	0.00000
Orthobunyavirus	11572	G	47	0	47	0.00000
Orthohantavirus	1980442	G	38	0	38	0.00000
Emaravirus	675845	G	12	0	12	0.00000
Goukovirus	1980420	G	23	0	23	0.00000
Ohlsrhavirus	2733252	G	13	0	13	0.00000
Sripuvirus	1985692	G	12	0	12	0.00000
Orbivirus	10892	G	58	0	58	0.00000
Rotavirus	10912	G	12	0	12	0.00000
Orthoreovirus	10882	G	42	0	42	0.00000
Hodnevirus	3153200	G	20	0	20	0.00000
Duamitovirus	2948686	G	17	0	17	0.00000
Alphavirus	11019	G	10	4	14	0.00000
Carlavirus	12163	G	12	0	12	0.00000
Marafivirus	12051	G	10	0	10	0.00000
Felispumavirus	2169666	G	29	0	29	0.00000
Caulimovirus	10639	G	13	0	13	0.00000
Betabaculovirus	558017	G	721	0	721	0.00004
Alphabaculovirus	558016	G	299	3	302	0.00001
Alphanudivirus	1511853	G	38	0	38	0.00000
Glossinavirus	1285591	G	17	0	17	0.00000
Bracoviriform	2946836	G	68	0	68	0.00000
Ichnoviriform	2948762	G	13	15	28	0.00000
Pandoravirus	2060084	G	298	0	298	0.00001
Gammapolyomavirus	1891716	G	38	15	53	0.00000
Alphapapillomavirus	333750	G	50	0	50	0.00000
Begomovirus	10814	G	13	0	13	0.00000
Gequatrovirus	1910952	G	11	0	11	0.00000
Usarudivirus	2843109	G	13	0	13	0.00000
Rudivirus	187213	G	11	0	11	0.00000
