name	taxonomy_id	taxonomy_lvl	kraken_assigned_reads	added_reads	new_est_reads	fraction_total_reads
Iridovirus	10487	G	248604977	171948	248776925	0.94661
Chloriridovirus	10491	G	274556	0	274556	0.00104
Lymphocystivirus	10494	G	51	0	51	0.00000
Losannavirus	3152990	G	23	0	23	0.00000
Marseillevirus	1513458	G	20	0	20	0.00000
Alphaorpheovirus	3153020	G	100	0	100	0.00000
Megavirus	3044761	G	369	0	369	0.00000
Mimivirus	315393	G	95	0	95	0.00000
Tupanvirus	2094720	G	91	0	91	0.00000
Moumouvirus	3080801	G	82	0	82	0.00000
Cotonvirus	3044693	G	41	0	41	0.00000
Theiavirus	3044842	G	66	0	66	0.00000
Fadolivirus	2763561	G	53	0	53	0.00000
Rheavirus	3044800	G	49	3	52	0.00000
Biavirus	3044674	G	67	0	67	0.00000
Kratosvirus	3044747	G	13	0	13	0.00000
Prymnesiovirus	181086	G	51	14	65	0.00000
Chlorovirus	181083	G	10	0	10	0.00000
Betaentomopoxvirus	10286	G	51305	78	51383	0.00020
Alphaentomopoxvirus	62098	G	46	0	46	0.00000
Centapoxvirus	2005509	G	27	0	27	0.00000
Avipoxvirus	10260	G	15	0	15	0.00000
Oryzopoxvirus	2733297	G	11	0	11	0.00000
Orthopoxvirus	10242	G	10	0	10	0.00000
Asfivirus	39743	G	12	0	12	0.00000
Mastadenovirus	10509	G	22	0	22	0.00000
Deltatectivirus	2842639	G	12	0	12	0.00000
Moonvirus	1985329	G	2878	20	2898	0.00001
Jiaodavirus	1985325	G	32	0	32	0.00000
Karamvirus	1913650	G	29	0	29	0.00000
Tequatrovirus	10663	G	22	13	35	0.00000
Dhakavirus	1914165	G	10	0	10	0.00000
Bragavirus	2948639	G	311	0	311	0.00000
Zedzedvirus	2843159	G	32	0	32	0.00000
Pseudotevenvirus	2842979	G	28	12	40	0.00000
Biquartavirus	1912143	G	16	0	16	0.00000
Ormenosvirus	2948849	G	31	0	31	0.00000
Haifavirus	2948752	G	26	0	26	0.00000
Bellamyvirus	2733096	G	15	0	15	0.00000
Unicornvirus	2948939	G	212	0	212	0.00000
Timquatrovirus	1623306	G	15	0	15	0.00000
Septimatrevirus	1921544	G	219	0	219	0.00000
Schiekvirus	2732968	G	76	10	86	0.00000
Kochikohdavirus	2560160	G	12	0	12	0.00000
Bequatrovirus	1917990	G	29	0	29	0.00000
Pecentumvirus	1857844	G	13	0	13	0.00000
Audreyjarvisvirus	2843351	G	184	3	187	0.00000
Gajwadongvirus	2731941	G	102	0	102	0.00000
Minipunavirus	2732687	G	15	0	15	0.00000
Tangaroavirus	2731981	G	16	0	16	0.00000
Buchavirus	2942994	G	29	0	29	0.00000
Delmidovirus	2948688	G	15	0	15	0.00000
Jahgtovirus	2948767	G	15	0	15	0.00000
Litunavirus	1920762	G	13	0	13	0.00000
Triduovirus	2948933	G	11	0	11	0.00000
Pawinskivirus	3044787	G	31	0	31	0.00000
Fipvunavirus	2560132	G	58	0	58	0.00000
Kukulkanvirus	3044748	G	58	0	58	0.00000
Mooglevirus	1985303	G	36	1	37	0.00000
Efquatrovirus	2560124	G	43	18	61	0.00000
Pegunavirus	1623295	G	11	0	11	0.00000
Mydovirus	2842888	G	17	0	17	0.00000
Henunavirus	2842727	G	14	0	14	0.00000
Latrobevirus	2843415	G	35	0	35	0.00000
Metrivirus	2560175	G	33	0	33	0.00000
Marfavirus	2843419	G	32	0	32	0.00000
Sextaecvirus	1922243	G	26	0	26	0.00000
Sophritavirus	3044834	G	14	0	14	0.00000
Turbidovirus	2948936	G	23	0	23	0.00000
Carltongylesvirus	2732960	G	17	0	17	0.00000
Eneladusvirus	2560128	G	19	0	19	0.00000
Nonanavirus	1921122	G	19	2	21	0.00000
Saphexavirus	1623302	G	19	0	19	0.00000
Snuvirus	3044833	G	16	0	16	0.00000
Syrbvirus	3044838	G	16	0	16	0.00000
Fromanvirus	186764	G	15	0	15	0.00000
Omegavirus	1623292	G	15	0	15	0.00000
Nanditavirus	3152637	G	14	0	14	0.00000
Chakrabartyvirus	2560113	G	14	0	14	0.00000
Sashavirus	2733210	G	14	2	16	0.00000
Myrnavirus	2948833	G	10	0	10	0.00000
Dismasvirus	2560122	G	11	0	11	0.00000
Vanleevirus	3152630	G	10	0	10	0.00000
Efemquintavirus	3152996	G	10	1	11	0.00000
Simplexvirus	10294	G	20	0	20	0.00000
Varicellovirus	10319	G	15	0	15	0.00000
Cytomegalovirus	10358	G	16	0	16	0.00000
Batravirus	3044671	G	31	0	31	0.00000
Bracoviriform	2946836	G	984	0	984	0.00000
Betabaculovirus	558017	G	116	0	116	0.00000
Alphabaculovirus	558016	G	50	0	50	0.00000
Deltanudivirus	2842638	G	25	0	25	0.00000
Alphanudivirus	1511853	G	14	0	14	0.00000
Chipolycivirus	2169644	G	19	0	19	0.00000
Nepovirus	12270	G	10	0	10	0.00000
Alphahypovirus	2946791	G	32	0	32	0.00000
Alphapaprhavirus	2842541	G	15	0	15	0.00000
Pandoravirus	2060084	G	242	3	245	0.00000
Seawadnavirus	3044818	G	10	0	10	0.00000
Acinetobacter	469	G	1324226	154467	1478693	0.00563
Psychrobacter	497	G	2604	55	2659	0.00001
Moraxella	475	G	1123	20	1143	0.00000
Alkanindiges	222991	G	460	30	490	0.00000
Faucicola	1604696	G	414	11	425	0.00000
Aquirhabdus	2824158	G	215	1	216	0.00000
Lwoffella	3444169	G	56	1	57	0.00000
Citrobacter	544	G	229769	100264	330033	0.00126
Klebsiella	570	G	36240	35745	71985	0.00027
Raoultella	160674	G	694	543	1237	0.00000
Enterobacter	547	G	25269	11899	37168	0.00014
Kluyvera	579	G	12690	3240	15930	0.00006
Escherichia	561	G	4425	102738	107163	0.00041
Salmonella	590	G	2975	41688	44663	0.00017
Candidatus Blochmanniella	203804	G	727	2	729	0.00000
Candidatus Westeberhardia	1699619	G	72	0	72	0.00000
Symbiopectobacterium	801	G	558	9	567	0.00000
Candidatus Williamhamiltonella	568987	G	204	176	380	0.00000
Candidatus Regiella	568988	G	132	66	198	0.00000
Candidatus Mikella	1906660	G	59	0	59	0.00000
Candidatus Purcelliella	472825	G	56	1	57	0.00000
Candidatus Annandia	1302410	G	43	1	44	0.00000
Candidatus Tachikawaea	1682492	G	30	0	30	0.00000
Candidatus Gullanella	1906661	G	19	0	19	0.00000
Candidatus Doolittlea	1906657	G	10	0	10	0.00000
Candidatus Hoaglandella	1906659	G	10	6	16	0.00000
Kosakonia	1330547	G	1968	86	2054	0.00001
Cronobacter	413496	G	982	113	1095	0.00000
Leclercia	83654	G	795	243	1038	0.00000
Cedecea	158483	G	739	28	767	0.00000
Dryocola	3021684	G	697	724	1421	0.00001
Lelliottia	1330545	G	637	84	721	0.00000
Plesiomonas	702	G	563	95	658	0.00000
Jejubacter	2815296	G	471	4	475	0.00000
Buttiauxella	82976	G	375	7	382	0.00000
Siccibacter	1649298	G	339	13	352	0.00000
Atlantibacter	1903434	G	284	30	314	0.00000
Pluralibacter	1330546	G	254	16	270	0.00000
Pseudocitrobacter	1504576	G	218	13	231	0.00000
Candidatus Profftia	1177214	G	208	0	208	0.00000
Shimwellia	1335483	G	187	4	191	0.00000
Phytobacter	447792	G	166	235	401	0.00000
Franconibacter	1649295	G	166	14	180	0.00000
Scandinavium	2726810	G	146	5	151	0.00000
Superficieibacter	2303321	G	140	5	145	0.00000
Mangrovibacter	451512	G	131	51	182	0.00000
Trabulsiella	158851	G	130	24	154	0.00000
Pseudescherichia	2055880	G	107	37	144	0.00000
Shigella	620	G	82	2836	2918	0.00001
Yokenella	158876	G	80	15	95	0.00000
Candidatus Riesia	401618	G	30	0	30	0.00000
Candidatus Curculioniphilus	690591	G	26	0	26	0.00000
Candidatus Ishikawella	409304	G	24	0	24	0.00000
Candidatus Schneideria	1081630	G	13	0	13	0.00000
Candidatus Moranella	1048757	G	11	0	11	0.00000
Yersinia	629	G	102784	14518	117302	0.00045
Serratia	613	G	6054	554	6608	0.00003
Rahnella	34037	G	470	15	485	0.00000
Candidatus Fukatsuia	1927833	G	183	0	183	0.00000
Rouxiella	1565532	G	173	4	177	0.00000
Nissabacter	1964366	G	161	3	164	0.00000
Gibbsiella	929812	G	160	3	163	0.00000
Chimaeribacter	2716544	G	77	8	85	0.00000
Chania	1745211	G	71	1	72	0.00000
Ewingella	41201	G	40	0	40	0.00000
Morganella	581	G	12779	3402	16181	0.00006
Proteus	583	G	9313	3022	12335	0.00005
Providencia	586	G	4198	2106	6304	0.00002
Xenorhabdus	626	G	1205	15	1220	0.00000
Photorhabdus	29487	G	762	4	766	0.00000
Arsenophonus	637	G	454	3	457	0.00000
Moellerella	158848	G	77	33	110	0.00000
Erwinia	551	G	13623	80	13703	0.00005
Pantoea	53335	G	6390	268	6658	0.00003
Buchnera	32199	G	2644	36	2680	0.00001
Tatumella	82986	G	619	18	637	0.00000
Mixta	2100764	G	578	91	669	0.00000
Duffyella	3026546	G	57	3	60	0.00000
Wigglesworthia	51228	G	55	0	55	0.00000
Winslowiella	2997349	G	45	0	45	0.00000
Paramixta	3231896	G	37	1	38	0.00000
Dickeya	204037	G	2977	161	3138	0.00001
Pectobacterium	122277	G	1909	108	2017	0.00001
Brenneria	71655	G	392	29	421	0.00000
Lonsdalea	1082702	G	178	8	186	0.00000
Musicola	2884243	G	127	0	127	0.00000
Hafnia	568	G	1067	151	1218	0.00000
Edwardsiella	635	G	774	217	991	0.00000
Obesumbacterium	82982	G	476	154	630	0.00000
Sodalis	84565	G	1307	7	1314	0.00000
Gallaecimonas	745410	G	770	5	775	0.00000
Leminorella	82980	G	304	6	310	0.00000
Limnobaculum	2172100	G	279	16	295	0.00000
Pragia	82984	G	163	19	182	0.00000
Stenotrophomonas	40323	G	287882	63029	350911	0.00134
Xanthomonas	338	G	7932	805	8737	0.00003
Lysobacter	68	G	5030	66	5096	0.00002
Pseudoxanthomonas	83618	G	2437	170	2607	0.00001
Luteimonas	83614	G	1882	20	1902	0.00001
Thermomonas	141948	G	556	10	566	0.00000
Xylella	2370	G	412	31	443	0.00000
Marilutibacter	3382698	G	407	4	411	0.00000
Agrilutibacter	3382696	G	158	2	160	0.00000
Arenimonas	490567	G	111	0	111	0.00000
Novilysobacter	3382699	G	108	16	124	0.00000
Pseudoluteimonas	3382694	G	94	0	94	0.00000
Solilutibacter	3382695	G	80	1	81	0.00000
Dyella	231454	G	1941	116	2057	0.00001
Rhodanobacter	75309	G	1187	145	1332	0.00001
Luteibacter	242605	G	854	38	892	0.00000
Tahibacter	1453544	G	776	13	789	0.00000
Frateuria	70411	G	607	109	716	0.00000
Dokdonella	323413	G	418	11	429	0.00000
Pseudolysobacter	2709666	G	103	0	103	0.00000
Aerosticca	2707020	G	72	33	105	0.00000
Ahniella	2233801	G	37	0	37	0.00000
Metallibacterium	1218803	G	16	0	16	0.00000
Marinicella	863253	G	276	0	276	0.00000
Pseudoalteromonas	53246	G	97994	71	98065	0.00037
Psychrosphaera	907197	G	167	4	171	0.00000
Flocculibacter	2834759	G	111	1	112	0.00000
Parashewanella	2547964	G	59437	453	59890	0.00023
Shewanella	22	G	20473	2185	22658	0.00009
Psychrobium	1573826	G	61	0	61	0.00000
Alteromonas	226	G	1388	30	1418	0.00001
Salinimonas	288793	G	363	12	375	0.00000
Agarivorans	261825	G	477	3	480	0.00000
Catenovulum	1172191	G	337	2	339	0.00000
Paraglaciecola	1621534	G	322	6	328	0.00000
Alkalimarinus	1858563	G	265	1	266	0.00000
Alishewanella	111142	G	237	5	242	0.00000
Aliiglaciecola	1406885	G	106	4	110	0.00000
Halioxenophilus	2108524	G	104	3	107	0.00000
Saliniradius	2661818	G	99	1	100	0.00000
Neptunicella	2125985	G	89	1	90	0.00000
Ningiella	2751156	G	75	0	75	0.00000
Saccharobesus	2894574	G	67	0	67	0.00000
Paraneptunicella	2905123	G	50	0	50	0.00000
Brumicola	3160924	G	43	0	43	0.00000
Lacimicrobium	1751872	G	33	0	33	0.00000
Planctobacterium	2200736	G	21	0	21	0.00000
Hydrocarboniclastica	2650549	G	16	0	16	0.00000
Gayadomonas	1234605	G	10	0	10	0.00000
Thalassomonas	137583	G	807	8	815	0.00000
Thalassotalea	1518149	G	777	14	791	0.00000
Colwellia	28228	G	715	23	738	0.00000
Pseudocolwellia	2848177	G	131	6	137	0.00000
Cognaticolwellia	2848171	G	108	8	116	0.00000
Litorilituus	1407056	G	71	0	71	0.00000
Pseudidiomarina	2800384	G	432	15	447	0.00000
Idiomarina	135575	G	414	16	430	0.00000
Psychromonas	67572	G	713	4	717	0.00000
Moritella	58050	G	606	3	609	0.00000
Ferrimonas	44011	G	441	5	446	0.00000
Motilimonas	1914248	G	45	0	45	0.00000
Pseudomonas	286	G	85226	18096	103322	0.00039
Entomomonas	2758906	G	14799	84	14883	0.00006
Ectopseudomonas	3236654	G	9695	3952	13647	0.00005
Stutzerimonas	2901164	G	3171	464	3635	0.00001
Metapseudomonas	3236656	G	1169	137	1306	0.00000
Halopseudomonas	2901189	G	986	41	1027	0.00000
Azotobacter	352	G	261	12	273	0.00000
Azorhizophilus	157913	G	44	8	52	0.00000
Aquipseudomonas	3236652	G	208	33	241	0.00000
Permianibacter	1649479	G	191	0	191	0.00000
Phytopseudomonas	3236657	G	150	11	161	0.00000
Thiopseudomonas	1654787	G	94	3	97	0.00000
Geopseudomonas	3236655	G	76	7	83	0.00000
Denitrificimonas	2901261	G	18	2	20	0.00000
Marinobacter	2742	G	2724	55	2779	0.00001
Candidatus Njordibacter	3457297	G	123	0	123	0.00000
Pseudohongiella	1524249	G	65	0	65	0.00000
Ketobacter	2025617	G	63	0	63	0.00000
Succinivibrio	83770	G	82738	27	82765	0.00031
Aeromonas	642	G	10288	963	11251	0.00004
Oceanimonas	129577	G	676	257	933	0.00000
Zobellella	347533	G	316	37	353	0.00000
Oceanisphaera	225143	G	296	3	299	0.00000
Pseudaeromonas	1929090	G	168	5	173	0.00000
Dongshaea	2802288	G	128	0	128	0.00000
Tolumonas	43947	G	119	8	127	0.00000
Neptuniibacter	459520	G	57341	10	57351	0.00022
Marinomonas	28253	G	1765	38	1803	0.00001
Thalassolituus	187492	G	846	67	913	0.00000
Neptunomonas	75687	G	744	16	760	0.00000
Marinobacterium	48075	G	646	27	673	0.00000
Venatoribacter	2893036	G	401	48	449	0.00000
Marinospirillum	64968	G	383	16	399	0.00000
Amphritea	515417	G	179	2	181	0.00000
Nitrincola	267849	G	172	3	175	0.00000
Motiliproteus	1775292	G	159	4	163	0.00000
Bermanella	599651	G	157	0	157	0.00000
Bacterioplanoides	2066071	G	151	2	153	0.00000
Aliamphritea	3018276	G	112	2	114	0.00000
Bacterioplanes	1537406	G	101	3	104	0.00000
Halomonas	2745	G	4445	436	4881	0.00002
Vreelandella	3137766	G	1524	496	2020	0.00001
Kushneria	504090	G	792	4	796	0.00000
Salinicola	404432	G	673	33	706	0.00000
Cobetia	204286	G	670	5	675	0.00000
Zymobacter	33073	G	414	3	417	0.00000
Candidatus Carsonella	114185	G	90	1	91	0.00000
Billgrantia	3137761	G	182	113	295	0.00000
Chromohalobacter	42054	G	178	12	190	0.00000
Halotalea	376488	G	122	2	124	0.00000
Pistricoccus	1897649	G	53	0	53	0.00000
Alcanivorax	59753	G	1000	51	1051	0.00000
Alloalcanivorax	3020832	G	343	36	379	0.00000
Isoalcanivorax	3020833	G	62	5	67	0.00000
Endozoicomonas	305899	G	1000	18	1018	0.00000
Saccharospirillum	231683	G	658	12	670	0.00000
Gynuella	1445504	G	136	1	137	0.00000
Reinekea	230494	G	105	1	106	0.00000
Salinispirillum	1649491	G	25	0	25	0.00000
Thermohahella	3449104	G	367	22	389	0.00000
Hahella	158481	G	317	4	321	0.00000
Allohahella	1855402	G	156	1	157	0.00000
Aliikangiella	1920241	G	172	0	172	0.00000
Pleionea	1502941	G	41	0	41	0.00000
Marinicellulosiphila	3414216	G	171	2	173	0.00000
Pokkaliibacter	2301194	G	121	1	122	0.00000
Spartinivicinus	2768738	G	99	2	101	0.00000
Oleiphilus	141450	G	49	0	49	0.00000
Litorivicinus	418700	G	26	0	26	0.00000
Francisella	262	G	72587	120	72707	0.00028
Allofrancisella	1869285	G	181	0	181	0.00000
Thiomicrorhabdus	2039723	G	433	21	454	0.00000
Methylophaga	40222	G	432	20	452	0.00000
Piscirickettsia	1237	G	317	0	317	0.00000
Thiomicrospira	933	G	271	131	402	0.00000
Hydrogenovibrio	28884	G	234	162	396	0.00000
Thiosulfativibrio	2781120	G	99	5	104	0.00000
Cycloclasticus	34067	G	98	1	99	0.00000
Thiosulfatimonas	2781121	G	44	3	47	0.00000
Thiothrix	1030	G	761	3	764	0.00000
Beggiatoa	1021	G	394	0	394	0.00000
Cysteiniphilum	2056696	G	82	0	82	0.00000
Vibrio	662	G	62038	1508	63546	0.00024
Photobacterium	657	G	2371	91	2462	0.00001
Grimontia	246861	G	591	6	597	0.00000
Aliivibrio	511678	G	406	18	424	0.00000
Enterovibrio	188143	G	274	2	276	0.00000
Salinivibrio	51366	G	166	1	167	0.00000
Parasalinivibrio	3378804	G	94	0	94	0.00000
Paraphotobacterium	2042066	G	68	1	69	0.00000
Thaumasiovibrio	2014233	G	44	0	44	0.00000
Legionella	445	G	51557	293	51850	0.00020
Fluoribacter	461	G	135	0	135	0.00000
Rickettsiella	59195	G	228	0	228	0.00000
Aquicella	254245	G	177	208	385	0.00000
Coxiella	776	G	121	22	143	0.00000
Candidiatus Paracoxiella	3405119	G	24	0	24	0.00000
Microbulbifer	48073	G	3467	35	3502	0.00001
Teredinibacter	2425	G	453	2	455	0.00000
Cellvibrio	10	G	427	2	429	0.00000
Simiduia	447467	G	315	1	316	0.00000
Marinagarivorans	1792291	G	312	2	314	0.00000
Saccharophagus	316625	G	239	2	241	0.00000
Gilvimarinus	940550	G	176	1	177	0.00000
Agarilytica	2036021	G	173	0	173	0.00000
Marinimicrobium	359337	G	156	4	160	0.00000
Maricurvus	1122283	G	108	0	108	0.00000
Agaribacterium	2038244	G	45	0	45	0.00000
Congregibacter	393661	G	632	12	644	0.00000
Kineobactrum	2678529	G	535	1	536	0.00000
Halioglobus	1217416	G	204	1	205	0.00000
Aequoribacter	2847769	G	89	1	90	0.00000
Candidatus Paraluminiphilus	3040948	G	72	0	72	0.00000
Luminiphilus	1341118	G	32	0	32	0.00000
Spongiibacter	630749	G	658	38	696	0.00000
Zhongshania	1434050	G	74	1	75	0.00000
Oceanicoccus	1084558	G	62	0	62	0.00000
Porticoccus	1123967	G	47	0	47	0.00000
Thiorhodovibrio	61593	G	795	9	804	0.00000
Marichromatium	85076	G	524	67	591	0.00000
Rheinheimera	67575	G	456	12	468	0.00000
Caldichromatium	2828366	G	385	18	403	0.00000
Thiocapsa	1056	G	350	17	367	0.00000
Nitrosococcus	1227	G	248	1	249	0.00000
Thiocystis	13724	G	159	8	167	0.00000
Thioflavicoccus	156885	G	142	4	146	0.00000
Allochromatium	85072	G	139	6	145	0.00000
Thiodictyon	53392	G	122	2	124	0.00000
Candidatus Nitrosacidococcus	2796146	G	119	1	120	0.00000
Thermochromatium	85073	G	62	3	65	0.00000
Candidatus Nitrosoglobus	1980513	G	28	0	28	0.00000
Thioalkalivibrio	106633	G	960	28	988	0.00000
Sediminicurvatus	3383961	G	402	2	404	0.00000
Ectothiorhodospira	1051	G	252	5	257	0.00000
Acidihalobacter	1765964	G	236	6	242	0.00000
Spiribacter	1335745	G	206	1	207	0.00000
Halorhodospira	85108	G	138	0	138	0.00000
Alkalilimnicola	133193	G	108	3	111	0.00000
Aquisalimonas	406099	G	45	0	45	0.00000
Ectothiorhodosinus	233099	G	31	0	31	0.00000
Wenzhouxiangella	1676142	G	475	7	482	0.00000
Candidatus Thiodiazotropha	1913444	G	118	2	120	0.00000
Magnetovirga	3425870	G	87	0	87	0.00000
Sedimenticola	349742	G	81	2	83	0.00000
Thiosocius	2780488	G	75	1	76	0.00000
Candidatus Endoriftia	393764	G	59	3	62	0.00000
Thiolapillus	1608298	G	51	0	51	0.00000
Halothiobacillus	109262	G	367	13	380	0.00000
Guyparkeria	2035712	G	322	23	345	0.00000
Granulosicoccus	437504	G	207	0	207	0.00000
Sulfuriflexus	1860077	G	45	0	45	0.00000
Methylomonas	416	G	2445	16	2461	0.00001
Methylococcus	413	G	1093	18	1111	0.00000
Methylobacter	429	G	902	42	944	0.00000
Methylogaea	1295378	G	530	12	542	0.00000
Methylocaldum	73778	G	292	4	296	0.00000
Methyloprofundus	1565313	G	270	3	273	0.00000
Methylotuvimicrobium	2822410	G	184	5	189	0.00000
Methylomicrobium	39773	G	165	4	169	0.00000
Candidatus Methylospira	1808977	G	125	3	128	0.00000
Methylovulum	762296	G	114	0	114	0.00000
Methylomagnum	1760987	G	108	0	108	0.00000
Candidatus Methylocalor	3135206	G	103	0	103	0.00000
Methylomarinum	1221209	G	65	3	68	0.00000
Methylomarinovum	1486720	G	113	0	113	0.00000
Haemophilus	724	G	1361	111	1472	0.00001
Actinobacillus	713	G	1122	97	1219	0.00000
Pasteurella	745	G	528	120	648	0.00000
Mannheimia	75984	G	498	114	612	0.00000
Avibacterium	292486	G	474	31	505	0.00000
Aggregatibacter	416916	G	394	27	421	0.00000
Gallibacterium	155493	G	306	62	368	0.00000
Histophilus	214906	G	230	30	260	0.00000
Rodentibacter	1960084	G	217	6	223	0.00000
Glaesserella	2094023	G	169	98	267	0.00000
Lonepinella	53416	G	168	1	169	0.00000
Mergibacter	2899790	G	108	1	109	0.00000
Bibersteinia	476528	G	105	36	141	0.00000
Basfia	697331	G	100	2	102	0.00000
Phocoenobacter	146805	G	76	19	95	0.00000
Otariodibacter	1249016	G	69	1	70	0.00000
Bisgaardia	109471	G	61	1	62	0.00000
Testudinibacter	1755672	G	44	0	44	0.00000
Vespertiliibacter	1520333	G	35	0	35	0.00000
Frederiksenia	1649317	G	32	1	33	0.00000
Sulfurifustis	1692042	G	844	0	844	0.00000
Sulfuricaulis	1744881	G	759	0	759	0.00000
Acidiferrobacter	986106	G	388	0	388	0.00000
Nevskia	64001	G	397	29	426	0.00000
Hydrocarboniphaga	243627	G	320	13	333	0.00000
Flagellatimonas	2893022	G	288	16	304	0.00000
Sinimarinibacterium	1861863	G	170	13	183	0.00000
Solimonas	413435	G	134	3	137	0.00000
Algiphilus	1266053	G	261	5	266	0.00000
Gilliamella	1193503	G	785	44	829	0.00000
Orbus	743714	G	586	3	589	0.00000
Zophobihabitans	2894762	G	99	0	99	0.00000
Utexia	3373510	G	97	1	98	0.00000
Frischella	1335631	G	60	5	65	0.00000
Candidatus Pseudothioglobus	2841677	G	285	2	287	0.00000
Candidatus Thiodubiliella	2738885	G	206	8	214	0.00000
Candidatus Thioglobus	655184	G	112	2	114	0.00000
Candidatus Ruthturnera	1541743	G	86	0	86	0.00000
Candidatus Vesicomyidisocius	2732587	G	28	0	28	0.00000
Candidatus Vondammii	2686004	G	148	73	221	0.00000
Candidatus Nardonella	204619	G	44	2	46	0.00000
Celerinatantimonas	412033	G	31	0	31	0.00000
Candidatus Reidiella	2738850	G	31	0	31	0.00000
Candidatus Palibaumannia	198346	G	30	0	30	0.00000
Candidatus Steffania	1076625	G	19	0	19	0.00000
Cardiobacterium	2717	G	436	3	439	0.00000
Dichelobacter	869	G	41	4	45	0.00000
Suttonella	13275	G	11	0	11	0.00000
Ignatzschineria	112008	G	142	0	142	0.00000
Wohlfahrtiimonas	582472	G	117	8	125	0.00000
Thiohalobacter	1273155	G	214	0	214	0.00000
Kangiella	261963	G	186	1	187	0.00000
Candidatus Rariloculus ( ex Nguyen 2022)	2978114	G	181	0	181	0.00000
Candidatus Spongiihabitans	3033996	G	169	0	169	0.00000
Salinisphaera	180541	G	148	0	148	0.00000
Candidatus Comchoanobacter	2975286	G	95	0	95	0.00000
Immundisolibacter	1934947	G	90	86	176	0.00000
Steroidobacter	469322	G	76	1	77	0.00000
Sulfurivermis	2034504	G	76	4	80	0.00000
Woeseia	1738655	G	73	0	73	0.00000
Candidatus Portiera	235572	G	31	0	31	0.00000
Mesorhizobium	68287	G	324287	17985	342272	0.00130
Aminobacter	31988	G	293508	56830	350338	0.00133
Nitratireductor	245876	G	7193	786	7979	0.00003
Terribium	3143704	G	4538	625	5163	0.00002
Aquibium	2911176	G	3203	188	3391	0.00001
Phyllobacterium	28100	G	2486	78	2564	0.00001
Chelativorans	449972	G	842	75	917	0.00000
Bradyrhizobium	374	G	122591	4193	126784	0.00048
Rhodopseudomonas	1073	G	5228	591	5819	0.00002
Tardiphaga	1395974	G	3394	125	3519	0.00001
Nitrobacter	911	G	2615	81	2696	0.00001
Afipia	1033	G	1833	659	2492	0.00001
Rugositalea	3466653	G	1530	24	1554	0.00001
Variibacter	1649510	G	539	7	546	0.00000
Rhizobium	379	G	32680	5021	37701	0.00014
Agrobacterium	357	G	10368	9233	19601	0.00007
Neorhizobium	1525371	G	4481	432	4913	0.00002
Pararhizobium	1612611	G	2334	411	2745	0.00001
Pseudorhizobium	1903858	G	775	184	959	0.00000
Allorhizobium	78526	G	358	98	456	0.00000
Sinorhizobium	28105	G	10597	1484	12081	0.00005
Ensifer	106591	G	7705	895	8600	0.00003
Shinella	323620	G	7684	2350	10034	0.00004
Hoeflea	274591	G	2266	110	2376	0.00001
Liberibacter	34019	G	852	18	870	0.00000
Georhizobium	2661800	G	783	33	816	0.00000
Ciceribacter	1648508	G	512	67	579	0.00000
Peteryoungia	2853332	G	409	35	444	0.00000
Terrirhizobium	3464117	G	259	26	285	0.00000
Lentilitoribacter	1649463	G	51	0	51	0.00000
Methylobacterium	407	G	9722	616	10338	0.00004
Microvirga	186650	G	2481	61	2542	0.00001
Methylorubrum	2282523	G	1871	588	2459	0.00001
Bosea	85413	G	14551	358	14909	0.00006
Devosia	46913	G	8266	196	8462	0.00003
Pelagibacterium	1082930	G	1824	131	1955	0.00001
Paradevosia	1573407	G	1053	63	1116	0.00000
Maritalea	623276	G	468	2	470	0.00000
Mariluticola	3064792	G	123	0	123	0.00000
Brucella	234	G	5581	2306	7887	0.00003
Ochrobactrum	528	G	322	232	554	0.00000
Pseudochrobactrum	354349	G	2068	207	2275	0.00001
Roseibium	150830	G	3718	708	4426	0.00002
Stappia	152161	G	1808	299	2107	0.00001
Breoghania	1406135	G	1480	31	1511	0.00001
Pannonibacter	227873	G	451	232	683	0.00000
Pseudovibrio	258255	G	371	5	376	0.00000
Labrenzia	478070	G	326	298	624	0.00000
Aureimonas	414371	G	3540	311	3851	0.00001
Martelella	293088	G	1431	251	1682	0.00001
Antarcticirhabdus	3042730	G	939	67	1006	0.00000
Jiella	1775688	G	374	10	384	0.00000
Aurantimonas	182269	G	349	23	372	0.00000
Hyphomicrobium	81	G	5345	86	5431	0.00002
Rhodomicrobium	1068	G	665	8	673	0.00000
Methyloceanibacter	1484898	G	164	1	165	0.00000
Methyloligella	1485594	G	121	1	122	0.00000
Filomicrobium	119044	G	83	1	84	0.00000
Ancylobacter	99	G	2535	224	2759	0.00001
Labrys	204476	G	1265	51	1316	0.00001
Pseudolabrys	556257	G	811	25	836	0.00000
Xanthobacter	279	G	497	52	549	0.00000
Starkeya	152053	G	413	13	426	0.00000
Azorhizobium	6	G	228	8	236	0.00000
Aquabacter	45402	G	200	3	203	0.00000
Methylocystis	133	G	2964	85	3049	0.00001
Methylosinus	425	G	862	25	887	0.00000
Reyranella	445219	G	3520	36	3556	0.00001
Bartonella	773	G	3240	114	3354	0.00001
Oricola	1594166	G	1219	47	1266	0.00000
Oceaniradius	2679892	G	688	136	824	0.00000
Roseitalea	1915401	G	561	19	580	0.00000
Ahrensia	152180	G	43	0	43	0.00000
Methylovirgula	1156568	G	1387	35	1422	0.00001
Methylocella	120652	G	466	10	476	0.00000
Methylocapsa	184923	G	392	12	404	0.00000
Beijerinckia	532	G	80	2	82	0.00000
Enhydrobacter	212791	G	763	10	773	0.00000
Nordella	169055	G	443	3	446	0.00000
Pseudorhodoplanes	1734920	G	418	6	424	0.00000
Terrihabitans	2874214	G	216	4	220	0.00000
Candidatus Hodgkinia	573657	G	98	0	98	0.00000
Candidatus Endowatersipora	376743	G	15	0	15	0.00000
Parvibaculum	256616	G	548	96	644	0.00000
Kaustia	2838250	G	534	8	542	0.00000
Tepidicaulis	1742977	G	390	97	487	0.00000
Pyruvatibacter	1742974	G	275	4	279	0.00000
Anderseniella	444432	G	98	4	102	0.00000
Candidatus Phaeomarinibacter	1541445	G	89	0	89	0.00000
Pleomorphomonas	261933	G	1176	224	1400	0.00001
Hartmannibacter	1572860	G	331	20	351	0.00000
Acuticoccus	1904377	G	1396	20	1416	0.00001
Kaistia	166953	G	1101	56	1157	0.00000
Bauldia	1145345	G	138	0	138	0.00000
Phreatobacter	1632780	G	1025	28	1053	0.00000
Chenggangzhangella	2041902	G	935	21	956	0.00000
Alsobacter	1502180	G	799	36	835	0.00000
Salinarimonas	690086	G	588	27	615	0.00000
Chelatococcus	28209	G	548	28	576	0.00000
Aestuariivirga	2650923	G	481	6	487	0.00000
Salaquimonas	2712688	G	464	3	467	0.00000
Blastochloris	59282	G	452	17	469	0.00000
Afifella	643217	G	423	20	443	0.00000
Cohaesibacter	655352	G	396	2	398	0.00000
Terrirubrum	3142786	G	367	4	371	0.00000
Lichenihabitans	2723776	G	283	3	286	0.00000
Rhodoligotrophos	987053	G	237	1	238	0.00000
Methyloraptor	3382645	G	233	9	242	0.00000
Coralliovum	3228940	G	82	0	82	0.00000
Sphingomonas	13687	G	18920	1019	19939	0.00008
Novosphingobium	165696	G	4181	440	4621	0.00002
Stakelama	1124625	G	607	72	679	0.00000
Tardibacter	2685927	G	447	405	852	0.00000
Hankyongella	1763827	G	128	8	136	0.00000
Parablastomonas	1654718	G	104	1	105	0.00000
Citromicrobium	72173	G	71	10	81	0.00000
Sphingosinithalassobacter	2676233	G	60	2	62	0.00000
Alterisphingorhabdus (ex Yan et al. 2024)	3382518	G	55	0	55	0.00000
Erythrobacter	1041	G	2399	286	2685	0.00001
Porphyrobacter	1111	G	293	59	352	0.00000
Altererythrobacter	361177	G	1481	248	1729	0.00001
Qipengyuania	1855416	G	1175	158	1333	0.00001
Croceicoccus	1295327	G	544	136	680	0.00000
Croceibacterium	2676755	G	457	31	488	0.00000
Aurantiacibacter	2800681	G	442	22	464	0.00000
Tsuneonella	2800686	G	302	19	321	0.00000
Caenibius	2827482	G	226	15	241	0.00000
Pelagerythrobacter	2800685	G	190	39	229	0.00000
Pseudoblastomonas	3423750	G	100	12	112	0.00000
Paraurantiacibacter	2800682	G	57	0	57	0.00000
Parerythrobacter	2800684	G	47	3	50	0.00000
Sphingopyxis	165697	G	5596	460	6056	0.00002
Sphingobium	165695	G	4590	2014	6604	0.00003
Sphingosinicella	335405	G	766	84	850	0.00000
Glacieibacterium	2860235	G	401	27	428	0.00000
Polymorphobacter	1508451	G	204	9	213	0.00000
Sandaracinobacteroides	2883109	G	122	0	122	0.00000
Parasphingorhabdus	2709685	G	559	5	564	0.00000
Sphingorhabdus	1434046	G	387	5	392	0.00000
Novosphingopyxis	2709686	G	124	7	131	0.00000
Zymomonas	541	G	885	127	1012	0.00000
Allosphingosinicella	2823232	G	642	7	649	0.00000
Sphingomicrobium	1227948	G	109	2	111	0.00000
Parasphingopyxis	1234545	G	675	2	677	0.00000
Rhizorhabdus	1649486	G	509	228	737	0.00000
Alterirhizorhabdus	3423723	G	109	1	110	0.00000
Blastomonas	150203	G	168	4	172	0.00000
Aquisediminimonas	2676781	G	166	0	166	0.00000
Paracoccus	265	G	10064	1338	11402	0.00004
Thioclava	285107	G	1234	51	1285	0.00000
Tabrizicola	1443919	G	1154	238	1392	0.00001
Pseudooceanicola	1679449	G	1025	72	1097	0.00000
Cereibacter	1653176	G	1022	108	1130	0.00000
Yoonia	2211641	G	933	126	1059	0.00000
Tritonibacter	2083206	G	823	296	1119	0.00000
Rhodovulum	34008	G	649	106	755	0.00000
Nioella	1775424	G	491	8	499	0.00000
Limimaricola	2211638	G	483	24	507	0.00000
Planktomarina	1284657	G	473	11	484	0.00000
Paroceanicella	2683599	G	448	106	554	0.00000
Gymnodinialimonas	2937410	G	426	8	434	0.00000
Neotabrizicola	2946607	G	330	70	400	0.00000
Frigidibacter	1775705	G	257	63	320	0.00000
Pseudogemmobacter	2663134	G	256	9	265	0.00000
Polymorphum	991903	G	252	44	296	0.00000
Gemmobacter	204456	G	216	34	250	0.00000
Pelagovum	2795377	G	196	9	205	0.00000
Fuscovulum	2818469	G	193	38	231	0.00000
Roseinatronobacter	121820	G	173	2	175	0.00000
Marinibacterium	1931200	G	172	10	182	0.00000
Algicella	3050722	G	170	1	171	0.00000
Aliiroseovarius	1658781	G	168	6	174	0.00000
Paragemmobacter	3143992	G	166	24	190	0.00000
Pseudoroseicyclus	1813601	G	165	4	169	0.00000
Albidovulum	205889	G	164	3	167	0.00000
Pontivivens	1844015	G	157	9	166	0.00000
Qingshengfaniella	2816884	G	150	4	154	0.00000
Amaricoccus	56999	G	147	5	152	0.00000
Vannielia	2813041	G	143	2	145	0.00000
Pikeienuella	2831955	G	140	7	147	0.00000
Marivivens	1759396	G	134	13	147	0.00000
Haematobacter	366614	G	133	72	205	0.00000
Parasedimentitalea	2738399	G	132	2	134	0.00000
Pacificitalea	2846749	G	132	29	161	0.00000
Brevirhabdus	1855413	G	125	71	196	0.00000
Silicimonas	1955420	G	120	1	121	0.00000
Profundibacter	2778525	G	119	1	120	0.00000
Roseicitreum	1209946	G	105	1	106	0.00000
Arenibacterium	2824249	G	100	17	117	0.00000
Pukyongiella	2831925	G	96	25	121	0.00000
Falsirhodobacter	1434002	G	95	5	100	0.00000
Aquicoccus	2055850	G	90	6	96	0.00000
Pseudopelagicola	1649483	G	74	0	74	0.00000
Pseudorhodobacter	238783	G	72	2	74	0.00000
Abyssibius	3029205	G	59	2	61	0.00000
Pseudophaeobacter	1541822	G	58	19	77	0.00000
Cognatishimia	2211635	G	57	0	57	0.00000
Fontisubflavum	3118803	G	53	0	53	0.00000
Aestuariibius	2109360	G	24	0	24	0.00000
Amylibacter	1617805	G	23	0	23	0.00000
Sulfitobacter	60136	G	3020	457	3477	0.00001
Phaeobacter	302485	G	2453	272	2725	0.00001
Leisingera	191028	G	1668	82	1750	0.00001
Roseovarius	74030	G	1411	69	1480	0.00001
Roseobacter	2433	G	1144	13	1157	0.00000
Roseivivax	93682	G	1087	43	1130	0.00000
Sagittula	58842	G	966	373	1339	0.00001
Salipiger	263377	G	816	191	1007	0.00000
Celeribacter	875170	G	785	184	969	0.00000
Octadecabacter	53945	G	686	12	698	0.00000
Jannaschia	188905	G	649	6	655	0.00000
Pseudosulfitobacter	2854186	G	610	129	739	0.00000
Tropicibacter	599653	G	561	10	571	0.00000
Ruegeria	97050	G	552	38	590	0.00000
Roseicyclus	336277	G	546	3	549	0.00000
Palleronia	315422	G	481	4	485	0.00000
Alloyangia	2919626	G	461	13	474	0.00000
Falsihalocynthiibacter	2854182	G	394	4	398	0.00000
Ketogulonicigenium	92944	G	320	13	333	0.00000
Lentibacter	1434014	G	317	18	335	0.00000
Thalassovita	335927	G	285	5	290	0.00000
Rhodophyticola	2680018	G	261	1	262	0.00000
Mameliella	1434019	G	205	16	221	0.00000
Tateyamaria	299261	G	201	2	203	0.00000
Dinoroseobacter	309512	G	190	81	271	0.00000
Shimia	573139	G	170	5	175	0.00000
Actibacterium	1433986	G	167	88	255	0.00000
Loktanella	245186	G	138	2	140	0.00000
Marivita	659428	G	122	1	123	0.00000
Marinovum	367771	G	118	12	130	0.00000
Pelagimonas	1434029	G	116	4	120	0.00000
Ponticoccus	983507	G	104	5	109	0.00000
Antarctobacter	74032	G	95	1	96	0.00000
Algirhabdus	3412738	G	90	0	90	0.00000
Seohaeicola	481178	G	63	0	63	0.00000
Oceanicola	252301	G	63	0	63	0.00000
Aliisedimentitalea	1697958	G	52	3	55	0.00000
Thalassococcus	436357	G	51	0	51	0.00000
Nereida	282198	G	38	0	38	0.00000
Thalassobacter	266808	G	34	0	34	0.00000
Rhodobacter	1060	G	1135	179	1314	0.00000
Candidatus Pelagibacter	198251	G	33652	34	33686	0.00013
Candidatus Fonsibacter	2045213	G	79	0	79	0.00000
Roseomonas	125216	G	13891	2017	15908	0.00006
Sediminicoccus	1706033	G	1058	7	1065	0.00000
Dankookia	1940143	G	217	2	219	0.00000
Humitalea	1223303	G	194	1	195	0.00000
Muricoccus	3409995	G	185	2	187	0.00000
Roseococcus	35812	G	150	3	153	0.00000
Komagataeibacter	1434011	G	2165	165	2330	0.00001
Acetobacter	434	G	1235	71	1306	0.00000
Gluconacetobacter	89583	G	667	14	681	0.00000
Rhodovastum	504465	G	606	3	609	0.00000
Granulibacter	364409	G	577	5	582	0.00000
Gluconobacter	441	G	505	23	528	0.00000
Acidibrevibacterium	2603324	G	409	7	416	0.00000
Asaia	91914	G	326	20	346	0.00000
Lichenicoccus	2781897	G	286	1	287	0.00000
Rhodopila	1070	G	268	1	269	0.00000
Lichenicola	2804525	G	234	1	235	0.00000
Pararoseomonas	2870712	G	194	6	200	0.00000
Entomobacter	2811380	G	179	0	179	0.00000
Nguyenibacter	1519186	G	156	2	158	0.00000
Commensalibacter	1079922	G	143	1	144	0.00000
Kozakia	153497	G	122	9	131	0.00000
Neoasaia	320496	G	97	2	99	0.00000
Novacetimonas	2919364	G	97	7	104	0.00000
Formicincola	2952773	G	96	0	96	0.00000
Oecophyllibacter	2791118	G	87	0	87	0.00000
Swingsia	1649499	G	57	1	58	0.00000
Neokomagataea	1223423	G	55	1	56	0.00000
Candidatus Kirkpatrickella	3097638	G	55	0	55	0.00000
Aristophania	3027666	G	41	0	41	0.00000
Parasaccharibacter	1602345	G	27	0	27	0.00000
Acidiphilium	522	G	590	4	594	0.00000
Acidisoma	512381	G	145	0	145	0.00000
Acidocella	50709	G	102	0	102	0.00000
Elioraea	457933	G	125	0	125	0.00000
Azospirillum	191	G	4672	471	5143	0.00002
Skermanella	204447	G	613	73	686	0.00000
Niveispirillum	1543704	G	320	30	350	0.00000
Indioceanicola	2478349	G	189	19	208	0.00000
Nitrospirillum	1543705	G	154	28	182	0.00000
Magnetospirillum	13134	G	1299	204	1503	0.00001
Defluviicoccus	111830	G	653	17	670	0.00000
Ferrovibrio	1231242	G	617	4	621	0.00000
Rhodospirillum	1081	G	365	22	387	0.00000
Pararhodospirillum	1612157	G	124	7	131	0.00000
Aerophototrophica	2811387	G	90	2	92	0.00000
Candidatus Endolissoclinum	1263978	G	89	0	89	0.00000
Thalassospira	168934	G	1804	95	1899	0.00001
Magnetospira	1182780	G	61	0	61	0.00000
Nisaea	390876	G	659	27	686	0.00000
Thalassobaculum	526215	G	601	18	619	0.00000
Pelagibius	643951	G	588	3	591	0.00000
Algihabitans	2821512	G	583	6	589	0.00000
Caenispirillum	414051	G	488	7	495	0.00000
Haematospirillum	1804663	G	48	0	48	0.00000
Hypericibacter	2705399	G	379	4	383	0.00000
Terasakiella	196080	G	330	0	330	0.00000
Stella	93	G	274	2	276	0.00000
Aestuariispira	1647175	G	134	1	135	0.00000
Hwanghaeella	2605940	G	114	0	114	0.00000
Paramagnetospirillum	3031148	G	224	104	328	0.00000
Varunaivibrio	1866954	G	202	1	203	0.00000
Zavarzinia	204446	G	132	0	132	0.00000
Brevundimonas	41275	G	8168	4000	12168	0.00005
Caulobacter	75	G	3997	82	4079	0.00002
Asticcacaulis	76890	G	1428	10	1438	0.00001
Phenylobacterium	20	G	887	18	905	0.00000
Terricaulis	2768684	G	285	1	286	0.00000
Candidatus Sneabacter	2601645	G	1644	0	1644	0.00001
Rickettsia	780	G	879	21	900	0.00000
Candidatus Tisiphia	2996317	G	556	39	595	0.00000
Orientia	69474	G	102	0	102	0.00000
Candidatus Trichorickettsia	1522201	G	87	0	87	0.00000
Candidatus Megaera	1742636	G	42	0	42	0.00000
Candidatus Phycorickettsia	2115980	G	37	0	37	0.00000
Wolbachia	953	G	1400	10	1410	0.00001
Ehrlichia	943	G	454	5	459	0.00000
Neorickettsia	33993	G	454	1	455	0.00000
Anaplasma	768	G	183	2	185	0.00000
Candidatus Mesenet	2883098	G	86	0	86	0.00000
Candidatus Neoehrlichia	467749	G	81	0	81	0.00000
Candidatus Bandiella	2716172	G	607	28	635	0.00000
Candidatus Fokinia	1802983	G	142	61	203	0.00000
Candidatus Lariskella	1175554	G	80	4	84	0.00000
Candidatus Midichloria	411566	G	12	3	15	0.00000
Candidatus Deianiraea	2603321	G	97	62	159	0.00000
Tistrella	171436	G	2069	162	2231	0.00001
Marinivivus	3457535	G	387	2	389	0.00000
Oceanicaulis	153232	G	698	6	704	0.00000
Hyphobacterium	2004661	G	329	25	354	0.00000
Maricaulis	74317	G	286	2	288	0.00000
Glycocaulis	1433402	G	103	4	107	0.00000
Marinicauda	1649466	G	95	6	101	0.00000
Litorimonas	1167830	G	217	0	217	0.00000
Algimonas	1246884	G	184	0	184	0.00000
Fretibacter	1649331	G	16	0	16	0.00000
Candidatus Cytomitobacter	2601574	G	442	0	442	0.00000
Candidatus Bealeia	1920992	G	382	256	638	0.00000
Candidatus Hydrogenosomobacter	2654634	G	37	0	37	0.00000
Candidatus Nucleicultrix	1509243	G	126	3	129	0.00000
Candidatus Odyssella	84646	G	47	0	47	0.00000
Candidatus Bodocaedibacter	3163645	G	22	0	22	0.00000
Candidatus Paracaedibacter	1521255	G	17	0	17	0.00000
Hyphococcus	2038635	G	784	0	784	0.00000
Parvularcula	208215	G	226	7	233	0.00000
Aquisalinus	1795639	G	163	0	163	0.00000
Hyphomonas	85	G	541	10	551	0.00000
Candidatus Viadribacter	2892997	G	283	0	283	0.00000
Hirschia	2723	G	42	0	42	0.00000
Kordiimonas	288021	G	410	0	410	0.00000
Gimibacter	3058346	G	244	0	244	0.00000
Temperatibacter	1549129	G	45	0	45	0.00000
Paremcibacter	2813804	G	239	0	239	0.00000
Emcibacter	1602338	G	131	0	131	0.00000
Luteithermobacter	2813803	G	127	3	130	0.00000
Pseudemcibacter	2943291	G	79	0	79	0.00000
Radicibacter	3462474	G	217	2	219	0.00000
Candidatus Ponderosibacter	3457287	G	58	0	58	0.00000
Candidatus Puniceispirillum	767891	G	49	0	49	0.00000
Candidatus Levibacter	3457288	G	92	0	92	0.00000
Minwuia	2493629	G	194	0	194	0.00000
Sneathiella	510690	G	133	31	164	0.00000
Comamonas	283	G	331593	49771	381364	0.00145
Variovorax	34072	G	11635	517	12152	0.00005
Acidovorax	12916	G	4027	395	4422	0.00002
Hydrogenophaga	47420	G	3482	254	3736	0.00001
Rhodoferax	28065	G	2343	80	2423	0.00001
Diaphorobacter	238749	G	2014	347	2361	0.00001
Delftia	80865	G	1277	244	1521	0.00001
Ottowia	219181	G	931	44	975	0.00000
Polaromonas	52972	G	896	11	907	0.00000
Ramlibacter	174951	G	755	15	770	0.00000
Alicycliphilus	201096	G	701	282	983	0.00000
Limnohabitans	665874	G	446	5	451	0.00000
Paracidovorax	3051137	G	412	30	442	0.00000
Paenacidovorax	3051138	G	410	18	428	0.00000
Verminephrobacter	364316	G	338	2	340	0.00000
Curvibacter	281915	G	272	14	286	0.00000
Vandammella	2919468	G	232	2	234	0.00000
Melaminivora	1649468	G	216	32	248	0.00000
Serpentinimonas	2490452	G	149	4	153	0.00000
Hylemonella	232523	G	117	1	118	0.00000
Brachymonas	28219	G	96	4	100	0.00000
Simplicispira	352450	G	91	12	103	0.00000
Pulveribacter	2678886	G	79	3	82	0.00000
Candidatus Symbiobacter	1436289	G	57	0	57	0.00000
Achromobacter	222	G	79453	9240	88693	0.00034
Bordetella	517	G	4000	393	4393	0.00002
Alcaligenes	507	G	1239	46	1285	0.00000
Pigmentiphaga	152267	G	1122	35	1157	0.00000
Pollutimonas	2987599	G	629	24	653	0.00000
Castellaniella	359336	G	529	21	550	0.00000
Advenella	290425	G	388	19	407	0.00000
Paralcaligenes	1148163	G	354	3	357	0.00000
Taylorella	29574	G	348	8	356	0.00000
Orrella	1921582	G	318	15	333	0.00000
Neopusillimonas	2987605	G	232	16	248	0.00000
Kerstersia	257820	G	227	10	237	0.00000
Oligella	90243	G	181	9	190	0.00000
Ampullimonas	1920247	G	154	11	165	0.00000
Pusillimonas	305976	G	123	6	129	0.00000
Parapusillimonas	1403714	G	114	25	139	0.00000
Basilea	1472344	G	105	1	106	0.00000
Pelistega	106146	G	89	2	91	0.00000
Paenalcaligenes	1100891	G	22	3	25	0.00000
Burkholderia	32008	G	16291	2503	18794	0.00007
Paraburkholderia	1822464	G	14053	749	14802	0.00006
Cupriavidus	106589	G	9811	1101	10912	0.00004
Caballeronia	1827195	G	3027	794	3821	0.00001
Polynucleobacter	44013	G	3006	9	3015	0.00001
Ralstonia	48736	G	2860	450	3310	0.00001
Pandoraea	93217	G	2352	122	2474	0.00001
Limnobacter	131079	G	777	9	786	0.00000
Trinickia	2571160	G	665	33	698	0.00000
Robbsia	2038280	G	206	5	211	0.00000
Mycetohabitans	2571159	G	174	2	176	0.00000
Lautropia	47670	G	165	4	169	0.00000
Pararobbsia	2718863	G	162	4	166	0.00000
Candidatus Vallotiella	2018044	G	128	2	130	0.00000
Imbroritus	3422601	G	105	13	118	0.00000
Mycoavidus	1810868	G	104	0	104	0.00000
Ephemeroptericola	2680021	G	74	1	75	0.00000
Massilia	149698	G	4880	478	5358	0.00002
Pseudoduganella	1522432	G	3131	369	3500	0.00001
Duganella	75654	G	656	73	729	0.00000
Telluria	34069	G	441	202	643	0.00000
Rugamonas	212744	G	187	37	224	0.00000
Oxalobacter	846	G	3460	272	3732	0.00001
Herbaspirillum	963	G	2172	119	2291	0.00001
Janthinobacterium	29580	G	2061	167	2228	0.00001
Undibacterium	401469	G	755	31	786	0.00000
Collimonas	202907	G	723	26	749	0.00000
Actimicrobium	1051898	G	508	35	543	0.00000
Noviherbaspirillum	1344552	G	470	17	487	0.00000
Herminiimonas	303379	G	142	5	147	0.00000
Glaciimonas	1229970	G	120	6	126	0.00000
Roseateles	93681	G	4674	193	4867	0.00002
Piscinibacter	1114981	G	1613	95	1708	0.00001
Caldimonas	196013	G	1163	146	1309	0.00000
Rubrivivax	28067	G	970	73	1043	0.00000
Methylibium	316612	G	905	69	974	0.00000
Sphaerotilus	34102	G	804	81	885	0.00000
Aquincola	391952	G	494	95	589	0.00000
Leptothrix	88	G	324	24	348	0.00000
Inhella	644355	G	180	8	188	0.00000
Ideonella	36862	G	153	28	181	0.00000
Thiomonas	32012	G	1694	17	1711	0.00001
Xylophilus	54066	G	725	23	748	0.00000
Tepidimonas	114248	G	461	27	488	0.00000
Aquabacterium	92793	G	407	19	426	0.00000
Rhizobacter	212743	G	235	7	242	0.00000
Piscinibacterium	2066914	G	208	1	209	0.00000
Eleftheria	1597779	G	197	5	202	0.00000
Candidatus Ichthyocystis	2929841	G	65	0	65	0.00000
Sutterella	40544	G	833	40	873	0.00000
Duodenibacillus	1980697	G	239	12	251	0.00000
Turicimonas	1918598	G	203	11	214	0.00000
Neisseria	482	G	4409	435	4844	0.00002
Snodgrassella	1193515	G	598	31	629	0.00000
Kingella	32257	G	513	54	567	0.00000
Uruburuella	299568	G	438	22	460	0.00000
Alysiella	194195	G	414	34	448	0.00000
Vitreoscilla	59	G	325	13	338	0.00000
Conchiformibius	334107	G	197	7	204	0.00000
Eikenella	538	G	176	28	204	0.00000
Crenobacter	1654931	G	122	10	132	0.00000
Wielerella	2944815	G	105	7	112	0.00000
Aquella	2593687	G	98	0	98	0.00000
Paralysiella	2898489	G	70	4	74	0.00000
Simonsiella	71	G	48	3	51	0.00000
Bergeriella	334108	G	41	8	49	0.00000
Chromobacterium	535	G	1487	86	1573	0.00001
Paludibacterium	400060	G	865	33	898	0.00000
Vogesella	57739	G	605	57	662	0.00000
Aquitalea	407217	G	337	35	372	0.00000
Pseudogulbenkiania	568394	G	230	26	256	0.00000
Jeongeupia	885864	G	1004	61	1065	0.00000
Chitiniphilus	585890	G	610	84	694	0.00000
Chitinibacter	230666	G	417	53	470	0.00000
Chitinimonas	240411	G	362	13	375	0.00000
Deefgea	400947	G	196	18	214	0.00000
Chitinolyticbacter	1055692	G	134	9	143	0.00000
Iodobacter	32014	G	126	14	140	0.00000
Silvimonas	300264	G	55	1	56	0.00000
Microvirgula	57479	G	854	26	880	0.00000
Laribacter	168470	G	169	86	255	0.00000
Aquaspirillum	187	G	92	2	94	0.00000
Thauera	33057	G	2125	582	2707	0.00001
Azoarcus	12960	G	939	173	1112	0.00000
Nitrogeniibacter	2891294	G	445	18	463	0.00000
Pseudothauera	2891324	G	291	42	333	0.00000
Parazoarcus	2891322	G	242	27	269	0.00000
Pseudazoarcus	2891323	G	171	12	183	0.00000
Azonexus	146936	G	1142	543	1685	0.00001
Dechloromonas	73029	G	1106	242	1348	0.00001
Ferribacterium	88875	G	1010	52	1062	0.00000
Quatrionicoccus	138117	G	172	37	209	0.00000
Aromatoleum	551759	G	924	183	1107	0.00000
Niveibacterium	1769726	G	687	20	707	0.00000
Azospira	146937	G	549	116	665	0.00000
Oryzomicrobium	1911577	G	119	8	127	0.00000
Fluviibacter	2808942	G	47	4	51	0.00000
Ferrigenium	2249462	G	687	30	717	0.00000
Candidatus Nitrotoga	453161	G	553	2	555	0.00000
Sideroxydans	314343	G	412	22	434	0.00000
Sideroxyarcus	2943286	G	103	7	110	0.00000
Gallionella	96	G	80	3	83	0.00000
Ferriphaselus	1443590	G	72	3	75	0.00000
Sterolibacterium	157591	G	454	39	493	0.00000
Methyloversatilis	378210	G	414	19	433	0.00000
Denitratisoma	311181	G	233	79	312	0.00000
Rugosibacter	1914449	G	198	28	226	0.00000
Sulfuricystis	3050898	G	148	21	169	0.00000
Sulfuritalea	1054211	G	133	24	157	0.00000
Candidatus Methylopumilus	1679002	G	700	15	715	0.00000
Methylophilus	16	G	206	2	208	0.00000
Methylotenera	359407	G	140	2	142	0.00000
Methylovorus	81682	G	71	0	71	0.00000
Methylobacillus	404	G	67	6	73	0.00000
Methyloradius	2872156	G	60	1	61	0.00000
Nitrosomonas	914	G	909	51	960	0.00000
Nitrosospira	35798	G	302	1	303	0.00000
Sulfuriferula	1778653	G	433	17	450	0.00000
Sulfuricella	935200	G	398	7	405	0.00000
Sulfurimicrobium	2772198	G	124	2	126	0.00000
Thiobacillus	919	G	607	22	629	0.00000
Sulfuritortus	1938335	G	166	42	208	0.00000
Usitatibacter	2803845	G	670	5	675	0.00000
Candidatus Kinetoplastidibacterium	33055	G	270	4	274	0.00000
Candidatus Accumulibacter	327159	G	145	6	151	0.00000
Chitinivorax	1433992	G	145	10	155	0.00000
Casimicrobium	2706000	G	127	11	138	0.00000
Candidatus Profftella	1381133	G	36	1	37	0.00000
Candidatus Nasuia	1301080	G	30	0	30	0.00000
Ferrovum	416212	G	332	2	334	0.00000
Acidithiobacillus	119977	G	1645	4	1649	0.00001
Thermithiobacillus	119979	G	152	7	159	0.00000
Hydrogenophilus	70774	G	198	4	202	0.00000
Mariprofundus	377315	G	131	0	131	0.00000
Magnetococcus	162171	G	60	0	60	0.00000
Bacteroides	816	G	180424	11921	192345	0.00073
Phocaeicola	909656	G	9202	2990	12192	0.00005
Alistipes	239759	G	146835	7530	154365	0.00059
Acetobacteroides	1647173	G	721	13	734	0.00000
Parabacteroides	375288	G	71722	7259	78981	0.00030
Tannerella	195950	G	1424	38	1462	0.00001
Coprobacter	1348911	G	63841	8038	71879	0.00027
Barnesiella	397864	G	2353	204	2557	0.00001
Butyricimonas	574697	G	19782	1743	21525	0.00008
Odoribacter	283168	G	18281	1107	19388	0.00007
Prevotella	838	G	8694	354	9048	0.00003
Segatella	2974251	G	3147	134	3281	0.00001
Paraprevotella	577309	G	1398	136	1534	0.00001
Hoylesella	2974257	G	480	164	644	0.00000
Xylanibacter	558436	G	380	4	384	0.00000
Pseudoprevotella	2884814	G	202	2	204	0.00000
Porphyromonas	836	G	4328	144	4472	0.00002
Macellibacteroides	1159323	G	2645	87	2732	0.00001
Dysgonomonas	156973	G	2444	66	2510	0.00001
Petrimonas	307628	G	1663	269	1932	0.00001
Proteiniphilum	294702	G	1373	61	1434	0.00001
Limibacterium	3404873	G	851	14	865	0.00000
Muribaculum	1918540	G	1404	91	1495	0.00001
Duncaniella	2518495	G	1122	19	1141	0.00000
Paramuribaculum	2518497	G	998	40	1038	0.00000
Sodaliphilus	2815786	G	347	18	365	0.00000
Paludibacter	346096	G	662	0	662	0.00000
Salinivirga	1970191	G	403	0	403	0.00000
Tenuifilum	2760873	G	234	0	234	0.00000
Candidatus Azobacteroides	511434	G	138	0	138	0.00000
Draconibacterium	1471399	G	3128	109	3237	0.00001
Mangrovibacterium	1573808	G	734	98	832	0.00000
Maribellus	2678352	G	654	29	683	0.00000
Halosquirtibacter	3374594	G	631	29	660	0.00000
Gaoshiqia	3045890	G	616	13	629	0.00000
Aquipluma	2792393	G	605	7	612	0.00000
Labilibaculum	2060722	G	1294	62	1356	0.00001
Marinifilum	866673	G	1109	50	1159	0.00000
Alkalitalea	1193324	G	454	20	474	0.00000
Xiashengella	3129724	G	303	109	412	0.00000
Lutibacter	358023	G	132958	1501	134459	0.00051
Flagellimonas	444459	G	98305	2975	101280	0.00039
Tenacibaculum	104267	G	60091	1432	61523	0.00023
Flavobacterium	237	G	40905	538	41443	0.00016
Polaribacter	52959	G	13455	525	13980	0.00005
Capnocytophaga	1016	G	2731	64	2795	0.00001
Aquimarina	290174	G	1857	32	1889	0.00001
Maribacter	252356	G	1720	64	1784	0.00001
Winogradskyella	286104	G	1671	60	1731	0.00001
Algibacter	261827	G	1399	49	1448	0.00001
Christiangramia	292691	G	1393	32	1425	0.00001
Formosa	225842	G	1385	44	1429	0.00001
Nonlabens	363408	G	1242	31	1273	0.00000
Cellulophaga	104264	G	984	24	1008	0.00000
Aequorivita	153265	G	954	23	977	0.00000
Myroides	76831	G	948	60	1008	0.00000
Mariniflexile	527198	G	803	16	819	0.00000
Lacinutrix	291183	G	739	45	784	0.00000
Zobellia	112040	G	712	9	721	0.00000
Robiginitalea	252306	G	711	8	719	0.00000
Imtechella	1165076	G	665	9	674	0.00000
Kordia	221065	G	651	8	659	0.00000
Leeuwenhoekiella	283735	G	548	15	563	0.00000
Salegentibacter	143222	G	531	73	604	0.00000
Zunongwangia	417127	G	531	60	591	0.00000
Salinimicrobium	561367	G	407	12	419	0.00000
Antarcticibacterium	2058174	G	372	12	384	0.00000
Sinomicrobium	1434045	G	372	1	373	0.00000
Oceanihabitans	2045416	G	371	30	401	0.00000
Allomuricauda	111500	G	368	5	373	0.00000
Seonamhaeicola	1649495	G	365	6	371	0.00000
Flavivirga	1209327	G	343	3	346	0.00000
Dokdonia	326319	G	303	4	307	0.00000
Mesoflavibacter	444051	G	299	7	306	0.00000
Olleya	336276	G	295	23	318	0.00000
Abyssalbus	2967089	G	278	2	280	0.00000
Zhouia	561555	G	268	13	281	0.00000
Siansivirga	1204360	G	266	8	274	0.00000
Arenibacter	178469	G	259	20	279	0.00000
Daejeonia	2027867	G	245	76	321	0.00000
Mangrovimonas	1211036	G	242	7	249	0.00000
Psychroserpens	49277	G	237	20	257	0.00000
Aestuariibaculum	1386924	G	235	5	240	0.00000
Allotamlana	3400365	G	222	4	226	0.00000
Psychroflexus	83612	G	217	6	223	0.00000
Thalassobellus	3400333	G	207	6	213	0.00000
Pukyongia	2831916	G	202	5	207	0.00000
Wenyingzhuangia	1518147	G	196	5	201	0.00000
Pseudalgibacter	2861660	G	178	7	185	0.00000
Galbibacter	379068	G	172	4	176	0.00000
Changchengzhania	2049301	G	164	2	166	0.00000
Flaviramulus	369400	G	163	5	168	0.00000
Amniculibacterium	2715289	G	161	59	220	0.00000
Patiriisocius	2822394	G	155	5	160	0.00000
Costertonia	343334	G	151	10	161	0.00000
Rasiella	2987594	G	150	3	153	0.00000
Pontimicrobium	2918913	G	145	6	151	0.00000
Aureibaculum	2706948	G	139	2	141	0.00000
Aegicerativicinus	2893197	G	133	2	135	0.00000
Bizionia	283785	G	127	5	132	0.00000
Gilvibacter	379070	G	125	2	127	0.00000
Urechidicola	2700084	G	124	14	138	0.00000
Candidatus Marifrigoribacter	3457289	G	123	3	126	0.00000
Gillisia	244698	G	117	12	129	0.00000
Lutimonas	449810	G	114	1	115	0.00000
Constantimarinum	2907134	G	111	3	114	0.00000
Ulvibacterium	2665910	G	110	0	110	0.00000
Aggregatimonas	2913017	G	103	0	103	0.00000
Hwangdonia	1649460	G	101	5	106	0.00000
Pseudotamlana	3400368	G	93	11	104	0.00000
Muriicola	762641	G	91	0	91	0.00000
Sediminicola	389486	G	90	0	90	0.00000
Paenimyroides	3085669	G	89	38	127	0.00000
Vaginella	1935184	G	79	30	109	0.00000
Tamlana	393005	G	76	11	87	0.00000
Euzebyella	1287916	G	72	8	80	0.00000
Candidatus Arcticimaribacter	2953860	G	68	1	69	0.00000
Croceibacter	216431	G	58	2	60	0.00000
Marixanthomonas	387658	G	42	3	45	0.00000
Chryseobacterium	59732	G	98904	3093	101997	0.00039
Kaistella	2782231	G	1202	27	1229	0.00000
Epilithonimonas	2782229	G	531	70	601	0.00000
Elizabethkingia	308865	G	37382	57	37439	0.00014
Apibacter	1778601	G	698	43	741	0.00000
Riemerella	34084	G	691	1127	1818	0.00001
Empedobacter	59734	G	666	113	779	0.00000
Ornithobacterium	28250	G	658	21	679	0.00000
Cloacibacterium	501783	G	457	40	497	0.00000
Faecalibacter	2766734	G	319	5	324	0.00000
Weeksella	1013	G	153	30	183	0.00000
Cruoricaptor	1433995	G	148	6	154	0.00000
Bergeyella	59735	G	142	19	161	0.00000
Marnyiella	3088764	G	91	1	92	0.00000
Blattabacterium	34098	G	4062	50	4112	0.00002
Fluviicola	332102	G	351	2	353	0.00000
Paracrocinitomix	3024544	G	194	0	194	0.00000
Croceimicrobium	2828338	G	283	4	287	0.00000
Owenweeksia	267986	G	106	0	106	0.00000
Parvicella	2975260	G	198	1	199	0.00000
Candidatus Walczuchella	1940138	G	96	0	96	0.00000
Candidatus Karelsulcia	336809	G	61	1	62	0.00000
Candidatus Shikimatogenerans	2926991	G	16	1	17	0.00000
Ichthyobacterium	1755829	G	98	0	98	0.00000
Sanyastnella	3228946	G	85	0	85	0.00000
Sphingobacterium	28453	G	84908	2525	87433	0.00033
Mucilaginibacter	423349	G	12621	40	12661	0.00005
Pedobacter	84567	G	7248	50	7298	0.00003
Olivibacter	376469	G	478	9	487	0.00000
Solitalea	929509	G	445	1	446	0.00000
Pseudopedobacter	1649482	G	309	25	334	0.00000
Arcticibacter	1288026	G	263	1	264	0.00000
Anseongella	1773450	G	234	0	234	0.00000
Aurantibacillus	3088889	G	154	7	161	0.00000
Pontibacter	323449	G	28759	599	29358	0.00011
Hymenobacter	89966	G	8787	72	8859	0.00003
Rufibacter	1379908	G	689	69	758	0.00000
Adhaeribacter	299566	G	452	9	461	0.00000
Nibribacter	1649474	G	99	19	118	0.00000
Candidatus Amoebophilus	281119	G	6566	0	6566	0.00002
Candidatus Cardinium	273135	G	175	4	179	0.00000
Dyadobacter	120831	G	3018	44	3062	0.00001
Runella	105	G	973	1	974	0.00000
Tellurirhabdus	2674996	G	638	33	671	0.00000
Larkinella	332157	G	616	15	631	0.00000
Fibrella	861914	G	236	8	244	0.00000
Fibrisoma	861913	G	10	0	10	0.00000
Marivirga	869806	G	3953	247	4200	0.00002
Algoriphagus	246875	G	1293	64	1357	0.00001
Echinicola	390846	G	1165	99	1264	0.00000
Cyclobacterium	68288	G	886	63	949	0.00000
Aquiflexum	280472	G	260	11	271	0.00000
Belliella	232244	G	131	17	148	0.00000
Mongoliitalea	1511649	G	80	1	81	0.00000
Spirosoma	107	G	3217	21	3238	0.00001
Cytophaga	978	G	257	5	262	0.00000
Flammeovirga	59739	G	898	31	929	0.00000
Chondrinema	3051458	G	464	33	497	0.00000
Imperialibacter	1649461	G	338	15	353	0.00000
Fulvivirga	396811	G	776	36	812	0.00000
Chryseolinea	1433993	G	307	1	308	0.00000
Ekhidna	447678	G	718	26	744	0.00000
Reichenbachiella	156993	G	276	4	280	0.00000
Emticicia	312278	G	286	3	289	0.00000
Marinilongibacter	2975149	G	223	8	231	0.00000
Arcticibacterium	2173039	G	130	11	141	0.00000
Leadbetterella	319458	G	121	14	135	0.00000
Jiulongibacter	2031119	G	83	12	95	0.00000
Bernardetia	1937972	G	728	1	729	0.00000
Catalinimonas	1522128	G	310	12	322	0.00000
Porifericola	1001222	G	216	13	229	0.00000
Tunicatimonas	1077254	G	109	0	109	0.00000
Fulvitalea	1434007	G	248	6	254	0.00000
Persicobacter	59740	G	245	7	252	0.00000
Aureibacter	1097443	G	132	2	134	0.00000
Roseivirga	290180	G	567	19	586	0.00000
Rhodocytophaga	455076	G	363	1	364	0.00000
Aquirufa	2676247	G	254	1	255	0.00000
Mangrovivirga	2858886	G	164	1	165	0.00000
Ferruginibacter	1004303	G	27574	198	27772	0.00011
Chitinophaga	79328	G	5215	29	5244	0.00002
Arachidicoccus	1769012	G	3375	86	3461	0.00001
Niabella	379899	G	957	11	968	0.00000
Paraflavitalea	2698688	G	709	7	716	0.00000
Pseudobacter	1860196	G	503	10	513	0.00000
Puia	2045098	G	442	4	446	0.00000
Lacibacter	649461	G	410	2	412	0.00000
Pseudocnuella	2812019	G	393	7	400	0.00000
Flavisolibacter	398041	G	339	4	343	0.00000
Flavihumibacter	1004301	G	334	1	335	0.00000
Niastella	354354	G	277	5	282	0.00000
Sediminibacterium	504481	G	275	5	280	0.00000
Phnomibacter	2836216	G	262	4	266	0.00000
Filimonas	649460	G	218	8	226	0.00000
Panacibacter	1874621	G	187	0	187	0.00000
Rhizosphaericola	3114547	G	162	1	163	0.00000
Mycovorax	3389990	G	149	14	163	0.00000
Thermoflavifilum	1649506	G	125	0	125	0.00000
Lewinella	70994	G	2601	9	2610	0.00001
Neolewinella	2993541	G	123	0	123	0.00000
Aureispira	365032	G	441	1	442	0.00000
Saprospira	1007	G	185	0	185	0.00000
Phaeodactylibacter	1564515	G	244	0	244	0.00000
Haliscomenobacter	2349	G	230	0	230	0.00000
Candidatus Sulfidibacterium	2923290	G	389	0	389	0.00000
Chlorobaculum	256319	G	1522	10	1532	0.00001
Prosthecochloris	1101	G	912	15	927	0.00000
Chlorobium	1091	G	526	19	545	0.00000
Pelodictyon	1099	G	299	14	313	0.00000
Chloroherpeton	100715	G	95	0	95	0.00000
Rubrivirga	1434037	G	1055	4	1059	0.00000
Rhodothermus	29548	G	711	10	721	0.00000
Rhodocaloribacter	2893090	G	183	9	192	0.00000
Salinibacter	146918	G	87	0	87	0.00000
Ignavibacterium	795750	G	301	0	301	0.00000
Melioribacter	1134403	G	188	0	188	0.00000
Gracilimonas	649462	G	234	1	235	0.00000
Cyclonatronum	2489367	G	111	23	134	0.00000
Gemmatimonas	173479	G	1355	2	1357	0.00001
Gemmatirosa	1706036	G	931	76	1007	0.00000
Pseudogemmatithrix	3237678	G	215	23	238	0.00000
Candidatus Palauibacter	3056650	G	1580	6	1586	0.00001
Gaopeijia	3381669	G	94	0	94	0.00000
Fidelibacter	3377528	G	542	0	542	0.00000
Fibrobacter	832	G	115	13	128	0.00000
Candidatus Cloacimonas	456826	G	56	0	56	0.00000
Akkermansia	239934	G	67202	3994	71196	0.00027
Luteolibacter	518753	G	8059	666	8725	0.00003
Oceaniferula	2886881	G	1333	91	1424	0.00001
Haloferula	574899	G	1301	202	1503	0.00001
Verrucomicrobium	2735	G	1289	107	1396	0.00001
Sulfuriroseicoccus	2911469	G	965	233	1198	0.00000
Roseimicrobium	1348508	G	905	9	914	0.00000
Roseibacillus	518755	G	649	96	745	0.00000
Fontisphaera	3050007	G	364	0	364	0.00000
Termitidicoccus	3126963	G	1751	83	1834	0.00001
Opitutus	178440	G	1272	63	1335	0.00001
Nibricoccus	2576890	G	1056	87	1143	0.00000
Ereboglobus	2028344	G	750	59	809	0.00000
Synoicihabitans	2892920	G	538	20	558	0.00000
Actomonas	3138693	G	312	8	320	0.00000
Oleiharenicola	2100741	G	300	44	344	0.00000
Lacunisphaera	1961799	G	276	24	300	0.00000
Horticoccus	2986286	G	240	17	257	0.00000
Congregicoccus	3458163	G	857	18	875	0.00000
Coraliomargarita	442430	G	538	0	538	0.00000
Ruficoccus	2175957	G	247	43	290	0.00000
Rubellicoccus	3138622	G	150	7	157	0.00000
Candidatus Pelagisphaera	3049269	G	105	10	115	0.00000
Methylacidiphilum (ex Ratnadevi et al. 2023)	511745	G	525	34	559	0.00000
Methylacidimicrobium	1541670	G	431	33	464	0.00000
Planctopirus	1649480	G	21387	220	21607	0.00008
Planctomicrobium	1779141	G	1969	20	1989	0.00001
Gimesia	1649453	G	1935	22	1957	0.00001
Planctomyces	118	G	1696	108	1804	0.00001
Crateriforma	2714592	G	904	1245	2149	0.00001
Planctellipticum	3132181	G	783	10	793	0.00000
Caulifigura	2795778	G	401	1	402	0.00000
Schlesneria	656899	G	337	0	337	0.00000
Stratiformator	3076095	G	278	5	283	0.00000
Maioricimonas	2795777	G	272	9	281	0.00000
Symmachiella	2795780	G	269	3	272	0.00000
Polystyrenella	2795774	G	206	4	210	0.00000
Alienimonas	2714737	G	171	2	173	0.00000
Calycomorphotria	2795776	G	152	2	154	0.00000
Rubinisphaera	1649490	G	149	15	164	0.00000
Fuerstiella	1936111	G	124	0	124	0.00000
Thalassoglobus	2795865	G	32	0	32	0.00000
Anatilimnocola	2807414	G	2180	33	2213	0.00001
Stieleria	2795973	G	1267	71	1338	0.00001
Lignipirellula	2795775	G	641	98	739	0.00000
Rosistilla	2795779	G	534	21	555	0.00000
Bremerella	2714594	G	494	6	500	0.00000
Blastopirellula	265487	G	467	2	469	0.00000
Roseimaritima	1579506	G	324	9	333	0.00000
Mariniblastus	2005380	G	311	0	311	0.00000
Aureliella	2795605	G	209	15	224	0.00000
Rhodopirellula	265488	G	188	17	205	0.00000
Rubripirellula	1579505	G	150	23	173	0.00000
Pirellula	123	G	140	1	141	0.00000
Novipirellula	2795426	G	133	3	136	0.00000
Roseiconus	2814446	G	98	173	271	0.00000
Lacipirellula	2691417	G	2489	194	2683	0.00001
Botrimarina	2795782	G	1040	142	1182	0.00000
Aeoliella	2795781	G	934	118	1052	0.00000
Pirellulimonas	2795783	G	422	20	442	0.00000
Adhaeretor	2862451	G	241	50	291	0.00000
Bythopirellula	1400386	G	131	6	137	0.00000
Thermogutta	1676125	G	130	6	136	0.00000
Singulisphaera	466152	G	2875	246	3121	0.00001
Tundrisphaera	2029859	G	2067	148	2215	0.00001
Aquisphaera	1511635	G	1291	87	1378	0.00001
Paludisphaera	1763521	G	1233	127	1360	0.00001
Tautonia	2680020	G	656	5	661	0.00000
Isosphaera	127	G	147	5	152	0.00000
Gemmata	113	G	1504	130	1634	0.00001
Urbifossiella	2807415	G	1180	28	1208	0.00000
Frigoriglobus	2774146	G	897	111	1008	0.00000
Limnoglobus	2731450	G	817	53	870	0.00000
Tuwongella	2051044	G	263	11	274	0.00000
Telmatocola	1382832	G	192	2	194	0.00000
Saltatorellus	3405235	G	1394	105	1499	0.00001
Engelhardtia	3405233	G	246	7	253	0.00000
Rohdeia	3405237	G	128	0	128	0.00000
Kolteria	3405236	G	522	0	522	0.00000
Anaerohalosphaera	2690159	G	689	0	689	0.00000
Sedimentisphaera	2483368	G	244	107	351	0.00000
Limihaloglobus	2690160	G	198	3	201	0.00000
Humisphaera	2807511	G	962	0	962	0.00000
Fontivita	2989683	G	164	0	164	0.00000
Poriferisphaera	2803301	G	581	0	581	0.00000
Mucisphaera	2913022	G	276	4	280	0.00000
Phycisphaera	666508	G	140	2	142	0.00000
Candidatus Kuenenia	380738	G	444	0	444	0.00000
Candidatus Uabimicrobium	2897349	G	417	0	417	0.00000
Tichowtungia	2907187	G	1242	1	1243	0.00000
Kiritimatiella	1921784	G	501	796	1297	0.00000
Candidatus Protochlamydia	282132	G	273	46	319	0.00000
Neochlamydia	112987	G	85	11	96	0.00000
Parachlamydia	83551	G	27	140	167	0.00000
Candidatus Rhabdochlamydia	292833	G	106	22	128	0.00000
Simkania	34093	G	91	5	96	0.00000
Candidatus Neptunichlamydia	1891669	G	27	2	29	0.00000
Waddlia	71666	G	27	6	33	0.00000
Chlamydia	810	G	554	13	567	0.00000
Chlamydiifrater	2822114	G	97	0	97	0.00000
Lentisphaera	256846	G	584	0	584	0.00000
Candidatus Velamenicoccus	2789201	G	558	0	558	0.00000
Campylobacter	194	G	83163	1338	84501	0.00032
Halarcobacter	2321115	G	6907	148	7055	0.00003
Arcobacter	28196	G	2235	429	2664	0.00001
Aliarcobacter	2321111	G	2149	161	2310	0.00001
Malaciobacter	2321114	G	1142	31	1173	0.00000
Poseidonibacter	2321187	G	733	72	805	0.00000
Candidatus Marinarcus	2321204	G	118	3	121	0.00000
Sulfurimonas	202746	G	1859	69	1928	0.00001
Thiomicrolovo	3451667	G	754	286	1040	0.00000
Hydrocurvibacter	3451669	G	410	6	416	0.00000
Sulfuricurvum	286130	G	259	2	261	0.00000
Sulfonitrofixus	3451668	G	35	0	35	0.00000
Helicobacter	209	G	2463	45	2508	0.00001
Wolinella	843	G	166	2	168	0.00000
Sulfurospirillum	57665	G	1336	4	1340	0.00001
Hydrogenimonas	223785	G	592	21	613	0.00000
Sulfurovum	265570	G	411	9	420	0.00000
Nitratifractor	269260	G	60	3	63	0.00000
Nitrosophilus	2795692	G	855	32	887	0.00000
Nitratiruptor	269258	G	181	3	184	0.00000
Nautilia	191291	G	501	36	537	0.00000
Caminibacter	191301	G	156	14	170	0.00000
Hippea	84404	G	143	23	166	0.00000
Bilophila	35832	G	25355	173	25528	0.00010
Desulfovibrio	872	G	7709	591	8300	0.00003
Pseudodesulfovibrio	2035811	G	3812	318	4130	0.00002
Nitratidesulfovibrio	2802295	G	2203	509	2712	0.00001
Maridesulfovibrio	2794998	G	1793	35	1828	0.00001
Solidesulfovibrio	2910984	G	1339	83	1422	0.00001
Mailhella	1981028	G	1095	279	1374	0.00001
Oleidesulfovibrio	2909705	G	798	708	1506	0.00001
Desulfolutivibrio	2773294	G	580	11	591	0.00000
Oceanidesulfovibrio	2905722	G	252	1	253	0.00000
Megalodesulfovibrio	2910978	G	204	0	204	0.00000
Desulfobaculum	1433996	G	190	4	194	0.00000
Salidesulfovibrio	2950010	G	186	8	194	0.00000
Desulfocurvibacter	2582840	G	160	1	161	0.00000
Lawsonia	41707	G	136	1	137	0.00000
Halodesulfovibrio	1912771	G	106	2	108	0.00000
Taurinivorans	3126915	G	85	2	87	0.00000
Desulfomicrobium	898	G	1132	29	1161	0.00000
Thermodesulfomicrobium	2905949	G	103	1	104	0.00000
Desulfohalobium	45662	G	163	0	163	0.00000
Geobacter	28231	G	1885	86	1971	0.00001
Geomonas	2651583	G	1332	78	1410	0.00001
Citrifermentans	2883512	G	927	80	1007	0.00000
Trichlorobacter	115782	G	596	40	636	0.00000
Geotalea	2910589	G	373	17	390	0.00000
Syntrophotalea	2812025	G	1408	35	1443	0.00001
Desulfuromonas	890	G	1121	16	1137	0.00000
Pelobacter	18	G	133	59	192	0.00000
Geoalkalibacter	392332	G	667	138	805	0.00000
Desulfosarcina	2299	G	3155	109	3264	0.00001
Desulfonema	45654	G	921	4	925	0.00000
Desulfococcus	896	G	430	25	455	0.00000
Desulfoluna	497721	G	1306	17	1323	0.00001
Desulfobacter	2289	G	322	3	325	0.00000
Desulforapulum	2904687	G	280	5	285	0.00000
Desulfobacula	28222	G	143	1	144	0.00000
Desulfatibacillum	218207	G	601	4	605	0.00000
Desulfosudis	2904716	G	572	12	584	0.00000
Desulfobulbus	893	G	639	40	679	0.00000
Desulfomarina	2894767	G	325	2	327	0.00000
Desulfurivibrio	427922	G	149	0	149	0.00000
Candidatus Electrothrix	1859128	G	62	0	62	0.00000
Desulfolithobacter	3003266	G	58	0	58	0.00000
Desulfofustis	51194	G	494	1	495	0.00000
Desulfosediminicola	2886823	G	349	3	352	0.00000
Desulfopila	429014	G	199	1	200	0.00000
Desulfotalea	109168	G	100	1	101	0.00000
Desulfocapsa	53318	G	56	0	56	0.00000
Thermodesulfobacterium	1740	G	472	1	473	0.00000
Thermosulfurimonas	1522431	G	255	0	255	0.00000
Caldimicrobium	444090	G	91	0	91	0.00000
Thermosulfuriphilus	2033601	G	65	0	65	0.00000
Thermodesulfatator	241192	G	139	0	139	0.00000
Syntrophus	43773	G	660	5	665	0.00000
Desulfomonile	2357	G	546	0	546	0.00000
Desulfoferula	3093638	G	191	2	193	0.00000
Desulfarculus	453229	G	106	19	125	0.00000
Desulfobacca	60892	G	277	0	277	0.00000
Syntrophobacter	29526	G	146	14	160	0.00000
Desulfoglaeba	361106	G	90	0	90	0.00000
Candidatus Desulfofervidus	1902583	G	139	0	139	0.00000
Sorangium	39643	G	10158	126	10284	0.00004
Chondromyces	50	G	344	1	345	0.00000
Polyangium	55	G	247	3	250	0.00000
Pajaroellobacter	1882917	G	39	0	39	0.00000
Sandaracinus	1055688	G	846	6	852	0.00000
Labilithrix	1524217	G	716	2	718	0.00000
Haliangium	162027	G	940	7	947	0.00000
Nannocystis	53	G	836	3	839	0.00000
Myxococcus	32	G	2392	283	2675	0.00001
Corallococcus	83461	G	1813	426	2239	0.00001
Pseudomyxococcus	3434272	G	742	185	927	0.00000
Pyxidicoccus	224458	G	431	33	464	0.00000
Archangium	47	G	1633	467	2100	0.00001
Cystobacter	42	G	519	448	967	0.00000
Stigmatella	40	G	342	73	415	0.00000
Melittangium	44	G	208	120	328	0.00000
Anaeromyxobacter	161492	G	1256	17	1273	0.00000
Vulgatibacter	1524214	G	290	4	294	0.00000
Pendulispora	3375062	G	2198	13	2211	0.00001
Treponema	157	G	9712	282	9994	0.00004
Brucepastera	2967962	G	552	11	563	0.00000
Borrelia	138	G	991	6	997	0.00000
Borreliella	64895	G	824	47	871	0.00000
Marispirochaeta	1911565	G	344	2	346	0.00000
Salinispira	1616789	G	329	1	330	0.00000
Entomospira	2834378	G	248	0	248	0.00000
Sediminispirochaeta	1911556	G	169	53	222	0.00000
Thiospirochaeta	2792240	G	159	1	160	0.00000
Oceanispirochaeta	2035349	G	111	0	111	0.00000
Candidatus Haliotispira	3115661	G	81	0	81	0.00000
Spirochaeta	146	G	64	0	64	0.00000
Sphaerochaeta	399320	G	506	84	590	0.00000
Parasphaerochaeta	3062336	G	200	5	205	0.00000
Breznakiella	2845254	G	301	34	335	0.00000
Leadbettera	2951107	G	171	18	189	0.00000
Gracilinema	2951106	G	91	18	109	0.00000
Leptospira	171	G	3149	84	3233	0.00001
Turneriella	338321	G	54	0	54	0.00000
Brachyspira	29521	G	2463	17	2480	0.00001
Thermospira	3024226	G	266	0	266	0.00000
Winmispira	3457169	G	262	0	262	0.00000
Terriglobus	392733	G	1267	111	1378	0.00001
Tunturiibacter	3154218	G	1155	190	1345	0.00001
Silvibacterium	1775468	G	878	67	945	0.00000
Granulicella	940557	G	799	87	886	0.00000
Occallatibacter	1742983	G	595	35	630	0.00000
Edaphobacter	388463	G	387	49	436	0.00000
Telmatobacter	1078829	G	231	15	246	0.00000
Chloracidobacterium	458032	G	201	0	201	0.00000
Acidisarcina	2608728	G	148	41	189	0.00000
Alloacidobacterium	2951993	G	124	10	134	0.00000
Acidobacterium	33973	G	72	7	79	0.00000
Candidatus Korobacter	658061	G	1344	4	1348	0.00001
Paludibaculum	1649475	G	191	0	191	0.00000
Geothrix	44675	G	968	38	1006	0.00000
Mesoterricola	3074468	G	282	34	316	0.00000
Sulfidibacter	2915177	G	140	1	141	0.00000
Thermotomaculum	1172428	G	117	0	117	0.00000
Luteitalea	2004797	G	753	9	762	0.00000
Bdellovibrio	958	G	1558	31	1589	0.00001
Pseudobdellovibrio	2862745	G	455	14	469	0.00000
Micavibrio	213485	G	165	0	165	0.00000
Fluviispira	2698753	G	364	18	382	0.00000
Pigmentibacter	2838409	G	187	11	198	0.00000
Silvanigrella	2024975	G	80	6	86	0.00000
Spirobacillus	495819	G	201	14	215	0.00000
Halobacteriovorax	1652133	G	248	0	248	0.00000
Peredibacter	263370	G	134	0	134	0.00000
Bacteriovorax	146784	G	39	6	45	0.00000
Nitrospira	1234	G	461	0	461	0.00000
Leptospirillum	179	G	153	0	153	0.00000
Candidatus Magnetomonas	3459270	G	85	0	85	0.00000
Thermodesulfovibrio	28261	G	511	0	511	0.00000
Dissulfurispira	2811506	G	130	0	130	0.00000
Sulfurihydrogenibium	212790	G	448	6	454	0.00000
Persephonella	182899	G	77	0	77	0.00000
Thermocrinis	75905	G	164	0	164	0.00000
Hydrogenobacter	939	G	105	0	105	0.00000
Pampinifervens	3453421	G	101	0	101	0.00000
Hydrogenobaculum	168657	G	45	0	45	0.00000
Aquifex	2713	G	13	0	13	0.00000
Desulfurobacterium	64159	G	218	0	218	0.00000
Thermovibrio	171868	G	59	0	59	0.00000
Geovibrio	46200	G	158	14	172	0.00000
Denitrovibrio	117999	G	92	5	97	0.00000
Calditerrivibrio	545865	G	262	1	263	0.00000
Mucispirillum	248038	G	237	4	241	0.00000
Deferribacter	53572	G	109	4	113	0.00000
Flexistipes	2351	G	65	2	67	0.00000
Elusimicrobium	423604	G	299	0	299	0.00000
Parelusimicrobium	3416099	G	129	0	129	0.00000
Endomicrobium	1408194	G	156	0	156	0.00000
Candidatus Endomicrobiellum	3238959	G	153	0	153	0.00000
Thermodesulfobium	227388	G	436	0	436	0.00000
Atribacter	2847777	G	215	0	215	0.00000
Candidatus Caldatribacterium	1454725	G	102	0	102	0.00000
Thermatribacter	3240450	G	23	43	66	0.00000
Dictyoglomus	13	G	253	0	253	0.00000
Thermomicrobium	499	G	137	0	137	0.00000
Sphaerobacter	2056	G	100	0	100	0.00000
Caldithrix	187144	G	213	0	213	0.00000
Desulfurispirillum	393029	G	167	15	182	0.00000
Nitrospina	35800	G	132	0	132	0.00000
Caldisericum	693074	G	95	0	95	0.00000
Thermosulfidibacter	412592	G	78	0	78	0.00000
Coprothermobacter	68335	G	12	0	12	0.00000
Clostridium	1485	G	424829	40109	464938	0.00177
Candidatus Neoarthromitus	49082	G	17375	136	17511	0.00007
Wukongibacter	1884926	G	1330	14	1344	0.00001
Caloramator	44258	G	1157	78	1235	0.00000
Haloimpatiens	1755832	G	951	74	1025	0.00000
Proteiniclasticum	1155385	G	909	85	994	0.00000
Crassaminicella	1848399	G	888	21	909	0.00000
Oceanirhabdus	1434026	G	629	4	633	0.00000
Lactonifactor	420345	G	565	120	685	0.00000
Sarcina	1266	G	403	13	416	0.00000
Hathewaya	1769729	G	213	4	217	0.00000
Eubacterium	1730	G	98329	8291	106620	0.00041
Anaerofustis	264995	G	1521	263	1784	0.00001
Acetobacterium	33951	G	1507	48	1555	0.00001
Alkalibacter	274470	G	1390	8	1398	0.00001
Pseudoramibacter	113286	G	1142	24	1166	0.00000
Ruminococcus	1263	G	9517	786	10303	0.00004
Faecalibacterium	216851	G	7142	1492	8634	0.00003
Caproicibacterium	2834348	G	5395	337	5732	0.00002
Flavonifractor	946234	G	5271	658	5929	0.00002
Anaerotruncus	244127	G	3926	1100	5026	0.00002
Ruthenibacterium	1905344	G	3600	439	4039	0.00002
Vescimonas	2892396	G	3293	1948	5241	0.00002
Pseudoflavonifractor	1017280	G	3223	470	3693	0.00001
Ethanoligenens	253238	G	2719	127	2846	0.00001
Owariibacterium	3393728	G	2349	1214	3563	0.00001
Subdoligranulum	292632	G	2196	399	2595	0.00001
Solibaculum	2842531	G	1436	580	2016	0.00001
Oscillibacter	459786	G	1409	527	1936	0.00001
Lawsonibacter	2172004	G	1284	127	1411	0.00001
Ruminiclostridium	1508657	G	1267	105	1372	0.00001
Fastidiosipila	236752	G	1027	406	1433	0.00001
Paludihabitans	2038676	G	957	2	959	0.00000
Pusillibacter	2892397	G	937	287	1224	0.00000
Acetivibrio	35829	G	879	579	1458	0.00001
Mageeibacillus	1637257	G	840	226	1066	0.00000
Thermocaproicibacter	3048127	G	706	46	752	0.00000
Amygdalobacter	3079925	G	626	85	711	0.00000
Dysosmobacter	2591381	G	614	3222	3836	0.00001
Thermoclostridium	2304691	G	440	54	494	0.00000
Bengtsoniella	3389389	G	392	3	395	0.00000
Petroclostridium	2304687	G	349	5	354	0.00000
Caproiciproducens	1738645	G	5128	2497	7625	0.00003
Caproicibacter	2576755	G	1858	1886	3744	0.00001
Acutalibacter	1918385	G	1823	39	1862	0.00001
Intestinimonas	1392389	G	3112	314	3426	0.00001
Flintibacter	1918454	G	2411	128	2539	0.00001
Levyella	1715798	G	849	150	999	0.00000
Carboxydocella	178898	G	590	4	594	0.00000
Thermaerobacter	73918	G	307	0	307	0.00000
Sulfobacillus	28033	G	204	0	204	0.00000
Fenollaria	1686313	G	344	92	436	0.00000
Proteiniborus	415014	G	241	11	252	0.00000
Fusibacter	76008	G	208	1	209	0.00000
Agathobaculum	2048137	G	3594	1261	4855	0.00002
Butyricicoccus	580596	G	1475	310	1785	0.00001
Intestinibacillus	1928820	G	51	630	681	0.00000
Desulforamulus	2916693	G	1318	103	1421	0.00001
Thermanaerosceptrum	2651578	G	1218	25	1243	0.00000
Acididesulfobacillus	2924872	G	756	2	758	0.00000
Desulfofarcimen	2282742	G	520	13	533	0.00000
Dehalobacterium	51514	G	482	52	534	0.00000
Candidatus Formimonas	2840454	G	433	12	445	0.00000
Phosphitispora	2903061	G	205	17	222	0.00000
Desulfofundulus	2282741	G	120	4	124	0.00000
Desulfitobacterium	36853	G	1468	159	1627	0.00001
Desulfosporosinus	79206	G	1138	31	1169	0.00000
Dehalobacter	56112	G	677	121	798	0.00000
Syntrophobotulus	51196	G	342	5	347	0.00000
Aristaeella	3046369	G	3518	2	3520	0.00001
Heliorestis	79598	G	447	1	448	0.00000
Heliomicrobium	2831443	G	187	13	200	0.00000
Syntrophomonas	862	G	320	5	325	0.00000
Syntrophothermus	129001	G	152	2	154	0.00000
Candidatus Syntrophocurvum	2293313	G	87	0	87	0.00000
Proteinivorax	1491776	G	373	3	376	0.00000
Alkalicella	2838170	G	109	2	111	0.00000
Symbiobacterium	2733	G	257	0	257	0.00000
Caldinitratiruptor	1006480	G	212	0	212	0.00000
Desulfoscipio	2867376	G	447	1	448	0.00000
Desulfotomaculum	1562	G	389	54	443	0.00000
Thermincola	278993	G	243	4	247	0.00000
Anaerocolumna	1843210	G	67236	273	67509	0.00026
Lachnoclostridium	1506553	G	10992	1169	12161	0.00005
Hungatella	1649459	G	6661	1429	8090	0.00003
Blautia	572511	G	6521	2686	9207	0.00004
Enterocloster	2719313	G	6369	970	7339	0.00003
Lacrimispora	2719231	G	4938	101	5039	0.00002
Roseburia	841	G	3271	1195	4466	0.00002
Otoolea	2941495	G	2900	469	3369	0.00001
Mediterraneibacter	2316020	G	2891	1310	4201	0.00002
Kineothrix	2163168	G	2504	32	2536	0.00001
Anaerostipes	207244	G	1795	320	2115	0.00001
Dorea	189330	G	1717	1059	2776	0.00001
Sellimonas	1769710	G	1523	548	2071	0.00001
Marvinbryantia	248744	G	1451	254	1705	0.00001
Eisenbergiella	1432051	G	1386	334	1720	0.00001
Butyrivibrio	830	G	1286	23	1309	0.00000
Chordicoccus	3031933	G	1171	109	1280	0.00000
Coprococcus	33042	G	1124	505	1629	0.00001
Wansuia	2944198	G	845	96	941	0.00000
Faecalimonas	2005355	G	716	471	1187	0.00000
Novisyntrophococcus	2888809	G	702	46	748	0.00000
Lachnoanaerobaculum	1164882	G	689	46	735	0.00000
Claveliimonas	3076670	G	687	190	877	0.00000
Agathobacter	1766253	G	674	861	1535	0.00001
Anaerobutyricum	2569097	G	660	205	865	0.00000
Hominifimenecus	3073585	G	536	1	537	0.00000
Chakrabartyella	3088373	G	482	10	492	0.00000
Anaeromicropila	3024823	G	471	3	474	0.00000
Candidatus Epulonipiscium	2383	G	460	2	462	0.00000
Qiania	2944195	G	429	70	499	0.00000
Simiaoa	2944193	G	408	176	584	0.00000
Tyzzerella	1506577	G	353	7	360	0.00000
Lachnospira	28050	G	348	37	385	0.00000
Anaeropeptidivorans	2997360	G	323	2	325	0.00000
Herbinix	1663717	G	315	69	384	0.00000
Eshraghiella	3342669	G	250	71	321	0.00000
Stomatobaculum	1213720	G	201	2	203	0.00000
Pseudobutyrivibrio	46205	G	184	3	187	0.00000
Wujia	2944152	G	145	65	210	0.00000
Sporofaciens	2811390	G	26	0	26	0.00000
Anaerotignum	2039240	G	3458	648	4106	0.00002
Vallitalea	1348611	G	1322	6	1328	0.00001
Petrocella	2603323	G	193	8	201	0.00000
Cellulosilyticum	698776	G	504	2	506	0.00000
Defluviitalea	1185408	G	326	55	381	0.00000
Paraclostridium	1849822	G	26832	775	27607	0.00011
Clostridioides	1870884	G	2930	1938	4868	0.00002
Terrisporobacter	1505652	G	1680	25	1705	0.00001
Romboutsia	1501226	G	1118	74	1192	0.00000
Tepidibacter	214904	G	724	18	742	0.00000
Peptacetobacter	2743582	G	619	51	670	0.00000
Intestinibacter	1505657	G	385	60	445	0.00000
Peptostreptococcus	1257	G	281	32	313	0.00000
Emergencia	1926556	G	1739	273	2012	0.00001
Aminipila	2060094	G	1521	57	1578	0.00001
Anoxybacterium	3408579	G	824	7	831	0.00000
Ihubacter	1926667	G	499	52	551	0.00000
Sinanaerobacter	2886866	G	390	7	397	0.00000
Mogibacterium	86331	G	192	25	217	0.00000
Alkaliphilus	114627	G	1150	44	1194	0.00000
Serpentinicella	1890059	G	326	5	331	0.00000
Peptoclostridium	1481960	G	737	49	786	0.00000
Acetoanaerobium	186831	G	460	12	472	0.00000
Filifactor	44259	G	174	107	281	0.00000
Caminicella	166484	G	394	17	411	0.00000
Geosporobacter	390805	G	326	12	338	0.00000
Christensenella	990721	G	10329	1309	11638	0.00004
Thermoanaerobacterium	28895	G	1681	47	1728	0.00001
Thermoanaerobacter	1754	G	730	87	817	0.00000
Gelria	189326	G	631	2	633	0.00000
Caldanaerobacter	249529	G	460	34	494	0.00000
Aceticella	3051499	G	256	2	258	0.00000
Carboxydothermus	129957	G	218	0	218	0.00000
Desulfothermobacter	2079011	G	134	0	134	0.00000
Thermacetogenium	140458	G	66	8	74	0.00000
Ammonifex	42837	G	38	0	38	0.00000
Mahella	252965	G	925	88	1013	0.00000
Candidatus Desulforudis	471826	G	762	2	764	0.00000
Helicovermis	3136917	G	3807	8	3815	0.00001
Natroniella	52003	G	936	12	948	0.00000
Acetohalobium	28186	G	239	1	240	0.00000
Halobacteroides	42417	G	173	10	183	0.00000
Halanaerobium	2330	G	545	2	547	0.00000
Halocella	46466	G	112	105	217	0.00000
Iocasia	2899804	G	74	72	146	0.00000
Anoxybacter	1769008	G	549	2	551	0.00000
Halothermothrix	32636	G	222	1	223	0.00000
Neomoorella	44260	G	1708	5	1713	0.00001
Thermanaeromonas	202949	G	285	0	285	0.00000
Zhaonella	2748674	G	484	6	490	0.00000
Metallumcola	3234175	G	204	0	204	0.00000
Monoglobus	2039302	G	1038	284	1322	0.00001
Biomaibacter	2770094	G	275	1	276	0.00000
Tepidanaerobacter	499228	G	160	1	161	0.00000
Thermosediminibacter	291988	G	227	0	227	0.00000
Natranaerofaba	2807497	G	114	0	114	0.00000
Natranaerobius	375928	G	91	0	91	0.00000
Koleobacter	2786989	G	76	0	76	0.00000
Bacillus	1386	G	67473	54656	122129	0.00046
Ectobacillus	2837502	G	64723	3889	68612	0.00026
Sutcliffiella	2837511	G	17794	978	18772	0.00007
Virgibacillus	84406	G	14164	252	14416	0.00005
Lysinibacillus	400634	G	5676	610	6286	0.00002
Neobacillus	2675232	G	4339	271	4610	0.00002
Priestia	2800373	G	2912	208	3120	0.00001
Peribacillus	2675229	G	2723	183	2906	0.00001
Rossellomorea	2837508	G	2469	133	2602	0.00001
Cytobacillus	2675230	G	1956	368	2324	0.00001
Niallia	2837506	G	1901	248	2149	0.00001
Oceanobacillus	182709	G	1864	56	1920	0.00001
Metabacillus	2675233	G	1485	130	1615	0.00001
Heyndrickxia	2837504	G	1272	80	1352	0.00001
Mesobacillus	2675231	G	1076	72	1148	0.00000
Halobacillus	45667	G	1040	19	1059	0.00000
Psychrobacillus	1221880	G	1029	58	1087	0.00000
Terribacillus	459532	G	999	7	1006	0.00000
Radiobacillus	2785518	G	682	26	708	0.00000
Shouchella	2893057	G	602	20	622	0.00000
Alkalihalobacillus	2675234	G	529	22	551	0.00000
Pontibacillus	289201	G	419	4	423	0.00000
Amphibacillus	29331	G	407	15	422	0.00000
Gracilibacillus	74385	G	379	7	386	0.00000
Alkalihalophilus	2893060	G	376	19	395	0.00000
Paraperibacillus	3450404	G	351	12	363	0.00000
Pradoshia	2651279	G	349	20	369	0.00000
Lentibacillus	175304	G	349	4	353	0.00000
Salicibibacter	2685905	G	346	1	347	0.00000
Ornithinibacillus	484508	G	286	23	309	0.00000
Salisediminibacterium	1434042	G	267	5	272	0.00000
Lederbergia	2804231	G	239	7	246	0.00000
Salipaludibacillus	1884449	G	238	4	242	0.00000
Gottfriedia	2837503	G	236	11	247	0.00000
Domibacillus	1433999	G	207	15	222	0.00000
Halalkalibacter	2893056	G	198	19	217	0.00000
Pseudobacillus	108525	G	197	30	227	0.00000
Caldifermentibacillus	3034001	G	181	229	410	0.00000
Siminovitchia	2837510	G	179	6	185	0.00000
Evansella	2837485	G	168	3	171	0.00000
Aeribacillus	1055323	G	163	34	197	0.00000
Tepidibacillus	1494427	G	157	8	165	0.00000
Anaerobacillus	704093	G	152	7	159	0.00000
Aciduricibacillus	3158337	G	150	5	155	0.00000
Fervidibacillus	3033930	G	144	5	149	0.00000
Sediminibacillus	482460	G	131	2	133	0.00000
Alkalicoccus	2005375	G	130	1	131	0.00000
Paraliobacillus	200903	G	112	2	114	0.00000
Allobacillus	1400133	G	111	2	113	0.00000
Salimicrobium	351195	G	110	2	112	0.00000
Robertmurraya	2837507	G	109	6	115	0.00000
Mangrovibacillus	2920444	G	85	8	93	0.00000
Falsibacillus	1270155	G	80	4	84	0.00000
Caldalkalibacillus	379065	G	56	10	66	0.00000
Halalkalibacterium (ex Joshi et al. 2022)	2893055	G	49	3	52	0.00000
Paenalkalicoccus	2944627	G	45	4	49	0.00000
Alkalibacillus	331654	G	31	0	31	0.00000
Paenibacillus	44249	G	96357	4987	101344	0.00039
Brevibacillus	55080	G	9534	270	9804	0.00004
Cohnella	329857	G	2565	378	2943	0.00001
Saccharibacillus	456492	G	1463	35	1498	0.00001
Aneurinibacillus	55079	G	1440	42	1482	0.00001
Thermobacillus	76632	G	832	45	877	0.00000
Pristimantibacillus (SeqCode)	2994560	G	115	11	126	0.00000
Nosocomiicoccus	489909	G	59609	1408	61017	0.00023
Staphylococcus	1279	G	31416	10818	42234	0.00016
Mammaliicoccus	2803850	G	1859	169	2028	0.00001
Macrococcus	69965	G	886	70	956	0.00000
Salinicoccus	45669	G	577	19	596	0.00000
Macrococcoides	3076173	G	414	53	467	0.00000
Jeotgalicoccus	227979	G	226	5	231	0.00000
Sporosarcina	1569	G	2757	109	2866	0.00001
Planococcus	1372	G	2601	123	2724	0.00001
Solibacillus	648800	G	1343	185	1528	0.00001
Ureibacillus	160795	G	645	136	781	0.00000
Rummeliibacillus	648802	G	334	21	355	0.00000
Paenisporosarcina	651660	G	269	26	295	0.00000
Kurthia	1649	G	236	28	264	0.00000
Viridibacillus	496496	G	161	13	174	0.00000
Chryseomicrobium	889388	G	82	10	92	0.00000
Jeotgalibacillus	157226	G	78	5	83	0.00000
Metasolibacillus	2703677	G	49	3	52	0.00000
Exiguobacterium	33986	G	2754	209	2963	0.00001
Hydrogenibacillus	1609627	G	1072	17	1089	0.00000
Alicyclobacillus	29330	G	1598	14	1612	0.00001
Tumebacillus	432330	G	932	34	966	0.00000
Fodinisporobacter	3156481	G	414	5	419	0.00000
Effusibacillus	1502725	G	406	7	413	0.00000
Kyrpidia	1129704	G	264	0	264	0.00000
Geobacillus	129337	G	1754	565	2319	0.00001
Parageobacillus	1906945	G	531	365	896	0.00000
Anoxybacillus	150247	G	302	59	361	0.00000
Anoxybacteroides	3389905	G	131	11	142	0.00000
Thermaerobacillus	3390020	G	99	14	113	0.00000
Saccharococcus	29395	G	71	33	104	0.00000
Listeria	1637	G	2848	1170	4018	0.00002
Brochothrix	2755	G	169	11	180	0.00000
Kroppenstedtia	1274351	G	890	5	895	0.00000
Staphylospora	2689589	G	274	4	278	0.00000
Thermoactinomyces	2023	G	147	3	150	0.00000
Polycladomyces	1348505	G	74	0	74	0.00000
Laceyella	292635	G	73	1	74	0.00000
Novibacillus	1677050	G	44	1	45	0.00000
Gemella	1378	G	790	55	845	0.00000
Fictibacillus	1329200	G	547	32	579	0.00000
Pseudalkalibacillus	2893058	G	172	9	181	0.00000
Sporolactobacillus	2077	G	546	7	553	0.00000
Pullulanibacillus	475230	G	137	3	140	0.00000
Guptibacillus	3421338	G	581	73	654	0.00000
Abyssicoccus	1955413	G	86	18	104	0.00000
Enterococcus	1350	G	67741	15867	83608	0.00032
Vagococcus	2737	G	62933	6489	69422	0.00026
Tetragenococcus	51668	G	420	228	648	0.00000
Melissococcus	33969	G	255	6	261	0.00000
Lactobacillus	1578	G	68724	962	69686	0.00027
Levilactobacillus	2767886	G	22535	1770	24305	0.00009
Latilactobacillus	2767885	G	11723	644	12367	0.00005
Leuconostoc	1243	G	1923	197	2120	0.00001
Lacticaseibacillus	2759736	G	1709	279	1988	0.00001
Companilactobacillus	2767879	G	1437	27	1464	0.00001
Ligilactobacillus	2767887	G	1218	144	1362	0.00001
Pediococcus	1253	G	1088	104	1192	0.00000
Weissella	46255	G	933	21	954	0.00000
Loigolactobacillus	2767889	G	899	153	1052	0.00000
Lactiplantibacillus	2767842	G	713	66	779	0.00000
Limosilactobacillus	2742598	G	648	3916	4564	0.00002
Lentilactobacillus	2767893	G	528	25	553	0.00000
Oenococcus	46254	G	436	18	454	0.00000
Fructilactobacillus	2767881	G	411	14	425	0.00000
Secundilactobacillus	2767892	G	376	39	415	0.00000
Liquorilactobacillus	2767888	G	304	26	330	0.00000
Apilactobacillus	2767877	G	301	4	305	0.00000
Xylocopilactobacillus	3118928	G	240	0	240	0.00000
Paucilactobacillus	2767890	G	225	19	244	0.00000
Schleiferilactobacillus	2767891	G	222	1	223	0.00000
Bombilactobacillus	2767878	G	180	3	183	0.00000
Furfurilactobacillus	2767882	G	112	9	121	0.00000
Dellaglioa	2767880	G	104	9	113	0.00000
Lapidilactobacillus	2767884	G	54	2	56	0.00000
Periweissella	2930384	G	37	0	37	0.00000
Nicoliella	2978367	G	33	0	33	0.00000
Acetilactobacillus	2767874	G	32	0	32	0.00000
Fructobacillus	559173	G	26	0	26	0.00000
Agrilactobacillus	2767875	G	25	0	25	0.00000
Amylolactobacillus	2767876	G	20	4	24	0.00000
Lactococcus	1357	G	73256	13786	87042	0.00033
Streptococcus	1301	G	9979	1783	11762	0.00004
Pseudolactococcus	3436058	G	216	7	223	0.00000
Floricoccus	1930830	G	104	2	106	0.00000
Carnobacterium	2747	G	931	50	981	0.00000
Alloiococcus	1651	G	432	17	449	0.00000
Jeotgalibaca	1470540	G	394	30	424	0.00000
Alkalibacterium	99906	G	256	8	264	0.00000
Trichococcus	82802	G	248	9	257	0.00000
Granulicatella	117563	G	237	102	339	0.00000
Dolosigranulum	29393	G	180	8	188	0.00000
Desemzia	82800	G	174	56	230	0.00000
Marinilactibacillus	191769	G	77	6	83	0.00000
Aerococcus	1375	G	663	103	766	0.00000
Tuanshanicoccus	3465067	G	280	12	292	0.00000
Globicatella	13075	G	219	17	236	0.00000
Fundicoccus	2761542	G	140	4	144	0.00000
Ignavigranum	89092	G	95	3	98	0.00000
Suicoccus	2689587	G	59	6	65	0.00000
Ruoffia	2862144	G	51	12	63	0.00000
Facklamia	66831	G	42	18	60	0.00000
Abiotrophia	46123	G	26	5	31	0.00000
Phascolarctobacterium	33024	G	32033	543	32576	0.00012
Acidaminococcus	904	G	1242	59	1301	0.00000
Selenomonas	970	G	7409	271	7680	0.00003
Megamonas	158846	G	1614	62	1676	0.00001
Mitsuokella	52225	G	1481	480	1961	0.00001
Pectinatus	864	G	536	18	554	0.00000
Selenobaculum	3074372	G	456	14	470	0.00000
Sporomusa	2375	G	4215	182	4397	0.00002
Pelosinus	365348	G	733	13	746	0.00000
Methylomusa	2093783	G	271	4	275	0.00000
Megasphaera	906	G	2855	241	3096	0.00001
Veillonella	29465	G	1108	40	1148	0.00000
Dialister	39948	G	534	28	562	0.00000
Colibacter	1980675	G	60	0	60	0.00000
Sedimentibacter	190972	G	14513	80	14593	0.00006
Ezakiella	1582879	G	453	549	1002	0.00000
Parvimonas	543311	G	1775	433	2208	0.00001
Anaerococcus	165779	G	1125	272	1397	0.00001
Finegoldia	150022	G	898	512	1410	0.00001
Aedoeadaptatus	2981628	G	844	47	891	0.00000
Helcococcus	31983	G	672	140	812	0.00000
Peptoniphilus	162289	G	524	357	881	0.00000
Murdochiella	1161127	G	189	166	355	0.00000
Miniphocaeibacter	2126548	G	167	0	167	0.00000
Microaceticoccus	3421489	G	68	0	68	0.00000
Tissierella	41273	G	1839	14	1853	0.00001
Gudongella	2692382	G	329	16	345	0.00000
Acidilutibacter	2992720	G	807	131	938	0.00000
Keratinibaculum	1354809	G	237	24	261	0.00000
Schnuerera	2794837	G	190	12	202	0.00000
Sporanaerobacter	165812	G	341	32	373	0.00000
Gottschalkia	1505664	G	311	4	315	0.00000
Caloranaerobacter	171003	G	283	9	292	0.00000
Allocoprobacillus	3059504	G	2564	420	2984	0.00001
Amedibacillus	2749846	G	2274	2457	4731	0.00002
Holdemania	61170	G	2011	935	2946	0.00001
Longicatena	1918536	G	1645	1785	3430	0.00001
Erysipelothrix	1647	G	1312	35	1347	0.00001
Amedibacterium	2749267	G	1215	897	2112	0.00001
Allobaculum	174708	G	1199	23	1222	0.00000
Bulleidia	118747	G	556	88	644	0.00000
Solobacterium	123375	G	290	287	577	0.00000
Intestinibaculum	2679910	G	228	18	246	0.00000
Massilimicrobiota	1924110	G	181	3106	3287	0.00001
Faecalibaculum	1729679	G	150	12	162	0.00000
Thomasclavelia	3025755	G	3528	705	4233	0.00002
Faecalibacillus	2678885	G	1086	662	1748	0.00001
Tannockella	2943184	G	1038	45	1083	0.00000
Catenibacterium	135858	G	871	112	983	0.00000
Turicibacter	191303	G	618	60	678	0.00000
Caldicellulosiruptor	44000	G	2617	38	2655	0.00001
Anaerocellum	32631	G	236	40	276	0.00000
Ndongobacter	1930845	G	404	212	616	0.00000
Geochorda	3366854	G	113	1	114	0.00000
Carboxydichorda	3366853	G	109	5	114	0.00000
Limnochorda	1676651	G	87	0	87	0.00000
Candidatus Contubernalis	338648	G	104	90	194	0.00000
Corynebacterium	1716	G	137106	44082	181188	0.00069
Prescottella	2979332	G	21029	2141	23170	0.00009
Rhodococcus	1827	G	17006	1166	18172	0.00007
Nocardia	1817	G	16239	374	16613	0.00006
Williamsia	85043	G	390	10	400	0.00000
Rhodococcoides	3259750	G	243	84	327	0.00000
Mycobacterium	1763	G	17700	2091	19791	0.00008
Mycolicibacterium	1866885	G	14639	1392	16031	0.00006
Mycobacteroides	670516	G	1036	140	1176	0.00000
Mycolicibacter	1073531	G	754	125	879	0.00000
Mycolicibacillus	2126281	G	631	60	691	0.00000
Gordonia	2053	G	4853	351	5204	0.00002
Skermania	59613	G	45	0	45	0.00000
Dietzia	37914	G	1211	95	1306	0.00000
Tomitella	741759	G	890	32	922	0.00000
Tsukamurella	2060	G	728	28	756	0.00000
Segniliparus	286801	G	126	1	127	0.00000
Lawsonella	1847725	G	87	3	90	0.00000
Hoyosella	697025	G	40	0	40	0.00000
Microbacterium	33882	G	56079	8188	64267	0.00024
Leifsonia	110932	G	5461	533	5994	0.00002
Agromyces	33877	G	3394	425	3819	0.00001
Leucobacter	55968	G	2854	357	3211	0.00001
Rathayibacter	33886	G	2749	190	2939	0.00001
Curtobacterium	2034	G	2719	250	2969	0.00001
Agrococcus	46352	G	2302	275	2577	0.00001
Microcella	337004	G	1643	200	1843	0.00001
Clavibacter	1573	G	1454	132	1586	0.00001
Gryllotalpicola	1195526	G	1435	113	1548	0.00001
Herbiconiux	881616	G	1244	130	1374	0.00001
Cryobacterium	69578	G	1217	76	1293	0.00000
Humibacter	427753	G	1120	275	1395	0.00001
Salinibacterium	235888	G	741	67	808	0.00000
Subtercola	120212	G	630	18	648	0.00000
Plantibacter	190323	G	601	37	638	0.00000
Aurantimicrobium	1705353	G	569	3	572	0.00000
Protaetiibacter	2680004	G	556	85	641	0.00000
Frigoribacterium	96492	G	393	37	430	0.00000
Frondihabitans	447237	G	338	23	361	0.00000
Paramicrobacterium	3110364	G	249	26	275	0.00000
Microterricola	518733	G	244	28	272	0.00000
Cnuibacter	1759331	G	236	32	268	0.00000
Mycetocola	76634	G	232	15	247	0.00000
Antiquaquibacter	3108736	G	182	6	188	0.00000
Okibacterium	196084	G	181	27	208	0.00000
Glaciihabitans	1649454	G	162	4	166	0.00000
Marisediminicola	1230698	G	159	8	167	0.00000
Homoserinibacter	1649457	G	150	20	170	0.00000
Aquiluna	529881	G	82	1	83	0.00000
Rhodoluna	529883	G	65	1	66	0.00000
Gulosibacter	256818	G	141	31	172	0.00000
Humidisolicoccus	3425211	G	137	7	144	0.00000
Naasia	1434022	G	133	11	144	0.00000
Diaminobutyricimonas	1433997	G	115	9	124	0.00000
Agreia	110934	G	113	7	120	0.00000
Homoserinimonas	1434009	G	97	7	104	0.00000
Orlajensenia	3440766	G	97	8	105	0.00000
Ruicaihuangia	3137419	G	91	7	98	0.00000
Pontimonas	1434032	G	43	1	44	0.00000
Lysinibacter	1857011	G	26	0	26	0.00000
Kocuria	57493	G	79121	6588	85709	0.00033
Arthrobacter	1663	G	6992	908	7900	0.00003
Pseudarthrobacter	1742993	G	1500	140	1640	0.00001
Glutamicibacter	1742989	G	1134	139	1273	0.00000
Micrococcus	1269	G	829	367	1196	0.00000
Sinomonas	596707	G	773	41	814	0.00000
Rothia	32207	G	734	204	938	0.00000
Paenarthrobacter	1742992	G	576	113	689	0.00000
Crystallibacter	3456524	G	534	38	572	0.00000
Citricoccus	169133	G	276	40	316	0.00000
Zhihengliuella	370735	G	90	309	399	0.00000
Neomicrococcus	1868332	G	67	9	76	0.00000
Auritidibacter	1160973	G	61	7	68	0.00000
Nesterenkonia	57494	G	50	0	50	0.00000
Paeniglutamicibacter	1742990	G	37	2	39	0.00000
Pseudoglutamicibacter	1742991	G	32	27	59	0.00000
Psychromicrobium	2078575	G	25	1	26	0.00000
Renibacterium	1645	G	25	0	25	0.00000
Cellulomonas	1707	G	3695	563	4258	0.00002
Actinotalea	458839	G	434	57	491	0.00000
Paraoerskovia	665568	G	110	11	121	0.00000
Pseudactinotalea	1926259	G	94	3	97	0.00000
Oerskovia	162491	G	62	9	71	0.00000
Janibacter	53457	G	2355	372	2727	0.00001
Intrasporangium	53357	G	440	23	463	0.00000
Phycicoccus	367298	G	290	59	349	0.00000
Arsenicicoccus	267408	G	208	28	236	0.00000
Oryzobacter	1849973	G	192	23	215	0.00000
Terrabacter	53355	G	135	13	148	0.00000
Pedococcus	2805645	G	113	9	122	0.00000
Knoellia	136099	G	111	5	116	0.00000
Humibacillus	556178	G	67	4	71	0.00000
Nostocoides	99479	G	47	3	50	0.00000
Brachybacterium	43668	G	2019	291	2310	0.00001
Devriesea	472568	G	534	49	583	0.00000
Dermabacter	36739	G	328	99	427	0.00000
Helcobacillus	1161125	G	140	172	312	0.00000
Cellulosimicrobium	157920	G	1291	227	1518	0.00001
Isoptericola	254250	G	1194	336	1530	0.00001
Xylanimonas	186188	G	455	57	512	0.00000
Promicromonospora	43676	G	383	24	407	0.00000
Brevibacterium	1696	G	2333	392	2725	0.00001
Saxibacter	3162691	G	52	1	53	0.00000
Ornithinimicrobium	125287	G	563	41	604	0.00000
Serinicoccus	265976	G	395	43	438	0.00000
Demequina	577469	G	774	172	946	0.00000
Pengzhenrongella	2888818	G	478	53	531	0.00000
Luteimicrobium	754249	G	166	26	192	0.00000
Timonella	1465824	G	26	2	28	0.00000
Ruania	626119	G	551	19	570	0.00000
Occultella	2828348	G	93	6	99	0.00000
Dermacoccus	57495	G	356	104	460	0.00000
Luteipulveratus	745364	G	91	4	95	0.00000
Barrientosiimonas	1535207	G	66	24	90	0.00000
Allobranchiibius	2040262	G	49	3	52	0.00000
Yimella	908935	G	29	2	31	0.00000
Dermatophilus	1862	G	316	12	328	0.00000
Austwickia	1184606	G	61	2	63	0.00000
Gephyromycinifex	2885697	G	58	1	59	0.00000
Sanguibacter	60919	G	271	28	299	0.00000
Beutenbergia	84756	G	127	8	135	0.00000
Miniimonas	947525	G	53	48	101	0.00000
Kytococcus	57499	G	112	31	143	0.00000
Tropheryma	2038	G	23	0	23	0.00000
Jonesia	43673	G	14	1	15	0.00000
Streptomyces	1883	G	115608	5715	121323	0.00046
Kitasatospora	2063	G	6049	759	6808	0.00003
Actinacidiphila	2995702	G	2020	252	2272	0.00001
Embleya	2699295	G	1419	41	1460	0.00001
Peterkaempfera	2995704	G	494	37	531	0.00000
Streptacidiphilus	228398	G	352	31	383	0.00000
Yinghuangia	2805681	G	328	12	340	0.00000
Streptantibioticus	2995706	G	91	8	99	0.00000
Carbonactinospora	2864378	G	90	3	93	0.00000
Micromonospora	1873	G	14637	813	15450	0.00006
Actinoplanes	1865	G	4511	161	4672	0.00002
Dactylosporangium	35753	G	4404	104	4508	0.00002
Plantactinospora	673534	G	963	24	987	0.00000
Phytohabitans	907364	G	797	24	821	0.00000
Actinocatenispora	390988	G	508	11	519	0.00000
Solwaraspora	265431	G	407	17	424	0.00000
Catellatospora	53365	G	376	20	396	0.00000
Couchioplanes	56433	G	343	27	370	0.00000
Polymorphospora	338583	G	231	13	244	0.00000
Salinispora	168694	G	134	5	139	0.00000
Natronosporangium	2920401	G	134	1	135	0.00000
Longispora	203522	G	114	4	118	0.00000
Krasilnikovia	349312	G	101	6	107	0.00000
Nocardioides	1839	G	11450	540	11990	0.00005
Aeromicrobium	2040	G	1602	47	1649	0.00001
Friedmanniella	53387	G	773	28	801	0.00000
Mumia	1546255	G	725	24	749	0.00000
Pimelobacter	2044	G	571	89	660	0.00000
Solicola	3024237	G	392	15	407	0.00000
Micropruina	116071	G	130	10	140	0.00000
Tessaracoccus	72763	G	2763	211	2974	0.00001
Propionibacterium	1743	G	1013	151	1164	0.00000
Microlunatus	29404	G	698	15	713	0.00000
Cutibacterium	1912216	G	624	71	695	0.00000
Raineyella	1911549	G	536	54	590	0.00000
Auraticoccus	1278221	G	519	14	533	0.00000
Acidipropionibacterium	1912215	G	407	37	444	0.00000
Propioniciclava	1085622	G	233	57	290	0.00000
Arachnia	2801844	G	212	3	215	0.00000
Ammonicoccus	3417658	G	179	59	238	0.00000
Vaginimicrobium	2919589	G	76	15	91	0.00000
Propionimicrobium	203133	G	75	2	77	0.00000
Luteococcus	33983	G	69	2	71	0.00000
Brooklawnia	369926	G	67	10	77	0.00000
Naumannella	1294511	G	49	6	55	0.00000
Kribbella	182639	G	3646	65	3711	0.00001
Actinopolymorpha	117156	G	96	1	97	0.00000
Amycolatopsis	1813	G	10181	789	10970	0.00004
Pseudonocardia	1847	G	3343	184	3527	0.00001
Lentzea	165301	G	1781	124	1905	0.00001
Saccharopolyspora	1835	G	1752	138	1890	0.00001
Saccharothrix	2071	G	1117	201	1318	0.00001
Saccharomonospora	1851	G	960	74	1034	0.00000
Kutzneria	43356	G	866	65	931	0.00000
Actinoalloteichus	65496	G	829	13	842	0.00000
Actinomycetospora	402649	G	805	41	846	0.00000
Allosaccharopolyspora	2893576	G	628	101	729	0.00000
Actinosynnema	40566	G	599	124	723	0.00000
Alloactinosynnema	674734	G	493	120	613	0.00000
Actinokineospora	39845	G	486	84	570	0.00000
Allokutzneria	1137960	G	377	37	414	0.00000
Crossiella	130795	G	376	38	414	0.00000
Umezawaea	583360	G	360	33	393	0.00000
Kibdelosporangium	2029	G	125	6	131	0.00000
Prauserella	142577	G	121	4	125	0.00000
Nonomuraea	83681	G	4431	198	4629	0.00002
Streptosporangium	2000	G	2098	105	2203	0.00001
Sphaerisporangium	321315	G	814	49	863	0.00000
Microbispora	2005	G	588	31	619	0.00000
Sphaerimonospora	1792303	G	446	18	464	0.00000
Microtetraspora	1995	G	245	19	264	0.00000
Thermobispora	147067	G	94	2	96	0.00000
Spongiactinospora	2871671	G	22	1	23	0.00000
Actinomadura	1988	G	2689	151	2840	0.00001
Spirillospora	58122	G	1058	42	1100	0.00000
Actinoallomurus	667113	G	581	21	602	0.00000
Thermomonospora	2019	G	225	11	236	0.00000
Nocardiopsis	2013	G	1860	93	1953	0.00001
Streptomonospora	104204	G	263	47	310	0.00000
Spiractinospora	2913367	G	254	2	256	0.00000
Thermobifida	83677	G	213	6	219	0.00000
Bifidobacterium	1678	G	7110	228	7338	0.00003
Gardnerella	2701	G	1162	451	1613	0.00001
Parascardovia	196082	G	439	25	464	0.00000
Alloscardovia	419014	G	69	0	69	0.00000
Scardovia	196081	G	36	2	38	0.00000
Bombiscardovia	1159909	G	21	0	21	0.00000
Actinomyces	1654	G	3131	167	3298	0.00001
Schaalia	2529408	G	1977	85	2062	0.00001
Trueperella	1069494	G	955	114	1069	0.00000
Arcanobacterium	28263	G	364	28	392	0.00000
Actinobaculum	76833	G	267	2	269	0.00000
Actinotignum	1653174	G	119	12	131	0.00000
Flaviflexus	1522056	G	112	10	122	0.00000
Nanchangia	2888879	G	97	1	98	0.00000
Pauljensenia	2740557	G	81	12	93	0.00000
Mobiluncus	2050	G	77	9	86	0.00000
Scrofimicrobium	2815785	G	76	0	76	0.00000
Winkia	2692118	G	55	27	82	0.00000
Gleimia	2692113	G	53	16	69	0.00000
Buchananella	2767323	G	50	1	51	0.00000
Boudabousia	2767318	G	35	0	35	0.00000
Changpingibacter	2912996	G	25	4	29	0.00000
Varibaculum	184869	G	11	1	12	0.00000
Modestobacter	88138	G	947	68	1015	0.00000
Blastococcus	38501	G	563	38	601	0.00000
Geodermatophilus	1860	G	351	14	365	0.00000
Frankia	1854	G	826	17	843	0.00000
Pseudofrankia	2994363	G	138	3	141	0.00000
Protofrankia	2994361	G	84	33	117	0.00000
Parafrankia	2994362	G	80	3	83	0.00000
Georgenia	154116	G	976	109	1085	0.00000
Jiangella	281472	G	616	22	638	0.00000
Kineococcus	33981	G	459	25	484	0.00000
Angustibacter	908626	G	79	2	81	0.00000
Nakamurella	53460	G	347	7	354	0.00000
Actinopolyspora	1849	G	319	3	322	0.00000
Candidatus Planktophila	622681	G	280	6	286	0.00000
Candidatus Nanopelagicus	2039639	G	24	2	26	0.00000
Jatrophihabitans	1434010	G	186	3	189	0.00000
Catenulispora	414878	G	182	5	187	0.00000
Epidermidibacterium	2078948	G	133	54	187	0.00000
Stackebrandtia	283810	G	106	0	106	0.00000
Natronoglycomyces	2838311	G	27	0	27	0.00000
Acidothermus	28048	G	35	0	35	0.00000
Raoultibacter	1926677	G	30711	1760	32471	0.00012
Eggerthella	84111	G	19273	4506	23779	0.00009
Gordonibacter	644652	G	6731	2347	9078	0.00003
Arabiibacter	2005386	G	3245	78	3323	0.00001
Adlercreutzia	447020	G	1728	198	1926	0.00001
Slackia	84108	G	1559	10	1569	0.00001
Berryella	2815775	G	1312	624	1936	0.00001
Xiamenia	2981344	G	717	4	721	0.00000
Denitrobacterium	79603	G	511	117	628	0.00000
Cryptobacterium	84162	G	110	2	112	0.00000
Phoenicibacter	1981050	G	71	19	90	0.00000
Olsenella	133925	G	1748	93	1841	0.00001
Thermophilibacter	2847307	G	970	137	1107	0.00000
Parafannyhessea	2847312	G	776	144	920	0.00000
Parolsenella	2082587	G	672	101	773	0.00000
Lancefieldella	2767353	G	196	3	199	0.00000
Fannyhessea	2767327	G	124	25	149	0.00000
Atopobium	1380	G	94	2	96	0.00000
Collinsella	102106	G	2279	191	2470	0.00001
Enorma	1472762	G	478	61	539	0.00000
Coriobacterium	33870	G	473	3	476	0.00000
Leptogranulimonas	2995122	G	124	1	125	0.00000
Baekduia	2600304	G	2639	170	2809	0.00001
Svornostia	3231543	G	222	11	233	0.00000
Conexibacter	191494	G	1386	63	1449	0.00001
Paraconexibacter	2758920	G	508	22	530	0.00000
Capillimicrobium	2976759	G	311	24	335	0.00000
Miltoncostaea	2843200	G	350	7	357	0.00000
Thermoleophilum	192992	G	142	2	144	0.00000
Iamia	467975	G	602	20	622	0.00000
Aquihabitans	1648491	G	510	20	530	0.00000
Dermatobacter	3075137	G	251	7	258	0.00000
Actinospongicola	3449744	G	203	3	206	0.00000
Actinomarinicola	2789775	G	113	8	121	0.00000
Candidatus Poriferisodalis	2983190	G	1281	9	1290	0.00000
Candidatus Poriferisocius	2983186	G	712	12	724	0.00000
Ilumatobacter	682522	G	587	2	589	0.00000
Acidimicrobium	53634	G	93	0	93	0.00000
Salinilacustrithrix	3436875	G	90	3	93	0.00000
Candidatus Spongiisocius	2983163	G	86	0	86	0.00000
Rubrobacter	42255	G	1968	1	1969	0.00001
Egibacter	1747770	G	165	1	166	0.00000
Euzebya	908623	G	161	1	162	0.00000
Egicoccus	1755825	G	118	1	119	0.00000
Mesomycoplasma	2923352	G	62522	205	62727	0.00024
Metamycoplasma	2895509	G	10269	88	10357	0.00004
Mycoplasmopsis	2767358	G	2521	34	2555	0.00001
Malacoplasma	2791001	G	597	1	598	0.00000
Ureaplasma	2129	G	265	0	265	0.00000
Mycoplasmoides	2995234	G	137	0	137	0.00000
Spiroplasma	2132	G	6917	102	7019	0.00003
Mesoplasma	46239	G	6752	17	6769	0.00003
Entomoplasma	46238	G	12	0	12	0.00000
Williamsoniiplasma	2919614	G	204	3	207	0.00000
Mycoplasma	2093	G	4341	1702	6043	0.00002
Candidatus Hepatoplasma	295595	G	30	0	30	0.00000
Acholeplasma	2147	G	1011	33	1044	0.00000
Candidatus Phytoplasma	33926	G	485	2	487	0.00000
Mariniplasma	2903100	G	199	2	201	0.00000
Haploplasma	2903106	G	126	6	132	0.00000
Candidatus Izemoplasma	2975549	G	167	8	175	0.00000
Candidatus Xianfuyuplasma	2975521	G	43	2	45	0.00000
Hujiaoplasma	3078171	G	65	5	70	0.00000
Brasilonema	383614	G	28024	505	28529	0.00011
Nostoc	1177	G	2660	81	2741	0.00001
Anabaena	1163	G	400	777	1177	0.00000
Cylindrospermum	56106	G	294	8	302	0.00000
Richelia	98443	G	169	7	176	0.00000
Trichormus	264688	G	47	2	49	0.00000
Calothrix	1186	G	760	29	789	0.00000
Dolichospermum	748770	G	208	425	633	0.00000
Cylindrospermopsis	77021	G	138	4	142	0.00000
Sphaerospermopsis	752201	G	136	10	146	0.00000
Okeanomitos	3231549	G	75	4	79	0.00000
Nodularia	159191	G	327	87	414	0.00000
Halotia	1620790	G	114	4	118	0.00000
Anabaenopsis	110103	G	39	2	41	0.00000
Aliinostoc	2035978	G	13	3	16	0.00000
Fischerella	1190	G	262	41	303	0.00000
Tolypothrix	111782	G	245	22	267	0.00000
Rivularia	373984	G	147	1	148	0.00000
Chlorogloeopsis	1123	G	72	0	72	0.00000
Synechococcus	1129	G	4569	183	4752	0.00002
Prochlorococcus	1218	G	3587	42	3629	0.00001
Cyanobium	167375	G	760	190	950	0.00000
Parasynechococcus	2881427	G	33	32	65	0.00000
Synechocystis	1142	G	344	5	349	0.00000
Altericista	2855430	G	123	2	125	0.00000
Cyanobacterium	102234	G	1242	28	1270	0.00000
Geminocystis	669357	G	439	8	447	0.00000
Picosynechococcus	3079908	G	255	5	260	0.00000
Gloeothece	28070	G	325	3	328	0.00000
Candidatus Atelocyanobacterium	1453359	G	249	18	267	0.00000
Rippkaea	2546365	G	244	8	252	0.00000
Crocosphaera	263510	G	187	4	191	0.00000
Microcystis	1125	G	772	79	851	0.00000
Halothece	76023	G	172	16	188	0.00000
Euhalothece	65097	G	21	0	21	0.00000
Gloeocapsa	102231	G	48	4	52	0.00000
Gloeocapsopsis	693222	G	47	7	54	0.00000
Planktothrix	54304	G	551	93	644	0.00000
Microcoleus	44471	G	392	15	407	0.00000
Trichodesmium	1205	G	224	1	225	0.00000
Oxynema	1492710	G	382	10	392	0.00000
Planktothricoides	132607	G	333	5	338	0.00000
Koinonema	2023214	G	127	1	128	0.00000
Phormidium	1198	G	64	5	69	0.00000
Limnospira	2596745	G	419	30	449	0.00000
Capilliphycus	2768926	G	186	5	191	0.00000
Leptolyngbya	47251	G	655	70	725	0.00000
Leptodesmis	2664261	G	388	67	455	0.00000
Leptothermofonsia	2917830	G	181	10	191	0.00000
Kovacikia	1874526	G	62	1	63	0.00000
Trichothermofontia	3045815	G	112	4	116	0.00000
Trichocoleus	450526	G	77	4	81	0.00000
Acaryochloris	155977	G	758	5	763	0.00000
Thermosynechococcus	146785	G	312	6	318	0.00000
Parathermosynechococcus	3161592	G	25	0	25	0.00000
Gloeobacter	33071	G	495	132	627	0.00000
Anthocerotibacter	2857076	G	45	31	76	0.00000
Pseudanabaena	1152	G	556	11	567	0.00000
Thalassoporum	2799719	G	89	1	90	0.00000
Allocoleopsis	2886347	G	288	10	298	0.00000
Moorena	1155738	G	259	2	261	0.00000
Egbenema	3079668	G	346	15	361	0.00000
Thermocoleostomius	3065395	G	124	7	131	0.00000
Thermoleptolyngbya	2303528	G	70	36	106	0.00000
Pleurocapsa	44474	G	326	8	334	0.00000
Stanieria	102115	G	105	1	106	0.00000
Halomicronema	170610	G	80	0	80	0.00000
Nodosilinea	1120752	G	76	5	81	0.00000
Dactylococcopsis	13034	G	81	8	89	0.00000
Geitlerinema	63132	G	205	11	216	0.00000
Chamaesiphon	217161	G	132	2	134	0.00000
Crinalium	241421	G	59	2	61	0.00000
Chroococcidiopsis	54298	G	183	8	191	0.00000
Gloeomargarita	1188227	G	137	0	137	0.00000
Desertifilum	1185872	G	82	195	277	0.00000
Chloroflexus	1107	G	548	0	548	0.00000
Roseiflexus	120961	G	281	40	321	0.00000
Candidatus Chlorohelix	3139173	G	295	37	332	0.00000
Thermobaculum	262406	G	56	3	59	0.00000
Dehalococcoides	61434	G	526	5	531	0.00000
Dehalogenimonas	670486	G	203	0	203	0.00000
Candidatus Lucifugimonas	3143249	G	35	0	35	0.00000
Candidatus Brevifilum	2019482	G	562	0	562	0.00000
Pelolinea	1649478	G	109	1	110	0.00000
Anaerolinea	233189	G	87	0	87	0.00000
Candidatus Leptofilum	3140596	G	177	0	177	0.00000
Candidatus Promineifilum	1988031	G	143	0	143	0.00000
Tepidiforma	2682228	G	218	0	218	0.00000
Caldilinea	233191	G	126	39	165	0.00000
Ktedonosporobacter	2692417	G	84	9	93	0.00000
Thermoflexus	1495649	G	72	0	72	0.00000
Phototrophicus	2922426	G	52	0	52	0.00000
Capsulimonas	2494209	G	418	0	418	0.00000
Fimbriimonas	1005038	G	265	0	265	0.00000
Chthonomonas	1077265	G	188	0	188	0.00000
Vulcanimicrobium	3016049	G	541	1	542	0.00000
Fusobacterium	848	G	74102	2689	76791	0.00029
Cetobacterium	180162	G	1404	17	1421	0.00001
Ilyobacter	167639	G	457	0	457	0.00000
Leptotrichia	32067	G	1728	54	1782	0.00001
Sebaldella	32068	G	405	2	407	0.00000
Sneathia	168808	G	244	5	249	0.00000
Pseudoleptotrichia	2755140	G	178	11	189	0.00000
Streptobacillus	34104	G	106	10	116	0.00000
Haliovirga	3072462	G	275	0	275	0.00000
Deinococcus	1298	G	6940	22	6962	0.00003
Oceanithermus	208447	G	719	13	732	0.00000
Thermus	270	G	406	11	417	0.00000
Meiothermus	65551	G	115	16	131	0.00000
Marinithermus	186191	G	41	5	46	0.00000
Allomeiothermus	2935559	G	36	15	51	0.00000
Truepera	332248	G	67	0	67	0.00000
Cloacibacillus	508459	G	2945	73	3018	0.00001
Thermanaerovibrio	81461	G	216	13	229	0.00000
Aminomonas	81411	G	69	4	73	0.00000
Pyramidobacter	638847	G	984	3	987	0.00000
Jonquetella	428711	G	73	1	74	0.00000
Fretibacterium	1434006	G	198	0	198	0.00000
Aminobacterium	81466	G	175	0	175	0.00000
Aminirod	3415218	G	14	267	281	0.00000
Thermosipho	2420	G	550	15	565	0.00000
Fervidobacterium	2422	G	391	22	413	0.00000
Thermotoga	2335	G	291	6	297	0.00000
Pseudothermotoga	1643951	G	169	2	171	0.00000
Marinitoga	160798	G	397	1	398	0.00000
Tepiditoga	2778400	G	227	5	232	0.00000
Oceanotoga	1255275	G	184	8	192	0.00000
Petrotoga	28236	G	152	12	164	0.00000
Defluviitoga	1511648	G	122	29	151	0.00000
Mesotoga	1184396	G	552	0	552	0.00000
Kosmotoga	651456	G	90	0	90	0.00000
Athalassotoga	1769718	G	19	0	19	0.00000
Candidatus Nanosynbacter	2093823	G	481	35	516	0.00000
Candidatus Saccharimonas	1331051	G	46	0	46	0.00000
Candidatus Southlakia	3350975	G	21	0	21	0.00000
Candidatus Mycosynbacter	2831665	G	102	0	102	0.00000
Candidatus Absconditicoccus	2900570	G	165	0	165	0.00000
Candidatus Babela	1551504	G	73	0	73	0.00000
Candidatus Chromulinivorax	2953757	G	13	0	13	0.00000
Candidatus Fervidibacter	1448928	G	58	0	58	0.00000
Minisyncoccus	3238478	G	30	0	30	0.00000
Candidatus Chazhemtobacterium	2715734	G	28	0	28	0.00000
Candidatus Bipolaricaulis	2250122	G	37	0	37	0.00000
Persicimonas	2766927	G	421	3	424	0.00000
Bradymonas	1779136	G	86	1	87	0.00000
Microvenator	2946507	G	45	0	45	0.00000
Dissulfurimicrobium	1769732	G	15	76	91	0.00000
Homo	9605	G	2369858	158633	2528491	0.00962
Rhizophagus	1129544	G	195950	1523	197473	0.00075
Vairimorpha	6038	G	371	0	371	0.00000
Encephalitozoon	6033	G	94	0	94	0.00000
Saccharomyces	4930	G	69636	8298	77934	0.00030
Tetrapisispora	113604	G	1590	48	1638	0.00001
Naumovozyma	278028	G	668	40	708	0.00000
Kazachstania	71245	G	510	24	534	0.00000
Henningerozyma	3163253	G	384	20	404	0.00000
Kluyveromyces	4910	G	346	76	422	0.00000
Zygotorulaspora	1196389	G	247	48	295	0.00000
Nakaseomyces	374468	G	231	58	289	0.00000
Eremothecium	33170	G	198	182	380	0.00000
Zygosaccharomyces	4953	G	170	19	189	0.00000
Huiozyma	3163251	G	170	12	182	0.00000
Torulaspora	4948	G	152	23	175	0.00000
Lachancea	300275	G	133	14	147	0.00000
Saccharomycodes	36034	G	265	53	318	0.00000
Candida	5475	G	46222	1764	47986	0.00018
Lodderomyces	36913	G	740	157	897	0.00000
Scheffersomyces	766733	G	294	6	300	0.00000
Debaryomyces	4958	G	190	0	190	0.00000
Yamadazyma	766765	G	52	5	57	0.00000
Australozyma	3300567	G	102	3	105	0.00000
Candidozyma	3303203	G	62	6	68	0.00000
Brettanomyces	13366	G	222	12	234	0.00000
Pichia	4919	G	193	8	201	0.00000
Komagataella	460517	G	83	1	84	0.00000
Ogataea	461281	G	83	2	85	0.00000
Yarrowia	4951	G	159	0	159	0.00000
Sugiyamaella	410829	G	98	8	106	0.00000
Fusarium	5506	G	1930	121	2051	0.00001
Purpureocillium	1052105	G	654	47	701	0.00000
Drechmeria	98402	G	549	9	558	0.00000
Trichoderma	5543	G	753	70	823	0.00000
Ustilaginoidea	124426	G	275	9	284	0.00000
Pochonia	243023	G	200	4	204	0.00000
Metarhizium	5529	G	156	3	159	0.00000
Akanthomyces	150366	G	468	14	482	0.00000
Colletotrichum	5455	G	1140	42	1182	0.00000
Thermothielavioides	2609811	G	488	44	532	0.00000
Thermothelomyces	1920207	G	327	15	342	0.00000
Neurospora	5140	G	461	24	485	0.00000
Sordaria	5146	G	301	68	369	0.00000
Podospora	5144	G	644	38	682	0.00000
Remersonia	72143	G	242	13	255	0.00000
Pyricularia	48558	G	837	5	842	0.00000
Botrytis	33196	G	366	43	409	0.00000
Aspergillus	5052	G	1592	26	1618	0.00001
Penicillium	5073	G	1343	147	1490	0.00001
Talaromyces	5094	G	495	22	517	0.00000
Coccidioides	5500	G	214	20	234	0.00000
Pyrenophora	5027	G	342	43	385	0.00000
Alternaria	5598	G	128	3	131	0.00000
Ascochyta	5453	G	267	11	278	0.00000
Cercospora	29002	G	340	38	378	0.00000
Zymoseptoria	1047167	G	154	4	158	0.00000
Fulvia	2897311	G	85	4	89	0.00000
Schizosaccharomyces	4895	G	298	5	303	0.00000
Kwoniella	490731	G	2128	145	2273	0.00001
Cryptococcus	5206	G	523	40	563	0.00000
Vanrija	1851468	G	457	44	501	0.00000
Cutaneotrichosporon	1838142	G	155	14	169	0.00000
Psilocybe	71950	G	310	5	315	0.00000
Marasmius	34448	G	157	4	161	0.00000
Rhizoctonia	1322061	G	161	2	163	0.00000
Puccinia	5296	G	1912	55	1967	0.00001
Sporisorium	63265	G	454	25	479	0.00000
Mycosarcoma	2689624	G	65	0	65	0.00000
Malassezia	55193	G	319	18	337	0.00000
Plasmodium	5820	G	53045	664	53709	0.00020
Theileria	5873	G	699	283	982	0.00000
Babesia	5864	G	449	42	491	0.00000
Besnoitia	94642	G	949	120	1069	0.00000
Toxoplasma	5810	G	688	540	1228	0.00000
Neospora	29175	G	256	2	258	0.00000
Cryptosporidium	5806	G	160	49	209	0.00000
Paramecium	5884	G	12	0	12	0.00000
Bremia	4778	G	564	10	574	0.00000
Thalassiosira	35127	G	278	35	313	0.00000
Phaeodactylum	2849	G	262	5	267	0.00000
Bigelowiella	227085	G	40	0	40	0.00000
Trichomonas	5721	G	2026	1	2027	0.00001
Spironucleus	39709	G	220	0	220	0.00000
Giardia	5740	G	90	0	90	0.00000
Leishmania	5658	G	1728	49	1777	0.00001
Porcisia	2761499	G	133	3	136	0.00000
Trypanosoma	5690	G	248	13	261	0.00000
Naegleria	5761	G	62	0	62	0.00000
Dictyostelium	5782	G	1392	23	1415	0.00001
Cryptomonas	3030	G	240	15	255	0.00000
Hemiselmis	77924	G	60	0	60	0.00000
Guillardia	55528	G	30	7	37	0.00000
Methanobrevibacter	2172	G	283679	1611	285290	0.00109
Methanobacterium	2160	G	38918	127	39045	0.00015
Methanosphaera	2316	G	639	3	642	0.00000
Methanothermobacter	145260	G	143	1	144	0.00000
Methanocaldococcus	196118	G	709	116	825	0.00000
Methanotorris	196119	G	54	23	77	0.00000
Methanococcus	2184	G	471	34	505	0.00000
Methanothermococcus	155862	G	187	4	191	0.00000
Methanofervidicoccus	2607661	G	16	0	16	0.00000
Methanopyrus	2319	G	19	0	19	0.00000
Natrinema	88723	G	1245	82	1327	0.00001
Natronorubrum	134813	G	940	113	1053	0.00000
Natrarchaeobaculum	2765402	G	664	105	769	0.00000
Haloterrigena	121871	G	644	128	772	0.00000
Halovivax	332951	G	406	8	414	0.00000
Natribaculum	1699375	G	260	65	325	0.00000
Natronosalvus	3076685	G	232	10	242	0.00000
Natronococcus	29287	G	198	13	211	0.00000
Halomontanus	3125902	G	109	3	112	0.00000
Halostagnicola	353799	G	95	2	97	0.00000
Natrialba	63742	G	91	57	148	0.00000
Halosolutus	2993618	G	79	6	85	0.00000
Natronobacterium	2256	G	79	21	100	0.00000
Natrononativus	3065677	G	50	1	51	0.00000
Natronobeatus	3065678	G	34	11	45	0.00000
Halopiger	387342	G	32	5	37	0.00000
Salinilacihabitans	3065676	G	26	2	28	0.00000
Halovalidus	3383206	G	17	0	17	0.00000
Haloferax	2251	G	1139	8	1147	0.00000
Haloplanus	376170	G	866	75	941	0.00000
Halorubrum	56688	G	785	100	885	0.00000
Halobaculum	43927	G	523	39	562	0.00000
Halogeometricum	60846	G	384	13	397	0.00000
Halobellus	1073986	G	361	30	391	0.00000
Halorarum	3163375	G	306	10	316	0.00000
Haloprofundus	1911573	G	268	25	293	0.00000
Salinigranum	1644057	G	87	1	88	0.00000
Halohasta	1450140	G	69	16	85	0.00000
Halalkaliarchaeum	2678343	G	50	0	50	0.00000
Halolamina	1075397	G	26	4	30	0.00000
Haloquadratum	293431	G	24	0	24	0.00000
Salinirarus	3415185	G	22	4	26	0.00000
Halopenitus	1209988	G	21	0	21	0.00000
Haloarcula	2237	G	535	40	575	0.00000
Halosimplex	171163	G	466	103	569	0.00000
Salinibaculum	2732368	G	259	26	285	0.00000
Halorientalis	1073987	G	182	30	212	0.00000
Halomicrobium	203135	G	155	1	156	0.00000
Halorhabdus	146825	G	148	10	158	0.00000
Halapricum	1542963	G	61	0	61	0.00000
Halovenus	1377992	G	20	0	20	0.00000
Halococcoides	2907507	G	13	0	13	0.00000
Natronomonas	63743	G	542	14	556	0.00000
Halomarina	871740	G	493	4	497	0.00000
Halorarius	3056835	G	339	37	376	0.00000
Haloglomus	2806252	G	189	5	194	0.00000
Salinirubellus	2162630	G	63	1	64	0.00000
Halocatena	2907493	G	42	0	42	0.00000
Halosegnis	2841540	G	17	0	17	0.00000
Haladaptatus	367188	G	910	3	913	0.00000
Halorussus	1070314	G	358	29	387	0.00000
Halomicrococcus	2614447	G	40	0	40	0.00000
Natranaeroarchaeum	2917705	G	588	3	591	0.00000
Salinarchaeum	1269201	G	108	0	108	0.00000
Halobacterium	2239	G	416	116	532	0.00000
Halarchaeum	744724	G	83	1	84	0.00000
Salarchaeum	1075398	G	32	9	41	0.00000
Halospeciosus	3116496	G	29	5	34	0.00000
Halanaeroarchaeum	1656823	G	26	0	26	0.00000
Halococcus	2249	G	150	0	150	0.00000
Halalkalicoccus	332246	G	56	0	56	0.00000
Haloarchaeobius	1269031	G	135	0	135	0.00000
Natronorarus	3386557	G	67	0	67	0.00000
Methanosarcina	2207	G	1499	3	1502	0.00001
Methanolobus	2220	G	620	4	624	0.00000
Methanococcoides	2225	G	449	8	457	0.00000
Methanimicrococcus	91559	G	196	1	197	0.00000
Methanosalsum	196136	G	166	1	167	0.00000
Methanolapillus	3136068	G	107	2	109	0.00000
Methanohalobium	2321	G	86	0	86	0.00000
Methanomethylovorans	101191	G	76	0	76	0.00000
Methanohalophilus	2175	G	47	0	47	0.00000
Methanofollis	81416	G	373	2	375	0.00000
Methanoculleus	45989	G	224	0	224	0.00000
Methanoplanus	2314	G	114	1	115	0.00000
Methanomicrobium	2204	G	95	2	97	0.00000
Methanogenium	2195	G	68	0	68	0.00000
Methanolacinia	230355	G	29	0	29	0.00000
Methanochimaera	3385476	G	22	0	22	0.00000
Methanoregula	395331	G	256	0	256	0.00000
Methanosphaerula	475087	G	39	0	39	0.00000
Methanospirillum	2202	G	293	2	295	0.00000
Methanocorpusculum	2192	G	41	0	41	0.00000
Methanocella	570266	G	373	9	382	0.00000
Methanothrix	2222	G	128	0	128	0.00000
Thermococcus	2263	G	689	1	690	0.00000
Pyrococcus	2260	G	114	0	114	0.00000
Archaeoglobus	2233	G	107	0	107	0.00000
Ferroglobus	54260	G	28	0	28	0.00000
Geoglobus	190818	G	18	0	18	0.00000
Methanonatronarchaeum	2022711	G	84	3	87	0.00000
Candidatus Methanoliparum	2545692	G	12	0	12	0.00000
Cuniculiplasma	1747777	G	91490	0	91490	0.00035
Ferroplasma	74968	G	67	3	70	0.00000
Acidiplasma	507753	G	27	2	29	0.00000
Oxyplasma	3373586	G	29	0	29	0.00000
Thermoplasma	2302	G	15	0	15	0.00000
Picrophilus	46631	G	25	0	25	0.00000
Candidatus Methanoplasma	1607807	G	72	3	75	0.00000
Methanomassiliicoccus	1080709	G	31	0	31	0.00000
Methanomethylophilus	1291539	G	39	1	40	0.00000
Candidatus Aciduliprofundum	379546	G	60	0	60	0.00000
Saccharolobus	2100760	G	339	5	344	0.00000
Acidianus	12914	G	291	0	291	0.00000
Sulfurisphaera	69655	G	249	0	249	0.00000
Sulfolobus	2284	G	127	29	156	0.00000
Metallosphaera	41980	G	127	0	127	0.00000
Stygiolobus	41674	G	69	0	69	0.00000
Sulfodiicoccus	2017961	G	34	0	34	0.00000
Sulfuracidifex	2705406	G	33	0	33	0.00000
Pyrodictium	2308	G	544	0	544	0.00000
Staphylothermus	2279	G	65	0	65	0.00000
Ignicoccus	54258	G	49	0	49	0.00000
Desulfurococcus	2273	G	32	0	32	0.00000
Thermogladius	477695	G	14	0	14	0.00000
Pyrobaculum	2276	G	125	0	125	0.00000
Thermoproteus	2270	G	37	0	37	0.00000
Vulcanisaeta	164450	G	24	0	24	0.00000
Caldivirga	76886	G	17	0	17	0.00000
Caldisphaera	200414	G	107	0	107	0.00000
Acidilobus	105850	G	15	0	15	0.00000
Infirmifilum	2856573	G	52	0	52	0.00000
Thermofilum	2268	G	38	0	38	0.00000
Fervidicoccus	685950	G	22	0	22	0.00000
Nitrosopumilus	338191	G	1051	27	1078	0.00000
Nitrosarchaeum	1007082	G	66	2	68	0.00000
Candidatus Nitrosomarinus	1993653	G	41	2	43	0.00000
Candidatus Nitrosocosmicus	1826864	G	262	0	262	0.00000
Nitrososphaera	497726	G	56	0	56	0.00000
Nitrosotalea	1078904	G	25	0	25	0.00000
Candidatus Nitrosotenuis	1825023	G	52	0	52	0.00000
Candidatus Nitrosopelagicus	1593364	G	14	0	14	0.00000
Promethearchaeum	3366645	G	129	0	129	0.00000
Candidatus Lokiarchaeum	1655637	G	114	0	114	0.00000
Nanobdella	2974824	G	56	0	56	0.00000
Candidatus Nanohalobium	2856051	G	21	0	21	0.00000
Candidatus Mancarchaeum	2490204	G	12	0	12	0.00000
