METAGENOMEID,ILLUMINA
STP248.12601,STP_248_10039_S28_L004_R?_001.fastq.gz
STP294.12602,STP_294_10044_S34_L004_R?_001.fastq.gz
STP51B.12603,STP_51B_10019_S31_L004_R?_001.fastq.gz
STP572.12604,STP_572_10073_S29_L004_R?_001.fastq.gz
STP672.12605,STP_672_10098_S32_L004_R?_001.fastq.gz
STP701.12606,STP_701_10110_S33_L004_R?_001.fastq.gz
STP748.12607,STP_748_10122_S30_L004_R?_001.fastq.gz

