name	taxonomy_id	taxonomy_lvl	kraken_assigned_reads	added_reads	new_est_reads	fraction_total_reads
Citrobacter	544	G	37417381	1169971	38587352	0.34178
Buttiauxella	82976	G	2059480	5626	2065106	0.01829
Klebsiella	570	G	564662	53646	618308	0.00548
Escherichia	561	G	402170	478501	880671	0.00780
Enterobacter	547	G	347957	30080	378037	0.00335
Salmonella	590	G	112606	60543	173149	0.00153
Dryocola	3021684	G	97750	487	98237	0.00087
Cedecea	158483	G	80255	296	80551	0.00071
Kosakonia	1330547	G	71282	632	71914	0.00064
Leclercia	83654	G	43073	1246	44319	0.00039
Cronobacter	413496	G	40578	236	40814	0.00036
Kluyvera	579	G	39790	659	40449	0.00036
Lelliottia	1330545	G	26559	378	26937	0.00024
Pseudocitrobacter	1504576	G	15605	424	16029	0.00014
Phytobacter	447792	G	14075	1554	15629	0.00014
Atlantibacter	1903434	G	12370	148	12518	0.00011
Siccibacter	1649298	G	11875	51	11926	0.00011
Scandinavium	2726810	G	11052	41	11093	0.00010
Franconibacter	1649295	G	10245	21	10266	0.00009
Plesiomonas	702	G	9613	89	9702	0.00009
Mangrovibacter	451512	G	7792	147	7939	0.00007
Pluralibacter	1330546	G	7732	79	7811	0.00007
Superficieibacter	2303321	G	6944	36	6980	0.00006
Yokenella	158876	G	6456	89	6545	0.00006
Symbiopectobacterium	801	G	3192	9	3201	0.00003
Candidatus Regiella	568988	G	313	2	315	0.00000
Candidatus Williamhamiltonella	568987	G	311	345	656	0.00001
Candidatus Blochmanniella	203804	G	227	0	227	0.00000
Candidatus Westeberhardia	1699619	G	31	0	31	0.00000
Candidatus Doolittlea	1906657	G	104	0	104	0.00000
Candidatus Hoaglandella	1906659	G	97	0	97	0.00000
Candidatus Hartigia	1449912	G	57	0	57	0.00000
Candidatus Annandia	1302410	G	53	2	55	0.00000
Candidatus Mikella	1906660	G	40	1	41	0.00000
Candidatus Gullanella	1906661	G	39	29	68	0.00000
Candidatus Purcelliella	472825	G	16	0	16	0.00000
Trabulsiella	158851	G	4563	87	4650	0.00004
Pseudescherichia	2055880	G	4280	110	4390	0.00004
Jejuibacter	2815296	G	4077	5	4082	0.00004
Shimwellia	1335483	G	3448	22	3470	0.00003
Shigella	620	G	3102	9927	13029	0.00012
Candidatus Ishikawella	409304	G	215	0	215	0.00000
Candidatus Profftia	1177214	G	154	0	154	0.00000
Candidatus Gillettellia	1177217	G	147	0	147	0.00000
Candidatus Moranella	1048757	G	45	0	45	0.00000
Candidatus Curculioniphilus	690591	G	41	0	41	0.00000
Candidatus Riesia	401618	G	17	0	17	0.00000
Candidatus Psyllophila	3682497	G	16	0	16	0.00000
Serratia	613	G	4907100	49971	4957071	0.04391
Yersinia	629	G	106914	1623	108537	0.00096
Rahnella	34037	G	39265	305	39570	0.00035
Chania	1745211	G	34996	248	35244	0.00031
Gibbsiella	929812	G	7168	41	7209	0.00006
Rouxiella	1565532	G	4464	31	4495	0.00004
Ewingella	41201	G	3507	30	3537	0.00003
Nissabacter	1964366	G	1530	7	1537	0.00001
Chimaeribacter	2716544	G	1497	19	1516	0.00001
Candidatus Fukatsuia	1927833	G	163	0	163	0.00000
Providencia	586	G	561722	37515	599237	0.00531
Xenorhabdus	626	G	16995	16	17011	0.00015
Proteus	583	G	15316	263	15579	0.00014
Morganella	581	G	9308	156	9464	0.00008
Photorhabdus	29487	G	7534	3	7537	0.00007
Moellerella	158848	G	3392	74	3466	0.00003
Arsenophonus	637	G	921	0	921	0.00001
Pantoea	53335	G	74363	1869	76232	0.00068
Erwinia	551	G	28387	1504	29891	0.00026
Mixta	2100764	G	3226	260	3486	0.00003
Winslowiella	2997349	G	3110	68	3178	0.00003
Duffyella	3026546	G	2520	199	2719	0.00002
Paramixta	3231896	G	2455	51	2506	0.00002
Buchnera	32199	G	1633	518	2151	0.00002
Tatumella	82986	G	1564	12	1576	0.00001
Izhakiella	1780190	G	205	74	279	0.00000
Pectobacterium	122277	G	34128	491	34619	0.00031
Dickeya	204037	G	30532	781	31313	0.00028
Brenneria	71655	G	5290	362	5652	0.00005
Lonsdalea	1082702	G	1304	18	1322	0.00001
Musicola	2884243	G	1185	18	1203	0.00001
Prodigiosinella	3059405	G	228	386	614	0.00001
Hafnia	568	G	21830	1473	23303	0.00021
Edwardsiella	635	G	10304	94	10398	0.00009
Obesumbacterium	82982	G	407	141	548	0.00000
Sodalis	84565	G	7492	7	7499	0.00007
Limnobaculum	2172100	G	3453	24	3477	0.00003
Leminorella	82980	G	2290	4	2294	0.00002
Pragia	82984	G	1252	11	1263	0.00001
Gallaecimonas	745410	G	411	2	413	0.00000
Stenotrophomonas	40323	G	2477941	112304	2590245	0.02294
Xanthomonas	338	G	244810	7560	252370	0.00224
Pseudoxanthomonas	83618	G	99858	3705	103563	0.00092
Lysobacter	68	G	47822	2006	49828	0.00044
Luteimonas	83614	G	26701	467	27168	0.00024
Thermomonas	141948	G	17642	436	18078	0.00016
Marilutibacter	3382698	G	4623	90	4713	0.00004
Agrilutibacter	3382696	G	3060	87	3147	0.00003
Novilysobacter	3382699	G	2433	1237	3670	0.00003
Pseudoluteimonas	3382694	G	1357	22	1379	0.00001
Solilutibacter	3382695	G	1106	51	1157	0.00001
Arenimonas	490567	G	896	11	907	0.00001
Xylella	2370	G	467	3	470	0.00000
Rhodanobacter	75309	G	8059	420	8479	0.00008
Dyella	231454	G	7207	388	7595	0.00007
Luteibacter	242605	G	3089	86	3175	0.00003
Dokdonella	323413	G	1126	19	1145	0.00001
Frateuria	70411	G	985	168	1153	0.00001
Tahibacter	1453544	G	924	7	931	0.00001
Pseudolysobacter	2709666	G	47	0	47	0.00000
Aerosticca	2707020	G	40	7	47	0.00000
Ahniella	2233801	G	31	0	31	0.00000
Metallibacterium	1218803	G	12	0	12	0.00000
Marinicella	863253	G	20	0	20	0.00000
Pseudomonas	286	G	2332092	20986	2353078	0.02084
Stutzerimonas	2901164	G	4344	121	4465	0.00004
Metapseudomonas	3236656	G	1716	56	1772	0.00002
Ectopseudomonas	3236654	G	1616	177	1793	0.00002
Halopseudomonas	2901189	G	1147	34	1181	0.00001
Aquipseudomonas	3236652	G	904	30	934	0.00001
Azotobacter	352	G	670	21	691	0.00001
Azorhizophilus	157913	G	188	8	196	0.00000
Entomomonas	2758906	G	246	0	246	0.00000
Geopseudomonas	3236655	G	214	5	219	0.00000
Phytopseudomonas	3236657	G	168	4	172	0.00000
Thiopseudomonas	1654787	G	163	0	163	0.00000
Permianibacter	1649479	G	22	0	22	0.00000
Denitrificimonas	2901261	G	13	0	13	0.00000
Marinobacter	2742	G	1483	2	1485	0.00001
Candidatus Njordibacter	3457297	G	72	0	72	0.00000
Ketobacter	2025617	G	21	0	21	0.00000
Pseudohongiella	1524249	G	17	0	17	0.00000
Acinetobacter	469	G	1254377	40852	1295229	0.01147
Moraxella	475	G	918	6	924	0.00001
Psychrobacter	497	G	457	1	458	0.00000
Faucicola	1604696	G	85	2	87	0.00000
Aquirhabdus	2824158	G	20	0	20	0.00000
Vibrio	662	G	28825	618	29443	0.00026
Photobacterium	657	G	3395	164	3559	0.00003
Enterovibrio	188143	G	623	5	628	0.00001
Grimontia	246861	G	556	9	565	0.00001
Aliivibrio	511678	G	430	35	465	0.00000
Parasalinivibrio	3378804	G	414	6	420	0.00000
Salinivibrio	51366	G	227	7	234	0.00000
Thaumasiovibrio	2014233	G	128	4	132	0.00000
Paraphotobacterium	2042066	G	25	0	25	0.00000
Shewanella	22	G	8232	75	8307	0.00007
Parashewanella	2547964	G	61	0	61	0.00000
Psychrobium	1573826	G	16	0	16	0.00000
Alteromonas	226	G	2962	126	3088	0.00003
Salinimonas	288793	G	204	4	208	0.00000
Agarivorans	261825	G	702	5	707	0.00001
Paraglaciecola	1621534	G	684	4	688	0.00001
Catenovulum	1172191	G	240	0	240	0.00000
Hydrocarboniclastica	2650549	G	142	0	142	0.00000
Alishewanella	111142	G	111	3	114	0.00000
Lacimicrobium	1751872	G	75	0	75	0.00000
Planctobacterium	2200736	G	57	0	57	0.00000
Halioxenophilus	2108524	G	50	0	50	0.00000
Aliiglaciecola	1406885	G	49	1	50	0.00000
Saccharobesus	2894574	G	49	0	49	0.00000
Paraneptunicella	2905123	G	28	0	28	0.00000
Neptunicella	2125985	G	27	0	27	0.00000
Alkalimarinus	1858563	G	24	0	24	0.00000
Saliniradius	2661818	G	21	0	21	0.00000
Pseudoalteromonas	53246	G	4598	149	4747	0.00004
Flocculibacter	2834759	G	20	0	20	0.00000
Psychrosphaera	907197	G	14	0	14	0.00000
Thalassotalea	1518149	G	1321	17	1338	0.00001
Colwellia	28228	G	887	17	904	0.00001
Thalassomonas	137583	G	264	1	265	0.00000
Pseudocolwellia	2848177	G	241	0	241	0.00000
Cognaticolwellia	2848171	G	40	2	42	0.00000
Litorilituus	1407056	G	26	0	26	0.00000
Psychromonas	67572	G	511	1	512	0.00000
Idiomarina	135575	G	284	16	300	0.00000
Pseudidiomarina	2800384	G	140	1	141	0.00000
Ferrimonas	44011	G	355	3	358	0.00000
Moritella	58050	G	206	8	214	0.00000
Aegicerorhabdus	3614798	G	114	0	114	0.00000
Motilimonas	1914248	G	44	0	44	0.00000
Halomonas	2745	G	4876	183	5059	0.00004
Vreelandella	3137766	G	1317	696	2013	0.00002
Salinicola	404432	G	553	15	568	0.00001
Cobetia	204286	G	479	4	483	0.00000
Kushneria	504090	G	395	0	395	0.00000
Billgrantia	3137761	G	286	61	347	0.00000
Chromohalobacter	42054	G	280	12	292	0.00000
Zymobacter	33073	G	76	0	76	0.00000
Candidatus Carsonella	114185	G	25	0	25	0.00000
Bisbaumannia	3137762	G	34	1	35	0.00000
Halotalea	376488	G	31	0	31	0.00000
Pistricoccus	1897649	G	15	0	15	0.00000
Marinomonas	28253	G	2291	18	2309	0.00002
Neptuniibacter	459520	G	603	6	609	0.00001
Neptunomonas	75687	G	464	4	468	0.00000
Marinobacterium	48075	G	230	3	233	0.00000
Venatoribacter	2893036	G	192	11	203	0.00000
Thalassolituus	187492	G	142	3	145	0.00000
Aliamphritea	3018276	G	124	1	125	0.00000
Nitrincola	267849	G	95	0	95	0.00000
Amphritea	515417	G	66	0	66	0.00000
Bermanella	599651	G	61	0	61	0.00000
Bacterioplanoides	2066071	G	52	0	52	0.00000
Motiliproteus	1775292	G	23	0	23	0.00000
Marinospirillum	64968	G	17	0	17	0.00000
Alloalcanivorax	3020832	G	374	5	379	0.00000
Alcanivorax	59753	G	244	4	248	0.00000
Isoalcanivorax	3020833	G	138	1	139	0.00000
Endozoicomonas	305899	G	538	7	545	0.00000
Hahella	158481	G	337	1	338	0.00000
Thermohahella	3449104	G	56	0	56	0.00000
Allohahella	1855402	G	15	0	15	0.00000
Pokkaliibacter	2301194	G	231	0	231	0.00000
Gynuella	1445504	G	187	0	187	0.00000
Saccharospirillum	231683	G	24	0	24	0.00000
Aliikangiella	1920241	G	196	0	196	0.00000
Pleionea	1502941	G	17	0	17	0.00000
Spartinivicinus	2768738	G	102	0	102	0.00000
Marinicellulosiphila	3414216	G	85	0	85	0.00000
Oleiphilus	141450	G	78	0	78	0.00000
Litorivicinus	418700	G	73	0	73	0.00000
Aeromonas	642	G	11186	322	11508	0.00010
Zobellella	347533	G	1304	11	1315	0.00001
Oceanimonas	129577	G	284	3	287	0.00000
Tolumonas	43947	G	253	1	254	0.00000
Oceanisphaera	225143	G	56	0	56	0.00000
Pseudaeromonas	1929090	G	55	0	55	0.00000
Dongshaea	2802288	G	43	0	43	0.00000
Succinivibrio	83770	G	93	0	93	0.00000
Mannheimia	75984	G	2438	47	2485	0.00002
Haemophilus	724	G	1560	59	1619	0.00001
Vespertiliibacter	1520333	G	1332	18	1350	0.00001
Actinobacillus	713	G	1226	78	1304	0.00001
Histophilus	214906	G	979	53	1032	0.00001
Pasteurella	745	G	360	151	511	0.00000
Aggregatibacter	416916	G	332	59	391	0.00000
Avibacterium	292486	G	267	10	277	0.00000
Bisgaardia	109471	G	215	2	217	0.00000
Mergibacter	2899790	G	148	1	149	0.00000
Lonepinella	53416	G	147	0	147	0.00000
Frederiksenia	1649317	G	102	2	104	0.00000
Rodentibacter	1960084	G	93	0	93	0.00000
Glaesserella	2094023	G	89	16	105	0.00000
Gallibacterium	155493	G	84	4	88	0.00000
Phocoenobacter	146805	G	82	34	116	0.00000
Testudinibacter	1755672	G	47	0	47	0.00000
Otariodibacter	1249016	G	26	0	26	0.00000
Bibersteinia	476528	G	25	5	30	0.00000
Basfia	697331	G	15	0	15	0.00000
Cellvibrio	10	G	4233	17	4250	0.00004
Marinagarivorans	1792291	G	337	10	347	0.00000
Marinimicrobium	359337	G	221	1	222	0.00000
Teredinibacter	2425	G	209	1	210	0.00000
Saccharophagus	316625	G	162	4	166	0.00000
Simiduia	447467	G	152	0	152	0.00000
Gilvimarinus	940550	G	64	0	64	0.00000
Maricurvus	1122283	G	64	0	64	0.00000
Agarilytica	2036021	G	24	0	24	0.00000
Microbulbifer	48073	G	1547	6	1553	0.00001
Luminiphilus	1341118	G	426	0	426	0.00000
Congregibacter	393661	G	147	7	154	0.00000
Kineobactrum	2678529	G	78	0	78	0.00000
Halioglobus	1217416	G	76	0	76	0.00000
Candidatus Paraluminiphilus	3040948	G	17	0	17	0.00000
Aequoribacter	2847769	G	10	0	10	0.00000
Spongiibacter	630749	G	98	3	101	0.00000
Oceanicoccus	1084558	G	13	0	13	0.00000
Zhongshania	1434050	G	13	0	13	0.00000
Rheinheimera	67575	G	863	1	864	0.00001
Allochromatium	85072	G	526	4	530	0.00000
Candidatus Nitrosoglobus	1980513	G	182	0	182	0.00000
Thiorhodovibrio	61593	G	169	1	170	0.00000
Thiocapsa	1056	G	159	1	160	0.00000
Thiocystis	13724	G	129	0	129	0.00000
Marichromatium	85076	G	97	2	99	0.00000
Thiodictyon	53392	G	95	0	95	0.00000
Nitrosococcus	1227	G	90	0	90	0.00000
Thermochromatium	85073	G	55	0	55	0.00000
Thioflavicoccus	156885	G	34	0	34	0.00000
Caldichromatium	2828366	G	24	0	24	0.00000
Candidatus Nitrosacidococcus	2796146	G	13	0	13	0.00000
Thioalkalivibrio	106633	G	505	2	507	0.00000
Acidihalobacter	1765964	G	293	1	294	0.00000
Alkalilimnicola	133193	G	135	1	136	0.00000
Ectothiorhodospira	1051	G	86	0	86	0.00000
Sediminicurvatus	3383961	G	85	0	85	0.00000
Halorhodospira	85108	G	76	0	76	0.00000
Aquisalimonas	406099	G	72	0	72	0.00000
Spiribacter	1335745	G	34	0	34	0.00000
Magnetovirga	3425870	G	132	0	132	0.00000
Candidatus Thiodiazotropha	1913444	G	64	0	64	0.00000
Candidatus Endoriftia	393764	G	59	0	59	0.00000
Sedimenticola	349742	G	27	0	27	0.00000
Thiosocius	2780488	G	19	0	19	0.00000
Guyparkeria	2035712	G	225	2	227	0.00000
Halothiobacillus	109262	G	145	1	146	0.00000
Granulosicoccus	437504	G	54	0	54	0.00000
Sulfuriflexus	1860077	G	13	0	13	0.00000
Wenzhouxiangella	1676142	G	57	0	57	0.00000
Methylomonas	416	G	804	0	804	0.00001
Methylococcus	413	G	724	1	725	0.00001
Methylocaldum	73778	G	589	1	590	0.00001
Methylobacter	429	G	269	1	270	0.00000
Methylomarinum	1221209	G	153	0	153	0.00000
Methylogaea	1295378	G	146	0	146	0.00000
Methylotuvimicrobium	2822410	G	90	0	90	0.00000
Methyloprofundus	1565313	G	67	0	67	0.00000
Methylomicrobium	39773	G	62	0	62	0.00000
Candidatus Methylocalor	3135206	G	52	0	52	0.00000
Methylovulum	762296	G	50	0	50	0.00000
Methylomagnum	1760987	G	41	0	41	0.00000
Candidatus Methylospira	1808977	G	10	0	10	0.00000
Methylomarinovum	1486720	G	113	0	113	0.00000
Rickettsiella	59195	G	1446	0	1446	0.00001
Coxiella	776	G	32	7	39	0.00000
Aquicella	254245	G	23	37	60	0.00000
Candidiatus Paracoxiella	3405119	G	17	0	17	0.00000
Legionella	445	G	1382	7	1389	0.00001
Francisella	262	G	1140	9	1149	0.00001
Allofrancisella	1869285	G	19	0	19	0.00000
Thiomicrorhabdus	2039723	G	372	3	375	0.00000
Methylophaga	40222	G	283	1	284	0.00000
Hydrogenovibrio	28884	G	209	7	216	0.00000
Thiomicrospira	933	G	73	0	73	0.00000
Piscirickettsia	1237	G	62	0	62	0.00000
Thiosulfativibrio	2781120	G	23	0	23	0.00000
Cycloclasticus	34067	G	21	0	21	0.00000
Thiosulfatimonas	2781121	G	10	0	10	0.00000
Thiothrix	1030	G	421	0	421	0.00000
Beggiatoa	1021	G	12	0	12	0.00000
Solimonas	413435	G	535	3	538	0.00000
Nevskia	64001	G	486	10	496	0.00000
Hydrocarboniphaga	243627	G	339	4	343	0.00000
Flagellatimonas	2893022	G	115	2	117	0.00000
Sinimarinibacterium	1861863	G	48	0	48	0.00000
Algiphilus	1266053	G	80	0	80	0.00000
Gilliamella	1193503	G	501	5	506	0.00000
Orbus	743714	G	403	2	405	0.00000
Frischella	1335631	G	86	3	89	0.00000
Utexia	3373510	G	68	0	68	0.00000
Zophobihabitans	2894762	G	39	0	39	0.00000
Steroidobacter	469322	G	360	1	361	0.00000
Candidatus Pseudothioglobus	2841677	G	63	0	63	0.00000
Candidatus Ruthturnera	1541743	G	32	0	32	0.00000
Candidatus Thioglobus	655184	G	28	0	28	0.00000
Candidatus Vesicomyidisocius	2732587	G	18	0	18	0.00000
Candidatus Thiodubiliella	2738885	G	16	0	16	0.00000
Celerinatantimonas	412033	G	72	0	72	0.00000
Candidatus Palibaumannia	198346	G	71	0	71	0.00000
Candidatus Reidiella	2738850	G	21	7	28	0.00000
Acidiferrobacter	986106	G	212	1	213	0.00000
Sulfuricaulis	1744881	G	50	0	50	0.00000
Sulfurifustis	1692042	G	46	0	46	0.00000
Cardiobacterium	2717	G	100	2	102	0.00000
Suttonella	13275	G	25	0	25	0.00000
Ignatzschineria	112008	G	72	0	72	0.00000
Thiohalobacter	1273155	G	188	0	188	0.00000
Candidatus Rariloculus ( ex Nguyen 2022)	2978114	G	140	0	140	0.00000
Kangiella	261963	G	120	0	120	0.00000
Salinisphaera	180541	G	114	0	114	0.00000
Immundisolibacter	1934947	G	89	56	145	0.00000
Woeseia	1738655	G	37	0	37	0.00000
Candidatus Spongiihabitans	3033996	G	33	0	33	0.00000
Sulfurivermis	2034504	G	25	0	25	0.00000
Candidatus Foliamicus	3023563	G	19	0	19	0.00000
Comamonas	283	G	5939393	44033	5983426	0.05300
Variovorax	34072	G	455132	5331	460463	0.00408
Acidovorax	12916	G	75425	834	76259	0.00068
Hydrogenophaga	47420	G	24525	435	24960	0.00022
Delftia	80865	G	16625	1256	17881	0.00016
Diaphorobacter	238749	G	4644	244	4888	0.00004
Ottowia	219181	G	2874	57	2931	0.00003
Rhodoferax	28065	G	2720	19	2739	0.00002
Polaromonas	52972	G	1520	4	1524	0.00001
Paracidovorax	3051137	G	1391	57	1448	0.00001
Alicycliphilus	201096	G	1390	113	1503	0.00001
Ramlibacter	174951	G	1220	10	1230	0.00001
Limnohabitans	665874	G	886	3	889	0.00001
Brachymonas	28219	G	777	5	782	0.00001
Melaminivora	1649468	G	510	12	522	0.00000
Serpentinimonas	2490452	G	393	2	395	0.00000
Verminephrobacter	364316	G	369	1	370	0.00000
Paenacidovorax	3051138	G	356	7	363	0.00000
Vandammella	2919468	G	272	0	272	0.00000
Pulveribacter	2678886	G	219	3	222	0.00000
Hylemonella	232523	G	106	0	106	0.00000
Simplicispira	352450	G	96	1	97	0.00000
Candidatus Symbiobacter	1436289	G	50	0	50	0.00000
Curvibacter	281915	G	48	1	49	0.00000
Achromobacter	222	G	500038	8999	509037	0.00451
Alcaligenes	507	G	9161	127	9288	0.00008
Bordetella	517	G	6614	131	6745	0.00006
Kerstersia	257820	G	1698	24	1722	0.00002
Castellaniella	359336	G	1453	15	1468	0.00001
Pigmentiphaga	152267	G	1349	11	1360	0.00001
Orrella	1921582	G	888	16	904	0.00001
Advenella	290425	G	626	11	637	0.00001
Neopusillimonas	2987605	G	443	8	451	0.00000
Pollutimonas	2987599	G	375	11	386	0.00000
Parapusillimonas	1403714	G	213	8	221	0.00000
Pusillimonas	305976	G	133	2	135	0.00000
Paralcaligenes	1148163	G	91	0	91	0.00000
Taylorella	29574	G	60	0	60	0.00000
Ampullimonas	1920247	G	31	0	31	0.00000
Oligella	90243	G	31	0	31	0.00000
Pelistega	106146	G	16	0	16	0.00000
Paenalcaligenes	1100891	G	12	0	12	0.00000
Basilea	1472344	G	10	0	10	0.00000
Burkholderia	32008	G	12945	848	13793	0.00012
Cupriavidus	106589	G	11376	398	11774	0.00010
Paraburkholderia	1822464	G	7676	251	7927	0.00007
Ralstonia	48736	G	5596	317	5913	0.00005
Caballeronia	1827195	G	2329	68	2397	0.00002
Pandoraea	93217	G	1833	47	1880	0.00002
Polynucleobacter	44013	G	1269	2	1271	0.00001
Pararobbsia	2718863	G	513	5	518	0.00000
Robbsia	2038280	G	367	4	371	0.00000
Trinickia	2571160	G	197	5	202	0.00000
Imbroritus	3422601	G	194	9	203	0.00000
Lautropia	47670	G	159	1	160	0.00000
Mycetohabitans	2571159	G	107	0	107	0.00000
Limnobacter	131079	G	67	0	67	0.00000
Mycoavidus	1810868	G	39	0	39	0.00000
Ephemeroptericola	2680021	G	12	0	12	0.00000
Duganella	75654	G	9245	512	9757	0.00009
Massilia	149698	G	5967	492	6459	0.00006
Pseudoduganella	1522432	G	3698	263	3961	0.00004
Telluria	34069	G	640	161	801	0.00001
Rugamonas	212744	G	508	57	565	0.00001
Janthinobacterium	29580	G	3181	71	3252	0.00003
Herbaspirillum	963	G	2655	36	2691	0.00002
Collimonas	202907	G	1043	10	1053	0.00001
Herminiimonas	303379	G	728	7	735	0.00001
Undibacterium	401469	G	280	2	282	0.00000
Oxalobacter	846	G	187	1	188	0.00000
Noviherbaspirillum	1344552	G	116	1	117	0.00000
Affinundibacterium	3078230	G	88	0	88	0.00000
Glaciimonas	1229970	G	60	0	60	0.00000
Neoundibacterium	3078232	G	57	1	58	0.00000
Actimicrobium	1051898	G	40	0	40	0.00000
Roseateles	93681	G	5877	151	6028	0.00005
Rubrivivax	28067	G	1406	63	1469	0.00001
Piscinibacter	1114981	G	1218	18	1236	0.00001
Methylibium	316612	G	916	34	950	0.00001
Caldimonas	196013	G	891	41	932	0.00001
Sphaerotilus	34102	G	822	39	861	0.00001
Aquincola	391952	G	513	57	570	0.00001
Ideonella	36862	G	503	39	542	0.00000
Leptothrix	88	G	344	21	365	0.00000
Inhella	644355	G	124	3	127	0.00000
Xylophilus	54066	G	744	9	753	0.00001
Aquabacterium	92793	G	729	7	736	0.00001
Thiomonas	32012	G	588	1	589	0.00001
Rhizobacter	212743	G	518	5	523	0.00000
Eleftheria	1597779	G	248	2	250	0.00000
Tepidimonas	114248	G	146	21	167	0.00000
Piscinibacterium	2066914	G	61	0	61	0.00000
Candidatus Ichthyocystis	2929841	G	13	0	13	0.00000
Sutterella	40544	G	107	0	107	0.00000
Turicimonas	1918598	G	13	0	13	0.00000
Duodenibacillus	1980697	G	11	0	11	0.00000
Neisseria	482	G	2326	78	2404	0.00002
Kingella	32257	G	798	30	828	0.00001
Uruburuella	299568	G	325	5	330	0.00000
Vitreoscilla	59	G	257	2	259	0.00000
Snodgrassella	1193515	G	188	1	189	0.00000
Paralysiella	2898489	G	183	2	185	0.00000
Aquella	2593687	G	132	0	132	0.00000
Eikenella	538	G	126	4	130	0.00000
Crenobacter	1654931	G	120	4	124	0.00000
Bergeriella	334108	G	88	4	92	0.00000
Wielerella	2944815	G	12	0	12	0.00000
Chromobacterium	535	G	2698	40	2738	0.00002
Paludibacterium	400060	G	518	6	524	0.00000
Vogesella	57739	G	326	6	332	0.00000
Aquitalea	407217	G	209	5	214	0.00000
Pseudogulbenkiania	568394	G	60	1	61	0.00000
Jeongeupia	885864	G	595	9	604	0.00001
Chitinimonas	240411	G	498	5	503	0.00000
Chitiniphilus	585890	G	385	9	394	0.00000
Chitinibacter	230666	G	269	5	274	0.00000
Chitinolyticbacter	1055692	G	213	4	217	0.00000
Iodobacter	32014	G	121	2	123	0.00000
Deefgea	400947	G	59	1	60	0.00000
Silvimonas	300264	G	46	0	46	0.00000
Chitinirhabdus	3683957	G	22	0	22	0.00000
Microvirgula	57479	G	408	5	413	0.00000
Laribacter	168470	G	242	11	253	0.00000
Aquaspirillum	187	G	52	0	52	0.00000
Azoarcus	12960	G	2202	105	2307	0.00002
Thauera	33057	G	1601	55	1656	0.00001
Nitrogeniibacter	2891294	G	218	1	219	0.00000
Parazoarcus	2891322	G	135	2	137	0.00000
Pseudazoarcus	2891323	G	50	0	50	0.00000
Pseudothauera	2891324	G	23	0	23	0.00000
Aromatoleum	551759	G	780	45	825	0.00001
Azospira	146937	G	320	14	334	0.00000
Niveibacterium	1769726	G	314	2	316	0.00000
Oryzomicrobium	1911577	G	128	7	135	0.00000
Dechloromonas	73029	G	674	97	771	0.00001
Ferribacterium	88875	G	165	3	168	0.00000
Quatrionicoccus	138117	G	94	4	98	0.00000
Azonexus	146936	G	90	16	106	0.00000
Fluviibacter	2808942	G	43	0	43	0.00000
Methylophilus	16	G	1910	19	1929	0.00002
Methylotenera	359407	G	150	3	153	0.00000
Methylovorus	81682	G	135	2	137	0.00000
Candidatus Methylopumilus	1679002	G	89	1	90	0.00000
Methylobacillus	404	G	37	0	37	0.00000
Methyloradius	2872156	G	31	0	31	0.00000
Sulfuriferula	1778653	G	1348	6	1354	0.00001
Sulfurimicrobium	2772198	G	33	0	33	0.00000
Methyloversatilis	378210	G	442	1	443	0.00000
Denitratisoma	311181	G	138	4	142	0.00000
Sterolibacterium	157591	G	81	0	81	0.00000
Sulfuritalea	1054211	G	60	0	60	0.00000
Sulfuricystis	3050898	G	35	0	35	0.00000
Rugosibacter	1914449	G	19	0	19	0.00000
Ferrigenium	2249462	G	226	2	228	0.00000
Sideroxydans	314343	G	132	2	134	0.00000
Sideroxyarcus	2943286	G	42	1	43	0.00000
Candidatus Nitrotoga	453161	G	37	0	37	0.00000
Gallionella	96	G	16	0	16	0.00000
Ferriphaselus	1443590	G	16	0	16	0.00000
Nitrosomonas	914	G	361	6	367	0.00000
Nitrosospira	35798	G	48	0	48	0.00000
Thiobacillus	919	G	158	2	160	0.00000
Sulfuritortus	1938335	G	26	1	27	0.00000
Usitatibacter	2803845	G	131	0	131	0.00000
Chitinivorax	1433992	G	173	1	174	0.00000
Casimicrobium	2706000	G	79	0	79	0.00000
Candidatus Accumulibacter	327159	G	57	0	57	0.00000
Candidatus Profftella	1381133	G	42	0	42	0.00000
Candidatus Kinetoplastidibacterium	33055	G	39	0	39	0.00000
Candidatus Vidania	1191175	G	27	0	27	0.00000
Ferrovum	416212	G	14	0	14	0.00000
Agrobacterium	357	G	132112	11855	143967	0.00128
Rhizobium	379	G	77738	9925	87663	0.00078
Neorhizobium	1525371	G	2174	26	2200	0.00002
Pararhizobium	1612611	G	1209	30	1239	0.00001
Pseudorhizobium	1903858	G	122	3	125	0.00000
Allorhizobium	78526	G	26	10	36	0.00000
Sinorhizobium	28105	G	17211	232	17443	0.00015
Ensifer	106591	G	2670	107	2777	0.00002
Shinella	323620	G	12083	310	12393	0.00011
Hoeflea	274591	G	875	10	885	0.00001
Affinirhizobium	3070964	G	229	1	230	0.00000
Georhizobium	2661800	G	209	2	211	0.00000
Terrirhizobium	3464117	G	169	0	169	0.00000
Peteryoungia	2853332	G	159	0	159	0.00000
Ciceribacter	1648508	G	100	0	100	0.00000
Paenirhizobium	3070963	G	96	3	99	0.00000
Liberibacter	34019	G	60	0	60	0.00000
Lentilitoribacter	1649463	G	44	0	44	0.00000
Bosea	85413	G	137827	908	138735	0.00123
Aminobacter	31988	G	62118	5744	67862	0.00060
Mesorhizobium	68287	G	61213	1768	62981	0.00056
Nitratireductor	245876	G	1952	39	1991	0.00002
Phyllobacterium	28100	G	1235	5	1240	0.00001
Terribium	3143704	G	1060	82	1142	0.00001
Aquibium	2911176	G	937	12	949	0.00001
Chelativorans	449972	G	321	10	331	0.00000
Aquamicrobium	69278	G	272	0	272	0.00000
Brucella	234	G	64211	6564	70775	0.00063
Ochrobactrum	528	G	1492	2564	4056	0.00004
Pseudochrobactrum	354349	G	1567	22	1589	0.00001
Methylobacterium	407	G	35513	920	36433	0.00032
Methylorubrum	2282523	G	2609	150	2759	0.00002
Microvirga	186650	G	1706	4	1710	0.00002
Devosia	46913	G	35246	185	35431	0.00031
Pelagibacterium	1082930	G	704	45	749	0.00001
Paradevosia	1573407	G	581	14	595	0.00001
Mariluticola	3064792	G	58	0	58	0.00000
Maritalea	623276	G	28	0	28	0.00000
Bradyrhizobium	374	G	20429	431	20860	0.00018
Rhodopseudomonas	1073	G	1848	92	1940	0.00002
Afipia	1033	G	558	113	671	0.00001
Tardiphaga	1395974	G	514	13	527	0.00000
Nitrobacter	911	G	358	5	363	0.00000
Rugositalea	3466653	G	115	0	115	0.00000
Variibacter	1649510	G	68	0	68	0.00000
Ancylobacter	99	G	1555	73	1628	0.00001
Labrys	204476	G	644	17	661	0.00001
Xanthobacter	279	G	487	27	514	0.00000
Pseudolabrys	556257	G	259	1	260	0.00000
Azorhizobium	6	G	209	3	212	0.00000
Starkeya	152053	G	186	2	188	0.00000
Aquabacter	45402	G	137	0	137	0.00000
Aureimonas	414371	G	1928	49	1977	0.00002
Martelella	293088	G	623	17	640	0.00001
Antarcticirhabdus	3042730	G	483	8	491	0.00000
Jiella	1775688	G	136	1	137	0.00000
Aurantimonas	182269	G	128	2	130	0.00000
Reyranella	445219	G	3166	5	3171	0.00003
Roseibium	150830	G	1199	181	1380	0.00001
Stappia	152161	G	641	16	657	0.00001
Breoghania	1406135	G	316	1	317	0.00000
Pannonibacter	227873	G	250	29	279	0.00000
Labrenzia	478070	G	215	148	363	0.00000
Pseudovibrio	258255	G	90	0	90	0.00000
Phreatobacter	1632780	G	2515	8	2523	0.00002
Bartonella	773	G	1514	2	1516	0.00001
Methylocystis	133	G	747	9	756	0.00001
Methylosinus	425	G	286	5	291	0.00000
Chelatococcus	28209	G	892	7	899	0.00001
Oricola	1594166	G	380	4	384	0.00000
Oceaniradius	2679892	G	222	20	242	0.00000
Roseitalea	1915401	G	217	3	220	0.00000
Ahrensia	152180	G	65	0	65	0.00000
Hyphomicrobium	81	G	436	0	436	0.00000
Rhodomicrobium	1068	G	87	0	87	0.00000
Methyloceanibacter	1484898	G	69	0	69	0.00000
Methyloligella	1485594	G	46	0	46	0.00000
Filomicrobium	119044	G	18	0	18	0.00000
Nordella	169055	G	210	0	210	0.00000
Enhydrobacter	212791	G	194	0	194	0.00000
Pseudorhodoplanes	1734920	G	172	0	172	0.00000
Terrihabitans	2874214	G	63	0	63	0.00000
Methylovirgula	1156568	G	269	4	273	0.00000
Methylocapsa	184923	G	205	5	210	0.00000
Methylocella	120652	G	102	2	104	0.00000
Beijerinckia	532	G	37	1	38	0.00000
Parvibaculum	256616	G	226	7	233	0.00000
Pyruvatibacter	1742974	G	114	0	114	0.00000
Kaustia	2838250	G	91	0	91	0.00000
Anderseniella	444432	G	48	0	48	0.00000
Tepidicaulis	1742977	G	30	2	32	0.00000
Candidatus Phaeomarinibacter	1541445	G	16	0	16	0.00000
Pleomorphomonas	261933	G	435	6	441	0.00000
Hartmannibacter	1572860	G	67	1	68	0.00000
Alsobacter	1502180	G	387	1	388	0.00000
Kaistia	166953	G	318	2	320	0.00000
Bauldia	1145345	G	57	0	57	0.00000
Acuticoccus	1904377	G	335	0	335	0.00000
Afifella	643217	G	269	4	273	0.00000
Salinarimonas	690086	G	242	1	243	0.00000
Blastochloris	59282	G	195	1	196	0.00000
Methyloraptor	3382645	G	195	1	196	0.00000
Cohaesibacter	655352	G	178	0	178	0.00000
Chenggangzhangella	2041902	G	167	0	167	0.00000
Terrirubrum	3142786	G	151	0	151	0.00000
Lichenihabitans	2723776	G	108	0	108	0.00000
Coralliovum	3228940	G	67	0	67	0.00000
Rhodoligotrophos	987053	G	66	0	66	0.00000
Aestuariivirga	2650923	G	51	0	51	0.00000
Salaquimonas	2712688	G	28	0	28	0.00000
Sphingomonas	13687	G	59977	3300	63277	0.00056
Novosphingobium	165696	G	4505	138	4643	0.00004
Stakelama	1124625	G	206	6	212	0.00000
Sphingosinithalassobacter	2676233	G	142	2	144	0.00000
Citromicrobium	72173	G	51	1	52	0.00000
Hankyongella	1763827	G	51	0	51	0.00000
Parablastomonas	1654718	G	34	0	34	0.00000
Tardibacter	2685927	G	26	7	33	0.00000
Alterisphingorhabdus (ex Yan et al. 2024)	3382518	G	23	0	23	0.00000
Sphingobium	165695	G	6991	605	7596	0.00007
Erythrobacter	1041	G	1350	115	1465	0.00001
Porphyrobacter	1111	G	245	12	257	0.00000
Qipengyuania	1855416	G	838	33	871	0.00001
Altererythrobacter	361177	G	607	25	632	0.00001
Croceicoccus	1295327	G	315	33	348	0.00000
Aurantiacibacter	2800681	G	276	5	281	0.00000
Pelagerythrobacter	2800685	G	243	17	260	0.00000
Croceibacterium	2676755	G	218	6	224	0.00000
Tsuneonella	2800686	G	186	4	190	0.00000
Caenibius	2827482	G	163	5	168	0.00000
Pseudoblastomonas	3423750	G	59	3	62	0.00000
Paraurantiacibacter	2800682	G	45	0	45	0.00000
Parerythrobacter	2800684	G	23	0	23	0.00000
Sphingopyxis	165697	G	4717	101	4818	0.00004
Rhizorhabdus	1649486	G	627	69	696	0.00001
Alterirhizorhabdus	3423723	G	268	2	270	0.00000
Sphingorhabdus	1434046	G	309	4	313	0.00000
Novosphingopyxis	2709686	G	215	6	221	0.00000
Parasphingorhabdus	2709685	G	189	3	192	0.00000
Sphingosinicella	335405	G	296	4	300	0.00000
Glacieibacterium	2860235	G	84	42	126	0.00000
Polymorphobacter	1508451	G	60	13	73	0.00000
Sandaracinobacteroides	2883109	G	48	0	48	0.00000
Allosphingosinicella	2823232	G	243	1	244	0.00000
Sphingomicrobium	1227948	G	97	1	98	0.00000
Blastomonas	150203	G	231	1	232	0.00000
Parasphingopyxis	1234545	G	204	0	204	0.00000
Aquisediminimonas	2676781	G	93	0	93	0.00000
Zymomonas	541	G	91	3	94	0.00000
Caulobacter	75	G	23075	353	23428	0.00021
Brevundimonas	41275	G	9433	255	9688	0.00009
Phenylobacterium	20	G	7877	127	8004	0.00007
Asticcacaulis	76890	G	430	5	435	0.00000
Terricaulis	2768684	G	35	0	35	0.00000
Paracoccus	265	G	9026	528	9554	0.00008
Pseudooceanicola	1679449	G	670	20	690	0.00001
Thioclava	285107	G	457	21	478	0.00000
Cereibacter	1653176	G	434	43	477	0.00000
Yoonia	2211641	G	356	15	371	0.00000
Rhodovulum	34008	G	324	13	337	0.00000
Frigidibacter	1775705	G	282	45	327	0.00000
Gymnodinialimonas	2937410	G	222	1	223	0.00000
Gemmobacter	204456	G	219	25	244	0.00000
Limimaricola	2211638	G	199	10	209	0.00000
Pikeienuella	2831955	G	190	5	195	0.00000
Polymorphum	991903	G	180	18	198	0.00000
Marinibacterium	1931200	G	169	7	176	0.00000
Pseudogemmobacter	2663134	G	166	4	170	0.00000
Albidovulum	205889	G	161	2	163	0.00000
Tabrizicola	1443919	G	152	19	171	0.00000
Paroceanicella	2683599	G	144	24	168	0.00000
Roseinatronobacter	121820	G	138	1	139	0.00000
Neotabrizicola	2946607	G	136	21	157	0.00000
Haematobacter	366614	G	116	40	156	0.00000
Cognatishimia	2211635	G	115	1	116	0.00000
Tritonibacter	2083206	G	112	24	136	0.00000
Pseudophaeobacter	1541822	G	107	25	132	0.00000
Pukyongiella	2831925	G	104	19	123	0.00000
Vannielia	2813041	G	97	1	98	0.00000
Fuscovulum	2818469	G	89	13	102	0.00000
Qingshengfaniella	2816884	G	86	1	87	0.00000
Planktomarina	1284657	G	79	1	80	0.00000
Pontivivens	1844015	G	77	5	82	0.00000
Arenibacterium	2824249	G	77	9	86	0.00000
Aliiroseovarius	1658781	G	66	1	67	0.00000
Pelagovum	2795377	G	58	2	60	0.00000
Amaricoccus	56999	G	49	1	50	0.00000
Paragemmobacter	3143992	G	45	3	48	0.00000
Algicella	3050722	G	45	0	45	0.00000
Nioella	1775424	G	44	0	44	0.00000
Brevirhabdus	1855413	G	43	16	59	0.00000
Roseicitreum	1209946	G	39	0	39	0.00000
Parasedimentitalea	2738399	G	38	0	38	0.00000
Pacificitalea	2846749	G	35	5	40	0.00000
Silicimonas	1955420	G	35	0	35	0.00000
Marivivens	1759396	G	34	1	35	0.00000
Pseudoroseicyclus	1813601	G	32	0	32	0.00000
Pseudorhodobacter	238783	G	29	0	29	0.00000
Abyssibius	3029205	G	28	0	28	0.00000
Profundibacter	2778525	G	25	0	25	0.00000
Pseudopelagicola	1649483	G	15	0	15	0.00000
Aestuariibius	2109360	G	14	0	14	0.00000
Fontisubflavum	3118803	G	14	0	14	0.00000
Falsirhodobacter	1434002	G	13	0	13	0.00000
Amylibacter	1617805	G	11	0	11	0.00000
Sulfitobacter	60136	G	925	163	1088	0.00001
Roseovarius	74030	G	782	44	826	0.00001
Roseobacter	2433	G	494	7	501	0.00000
Leisingera	191028	G	471	18	489	0.00000
Ruegeria	97050	G	469	93	562	0.00000
Jannaschia	188905	G	402	4	406	0.00000
Alloyangia	2919626	G	341	9	350	0.00000
Ketogulonicigenium	92944	G	315	13	328	0.00000
Roseicyclus	336277	G	308	1	309	0.00000
Pseudosulfitobacter	2854186	G	307	132	439	0.00000
Celeribacter	875170	G	304	84	388	0.00000
Shimia	573139	G	273	11	284	0.00000
Phaeobacter	302485	G	273	39	312	0.00000
Thalassovita	335927	G	220	4	224	0.00000
Mameliella	1434019	G	218	11	229	0.00000
Salipiger	263377	G	217	27	244	0.00000
Roseivivax	93682	G	188	8	196	0.00000
Sagittula	58842	G	188	55	243	0.00000
Oceanicola	252301	G	150	1	151	0.00000
Tropicibacter	599653	G	142	2	144	0.00000
Octadecabacter	53945	G	141	16	157	0.00000
Ponticoccus	983507	G	133	6	139	0.00000
Aliiphycobium	3479962	G	132	2	134	0.00000
Tateyamaria	299261	G	95	1	96	0.00000
Marinovum	367771	G	94	7	101	0.00000
Antarctobacter	74032	G	87	1	88	0.00000
Aliisedimentitalea	1697958	G	84	5	89	0.00000
Loktanella	245186	G	79	1	80	0.00000
Phycobium	3479963	G	68	0	68	0.00000
Thalassovivens	3680327	G	59	0	59	0.00000
Palleronia	315422	G	57	0	57	0.00000
Rhodophyticola	2680018	G	50	0	50	0.00000
Seohaeicola	481178	G	43	0	43	0.00000
Actibacterium	1433986	G	40	19	59	0.00000
Thalassococcus	436357	G	34	0	34	0.00000
Thalassobacter	266808	G	26	0	26	0.00000
Falsihalocynthiibacter	2854182	G	25	0	25	0.00000
Dinoroseobacter	309512	G	25	11	36	0.00000
Marivita	659428	G	25	0	25	0.00000
Pelagimonas	1434029	G	21	0	21	0.00000
Algirhabdus	3412738	G	15	0	15	0.00000
Lentibacter	1434014	G	12	0	12	0.00000
Nereida	282198	G	10	0	10	0.00000
Rhodobacter	1060	G	541	13	554	0.00000
Azospirillum	191	G	4268	42	4310	0.00004
Skermanella	204447	G	436	7	443	0.00000
Nitrospirillum	1543705	G	430	4	434	0.00000
Niveispirillum	1543704	G	333	4	337	0.00000
Indioceanicola	2478349	G	69	0	69	0.00000
Ferrovibrio	1231242	G	358	0	358	0.00000
Magnetospirillum	13134	G	252	29	281	0.00000
Rhodospirillum	1081	G	249	2	251	0.00000
Aerophototrophica	2811387	G	147	1	148	0.00000
Pararhodospirillum	1612157	G	134	0	134	0.00000
Candidatus Endolissoclinum	1263978	G	112	0	112	0.00000
Defluviicoccus	111830	G	42	0	42	0.00000
Thalassospira	168934	G	831	8	839	0.00001
Magnetospira	1182780	G	13	0	13	0.00000
Nisaea	390876	G	263	3	266	0.00000
Thalassobaculum	526215	G	180	2	182	0.00000
Hypericibacter	2705399	G	345	2	347	0.00000
Allostella	93	G	262	1	263	0.00000
Pelagibius	643951	G	162	0	162	0.00000
Algihabitans	2821512	G	94	0	94	0.00000
Zavarzinia	204446	G	210	0	210	0.00000
Caenispirillum	414051	G	156	1	157	0.00000
Haematospirillum	1804663	G	18	0	18	0.00000
Aestuariispira	1647175	G	41	0	41	0.00000
Hwanghaeella	2605940	G	32	0	32	0.00000
Terasakiella	196080	G	36	0	36	0.00000
Paramagnetospirillum	3031148	G	29	9	38	0.00000
Varunaivibrio	1866954	G	14	0	14	0.00000
Roseomonas	125216	G	2087	37	2124	0.00002
Sediminicoccus	1706033	G	432	7	439	0.00000
Dankookia	1940143	G	253	2	255	0.00000
Roseococcus	35812	G	247	6	253	0.00000
Muricoccus	3409995	G	145	1	146	0.00000
Humitalea	1223303	G	135	0	135	0.00000
Komagataeibacter	1434011	G	567	34	601	0.00001
Lichenicola	2804525	G	417	1	418	0.00000
Acetobacter	434	G	298	21	319	0.00000
Nguyenibacter	1519186	G	210	2	212	0.00000
Lichenicoccus	2781897	G	209	0	209	0.00000
Pararoseomonas	2870712	G	156	6	162	0.00000
Gluconobacter	441	G	150	4	154	0.00000
Rhodovastum	504465	G	147	0	147	0.00000
Oecophyllibacter	2791118	G	117	0	117	0.00000
Granulibacter	364409	G	105	0	105	0.00000
Gluconacetobacter	89583	G	65	1	66	0.00000
Asaia	91914	G	47	4	51	0.00000
Rhodopila	1070	G	41	0	41	0.00000
Acidibrevibacterium	2603324	G	34	0	34	0.00000
Neoasaia	320496	G	33	0	33	0.00000
Entomobacter	2811380	G	29	0	29	0.00000
Novacetimonas	2919364	G	15	4	19	0.00000
Formicincola	2952773	G	14	0	14	0.00000
Candidatus Kirkpatrickella	3097638	G	14	0	14	0.00000
Acidiphilium	522	G	258	2	260	0.00000
Acidocella	50709	G	107	0	107	0.00000
Acidisoma	512381	G	48	0	48	0.00000
Elioraea	457933	G	38	0	38	0.00000
Wolbachia	953	G	489	204	693	0.00001
Ehrlichia	943	G	66	3	69	0.00000
Candidatus Mesenet	2883098	G	29	0	29	0.00000
Rickettsia	780	G	410	107	517	0.00000
Candidatus Tisiphia	2996317	G	113	4	117	0.00000
Orientia	69474	G	18	0	18	0.00000
Candidatus Trichorickettsia	1522201	G	14	1	15	0.00000
Candidatus Phycorickettsia	2115980	G	18	0	18	0.00000
Candidatus Bandiella	2716172	G	73	0	73	0.00000
Candidatus Midichloria	411566	G	18	3	21	0.00000
Tistrella	171436	G	781	24	805	0.00001
Marinivivus	3457535	G	263	0	263	0.00000
Hyphomonas	85	G	449	2	451	0.00000
Hirschia	2723	G	175	0	175	0.00000
Candidatus Viadribacter	2892997	G	44	0	44	0.00000
Maricaulis	74317	G	159	2	161	0.00000
Oceanicaulis	153232	G	125	3	128	0.00000
Glycocaulis	1433402	G	75	1	76	0.00000
Hyphobacterium	2004661	G	70	3	73	0.00000
Marinicauda	1649466	G	42	1	43	0.00000
Algimonas	1246884	G	69	0	69	0.00000
Fretibacter	1649331	G	23	0	23	0.00000
Litorimonas	1167830	G	10	0	10	0.00000
Candidatus Pelagibacter	198251	G	524	0	524	0.00000
Candidatus Fonsibacter	2045213	G	15	0	15	0.00000
Candidatus Bealeia	1920992	G	252	1	253	0.00000
Candidatus Gromoviella	2900571	G	38	0	38	0.00000
Candidatus Cytomitobacter	2601574	G	14	0	14	0.00000
Candidatus Odyssella	84646	G	68	0	68	0.00000
Candidatus Bodocaedibacter	3163645	G	31	0	31	0.00000
Candidatus Nucleicultrix	1509243	G	64	0	64	0.00000
Hyphococcus	2038635	G	154	0	154	0.00000
Aquisalinus	1795639	G	81	0	81	0.00000
Parvularcula	208215	G	33	0	33	0.00000
Emcibacter	1602338	G	156	0	156	0.00000
Paremcibacter	2813804	G	68	0	68	0.00000
Luteithermobacter	2813803	G	16	0	16	0.00000
Gimibacter	3058346	G	141	0	141	0.00000
Temperatibacter	1549129	G	25	0	25	0.00000
Kordiimonas	288021	G	64	0	64	0.00000
Radicibacter	3462474	G	222	0	222	0.00000
Minwuia	2493629	G	163	0	163	0.00000
Candidatus Ponderosibacter	3457287	G	26	0	26	0.00000
Candidatus Puniceispirillum	767891	G	15	0	15	0.00000
Sneathiella	510690	G	26	2	28	0.00000
Acidithiobacillus	119977	G	218	0	218	0.00000
Thermithiobacillus	119979	G	21	0	21	0.00000
Hydrogenophilus	70774	G	46	0	46	0.00000
Mariprofundus	377315	G	15	0	15	0.00000
Flavobacterium	237	G	43043334	112167	43155501	0.38224
Tenacibaculum	104267	G	16759	81	16840	0.00015
Polaribacter	52959	G	11939	104	12043	0.00011
Myroides	76831	G	8722	129	8851	0.00008
Winogradskyella	286104	G	5665	50	5715	0.00005
Aquimarina	290174	G	5576	14	5590	0.00005
Kordia	221065	G	3858	7	3865	0.00003
Maribacter	252356	G	3511	19	3530	0.00003
Christiangramia	292691	G	3007	16	3023	0.00003
Flagellimonas	444459	G	2686	46	2732	0.00002
Cellulophaga	104264	G	2287	11	2298	0.00002
Capnocytophaga	1016	G	2257	13	2270	0.00002
Leeuwenhoekiella	283735	G	2180	49	2229	0.00002
Arenibacter	178469	G	1953	24	1977	0.00002
Formosa	225842	G	1914	12	1926	0.00002
Flavivirga	1209327	G	1822	3	1825	0.00002
Vaginella	1935184	G	1766	221	1987	0.00002
Lutibacter	358023	G	1765	4	1769	0.00002
Mariniflexile	527198	G	1530	5	1535	0.00001
Nonlabens	363408	G	1441	6	1447	0.00001
Wenyingzhuangia	1518147	G	1384	4	1388	0.00001
Dokdonia	326319	G	1351	6	1357	0.00001
Ulvibacterium	2665910	G	1246	0	1246	0.00001
Aequorivita	153265	G	1242	9	1251	0.00001
Thalassobellus	3400333	G	1239	8	1247	0.00001
Psychroserpens	49277	G	1236	10	1246	0.00001
Rasiella	2987594	G	1234	3	1237	0.00001
Aureibaculum	2706948	G	1220	5	1225	0.00001
Zobellia	112040	G	1171	2	1173	0.00001
Aestuariibaculum	1386924	G	1160	4	1164	0.00001
Algibacter	261827	G	1087	10	1097	0.00001
Lacinutrix	291183	G	1065	14	1079	0.00001
Yeosuana	288018	G	892	6	898	0.00001
Pontimicrobium	2918913	G	862	5	867	0.00001
Mangrovimonas	1211036	G	673	2	675	0.00001
Olleya	336276	G	549	11	560	0.00000
Salegentibacter	143222	G	482	20	502	0.00000
Abyssalbus	2967089	G	468	0	468	0.00000
Zunongwangia	417127	G	466	16	482	0.00000
Tamlana	393005	G	460	15	475	0.00000
Sinomicrobium	1434045	G	458	0	458	0.00000
Seonamhaeicola	1649495	G	432	1	433	0.00000
Paenimyroides	3085669	G	348	14	362	0.00000
Galbibacter	379068	G	344	4	348	0.00000
Psychroflexus	83612	G	329	1	330	0.00000
Candidatus Marifrigoribacter	3457289	G	291	1	292	0.00000
Antarcticibacterium	2058174	G	282	1	283	0.00000
Siansivirga	1204360	G	279	1	280	0.00000
Pseudalgibacter	2861660	G	278	2	280	0.00000
Bizionia	283785	G	267	2	269	0.00000
Hwangdonia	1649460	G	254	3	257	0.00000
Salinimicrobium	561367	G	242	1	243	0.00000
Mesoflavibacter	444051	G	230	2	232	0.00000
Allotamlana	3400365	G	222	0	222	0.00000
Muriicola	762641	G	206	0	206	0.00000
Allomuricauda	111500	G	205	1	206	0.00000
Amniculibacterium	2715289	G	199	22	221	0.00000
Zhouia	561555	G	170	1	171	0.00000
Candidatus Arcticimaribacter	2953860	G	160	0	160	0.00000
Gillisia	244698	G	149	3	152	0.00000
Aggregatimonas	2913017	G	147	0	147	0.00000
Aegicerativicinus	2893197	G	131	0	131	0.00000
Croceibacter	216431	G	125	1	126	0.00000
Imtechella	1165076	G	124	0	124	0.00000
Euzebyella	1287916	G	117	3	120	0.00000
Patiriisocius	2822394	G	107	0	107	0.00000
Marixanthomonas	387658	G	103	1	104	0.00000
Changchengzhania	2049301	G	97	0	97	0.00000
Daejeonia	2027867	G	79	7	86	0.00000
Constantimarinum	2907134	G	64	0	64	0.00000
Pseudotamlana	3400368	G	64	1	65	0.00000
Oceanihabitans	2045416	G	63	1	64	0.00000
Flaviramulus	369400	G	52	0	52	0.00000
Sediminicola	389486	G	49	0	49	0.00000
Urechidicola	2700084	G	47	1	48	0.00000
Robiginitalea	252306	G	46	0	46	0.00000
Costertonia	343334	G	46	0	46	0.00000
Gilvibacter	379070	G	40	0	40	0.00000
Croceiramulus	3568316	G	37	0	37	0.00000
Pukyongia	2831916	G	25	0	25	0.00000
Lutimonas	449810	G	24	0	24	0.00000
Chryseobacterium	59732	G	59694	1764	61458	0.00054
Kaistella	2782231	G	3940	36	3976	0.00004
Epilithonimonas	2782229	G	1904	106	2010	0.00002
Empedobacter	59734	G	25053	1640	26693	0.00024
Elizabethkingia	308865	G	11490	595	12085	0.00011
Riemerella	34084	G	1367	41	1408	0.00001
Cloacibacterium	501783	G	365	40	405	0.00000
Apibacter	1778601	G	324	0	324	0.00000
Faecalibacter	2766734	G	148	5	153	0.00000
Cruoricaptor	1433995	G	105	8	113	0.00000
Bergeyella	59735	G	76	1	77	0.00000
Ornithobacterium	28250	G	64	1	65	0.00000
Marnyiella	3088764	G	50	1	51	0.00000
Weeksella	1013	G	21	1	22	0.00000
Fluviicola	332102	G	7663	10	7673	0.00007
Paracrocinitomix	3024544	G	108	0	108	0.00000
Blattabacterium	34098	G	480	1	481	0.00000
Owenweeksia	267986	G	84	0	84	0.00000
Croceimicrobium	2828338	G	53	0	53	0.00000
Candidatus Karelsulcia	336809	G	65	0	65	0.00000
Candidatus Walczuchella	1940138	G	11	0	11	0.00000
Parvicella	2975260	G	32	0	32	0.00000
Ichthyobacterium	1755829	G	20	0	20	0.00000
Sanyastnella	3228946	G	12	0	12	0.00000
Sphingobacterium	28453	G	874468	7323	881791	0.00781
Pedobacter	84567	G	255773	1768	257541	0.00228
Mucilaginibacter	423349	G	17422	92	17514	0.00016
Olivibacter	376469	G	1957	146	2103	0.00002
Solitalea	929509	G	702	2	704	0.00001
Pseudopedobacter	1649482	G	454	22	476	0.00000
Anseongella	1773450	G	226	0	226	0.00000
Arcticibacter	1288026	G	102	0	102	0.00000
Aurantibacillus	3088889	G	389	2	391	0.00000
Dyadobacter	120831	G	7105	89	7194	0.00006
Runella	105	G	2418	2	2420	0.00002
Larkinella	332157	G	379	22	401	0.00000
Fibrella	861914	G	44	3	47	0.00000
Algoriphagus	246875	G	2777	52	2829	0.00003
Echinicola	390846	G	539	26	565	0.00001
Cyclobacterium	68288	G	198	6	204	0.00000
Belliella	232244	G	147	13	160	0.00000
Aquiflexum	280472	G	96	2	98	0.00000
Mongoliitalea	1511649	G	45	0	45	0.00000
Hymenobacter	89966	G	1888	11	1899	0.00002
Pontibacter	323449	G	704	9	713	0.00001
Adhaeribacter	299566	G	508	6	514	0.00000
Rufibacter	1379908	G	259	8	267	0.00000
Nibribacter	1649474	G	50	5	55	0.00000
Spirosoma	107	G	3052	7	3059	0.00003
Cytophaga	978	G	156	1	157	0.00000
Ekhidna	447678	G	2240	68	2308	0.00002
Reichenbachiella	156993	G	291	3	294	0.00000
Bernardetia	1937972	G	2509	1	2510	0.00002
Emticicia	312278	G	891	1	892	0.00001
Jiulongibacter	2031119	G	289	2	291	0.00000
Arcticibacterium	2173039	G	180	1	181	0.00000
Leadbetterella	319458	G	59	1	60	0.00000
Marinilongibacter	2975149	G	54	0	54	0.00000
Marivirga	869806	G	1360	83	1443	0.00001
Aureibacter	1097443	G	564	6	570	0.00001
Fulvitalea	1434007	G	138	2	140	0.00000
Persicobacter	59740	G	69	1	70	0.00000
Flammeovirga	59739	G	451	14	465	0.00000
Chondrinema	3051458	G	189	9	198	0.00000
Imperialibacter	1649461	G	97	4	101	0.00000
Fulvivirga	396811	G	595	20	615	0.00001
Chryseolinea	1433993	G	59	0	59	0.00000
Roseivirga	290180	G	396	9	405	0.00000
Catalinimonas	1522128	G	233	2	235	0.00000
Tunicatimonas	1077254	G	75	0	75	0.00000
Porifericola	1001222	G	49	0	49	0.00000
Candidatus Cardinium	273135	G	284	0	284	0.00000
Aquirufa	2676247	G	231	0	231	0.00000
Rhodocytophaga	455076	G	165	0	165	0.00000
Mangrovivirga	2858886	G	130	0	130	0.00000
Bacteroides	816	G	7220	704	7924	0.00007
Phocaeicola	909656	G	287	24	311	0.00000
Dysgonomonas	156973	G	3113	10	3123	0.00003
Indolivaga	3680098	G	2226	51	2277	0.00002
Limibacterium	3404873	G	382	73	455	0.00000
Proteiniphilum	294702	G	209	129	338	0.00000
Petrimonas	307628	G	171	62	233	0.00000
Parabacteroides	375288	G	2093	213	2306	0.00002
Tannerella	195950	G	60	0	60	0.00000
Prevotella	838	G	1168	32	1200	0.00001
Segatella	2974251	G	356	10	366	0.00000
Hoylesella	2974257	G	59	15	74	0.00000
Xylanibacter	558436	G	32	0	32	0.00000
Paraprevotella	577309	G	31	2	33	0.00000
Duncaniella	2518495	G	494	4	498	0.00000
Muribaculum	1918540	G	248	1	249	0.00000
Sodaliphilus	2815786	G	19	0	19	0.00000
Barnesiella	397864	G	481	27	508	0.00000
Coprobacter	1348911	G	263	20	283	0.00000
Alistipes	239759	G	616	34	650	0.00001
Acetobacteroides	1647173	G	37	0	37	0.00000
Porphyromonas	836	G	191	6	197	0.00000
Macellibacteroides	1159323	G	157	5	162	0.00000
Tenuifilum	2760873	G	333	3	336	0.00000
Butyricimonas	574697	G	208	11	219	0.00000
Odoribacter	283168	G	66	3	69	0.00000
Paludibacter	346096	G	218	0	218	0.00000
Candidatus Azobacteroides	511434	G	105	0	105	0.00000
Salinivirga	1970191	G	35	0	35	0.00000
Marinifilum	866673	G	2144	56	2200	0.00002
Labilibaculum	2060722	G	358	4	362	0.00000
Draconibacterium	1471399	G	492	5	497	0.00000
Halosquirtibacter	3374594	G	459	22	481	0.00000
Aquipluma	2792393	G	112	0	112	0.00000
Maribellus	2678352	G	89	0	89	0.00000
Mangrovibacterium	1573808	G	63	1	64	0.00000
Gaoshiqia	3045890	G	26	0	26	0.00000
Alkalitalea	1193324	G	77	1	78	0.00000
Xiashengella	3129724	G	26	22	48	0.00000
Chitinophaga	79328	G	3630	35	3665	0.00003
Arachidicoccus	1769012	G	1250	13	1263	0.00001
Lacibacter	649461	G	1186	13	1199	0.00001
Rhizosphaericola	3114547	G	756	11	767	0.00001
Niabella	379899	G	478	10	488	0.00000
Paraflavitalea	2698688	G	432	7	439	0.00000
Panacibacter	1874621	G	421	2	423	0.00000
Phnomibacter	2836216	G	355	11	366	0.00000
Niastella	354354	G	296	8	304	0.00000
Sediminibacterium	504481	G	283	5	288	0.00000
Flavisolibacter	398041	G	276	9	285	0.00000
Ferruginibacter	1004303	G	220	2	222	0.00000
Filimonas	649460	G	184	2	186	0.00000
Flavihumibacter	1004301	G	142	1	143	0.00000
Pseudocnuella	2812019	G	133	3	136	0.00000
Pseudobacter	1860196	G	72	2	74	0.00000
Thermoflavifilum	1649506	G	56	0	56	0.00000
Puia	2045098	G	51	0	51	0.00000
Mycovorax	3389990	G	48	3	51	0.00000
Aureispira	365032	G	603	0	603	0.00001
Saprospira	1007	G	49	0	49	0.00000
Haliscomenobacter	2349	G	116	0	116	0.00000
Phaeodactylibacter	1564515	G	36	0	36	0.00000
Lewinella	70994	G	42	0	42	0.00000
Neolewinella	2993541	G	24	0	24	0.00000
Candidatus Sulfidibacterium	2923290	G	12	0	12	0.00000
Rubrivirga	1434037	G	342	0	342	0.00000
Rhodothermus	29548	G	55	0	55	0.00000
Rhodocaloribacter	2893090	G	31	0	31	0.00000
Salinibacter	146918	G	26	0	26	0.00000
Ignavibacterium	795750	G	238	0	238	0.00000
Melioribacter	1134403	G	41	0	41	0.00000
Pelodictyon	1099	G	99	0	99	0.00000
Chlorobium	1091	G	13	0	13	0.00000
Prosthecochloris	1101	G	82	0	82	0.00000
Chlorobaculum	256319	G	70	0	70	0.00000
Gracilimonas	649462	G	38	0	38	0.00000
Cyclonatronum	2489367	G	11	0	11	0.00000
Gemmatirosa	1706036	G	130	1	131	0.00000
Gemmatimonas	173479	G	59	0	59	0.00000
Pseudogemmatithrix	3237678	G	24	0	24	0.00000
Candidatus Palauibacter	3056650	G	173	0	173	0.00000
Gaopeijia	3381669	G	90	0	90	0.00000
Fibrobacter	832	G	107	0	107	0.00000
Candidatus Cloacimonas	456826	G	73	0	73	0.00000
Urbifossiella	2807415	G	11135	167	11302	0.00010
Gemmata	113	G	634	58	692	0.00001
Limnoglobus	2731450	G	442	17	459	0.00000
Frigoriglobus	2774146	G	393	30	423	0.00000
Tuwongella	2051044	G	57	1	58	0.00000
Telmatocola	1382832	G	16	0	16	0.00000
Stieleria	2795973	G	364	7	371	0.00000
Rhodopirellula	265488	G	311	5	316	0.00000
Pirellula	123	G	240	0	240	0.00000
Roseimaritima	1579506	G	237	0	237	0.00000
Rubripirellula	1579505	G	155	4	159	0.00000
Bremerella	2714594	G	139	0	139	0.00000
Rosistilla	2795779	G	88	0	88	0.00000
Novipirellula	2795426	G	74	0	74	0.00000
Anatilimnocola	2807414	G	72	0	72	0.00000
Lignipirellula	2795775	G	50	0	50	0.00000
Blastopirellula	265487	G	31	0	31	0.00000
Aureliella	2795605	G	15	0	15	0.00000
Mariniblastus	2005380	G	13	0	13	0.00000
Roseiconus	2814446	G	11	20	31	0.00000
Lacipirellula	2691417	G	123	0	123	0.00000
Botrimarina	2795782	G	122	1	123	0.00000
Pirellulimonas	2795783	G	67	0	67	0.00000
Aeoliella	2795781	G	48	0	48	0.00000
Adhaeretor	2862451	G	15	0	15	0.00000
Bythopirellula	1400386	G	14	0	14	0.00000
Planctomyces	118	G	592	11	603	0.00001
Gimesia	1649453	G	396	3	399	0.00000
Schlesneria	656899	G	163	1	164	0.00000
Maioricimonas	2795777	G	119	3	122	0.00000
Planctomicrobium	1779141	G	86	0	86	0.00000
Crateriforma	2714592	G	79	14	93	0.00000
Alienimonas	2714737	G	75	1	76	0.00000
Symmachiella	2795780	G	57	0	57	0.00000
Planctellipticum	3132181	G	51	0	51	0.00000
Caulifigura	2795778	G	40	0	40	0.00000
Lacunimicrobium	3473513	G	37	0	37	0.00000
Rubinisphaera	1649490	G	18	1	19	0.00000
Thalassoglobus	2795865	G	16	0	16	0.00000
Planctopirus	1649480	G	12	0	12	0.00000
Tundrisphaera	2029859	G	266	15	281	0.00000
Aquisphaera	1511635	G	192	8	200	0.00000
Singulisphaera	466152	G	186	8	194	0.00000
Tautonia	2680020	G	147	0	147	0.00000
Paludisphaera	1763521	G	61	4	65	0.00000
Isosphaera	127	G	15	0	15	0.00000
Engelhardtia	3405233	G	290	10	300	0.00000
Saltatorellus	3405235	G	134	9	143	0.00000
Rohdeia	3405237	G	48	0	48	0.00000
Kolteria	3405236	G	60	0	60	0.00000
Humisphaera	2807511	G	219	0	219	0.00000
Fontivita	2989683	G	36	0	36	0.00000
Mucisphaera	2913022	G	76	0	76	0.00000
Phycisphaera	666508	G	49	0	49	0.00000
Poriferisphaera	2803301	G	34	0	34	0.00000
Sedimentisphaera	2483368	G	49	11	60	0.00000
Anaerohalosphaera	2690159	G	44	0	44	0.00000
Candidatus Uabimicrobium	2897349	G	327	0	327	0.00000
Candidatus Kuenenia	380738	G	13	0	13	0.00000
Luteolibacter	518753	G	10686	98	10784	0.00010
Verrucomicrobium	2735	G	309	6	315	0.00000
Roseimicrobium	1348508	G	273	0	273	0.00000
Haloferula	574899	G	232	3	235	0.00000
Oceaniferula	2886881	G	87	0	87	0.00000
Sulfuriroseicoccus	2911469	G	65	1	66	0.00000
Roseibacillus	518755	G	27	0	27	0.00000
Akkermansia	239934	G	261	16	277	0.00000
Fontisphaera	3050007	G	28	0	28	0.00000
Termitidicoccus	3126963	G	207	10	217	0.00000
Opitutus	178440	G	120	4	124	0.00000
Horticoccus	2986286	G	88	2	90	0.00000
Lotipaludicoccus	3685778	G	60	6	66	0.00000
Oleiharenicola	2100741	G	53	4	57	0.00000
Ereboglobus	2028344	G	34	1	35	0.00000
Lacunisphaera	1961799	G	31	1	32	0.00000
Nibricoccus	2576890	G	31	0	31	0.00000
Actomonas	3138693	G	30	0	30	0.00000
Synoicihabitans	2892920	G	29	0	29	0.00000
Congregicoccus	3458163	G	53	0	53	0.00000
Coraliomargarita	442430	G	196	0	196	0.00000
Ruficoccus	2175957	G	57	2	59	0.00000
Rubellicoccus	3138622	G	53	0	53	0.00000
Candidatus Pelagisphaera	3049269	G	59	2	61	0.00000
Methylacidimicrobium	1541670	G	70	8	78	0.00000
Methylacidiphilum (ex Ratnadevi et al. 2023)	511745	G	60	1	61	0.00000
Candidatus Xiphinematobacter	134550	G	40	1	41	0.00000
Chlamydia	810	G	959	1	960	0.00001
Candidatus Rhabdochlamydia	292833	G	26	0	26	0.00000
Candidatus Protochlamydia	282132	G	19	0	19	0.00000
Parachlamydia	83551	G	18	0	18	0.00000
Neochlamydia	112987	G	18	0	18	0.00000
Waddlia	71666	G	29	0	29	0.00000
Kiritimatiella	1921784	G	114	51	165	0.00000
Tichowtungia	2907187	G	12	0	12	0.00000
Myxococcus	32	G	1400	82	1482	0.00001
Corallococcus	83461	G	930	85	1015	0.00001
Pseudomyxococcus	3434272	G	143	18	161	0.00000
Pyxidicoccus	224458	G	86	3	89	0.00000
Archangium	47	G	825	43	868	0.00001
Cystobacter	42	G	401	62	463	0.00000
Melittangium	44	G	144	15	159	0.00000
Stigmatella	40	G	94	7	101	0.00000
Anaeromyxobacter	161492	G	698	14	712	0.00001
Vulgatibacter	1524214	G	46	0	46	0.00000
Pendulispora	3375062	G	467	1	468	0.00000
Sorangium	39643	G	3932	41	3973	0.00004
Polyangium	55	G	180	3	183	0.00000
Chondromyces	50	G	58	0	58	0.00000
Sandaracinus	1055688	G	344	2	346	0.00000
Labilithrix	1524217	G	68	0	68	0.00000
Nannocystis	53	G	471	1	472	0.00000
Haliangium	162027	G	239	1	240	0.00000
Malaciobacter	2321114	G	2063	45	2108	0.00002
Arcobacter	28196	G	1454	54	1508	0.00001
Aliarcobacter	2321111	G	865	26	891	0.00001
Halarcobacter	2321115	G	808	10	818	0.00001
Poseidonibacter	2321187	G	570	60	630	0.00001
Candidatus Marinarcus	2321204	G	76	1	77	0.00000
Campylobacter	194	G	1866	50	1916	0.00002
Sulfurimonas	202746	G	504	15	519	0.00000
Thiomicrolovo	3451667	G	33	45	78	0.00000
Sulfuricurvum	286130	G	24	0	24	0.00000
Sulfonitrofixus	3451668	G	22	0	22	0.00000
Hydrocurvibacter	3451669	G	11	0	11	0.00000
Helicobacter	209	G	548	9	557	0.00000
Sulfurospirillum	57665	G	260	1	261	0.00000
Hydrogenimonas	223785	G	158	1	159	0.00000
Sulfurovum	265570	G	81	0	81	0.00000
Nitratiruptor	269258	G	153	0	153	0.00000
Nitrosophilus	2795692	G	66	8	74	0.00000
Caminibacter	191301	G	84	2	86	0.00000
Nautilia	191291	G	12	0	12	0.00000
Borreliella	64895	G	1803	22	1825	0.00002
Borrelia	138	G	328	2	330	0.00000
Treponema	157	G	853	0	853	0.00001
Brucepastera	2967962	G	23	0	23	0.00000
Spirochaeta	146	G	143	0	143	0.00000
Oceanispirochaeta	2035349	G	41	0	41	0.00000
Entomospira	2834378	G	39	0	39	0.00000
Thiospirochaeta	2792240	G	10	0	10	0.00000
Sphaerochaeta	399320	G	29	0	29	0.00000
Parasphaerochaeta	3062336	G	12	0	12	0.00000
Gracilinema	2951106	G	21	0	21	0.00000
Leptospira	171	G	3210	0	3210	0.00003
Turneriella	338321	G	31	0	31	0.00000
Brachyspira	29521	G	560	0	560	0.00000
Thermospira	3024226	G	18	0	18	0.00000
Winmispira	3457169	G	15	0	15	0.00000
Desulfovibrio	872	G	574	3	577	0.00001
Solidesulfovibrio	2910984	G	472	2	474	0.00000
Pseudodesulfovibrio	2035811	G	434	11	445	0.00000
Maridesulfovibrio	2794998	G	174	1	175	0.00000
Nitratidesulfovibrio	2802295	G	127	0	127	0.00000
Oceanidesulfovibrio	2905722	G	89	0	89	0.00000
Salidesulfovibrio	2950010	G	68	1	69	0.00000
Desulfolutivibrio	2773294	G	66	0	66	0.00000
Desulfobaculum	1433996	G	50	0	50	0.00000
Megalodesulfovibrio	2910978	G	50	0	50	0.00000
Mailhella	1981028	G	22	3	25	0.00000
Oleidesulfovibrio	2909705	G	22	5	27	0.00000
Halodesulfovibrio	1912771	G	16	0	16	0.00000
Desulfocurvibacter	2582840	G	10	0	10	0.00000
Desulfomicrobium	898	G	239	0	239	0.00000
Geomonas	2651583	G	183	4	187	0.00000
Geobacter	28231	G	168	2	170	0.00000
Trichlorobacter	115782	G	147	2	149	0.00000
Citrifermentans	2883512	G	30	1	31	0.00000
Geotalea	2910589	G	28	0	28	0.00000
Geoalkalibacter	392332	G	192	6	198	0.00000
Desulfuromonas	890	G	146	0	146	0.00000
Syntrophotalea	2812025	G	118	1	119	0.00000
Desulfopila	429014	G	237	0	237	0.00000
Desulfofustis	51194	G	112	0	112	0.00000
Desulforhopalus	40413	G	71	0	71	0.00000
Desulfosediminicola	2886823	G	71	0	71	0.00000
Desulfocapsa	53318	G	25	0	25	0.00000
Desulfurivibrio	427922	G	157	0	157	0.00000
Desulfobulbus	893	G	124	2	126	0.00000
Desulfolithobacter	3003266	G	19	0	19	0.00000
Desulfosarcina	2299	G	247	0	247	0.00000
Desulfobacter	2289	G	164	0	164	0.00000
Desulforapulum	2904687	G	18	0	18	0.00000
Desulfonema	45654	G	115	0	115	0.00000
Desulfococcus	896	G	70	0	70	0.00000
Desulfatibacillum	218207	G	39	0	39	0.00000
Desulfoluna	497721	G	20	0	20	0.00000
Desulfosudis	2904716	G	14	0	14	0.00000
Candidatus Desulfofervidus	1902583	G	82	0	82	0.00000
Desulfarculus	453229	G	65	5	70	0.00000
Thermodesulfobacterium	1740	G	42	0	42	0.00000
Syntrophobacter	29526	G	43	1	44	0.00000
Desulfoglaeba	361106	G	12	0	12	0.00000
Dissulfuribacter	1433998	G	10	0	10	0.00000
Geothrix	44675	G	376	70	446	0.00000
Mesoterricola	3074468	G	98	28	126	0.00000
Thermotomaculum	1172428	G	147	0	147	0.00000
Sulfidibacter	2915177	G	65	0	65	0.00000
Acanthopleuribacter	442869	G	49	0	49	0.00000
Terriglobus	392733	G	183	1	184	0.00000
Tunturiibacter	3154218	G	121	1	122	0.00000
Edaphobacter	388463	G	106	1	107	0.00000
Granulicella	940557	G	95	0	95	0.00000
Telmatobacter	1078829	G	32	0	32	0.00000
Silvibacterium	1775468	G	31	0	31	0.00000
Occallatibacter	1742983	G	28	0	28	0.00000
Acidobacterium	33973	G	24	0	24	0.00000
Acidisarcina	2608728	G	13	0	13	0.00000
Candidatus Korobacter	658061	G	28	0	28	0.00000
Paludibaculum	1649475	G	38	0	38	0.00000
Luteitalea	2004797	G	264	0	264	0.00000
Chloracidobacterium	458032	G	71	0	71	0.00000
Pampinifervens	3453421	G	1660	3	1663	0.00001
Hydrogenobaculum	168657	G	16	0	16	0.00000
Sulfurihydrogenibium	212790	G	63	1	64	0.00000
Bdellovibrio	958	G	739	3	742	0.00001
Pseudobdellovibrio	2862745	G	58	0	58	0.00000
Micavibrio	213485	G	18	0	18	0.00000
Spirobacillus	495819	G	382	2	384	0.00000
Pigmentibacter	2838409	G	50	0	50	0.00000
Fluviispira	2698753	G	28	0	28	0.00000
Silvanigrella	2024975	G	26	0	26	0.00000
Halobacteriovorax	1652133	G	63	0	63	0.00000
Peredibacter	263370	G	19	0	19	0.00000
Bacteriovorax	146784	G	18	0	18	0.00000
Nitrospira	1234	G	438	0	438	0.00000
Candidatus Magnetomonas	3459270	G	18	0	18	0.00000
Thermodesulfovibrio	28261	G	92	0	92	0.00000
Dissulfurispira	2811506	G	23	0	23	0.00000
Calditerrivibrio	545865	G	101	0	101	0.00000
Mucispirillum	248038	G	29	0	29	0.00000
Flexistipes	2351	G	16	0	16	0.00000
Dictyoglomus	13	G	75	0	75	0.00000
Thermomicrobium	499	G	46	0	46	0.00000
Sphaerobacter	2056	G	17	0	17	0.00000
Elusimicrobium	423604	G	39	0	39	0.00000
Coprothermobacter	68335	G	36	0	36	0.00000
Candidatus Caldatribacterium	1454725	G	16	1	17	0.00000
Caldithrix	187144	G	16	0	16	0.00000
Nitrospina	35800	G	13	0	13	0.00000
Thermodesulfobium	227388	G	12	0	12	0.00000
Caldisericum	693074	G	12	0	12	0.00000
Microbacterium	33882	G	1347021	42636	1389657	0.01231
Curtobacterium	2034	G	4519	105	4624	0.00004
Leucobacter	55968	G	4355	151	4506	0.00004
Agromyces	33877	G	4013	106	4119	0.00004
Leifsonia	110932	G	2932	91	3023	0.00003
Clavibacter	1573	G	1702	56	1758	0.00002
Rathayibacter	33886	G	1672	29	1701	0.00002
Cryobacterium	69578	G	1389	18	1407	0.00001
Agrococcus	46352	G	1332	58	1390	0.00001
Microcella	337004	G	1022	36	1058	0.00001
Salinibacterium	235888	G	815	11	826	0.00001
Plantibacter	190323	G	808	8	816	0.00001
Herbiconiux	881616	G	653	13	666	0.00001
Frigoribacterium	96492	G	587	12	599	0.00001
Protaetiibacter	2680004	G	540	19	559	0.00000
Frondihabitans	447237	G	530	7	537	0.00000
Microterricola	518733	G	493	11	504	0.00000
Lacisediminihabitans	2740558	G	374	3	377	0.00000
Mycetocola	76634	G	348	4	352	0.00000
Cnuibacter	1759331	G	326	9	335	0.00000
Gulosibacter	256818	G	290	19	309	0.00000
Paramicrobacterium	3110364	G	283	5	288	0.00000
Humibacter	427753	G	269	17	286	0.00000
Homoserinibacter	1649457	G	258	7	265	0.00000
Subtercola	120212	G	237	1	238	0.00000
Marisediminicola	1230698	G	203	3	206	0.00000
Rhodoluna	529883	G	126	1	127	0.00000
Aquiluna	529881	G	40	0	40	0.00000
Gryllotalpicola	1195526	G	167	2	169	0.00000
Naasia	1434022	G	157	3	160	0.00000
Antiquaquibacter	3108736	G	157	1	158	0.00000
Glaciihabitans	1649454	G	156	1	157	0.00000
Orlajensenia	3440766	G	146	3	149	0.00000
Aurantimicrobium	1705353	G	139	0	139	0.00000
Okibacterium	196084	G	124	3	127	0.00000
Diaminobutyricimonas	1433997	G	118	1	119	0.00000
Agreia	110934	G	94	1	95	0.00000
Homoserinimonas	1434009	G	93	1	94	0.00000
Ruicaihuangia	3137419	G	85	1	86	0.00000
Humidisolicoccus	3425211	G	46	0	46	0.00000
Lysinibacter	1857011	G	18	0	18	0.00000
Pontimonas	1434032	G	15	0	15	0.00000
Sanguibacter	60919	G	31652	1069	32721	0.00029
Cellulomonas	1707	G	20280	1039	21319	0.00019
Oerskovia	162491	G	7263	574	7837	0.00007
Paraoerskovia	665568	G	1619	82	1701	0.00002
Actinotalea	458839	G	748	89	837	0.00001
Pseudactinotalea	1926259	G	260	4	264	0.00000
Arthrobacter	1663	G	6417	641	7058	0.00006
Pseudarthrobacter	1742993	G	1633	242	1875	0.00002
Kocuria	57493	G	1225	93	1318	0.00001
Sinomonas	596707	G	1145	21	1166	0.00001
Glutamicibacter	1742989	G	1012	104	1116	0.00001
Rothia	32207	G	772	88	860	0.00001
Micrococcus	1269	G	604	90	694	0.00001
Paenarthrobacter	1742992	G	583	116	699	0.00001
Citricoccus	169133	G	522	39	561	0.00000
Auritidibacter	1160973	G	137	4	141	0.00000
Crystallibacter	3456524	G	101	4	105	0.00000
Zhihengliuella	370735	G	79	13	92	0.00000
Nesterenkonia	57494	G	75	0	75	0.00000
Neomicrococcus	1868332	G	66	3	69	0.00000
Pseudoglutamicibacter	1742991	G	54	28	82	0.00000
Psychromicrobium	2078575	G	43	0	43	0.00000
Renibacterium	1645	G	42	0	42	0.00000
Paeniglutamicibacter	1742990	G	37	1	38	0.00000
Cellulosimicrobium	157920	G	7478	613	8091	0.00007
Isoptericola	254250	G	2904	405	3309	0.00003
Xylanimonas	186188	G	2226	187	2413	0.00002
Promicromonospora	43676	G	1733	72	1805	0.00002
Janibacter	53457	G	1266	104	1370	0.00001
Arsenicicoccus	267408	G	488	23	511	0.00000
Phycicoccus	367298	G	420	60	480	0.00000
Terrabacter	53355	G	412	31	443	0.00000
Humibacillus	556178	G	258	15	273	0.00000
Pedococcus	2805645	G	241	14	255	0.00000
Oryzobacter	1849973	G	239	19	258	0.00000
Knoellia	136099	G	199	8	207	0.00000
Intrasporangium	53357	G	177	6	183	0.00000
Nostocoides	99479	G	55	2	57	0.00000
Brevibacterium	1696	G	2597	202	2799	0.00002
Saxibacter	3162691	G	54	0	54	0.00000
Brachybacterium	43668	G	2187	77	2264	0.00002
Dermabacter	36739	G	149	59	208	0.00000
Helcobacillus	1161125	G	69	4	73	0.00000
Devriesea	472568	G	64	0	64	0.00000
Pengzhenrongella	2888818	G	1399	38	1437	0.00001
Luteimicrobium	754249	G	738	29	767	0.00001
Timonella	1465824	G	128	3	131	0.00000
Ornithinimicrobium	125287	G	1310	40	1350	0.00001
Serinicoccus	265976	G	579	22	601	0.00001
Ruania	626119	G	748	11	759	0.00001
Occultella	2828348	G	325	9	334	0.00000
Beutenbergia	84756	G	537	15	552	0.00000
Miniimonas	947525	G	348	55	403	0.00000
Luteipulveratus	745364	G	257	4	261	0.00000
Dermacoccus	57495	G	223	12	235	0.00000
Barrientosiimonas	1535207	G	189	4	193	0.00000
Allobranchiibius	2040262	G	69	1	70	0.00000
Yimella	908935	G	51	1	52	0.00000
Demequina	577469	G	635	15	650	0.00001
Kytococcus	57499	G	184	12	196	0.00000
Gephyromycinifex	2885697	G	101	1	102	0.00000
Austwickia	1184606	G	35	0	35	0.00000
Dermatophilus	1862	G	20	0	20	0.00000
Jonesia	43673	G	51	1	52	0.00000
Tropheryma	2038	G	13	0	13	0.00000
Prescottella	2979332	G	191617	12492	204109	0.00181
Rhodococcus	1827	G	137392	7497	144889	0.00128
Nocardia	1817	G	12631	244	12875	0.00011
Rhodococcoides	3259750	G	664	198	862	0.00001
Williamsia	85043	G	102	1	103	0.00000
Mycobacterium	1763	G	16037	997	17034	0.00015
Mycolicibacterium	1866885	G	10530	1120	11650	0.00010
Mycobacteroides	670516	G	1943	226	2169	0.00002
Mycolicibacter	1073531	G	458	121	579	0.00001
Mycolicibacillus	2126281	G	265	17	282	0.00000
Corynebacterium	1716	G	13751	1398	15149	0.00013
Gordonia	2053	G	4701	178	4879	0.00004
Skermania	59613	G	280	3	283	0.00000
Tsukamurella	2060	G	3992	109	4101	0.00004
Dietzia	37914	G	1764	112	1876	0.00002
Tomitella	741759	G	361	8	369	0.00000
Segniliparus	286801	G	101	0	101	0.00000
Lawsonella	1847725	G	49	1	50	0.00000
Hoyosella	697025	G	43	0	43	0.00000
Streptomyces	1883	G	99784	4091	103875	0.00092
Kitasatospora	2063	G	5660	748	6408	0.00006
Embleya	2699295	G	741	18	759	0.00001
Streptacidiphilus	228398	G	574	36	610	0.00001
Actinacidiphila	2995702	G	563	64	627	0.00001
Peterkaempfera	2995704	G	373	25	398	0.00000
Yinghuangia	2805681	G	248	7	255	0.00000
Streptantibioticus	2995706	G	104	9	113	0.00000
Carbonactinospora	2864378	G	82	2	84	0.00000
Micromonospora	1873	G	12627	836	13463	0.00012
Actinoplanes	1865	G	4002	176	4178	0.00004
Dactylosporangium	35753	G	3235	93	3328	0.00003
Plantactinospora	673534	G	586	41	627	0.00001
Actinocatenispora	390988	G	510	10	520	0.00000
Phytohabitans	907364	G	427	18	445	0.00000
Polymorphospora	338583	G	341	33	374	0.00000
Solwaraspora	265431	G	338	15	353	0.00000
Couchioplanes	56433	G	232	28	260	0.00000
Catellatospora	53365	G	165	10	175	0.00000
Krasilnikovia	349312	G	154	14	168	0.00000
Longispora	203522	G	101	4	105	0.00000
Natronosporangium	2920401	G	97	0	97	0.00000
Salinispora	168694	G	16	1	17	0.00000
Amycolatopsis	1813	G	7555	307	7862	0.00007
Pseudonocardia	1847	G	3215	134	3349	0.00003
Saccharothrix	2071	G	1678	180	1858	0.00002
Saccharopolyspora	1835	G	1573	98	1671	0.00001
Kutzneria	43356	G	1361	78	1439	0.00001
Lentzea	165301	G	1261	70	1331	0.00001
Actinokineospora	39845	G	687	74	761	0.00001
Actinomycetospora	402649	G	661	26	687	0.00001
Actinosynnema	40566	G	630	96	726	0.00001
Actinoalloteichus	65496	G	418	11	429	0.00000
Saccharomonospora	1851	G	405	40	445	0.00000
Umezawaea	583360	G	354	23	377	0.00000
Kibdelosporangium	2029	G	350	12	362	0.00000
Alloactinosynnema	674734	G	211	35	246	0.00000
Crossiella	130795	G	190	13	203	0.00000
Salinifilum	2040254	G	159	28	187	0.00000
Prauserella	142577	G	143	3	146	0.00000
Allokutzneria	1137960	G	123	8	131	0.00000
Allosaccharopolyspora	2893576	G	102	10	112	0.00000
Nocardioides	1839	G	9467	540	10007	0.00009
Aeromicrobium	2040	G	1417	71	1488	0.00001
Pimelobacter	2044	G	534	157	691	0.00001
Mumia	1546255	G	247	10	257	0.00000
Friedmanniella	53387	G	194	13	207	0.00000
Solicola	3024237	G	111	2	113	0.00000
Micropruina	116071	G	45	7	52	0.00000
Cutibacterium	1912216	G	1997	105	2102	0.00002
Tessaracoccus	72763	G	1291	102	1393	0.00001
Propionibacterium	1743	G	563	111	674	0.00001
Microlunatus	29404	G	516	17	533	0.00000
Propioniciclava	1085622	G	439	106	545	0.00000
Acidipropionibacterium	1912215	G	427	68	495	0.00000
Raineyella	1911549	G	206	20	226	0.00000
Arachnia	2801844	G	167	3	170	0.00000
Naumannella	1294511	G	148	16	164	0.00000
Propionimicrobium	203133	G	89	2	91	0.00000
Auraticoccus	1278221	G	70	3	73	0.00000
Brooklawnia	369926	G	54	7	61	0.00000
Ammonicoccus	3417658	G	29	8	37	0.00000
Luteococcus	33983	G	20	0	20	0.00000
Kribbella	182639	G	2756	86	2842	0.00003
Actinopolymorpha	117156	G	171	3	174	0.00000
Nonomuraea	83681	G	2477	105	2582	0.00002
Streptosporangium	2000	G	1679	81	1760	0.00002
Microbispora	2005	G	653	32	685	0.00001
Microtetraspora	1995	G	534	41	575	0.00001
Sphaerisporangium	321315	G	130	6	136	0.00000
Sphaerimonospora	1792303	G	112	5	117	0.00000
Thermobispora	147067	G	86	3	89	0.00000
Actinomadura	1988	G	1915	168	2083	0.00002
Spirillospora	58122	G	807	74	881	0.00001
Actinoallomurus	667113	G	582	28	610	0.00001
Thermomonospora	2019	G	268	21	289	0.00000
Nocardiopsis	2013	G	916	107	1023	0.00001
Thermobifida	83677	G	259	8	267	0.00000
Streptomonospora	104204	G	80	37	117	0.00000
Spiractinospora	2913367	G	67	0	67	0.00000
Actinomyces	1654	G	2332	62	2394	0.00002
Schaalia	2529408	G	508	18	526	0.00000
Trueperella	1069494	G	220	42	262	0.00000
Flaviflexus	1522056	G	145	11	156	0.00000
Buchananella	2767323	G	100	2	102	0.00000
Mobiluncus	2050	G	92	13	105	0.00000
Arcanobacterium	28263	G	74	9	83	0.00000
Scrofimicrobium	2815785	G	47	0	47	0.00000
Actinotignum	1653174	G	46	5	51	0.00000
Changpingibacter	2912996	G	41	6	47	0.00000
Nanchangia	2888879	G	38	0	38	0.00000
Pauljensenia	2740557	G	35	5	40	0.00000
Winkia	2692118	G	23	11	34	0.00000
Actinobaculum	76833	G	10	0	10	0.00000
Gleimia	2692113	G	10	3	13	0.00000
Georgenia	154116	G	2635	290	2925	0.00003
Bifidobacterium	1678	G	2263	57	2320	0.00002
Gardnerella	2701	G	122	5	127	0.00000
Scardovia	196081	G	20	0	20	0.00000
Geodermatophilus	1860	G	873	67	940	0.00001
Blastococcus	38501	G	619	40	659	0.00001
Modestobacter	88138	G	523	41	564	0.00000
Frankia	1854	G	384	10	394	0.00000
Pseudofrankia	2994363	G	370	10	380	0.00000
Parafrankia	2994362	G	138	6	144	0.00000
Protofrankia	2994361	G	81	5	86	0.00000
Jiangella	281472	G	701	20	721	0.00001
Nakamurella	53460	G	570	8	578	0.00001
Kineococcus	33981	G	422	18	440	0.00000
Angustibacter	908626	G	114	3	117	0.00000
Jatrophihabitans	1434010	G	369	5	374	0.00000
Stackebrandtia	283810	G	219	1	220	0.00000
Catenulispora	414878	G	202	5	207	0.00000
Candidatus Planktophila	622681	G	132	1	133	0.00000
Candidatus Nanopelagicus	2039639	G	21	0	21	0.00000
Actinopolyspora	1849	G	57	0	57	0.00000
Epidermidibacterium	2078948	G	43	14	57	0.00000
Bounagaea	1931219	G	36	6	42	0.00000
Acidothermus	28048	G	33	0	33	0.00000
Aquihabitans	1648491	G	541	11	552	0.00000
Dermatobacter	3075137	G	189	3	192	0.00000
Iamia	467975	G	183	3	186	0.00000
Actinomarinicola	2789775	G	92	3	95	0.00000
Actinospongiicola	3449744	G	30	0	30	0.00000
Candidatus Poriferisodalis	2983190	G	301	1	302	0.00000
Candidatus Poriferisocius	2983186	G	179	2	181	0.00000
Ilumatobacter	682522	G	168	0	168	0.00000
Salinilacustrithrix	3436875	G	108	3	111	0.00000
Acidimicrobium	53634	G	11	0	11	0.00000
Candidatus Spongiisocius	2983163	G	14	0	14	0.00000
Baekduia	2600304	G	439	12	451	0.00000
Svornostia	3231543	G	153	3	156	0.00000
Conexibacter	191494	G	282	6	288	0.00000
Paraconexibacter	2758920	G	175	3	178	0.00000
Capillimicrobium	2976759	G	122	3	125	0.00000
Miltoncostaea	2843200	G	241	5	246	0.00000
Thermoleophilum	192992	G	24	0	24	0.00000
Gordonibacter	644652	G	144	126	270	0.00000
Eggerthella	84111	G	127	18	145	0.00000
Xiamenia	2981344	G	70	0	70	0.00000
Adlercreutzia	447020	G	69	44	113	0.00000
Raoultibacter	1926677	G	68	7	75	0.00000
Berryella	2815775	G	30	14	44	0.00000
Arabiibacter	2005386	G	23	1	24	0.00000
Slackia	84108	G	22	0	22	0.00000
Fannyhessea	2767327	G	36	6	42	0.00000
Thermophilibacter	2847307	G	35	1	36	0.00000
Olsenella	133925	G	25	0	25	0.00000
Parolsenella	2082587	G	15	8	23	0.00000
Atopobium	1380	G	13	0	13	0.00000
Collinsella	102106	G	58	7	65	0.00000
Enorma	1472762	G	39	0	39	0.00000
Coriobacterium	33870	G	31	0	31	0.00000
Leptogranulimonas	2995122	G	16	0	16	0.00000
Egicoccus	1755825	G	162	2	164	0.00000
Euzebya	908623	G	133	0	133	0.00000
Egibacter	1747770	G	56	0	56	0.00000
Rubrobacter	42255	G	294	0	294	0.00000
Paenibacillus	44249	G	133851	1520	135371	0.00120
Brevibacillus	55080	G	1157	14	1171	0.00001
Cohnella	329857	G	208	1	209	0.00000
Pristimantibacillus (SeqCode)	2994560	G	93	1	94	0.00000
Thermobacillus	76632	G	52	0	52	0.00000
Aneurinibacillus	55079	G	49	0	49	0.00000
Saccharibacillus	456492	G	34	0	34	0.00000
Bacillus	1386	G	9739	766	10505	0.00009
Lysinibacillus	400634	G	5105	228	5333	0.00005
Peribacillus	2675229	G	3906	150	4056	0.00004
Priestia	2800373	G	2429	156	2585	0.00002
Neobacillus	2675232	G	1615	70	1685	0.00001
Niallia	2837506	G	1486	97	1583	0.00001
Psychrobacillus	1221880	G	1323	49	1372	0.00001
Metabacillus	2675233	G	1301	80	1381	0.00001
Halobacillus	45667	G	1044	20	1064	0.00001
Salicibibacter	2685905	G	923	0	923	0.00001
Oceanobacillus	182709	G	910	28	938	0.00001
Cytobacillus	2675230	G	897	133	1030	0.00001
Paraliobacillus	200903	G	779	15	794	0.00001
Virgibacillus	84406	G	755	14	769	0.00001
Pontibacillus	289201	G	748	10	758	0.00001
Shouchella	2893057	G	602	16	618	0.00001
Heyndrickxia	2837504	G	571	83	654	0.00001
Alkalihalobacillus	2675234	G	558	17	575	0.00001
Rossellomorea	2837508	G	537	15	552	0.00000
Gottfriedia	2837503	G	515	15	530	0.00000
Gracilibacillus	74385	G	462	11	473	0.00000
Caldifermentibacillus	3034001	G	342	905	1247	0.00001
Mesobacillus	2675231	G	270	13	283	0.00000
Evansella	2837485	G	263	6	269	0.00000
Sutcliffiella	2837511	G	262	9	271	0.00000
Alkalihalophilus	2893060	G	191	7	198	0.00000
Terribacillus	459532	G	147	2	149	0.00000
Aeribacillus	1055323	G	138	263	401	0.00000
Cerasibacillus	227864	G	128	6	134	0.00000
Fervidibacillus	3033930	G	115	3	118	0.00000
Salipaludibacillus	1884449	G	113	1	114	0.00000
Amphibacillus	29331	G	112	4	116	0.00000
Pseudobacillus	108525	G	107	15	122	0.00000
Ornithinibacillus	484508	G	98	7	105	0.00000
Schinkia	2837509	G	96	3	99	0.00000
Radiobacillus	2785518	G	83	2	85	0.00000
Lentibacillus	175304	G	79	1	80	0.00000
Anaerobacillus	704093	G	75	2	77	0.00000
Robertmurraya	2837507	G	60	3	63	0.00000
Paenalkalicoccus	2944627	G	56	11	67	0.00000
Halalkalibacter	2893056	G	54	4	58	0.00000
Falsibacillus	1270155	G	53	1	54	0.00000
Lederbergia	2804231	G	51	0	51	0.00000
Sediminibacillus	482460	G	50	1	51	0.00000
Salisediminibacterium	1434042	G	45	0	45	0.00000
Alkalibacillus	331654	G	42	0	42	0.00000
Tepidibacillus	1494427	G	40	1	41	0.00000
Domibacillus	1433999	G	36	1	37	0.00000
Siminovitchia	2837510	G	36	0	36	0.00000
Allobacillus	1400133	G	29	0	29	0.00000
Halalkalibacterium (ex Joshi et al. 2022)	2893055	G	28	1	29	0.00000
Mangrovibacillus	2920444	G	27	1	28	0.00000
Pradoshia	2651279	G	27	0	27	0.00000
Alkalicoccus	2005375	G	27	0	27	0.00000
Caldalkalibacillus	379065	G	25	4	29	0.00000
Paraperibacillus	3450404	G	25	0	25	0.00000
Caldibacillus	1276290	G	21	279	300	0.00000
Salimicrobium	351195	G	16	0	16	0.00000
Aciduricibacillus	3158337	G	13	0	13	0.00000
Ectobacillus	2837502	G	11	0	11	0.00000
Staphylococcus	1279	G	6387	2065	8452	0.00007
Macrococcoides	3076173	G	1810	212	2022	0.00002
Mammaliicoccus	2803850	G	868	37	905	0.00001
Macrococcus	69965	G	430	30	460	0.00000
Jeotgalicoccus	227979	G	156	5	161	0.00000
Salinicoccus	45669	G	132	3	135	0.00000
Nosocomiicoccus	489909	G	16	0	16	0.00000
Listeria	1637	G	3082	365	3447	0.00003
Paenilisteria	3373705	G	164	9	173	0.00000
Brochothrix	2755	G	154	6	160	0.00000
Sporosarcina	1569	G	903	34	937	0.00001
Planococcus	1372	G	818	30	848	0.00001
Solibacillus	648800	G	407	33	440	0.00000
Ureibacillus	160795	G	251	38	289	0.00000
Paenisporosarcina	651660	G	202	18	220	0.00000
Rummeliibacillus	648802	G	146	15	161	0.00000
Kurthia	1649	G	85	14	99	0.00000
Viridibacillus	496496	G	80	7	87	0.00000
Jeotgalibacillus	157226	G	65	3	68	0.00000
Chryseomicrobium	889388	G	28	2	30	0.00000
Metasolibacillus	2703677	G	19	2	21	0.00000
Parageobacillus	1906945	G	1776	497	2273	0.00002
Geobacillus	129337	G	232	159	391	0.00000
Anoxybacillus	150247	G	196	15	211	0.00000
Anoxybacteroides	3389905	G	61	3	64	0.00000
Thermaerobacillus	3390020	G	34	4	38	0.00000
Exiguobacterium	33986	G	465	18	483	0.00000
Hydrogenibacillus	1609627	G	18	0	18	0.00000
Fictibacillus	1329200	G	269	18	287	0.00000
Pseudalkalibacillus	2893058	G	127	5	132	0.00000
Alicyclobacillus	29330	G	153	0	153	0.00000
Fodinisporobacter	3156481	G	47	0	47	0.00000
Tumebacillus	432330	G	33	0	33	0.00000
Kyrpidia	1129704	G	14	0	14	0.00000
Gemella	1378	G	212	9	221	0.00000
Sporolactobacillus	2077	G	70	0	70	0.00000
Pullulanibacillus	475230	G	50	1	51	0.00000
Novibacillus	1677050	G	43	1	44	0.00000
Kroppenstedtia	1274351	G	31	0	31	0.00000
Laceyella	292635	G	14	0	14	0.00000
Guptibacillus	3421338	G	87	9	96	0.00000
Abyssicoccus	1955413	G	36	7	43	0.00000
Enterococcus	1350	G	120460	26448	146908	0.00130
Vagococcus	2737	G	12083	1180	13263	0.00012
Tetragenococcus	51668	G	2004	402	2406	0.00002
Melissococcus	33969	G	535	6	541	0.00000
Leuconostoc	1243	G	2548	106	2654	0.00002
Lactobacillus	1578	G	2468	126	2594	0.00002
Pediococcus	1253	G	1693	398	2091	0.00002
Lactiplantibacillus	2767842	G	1452	177	1629	0.00001
Companilactobacillus	2767879	G	1171	57	1228	0.00001
Ligilactobacillus	2767887	G	1052	59	1111	0.00001
Liquorilactobacillus	2767888	G	851	113	964	0.00001
Lacticaseibacillus	2759736	G	834	126	960	0.00001
Fructilactobacillus	2767881	G	802	40	842	0.00001
Latilactobacillus	2767885	G	663	53	716	0.00001
Levilactobacillus	2767886	G	627	68	695	0.00001
Dellaglioa	2767880	G	565	17	582	0.00001
Weissella	46255	G	499	24	523	0.00000
Paucilactobacillus	2767890	G	428	46	474	0.00000
Limosilactobacillus	2742598	G	396	44	440	0.00000
Lentilactobacillus	2767893	G	369	26	395	0.00000
Loigolactobacillus	2767889	G	356	96	452	0.00000
Apilactobacillus	2767877	G	241	2	243	0.00000
Bombilactobacillus	2767878	G	238	2	240	0.00000
Furfurilactobacillus	2767882	G	159	12	171	0.00000
Secundilactobacillus	2767892	G	155	29	184	0.00000
Oenococcus	46254	G	126	3	129	0.00000
Agrilactobacillus	2767875	G	123	3	126	0.00000
Xylocopilactobacillus	3118928	G	69	0	69	0.00000
Holzapfeliella	2767883	G	61	0	61	0.00000
Acetilactobacillus	2767874	G	57	0	57	0.00000
Lapidilactobacillus	2767884	G	44	1	45	0.00000
Amylolactobacillus	2767876	G	42	7	49	0.00000
Nicoliella	2978367	G	37	0	37	0.00000
Fructobacillus	559173	G	18	0	18	0.00000
Periweissella	2930384	G	10	0	10	0.00000
Streptococcus	1301	G	9556	629	10185	0.00009
Lactococcus	1357	G	3251	667	3918	0.00003
Pseudolactococcus	3436058	G	656	49	705	0.00001
Floricoccus	1930830	G	141	1	142	0.00000
Carnobacterium	2747	G	3367	238	3605	0.00003
Jeotgalibaca	1470540	G	1042	98	1140	0.00001
Granulicatella	117563	G	565	213	778	0.00001
Trichococcus	82802	G	230	14	244	0.00000
Alkalibacterium	99906	G	195	10	205	0.00000
Dolosigranulum	29393	G	165	4	169	0.00000
Desemzia	82800	G	140	37	177	0.00000
Marinilactibacillus	191769	G	98	18	116	0.00000
Alloiococcus	1651	G	66	1	67	0.00000
Aerococcus	1375	G	526	44	570	0.00001
Globicatella	13075	G	334	10	344	0.00000
Fundicoccus	2761542	G	238	7	245	0.00000
Ignavigranum	89092	G	235	5	240	0.00000
Tuanshanicoccus	3465067	G	135	2	137	0.00000
Suicoccus	2689587	G	68	6	74	0.00000
Ruoffia	2862144	G	56	9	65	0.00000
Abiotrophia	46123	G	50	0	50	0.00000
Lacrimispora	2719231	G	10316	129	10445	0.00009
Blautia	572511	G	9925	2884	12809	0.00011
Anaerocolumna	1843210	G	3029	9	3038	0.00003
Mediterraneibacter	2316020	G	2644	951	3595	0.00003
Roseburia	841	G	2010	341	2351	0.00002
Butyrivibrio	830	G	1315	10	1325	0.00001
Anaerostipes	207244	G	1243	152	1395	0.00001
Enterocloster	2719313	G	1106	141	1247	0.00001
Hungatella	1649459	G	1070	232	1302	0.00001
Dorea	189330	G	1050	509	1559	0.00001
Lachnoclostridium	1506553	G	1001	117	1118	0.00001
Claveliimonas	3076670	G	802	112	914	0.00001
Kineothrix	2163168	G	698	7	705	0.00001
Sellimonas	1769710	G	691	165	856	0.00001
Eisenbergiella	1432051	G	621	113	734	0.00001
Anaerobutyricum	2569097	G	533	173	706	0.00001
Anaeropeptidivorans	2997360	G	513	2	515	0.00000
Allocoprococcus	3569723	G	471	274	745	0.00001
Otoolea	2941495	G	458	74	532	0.00000
Marvinbryantia	248744	G	450	55	505	0.00000
Faecalimonas	2005355	G	375	206	581	0.00001
Novisyntrophococcus	2888809	G	329	15	344	0.00000
Pseudobutyrivibrio	46205	G	300	4	304	0.00000
Jutongia	2944194	G	278	30	308	0.00000
Anaeromicropila	3024823	G	235	1	236	0.00000
Wansuia	2944198	G	201	14	215	0.00000
Lachnoanaerobaculum	1164882	G	196	7	203	0.00000
Qiania	2944195	G	186	18	204	0.00000
Lachnospira	28050	G	179	16	195	0.00000
Eshraghiella	3342669	G	154	42	196	0.00000
Coprococcus	33042	G	138	22	160	0.00000
Agathobacter	1766253	G	131	70	201	0.00000
Herbinix	1663717	G	125	25	150	0.00000
Candidatus Epulonipiscium	2383	G	124	2	126	0.00000
Wujia	2944152	G	97	28	125	0.00000
Hominifimenecus	3073585	G	89	0	89	0.00000
Chakrabartyella	3088373	G	83	3	86	0.00000
Simiaoa	2944193	G	80	22	102	0.00000
Tyzzerella	1506577	G	59	1	60	0.00000
Chordicoccus	3031933	G	45	1	46	0.00000
Stomatobaculum	1213720	G	31	0	31	0.00000
Sporofaciens	2811390	G	12	0	12	0.00000
Cellulosilyticum	698776	G	694	6	700	0.00001
Vallitalea	1348611	G	359	2	361	0.00000
Petrocella	2603323	G	48	1	49	0.00000
Anaerotignum	2039240	G	110	21	131	0.00000
Defluviitalea	1185408	G	62	15	77	0.00000
Clostridium	1485	G	17509	699	18208	0.00016
Oceanirhabdus	1434026	G	1448	9	1457	0.00001
Lactonifactor	420345	G	685	85	770	0.00001
Haloimpatiens	1755832	G	190	18	208	0.00000
Crassaminicella	1848399	G	166	2	168	0.00000
Wukongibacter	1884926	G	157	0	157	0.00000
Caloramator	44258	G	76	2	78	0.00000
Sarcina	1266	G	58	2	60	0.00000
Hathewaya	1769729	G	38	1	39	0.00000
Candidatus Neoarthromitus	49082	G	29	0	29	0.00000
Ruminiclostridium	1508657	G	1989	210	2199	0.00002
Ruminococcus	1263	G	975	115	1090	0.00001
Faecalibacterium	216851	G	624	73	697	0.00001
Caproicibacterium	2834348	G	303	19	322	0.00000
Flavonifractor	946234	G	281	37	318	0.00000
Petroclostridium	2304687	G	97	1	98	0.00000
Paludihabitans	2038676	G	80	0	80	0.00000
Pseudoflavonifractor	1017280	G	55	4	59	0.00000
Owariibacterium	3393728	G	47	15	62	0.00000
Lawsonibacter	2172004	G	39	3	42	0.00000
Vescimonas	2892396	G	39	16	55	0.00000
Fastidiosipila	236752	G	38	10	48	0.00000
Thermoclostridium	2304691	G	36	3	39	0.00000
Subdoligranulum	292632	G	33	3	36	0.00000
Acidaminobacterium	3570270	G	26	0	26	0.00000
Ruthenibacterium	1905344	G	25	2	27	0.00000
Anaerotruncus	244127	G	20	5	25	0.00000
Bengtsoniella	3389389	G	19	0	19	0.00000
Pusillibacter	2892397	G	18	3	21	0.00000
Oscillibacter	459786	G	17	3	20	0.00000
Dysosmobacter	2591381	G	16	29	45	0.00000
Thermocaproicibacter	3048127	G	16	2	18	0.00000
Amygdalobacter	3079925	G	11	0	11	0.00000
Hominenteromicrobium	3073575	G	10	4	14	0.00000
Eubacterium	1730	G	857	158	1015	0.00001
Acetobacterium	33951	G	153	2	155	0.00000
Anaerofustis	264995	G	36	3	39	0.00000
Pseudoramibacter	113286	G	26	0	26	0.00000
Alkalibacter	274470	G	11	0	11	0.00000
Caproiciproducens	1738645	G	258	103	361	0.00000
Caproicibacter	2576755	G	182	9	191	0.00000
Acutalibacter	1918385	G	43	1	44	0.00000
Proteinivorax	1491776	G	420	0	420	0.00000
Alkalicella	2838170	G	24	0	24	0.00000
Thermaerobacter	73918	G	213	0	213	0.00000
Sulfobacillus	28033	G	15	0	15	0.00000
Proteiniborus	415014	G	109	6	115	0.00000
Intestinimonas	1392389	G	42	3	45	0.00000
Fenollaria	1686313	G	26	4	30	0.00000
Flintibacter	1918454	G	24	1	25	0.00000
Desulfosporosinus	79206	G	192	3	195	0.00000
Desulfitobacterium	36853	G	96	5	101	0.00000
Dehalobacter	56112	G	54	7	61	0.00000
Syntrophobotulus	51196	G	16	0	16	0.00000
Butyricicoccus	580596	G	148	20	168	0.00000
Agathobaculum	2048137	G	117	11	128	0.00000
Caldinitratiruptor	1006480	G	116	0	116	0.00000
Symbiobacterium	2733	G	58	0	58	0.00000
Dehalobacterium	51514	G	49	4	53	0.00000
Desulforamulus	2916693	G	35	0	35	0.00000
Candidatus Formimonas	2840454	G	21	0	21	0.00000
Acididesulfobacillus	2924872	G	16	0	16	0.00000
Thermanaerosceptrum	2651578	G	14	0	14	0.00000
Syntrophomonas	862	G	104	1	105	0.00000
Candidatus Syntrophocurvum	2293313	G	15	0	15	0.00000
Helicovermis	3136917	G	38	0	38	0.00000
Fusibacter	76008	G	21	0	21	0.00000
Tianxiuia	3680000	G	17	0	17	0.00000
Aristaeella	3046369	G	68	0	68	0.00000
Desulfoscipio	2867376	G	47	0	47	0.00000
Thermincola	278993	G	19	0	19	0.00000
Desulfotomaculum	1562	G	18	4	22	0.00000
Paraclostridium	1849822	G	1282	67	1349	0.00001
Faecalimicrobium	3120164	G	1103	147	1250	0.00001
Clostridioides	1870884	G	1084	114	1198	0.00001
Romboutsia	1501226	G	1056	151	1207	0.00001
Terrisporobacter	1505652	G	732	26	758	0.00001
Peptacetobacter	2743582	G	177	10	187	0.00000
Tepidibacter	214904	G	139	2	141	0.00000
Peptostreptococcus	1257	G	90	12	102	0.00000
Intestinibacter	1505657	G	77	10	87	0.00000
Aminipila	2060094	G	161	5	166	0.00000
Emergencia	1926556	G	144	11	155	0.00000
Sinanaerobacter	2886866	G	74	0	74	0.00000
Anoxybacterium	3408579	G	57	0	57	0.00000
Mogibacterium	86331	G	44	5	49	0.00000
Ihubacter	1926667	G	15	0	15	0.00000
Geosporobacter	390805	G	233	5	238	0.00000
Alkaliphilus	114627	G	169	1	170	0.00000
Andreesenella	3685825	G	33	0	33	0.00000
Serpentinicella	1890059	G	13	0	13	0.00000
Filifactor	44259	G	54	19	73	0.00000
Acetoanaerobium	186831	G	46	0	46	0.00000
Caminicella	166484	G	17	0	17	0.00000
Peptoclostridium	1481960	G	12	0	12	0.00000
Tepidanaerobacter	499228	G	1428	7	1435	0.00001
Biomaibacter	2770094	G	43	0	43	0.00000
Thermoanaerobacterium	28895	G	626	5	631	0.00001
Thermoanaerobacter	1754	G	198	13	211	0.00000
Aceticella	3051499	G	18	0	18	0.00000
Caldanaerobacter	249529	G	12	2	14	0.00000
Ammonifex	42837	G	10	0	10	0.00000
Thermacetogenium	140458	G	10	0	10	0.00000
Halanaerobium	2330	G	47	0	47	0.00000
Halocella	46466	G	16	217	233	0.00000
Acetohalobium	28186	G	16	14	30	0.00000
Halobacteroides	42417	G	16	40	56	0.00000
Natroniella	52003	G	10	0	10	0.00000
Anoxybacter	1769008	G	80	0	80	0.00000
Halothermothrix	32636	G	22	0	22	0.00000
Neomoorella	44260	G	70	0	70	0.00000
Metallumcola	3234175	G	44	0	44	0.00000
Zhaonella	2748674	G	22	0	22	0.00000
Acetivibrio	35829	G	123	11	134	0.00000
Christensenella	990721	G	75	8	83	0.00000
Natranaerobius	375928	G	28	1	29	0.00000
Natranaerofaba	2807497	G	14	0	14	0.00000
Monoglobus	2039302	G	32	4	36	0.00000
Koleobacter	2786989	G	11	0	11	0.00000
Tissierella	41273	G	1886	12	1898	0.00002
Anaerococcus	165779	G	590	12	602	0.00001
Peptoniphilus	162289	G	156	65	221	0.00000
Parvimonas	543311	G	122	16	138	0.00000
Microaceticoccus	3421489	G	91	0	91	0.00000
Helcococcus	31983	G	70	7	77	0.00000
Miniphocaeibacter	2126548	G	57	0	57	0.00000
Aedoeadaptatus	2981628	G	48	1	49	0.00000
Finegoldia	150022	G	39	10	49	0.00000
Murdochiella	1161127	G	11	6	17	0.00000
Schnuerera	2794837	G	510	15	525	0.00000
Keratinibaculum	1354809	G	14	0	14	0.00000
Acidilutibacter	2992720	G	45	5	50	0.00000
Sporanaerobacter	165812	G	26	1	27	0.00000
Gottschalkia	1505664	G	22	0	22	0.00000
Caloranaerobacter	171003	G	22	0	22	0.00000
Sedimentibacter	190972	G	287	1	288	0.00000
Sporomusa	2375	G	1101	11	1112	0.00001
Pelosinus	365348	G	110	3	113	0.00000
Methylomusa	2093783	G	39	1	40	0.00000
Anaerosinus	151037	G	31	0	31	0.00000
Megamonas	158846	G	279	1	280	0.00000
Selenomonas	970	G	141	0	141	0.00000
Pectinatus	864	G	73	0	73	0.00000
Mitsuokella	52225	G	13	0	13	0.00000
Phascolarctobacterium	33024	G	175	2	177	0.00000
Acidaminococcus	904	G	62	1	63	0.00000
Megasphaera	906	G	107	3	110	0.00000
Veillonella	29465	G	65	0	65	0.00000
Dialister	39948	G	63	1	64	0.00000
Erysipelothrix	1647	G	374	12	386	0.00000
Hoskinsella	3681505	G	76	46	122	0.00000
Amedibacterium	2749267	G	68	27	95	0.00000
Allocoprobacillus	3059504	G	54	4	58	0.00000
Bulleidia	118747	G	53	3	56	0.00000
Faecalibaculum	1729679	G	29	0	29	0.00000
Allobaculum	174708	G	25	0	25	0.00000
Intestinibaculum	2679910	G	22	0	22	0.00000
Holdemania	61170	G	20	6	26	0.00000
Solobacterium	123375	G	20	12	32	0.00000
Longicatena	1918536	G	18	11	29	0.00000
Faecalibacillus	2678885	G	356	94	450	0.00000
Thomasclavelia	3025755	G	200	18	218	0.00000
Catenibacterium	135858	G	59	0	59	0.00000
Tannockella	2943184	G	43	0	43	0.00000
Turicibacter	191303	G	328	13	341	0.00000
Caldicellulosiruptor	44000	G	913	9	922	0.00001
Carboxydichorda	3366853	G	47	0	47	0.00000
Geochorda	3366854	G	29	0	29	0.00000
Limnochorda	1676651	G	32	14	46	0.00000
Gloeothece	28070	G	3985	10	3995	0.00004
Crocosphaera	263510	G	281	9	290	0.00000
Candidatus Atelocyanobacterium	1453359	G	15	1	16	0.00000
Rippkaea	2546365	G	14	0	14	0.00000
Cyanobacterium	102234	G	525	0	525	0.00000
Geminocystis	669357	G	121	0	121	0.00000
Picosynechococcus	3079908	G	50	0	50	0.00000
Microcystis	1125	G	681	4	685	0.00001
Euhalothece	65097	G	50	0	50	0.00000
Halothece	76023	G	34	0	34	0.00000
Gloeocapsa	102231	G	41	0	41	0.00000
Gloeocapsopsis	693222	G	13	0	13	0.00000
Oxynema	1492710	G	234	6	240	0.00000
Koinonema	2023214	G	152	3	155	0.00000
Planktothricoides	132607	G	71	4	75	0.00000
Phormidium	1198	G	21	25	46	0.00000
Planktothrix	54304	G	180	2	182	0.00000
Microcoleus	44471	G	67	46	113	0.00000
Trichodesmium	1205	G	27	0	27	0.00000
Limnospira	2596745	G	216	20	236	0.00000
Nostoc	1177	G	2170	12	2182	0.00002
Anabaena	1163	G	740	135	875	0.00001
Cylindrospermum	56106	G	11	0	11	0.00000
Richelia	98443	G	10	0	10	0.00000
Trichormus	264688	G	10	0	10	0.00000
Okeanomitos	3231549	G	65	0	65	0.00000
Cylindrospermopsis	77021	G	60	1	61	0.00000
Sphaerospermopsis	752201	G	45	0	45	0.00000
Dolichospermum	748770	G	41	6	47	0.00000
Calothrix	1186	G	162	0	162	0.00000
Tolypothrix	111782	G	81	0	81	0.00000
Chlorogloeopsis	1123	G	71	0	71	0.00000
Nodularia	159191	G	23	0	23	0.00000
Halotia	1620790	G	15	0	15	0.00000
Aliinostoc	2035978	G	10	0	10	0.00000
Rivularia	373984	G	48	0	48	0.00000
Fischerella	1190	G	48	0	48	0.00000
Brasilonema	383614	G	35	0	35	0.00000
Prochlorococcus	1218	G	1492	4	1496	0.00001
Cyanobium	167375	G	629	29	658	0.00001
Parasynechococcus	2881427	G	36	17	53	0.00000
Synechococcus	1129	G	806	20	826	0.00001
Synechocystis	1142	G	64	0	64	0.00000
Altericista	2855430	G	46	0	46	0.00000
Kovacikia	1874526	G	526	2	528	0.00000
Leptolyngbya	47251	G	163	9	172	0.00000
Leptodesmis	2664261	G	70	2	72	0.00000
Leptothermofonsia	2917830	G	40	0	40	0.00000
Trichothermofontia	3045815	G	14	0	14	0.00000
Dactylococcopsis	13034	G	77	1	78	0.00000
Nodosilinea	1120752	G	44	0	44	0.00000
Acaryochloris	155977	G	108	0	108	0.00000
Thermosynechococcus	146785	G	13	0	13	0.00000
Chroococcidiopsis	54298	G	119	1	120	0.00000
Pleurocapsa	44474	G	78	0	78	0.00000
Stanieria	102115	G	22	0	22	0.00000
Moorena	1155738	G	54	0	54	0.00000
Gloeobacter	33071	G	23	0	23	0.00000
Anthocerotibacter	2857076	G	20	0	20	0.00000
Pseudanabaena	1152	G	23	0	23	0.00000
Thalassoporum	2799719	G	12	0	12	0.00000
Thermoleptolyngbya	2303528	G	16	1	17	0.00000
Thermocoleostomius	3065395	G	10	0	10	0.00000
Geitlerinema	63132	G	10	0	10	0.00000
Spiroplasma	2132	G	3549	22	3571	0.00003
Mesoplasma	46239	G	143	3	146	0.00000
Williamsoniiplasma	2919614	G	18	0	18	0.00000
Mycoplasma	2093	G	2811	63	2874	0.00003
Candidatus Phytoplasma	33926	G	1014	0	1014	0.00001
Acholeplasma	2147	G	495	0	495	0.00000
Mariniplasma	2903100	G	21	0	21	0.00000
Haploplasma	2903106	G	14	0	14	0.00000
Candidatus Izemoplasma	2975549	G	32	0	32	0.00000
Hujiaoplasma	3078171	G	17	0	17	0.00000
Mycoplasmopsis	2767358	G	1746	8	1754	0.00002
Mesomycoplasma	2923352	G	490	3	493	0.00000
Metamycoplasma	2895509	G	230	4	234	0.00000
Ureaplasma	2129	G	70	0	70	0.00000
Malacoplasma	2791001	G	42	4	46	0.00000
Mycoplasmoides	2995234	G	22	0	22	0.00000
Chloroflexus	1107	G	132	0	132	0.00000
Roseiflexus	120961	G	17	0	17	0.00000
Thermobaculum	262406	G	23	0	23	0.00000
Candidatus Chlorohelix	3139173	G	10	0	10	0.00000
Tepidiforma	2682228	G	104	0	104	0.00000
Candidatus Lucifugimonas	3143249	G	41	0	41	0.00000
Dehalococcoides	61434	G	27	0	27	0.00000
Dehalogenimonas	670486	G	14	0	14	0.00000
Phototrophicus	2922426	G	82	0	82	0.00000
Candidatus Leptofilum	3140596	G	44	0	44	0.00000
Candidatus Promineifilum	1988031	G	34	0	34	0.00000
Pelolinea	1649478	G	36	0	36	0.00000
Candidatus Brevifilum	2019482	G	19	0	19	0.00000
Ktedonosporobacter	2692417	G	45	0	45	0.00000
Caldilinea	233191	G	27	0	27	0.00000
Thermoflexus	1495649	G	21	0	21	0.00000
Capsulimonas	2494209	G	107	0	107	0.00000
Fimbriimonas	1005038	G	12	0	12	0.00000
Vulcanimicrobium	3016049	G	16	0	16	0.00000
Fusobacterium	848	G	2502	30	2532	0.00002
Cetobacterium	180162	G	918	16	934	0.00001
Ilyobacter	167639	G	130	0	130	0.00000
Leptotrichia	32067	G	846	2	848	0.00001
Sebaldella	32068	G	51	0	51	0.00000
Streptobacillus	34104	G	46	0	46	0.00000
Sneathia	168808	G	41	0	41	0.00000
Pseudoleptotrichia	2755140	G	31	0	31	0.00000
Haliovirga	3072462	G	101	0	101	0.00000
Deinococcus	1298	G	1704	0	1704	0.00002
Thermus	270	G	249	0	249	0.00000
Meiothermus	65551	G	35	0	35	0.00000
Oceanithermus	208447	G	30	0	30	0.00000
Truepera	332248	G	46	0	46	0.00000
Defluviitoga	1511648	G	203	1	204	0.00000
Oceanotoga	1255275	G	176	0	176	0.00000
Marinitoga	160798	G	33	0	33	0.00000
Tepiditoga	2778400	G	23	0	23	0.00000
Thermosipho	2420	G	145	0	145	0.00000
Fervidobacterium	2422	G	32	0	32	0.00000
Thermotoga	2335	G	17	0	17	0.00000
Pseudothermotoga	1643951	G	12	0	12	0.00000
Kosmotoga	651456	G	39	0	39	0.00000
Athalassotoga	1769718	G	12	0	12	0.00000
Jonquetella	428711	G	70	0	70	0.00000
Pyramidobacter	638847	G	42	0	42	0.00000
Cloacibacillus	508459	G	38	2	40	0.00000
Aminobacterium	81466	G	25	6	31	0.00000
Persicimonas	2766927	G	206	0	206	0.00000
Bradymonas	1779136	G	57	0	57	0.00000
Allomicrovenator	2946507	G	13	0	13	0.00000
Candidatus Nanosynbacter	2093823	G	59	14	73	0.00000
Candidatus Southlakia	3350975	G	21	0	21	0.00000
Candidatus Saccharimonas	1331051	G	14	0	14	0.00000
Candidatus Mycosynbacter	2831665	G	32	0	32	0.00000
Minisyncoccus	3238478	G	12	0	12	0.00000
Candidatus Bipolaricaulis	2250122	G	11	0	11	0.00000
Candidatus Absconditicoccus	2900570	G	11	0	11	0.00000
Lathyrus	3853	G	16080	1068	17148	0.00015
Vicia	3904	G	13547	867	14414	0.00013
Medicago	3877	G	4983	171	5154	0.00005
Trifolium	3898	G	2623	1137	3760	0.00003
Cicer	3826	G	5743	199	5942	0.00005
Lotus	3867	G	4071	267	4338	0.00004
Vigna	3913	G	17871	1458	19329	0.00017
Glycine	3846	G	7881	301	8182	0.00007
Cajanus	3820	G	5475	244	5719	0.00005
Phaseolus	3883	G	5129	214	5343	0.00005
Arachis	3817	G	21192	1436	22628	0.00020
Lupinus	3869	G	6420	259	6679	0.00006
Hevea	3980	G	8567	300	8867	0.00008
Manihot	3982	G	5919	961	6880	0.00006
Mercurialis	3984	G	6900	2092	8992	0.00008
Ricinus	3987	G	4441	450	4891	0.00004
Euphorbia	3990	G	3434	221	3655	0.00003
Populus	3689	G	12484	2514	14998	0.00013
Malus	3749	G	5550	686	6236	0.00006
Pyrus	3766	G	2927	532	3459	0.00003
Prunus	3754	G	1670	148	1818	0.00002
Argentina	3131914	G	2705	562	3267	0.00003
Fragaria	3746	G	1542	151	1693	0.00001
Rosa	3764	G	3660	62	3722	0.00003
Humulus	3484	G	11453	1848	13301	0.00012
Cannabis	3482	G	2120	107	2227	0.00002
Ziziphus	72171	G	5079	1238	6317	0.00006
Juglans	16718	G	9131	1463	10594	0.00009
Carya	13402	G	4765	746	5511	0.00005
Quercus	3511	G	8401	1500	9901	0.00009
Castanea	21019	G	4356	744	5100	0.00005
Alnus	3515	G	2554	1438	3992	0.00004
Corylus	13450	G	1087	214	1301	0.00001
Cucumis	3655	G	7933	12253	20186	0.00018
Benincasa	102210	G	6853	124	6977	0.00006
Cucurbita	3660	G	2944	327	3271	0.00003
Tripterygium	123484	G	2578	708	3286	0.00003
Gossypium	3633	G	26708	1105	27813	0.00025
Theobroma	3640	G	4368	240	4608	0.00004
Raphanus	3725	G	6893	7165	14058	0.00012
Brassica	3705	G	6161	1144	7305	0.00006
Camelina	71323	G	6722	157	6879	0.00006
Arabidopsis	3701	G	2860	205	3065	0.00003
Mangifera	23461	G	5726	502	6228	0.00006
Citrus	2706	G	4071	380	4451	0.00004
Eucalyptus	3932	G	2581	386	2967	0.00003
Rhodamnia	178132	G	833	59	892	0.00001
Punica	22662	G	876	83	959	0.00001
Vitis	3603	G	5292	426	5718	0.00005
Solanum	4107	G	24087	5362	29449	0.00026
Capsicum	4071	G	18675	290	18965	0.00017
Lycium	24646	G	16039	375	16414	0.00015
Nicotiana	4085	G	29548	1183	30731	0.00027
Ipomoea	4119	G	8717	1068	9785	0.00009
Primulina	48772	G	13816	825	14641	0.00013
Henckelia	199091	G	3846	190	4036	0.00004
Salvia	21880	G	15374	562	15936	0.00014
Olea	4145	G	11587	216	11803	0.00010
Sesamum	4181	G	2136	125	2261	0.00002
Coffea	13442	G	7191	2926	10117	0.00009
Lactuca	4235	G	33947	5061	39008	0.00035
Helianthus	4231	G	11712	574	12286	0.00011
Rutidosis	125764	G	8092	582	8674	0.00008
Erigeron	41574	G	5896	860	6756	0.00006
Cynara	4264	G	6439	143	6582	0.00006
Apium	4044	G	10639	178	10817	0.00010
Daucus	4038	G	5877	476	6353	0.00006
Impatiens	35939	G	7407	314	7721	0.00007
Actinidia	3624	G	6760	255	7015	0.00006
Diospyros	13492	G	3438	110	3548	0.00003
Rhododendron	4346	G	2195	147	2342	0.00002
Beta	3554	G	4785	102	4887	0.00004
Spinacia	3561	G	4266	4876	9142	0.00008
Silene	3573	G	8086	58	8144	0.00007
Amaranthus	3564	G	5599	1664	7263	0.00006
Malania	397391	G	9890	128	10018	0.00009
Triticum	4564	G	23724	2654	26378	0.00023
Aegilops	4480	G	1203	2226	3429	0.00003
Hordeum	4512	G	5656	681	6337	0.00006
Lolium	4520	G	6546	85	6631	0.00006
Brachypodium	15367	G	853	32	885	0.00001
Oryza	4527	G	5698	824	6522	0.00006
Zea	4575	G	8101	1017	9118	0.00008
Miscanthus	62336	G	6114	444	6558	0.00006
Sorghum	4557	G	1694	412	2106	0.00002
Panicum	4539	G	8662	323	8985	0.00008
Setaria	4554	G	1596	80	1676	0.00001
Phragmites	15745	G	2359	153	2512	0.00002
Typha	4732	G	4927	169	5096	0.00005
Ananas	4614	G	1667	156	1823	0.00002
Carex	13398	G	1432	393	1825	0.00002
Zingiber	4650	G	13156	262	13418	0.00012
Curcuma	99568	G	1068	73	1141	0.00001
Musa	4640	G	2936	2040	4976	0.00004
Elaeis	51952	G	8737	462	9199	0.00008
Phoenix	4719	G	4416	232	4648	0.00004
Asparagus	4685	G	6003	112	6115	0.00005
Dioscorea	4672	G	5671	136	5807	0.00005
Wolffia	161109	G	1665	50	1715	0.00002
Papaver	3468	G	16397	274	16671	0.00015
Telopea	54954	G	5709	331	6040	0.00005
Macadamia	4329	G	4216	338	4554	0.00004
Magnolia	3402	G	9090	90	9180	0.00008
Nymphaea	4418	G	1714	59	1773	0.00002
Cryptomeria	3368	G	40008	3127	43135	0.00038
Physcomitrium	37414	G	4377	89	4466	0.00004
Chlamydomonas	3052	G	498	2	500	0.00000
Ostreococcus	70447	G	192	4	196	0.00000
Bathycoccus	41874	G	94	3	97	0.00000
Micromonas	38832	G	180	5	185	0.00000
Homo	9605	G	169816	20568	190384	0.00169
Fusarium	5506	G	795	50	845	0.00001
Pochonia	243023	G	562	11	573	0.00001
Ustilaginoidea	124426	G	111	4	115	0.00000
Metarhizium	5529	G	93	1	94	0.00000
Trichoderma	5543	G	610	44	654	0.00001
Akanthomyces	150366	G	388	20	408	0.00000
Purpureocillium	1052105	G	161	12	173	0.00000
Drechmeria	98402	G	82	2	84	0.00000
Colletotrichum	5455	G	405	16	421	0.00000
Remersonia	72143	G	293	33	326	0.00000
Thermothelomyces	1920207	G	156	10	166	0.00000
Thermothielavioides	2609811	G	141	23	164	0.00000
Neurospora	5140	G	183	26	209	0.00000
Sordaria	5146	G	71	45	116	0.00000
Podospora	5144	G	177	11	188	0.00000
Pyricularia	48558	G	558	3	561	0.00000
Botrytis	33196	G	219	6	225	0.00000
Aspergillus	5052	G	1610	41	1651	0.00001
Penicillium	5073	G	335	26	361	0.00000
Talaromyces	5094	G	533	35	568	0.00001
Coccidioides	5500	G	45	5	50	0.00000
Alternaria	5598	G	376	16	392	0.00000
Pyrenophora	5027	G	28	8	36	0.00000
Ascochyta	5453	G	97	4	101	0.00000
Zymoseptoria	1047167	G	74	0	74	0.00000
Fulvia	2897311	G	44	0	44	0.00000
Cercospora	29002	G	34	2	36	0.00000
Zygosaccharomyces	4953	G	1118	65	1183	0.00001
Saccharomyces	4930	G	242	8	250	0.00000
Kluyveromyces	4910	G	147	10	157	0.00000
Naumovozyma	278028	G	124	4	128	0.00000
Lachancea	300275	G	108	4	112	0.00000
Henningerozyma	3163253	G	89	2	91	0.00000
Tetrapisispora	113604	G	86	1	87	0.00000
Eremothecium	33170	G	52	22	74	0.00000
Huiozyma	3163251	G	50	1	51	0.00000
Nakaseomyces	374468	G	47	6	53	0.00000
Kazachstania	71245	G	41	1	42	0.00000
Zygotorulaspora	1196389	G	40	6	46	0.00000
Torulaspora	4948	G	26	1	27	0.00000
Saccharomycodes	36034	G	802	120	922	0.00001
Pichia	4919	G	1004	50	1054	0.00001
Brettanomyces	13366	G	132	11	143	0.00000
Komagataella	460517	G	56	0	56	0.00000
Ogataea	461281	G	51	2	53	0.00000
Candida	5475	G	177	6	183	0.00000
Lodderomyces	36913	G	111	12	123	0.00000
Debaryomyces	4958	G	145	0	145	0.00000
Scheffersomyces	766733	G	37	2	39	0.00000
Yamadazyma	766765	G	31	4	35	0.00000
Australozyma	3300567	G	145	1	146	0.00000
Candidozyma	3303203	G	27	1	28	0.00000
Sugiyamaella	410829	G	37	3	40	0.00000
Yarrowia	4951	G	19	0	19	0.00000
Schizosaccharomyces	4895	G	158	13	171	0.00000
Kwoniella	490731	G	720	43	763	0.00001
Cryptococcus	5206	G	310	25	335	0.00000
Vanrija	1851468	G	183	28	211	0.00000
Cutaneotrichosporon	1838142	G	166	11	177	0.00000
Marasmius	34448	G	417	16	433	0.00000
Psilocybe	71950	G	151	3	154	0.00000
Rhizoctonia	1322061	G	283	3	286	0.00000
Malassezia	55193	G	461	57	518	0.00000
Mycosarcoma	2689624	G	245	0	245	0.00000
Sporisorium	63265	G	99	6	105	0.00000
Puccinia	5296	G	477	37	514	0.00000
Rhizophagus	1129544	G	4175	163	4338	0.00004
Vairimorpha	6038	G	73	0	73	0.00000
Encephalitozoon	6033	G	18	0	18	0.00000
Plasmodium	5820	G	4171	54	4225	0.00004
Theileria	5873	G	2107	8	2115	0.00002
Babesia	5864	G	122	0	122	0.00000
Toxoplasma	5810	G	90	6	96	0.00000
Besnoitia	94642	G	90	0	90	0.00000
Neospora	29175	G	78	0	78	0.00000
Cryptosporidium	5806	G	46	0	46	0.00000
Paramecium	5884	G	31	0	31	0.00000
Phaeodactylum	2849	G	194	6	200	0.00000
Thalassiosira	35127	G	55	3	58	0.00000
Bremia	4778	G	116	0	116	0.00000
Bigelowiella	227085	G	18	0	18	0.00000
Trichomonas	5721	G	1091	1	1092	0.00001
Spironucleus	39709	G	82	0	82	0.00000
Giardia	5740	G	25	0	25	0.00000
Dictyostelium	5782	G	1015	16	1031	0.00001
Leishmania	5658	G	697	1	698	0.00001
Porcisia	2761499	G	79	0	79	0.00000
Trypanosoma	5690	G	70	0	70	0.00000
Naegleria	5761	G	155	0	155	0.00000
Cyanidioschyzon	45156	G	23	0	23	0.00000
Halorubrum	56688	G	638	25	663	0.00001
Halobaculum	43927	G	457	22	479	0.00000
Haloplanus	376170	G	276	17	293	0.00000
Haloferax	2251	G	84	0	84	0.00000
Halorarum	3163375	G	65	6	71	0.00000
Haloprofundus	1911573	G	61	1	62	0.00000
Salinigranum	1644057	G	50	0	50	0.00000
Halogeometricum	60846	G	49	0	49	0.00000
Halobellus	1073986	G	41	4	45	0.00000
Halolamina	1075397	G	22	1	23	0.00000
Halalkaliarchaeum	2678343	G	19	0	19	0.00000
Halopenitus	1209988	G	14	0	14	0.00000
Salinirarus	3415185	G	13	1	14	0.00000
Halohasta	1450140	G	10	0	10	0.00000
Natrinema	88723	G	453	18	471	0.00000
Halovalidus	3383206	G	173	2	175	0.00000
Salinilacihabitans	3065676	G	116	3	119	0.00000
Natronobeatus	3065678	G	104	7	111	0.00000
Halovivax	332951	G	87	0	87	0.00000
Halosolutus	2993618	G	87	1	88	0.00000
Natronosalvus	3076685	G	68	0	68	0.00000
Haloterrigena	121871	G	60	2	62	0.00000
Natronococcus	29287	G	57	0	57	0.00000
Halopiger	387342	G	54	2	56	0.00000
Natronorubrum	134813	G	53	1	54	0.00000
Natrarchaeobaculum	2765402	G	44	2	46	0.00000
Natrononativus	3065677	G	37	0	37	0.00000
Halostagnicola	353799	G	34	0	34	0.00000
Halomontanus	3125902	G	30	0	30	0.00000
Natrialba	63742	G	27	1	28	0.00000
Natronobacterium	2256	G	18	1	19	0.00000
Natribaculum	1699375	G	11	0	11	0.00000
Haloarcula	2237	G	331	10	341	0.00000
Halapricum	1542963	G	203	3	206	0.00000
Halosimplex	171163	G	198	9	207	0.00000
Halorhabdus	146825	G	101	4	105	0.00000
Halomicrobium	203135	G	78	0	78	0.00000
Halorientalis	1073987	G	70	12	82	0.00000
Halococcoides	2907507	G	23	0	23	0.00000
Salinibaculum	2732368	G	17	0	17	0.00000
Natronomonas	63743	G	256	25	281	0.00000
Salinirubellus	2162630	G	180	2	182	0.00000
Haloglomus	2806252	G	105	2	107	0.00000
Halorarius	3056835	G	85	5	90	0.00000
Halomarina	871740	G	45	0	45	0.00000
Halocatena	2907493	G	21	0	21	0.00000
Halosegnis	2841540	G	19	0	19	0.00000
Halobacterium	2239	G	284	10	294	0.00000
Halospeciosus	3116496	G	36	4	40	0.00000
Halodesulfurarchaeum	1980514	G	27	0	27	0.00000
Halanaeroarchaeum	1656823	G	19	0	19	0.00000
Salarchaeum	1075398	G	18	3	21	0.00000
Halorussus	1070314	G	215	9	224	0.00000
Haladaptatus	367188	G	133	0	133	0.00000
Halomicrococcus	2614447	G	30	1	31	0.00000
Salinarchaeum	1269201	G	163	0	163	0.00000
Natranaeroarchaeum	2917705	G	14	0	14	0.00000
Halococcus	2249	G	42	0	42	0.00000
Halalkalicoccus	332246	G	33	0	33	0.00000
Natronorarus	3386557	G	30	0	30	0.00000
Haloarchaeobius	1269031	G	10	0	10	0.00000
Methanosarcina	2207	G	1860	0	1860	0.00002
Methanolapillus	3136068	G	1050	4	1054	0.00001
Methanolobus	2220	G	808	1	809	0.00001
Methanococcoides	2225	G	67	0	67	0.00000
Methanimicrococcus	91559	G	20	0	20	0.00000
Methanomethylovorans	101191	G	19	0	19	0.00000
Methanosalsum	196136	G	16	0	16	0.00000
Methanoplanus	2314	G	246	0	246	0.00000
Methanoculleus	45989	G	47	0	47	0.00000
Methanofollis	81416	G	32	0	32	0.00000
Methanosphaerula	475087	G	37	0	37	0.00000
Methanospirillum	2202	G	18	0	18	0.00000
Methanocella	570266	G	35	2	37	0.00000
Methanothrix	2222	G	10	0	10	0.00000
Methanobrevibacter	2172	G	1259	3	1262	0.00001
Methanobacterium	2160	G	624	1	625	0.00001
Methanosphaera	2316	G	125	0	125	0.00000
Methanothermobacter	145260	G	66	0	66	0.00000
Methanococcus	2184	G	444	1	445	0.00000
Methanothermococcus	155862	G	15	0	15	0.00000
Methanocaldococcus	196118	G	194	1	195	0.00000
Thermococcus	2263	G	139	0	139	0.00000
Geoglobus	190818	G	37	0	37	0.00000
Archaeoglobus	2233	G	10	0	10	0.00000
Ferroplasma	74968	G	272	0	272	0.00000
Thermoplasma	2302	G	36	0	36	0.00000
Methanomassiliicoccus	1080709	G	93	0	93	0.00000
Methanomethylophilus	1291539	G	10	0	10	0.00000
Candidatus Aciduliprofundum	379546	G	29	0	29	0.00000
Nitrosopumilus	338191	G	750	0	750	0.00001
Candidatus Nitrosocosmicus	1826864	G	353	0	353	0.00000
Saccharolobus	2100760	G	443	11	454	0.00000
Sulfurisphaera	69655	G	143	2	145	0.00000
Acidianus	12914	G	93	1	94	0.00000
Sulfuracidifex	2705406	G	60	0	60	0.00000
Metallosphaera	41980	G	58	0	58	0.00000
Sulfolobus	2284	G	26	0	26	0.00000
Stygiolobus	41674	G	14	0	14	0.00000
Caldisphaera	200414	G	57	0	57	0.00000
Acidilobus	105850	G	14	0	14	0.00000
Vulcanisaeta	164450	G	31	0	31	0.00000
Pyrobaculum	2276	G	23	2	25	0.00000
Fervidicoccus	685950	G	52	0	52	0.00000
Staphylothermus	2279	G	14	0	14	0.00000
Hyperthermus	54247	G	13	0	13	0.00000
Thermofilum	2268	G	20	0	20	0.00000
Promethearchaeum	3366645	G	72	0	72	0.00000
Candidatus Lokiarchaeum	1655637	G	56	0	56	0.00000
Candidatus Nanohalobium	2856051	G	10	0	10	0.00000
Minunavirus	2560178	G	1341	0	1341	0.00001
Kozievirus	3152961	G	435	0	435	0.00000
Faustvirus	3044714	G	359	0	359	0.00000
Samistivirus	2560220	G	13	0	13	0.00000
Efquatrovirus	2560124	G	257	7	264	0.00000
Ittyvirus	3044742	G	146	0	146	0.00000
Woodruffvirus	1982745	G	123	0	123	0.00000
Donnerlittchenvirus	3152600	G	89	0	89	0.00000
Uetakevirus	542960	G	55	0	55	0.00000
Senquatrovirus	2732989	G	32	0	32	0.00000
Graikaemvirus	3044724	G	20	0	20	0.00000
Galvastonvirus	3044720	G	46	0	46	0.00000
Skogvirus	2948911	G	43	0	43	0.00000
Harbinvirus	2732970	G	18	7	25	0.00000
Otakuvirus	3152972	G	29	0	29	0.00000
Copernicusvirus	2842616	G	24	0	24	0.00000
Eneladusvirus	2560128	G	20	0	20	0.00000
Lillamyvirus	2843418	G	18	20	38	0.00000
Dismasvirus	2560122	G	16	0	16	0.00000
Yanchengvirus	3044859	G	15	0	15	0.00000
Hiroshimavirus	3044731	G	15	0	15	0.00000
Bertelyvirus	2733152	G	12	0	12	0.00000
Fromanvirus	186764	G	12	1	13	0.00000
Skunavirus	1623305	G	11	0	11	0.00000
Gaprivervirus	1913654	G	362	0	362	0.00000
Tegunavirus	1921704	G	30	0	30	0.00000
Slopekvirus	1985328	G	46	0	46	0.00000
Zhoulongquanvirus	3044869	G	34	0	34	0.00000
Leucotheavirus	2733109	G	10	7	17	0.00000
Afonbuvirus	2942989	G	400	0	400	0.00000
Timquatrovirus	1623306	G	24	0	24	0.00000
Anayavirus	2946797	G	10	0	10	0.00000
Denvervirus	2948677	G	22	0	22	0.00000
Daemvirus	2731672	G	10	0	10	0.00000
Proboscivirus	548689	G	150	0	150	0.00000
Mimivirus	315393	G	1014	1	1015	0.00001
Moumouvirus	3080801	G	449	1	450	0.00000
Tupanvirus	2094720	G	82	0	82	0.00000
Cotonvirus	3044693	G	16	0	16	0.00000
Fadolivirus	2763561	G	28	0	28	0.00000
Iridovirus	10487	G	27	0	27	0.00000
Chlorovirus	181083	G	18	12	30	0.00000
Asfivirus	39743	G	1359	0	1359	0.00001
Pteropopoxvirus	2733298	G	44	0	44	0.00000
Barthadenovirus	3152491	G	91	0	91	0.00000
Betabaculovirus	558017	G	259	0	259	0.00000
Alphabaculovirus	558016	G	44	0	44	0.00000
Bracoviriform	2946836	G	11	0	11	0.00000
Deltacoronavirus	1159901	G	13	0	13	0.00000
Betafusarivirus	2946823	G	10	0	10	0.00000
Rubivirus	11040	G	18	13	31	0.00000
Pandoravirus	2060084	G	62	21	83	0.00000
