name	taxonomy_id	taxonomy_lvl	kraken_assigned_reads	added_reads	new_est_reads	fraction_total_reads
Bacteroides	816	G	4230969	436455	4667424	0.20643
Phocaeicola	909656	G	126159	17766	143925	0.00637
Alistipes	239759	G	811627	48892	860519	0.03806
Acetobacteroides	1647173	G	5865	185	6050	0.00027
Parabacteroides	375288	G	604445	115314	719759	0.03183
Tannerella	195950	G	19770	1016	20786	0.00092
Odoribacter	283168	G	138036	9492	147528	0.00652
Butyricimonas	574697	G	95910	10583	106493	0.00471
Prevotella	838	G	119376	5967	125343	0.00554
Segatella	2974251	G	50612	2822	53434	0.00236
Paraprevotella	577309	G	21003	1841	22844	0.00101
Hoylesella	2974257	G	9139	3416	12555	0.00056
Xylanibacter	558436	G	8033	113	8146	0.00036
Pseudoprevotella	2884814	G	3748	53	3801	0.00017
Dysgonomonas	156973	G	18635	1184	19819	0.00088
Petrimonas	307628	G	17589	3357	20946	0.00093
Proteiniphilum	294702	G	14799	1254	16053	0.00071
Limibacterium	3404873	G	10546	331	10877	0.00048
Porphyromonas	836	G	35811	2024	37835	0.00167
Macellibacteroides	1159323	G	26868	1030	27898	0.00123
Barnesiella	397864	G	34859	2794	37653	0.00167
Coprobacter	1348911	G	20872	1690	22562	0.00100
Muribaculum	1918540	G	11475	785	12260	0.00054
Duncaniella	2518495	G	11238	203	11441	0.00051
Paramuribaculum	2518497	G	5763	221	5984	0.00026
Sodaliphilus	2815786	G	3975	228	4203	0.00019
Paludibacter	346096	G	7737	9	7746	0.00034
Salinivirga	1970191	G	2927	1	2928	0.00013
Tenuifilum	2760873	G	2250	12	2262	0.00010
Candidatus Azobacteroides	511434	G	1207	0	1207	0.00005
Draconibacterium	1471399	G	25274	701	25975	0.00115
Gaoshiqia	3045890	G	6417	120	6537	0.00029
Mangrovibacterium	1573808	G	6272	680	6952	0.00031
Halosquirtibacter	3374594	G	5400	255	5655	0.00025
Aquipluma	2792393	G	5344	67	5411	0.00024
Maribellus	2678352	G	5128	179	5307	0.00023
Marinifilum	866673	G	9564	486	10050	0.00044
Labilibaculum	2060722	G	9006	473	9479	0.00042
Alkalitalea	1193324	G	4062	259	4321	0.00019
Xiashengella	3129724	G	3172	1550	4722	0.00021
Flavobacterium	237	G	164820	10877	175697	0.00777
Polaribacter	52959	G	25352	3261	28613	0.00127
Capnocytophaga	1016	G	25256	1155	26411	0.00117
Tenacibaculum	104267	G	21149	3354	24503	0.00108
Flagellimonas	444459	G	19765	3229	22994	0.00102
Maribacter	252356	G	13756	2144	15900	0.00070
Aquimarina	290174	G	11214	593	11807	0.00052
Winogradskyella	286104	G	10700	1684	12384	0.00055
Christiangramia	292691	G	9498	981	10479	0.00046
Myroides	76831	G	8368	2003	10371	0.00046
Cellulophaga	104264	G	7068	692	7760	0.00034
Nonlabens	363408	G	6853	792	7645	0.00034
Formosa	225842	G	6246	1065	7311	0.00032
Aequorivita	153265	G	5731	543	6274	0.00028
Leeuwenhoekiella	283735	G	5209	1131	6340	0.00028
Mariniflexile	527198	G	5046	641	5687	0.00025
Zobellia	112040	G	4987	297	5284	0.00023
Algibacter	261827	G	4512	893	5405	0.00024
Kordia	221065	G	4169	172	4341	0.00019
Zunongwangia	417127	G	3704	2319	6023	0.00027
Lutibacter	358023	G	3292	150	3442	0.00015
Seonamhaeicola	1649495	G	3230	276	3506	0.00016
Lacinutrix	291183	G	3199	760	3959	0.00018
Salinimicrobium	561367	G	3150	342	3492	0.00015
Robiginitalea	252306	G	3120	109	3229	0.00014
Abyssalbus	2967089	G	3049	103	3152	0.00014
Allomuricauda	111500	G	2949	156	3105	0.00014
Salegentibacter	143222	G	2757	1556	4313	0.00019
Antarcticibacterium	2058174	G	2701	375	3076	0.00014
Dokdonia	326319	G	2681	154	2835	0.00013
Arenibacter	178469	G	2675	1050	3725	0.00016
Sinomicrobium	1434045	G	2658	37	2695	0.00012
Flavivirga	1209327	G	2283	114	2397	0.00011
Olleya	336276	G	2022	704	2726	0.00012
Zhouia	561555	G	1839	427	2266	0.00010
Lutimonas	449810	G	1755	55	1810	0.00008
Aestuariibaculum	1386924	G	1731	170	1901	0.00008
Rasiella	2987594	G	1660	126	1786	0.00008
Mangrovimonas	1211036	G	1588	170	1758	0.00008
Psychroflexus	83612	G	1551	110	1661	0.00007
Pseudalgibacter	2861660	G	1531	296	1827	0.00008
Thalassobellus	3400333	G	1481	210	1691	0.00007
Patiriisocius	2822394	G	1446	168	1614	0.00007
Pontimicrobium	2918913	G	1311	226	1537	0.00007
Ulvibacterium	2665910	G	1279	9	1288	0.00006
Gilvibacter	379070	G	1267	176	1443	0.00006
Aureibaculum	2706948	G	1214	99	1313	0.00006
Daejeonia	2027867	G	1197	1034	2231	0.00010
Galbibacter	379068	G	1162	78	1240	0.00005
Mesoflavibacter	444051	G	1151	368	1519	0.00007
Muriicola	762641	G	1130	32	1162	0.00005
Hwangdonia	1649460	G	1127	257	1384	0.00006
Psychroserpens	49277	G	1105	754	1859	0.00008
Pukyongia	2831916	G	1064	87	1151	0.00005
Changchengzhania	2049301	G	1040	70	1110	0.00005
Imtechella	1165076	G	1038	66	1104	0.00005
Euzebyella	1287916	G	1022	592	1614	0.00007
Urechidicola	2700084	G	1008	542	1550	0.00007
Siansivirga	1204360	G	1006	150	1156	0.00005
Vaginella	1935184	G	979	974	1953	0.00009
Aggregatimonas	2913017	G	951	21	972	0.00004
Amniculibacterium	2715289	G	943	1026	1969	0.00009
Aegicerativicinus	2893197	G	892	42	934	0.00004
Sediminicola	389486	G	888	37	925	0.00004
Wenyingzhuangia	1518147	G	886	88	974	0.00004
Allotamlana	3400365	G	869	73	942	0.00004
Candidatus Marifrigoribacter	3457289	G	850	90	940	0.00004
Constantimarinum	2907134	G	821	83	904	0.00004
Costertonia	343334	G	803	268	1071	0.00005
Flaviramulus	369400	G	794	141	935	0.00004
Oceanihabitans	2045416	G	778	305	1083	0.00005
Gillisia	244698	G	776	410	1186	0.00005
Croceibacter	216431	G	729	157	886	0.00004
Pseudotamlana	3400368	G	689	436	1125	0.00005
Marixanthomonas	387658	G	651	199	850	0.00004
Bizionia	283785	G	643	124	767	0.00003
Tamlana	393005	G	612	442	1054	0.00005
Candidatus Arcticimaribacter	2953860	G	485	51	536	0.00002
Paenimyroides	3085669	G	351	769	1120	0.00005
Chryseobacterium	59732	G	99036	19485	118521	0.00524
Kaistella	2782231	G	14222	8009	22231	0.00098
Epilithonimonas	2782229	G	3319	3434	6753	0.00030
Elizabethkingia	308865	G	11260	2067	13327	0.00059
Ornithobacterium	28250	G	4197	227	4424	0.00020
Riemerella	34084	G	3586	1178	4764	0.00021
Apibacter	1778601	G	3466	208	3674	0.00016
Empedobacter	59734	G	3321	1692	5013	0.00022
Cloacibacterium	501783	G	2674	790	3464	0.00015
Faecalibacter	2766734	G	1908	94	2002	0.00009
Bergeyella	59735	G	1833	758	2591	0.00011
Cruoricaptor	1433995	G	1448	128	1576	0.00007
Marnyiella	3088764	G	977	53	1030	0.00005
Weeksella	1013	G	662	335	997	0.00004
Blattabacterium	34098	G	10941	335	11276	0.00050
Fluviicola	332102	G	3150	59	3209	0.00014
Paracrocinitomix	3024544	G	1145	3	1148	0.00005
Croceimicrobium	2828338	G	1983	45	2028	0.00009
Owenweeksia	267986	G	1140	11	1151	0.00005
Candidatus Karelsulcia	336809	G	914	55	969	0.00004
Candidatus Walczuchella	1940138	G	254	1	255	0.00001
Candidatus Shikimatogenerans	2926991	G	113	22	135	0.00001
Sanyastnella	3228946	G	1267	1	1268	0.00006
Parvicella	2975260	G	871	9	880	0.00004
Ichthyobacterium	1755829	G	532	0	532	0.00002
Hymenobacter	89966	G	51052	627	51679	0.00229
Pontibacter	323449	G	14406	554	14960	0.00066
Rufibacter	1379908	G	4340	412	4752	0.00021
Adhaeribacter	299566	G	3803	105	3908	0.00017
Nibribacter	1649474	G	1041	236	1277	0.00006
Dyadobacter	120831	G	19638	545	20183	0.00089
Runella	105	G	8073	25	8098	0.00036
Tellurirhabdus	2674996	G	4569	365	4934	0.00022
Larkinella	332157	G	4503	155	4658	0.00021
Fibrella	861914	G	1739	77	1816	0.00008
Fibrisoma	861913	G	14	0	14	0.00000
Spirosoma	107	G	26890	341	27231	0.00120
Cytophaga	978	G	1353	55	1408	0.00006
Algoriphagus	246875	G	10487	822	11309	0.00050
Echinicola	390846	G	9498	1349	10847	0.00048
Cyclobacterium	68288	G	3811	495	4306	0.00019
Aquiflexum	280472	G	1238	60	1298	0.00006
Mongoliitalea	1511649	G	1213	22	1235	0.00005
Belliella	232244	G	1072	162	1234	0.00005
Flammeovirga	59739	G	6140	386	6526	0.00029
Imperialibacter	1649461	G	2304	247	2551	0.00011
Chondrinema	3051458	G	1963	259	2222	0.00010
Ekhidna	447678	G	5455	425	5880	0.00026
Reichenbachiella	156993	G	2916	169	3085	0.00014
Fulvivirga	396811	G	5603	498	6101	0.00027
Chryseolinea	1433993	G	2264	16	2280	0.00010
Emticicia	312278	G	2436	43	2479	0.00011
Leadbetterella	319458	G	1366	59	1425	0.00006
Marinilongibacter	2975149	G	1306	8	1314	0.00006
Jiulongibacter	2031119	G	919	17	936	0.00004
Arcticibacterium	2173039	G	798	10	808	0.00004
Persicobacter	59740	G	2528	145	2673	0.00012
Fulvitalea	1434007	G	2456	112	2568	0.00011
Aureibacter	1097443	G	1475	43	1518	0.00007
Bernardetia	1937972	G	5695	16	5711	0.00025
Marivirga	869806	G	5105	1605	6710	0.00030
Candidatus Cardinium	273135	G	3702	136	3838	0.00017
Candidatus Amoebophilus	281119	G	360	0	360	0.00002
Catalinimonas	1522128	G	1715	25	1740	0.00008
Tunicatimonas	1077254	G	1215	1	1216	0.00005
Porifericola	1001222	G	1095	45	1140	0.00005
Roseivirga	290180	G	3945	251	4196	0.00019
Aquirufa	2676247	G	2401	25	2426	0.00011
Rhodocytophaga	455076	G	2184	20	2204	0.00010
Mangrovivirga	2858886	G	1397	23	1420	0.00006
Microscilla	1023	G	32	0	32	0.00000
Mucilaginibacter	423349	G	67206	1209	68415	0.00303
Pedobacter	84567	G	57144	1969	59113	0.00261
Sphingobacterium	28453	G	55919	4749	60668	0.00268
Olivibacter	376469	G	4560	578	5138	0.00023
Solitalea	929509	G	3492	64	3556	0.00016
Anseongella	1773450	G	2023	6	2029	0.00009
Arcticibacter	1288026	G	1870	84	1954	0.00009
Pseudopedobacter	1649482	G	1487	159	1646	0.00007
Aurantibacillus	3088889	G	1301	10	1311	0.00006
Chitinophaga	79328	G	43278	948	44226	0.00196
Niabella	379899	G	7065	346	7411	0.00033
Arachidicoccus	1769012	G	6216	198	6414	0.00028
Paraflavitalea	2698688	G	4611	187	4798	0.00021
Niastella	354354	G	2585	180	2765	0.00012
Puia	2045098	G	2535	97	2632	0.00012
Flavisolibacter	398041	G	2444	134	2578	0.00011
Pseudobacter	1860196	G	2395	187	2582	0.00011
Lacibacter	649461	G	2340	63	2403	0.00011
Phnomibacter	2836216	G	2333	145	2478	0.00011
Filimonas	649460	G	2326	176	2502	0.00011
Flavihumibacter	1004301	G	2214	44	2258	0.00010
Ferruginibacter	1004303	G	2162	59	2221	0.00010
Sediminibacterium	504481	G	1919	110	2029	0.00009
Panacibacter	1874621	G	1701	23	1724	0.00008
Mycovorax	3389990	G	1653	230	1883	0.00008
Pseudocnuella	2812019	G	1651	113	1764	0.00008
Rhizosphaericola	3114547	G	1194	30	1224	0.00005
Thermoflavifilum	1649506	G	937	7	944	0.00004
Haliscomenobacter	2349	G	2151	12	2163	0.00010
Phaeodactylibacter	1564515	G	2141	7	2148	0.00010
Aureispira	365032	G	2245	19	2264	0.00010
Saprospira	1007	G	1523	2	1525	0.00007
Lewinella	70994	G	1445	10	1455	0.00006
Neolewinella	2993541	G	1231	15	1246	0.00006
Candidatus Sulfidibacterium	2923290	G	3241	2	3243	0.00014
Prosthecochloris	1101	G	2614	61	2675	0.00012
Chlorobium	1091	G	1465	59	1524	0.00007
Pelodictyon	1099	G	1113	59	1172	0.00005
Chlorobaculum	256319	G	2437	22	2459	0.00011
Chloroherpeton	100715	G	630	1	631	0.00003
Rhodothermus	29548	G	1572	31	1603	0.00007
Rhodocaloribacter	2893090	G	910	44	954	0.00004
Rubrivirga	1434037	G	1858	34	1892	0.00008
Salinibacter	146918	G	750	0	750	0.00003
Ignavibacterium	795750	G	2257	25	2282	0.00010
Melioribacter	1134403	G	900	11	911	0.00004
Gracilimonas	649462	G	1798	18	1816	0.00008
Cyclonatronum	2489367	G	747	209	956	0.00004
Gemmatimonas	173479	G	2086	2	2088	0.00009
Gemmatirosa	1706036	G	1464	103	1567	0.00007
Pseudogemmatithrix	3237678	G	567	42	609	0.00003
Candidatus Palauibacter	3056650	G	2117	20	2137	0.00009
Gaopeijia	3381669	G	632	0	632	0.00003
Fibrobacter	832	G	1259	197	1456	0.00006
Candidatus Cloacimonas	456826	G	813	0	813	0.00004
Fidelibacter	3377528	G	650	2	652	0.00003
Bradyrhizobium	374	G	419079	24125	443204	0.01960
Rhodopseudomonas	1073	G	14807	1883	16690	0.00074
Rugositalea	3466653	G	9686	283	9969	0.00044
Tardiphaga	1395974	G	9263	566	9829	0.00043
Afipia	1033	G	6670	3120	9790	0.00043
Nitrobacter	911	G	5190	214	5404	0.00024
Variibacter	1649510	G	1378	37	1415	0.00006
Rhizobium	379	G	40956	6026	46982	0.00208
Agrobacterium	357	G	15575	18131	33706	0.00149
Neorhizobium	1525371	G	4726	1300	6026	0.00027
Pararhizobium	1612611	G	3232	412	3644	0.00016
Allorhizobium	78526	G	482	179	661	0.00003
Pseudorhizobium	1903858	G	339	139	478	0.00002
Sinorhizobium	28105	G	11490	1947	13437	0.00059
Ensifer	106591	G	4624	584	5208	0.00023
Shinella	323620	G	5358	3945	9303	0.00041
Hoeflea	274591	G	2914	435	3349	0.00015
Liberibacter	34019	G	1582	272	1854	0.00008
Georhizobium	2661800	G	856	131	987	0.00004
Peteryoungia	2853332	G	705	80	785	0.00003
Ciceribacter	1648508	G	465	61	526	0.00002
Terrirhizobium	3464117	G	412	49	461	0.00002
Lentilitoribacter	1649463	G	402	7	409	0.00002
Mesorhizobium	68287	G	55571	4623	60194	0.00266
Nitratireductor	245876	G	3776	1132	4908	0.00022
Phyllobacterium	28100	G	3100	209	3309	0.00015
Aminobacter	31988	G	2834	2106	4940	0.00022
Aquibium	2911176	G	1264	157	1421	0.00006
Chelativorans	449972	G	738	197	935	0.00004
Terribium	3143704	G	604	189	793	0.00004
Methylobacterium	407	G	23567	2147	25714	0.00114
Microvirga	186650	G	7118	362	7480	0.00033
Methylorubrum	2282523	G	3624	1386	5010	0.00022
Reyranella	445219	G	34052	984	35036	0.00155
Bosea	85413	G	23668	1566	25234	0.00112
Pseudolabrys	556257	G	6354	432	6786	0.00030
Ancylobacter	99	G	5672	806	6478	0.00029
Labrys	204476	G	5027	357	5384	0.00024
Xanthobacter	279	G	2895	633	3528	0.00016
Starkeya	152053	G	1347	91	1438	0.00006
Azorhizobium	6	G	856	89	945	0.00004
Aquabacter	45402	G	824	34	858	0.00004
Devosia	46913	G	17748	624	18372	0.00081
Pelagibacterium	1082930	G	3148	480	3628	0.00016
Paradevosia	1573407	G	1298	282	1580	0.00007
Maritalea	623276	G	618	11	629	0.00003
Mariluticola	3064792	G	416	9	425	0.00002
Roseibium	150830	G	7074	1720	8794	0.00039
Stappia	152161	G	3522	1397	4919	0.00022
Breoghania	1406135	G	1960	114	2074	0.00009
Pseudovibrio	258255	G	1185	102	1287	0.00006
Labrenzia	478070	G	1124	631	1755	0.00008
Pannonibacter	227873	G	1015	1768	2783	0.00012
Enhydrobacter	212791	G	6506	259	6765	0.00030
Pseudorhodoplanes	1734920	G	2014	62	2076	0.00009
Nordella	169055	G	1247	19	1266	0.00006
Terrihabitans	2874214	G	507	22	529	0.00002
Candidatus Hodgkinia	573657	G	138	0	138	0.00001
Candidatus Endowatersipora	376743	G	89	0	89	0.00000
Bartonella	773	G	10394	494	10888	0.00048
Methylocystis	133	G	6761	420	7181	0.00032
Methylosinus	425	G	2810	209	3019	0.00013
Brucella	234	G	5814	4382	10196	0.00045
Ochrobactrum	528	G	632	190	822	0.00004
Pseudochrobactrum	354349	G	2043	430	2473	0.00011
Aureimonas	414371	G	4248	1155	5403	0.00024
Martelella	293088	G	2584	1332	3916	0.00017
Jiella	1775688	G	741	46	787	0.00003
Aurantimonas	182269	G	732	90	822	0.00004
Antarcticirhabdus	3042730	G	716	92	808	0.00004
Hyphomicrobium	81	G	4605	138	4743	0.00021
Rhodomicrobium	1068	G	1361	37	1398	0.00006
Methyloceanibacter	1484898	G	1092	22	1114	0.00005
Methyloligella	1485594	G	528	18	546	0.00002
Filomicrobium	119044	G	317	12	329	0.00001
Methylovirgula	1156568	G	2382	97	2479	0.00011
Methylocapsa	184923	G	2351	177	2528	0.00011
Methylocella	120652	G	1578	80	1658	0.00007
Beijerinckia	532	G	514	33	547	0.00002
Pyruvatibacter	1742974	G	1004	54	1058	0.00005
Kaustia	2838250	G	844	34	878	0.00004
Tepidicaulis	1742977	G	607	674	1281	0.00006
Parvibaculum	256616	G	530	566	1096	0.00005
Anderseniella	444432	G	442	7	449	0.00002
Candidatus Phaeomarinibacter	1541445	G	405	5	410	0.00002
Phreatobacter	1632780	G	3244	225	3469	0.00015
Oricola	1594166	G	1582	204	1786	0.00008
Roseitalea	1915401	G	750	60	810	0.00004
Oceaniradius	2679892	G	525	534	1059	0.00005
Ahrensia	152180	G	346	4	350	0.00002
Pleomorphomonas	261933	G	2137	568	2705	0.00012
Hartmannibacter	1572860	G	930	210	1140	0.00005
Acuticoccus	1904377	G	2315	86	2401	0.00011
Blastochloris	59282	G	2031	189	2220	0.00010
Cohaesibacter	655352	G	1851	57	1908	0.00008
Kaistia	166953	G	1023	127	1150	0.00005
Bauldia	1145345	G	656	13	669	0.00003
Chelatococcus	28209	G	1570	187	1757	0.00008
Alsobacter	1502180	G	1296	122	1418	0.00006
Terrirubrum	3142786	G	1171	28	1199	0.00005
Lichenihabitans	2723776	G	1168	29	1197	0.00005
Salinarimonas	690086	G	999	98	1097	0.00005
Chenggangzhangella	2041902	G	961	51	1012	0.00004
Methyloraptor	3382645	G	899	90	989	0.00004
Rhodoligotrophos	987053	G	660	13	673	0.00003
Aestuariivirga	2650923	G	595	17	612	0.00003
Afifella	643217	G	523	113	636	0.00003
Salaquimonas	2712688	G	415	8	423	0.00002
Coralliovum	3228940	G	331	9	340	0.00002
Sphingomonas	13687	G	34609	5924	40533	0.00179
Novosphingobium	165696	G	10962	2220	13182	0.00058
Stakelama	1124625	G	628	55	683	0.00003
Sphingosinithalassobacter	2676233	G	386	18	404	0.00002
Citromicrobium	72173	G	371	52	423	0.00002
Hankyongella	1763827	G	314	28	342	0.00002
Alterisphingorhabdus (ex Yan et al. 2024)	3382518	G	296	2	298	0.00001
Tardibacter	2685927	G	246	340	586	0.00003
Parablastomonas	1654718	G	219	10	229	0.00001
Erythrobacter	1041	G	4986	603	5589	0.00025
Porphyrobacter	1111	G	1181	304	1485	0.00007
Qipengyuania	1855416	G	4639	564	5203	0.00023
Altererythrobacter	361177	G	2546	227	2773	0.00012
Croceicoccus	1295327	G	1510	517	2027	0.00009
Tsuneonella	2800686	G	1163	98	1261	0.00006
Aurantiacibacter	2800681	G	1045	81	1126	0.00005
Croceibacterium	2676755	G	998	72	1070	0.00005
Caenibius	2827482	G	787	131	918	0.00004
Pelagerythrobacter	2800685	G	694	169	863	0.00004
Pseudoblastomonas	3423750	G	494	66	560	0.00002
Paraurantiacibacter	2800682	G	176	5	181	0.00001
Parerythrobacter	2800684	G	170	14	184	0.00001
Sphingobium	165695	G	11805	7132	18937	0.00084
Sphingopyxis	165697	G	8443	1752	10195	0.00045
Sphingorhabdus	1434046	G	3035	101	3136	0.00014
Parasphingorhabdus	2709685	G	1777	53	1830	0.00008
Novosphingopyxis	2709686	G	584	49	633	0.00003
Sphingosinicella	335405	G	1273	526	1799	0.00008
Glacieibacterium	2860235	G	854	223	1077	0.00005
Polymorphobacter	1508451	G	767	240	1007	0.00004
Sandaracinobacteroides	2883109	G	461	13	474	0.00002
Rhizorhabdus	1649486	G	1575	927	2502	0.00011
Alterirhizorhabdus	3423723	G	520	23	543	0.00002
Allosphingosinicella	2823232	G	677	17	694	0.00003
Sphingomicrobium	1227948	G	640	23	663	0.00003
Zymomonas	541	G	1001	241	1242	0.00005
Blastomonas	150203	G	885	52	937	0.00004
Parasphingopyxis	1234545	G	737	9	746	0.00003
Aquisediminimonas	2676781	G	387	3	390	0.00002
Sulfitobacter	60136	G	8877	1635	10512	0.00046
Roseovarius	74030	G	5964	562	6526	0.00029
Phaeobacter	302485	G	3536	1080	4616	0.00020
Leisingera	191028	G	3327	316	3643	0.00016
Roseobacter	2433	G	2144	60	2204	0.00010
Ruegeria	97050	G	2075	242	2317	0.00010
Thalassovita	335927	G	1862	78	1940	0.00009
Salipiger	263377	G	1578	1003	2581	0.00011
Celeribacter	875170	G	1560	609	2169	0.00010
Pseudosulfitobacter	2854186	G	1510	665	2175	0.00010
Alloyangia	2919626	G	1417	92	1509	0.00007
Jannaschia	188905	G	1414	43	1457	0.00006
Octadecabacter	53945	G	1223	166	1389	0.00006
Roseivivax	93682	G	1174	178	1352	0.00006
Tateyamaria	299261	G	1059	22	1081	0.00005
Sagittula	58842	G	1037	371	1408	0.00006
Ketogulonicigenium	92944	G	1008	239	1247	0.00006
Roseicyclus	336277	G	844	23	867	0.00004
Oceanicola	252301	G	782	26	808	0.00004
Falsihalocynthiibacter	2854182	G	757	19	776	0.00003
Mameliella	1434019	G	737	78	815	0.00004
Rhodophyticola	2680018	G	603	9	612	0.00003
Shimia	573139	G	597	35	632	0.00003
Palleronia	315422	G	561	12	573	0.00003
Marinovum	367771	G	494	114	608	0.00003
Loktanella	245186	G	460	18	478	0.00002
Antarctobacter	74032	G	451	10	461	0.00002
Thalassococcus	436357	G	420	4	424	0.00002
Actibacterium	1433986	G	379	299	678	0.00003
Dinoroseobacter	309512	G	367	227	594	0.00003
Aliisedimentitalea	1697958	G	367	37	404	0.00002
Algirhabdus	3412738	G	359	3	362	0.00002
Thalassobacter	266808	G	334	7	341	0.00002
Lentibacter	1434014	G	314	27	341	0.00002
Ponticoccus	983507	G	310	30	340	0.00002
Marivita	659428	G	308	10	318	0.00001
Seohaeicola	481178	G	302	8	310	0.00001
Pelagimonas	1434029	G	298	16	314	0.00001
Tropicibacter	599653	G	195	7	202	0.00001
Nereida	282198	G	166	0	166	0.00001
Paracoccus	265	G	15821	5807	21628	0.00096
Thioclava	285107	G	2162	257	2419	0.00011
Cereibacter	1653176	G	2153	460	2613	0.00012
Yoonia	2211641	G	1858	219	2077	0.00009
Pseudooceanicola	1679449	G	1744	157	1901	0.00008
Tabrizicola	1443919	G	1586	316	1902	0.00008
Aliiroseovarius	1658781	G	1177	80	1257	0.00006
Tritonibacter	2083206	G	1154	651	1805	0.00008
Rhodovulum	34008	G	1018	132	1150	0.00005
Roseinatronobacter	121820	G	987	24	1011	0.00004
Limimaricola	2211638	G	841	180	1021	0.00005
Gymnodinialimonas	2937410	G	826	32	858	0.00004
Pontivivens	1844015	G	811	106	917	0.00004
Paroceanicella	2683599	G	778	269	1047	0.00005
Parasedimentitalea	2738399	G	763	29	792	0.00004
Polymorphum	991903	G	718	471	1189	0.00005
Pelagovum	2795377	G	617	77	694	0.00003
Neotabrizicola	2946607	G	585	134	719	0.00003
Marinibacterium	1931200	G	557	44	601	0.00003
Vannielia	2813041	G	553	14	567	0.00003
Amaricoccus	56999	G	546	49	595	0.00003
Cognatishimia	2211635	G	539	20	559	0.00002
Pikeienuella	2831955	G	538	135	673	0.00003
Abyssibius	3029205	G	531	48	579	0.00003
Frigidibacter	1775705	G	499	297	796	0.00004
Albidovulum	205889	G	478	15	493	0.00002
Amylibacter	1617805	G	470	8	478	0.00002
Pacificitalea	2846749	G	466	162	628	0.00003
Gemmobacter	204456	G	458	91	549	0.00002
Marivivens	1759396	G	457	44	501	0.00002
Profundibacter	2778525	G	452	7	459	0.00002
Roseicitreum	1209946	G	434	5	439	0.00002
Nioella	1775424	G	433	15	448	0.00002
Paragemmobacter	3143992	G	425	132	557	0.00002
Pseudophaeobacter	1541822	G	413	180	593	0.00003
Falsirhodobacter	1434002	G	405	30	435	0.00002
Haematobacter	366614	G	403	617	1020	0.00005
Silicimonas	1955420	G	397	8	405	0.00002
Pseudoroseicyclus	1813601	G	385	16	401	0.00002
Pseudorhodobacter	238783	G	382	14	396	0.00002
Pseudogemmobacter	2663134	G	371	18	389	0.00002
Arenibacterium	2824249	G	365	95	460	0.00002
Algicella	3050722	G	348	7	355	0.00002
Pukyongiella	2831925	G	325	113	438	0.00002
Qingshengfaniella	2816884	G	296	11	307	0.00001
Brevirhabdus	1855413	G	291	251	542	0.00002
Aquicoccus	2055850	G	291	14	305	0.00001
Fontisubflavum	3118803	G	286	4	290	0.00001
Fuscovulum	2818469	G	263	49	312	0.00001
Pseudopelagicola	1649483	G	253	3	256	0.00001
Planktomarina	1284657	G	251	10	261	0.00001
Aestuariibius	2109360	G	249	6	255	0.00001
Rhodobacter	1060	G	2733	470	3203	0.00014
Azospirillum	191	G	14775	733	15508	0.00069
Skermanella	204447	G	3330	1154	4484	0.00020
Niveispirillum	1543704	G	1374	234	1608	0.00007
Nitrospirillum	1543705	G	1271	93	1364	0.00006
Indioceanicola	2478349	G	663	45	708	0.00003
Magnetospirillum	13134	G	2509	545	3054	0.00014
Ferrovibrio	1231242	G	2134	55	2189	0.00010
Rhodospirillum	1081	G	1232	83	1315	0.00006
Pararhodospirillum	1612157	G	690	28	718	0.00003
Aerophototrophica	2811387	G	605	24	629	0.00003
Defluviicoccus	111830	G	560	67	627	0.00003
Candidatus Endolissoclinum	1263978	G	347	1	348	0.00002
Thalassospira	168934	G	4707	334	5041	0.00022
Magnetospira	1182780	G	414	7	421	0.00002
Thalassobaculum	526215	G	1488	159	1647	0.00007
Nisaea	390876	G	1268	152	1420	0.00006
Pelagibius	643951	G	1512	34	1546	0.00007
Algihabitans	2821512	G	1153	24	1177	0.00005
Hypericibacter	2705399	G	2258	112	2370	0.00010
Hwanghaeella	2605940	G	652	25	677	0.00003
Aestuariispira	1647175	G	598	53	651	0.00003
Terasakiella	196080	G	1286	4	1290	0.00006
Stella	93	G	1261	39	1300	0.00006
Caenispirillum	414051	G	796	53	849	0.00004
Haematospirillum	1804663	G	463	12	475	0.00002
Paramagnetospirillum	3031148	G	833	448	1281	0.00006
Zavarzinia	204446	G	732	17	749	0.00003
Varunaivibrio	1866954	G	482	11	493	0.00002
Acetobacter	434	G	4566	792	5358	0.00024
Komagataeibacter	1434011	G	3329	606	3935	0.00017
Gluconobacter	441	G	2151	507	2658	0.00012
Rhodopila	1070	G	1612	126	1738	0.00008
Rhodovastum	504465	G	1442	183	1625	0.00007
Lichenicoccus	2781897	G	1284	132	1416	0.00006
Lichenicola	2804525	G	1279	89	1368	0.00006
Granulibacter	364409	G	1068	147	1215	0.00005
Asaia	91914	G	945	279	1224	0.00005
Pararoseomonas	2870712	G	858	1710	2568	0.00011
Acidibrevibacterium	2603324	G	767	427	1194	0.00005
Nguyenibacter	1519186	G	563	45	608	0.00003
Kozakia	153497	G	547	160	707	0.00003
Gluconacetobacter	89583	G	488	49	537	0.00002
Novacetimonas	2919364	G	464	81	545	0.00002
Commensalibacter	1079922	G	424	63	487	0.00002
Aristophania	3027666	G	381	38	419	0.00002
Entomobacter	2811380	G	295	31	326	0.00001
Neoasaia	320496	G	259	35	294	0.00001
Parasaccharibacter	1602345	G	253	4	257	0.00001
Oecophyllibacter	2791118	G	248	6	254	0.00001
Candidatus Kirkpatrickella	3097638	G	242	21	263	0.00001
Swingsia	1649499	G	216	55	271	0.00001
Formicincola	2952773	G	183	3	186	0.00001
Neokomagataea	1223423	G	182	17	199	0.00001
Roseomonas	125216	G	7362	2752	10114	0.00045
Sediminicoccus	1706033	G	1955	239	2194	0.00010
Dankookia	1940143	G	1023	112	1135	0.00005
Muricoccus	3409995	G	973	165	1138	0.00005
Roseococcus	35812	G	769	133	902	0.00004
Humitalea	1223303	G	691	29	720	0.00003
Acidiphilium	522	G	1194	181	1375	0.00006
Acidocella	50709	G	793	90	883	0.00004
Acidisoma	512381	G	653	61	714	0.00003
Elioraea	457933	G	458	20	478	0.00002
Brevundimonas	41275	G	14059	4811	18870	0.00083
Caulobacter	75	G	8812	704	9516	0.00042
Asticcacaulis	76890	G	4315	223	4538	0.00020
Phenylobacterium	20	G	3987	299	4286	0.00019
Terricaulis	2768684	G	488	12	500	0.00002
Rickettsia	780	G	5566	525	6091	0.00027
Candidatus Tisiphia	2996317	G	2173	165	2338	0.00010
Orientia	69474	G	1099	1	1100	0.00005
Candidatus Trichorickettsia	1522201	G	635	2	637	0.00003
Candidatus Sneabacter	2601645	G	155	0	155	0.00001
Candidatus Phycorickettsia	2115980	G	291	0	291	0.00001
Candidatus Megaera	1742636	G	263	0	263	0.00001
Wolbachia	953	G	5883	95	5978	0.00026
Ehrlichia	943	G	1757	64	1821	0.00008
Anaplasma	768	G	587	13	600	0.00003
Neorickettsia	33993	G	397	102	499	0.00002
Candidatus Mesenet	2883098	G	370	29	399	0.00002
Candidatus Neoehrlichia	467749	G	300	18	318	0.00001
Candidatus Bandiella	2716172	G	766	2	768	0.00003
Candidatus Midichloria	411566	G	341	4	345	0.00002
Candidatus Lariskella	1175554	G	337	1	338	0.00001
Candidatus Fokinia	1802983	G	245	458	703	0.00003
Candidatus Deianiraea	2603321	G	333	2	335	0.00001
Candidatus Pelagibacter	198251	G	6996	55	7051	0.00031
Candidatus Fonsibacter	2045213	G	287	2	289	0.00001
Hyphobacterium	2004661	G	1533	612	2145	0.00009
Oceanicaulis	153232	G	1493	57	1550	0.00007
Maricaulis	74317	G	855	32	887	0.00004
Glycocaulis	1433402	G	619	145	764	0.00003
Marinicauda	1649466	G	329	122	451	0.00002
Litorimonas	1167830	G	646	6	652	0.00003
Fretibacter	1649331	G	635	4	639	0.00003
Algimonas	1246884	G	201	1	202	0.00001
Tistrella	171436	G	3394	1781	5175	0.00023
Marinivivus	3457535	G	831	25	856	0.00004
Hyphococcus	2038635	G	2054	28	2082	0.00009
Parvularcula	208215	G	1071	191	1262	0.00006
Aquisalinus	1795639	G	389	12	401	0.00002
Hyphomonas	85	G	2385	344	2729	0.00012
Hirschia	2723	G	429	2	431	0.00002
Candidatus Viadribacter	2892997	G	308	6	314	0.00001
Candidatus Bealeia	1920992	G	548	7	555	0.00002
Candidatus Cytomitobacter	2601574	G	424	425	849	0.00004
Candidatus Nesciobacter	2601651	G	136	0	136	0.00001
Candidatus Hydrogenosomobacter	2654634	G	132	0	132	0.00001
Candidatus Gromoviella	2900571	G	84	1	85	0.00000
Candidatus Odyssella	84646	G	352	2	354	0.00002
Candidatus Bodocaedibacter	3163645	G	332	1	333	0.00001
Candidatus Paracaedibacter	1521255	G	110	0	110	0.00000
Candidatus Nucleicultrix	1509243	G	451	12	463	0.00002
Kordiimonas	288021	G	1931	52	1983	0.00009
Temperatibacter	1549129	G	479	5	484	0.00002
Gimibacter	3058346	G	478	9	487	0.00002
Pseudemcibacter	2943291	G	777	15	792	0.00004
Emcibacter	1602338	G	482	9	491	0.00002
Paremcibacter	2813804	G	482	11	493	0.00002
Luteithermobacter	2813803	G	478	47	525	0.00002
Minwuia	2493629	G	1321	41	1362	0.00006
Candidatus Puniceispirillum	767891	G	438	16	454	0.00002
Candidatus Ponderosibacter	3457287	G	412	5	417	0.00002
Candidatus Levibacter	3457288	G	370	3	373	0.00002
Sneathiella	510690	G	1213	22	1235	0.00005
Radicibacter	3462474	G	603	247	850	0.00004
Klebsiella	570	G	15778	71336	87114	0.00385
Raoultella	160674	G	2453	2928	5381	0.00024
Enterobacter	547	G	17092	27515	44607	0.00197
Citrobacter	544	G	12489	17565	30054	0.00133
Escherichia	561	G	11161	82229	93390	0.00413
Candidatus Blochmanniella	203804	G	3311	29	3340	0.00015
Candidatus Westeberhardia	1699619	G	59	3	62	0.00000
Symbiopectobacterium	801	G	1044	57	1101	0.00005
Candidatus Williamhamiltonella	568987	G	486	9	495	0.00002
Candidatus Regiella	568988	G	233	325	558	0.00002
Candidatus Purcelliella	472825	G	310	24	334	0.00001
Candidatus Annandia	1302410	G	272	43	315	0.00001
Candidatus Doolittlea	1906657	G	266	7	273	0.00001
Candidatus Gullanella	1906661	G	222	6	228	0.00001
Candidatus Tachikawaea	1682492	G	190	177	367	0.00002
Candidatus Hoaglandella	1906659	G	68	2	70	0.00000
Candidatus Mikella	1906660	G	37	4	41	0.00000
Kosakonia	1330547	G	5657	554	6211	0.00027
Salmonella	590	G	4809	20718	25527	0.00113
Cronobacter	413496	G	4290	638	4928	0.00022
Cedecea	158483	G	3300	378	3678	0.00016
Leclercia	83654	G	3217	5571	8788	0.00039
Kluyvera	579	G	2404	891	3295	0.00015
Buttiauxella	82976	G	2036	172	2208	0.00010
Pluralibacter	1330546	G	1505	244	1749	0.00008
Lelliottia	1330545	G	1357	399	1756	0.00008
Atlantibacter	1903434	G	1049	219	1268	0.00006
Plesiomonas	702	G	1040	300	1340	0.00006
Siccibacter	1649298	G	910	103	1013	0.00004
Phytobacter	447792	G	893	2046	2939	0.00013
Superficieibacter	2303321	G	861	80	941	0.00004
Franconibacter	1649295	G	853	65	918	0.00004
Dryocola	3021684	G	769	89	858	0.00004
Mangrovibacter	451512	G	618	706	1324	0.00006
Candidatus Profftia	1177214	G	606	10	616	0.00003
Pseudescherichia	2055880	G	514	371	885	0.00004
Jejubacter	2815296	G	514	13	527	0.00002
Pseudocitrobacter	1504576	G	382	50	432	0.00002
Scandinavium	2726810	G	342	40	382	0.00002
Trabulsiella	158851	G	339	186	525	0.00002
Shigella	620	G	294	1378	1672	0.00007
Shimwellia	1335483	G	288	19	307	0.00001
Yokenella	158876	G	272	82	354	0.00002
Candidatus Schneideria	1081630	G	222	3	225	0.00001
Candidatus Riesia	401618	G	182	3	185	0.00001
Candidatus Ishikawella	409304	G	177	6	183	0.00001
Candidatus Curculioniphilus	690591	G	154	0	154	0.00001
Candidatus Moranella	1048757	G	148	0	148	0.00001
Pantoea	53335	G	18022	1530	19552	0.00086
Erwinia	551	G	15391	1489	16880	0.00075
Buchnera	32199	G	12459	589	13048	0.00058
Mixta	2100764	G	1546	345	1891	0.00008
Tatumella	82986	G	1112	108	1220	0.00005
Winslowiella	2997349	G	535	35	570	0.00003
Duffyella	3026546	G	532	74	606	0.00003
Wigglesworthia	51228	G	378	7	385	0.00002
Paramixta	3231896	G	349	31	380	0.00002
Serratia	613	G	16292	4105	20397	0.00090
Yersinia	629	G	11892	1846	13738	0.00061
Rahnella	34037	G	3763	365	4128	0.00018
Rouxiella	1565532	G	1213	105	1318	0.00006
Nissabacter	1964366	G	590	42	632	0.00003
Chania	1745211	G	530	41	571	0.00003
Candidatus Fukatsuia	1927833	G	509	10	519	0.00002
Chimaeribacter	2716544	G	460	81	541	0.00002
Gibbsiella	929812	G	448	37	485	0.00002
Ewingella	41201	G	445	38	483	0.00002
Providencia	586	G	10283	11143	21426	0.00095
Proteus	583	G	6465	5859	12324	0.00055
Xenorhabdus	626	G	6009	228	6237	0.00028
Morganella	581	G	2766	1877	4643	0.00021
Photorhabdus	29487	G	2565	42	2607	0.00012
Arsenophonus	637	G	2161	38	2199	0.00010
Moellerella	158848	G	517	537	1054	0.00005
Hafnia	568	G	23934	4890	28824	0.00127
Edwardsiella	635	G	3522	1191	4713	0.00021
Obesumbacterium	82982	G	221	72	293	0.00001
Pectobacterium	122277	G	9071	828	9899	0.00044
Dickeya	204037	G	7943	670	8613	0.00038
Brenneria	71655	G	2993	384	3377	0.00015
Lonsdalea	1082702	G	748	72	820	0.00004
Musicola	2884243	G	504	121	625	0.00003
Prodigiosinella	3059405	G	51	110	161	0.00001
Sodalis	84565	G	4752	148	4900	0.00022
Leminorella	82980	G	1204	62	1266	0.00006
Limnobaculum	2172100	G	985	66	1051	0.00005
Pragia	82984	G	490	28	518	0.00002
Gallaecimonas	745410	G	1868	99	1967	0.00009
Pseudomonas	286	G	157040	41009	198049	0.00876
Stutzerimonas	2901164	G	8005	2997	11002	0.00049
Halopseudomonas	2901189	G	4129	378	4507	0.00020
Metapseudomonas	3236656	G	2461	549	3010	0.00013
Ectopseudomonas	3236654	G	1959	2258	4217	0.00019
Azotobacter	352	G	1418	175	1593	0.00007
Azorhizophilus	157913	G	268	95	363	0.00002
Entomomonas	2758906	G	1195	22	1217	0.00005
Aquipseudomonas	3236652	G	1080	575	1655	0.00007
Permianibacter	1649479	G	539	4	543	0.00002
Thiopseudomonas	1654787	G	462	73	535	0.00002
Phytopseudomonas	3236657	G	434	76	510	0.00002
Denitrificimonas	2901261	G	379	133	512	0.00002
Geopseudomonas	3236655	G	257	53	310	0.00001
Marinobacter	2742	G	12363	1080	13443	0.00059
Candidatus Njordibacter	3457297	G	836	24	860	0.00004
Ketobacter	2025617	G	415	15	430	0.00002
Pseudohongiella	1524249	G	405	4	409	0.00002
Shewanella	22	G	25835	3187	29022	0.00128
Parashewanella	2547964	G	638	21	659	0.00003
Psychrobium	1573826	G	488	20	508	0.00002
Alteromonas	226	G	8572	922	9494	0.00042
Salinimonas	288793	G	1581	251	1832	0.00008
Agarivorans	261825	G	2500	318	2818	0.00012
Paraglaciecola	1621534	G	2480	122	2602	0.00012
Catenovulum	1172191	G	1910	48	1958	0.00009
Alkalimarinus	1858563	G	1179	48	1227	0.00005
Lacimicrobium	1751872	G	926	30	956	0.00004
Neptunicella	2125985	G	636	33	669	0.00003
Saccharobesus	2894574	G	623	12	635	0.00003
Planctobacterium	2200736	G	566	22	588	0.00003
Alishewanella	111142	G	481	60	541	0.00002
Paraneptunicella	2905123	G	424	12	436	0.00002
Halioxenophilus	2108524	G	407	53	460	0.00002
Saliniradius	2661818	G	402	18	420	0.00002
Brumicola	3160924	G	369	14	383	0.00002
Aliiglaciecola	1406885	G	346	41	387	0.00002
Ningiella	2751156	G	259	6	265	0.00001
Hydrocarboniclastica	2650549	G	251	19	270	0.00001
Gayadomonas	1234605	G	65	0	65	0.00000
Pseudoalteromonas	53246	G	20103	1883	21986	0.00097
Psychrosphaera	907197	G	599	75	674	0.00003
Flocculibacter	2834759	G	388	17	405	0.00002
Thalassotalea	1518149	G	5662	393	6055	0.00027
Colwellia	28228	G	3981	430	4411	0.00020
Thalassomonas	137583	G	1685	36	1721	0.00008
Pseudocolwellia	2848177	G	411	26	437	0.00002
Litorilituus	1407056	G	410	13	423	0.00002
Cognaticolwellia	2848171	G	260	26	286	0.00001
Psychromonas	67572	G	3825	105	3930	0.00017
Idiomarina	135575	G	2371	306	2677	0.00012
Pseudidiomarina	2800384	G	784	90	874	0.00004
Moritella	58050	G	2064	171	2235	0.00010
Ferrimonas	44011	G	1799	98	1897	0.00008
Motilimonas	1914248	G	333	17	350	0.00002
Vibrio	662	G	65064	7242	72306	0.00320
Photobacterium	657	G	9990	1348	11338	0.00050
Aliivibrio	511678	G	1788	371	2159	0.00010
Salinivibrio	51366	G	1576	73	1649	0.00007
Grimontia	246861	G	1189	47	1236	0.00005
Enterovibrio	188143	G	930	38	968	0.00004
Paraphotobacterium	2042066	G	622	42	664	0.00003
Parasalinivibrio	3378804	G	588	24	612	0.00003
Thaumasiovibrio	2014233	G	272	18	290	0.00001
Xanthomonas	338	G	18775	27056	45831	0.00203
Stenotrophomonas	40323	G	14787	6387	21174	0.00094
Lysobacter	68	G	9284	401	9685	0.00043
Pseudoxanthomonas	83618	G	5492	1100	6592	0.00029
Luteimonas	83614	G	3814	137	3951	0.00017
Thermomonas	141948	G	1571	75	1646	0.00007
Xylella	2370	G	984	66	1050	0.00005
Agrilutibacter	3382696	G	916	34	950	0.00004
Marilutibacter	3382698	G	720	23	743	0.00003
Arenimonas	490567	G	412	11	423	0.00002
Novilysobacter	3382699	G	381	129	510	0.00002
Solilutibacter	3382695	G	334	19	353	0.00002
Pseudoluteimonas	3382694	G	218	6	224	0.00001
Dyella	231454	G	6702	278	6980	0.00031
Luteibacter	242605	G	4268	166	4434	0.00020
Rhodanobacter	75309	G	3573	205	3778	0.00017
Tahibacter	1453544	G	1236	21	1257	0.00006
Frateuria	70411	G	909	105	1014	0.00004
Dokdonella	323413	G	879	24	903	0.00004
Pseudolysobacter	2709666	G	487	4	491	0.00002
Ahniella	2233801	G	411	3	414	0.00002
Aerosticca	2707020	G	256	386	642	0.00003
Metallibacterium	1218803	G	20	0	20	0.00000
Marinicella	863253	G	504	3	507	0.00002
Halomonas	2745	G	19184	2965	22149	0.00098
Vreelandella	3137766	G	4029	2187	6216	0.00027
Cobetia	204286	G	2052	68	2120	0.00009
Salinicola	404432	G	1894	174	2068	0.00009
Kushneria	504090	G	1664	23	1687	0.00007
Zymobacter	33073	G	537	18	555	0.00002
Candidatus Carsonella	114185	G	461	30	491	0.00002
Chromohalobacter	42054	G	974	126	1100	0.00005
Billgrantia	3137761	G	923	414	1337	0.00006
Halotalea	376488	G	436	35	471	0.00002
Pistricoccus	1897649	G	315	5	320	0.00001
Marinomonas	28253	G	7325	522	7847	0.00035
Marinobacterium	48075	G	2563	207	2770	0.00012
Neptuniibacter	459520	G	2443	136	2579	0.00011
Thalassolituus	187492	G	1536	203	1739	0.00008
Neptunomonas	75687	G	1292	43	1335	0.00006
Bacterioplanoides	2066071	G	996	32	1028	0.00005
Amphritea	515417	G	985	45	1030	0.00005
Bermanella	599651	G	882	13	895	0.00004
Venatoribacter	2893036	G	847	144	991	0.00004
Aliamphritea	3018276	G	827	76	903	0.00004
Nitrincola	267849	G	763	112	875	0.00004
Motiliproteus	1775292	G	415	18	433	0.00002
Bacterioplanes	1537406	G	389	19	408	0.00002
Marinospirillum	64968	G	342	18	360	0.00002
Endozoicomonas	305899	G	4820	143	4963	0.00022
Alcanivorax	59753	G	1779	191	1970	0.00009
Alloalcanivorax	3020832	G	1630	242	1872	0.00008
Isoalcanivorax	3020833	G	403	88	491	0.00002
Hahella	158481	G	2022	49	2071	0.00009
Thermohahella	3449104	G	474	70	544	0.00002
Allohahella	1855402	G	316	7	323	0.00001
Gynuella	1445504	G	860	18	878	0.00004
Saccharospirillum	231683	G	615	20	635	0.00003
Salinispirillum	1649491	G	512	14	526	0.00002
Reinekea	230494	G	467	11	478	0.00002
Aliikangiella	1920241	G	663	2	665	0.00003
Pleionea	1502941	G	343	12	355	0.00002
Marinicellulosiphila	3414216	G	591	19	610	0.00003
Pokkaliibacter	2301194	G	556	26	582	0.00003
Spartinivicinus	2768738	G	551	16	567	0.00003
Oleiphilus	141450	G	351	15	366	0.00002
Litorivicinus	418700	G	323	5	328	0.00001
Acinetobacter	469	G	42078	19668	61746	0.00273
Psychrobacter	497	G	7492	630	8122	0.00036
Moraxella	475	G	5627	561	6188	0.00027
Faucicola	1604696	G	1274	133	1407	0.00006
Alkanindiges	222991	G	382	104	486	0.00002
Lwoffella	3444169	G	372	36	408	0.00002
Aquirhabdus	2824158	G	261	5	266	0.00001
Lonepinella	53416	G	7129	144	7273	0.00032
Haemophilus	724	G	5682	1388	7070	0.00031
Actinobacillus	713	G	4525	942	5467	0.00024
Pasteurella	745	G	3498	1033	4531	0.00020
Mannheimia	75984	G	3419	423	3842	0.00017
Aggregatibacter	416916	G	2451	250	2701	0.00012
Gallibacterium	155493	G	2137	799	2936	0.00013
Avibacterium	292486	G	1944	327	2271	0.00010
Rodentibacter	1960084	G	1373	76	1449	0.00006
Glaesserella	2094023	G	1198	430	1628	0.00007
Bibersteinia	476528	G	951	445	1396	0.00006
Basfia	697331	G	675	36	711	0.00003
Mergibacter	2899790	G	665	26	691	0.00003
Histophilus	214906	G	436	153	589	0.00003
Bisgaardia	109471	G	425	19	444	0.00002
Phocoenobacter	146805	G	381	203	584	0.00003
Vespertiliibacter	1520333	G	374	21	395	0.00002
Testudinibacter	1755672	G	374	13	387	0.00002
Frederiksenia	1649317	G	364	69	433	0.00002
Otariodibacter	1249016	G	270	13	283	0.00001
Thioalkalivibrio	106633	G	7751	3685	11436	0.00051
Ectothiorhodospira	1051	G	2444	99	2543	0.00011
Spiribacter	1335745	G	1248	12	1260	0.00006
Acidihalobacter	1765964	G	1239	47	1286	0.00006
Halorhodospira	85108	G	726	4	730	0.00003
Aquisalimonas	406099	G	638	4	642	0.00003
Sediminicurvatus	3383961	G	496	3	499	0.00002
Alkalilimnicola	133193	G	492	22	514	0.00002
Ectothiorhodosinus	233099	G	389	10	399	0.00002
Thiorhodovibrio	61593	G	2780	105	2885	0.00013
Rheinheimera	67575	G	1818	364	2182	0.00010
Thiocapsa	1056	G	1390	72	1462	0.00006
Nitrosococcus	1227	G	1352	14	1366	0.00006
Thiodictyon	53392	G	1061	35	1096	0.00005
Allochromatium	85072	G	701	65	766	0.00003
Thiocystis	13724	G	561	37	598	0.00003
Caldichromatium	2828366	G	496	35	531	0.00002
Marichromatium	85076	G	486	64	550	0.00002
Candidatus Nitrosacidococcus	2796146	G	451	11	462	0.00002
Thermochromatium	85073	G	444	37	481	0.00002
Thioflavicoccus	156885	G	398	16	414	0.00002
Candidatus Nitrosoglobus	1980513	G	311	12	323	0.00001
Magnetovirga	3425870	G	1013	17	1030	0.00005
Candidatus Thiodiazotropha	1913444	G	985	16	1001	0.00004
Sedimenticola	349742	G	775	18	793	0.00004
Thiosocius	2780488	G	764	12	776	0.00003
Thiolapillus	1608298	G	363	2	365	0.00002
Candidatus Endoriftia	393764	G	307	16	323	0.00001
Granulosicoccus	437504	G	726	1	727	0.00003
Sulfuriflexus	1860077	G	394	4	398	0.00002
Halothiobacillus	109262	G	977	35	1012	0.00004
Guyparkeria	2035712	G	944	51	995	0.00004
Wenzhouxiangella	1676142	G	587	7	594	0.00003
Aeromonas	642	G	21655	7524	29179	0.00129
Oceanimonas	129577	G	1887	562	2449	0.00011
Zobellella	347533	G	1761	155	1916	0.00008
Oceanisphaera	225143	G	973	27	1000	0.00004
Pseudaeromonas	1929090	G	844	39	883	0.00004
Tolumonas	43947	G	681	134	815	0.00004
Dongshaea	2802288	G	465	12	477	0.00002
Succinivibrio	83770	G	1901	4	1905	0.00008
Microbulbifer	48073	G	11417	238	11655	0.00052
Teredinibacter	2425	G	2662	50	2712	0.00012
Cellvibrio	10	G	2459	124	2583	0.00011
Simiduia	447467	G	1276	27	1303	0.00006
Gilvimarinus	940550	G	1022	17	1039	0.00005
Agarilytica	2036021	G	701	6	707	0.00003
Marinimicrobium	359337	G	577	73	650	0.00003
Saccharophagus	316625	G	527	17	544	0.00002
Maricurvus	1122283	G	476	6	482	0.00002
Marinagarivorans	1792291	G	453	16	469	0.00002
Agaribacterium	2038244	G	335	5	340	0.00002
Halioglobus	1217416	G	1098	20	1118	0.00005
Congregibacter	393661	G	1087	165	1252	0.00006
Kineobactrum	2678529	G	404	5	409	0.00002
Luminiphilus	1341118	G	308	1	309	0.00001
Aequoribacter	2847769	G	275	38	313	0.00001
Candidatus Paraluminiphilus	3040948	G	163	2	165	0.00001
Spongiibacter	630749	G	813	64	877	0.00004
Zhongshania	1434050	G	295	16	311	0.00001
Oceanicoccus	1084558	G	292	2	294	0.00001
Porticoccus	1123967	G	218	4	222	0.00001
Methylomonas	416	G	8579	148	8727	0.00039
Methylococcus	413	G	3172	220	3392	0.00015
Methylobacter	429	G	2467	136	2603	0.00012
Methylocaldum	73778	G	2057	67	2124	0.00009
Methylotuvimicrobium	2822410	G	1757	56	1813	0.00008
Methylomicrobium	39773	G	1243	60	1303	0.00006
Methylomagnum	1760987	G	824	10	834	0.00004
Methylovulum	762296	G	790	16	806	0.00004
Methylogaea	1295378	G	732	26	758	0.00003
Candidatus Methylocalor	3135206	G	619	3	622	0.00003
Candidatus Methylospira	1808977	G	600	19	619	0.00003
Methylomarinum	1221209	G	423	43	466	0.00002
Methyloprofundus	1565313	G	352	7	359	0.00002
Methylomarinovum	1486720	G	713	2	715	0.00003
Thiomicrorhabdus	2039723	G	3156	54	3210	0.00014
Methylophaga	40222	G	2045	464	2509	0.00011
Thiomicrospira	933	G	1694	205	1899	0.00008
Piscirickettsia	1237	G	820	13	833	0.00004
Hydrogenovibrio	28884	G	736	148	884	0.00004
Thiosulfativibrio	2781120	G	536	9	545	0.00002
Cycloclasticus	34067	G	396	36	432	0.00002
Thiosulfatimonas	2781121	G	319	11	330	0.00001
Francisella	262	G	6346	164	6510	0.00029
Allofrancisella	1869285	G	655	11	666	0.00003
Thiothrix	1030	G	3520	31	3551	0.00016
Beggiatoa	1021	G	921	2	923	0.00004
Cysteiniphilum	2056696	G	474	11	485	0.00002
Legionella	445	G	13944	332	14276	0.00063
Fluoribacter	461	G	1278	6	1284	0.00006
Rickettsiella	59195	G	1954	13	1967	0.00009
Aquicella	254245	G	1038	1142	2180	0.00010
Coxiella	776	G	812	57	869	0.00004
Candidiatus Paracoxiella	3405119	G	494	5	499	0.00002
Candidatus Pseudothioglobus	2841677	G	1147	21	1168	0.00005
Candidatus Thioglobus	655184	G	759	22	781	0.00003
Candidatus Vesicomyidisocius	2732587	G	421	3	424	0.00002
Candidatus Thiodubiliella	2738885	G	383	10	393	0.00002
Candidatus Ruthturnera	1541743	G	365	6	371	0.00002
Celerinatantimonas	412033	G	1678	30	1708	0.00008
Candidatus Vondammii	2686004	G	613	594	1207	0.00005
Candidatus Palibaumannia	198346	G	380	5	385	0.00002
Candidatus Reidiella	2738850	G	278	0	278	0.00001
Candidatus Steffania	1076625	G	257	1	258	0.00001
Candidatus Nardonella	204619	G	141	20	161	0.00001
Candidatus Azoamicus	2817383	G	66	1	67	0.00000
Candidatus Competibacter	221279	G	11	0	11	0.00000
Gilliamella	1193503	G	4106	832	4938	0.00022
Orbus	743714	G	1382	41	1423	0.00006
Utexia	3373510	G	520	30	550	0.00002
Zophobihabitans	2894762	G	440	16	456	0.00002
Frischella	1335631	G	266	57	323	0.00001
Hydrocarboniphaga	243627	G	1236	34	1270	0.00006
Solimonas	413435	G	693	14	707	0.00003
Nevskia	64001	G	552	21	573	0.00003
Sinimarinibacterium	1861863	G	471	158	629	0.00003
Flagellatimonas	2893022	G	329	12	341	0.00002
Algiphilus	1266053	G	657	91	748	0.00003
Cardiobacterium	2717	G	1518	88	1606	0.00007
Suttonella	13275	G	338	3	341	0.00002
Dichelobacter	869	G	229	92	321	0.00001
Ignatzschineria	112008	G	695	18	713	0.00003
Wohlfahrtiimonas	582472	G	372	94	466	0.00002
Acidiferrobacter	986106	G	971	2	973	0.00004
Sulfurifustis	1692042	G	572	3	575	0.00003
Sulfuricaulis	1744881	G	517	3	520	0.00002
Kangiella	261963	G	1391	47	1438	0.00006
Thiohalobacter	1273155	G	1024	10	1034	0.00005
Candidatus Spongiihabitans	3033996	G	796	773	1569	0.00007
Candidatus Rariloculus ( ex Nguyen 2022)	2978114	G	661	0	661	0.00003
Salinisphaera	180541	G	604	6	610	0.00003
Immundisolibacter	1934947	G	593	83	676	0.00003
Steroidobacter	469322	G	415	80	495	0.00002
Candidatus Portiera	235572	G	401	15	416	0.00002
Sulfurivermis	2034504	G	365	192	557	0.00002
Woeseia	1738655	G	233	0	233	0.00001
Candidatus Comchoanobacter	2975286	G	40	0	40	0.00000
Burkholderia	32008	G	30466	127981	158447	0.00701
Paraburkholderia	1822464	G	24240	1469	25709	0.00114
Cupriavidus	106589	G	20342	7580	27922	0.00123
Polynucleobacter	44013	G	11595	109	11704	0.00052
Ralstonia	48736	G	7180	1434	8614	0.00038
Caballeronia	1827195	G	6062	606	6668	0.00029
Pandoraea	93217	G	5486	864	6350	0.00028
Trinickia	2571160	G	1202	50	1252	0.00006
Mycetohabitans	2571159	G	960	24	984	0.00004
Robbsia	2038280	G	897	28	925	0.00004
Mycoavidus	1810868	G	889	16	905	0.00004
Limnobacter	131079	G	809	25	834	0.00004
Pararobbsia	2718863	G	513	15	528	0.00002
Candidatus Vallotiella	2018044	G	477	27	504	0.00002
Ephemeroptericola	2680021	G	452	21	473	0.00002
Imbroritus	3422601	G	376	89	465	0.00002
Lautropia	47670	G	272	21	293	0.00001
Variovorax	34072	G	19653	4861	24514	0.00108
Comamonas	283	G	9957	4026	13983	0.00062
Acidovorax	12916	G	9059	3757	12816	0.00057
Hydrogenophaga	47420	G	6504	2060	8564	0.00038
Rhodoferax	28065	G	6457	828	7285	0.00032
Delftia	80865	G	3041	3484	6525	0.00029
Polaromonas	52972	G	2994	121	3115	0.00014
Diaphorobacter	238749	G	2619	3627	6246	0.00028
Ottowia	219181	G	2574	538	3112	0.00014
Limnohabitans	665874	G	1896	85	1981	0.00009
Ramlibacter	174951	G	1887	144	2031	0.00009
Paracidovorax	3051137	G	1713	589	2302	0.00010
Alicycliphilus	201096	G	1434	2021	3455	0.00015
Melaminivora	1649468	G	907	528	1435	0.00006
Serpentinimonas	2490452	G	687	82	769	0.00003
Vandammella	2919468	G	582	18	600	0.00003
Verminephrobacter	364316	G	518	17	535	0.00002
Simplicispira	352450	G	477	216	693	0.00003
Candidatus Symbiobacter	1436289	G	408	3	411	0.00002
Brachymonas	28219	G	374	75	449	0.00002
Hylemonella	232523	G	316	15	331	0.00001
Pulveribacter	2678886	G	300	51	351	0.00002
Curvibacter	281915	G	299	68	367	0.00002
Paenacidovorax	3051138	G	292	52	344	0.00002
Massilia	149698	G	12880	1618	14498	0.00064
Pseudoduganella	1522432	G	6932	898	7830	0.00035
Duganella	75654	G	2207	226	2433	0.00011
Telluria	34069	G	993	323	1316	0.00006
Rugamonas	212744	G	658	126	784	0.00003
Oxalobacter	846	G	12917	2019	14936	0.00066
Herbaspirillum	963	G	5985	505	6490	0.00029
Janthinobacterium	29580	G	5939	648	6587	0.00029
Undibacterium	401469	G	3519	177	3696	0.00016
Collimonas	202907	G	2342	96	2438	0.00011
Noviherbaspirillum	1344552	G	908	56	964	0.00004
Glaciimonas	1229970	G	427	19	446	0.00002
Herminiimonas	303379	G	390	14	404	0.00002
Actimicrobium	1051898	G	343	30	373	0.00002
Candidatus Zinderia	884214	G	96	10	106	0.00000
Achromobacter	222	G	13719	4834	18553	0.00082
Bordetella	517	G	8224	3544	11768	0.00052
Alcaligenes	507	G	4096	1043	5139	0.00023
Pigmentiphaga	152267	G	2268	392	2660	0.00012
Castellaniella	359336	G	1570	474	2044	0.00009
Advenella	290425	G	1342	173	1515	0.00007
Orrella	1921582	G	1195	203	1398	0.00006
Oligella	90243	G	976	144	1120	0.00005
Neopusillimonas	2987605	G	879	323	1202	0.00005
Taylorella	29574	G	676	18	694	0.00003
Pollutimonas	2987599	G	603	150	753	0.00003
Paralcaligenes	1148163	G	534	12	546	0.00002
Pusillimonas	305976	G	510	99	609	0.00003
Kerstersia	257820	G	435	72	507	0.00002
Parapusillimonas	1403714	G	402	456	858	0.00004
Paenalcaligenes	1100891	G	391	185	576	0.00003
Pelistega	106146	G	377	23	400	0.00002
Ampullimonas	1920247	G	364	86	450	0.00002
Basilea	1472344	G	147	6	153	0.00001
Roseateles	93681	G	8102	540	8642	0.00038
Piscinibacter	1114981	G	2703	275	2978	0.00013
Rubrivivax	28067	G	1763	167	1930	0.00009
Methylibium	316612	G	1687	225	1912	0.00008
Sphaerotilus	34102	G	1672	543	2215	0.00010
Caldimonas	196013	G	1584	466	2050	0.00009
Aquincola	391952	G	865	275	1140	0.00005
Ideonella	36862	G	595	390	985	0.00004
Leptothrix	88	G	454	44	498	0.00002
Inhella	644355	G	277	18	295	0.00001
Azohydromonas	312063	G	15	0	15	0.00000
Thiomonas	32012	G	1500	44	1544	0.00007
Aquabacterium	92793	G	1330	122	1452	0.00006
Tepidimonas	114248	G	1310	2009	3319	0.00015
Xylophilus	54066	G	1083	119	1202	0.00005
Eleftheria	1597779	G	876	66	942	0.00004
Rhizobacter	212743	G	589	44	633	0.00003
Piscinibacterium	2066914	G	313	6	319	0.00001
Candidatus Ichthyocystis	2929841	G	231	1	232	0.00001
Sutterella	40544	G	1421	42	1463	0.00006
Duodenibacillus	1980697	G	531	12	543	0.00002
Turicimonas	1918598	G	436	9	445	0.00002
Neisseria	482	G	14955	2224	17179	0.00076
Kingella	32257	G	1865	307	2172	0.00010
Snodgrassella	1193515	G	1864	136	2000	0.00009
Vitreoscilla	59	G	1263	138	1401	0.00006
Conchiformibius	334107	G	865	50	915	0.00004
Uruburuella	299568	G	811	75	886	0.00004
Eikenella	538	G	787	140	927	0.00004
Wielerella	2944815	G	752	64	816	0.00004
Simonsiella	71	G	564	76	640	0.00003
Aquella	2593687	G	552	10	562	0.00002
Alysiella	194195	G	464	45	509	0.00002
Paralysiella	2898489	G	424	30	454	0.00002
Crenobacter	1654931	G	335	36	371	0.00002
Bergeriella	334108	G	264	45	309	0.00001
Morococcus	212742	G	41	262	303	0.00001
Chromobacterium	535	G	6896	485	7381	0.00033
Paludibacterium	400060	G	1952	108	2060	0.00009
Aquitalea	407217	G	1668	131	1799	0.00008
Vogesella	57739	G	834	59	893	0.00004
Pseudogulbenkiania	568394	G	372	41	413	0.00002
Chitinibacter	230666	G	1766	372	2138	0.00009
Jeongeupia	885864	G	1575	115	1690	0.00007
Chitinimonas	240411	G	1274	74	1348	0.00006
Deefgea	400947	G	1158	125	1283	0.00006
Chitiniphilus	585890	G	954	194	1148	0.00005
Iodobacter	32014	G	942	198	1140	0.00005
Silvimonas	300264	G	603	16	619	0.00003
Chitinolyticbacter	1055692	G	348	29	377	0.00002
Microvirgula	57479	G	517	25	542	0.00002
Laribacter	168470	G	506	445	951	0.00004
Aquaspirillum	187	G	477	23	500	0.00002
Candidatus Methylopumilus	1679002	G	1949	89	2038	0.00009
Methylophilus	16	G	1426	37	1463	0.00006
Methylotenera	359407	G	607	31	638	0.00003
Methylovorus	81682	G	534	19	553	0.00002
Methylobacillus	404	G	413	124	537	0.00002
Methyloradius	2872156	G	349	15	364	0.00002
Nitrosomonas	914	G	3644	914	4558	0.00020
Nitrosospira	35798	G	1531	15	1546	0.00007
Ferrigenium	2249462	G	798	38	836	0.00004
Sideroxydans	314343	G	768	31	799	0.00004
Candidatus Nitrotoga	453161	G	717	26	743	0.00003
Ferriphaselus	1443590	G	536	29	565	0.00002
Gallionella	96	G	429	20	449	0.00002
Sideroxyarcus	2943286	G	386	30	416	0.00002
Sulfuricystis	3050898	G	798	282	1080	0.00005
Denitratisoma	311181	G	763	326	1089	0.00005
Methyloversatilis	378210	G	734	32	766	0.00003
Sulfuritalea	1054211	G	501	23	524	0.00002
Sterolibacterium	157591	G	440	144	584	0.00003
Rugosibacter	1914449	G	399	54	453	0.00002
Sulfuriferula	1778653	G	1632	150	1782	0.00008
Sulfurimicrobium	2772198	G	513	16	529	0.00002
Sulfuricella	935200	G	434	14	448	0.00002
Thiobacillus	919	G	1062	132	1194	0.00005
Sulfuritortus	1938335	G	386	185	571	0.00003
Usitatibacter	2803845	G	1241	17	1258	0.00006
Thauera	33057	G	3514	2032	5546	0.00025
Azoarcus	12960	G	2809	509	3318	0.00015
Nitrogeniibacter	2891294	G	1270	44	1314	0.00006
Parazoarcus	2891322	G	644	237	881	0.00004
Pseudazoarcus	2891323	G	487	88	575	0.00003
Pseudothauera	2891324	G	326	88	414	0.00002
Denitromonas	139331	G	12	0	12	0.00000
Dechloromonas	73029	G	2456	749	3205	0.00014
Ferribacterium	88875	G	978	58	1036	0.00005
Azonexus	146936	G	913	551	1464	0.00006
Quatrionicoccus	138117	G	490	53	543	0.00002
Azospira	146937	G	1931	567	2498	0.00011
Aromatoleum	551759	G	1622	210	1832	0.00008
Niveibacterium	1769726	G	1414	77	1491	0.00007
Oryzomicrobium	1911577	G	461	33	494	0.00002
Fluviibacter	2808942	G	170	39	209	0.00001
Candidatus Kinetoplastidibacterium	33055	G	1122	81	1203	0.00005
Candidatus Accumulibacter	327159	G	593	105	698	0.00003
Candidatus Profftella	1381133	G	527	92	619	0.00003
Casimicrobium	2706000	G	427	229	656	0.00003
Chitinivorax	1433992	G	426	90	516	0.00002
Candidatus Nasuia	1301080	G	123	5	128	0.00001
Ferrovum	416212	G	417	7	424	0.00002
Acidithiobacillus	119977	G	4665	93	4758	0.00021
Thermithiobacillus	119979	G	437	174	611	0.00003
Mariprofundus	377315	G	939	4	943	0.00004
Magnetococcus	162171	G	641	1	642	0.00003
Hydrogenophilus	70774	G	495	39	534	0.00002
Desulfovibrio	872	G	114091	15361	129452	0.00573
Pseudodesulfovibrio	2035811	G	20666	3667	24333	0.00108
Nitratidesulfovibrio	2802295	G	18923	6506	25429	0.00112
Bilophila	35832	G	16781	209	16990	0.00075
Mailhella	1981028	G	12123	4399	16522	0.00073
Maridesulfovibrio	2794998	G	10950	431	11381	0.00050
Solidesulfovibrio	2910984	G	8319	541	8860	0.00039
Desulfolutivibrio	2773294	G	4214	140	4354	0.00019
Oleidesulfovibrio	2909705	G	3003	5376	8379	0.00037
Oceanidesulfovibrio	2905722	G	2380	15	2395	0.00011
Megalodesulfovibrio	2910978	G	2375	14	2389	0.00011
Salidesulfovibrio	2950010	G	2188	130	2318	0.00010
Desulfocurvibacter	2582840	G	1960	32	1992	0.00009
Taurinivorans	3126915	G	1844	65	1909	0.00008
Desulfobaculum	1433996	G	1224	42	1266	0.00006
Halodesulfovibrio	1912771	G	966	46	1012	0.00004
Lawsonia	41707	G	906	67	973	0.00004
Desulfomicrobium	898	G	5033	295	5328	0.00024
Thermodesulfomicrobium	2905949	G	1260	37	1297	0.00006
Desulfohalobium	45662	G	972	14	986	0.00004
Geobacter	28231	G	7034	410	7444	0.00033
Geomonas	2651583	G	3828	336	4164	0.00018
Trichlorobacter	115782	G	2696	497	3193	0.00014
Geotalea	2910589	G	2624	359	2983	0.00013
Citrifermentans	2883512	G	1654	221	1875	0.00008
Desulfuromonas	890	G	4794	135	4929	0.00022
Pelobacter	18	G	744	966	1710	0.00008
Syntrophotalea	2812025	G	2788	90	2878	0.00013
Geoalkalibacter	392332	G	2128	495	2623	0.00012
Desulfosarcina	2299	G	6304	260	6564	0.00029
Desulfoluna	497721	G	6053	86	6139	0.00027
Desulfobacter	2289	G	3087	85	3172	0.00014
Desulfobacula	28222	G	1097	26	1123	0.00005
Desulforapulum	2904687	G	712	46	758	0.00003
Desulfonema	45654	G	3012	20	3032	0.00013
Desulfococcus	896	G	1063	141	1204	0.00005
Desulfatibacillum	218207	G	1435	12	1447	0.00006
Desulfosudis	2904716	G	963	22	985	0.00004
Desulfobulbus	893	G	2913	457	3370	0.00015
Candidatus Electrothrix	1859128	G	926	24	950	0.00004
Desulfolithobacter	3003266	G	842	24	866	0.00004
Desulfurivibrio	427922	G	816	9	825	0.00004
Desulfomarina	2894767	G	496	15	511	0.00002
Desulfosediminicola	2886823	G	1812	57	1869	0.00008
Desulfofustis	51194	G	1076	13	1089	0.00005
Desulfopila	429014	G	830	13	843	0.00004
Desulfocapsa	53318	G	585	10	595	0.00003
Desulfotalea	109168	G	534	23	557	0.00002
Thermodesulfobacterium	1740	G	1053	51	1104	0.00005
Thermosulfurimonas	1522431	G	419	3	422	0.00002
Thermosulfuriphilus	2033601	G	363	0	363	0.00002
Caldimicrobium	444090	G	355	1	356	0.00002
Thermodesulfatator	241192	G	286	3	289	0.00001
Desulfarculus	453229	G	1142	375	1517	0.00007
Desulfoferula	3093638	G	1083	18	1101	0.00005
Syntrophobacter	29526	G	1056	227	1283	0.00006
Desulfoglaeba	361106	G	882	4	886	0.00004
Syntrophus	43773	G	1589	34	1623	0.00007
Candidatus Desulfofervidus	1902583	G	578	2	580	0.00003
Desulfobacca	60892	G	495	1	496	0.00002
Desulfomonile	2357	G	468	0	468	0.00002
Akkermansia	239934	G	109450	6661	116111	0.00514
Luteolibacter	518753	G	9903	455	10358	0.00046
Verrucomicrobium	2735	G	2534	125	2659	0.00012
Oceaniferula	2886881	G	1566	54	1620	0.00007
Haloferula	574899	G	1475	112	1587	0.00007
Roseimicrobium	1348508	G	1261	6	1267	0.00006
Roseibacillus	518755	G	1232	90	1322	0.00006
Sulfuriroseicoccus	2911469	G	1198	141	1339	0.00006
Fontisphaera	3050007	G	1217	0	1217	0.00005
Opitutus	178440	G	2608	141	2749	0.00012
Nibricoccus	2576890	G	1656	102	1758	0.00008
Ereboglobus	2028344	G	1518	105	1623	0.00007
Termitidicoccus	3126963	G	1434	66	1500	0.00007
Actomonas	3138693	G	1142	29	1171	0.00005
Oleiharenicola	2100741	G	1102	168	1270	0.00006
Lacunisphaera	1961799	G	907	73	980	0.00004
Horticoccus	2986286	G	727	49	776	0.00003
Synoicihabitans	2892920	G	684	22	706	0.00003
Congregicoccus	3458163	G	929	21	950	0.00004
Coraliomargarita	442430	G	1481	0	1481	0.00007
Ruficoccus	2175957	G	625	29	654	0.00003
Rubellicoccus	3138622	G	482	8	490	0.00002
Candidatus Pelagisphaera	3049269	G	485	6	491	0.00002
Methylacidiphilum (ex Ratnadevi et al. 2023)	511745	G	1220	31	1251	0.00006
Methylacidimicrobium	1541670	G	495	42	537	0.00002
Candidatus Xiphinematobacter	134550	G	380	9	389	0.00002
Singulisphaera	466152	G	12181	1151	13332	0.00059
Tundrisphaera	2029859	G	6768	579	7347	0.00032
Aquisphaera	1511635	G	5226	430	5656	0.00025
Paludisphaera	1763521	G	5098	646	5744	0.00025
Tautonia	2680020	G	3947	46	3993	0.00018
Isosphaera	127	G	1038	46	1084	0.00005
Stieleria	2795973	G	4523	271	4794	0.00021
Anatilimnocola	2807414	G	2617	114	2731	0.00012
Bremerella	2714594	G	1821	23	1844	0.00008
Rosistilla	2795779	G	1796	64	1860	0.00008
Lignipirellula	2795775	G	1487	170	1657	0.00007
Roseimaritima	1579506	G	1268	30	1298	0.00006
Rhodopirellula	265488	G	799	54	853	0.00004
Novipirellula	2795426	G	694	20	714	0.00003
Blastopirellula	265487	G	682	3	685	0.00003
Aureliella	2795605	G	663	29	692	0.00003
Mariniblastus	2005380	G	585	1	586	0.00003
Rubripirellula	1579505	G	500	74	574	0.00003
Roseiconus	2814446	G	471	1240	1711	0.00008
Pirellula	123	G	381	2	383	0.00002
Lacipirellula	2691417	G	3074	164	3238	0.00014
Aeoliella	2795781	G	1842	147	1989	0.00009
Pirellulimonas	2795783	G	1373	56	1429	0.00006
Botrimarina	2795782	G	1149	101	1250	0.00006
Bythopirellula	1400386	G	634	19	653	0.00003
Adhaeretor	2862451	G	581	61	642	0.00003
Thermogutta	1676125	G	494	12	506	0.00002
Gimesia	1649453	G	6645	230	6875	0.00030
Planctomyces	118	G	4532	387	4919	0.00022
Planctomicrobium	1779141	G	2503	72	2575	0.00011
Planctellipticum	3132181	G	1616	57	1673	0.00007
Symmachiella	2795780	G	1506	50	1556	0.00007
Maioricimonas	2795777	G	1275	115	1390	0.00006
Caulifigura	2795778	G	1172	8	1180	0.00005
Crateriforma	2714592	G	1099	2143	3242	0.00014
Planctopirus	1649480	G	933	23	956	0.00004
Alienimonas	2714737	G	908	37	945	0.00004
Schlesneria	656899	G	862	11	873	0.00004
Rubinisphaera	1649490	G	717	182	899	0.00004
Stratiformator	3076095	G	697	37	734	0.00003
Fuerstiella	1936111	G	652	2	654	0.00003
Calycomorphotria	2795776	G	587	24	611	0.00003
Polystyrenella	2795774	G	454	24	478	0.00002
Thalassoglobus	2795865	G	360	9	369	0.00002
Gemmata	113	G	7821	602	8423	0.00037
Urbifossiella	2807415	G	5385	140	5525	0.00024
Frigoriglobus	2774146	G	4942	604	5546	0.00025
Limnoglobus	2731450	G	3723	237	3960	0.00018
Telmatocola	1382832	G	1279	16	1295	0.00006
Tuwongella	2051044	G	1134	47	1181	0.00005
Engelhardtia	3405233	G	860	66	926	0.00004
Saltatorellus	3405235	G	693	130	823	0.00004
Rohdeia	3405237	G	613	4	617	0.00003
Kolteria	3405236	G	1050	0	1050	0.00005
Sedimentisphaera	2483368	G	1195	576	1771	0.00008
Limihaloglobus	2690160	G	745	0	745	0.00003
Anaerohalosphaera	2690159	G	868	0	868	0.00004
Humisphaera	2807511	G	1240	1	1241	0.00005
Fontivita	2989683	G	1023	0	1023	0.00005
Poriferisphaera	2803301	G	823	0	823	0.00004
Mucisphaera	2913022	G	679	32	711	0.00003
Phycisphaera	666508	G	620	29	649	0.00003
Candidatus Uabimicrobium	2897349	G	2004	0	2004	0.00009
Candidatus Kuenenia	380738	G	1257	0	1257	0.00006
Candidatus Protochlamydia	282132	G	822	28	850	0.00004
Parachlamydia	83551	G	379	19	398	0.00002
Neochlamydia	112987	G	347	4	351	0.00002
Candidatus Rhabdochlamydia	292833	G	575	187	762	0.00003
Waddlia	71666	G	507	12	519	0.00002
Simkania	34093	G	313	3	316	0.00001
Candidatus Neptunichlamydia	1891669	G	111	1	112	0.00000
Chlamydia	810	G	2535	175	2710	0.00012
Chlamydiifrater	2822114	G	146	1	147	0.00001
Tichowtungia	2907187	G	1141	0	1141	0.00005
Kiritimatiella	1921784	G	820	861	1681	0.00007
Lentisphaera	256846	G	592	0	592	0.00003
Candidatus Velamenicoccus	2789201	G	573	0	573	0.00003
Aliarcobacter	2321111	G	13148	2392	15540	0.00069
Arcobacter	28196	G	10003	1109	11112	0.00049
Malaciobacter	2321114	G	4341	259	4600	0.00020
Halarcobacter	2321115	G	3842	133	3975	0.00018
Poseidonibacter	2321187	G	854	789	1643	0.00007
Candidatus Marinarcus	2321204	G	647	38	685	0.00003
Campylobacter	194	G	29543	3207	32750	0.00145
Sulfurimonas	202746	G	7909	1437	9346	0.00041
Sulfuricurvum	286130	G	831	21	852	0.00004
Hydrocurvibacter	3451669	G	811	29	840	0.00004
Thiomicrolovo	3451667	G	679	579	1258	0.00006
Sulfonitrofixus	3451668	G	335	6	341	0.00002
Helicobacter	209	G	10978	657	11635	0.00051
Wolinella	843	G	411	8	419	0.00002
Sulfurospirillum	57665	G	4158	64	4222	0.00019
Sulfurovum	265570	G	2067	103	2170	0.00010
Nitratifractor	269260	G	313	24	337	0.00001
Hydrogenimonas	223785	G	1156	76	1232	0.00005
Nitrosophilus	2795692	G	1182	152	1334	0.00006
Nitratiruptor	269258	G	1072	53	1125	0.00005
Caminibacter	191301	G	898	61	959	0.00004
Nautilia	191291	G	775	11	786	0.00003
Hippea	84404	G	452	22	474	0.00002
Treponema	157	G	30750	1115	31865	0.00141
Brucepastera	2967962	G	1701	13	1714	0.00008
Borrelia	138	G	3735	73	3808	0.00017
Borreliella	64895	G	3661	272	3933	0.00017
Marispirochaeta	1911565	G	1466	5	1471	0.00007
Sediminispirochaeta	1911556	G	1141	21	1162	0.00005
Oceanispirochaeta	2035349	G	853	4	857	0.00004
Candidatus Haliotispira	3115661	G	803	0	803	0.00004
Salinispira	1616789	G	733	1	734	0.00003
Thiospirochaeta	2792240	G	726	5	731	0.00003
Entomospira	2834378	G	586	0	586	0.00003
Spirochaeta	146	G	510	0	510	0.00002
Breznakiella	2845254	G	1857	44	1901	0.00008
Leadbettera	2951107	G	1344	20	1364	0.00006
Gracilinema	2951106	G	794	30	824	0.00004
Sphaerochaeta	399320	G	3008	73	3081	0.00014
Parasphaerochaeta	3062336	G	640	4	644	0.00003
Leptospira	171	G	9680	615	10295	0.00046
Turneriella	338321	G	445	0	445	0.00002
Brachyspira	29521	G	6806	83	6889	0.00030
Winmispira	3457169	G	675	1	676	0.00003
Thermospira	3024226	G	227	0	227	0.00001
Myxococcus	32	G	5377	898	6275	0.00028
Corallococcus	83461	G	4469	872	5341	0.00024
Pseudomyxococcus	3434272	G	1099	343	1442	0.00006
Pyxidicoccus	224458	G	968	102	1070	0.00005
Archangium	47	G	6235	780	7015	0.00031
Cystobacter	42	G	1619	471	2090	0.00009
Melittangium	44	G	1465	293	1758	0.00008
Stigmatella	40	G	907	193	1100	0.00005
Anaeromyxobacter	161492	G	4888	228	5116	0.00023
Vulgatibacter	1524214	G	604	26	630	0.00003
Pendulispora	3375062	G	3222	45	3267	0.00014
Sorangium	39643	G	23120	1247	24367	0.00108
Polyangium	55	G	1685	101	1786	0.00008
Chondromyces	50	G	1111	19	1130	0.00005
Pajaroellobacter	1882917	G	182	4	186	0.00001
Sandaracinus	1055688	G	1974	51	2025	0.00009
Labilithrix	1524217	G	1063	15	1078	0.00005
Nannocystis	53	G	2566	35	2601	0.00012
Haliangium	162027	G	1459	36	1495	0.00007
Tunturiibacter	3154218	G	5566	266	5832	0.00026
Terriglobus	392733	G	3224	115	3339	0.00015
Granulicella	940557	G	2612	93	2705	0.00012
Edaphobacter	388463	G	2387	98	2485	0.00011
Chloracidobacterium	458032	G	1680	3	1683	0.00007
Telmatobacter	1078829	G	1518	38	1556	0.00007
Alloacidobacterium	2951993	G	1047	31	1078	0.00005
Acidisarcina	2608728	G	838	77	915	0.00004
Occallatibacter	1742983	G	788	16	804	0.00004
Silvibacterium	1775468	G	761	44	805	0.00004
Acidobacterium	33973	G	668	52	720	0.00003
Candidatus Korobacter	658061	G	1030	12	1042	0.00005
Paludibaculum	1649475	G	2165	0	2165	0.00010
Geothrix	44675	G	4336	376	4712	0.00021
Mesoterricola	3074468	G	1838	336	2174	0.00010
Sulfidibacter	2915177	G	1080	15	1095	0.00005
Thermotomaculum	1172428	G	434	2	436	0.00002
Luteitalea	2004797	G	2240	82	2322	0.00010
Bdellovibrio	958	G	7621	48	7669	0.00034
Micavibrio	213485	G	1004	5	1009	0.00004
Pseudobdellovibrio	2862745	G	690	3	693	0.00003
Pigmentibacter	2838409	G	845	136	981	0.00004
Fluviispira	2698753	G	597	14	611	0.00003
Silvanigrella	2024975	G	478	88	566	0.00003
Spirobacillus	495819	G	799	10	809	0.00004
Bacteriovorax	146784	G	745	42	787	0.00003
Peredibacter	263370	G	514	0	514	0.00002
Halobacteriovorax	1652133	G	878	2	880	0.00004
Mucispirillum	248038	G	2677	73	2750	0.00012
Geovibrio	46200	G	972	15	987	0.00004
Denitrovibrio	117999	G	922	14	936	0.00004
Deferribacter	53572	G	1481	26	1507	0.00007
Flexistipes	2351	G	944	14	958	0.00004
Calditerrivibrio	545865	G	655	6	661	0.00003
Nitrospira	1234	G	3294	5	3299	0.00015
Leptospirillum	179	G	894	1	895	0.00004
Candidatus Magnetomonas	3459270	G	606	1	607	0.00003
Thermodesulfovibrio	28261	G	1833	2	1835	0.00008
Dissulfurispira	2811506	G	544	2	546	0.00002
Thermocrinis	75905	G	645	2	647	0.00003
Hydrogenobacter	939	G	365	3	368	0.00002
Hydrogenobaculum	168657	G	363	0	363	0.00002
Pampinifervens	3453421	G	281	0	281	0.00001
Aquifex	2713	G	216	0	216	0.00001
Sulfurihydrogenibium	212790	G	1089	40	1129	0.00005
Persephonella	182899	G	315	0	315	0.00001
Desulfurobacterium	64159	G	522	1	523	0.00002
Thermovibrio	171868	G	361	5	366	0.00002
Elusimicrobium	423604	G	1523	7	1530	0.00007
Parelusimicrobium	3416099	G	349	2	351	0.00002
Endomicrobium	1408194	G	754	19	773	0.00003
Candidatus Endomicrobiellum	3238959	G	636	0	636	0.00003
Atribacter	2847777	G	780	3	783	0.00003
Candidatus Caldatribacterium	1454725	G	523	0	523	0.00002
Atrimonas	3149264	G	245	169	414	0.00002
Thermatribacter	3240450	G	95	63	158	0.00001
Caldithrix	187144	G	1341	1	1342	0.00006
Desulfurispirillum	393029	G	1007	313	1320	0.00006
Sphaerobacter	2056	G	789	0	789	0.00003
Thermomicrobium	499	G	201	0	201	0.00001
Dictyoglomus	13	G	795	0	795	0.00004
Thermodesulfobium	227388	G	720	1	721	0.00003
Nitrospina	35800	G	717	2	719	0.00003
Thermosulfidibacter	412592	G	363	2	365	0.00002
Caldisericum	693074	G	265	0	265	0.00001
Coprothermobacter	68335	G	111	14	125	0.00001
Blautia	572511	G	216661	109697	326358	0.01443
Lacrimispora	2719231	G	190574	5200	195774	0.00866
Anaerocolumna	1843210	G	167548	798	168346	0.00745
Roseburia	841	G	117437	44906	162343	0.00718
Enterocloster	2719313	G	99761	25914	125675	0.00556
Mediterraneibacter	2316020	G	89790	73331	163121	0.00721
Kineothrix	2163168	G	89523	1338	90861	0.00402
Hungatella	1649459	G	86219	20273	106492	0.00471
Lachnoclostridium	1506553	G	82113	20005	102118	0.00452
Anaerostipes	207244	G	48030	10524	58554	0.00259
Eisenbergiella	1432051	G	43643	12531	56174	0.00248
Dorea	189330	G	38906	27457	66363	0.00294
Sellimonas	1769710	G	36863	16215	53078	0.00235
Butyrivibrio	830	G	30000	1029	31029	0.00137
Otoolea	2941495	G	29132	6467	35599	0.00157
Anaeromicropila	3024823	G	28472	303	28775	0.00127
Coprococcus	33042	G	27814	19310	47124	0.00208
Novisyntrophococcus	2888809	G	27512	2163	29675	0.00131
Anaerobutyricum	2569097	G	22055	9085	31140	0.00138
Simiaoa	2944193	G	21770	12760	34530	0.00153
Agathobacter	1766253	G	17584	25116	42700	0.00189
Marvinbryantia	248744	G	17292	2907	20199	0.00089
Claveliimonas	3076670	G	16542	6303	22845	0.00101
Faecalimonas	2005355	G	14731	12905	27636	0.00122
Qiania	2944195	G	14119	2927	17046	0.00075
Herbinix	1663717	G	12535	4509	17044	0.00075
Wansuia	2944198	G	12340	1966	14306	0.00063
Lachnoanaerobaculum	1164882	G	11858	1634	13492	0.00060
Hominifimenecus	3073585	G	9628	27	9655	0.00043
Chakrabartyella	3088373	G	9499	428	9927	0.00044
Lachnospira	28050	G	9289	1251	10540	0.00047
Eshraghiella	3342669	G	8824	3263	12087	0.00053
Anaeropeptidivorans	2997360	G	8430	90	8520	0.00038
Chordicoccus	3031933	G	5683	746	6429	0.00028
Pseudobutyrivibrio	46205	G	5631	155	5786	0.00026
Tyzzerella	1506577	G	4723	249	4972	0.00022
Stomatobaculum	1213720	G	3895	63	3958	0.00018
Wujia	2944152	G	3634	2121	5755	0.00025
Candidatus Epulonipiscium	2383	G	3075	72	3147	0.00014
Sporofaciens	2811390	G	545	0	545	0.00002
Anaerotignum	2039240	G	20170	6417	26587	0.00118
Vallitalea	1348611	G	10997	102	11099	0.00049
Petrocella	2603323	G	4309	323	4632	0.00020
Cellulosilyticum	698776	G	9161	217	9378	0.00041
Defluviitalea	1185408	G	6076	1808	7884	0.00035
Flavonifractor	946234	G	145819	28063	173882	0.00769
Faecalibacterium	216851	G	80086	21945	102031	0.00451
Ruminococcus	1263	G	78241	10704	88945	0.00393
Pseudoflavonifractor	1017280	G	66794	16726	83520	0.00369
Caproicibacterium	2834348	G	46587	11505	58092	0.00257
Anaerotruncus	244127	G	44463	21332	65795	0.00291
Lawsonibacter	2172004	G	35613	6580	42193	0.00187
Vescimonas	2892396	G	33990	24656	58646	0.00259
Oscillibacter	459786	G	31195	37083	68278	0.00302
Paludihabitans	2038676	G	28702	192	28894	0.00128
Ruthenibacterium	1905344	G	22410	4006	26416	0.00117
Subdoligranulum	292632	G	17874	5120	22994	0.00102
Pusillibacter	2892397	G	16187	6400	22587	0.00100
Owariibacterium	3393728	G	15851	10503	26354	0.00117
Ethanoligenens	253238	G	14623	3448	18071	0.00080
Bengtsoniella	3389389	G	14176	185	14361	0.00064
Ruminiclostridium	1508657	G	12350	1878	14228	0.00063
Solibaculum	2842531	G	11553	6690	18243	0.00081
Acetivibrio	35829	G	10404	3568	13972	0.00062
Thermocaproicibacter	3048127	G	7663	843	8506	0.00038
Petroclostridium	2304687	G	5540	116	5656	0.00025
Amygdalobacter	3079925	G	3128	963	4091	0.00018
Thermoclostridium	2304691	G	3051	717	3768	0.00017
Mageeibacillus	1637257	G	2135	1244	3379	0.00015
Dysosmobacter	2591381	G	1823	18552	20375	0.00090
Fastidiosipila	236752	G	1115	430	1545	0.00007
Clostridium	1485	G	335102	60521	395623	0.01750
Lactonifactor	420345	G	22535	6341	28876	0.00128
Crassaminicella	1848399	G	8806	356	9162	0.00041
Haloimpatiens	1755832	G	8463	1480	9943	0.00044
Caloramator	44258	G	6989	764	7753	0.00034
Wukongibacter	1884926	G	5514	76	5590	0.00025
Proteiniclasticum	1155385	G	3237	654	3891	0.00017
Oceanirhabdus	1434026	G	2685	47	2732	0.00012
Candidatus Neoarthromitus	49082	G	2620	32	2652	0.00012
Sarcina	1266	G	2038	209	2247	0.00010
Hathewaya	1769729	G	1748	133	1881	0.00008
Intestinimonas	1392389	G	76783	14683	91466	0.00405
Flintibacter	1918454	G	25367	2912	28279	0.00125
Proteiniborus	415014	G	9283	1055	10338	0.00046
Thermaerobacter	73918	G	2998	12	3010	0.00013
Sulfobacillus	28033	G	444	1	445	0.00002
Fusibacter	76008	G	2328	21	2349	0.00010
Carboxydocella	178898	G	1870	28	1898	0.00008
Fenollaria	1686313	G	1367	517	1884	0.00008
Levyella	1715798	G	848	213	1061	0.00005
Caproiciproducens	1738645	G	48647	10409	59056	0.00261
Acutalibacter	1918385	G	21006	940	21946	0.00097
Caproicibacter	2576755	G	19848	15636	35484	0.00157
Eubacterium	1730	G	45917	13163	59080	0.00261
Acetobacterium	33951	G	16672	942	17614	0.00078
Anaerofustis	264995	G	3429	911	4340	0.00019
Pseudoramibacter	113286	G	2794	95	2889	0.00013
Alkalibacter	274470	G	2305	21	2326	0.00010
Desulfitobacterium	36853	G	23787	2746	26533	0.00117
Dehalobacter	56112	G	15774	4497	20271	0.00090
Desulfosporosinus	79206	G	11735	244	11979	0.00053
Syntrophobotulus	51196	G	10497	134	10631	0.00047
Agathobaculum	2048137	G	27808	7124	34932	0.00154
Butyricicoccus	580596	G	9361	2577	11938	0.00053
Intestinibacillus	1928820	G	892	6375	7267	0.00032
Dehalobacterium	51514	G	11149	2235	13384	0.00059
Desulforamulus	2916693	G	5378	866	6244	0.00028
Acididesulfobacillus	2924872	G	4138	45	4183	0.00019
Desulfofarcimen	2282742	G	3815	69	3884	0.00017
Candidatus Formimonas	2840454	G	3758	54	3812	0.00017
Thermanaerosceptrum	2651578	G	1705	45	1750	0.00008
Desulfofundulus	2282741	G	1300	131	1431	0.00006
Phosphitispora	2903061	G	1286	209	1495	0.00007
Aristaeella	3046369	G	7626	12	7638	0.00034
Desulfoscipio	2867376	G	5866	63	5929	0.00026
Proteinivorax	1491776	G	2391	31	2422	0.00011
Alkalicella	2838170	G	1876	47	1923	0.00009
Heliomicrobium	2831443	G	2386	176	2562	0.00011
Heliorestis	79598	G	1558	4	1562	0.00007
Syntrophomonas	862	G	1265	30	1295	0.00006
Candidatus Syntrophocurvum	2293313	G	1179	16	1195	0.00005
Syntrophothermus	129001	G	602	29	631	0.00003
Symbiobacterium	2733	G	1913	1	1914	0.00008
Caldinitratiruptor	1006480	G	1001	4	1005	0.00004
Desulfotomaculum	1562	G	1298	644	1942	0.00009
Thermincola	278993	G	1276	84	1360	0.00006
Aminipila	2060094	G	35737	2421	38158	0.00169
Emergencia	1926556	G	13818	3271	17089	0.00076
Sinanaerobacter	2886866	G	12896	320	13216	0.00058
Anoxybacterium	3408579	G	12341	156	12497	0.00055
Ihubacter	1926667	G	5098	1011	6109	0.00027
Mogibacterium	86331	G	3055	518	3573	0.00016
Clostridioides	1870884	G	23969	28818	52787	0.00233
Terrisporobacter	1505652	G	13087	671	13758	0.00061
Paraclostridium	1849822	G	10786	652	11438	0.00051
Romboutsia	1501226	G	7168	1008	8176	0.00036
Tepidibacter	214904	G	4752	214	4966	0.00022
Peptostreptococcus	1257	G	4014	1822	5836	0.00026
Peptacetobacter	2743582	G	3885	361	4246	0.00019
Intestinibacter	1505657	G	1824	359	2183	0.00010
Alkaliphilus	114627	G	7387	389	7776	0.00034
Serpentinicella	1890059	G	2118	40	2158	0.00010
Acetoanaerobium	186831	G	3132	92	3224	0.00014
Filifactor	44259	G	1777	1363	3140	0.00014
Peptoclostridium	1481960	G	4796	315	5111	0.00023
Geosporobacter	390805	G	4793	187	4980	0.00022
Caminicella	166484	G	2484	116	2600	0.00011
Thermoanaerobacterium	28895	G	10228	655	10883	0.00048
Thermoanaerobacter	1754	G	5167	452	5619	0.00025
Gelria	189326	G	1934	15	1949	0.00009
Aceticella	3051499	G	1854	38	1892	0.00008
Carboxydothermus	129957	G	1319	7	1326	0.00006
Thermacetogenium	140458	G	1307	207	1514	0.00007
Caldanaerobacter	249529	G	1060	199	1259	0.00006
Desulfothermobacter	2079011	G	847	0	847	0.00004
Ammonifex	42837	G	508	0	508	0.00002
Mahella	252965	G	2328	373	2701	0.00012
Candidatus Desulforudis	471826	G	1665	9	1674	0.00007
Christensenella	990721	G	12995	2322	15317	0.00068
Halanaerobium	2330	G	2307	26	2333	0.00010
Halocella	46466	G	625	586	1211	0.00005
Iocasia	2899804	G	601	586	1187	0.00005
Acetohalobium	28186	G	1221	7	1228	0.00005
Natroniella	52003	G	1056	37	1093	0.00005
Halobacteroides	42417	G	925	60	985	0.00004
Anoxybacter	1769008	G	1414	17	1431	0.00006
Halothermothrix	32636	G	1043	17	1060	0.00005
Neomoorella	44260	G	6446	30	6476	0.00029
Thermanaeromonas	202949	G	623	1	624	0.00003
Metallumcola	3234175	G	1429	9	1438	0.00006
Zhaonella	2748674	G	1371	26	1397	0.00006
Monoglobus	2039302	G	6698	2152	8850	0.00039
Tepidanaerobacter	499228	G	1861	19	1880	0.00008
Biomaibacter	2770094	G	1810	9	1819	0.00008
Thermosediminibacter	291988	G	896	3	899	0.00004
Helicovermis	3136917	G	2641	6	2647	0.00012
Natranaerobius	375928	G	1116	4	1120	0.00005
Natranaerofaba	2807497	G	923	1	924	0.00004
Koleobacter	2786989	G	1468	11	1479	0.00007
Bacillus	1386	G	118610	117063	235673	0.01042
Lysinibacillus	400634	G	30947	10494	41441	0.00183
Neobacillus	2675232	G	30109	4934	35043	0.00155
Peribacillus	2675229	G	18430	2772	21202	0.00094
Priestia	2800373	G	15692	3607	19299	0.00085
Niallia	2837506	G	14259	3908	18167	0.00080
Oceanobacillus	182709	G	14031	1143	15174	0.00067
Virgibacillus	84406	G	13288	745	14033	0.00062
Cytobacillus	2675230	G	13046	6617	19663	0.00087
Metabacillus	2675233	G	11576	2120	13696	0.00061
Heyndrickxia	2837504	G	8629	2315	10944	0.00048
Psychrobacillus	1221880	G	8539	1229	9768	0.00043
Mesobacillus	2675231	G	7952	1378	9330	0.00041
Halobacillus	45667	G	7143	798	7941	0.00035
Rossellomorea	2837508	G	6901	1048	7949	0.00035
Sutcliffiella	2837511	G	5418	877	6295	0.00028
Alkalihalobacillus	2675234	G	4407	513	4920	0.00022
Salicibibacter	2685905	G	3732	26	3758	0.00017
Shouchella	2893057	G	3557	289	3846	0.00017
Gracilibacillus	74385	G	3523	219	3742	0.00017
Terribacillus	459532	G	2913	160	3073	0.00014
Lentibacillus	175304	G	2830	100	2930	0.00013
Salipaludibacillus	1884449	G	2609	133	2742	0.00012
Amphibacillus	29331	G	2597	294	2891	0.00013
Evansella	2837485	G	2400	162	2562	0.00011
Siminovitchia	2837510	G	2353	272	2625	0.00012
Fervidibacillus	3033930	G	2342	241	2583	0.00011
Ornithinibacillus	484508	G	2326	447	2773	0.00012
Pontibacillus	289201	G	2121	62	2183	0.00010
Paraperibacillus	3450404	G	2057	257	2314	0.00010
Caldifermentibacillus	3034001	G	1915	9029	10944	0.00048
Alkalihalophilus	2893060	G	1715	247	1962	0.00009
Radiobacillus	2785518	G	1679	148	1827	0.00008
Domibacillus	1433999	G	1640	334	1974	0.00009
Salisediminibacterium	1434042	G	1518	89	1607	0.00007
Tepidibacillus	1494427	G	1517	153	1670	0.00007
Gottfriedia	2837503	G	1479	191	1670	0.00007
Anaerobacillus	704093	G	1469	206	1675	0.00007
Pradoshia	2651279	G	1459	208	1667	0.00007
Robertmurraya	2837507	G	1455	229	1684	0.00007
Lederbergia	2804231	G	1318	116	1434	0.00006
Aeribacillus	1055323	G	1293	1618	2911	0.00013
Pseudobacillus	108525	G	1260	549	1809	0.00008
Salimicrobium	351195	G	1196	63	1259	0.00006
Ectobacillus	2837502	G	1192	190	1382	0.00006
Paraliobacillus	200903	G	1185	66	1251	0.00006
Caldalkalibacillus	379065	G	1041	588	1629	0.00007
Alkalicoccus	2005375	G	1012	40	1052	0.00005
Halalkalibacterium (ex Joshi et al. 2022)	2893055	G	983	194	1177	0.00005
Paenalkalicoccus	2944627	G	930	347	1277	0.00006
Falsibacillus	1270155	G	830	112	942	0.00004
Sediminibacillus	482460	G	781	53	834	0.00004
Halalkalibacter	2893056	G	773	221	994	0.00004
Aciduricibacillus	3158337	G	597	61	658	0.00003
Mangrovibacillus	2920444	G	580	148	728	0.00003
Allobacillus	1400133	G	468	36	504	0.00002
Alkalibacillus	331654	G	441	15	456	0.00002
Caldibacillus	1276290	G	61	1407	1468	0.00006
Paenibacillus	44249	G	260401	15144	275545	0.01219
Brevibacillus	55080	G	26859	1766	28625	0.00127
Cohnella	329857	G	10050	1687	11737	0.00052
Aneurinibacillus	55079	G	4709	419	5128	0.00023
Saccharibacillus	456492	G	1465	78	1543	0.00007
Thermobacillus	76632	G	1271	138	1409	0.00006
Pristimantibacillus (SeqCode)	2994560	G	1194	245	1439	0.00006
Staphylococcus	1279	G	49943	32417	82360	0.00364
Mammaliicoccus	2803850	G	5983	1218	7201	0.00032
Macrococcus	69965	G	5619	1225	6844	0.00030
Salinicoccus	45669	G	2386	283	2669	0.00012
Macrococcoides	3076173	G	2269	830	3099	0.00014
Jeotgalicoccus	227979	G	1494	107	1601	0.00007
Nosocomiicoccus	489909	G	1023	100	1123	0.00005
Sporosarcina	1569	G	18459	2587	21046	0.00093
Planococcus	1372	G	16158	2136	18294	0.00081
Solibacillus	648800	G	5789	1999	7788	0.00034
Ureibacillus	160795	G	4712	4211	8923	0.00039
Rummeliibacillus	648802	G	2318	515	2833	0.00013
Paenisporosarcina	651660	G	2119	538	2657	0.00012
Kurthia	1649	G	1794	366	2160	0.00010
Viridibacillus	496496	G	1401	303	1704	0.00008
Jeotgalibacillus	157226	G	1090	247	1337	0.00006
Metasolibacillus	2703677	G	891	153	1044	0.00005
Chryseomicrobium	889388	G	692	232	924	0.00004
Geobacillus	129337	G	6770	4025	10795	0.00048
Anoxybacillus	150247	G	3457	899	4356	0.00019
Parageobacillus	1906945	G	2749	2031	4780	0.00021
Thermaerobacillus	3390020	G	991	219	1210	0.00005
Saccharococcus	29395	G	759	291	1050	0.00005
Anoxybacteroides	3389905	G	657	72	729	0.00003
Listeria	1637	G	14393	3429	17822	0.00079
Brochothrix	2755	G	1883	296	2179	0.00010
Alicyclobacillus	29330	G	8345	94	8439	0.00037
Tumebacillus	432330	G	2234	139	2373	0.00010
Fodinisporobacter	3156481	G	1728	44	1772	0.00008
Kyrpidia	1129704	G	1339	4	1343	0.00006
Effusibacillus	1502725	G	1038	29	1067	0.00005
Exiguobacterium	33986	G	7306	889	8195	0.00036
Hydrogenibacillus	1609627	G	754	22	776	0.00003
Fictibacillus	1329200	G	4388	927	5315	0.00024
Pseudalkalibacillus	2893058	G	1633	271	1904	0.00008
Kroppenstedtia	1274351	G	1430	51	1481	0.00007
Laceyella	292635	G	1037	53	1090	0.00005
Staphylospora	2689589	G	937	39	976	0.00004
Novibacillus	1677050	G	844	101	945	0.00004
Polycladomyces	1348505	G	727	13	740	0.00003
Thermoactinomyces	2023	G	711	47	758	0.00003
Gemella	1378	G	5213	888	6101	0.00027
Sporolactobacillus	2077	G	3202	115	3317	0.00015
Pullulanibacillus	475230	G	1331	120	1451	0.00006
Guptibacillus	3421338	G	2544	974	3518	0.00016
Abyssicoccus	1955413	G	612	389	1001	0.00004
Lactobacillus	1578	G	21490	3578	25068	0.00111
Ligilactobacillus	2767887	G	7946	1811	9757	0.00043
Companilactobacillus	2767879	G	7157	504	7661	0.00034
Limosilactobacillus	2742598	G	7115	2871	9986	0.00044
Lactiplantibacillus	2767842	G	5559	1841	7400	0.00033
Lacticaseibacillus	2759736	G	5507	2044	7551	0.00033
Leuconostoc	1243	G	5410	590	6000	0.00027
Pediococcus	1253	G	5146	1536	6682	0.00030
Weissella	46255	G	4971	373	5344	0.00024
Lentilactobacillus	2767893	G	3497	497	3994	0.00018
Levilactobacillus	2767886	G	3386	620	4006	0.00018
Fructilactobacillus	2767881	G	3148	213	3361	0.00015
Liquorilactobacillus	2767888	G	2774	713	3487	0.00015
Latilactobacillus	2767885	G	2138	381	2519	0.00011
Oenococcus	46254	G	1850	64	1914	0.00008
Apilactobacillus	2767877	G	1820	63	1883	0.00008
Bombilactobacillus	2767878	G	1808	61	1869	0.00008
Paucilactobacillus	2767890	G	1745	469	2214	0.00010
Loigolactobacillus	2767889	G	1715	671	2386	0.00011
Schleiferilactobacillus	2767891	G	1087	24	1111	0.00005
Xylocopilactobacillus	3118928	G	1087	4	1091	0.00005
Secundilactobacillus	2767892	G	756	253	1009	0.00004
Lapidilactobacillus	2767884	G	627	60	687	0.00003
Agrilactobacillus	2767875	G	566	23	589	0.00003
Dellaglioa	2767880	G	526	138	664	0.00003
Furfurilactobacillus	2767882	G	449	133	582	0.00003
Nicoliella	2978367	G	347	7	354	0.00002
Periweissella	2930384	G	276	5	281	0.00001
Amylolactobacillus	2767876	G	206	122	328	0.00001
Fructobacillus	559173	G	146	2	148	0.00001
Acetilactobacillus	2767874	G	138	0	138	0.00001
Streptococcus	1301	G	66978	16023	83001	0.00367
Lactococcus	1357	G	9732	10365	20097	0.00089
Pseudolactococcus	3436058	G	2094	336	2430	0.00011
Floricoccus	1930830	G	970	58	1028	0.00005
Enterococcus	1350	G	50090	67415	117505	0.00520
Vagococcus	2737	G	12600	3096	15696	0.00069
Tetragenococcus	51668	G	3252	4068	7320	0.00032
Melissococcus	33969	G	700	36	736	0.00003
Carnobacterium	2747	G	7446	1131	8577	0.00038
Jeotgalibaca	1470540	G	4960	1272	6232	0.00028
Alloiococcus	1651	G	2656	112	2768	0.00012
Trichococcus	82802	G	1846	223	2069	0.00009
Dolosigranulum	29393	G	1810	147	1957	0.00009
Granulicatella	117563	G	1614	987	2601	0.00012
Alkalibacterium	99906	G	1492	128	1620	0.00007
Marinilactibacillus	191769	G	899	234	1133	0.00005
Desemzia	82800	G	676	423	1099	0.00005
Aerococcus	1375	G	5304	1563	6867	0.00030
Tuanshanicoccus	3465067	G	1788	123	1911	0.00008
Fundicoccus	2761542	G	1358	101	1459	0.00006
Globicatella	13075	G	1289	227	1516	0.00007
Ruoffia	2862144	G	852	265	1117	0.00005
Ignavigranum	89092	G	640	48	688	0.00003
Abiotrophia	46123	G	607	371	978	0.00004
Facklamia	66831	G	373	251	624	0.00003
Suicoccus	2689587	G	338	107	445	0.00002
Selenomonas	970	G	33919	2010	35929	0.00159
Selenobaculum	3074372	G	23014	1515	24529	0.00108
Megamonas	158846	G	13723	1062	14785	0.00065
Pectinatus	864	G	10205	634	10839	0.00048
Mitsuokella	52225	G	4054	2245	6299	0.00028
Sporomusa	2375	G	40288	3343	43631	0.00193
Pelosinus	365348	G	9105	433	9538	0.00042
Methylomusa	2093783	G	3176	152	3328	0.00015
Megasphaera	906	G	14093	2589	16682	0.00074
Dialister	39948	G	7900	531	8431	0.00037
Veillonella	29465	G	5390	369	5759	0.00025
Colibacter	1980675	G	2089	95	2184	0.00010
Phascolarctobacterium	33024	G	6782	1336	8118	0.00036
Acidaminococcus	904	G	5653	1331	6984	0.00031
Tissierella	41273	G	48288	928	49216	0.00218
Gudongella	2692382	G	1362	96	1458	0.00006
Anaerococcus	165779	G	7217	1877	9094	0.00040
Parvimonas	543311	G	4577	1852	6429	0.00028
Peptoniphilus	162289	G	3787	2471	6258	0.00028
Helcococcus	31983	G	3070	818	3888	0.00017
Finegoldia	150022	G	2877	1468	4345	0.00019
Miniphocaeibacter	2126548	G	2048	16	2064	0.00009
Aedoeadaptatus	2981628	G	1438	91	1529	0.00007
Microaceticoccus	3421489	G	1267	9	1276	0.00006
Murdochiella	1161127	G	958	846	1804	0.00008
Acidilutibacter	2992720	G	6980	1103	8083	0.00036
Schnuerera	2794837	G	1858	166	2024	0.00009
Keratinibaculum	1354809	G	1808	232	2040	0.00009
Sporanaerobacter	165812	G	2110	241	2351	0.00010
Gottschalkia	1505664	G	2062	32	2094	0.00009
Caloranaerobacter	171003	G	2046	78	2124	0.00009
Sedimentibacter	190972	G	12446	117	12563	0.00056
Ezakiella	1582879	G	1730	2020	3750	0.00017
Erysipelothrix	1647	G	12445	655	13100	0.00058
Amedibacillus	2749846	G	12254	12530	24784	0.00110
Amedibacterium	2749267	G	9224	7365	16589	0.00073
Longicatena	1918536	G	7714	8609	16323	0.00072
Holdemania	61170	G	4675	2153	6828	0.00030
Allocoprobacillus	3059504	G	4557	737	5294	0.00023
Allobaculum	174708	G	1900	48	1948	0.00009
Faecalibaculum	1729679	G	1666	192	1858	0.00008
Solobacterium	123375	G	1663	1824	3487	0.00015
Intestinibaculum	2679910	G	1612	196	1808	0.00008
Bulleidia	118747	G	1389	266	1655	0.00007
Massilimicrobiota	1924110	G	654	10522	11176	0.00049
Thomasclavelia	3025755	G	18654	2851	21505	0.00095
Faecalibacillus	2678885	G	4670	2718	7388	0.00033
Tannockella	2943184	G	4596	136	4732	0.00021
Catenibacterium	135858	G	4386	727	5113	0.00023
Turicibacter	191303	G	5332	691	6023	0.00027
Caldicellulosiruptor	44000	G	7946	647	8593	0.00038
Anaerocellum	32631	G	554	359	913	0.00004
Geochorda	3366854	G	928	14	942	0.00004
Carboxydichorda	3366853	G	562	29	591	0.00003
Limnochorda	1676651	G	1066	3	1069	0.00005
Candidatus Contubernalis	338648	G	1684	5	1689	0.00007
Ndongobacter	1930845	G	1005	1390	2395	0.00011
Streptomyces	1883	G	342054	44256	386310	0.01709
Kitasatospora	2063	G	16571	4535	21106	0.00093
Embleya	2699295	G	2427	170	2597	0.00011
Actinacidiphila	2995702	G	2358	561	2919	0.00013
Streptacidiphilus	228398	G	1344	296	1640	0.00007
Peterkaempfera	2995704	G	1252	220	1472	0.00007
Streptantibioticus	2995706	G	606	118	724	0.00003
Yinghuangia	2805681	G	601	61	662	0.00003
Carbonactinospora	2864378	G	488	52	540	0.00002
Leifsonia	110932	G	81912	13024	94936	0.00420
Microbacterium	33882	G	44692	8315	53007	0.00234
Curtobacterium	2034	G	9845	1551	11396	0.00050
Agromyces	33877	G	8561	1545	10106	0.00045
Leucobacter	55968	G	5351	1160	6511	0.00029
Rathayibacter	33886	G	5311	605	5916	0.00026
Cryobacterium	69578	G	4087	370	4457	0.00020
Clavibacter	1573	G	3564	625	4189	0.00019
Agrococcus	46352	G	2964	750	3714	0.00016
Herbiconiux	881616	G	2326	212	2538	0.00011
Microcella	337004	G	2186	479	2665	0.00012
Microterricola	518733	G	1748	288	2036	0.00009
Salinibacterium	235888	G	1645	180	1825	0.00008
Plantibacter	190323	G	1581	125	1706	0.00008
Frondihabitans	447237	G	1545	147	1692	0.00007
Frigoribacterium	96492	G	1535	240	1775	0.00008
Protaetiibacter	2680004	G	1432	323	1755	0.00008
Mycetocola	76634	G	1324	129	1453	0.00006
Paramicrobacterium	3110364	G	1286	181	1467	0.00006
Cnuibacter	1759331	G	1222	232	1454	0.00006
Subtercola	120212	G	1112	50	1162	0.00005
Rhodoluna	529883	G	539	25	564	0.00002
Aquiluna	529881	G	491	17	508	0.00002
Humibacter	427753	G	778	280	1058	0.00005
Gulosibacter	256818	G	694	252	946	0.00004
Gryllotalpicola	1195526	G	603	67	670	0.00003
Okibacterium	196084	G	552	115	667	0.00003
Agreia	110934	G	531	55	586	0.00003
Orlajensenia	3440766	G	514	72	586	0.00003
Aurantimicrobium	1705353	G	512	27	539	0.00002
Glaciihabitans	1649454	G	474	20	494	0.00002
Naasia	1434022	G	419	53	472	0.00002
Marisediminicola	1230698	G	419	38	457	0.00002
Homoserinibacter	1649457	G	414	81	495	0.00002
Diaminobutyricimonas	1433997	G	397	48	445	0.00002
Lysinibacter	1857011	G	391	17	408	0.00002
Ruicaihuangia	3137419	G	356	42	398	0.00002
Homoserinimonas	1434009	G	285	34	319	0.00001
Antiquaquibacter	3108736	G	248	13	261	0.00001
Humidisolicoccus	3425211	G	225	16	241	0.00001
Pontimonas	1434032	G	157	5	162	0.00001
Arthrobacter	1663	G	32240	5687	37927	0.00168
Pseudarthrobacter	1742993	G	7166	1561	8727	0.00039
Glutamicibacter	1742989	G	3618	1045	4663	0.00021
Paenarthrobacter	1742992	G	3611	1843	5454	0.00024
Kocuria	57493	G	3173	1136	4309	0.00019
Rothia	32207	G	3105	1372	4477	0.00020
Sinomonas	596707	G	2156	180	2336	0.00010
Micrococcus	1269	G	2109	970	3079	0.00014
Citricoccus	169133	G	1309	478	1787	0.00008
Crystallibacter	3456524	G	750	83	833	0.00004
Auritidibacter	1160973	G	400	31	431	0.00002
Nesterenkonia	57494	G	323	2	325	0.00001
Renibacterium	1645	G	295	12	307	0.00001
Psychromicrobium	2078575	G	224	9	233	0.00001
Neomicrococcus	1868332	G	212	67	279	0.00001
Paeniglutamicibacter	1742990	G	168	17	185	0.00001
Zhihengliuella	370735	G	166	395	561	0.00002
Pseudoglutamicibacter	1742991	G	154	319	473	0.00002
Cellulomonas	1707	G	10262	2135	12397	0.00055
Paraoerskovia	665568	G	597	110	707	0.00003
Oerskovia	162491	G	538	145	683	0.00003
Actinotalea	458839	G	380	121	501	0.00002
Pseudactinotalea	1926259	G	257	16	273	0.00001
Janibacter	53457	G	3205	730	3935	0.00017
Pedococcus	2805645	G	1470	228	1698	0.00008
Arsenicicoccus	267408	G	1351	266	1617	0.00007
Nostocoides	99479	G	1345	179	1524	0.00007
Phycicoccus	367298	G	1263	426	1689	0.00007
Terrabacter	53355	G	800	149	949	0.00004
Oryzobacter	1849973	G	772	168	940	0.00004
Knoellia	136099	G	653	55	708	0.00003
Intrasporangium	53357	G	436	54	490	0.00002
Humibacillus	556178	G	280	36	316	0.00001
Cellulosimicrobium	157920	G	2452	617	3069	0.00014
Isoptericola	254250	G	1865	5517	7382	0.00033
Xylanimonas	186188	G	1399	275	1674	0.00007
Promicromonospora	43676	G	1306	130	1436	0.00006
Brevibacterium	1696	G	6287	1801	8088	0.00036
Saxibacter	3162691	G	407	14	421	0.00002
Brachybacterium	43668	G	4552	784	5336	0.00024
Dermabacter	36739	G	647	778	1425	0.00006
Devriesea	472568	G	302	9	311	0.00001
Helcobacillus	1161125	G	132	21	153	0.00001
Ornithinimicrobium	125287	G	3321	424	3745	0.00017
Serinicoccus	265976	G	1408	229	1637	0.00007
Luteipulveratus	745364	G	544	37	581	0.00003
Dermacoccus	57495	G	472	136	608	0.00003
Barrientosiimonas	1535207	G	402	161	563	0.00002
Allobranchiibius	2040262	G	399	34	433	0.00002
Yimella	908935	G	234	23	257	0.00001
Ruania	626119	G	1322	88	1410	0.00006
Occultella	2828348	G	464	57	521	0.00002
Pengzhenrongella	2888818	G	869	118	987	0.00004
Luteimicrobium	754249	G	382	78	460	0.00002
Timonella	1465824	G	158	22	180	0.00001
Demequina	577469	G	1186	146	1332	0.00006
Sanguibacter	60919	G	1087	157	1244	0.00006
Austwickia	1184606	G	378	19	397	0.00002
Gephyromycinifex	2885697	G	287	14	301	0.00001
Dermatophilus	1862	G	201	10	211	0.00001
Kytococcus	57499	G	754	273	1027	0.00005
Beutenbergia	84756	G	366	38	404	0.00002
Miniimonas	947525	G	356	337	693	0.00003
Jonesia	43673	G	170	30	200	0.00001
Tropheryma	2038	G	125	0	125	0.00001
Mycobacterium	1763	G	50480	4824	55304	0.00245
Mycolicibacterium	1866885	G	34122	4973	39095	0.00173
Mycobacteroides	670516	G	2878	460	3338	0.00015
Mycolicibacter	1073531	G	2156	944	3100	0.00014
Mycolicibacillus	2126281	G	805	116	921	0.00004
Nocardia	1817	G	30887	2133	33020	0.00146
Rhodococcus	1827	G	15725	2671	18396	0.00081
Prescottella	2979332	G	1511	296	1807	0.00008
Rhodococcoides	3259750	G	1107	541	1648	0.00007
Williamsia	85043	G	259	20	279	0.00001
Corynebacterium	1716	G	36556	10192	46748	0.00207
Gordonia	2053	G	10075	1952	12027	0.00053
Skermania	59613	G	333	11	344	0.00002
Dietzia	37914	G	2302	807	3109	0.00014
Tsukamurella	2060	G	2019	232	2251	0.00010
Tomitella	741759	G	582	58	640	0.00003
Segniliparus	286801	G	295	7	302	0.00001
Hoyosella	697025	G	222	8	230	0.00001
Lawsonella	1847725	G	148	16	164	0.00001
Micromonospora	1873	G	40262	4988	45250	0.00200
Actinoplanes	1865	G	15329	1371	16700	0.00074
Dactylosporangium	35753	G	12929	821	13750	0.00061
Plantactinospora	673534	G	2292	239	2531	0.00011
Solwaraspora	265431	G	1600	196	1796	0.00008
Phytohabitans	907364	G	1588	119	1707	0.00008
Actinocatenispora	390988	G	1261	69	1330	0.00006
Polymorphospora	338583	G	1169	160	1329	0.00006
Catellatospora	53365	G	1005	141	1146	0.00005
Longispora	203522	G	711	69	780	0.00003
Krasilnikovia	349312	G	650	91	741	0.00003
Couchioplanes	56433	G	618	104	722	0.00003
Natronosporangium	2920401	G	554	18	572	0.00003
Salinispora	168694	G	326	28	354	0.00002
Paractinoplanes	3240234	G	10	0	10	0.00000
Amycolatopsis	1813	G	27565	2802	30367	0.00134
Pseudonocardia	1847	G	10152	1239	11391	0.00050
Saccharopolyspora	1835	G	5580	687	6267	0.00028
Lentzea	165301	G	4323	486	4809	0.00021
Kutzneria	43356	G	3957	483	4440	0.00020
Saccharothrix	2071	G	3327	584	3911	0.00017
Actinokineospora	39845	G	2776	577	3353	0.00015
Saccharomonospora	1851	G	2203	301	2504	0.00011
Actinomycetospora	402649	G	2148	192	2340	0.00010
Actinoalloteichus	65496	G	1984	107	2091	0.00009
Actinosynnema	40566	G	1916	406	2322	0.00010
Umezawaea	583360	G	997	116	1113	0.00005
Kibdelosporangium	2029	G	922	63	985	0.00004
Crossiella	130795	G	760	115	875	0.00004
Allokutzneria	1137960	G	636	97	733	0.00003
Prauserella	142577	G	450	19	469	0.00002
Alloactinosynnema	674734	G	438	104	542	0.00002
Allosaccharopolyspora	2893576	G	347	60	407	0.00002
Nocardioides	1839	G	24990	3177	28167	0.00125
Aeromicrobium	2040	G	3152	318	3470	0.00015
Pimelobacter	2044	G	1544	450	1994	0.00009
Mumia	1546255	G	604	55	659	0.00003
Friedmanniella	53387	G	581	56	637	0.00003
Solicola	3024237	G	365	26	391	0.00002
Micropruina	116071	G	320	68	388	0.00002
Cutibacterium	1912216	G	4058	918	4976	0.00022
Tessaracoccus	72763	G	3248	919	4167	0.00018
Microlunatus	29404	G	2358	149	2507	0.00011
Propioniciclava	1085622	G	1591	1111	2702	0.00012
Acidipropionibacterium	1912215	G	1359	746	2105	0.00009
Propionibacterium	1743	G	1213	525	1738	0.00008
Raineyella	1911549	G	1142	301	1443	0.00006
Arachnia	2801844	G	1114	50	1164	0.00005
Propionimicrobium	203133	G	548	55	603	0.00003
Auraticoccus	1278221	G	494	37	531	0.00002
Ammonicoccus	3417658	G	422	416	838	0.00004
Brooklawnia	369926	G	329	153	482	0.00002
Luteococcus	33983	G	279	21	300	0.00001
Naumannella	1294511	G	231	87	318	0.00001
Vaginimicrobium	2919589	G	108	61	169	0.00001
Kribbella	182639	G	9908	584	10492	0.00046
Actinopolymorpha	117156	G	533	23	556	0.00002
Nonomuraea	83681	G	10366	1094	11460	0.00051
Streptosporangium	2000	G	6629	856	7485	0.00033
Microbispora	2005	G	3123	361	3484	0.00015
Microtetraspora	1995	G	1377	256	1633	0.00007
Sphaerisporangium	321315	G	807	103	910	0.00004
Sphaerimonospora	1792303	G	529	53	582	0.00003
Thermobispora	147067	G	434	31	465	0.00002
Spongiactinospora	2871671	G	62	11	73	0.00000
Actinomadura	1988	G	7630	1233	8863	0.00039
Spirillospora	58122	G	2355	457	2812	0.00012
Actinoallomurus	667113	G	2104	227	2331	0.00010
Thermomonospora	2019	G	1187	181	1368	0.00006
Nocardiopsis	2013	G	4437	1122	5559	0.00025
Thermobifida	83677	G	1220	102	1322	0.00006
Streptomonospora	104204	G	813	396	1209	0.00005
Spiractinospora	2913367	G	456	13	469	0.00002
Bifidobacterium	1678	G	20266	1961	22227	0.00098
Gardnerella	2701	G	2953	753	3706	0.00016
Scardovia	196081	G	928	87	1015	0.00004
Parascardovia	196082	G	359	30	389	0.00002
Alloscardovia	419014	G	314	5	319	0.00001
Bombiscardovia	1159909	G	147	2	149	0.00001
Actinomyces	1654	G	9086	780	9866	0.00044
Schaalia	2529408	G	3119	440	3559	0.00016
Trueperella	1069494	G	1934	1013	2947	0.00013
Arcanobacterium	28263	G	1544	278	1822	0.00008
Flaviflexus	1522056	G	765	192	957	0.00004
Actinotignum	1653174	G	565	159	724	0.00003
Scrofimicrobium	2815785	G	466	5	471	0.00002
Gleimia	2692113	G	434	466	900	0.00004
Winkia	2692118	G	380	565	945	0.00004
Buchananella	2767323	G	365	28	393	0.00002
Mobiluncus	2050	G	296	103	399	0.00002
Actinobaculum	76833	G	293	8	301	0.00001
Varibaculum	184869	G	288	99	387	0.00002
Pauljensenia	2740557	G	211	101	312	0.00001
Nanchangia	2888879	G	211	5	216	0.00001
Changpingibacter	2912996	G	175	95	270	0.00001
Boudabousia	2767318	G	75	2	77	0.00000
Frankia	1854	G	2052	207	2259	0.00010
Pseudofrankia	2994363	G	1038	107	1145	0.00005
Parafrankia	2994362	G	664	102	766	0.00003
Protofrankia	2994361	G	505	397	902	0.00004
Blastococcus	38501	G	1938	330	2268	0.00010
Modestobacter	88138	G	1089	198	1287	0.00006
Geodermatophilus	1860	G	874	167	1041	0.00005
Georgenia	154116	G	2616	789	3405	0.00015
Kineococcus	33981	G	1702	277	1979	0.00009
Angustibacter	908626	G	547	54	601	0.00003
Candidatus Planktophila	622681	G	1408	21	1429	0.00006
Candidatus Nanopelagicus	2039639	G	379	25	404	0.00002
Nakamurella	53460	G	1768	108	1876	0.00008
Jiangella	281472	G	1551	166	1717	0.00008
Jatrophihabitans	1434010	G	1484	72	1556	0.00007
Stackebrandtia	283810	G	719	18	737	0.00003
Natronoglycomyces	2838311	G	422	2	424	0.00002
Catenulispora	414878	G	959	87	1046	0.00005
Epidermidibacterium	2078948	G	326	399	725	0.00003
Actinopolyspora	1849	G	302	8	310	0.00001
Acidothermus	28048	G	255	5	260	0.00001
Eggerthella	84111	G	6198	1777	7975	0.00035
Raoultibacter	1926677	G	3025	464	3489	0.00015
Gordonibacter	644652	G	2919	2323	5242	0.00023
Adlercreutzia	447020	G	2695	708	3403	0.00015
Arabiibacter	2005386	G	2460	101	2561	0.00011
Slackia	84108	G	2206	21	2227	0.00010
Berryella	2815775	G	1575	1646	3221	0.00014
Xiamenia	2981344	G	1139	13	1152	0.00005
Denitrobacterium	79603	G	955	603	1558	0.00007
Phoenicibacter	1981050	G	423	275	698	0.00003
Cryptobacterium	84162	G	388	9	397	0.00002
Olsenella	133925	G	2687	201	2888	0.00013
Thermophilibacter	2847307	G	2333	668	3001	0.00013
Parolsenella	2082587	G	1440	1269	2709	0.00012
Parafannyhessea	2847312	G	937	434	1371	0.00006
Lancefieldella	2767353	G	858	17	875	0.00004
Atopobium	1380	G	812	46	858	0.00004
Fannyhessea	2767327	G	643	322	965	0.00004
Collinsella	102106	G	5128	1777	6905	0.00031
Enorma	1472762	G	952	162	1114	0.00005
Coriobacterium	33870	G	818	8	826	0.00004
Leptogranulimonas	2995122	G	723	13	736	0.00003
Aquihabitans	1648491	G	2291	166	2457	0.00011
Iamia	467975	G	1377	87	1464	0.00006
Actinomarinicola	2789775	G	647	85	732	0.00003
Dermatobacter	3075137	G	612	36	648	0.00003
Actinospongicola	3449744	G	605	22	627	0.00003
Candidatus Poriferisodalis	2983190	G	3019	42	3061	0.00014
Candidatus Poriferisocius	2983186	G	2321	80	2401	0.00011
Ilumatobacter	682522	G	1010	9	1019	0.00005
Salinilacustrithrix	3436875	G	706	57	763	0.00003
Acidimicrobium	53634	G	288	1	289	0.00001
Candidatus Spongiisocius	2983163	G	325	1	326	0.00001
Baekduia	2600304	G	3284	356	3640	0.00016
Svornostia	3231543	G	836	70	906	0.00004
Conexibacter	191494	G	3549	305	3854	0.00017
Paraconexibacter	2758920	G	1845	132	1977	0.00009
Capillimicrobium	2976759	G	1200	159	1359	0.00006
Miltoncostaea	2843200	G	1058	48	1106	0.00005
Thermoleophilum	192992	G	361	7	368	0.00002
Rubrobacter	42255	G	3050	8	3058	0.00014
Euzebya	908623	G	572	8	580	0.00003
Egicoccus	1755825	G	541	17	558	0.00002
Egibacter	1747770	G	433	8	441	0.00002
Nostoc	1177	G	11573	394	11967	0.00053
Anabaena	1163	G	1548	1850	3398	0.00015
Richelia	98443	G	559	32	591	0.00003
Cylindrospermum	56106	G	440	18	458	0.00002
Trichormus	264688	G	262	17	279	0.00001
Dolichospermum	748770	G	1134	1043	2177	0.00010
Okeanomitos	3231549	G	594	32	626	0.00003
Cylindrospermopsis	77021	G	563	17	580	0.00003
Sphaerospermopsis	752201	G	489	24	513	0.00002
Calothrix	1186	G	2325	45	2370	0.00010
Nodularia	159191	G	682	75	757	0.00003
Halotia	1620790	G	414	21	435	0.00002
Aliinostoc	2035978	G	315	52	367	0.00002
Anabaenopsis	110103	G	300	36	336	0.00001
Tolypothrix	111782	G	1299	121	1420	0.00006
Rivularia	373984	G	1140	9	1149	0.00005
Fischerella	1190	G	947	110	1057	0.00005
Chlorogloeopsis	1123	G	683	3	686	0.00003
Brasilonema	383614	G	592	13	605	0.00003
Synechococcus	1129	G	14261	525	14786	0.00065
Prochlorococcus	1218	G	7963	84	8047	0.00036
Cyanobium	167375	G	1565	157	1722	0.00008
Parasynechococcus	2881427	G	72	43	115	0.00001
Synechocystis	1142	G	1767	54	1821	0.00008
Altericista	2855430	G	625	18	643	0.00003
Cyanobacterium	102234	G	3068	109	3177	0.00014
Geminocystis	669357	G	2668	71	2739	0.00012
Picosynechococcus	3079908	G	1485	35	1520	0.00007
Crocosphaera	263510	G	1463	36	1499	0.00007
Gloeothece	28070	G	1428	25	1453	0.00006
Rippkaea	2546365	G	657	24	681	0.00003
Candidatus Atelocyanobacterium	1453359	G	593	43	636	0.00003
Microcystis	1125	G	2415	143	2558	0.00011
Gloeocapsa	102231	G	588	28	616	0.00003
Gloeocapsopsis	693222	G	407	52	459	0.00002
Halothece	76023	G	386	53	439	0.00002
Euhalothece	65097	G	308	13	321	0.00001
Planktothrix	54304	G	2441	106	2547	0.00011
Microcoleus	44471	G	1255	109	1364	0.00006
Trichodesmium	1205	G	594	3	597	0.00003
Oxynema	1492710	G	1239	36	1275	0.00006
Phormidium	1198	G	880	139	1019	0.00005
Planktothricoides	132607	G	690	22	712	0.00003
Koinonema	2023214	G	525	15	540	0.00002
Limnospira	2596745	G	881	58	939	0.00004
Capilliphycus	2768926	G	658	18	676	0.00003
Leptolyngbya	47251	G	3054	888	3942	0.00017
Leptothermofonsia	2917830	G	1064	115	1179	0.00005
Kovacikia	1874526	G	776	31	807	0.00004
Leptodesmis	2664261	G	487	151	638	0.00003
Trichothermofontia	3045815	G	326	18	344	0.00002
Trichocoleus	450526	G	261	21	282	0.00001
Thermosynechococcus	146785	G	1360	90	1450	0.00006
Parathermosynechococcus	3161592	G	296	49	345	0.00002
Acaryochloris	155977	G	1306	9	1315	0.00006
Pseudanabaena	1152	G	2429	69	2498	0.00011
Thalassoporum	2799719	G	406	8	414	0.00002
Gloeobacter	33071	G	1398	34	1432	0.00006
Anthocerotibacter	2857076	G	624	33	657	0.00003
Thermoleptolyngbya	2303528	G	862	634	1496	0.00007
Egbenema	3079668	G	591	39	630	0.00003
Thermocoleostomius	3065395	G	332	32	364	0.00002
Pleurocapsa	44474	G	752	40	792	0.00004
Stanieria	102115	G	616	16	632	0.00003
Halomicronema	170610	G	548	4	552	0.00002
Nodosilinea	1120752	G	506	49	555	0.00002
Dactylococcopsis	13034	G	311	49	360	0.00002
Moorena	1155738	G	770	9	779	0.00003
Allocoleopsis	2886347	G	546	26	572	0.00003
Chamaesiphon	217161	G	553	63	616	0.00003
Crinalium	241421	G	482	23	505	0.00002
Chroococcidiopsis	54298	G	1059	53	1112	0.00005
Desertifilum	1185872	G	583	33	616	0.00003
Gloeomargarita	1188227	G	486	3	489	0.00002
Geitlerinema	63132	G	351	1029	1380	0.00006
Spiroplasma	2132	G	21637	307	21944	0.00097
Mesoplasma	46239	G	2229	202	2431	0.00011
Entomoplasma	46238	G	157	10	167	0.00001
Williamsoniiplasma	2919614	G	968	57	1025	0.00005
Mycoplasma	2093	G	15764	1684	17448	0.00077
Candidatus Hepatoplasma	295595	G	297	171	468	0.00002
Acholeplasma	2147	G	3326	168	3494	0.00015
Candidatus Phytoplasma	33926	G	2519	22	2541	0.00011
Mariniplasma	2903100	G	1166	21	1187	0.00005
Haploplasma	2903106	G	969	128	1097	0.00005
Candidatus Izemoplasma	2975549	G	2076	52	2128	0.00009
Candidatus Xianfuyuplasma	2975521	G	503	34	537	0.00002
Hujiaoplasma	3078171	G	825	113	938	0.00004
Mycoplasmopsis	2767358	G	10560	731	11291	0.00050
Metamycoplasma	2895509	G	4996	600	5596	0.00025
Mesomycoplasma	2923352	G	4103	152	4255	0.00019
Malacoplasma	2791001	G	993	10	1003	0.00004
Mycoplasmoides	2995234	G	898	164	1062	0.00005
Ureaplasma	2129	G	673	12	685	0.00003
Dehalococcoides	61434	G	2789	145	2934	0.00013
Dehalogenimonas	670486	G	1650	8	1658	0.00007
Candidatus Lucifugimonas	3143249	G	156	0	156	0.00001
Roseiflexus	120961	G	1225	27	1252	0.00006
Chloroflexus	1107	G	1040	1	1041	0.00005
Candidatus Chlorohelix	3139173	G	628	12	640	0.00003
Thermobaculum	262406	G	274	14	288	0.00001
Candidatus Leptofilum	3140596	G	1595	21	1616	0.00007
Candidatus Promineifilum	1988031	G	1052	0	1052	0.00005
Pelolinea	1649478	G	1142	2	1144	0.00005
Anaerolinea	233189	G	631	0	631	0.00003
Candidatus Brevifilum	2019482	G	385	0	385	0.00002
Tepidiforma	2682228	G	966	2	968	0.00004
Ktedonosporobacter	2692417	G	760	13	773	0.00003
Caldilinea	233191	G	736	35	771	0.00003
Phototrophicus	2922426	G	641	0	641	0.00003
Thermoflexus	1495649	G	589	0	589	0.00003
Capsulimonas	2494209	G	1324	0	1324	0.00006
Fimbriimonas	1005038	G	775	0	775	0.00003
Chthonomonas	1077265	G	514	0	514	0.00002
Vulcanimicrobium	3016049	G	622	2	624	0.00003
Fusobacterium	848	G	30736	2087	32823	0.00145
Cetobacterium	180162	G	4557	180	4737	0.00021
Ilyobacter	167639	G	3608	17	3625	0.00016
Leptotrichia	32067	G	10323	529	10852	0.00048
Sebaldella	32068	G	2347	5	2352	0.00010
Sneathia	168808	G	1494	99	1593	0.00007
Pseudoleptotrichia	2755140	G	788	27	815	0.00004
Streptobacillus	34104	G	583	128	711	0.00003
Haliovirga	3072462	G	979	4	983	0.00004
Deinococcus	1298	G	17671	161	17832	0.00079
Thermus	270	G	3112	142	3254	0.00014
Meiothermus	65551	G	711	29	740	0.00003
Oceanithermus	208447	G	516	14	530	0.00002
Marinithermus	186191	G	379	10	389	0.00002
Allomeiothermus	2935559	G	370	32	402	0.00002
Truepera	332248	G	311	0	311	0.00001
Thermosipho	2420	G	3173	71	3244	0.00014
Fervidobacterium	2422	G	1968	356	2324	0.00010
Thermotoga	2335	G	1587	19	1606	0.00007
Pseudothermotoga	1643951	G	996	20	1016	0.00004
Marinitoga	160798	G	1873	8	1881	0.00008
Oceanotoga	1255275	G	1538	33	1571	0.00007
Tepiditoga	2778400	G	1262	20	1282	0.00006
Defluviitoga	1511648	G	908	447	1355	0.00006
Petrotoga	28236	G	559	86	645	0.00003
Kosmotoga	651456	G	774	0	774	0.00003
Mesotoga	1184396	G	728	0	728	0.00003
Athalassotoga	1769718	G	622	0	622	0.00003
Cloacibacillus	508459	G	4114	183	4297	0.00019
Aminomonas	81411	G	979	42	1021	0.00005
Thermanaerovibrio	81461	G	905	56	961	0.00004
Pyramidobacter	638847	G	2885	9	2894	0.00013
Jonquetella	428711	G	1097	57	1154	0.00005
Fretibacterium	1434006	G	1474	0	1474	0.00007
Aminobacterium	81466	G	925	4	929	0.00004
Aminithiophilus	3029078	G	125	532	657	0.00003
Aminirod	3415218	G	113	436	549	0.00002
Candidatus Nanosynbacter	2093823	G	766	221	987	0.00004
Candidatus Southlakia	3350975	G	287	3	290	0.00001
Candidatus Saccharimonas	1331051	G	189	0	189	0.00001
Candidatus Mycosynbacter	2831665	G	142	0	142	0.00001
Candidatus Minimicrobia	2905967	G	56	135	191	0.00001
Candidatus Babela	1551504	G	405	1	406	0.00002
Candidatus Chromulinivorax	2953757	G	169	2	171	0.00001
Candidatus Fervidibacter	1448928	G	374	0	374	0.00002
Minisyncoccus	3238478	G	155	0	155	0.00001
Candidatus Chazhemtobacterium	2715734	G	102	0	102	0.00000
Candidatus Bipolaricaulis	2250122	G	205	0	205	0.00001
Candidatus Absconditicoccus	2900570	G	143	0	143	0.00001
Persicimonas	2766927	G	970	6	976	0.00004
Bradymonas	1779136	G	461	6	467	0.00002
Microvenator	2946507	G	303	2	305	0.00001
Dissulfurimicrobium	1769732	G	454	551	1005	0.00004
Homo	9605	G	606984	91675	698659	0.03090
Fusarium	5506	G	10312	758	11070	0.00049
Ustilaginoidea	124426	G	1724	45	1769	0.00008
Pochonia	243023	G	1211	19	1230	0.00005
Metarhizium	5529	G	964	14	978	0.00004
Trichoderma	5543	G	3830	566	4396	0.00019
Purpureocillium	1052105	G	1766	118	1884	0.00008
Drechmeria	98402	G	907	25	932	0.00004
Akanthomyces	150366	G	1130	105	1235	0.00005
Colletotrichum	5455	G	3979	302	4281	0.00019
Neurospora	5140	G	3078	328	3406	0.00015
Sordaria	5146	G	1380	741	2121	0.00009
Podospora	5144	G	2185	191	2376	0.00011
Thermothielavioides	2609811	G	1032	162	1194	0.00005
Thermothelomyces	1920207	G	910	68	978	0.00004
Remersonia	72143	G	1074	135	1209	0.00005
Pyricularia	48558	G	3651	27	3678	0.00016
Botrytis	33196	G	3873	1065	4938	0.00022
Aspergillus	5052	G	5566	340	5906	0.00026
Penicillium	5073	G	3138	906	4044	0.00018
Talaromyces	5094	G	2447	498	2945	0.00013
Coccidioides	5500	G	1059	216	1275	0.00006
Ascochyta	5453	G	3038	266	3304	0.00015
Alternaria	5598	G	1164	39	1203	0.00005
Pyrenophora	5027	G	828	155	983	0.00004
Fulvia	2897311	G	968	79	1047	0.00005
Cercospora	29002	G	918	251	1169	0.00005
Zymoseptoria	1047167	G	834	51	885	0.00004
Saccharomyces	4930	G	3336	998	4334	0.00019
Henningerozyma	3163253	G	2673	560	3233	0.00014
Huiozyma	3163251	G	2151	273	2424	0.00011
Naumovozyma	278028	G	2051	253	2304	0.00010
Eremothecium	33170	G	1604	2793	4397	0.00019
Kluyveromyces	4910	G	1275	555	1830	0.00008
Tetrapisispora	113604	G	1159	111	1270	0.00006
Kazachstania	71245	G	931	77	1008	0.00004
Torulaspora	4948	G	813	261	1074	0.00005
Nakaseomyces	374468	G	743	343	1086	0.00005
Zygosaccharomyces	4953	G	577	148	725	0.00003
Zygotorulaspora	1196389	G	545	183	728	0.00003
Lachancea	300275	G	425	85	510	0.00002
Saccharomycodes	36034	G	1130	491	1621	0.00007
Candida	5475	G	3421	505	3926	0.00017
Lodderomyces	36913	G	1798	839	2637	0.00012
Yamadazyma	766765	G	2339	1222	3561	0.00016
Debaryomyces	4958	G	1025	24	1049	0.00005
Scheffersomyces	766733	G	885	68	953	0.00004
Australozyma	3300567	G	1047	107	1154	0.00005
Candidozyma	3303203	G	326	124	450	0.00002
Brettanomyces	13366	G	1303	363	1666	0.00007
Pichia	4919	G	718	180	898	0.00004
Ogataea	461281	G	475	75	550	0.00002
Komagataella	460517	G	425	11	436	0.00002
Yarrowia	4951	G	856	17	873	0.00004
Sugiyamaella	410829	G	611	390	1001	0.00004
Schizosaccharomyces	4895	G	3585	663	4248	0.00019
Kwoniella	490731	G	9900	4776	14676	0.00065
Cryptococcus	5206	G	3613	2141	5754	0.00025
Cutaneotrichosporon	1838142	G	2723	915	3638	0.00016
Vanrija	1851468	G	951	394	1345	0.00006
Rhizoctonia	1322061	G	6927	419	7346	0.00032
Psilocybe	71950	G	1382	342	1724	0.00008
Marasmius	34448	G	1066	406	1472	0.00007
Puccinia	5296	G	10082	1691	11773	0.00052
Mycosarcoma	2689624	G	2784	24	2808	0.00012
Sporisorium	63265	G	1293	795	2088	0.00009
Malassezia	55193	G	3202	885	4087	0.00018
Rhizophagus	1129544	G	30743	7458	38201	0.00169
Vairimorpha	6038	G	1782	87	1869	0.00008
Encephalitozoon	6033	G	403	0	403	0.00002
Plasmodium	5820	G	32002	1062	33064	0.00146
Theileria	5873	G	2926	268	3194	0.00014
Babesia	5864	G	2474	201	2675	0.00012
Toxoplasma	5810	G	1317	341	1658	0.00007
Besnoitia	94642	G	1157	42	1199	0.00005
Neospora	29175	G	1067	5	1072	0.00005
Cryptosporidium	5806	G	1312	61	1373	0.00006
Paramecium	5884	G	132	0	132	0.00001
Bremia	4778	G	2734	152	2886	0.00013
Thalassiosira	35127	G	1188	28	1216	0.00005
Phaeodactylum	2849	G	685	6	691	0.00003
Bigelowiella	227085	G	150	0	150	0.00001
Trichomonas	5721	G	10184	16	10200	0.00045
Spironucleus	39709	G	3442	2	3444	0.00015
Giardia	5740	G	396	0	396	0.00002
Leishmania	5658	G	5555	33	5588	0.00025
Porcisia	2761499	G	577	4	581	0.00003
Trypanosoma	5690	G	859	12	871	0.00004
Dictyostelium	5782	G	4503	142	4645	0.00021
Cryptomonas	3030	G	152	18	170	0.00001
Hemiselmis	77924	G	123	2	125	0.00001
Guillardia	55528	G	165	78	243	0.00001
Halorubrum	56688	G	2173	242	2415	0.00011
Halobaculum	43927	G	1495	151	1646	0.00007
Haloplanus	376170	G	1368	142	1510	0.00007
Haloferax	2251	G	1029	8	1037	0.00005
Haloprofundus	1911573	G	644	25	669	0.00003
Halorarum	3163375	G	553	66	619	0.00003
Halobellus	1073986	G	539	105	644	0.00003
Salinigranum	1644057	G	384	7	391	0.00002
Halalkaliarchaeum	2678343	G	269	3	272	0.00001
Halolamina	1075397	G	208	33	241	0.00001
Haloquadratum	293431	G	195	0	195	0.00001
Halogeometricum	60846	G	155	7	162	0.00001
Salinirarus	3415185	G	152	34	186	0.00001
Halopenitus	1209988	G	144	1	145	0.00001
Halohasta	1450140	G	89	22	111	0.00000
Natrinema	88723	G	2050	192	2242	0.00010
Natronosalvus	3076685	G	709	16	725	0.00003
Haloterrigena	121871	G	699	61	760	0.00003
Halovivax	332951	G	667	8	675	0.00003
Natronorubrum	134813	G	551	38	589	0.00003
Natronococcus	29287	G	508	18	526	0.00002
Halosolutus	2993618	G	424	20	444	0.00002
Natrarchaeobaculum	2765402	G	322	28	350	0.00002
Halomontanus	3125902	G	306	4	310	0.00001
Natronobacterium	2256	G	276	44	320	0.00001
Natrialba	63742	G	264	26	290	0.00001
Natrononativus	3065677	G	231	4	235	0.00001
Salinilacihabitans	3065676	G	211	13	224	0.00001
Natribaculum	1699375	G	206	27	233	0.00001
Natronobeatus	3065678	G	182	30	212	0.00001
Halovalidus	3383206	G	174	5	179	0.00001
Halostagnicola	353799	G	164	2	166	0.00001
Halopiger	387342	G	136	11	147	0.00001
Haloarcula	2237	G	2534	243	2777	0.00012
Halosimplex	171163	G	1166	137	1303	0.00006
Halorientalis	1073987	G	674	180	854	0.00004
Halomicrobium	203135	G	608	15	623	0.00003
Halorhabdus	146825	G	590	20	610	0.00003
Halapricum	1542963	G	482	16	498	0.00002
Halovenus	1377992	G	272	15	287	0.00001
Halococcoides	2907507	G	244	1	245	0.00001
Salinibaculum	2732368	G	239	24	263	0.00001
Natronomonas	63743	G	860	101	961	0.00004
Halomarina	871740	G	578	7	585	0.00003
Halocatena	2907493	G	565	0	565	0.00002
Haloglomus	2806252	G	557	41	598	0.00003
Halorarius	3056835	G	430	62	492	0.00002
Salinirubellus	2162630	G	398	7	405	0.00002
Halosegnis	2841540	G	180	9	189	0.00001
Halorussus	1070314	G	1386	159	1545	0.00007
Haladaptatus	367188	G	1230	6	1236	0.00005
Halomicrococcus	2614447	G	195	11	206	0.00001
Halobacterium	2239	G	963	146	1109	0.00005
Salarchaeum	1075398	G	189	85	274	0.00001
Halanaeroarchaeum	1656823	G	163	0	163	0.00001
Halarchaeum	744724	G	139	4	143	0.00001
Halospeciosus	3116496	G	125	31	156	0.00001
Halodesulfurarchaeum	1980514	G	68	0	68	0.00000
Halococcus	2249	G	621	1	622	0.00003
Halalkalicoccus	332246	G	275	1	276	0.00001
Salinarchaeum	1269201	G	377	0	377	0.00002
Natranaeroarchaeum	2917705	G	75	0	75	0.00000
Natronorarus	3386557	G	186	0	186	0.00001
Haloarchaeobius	1269031	G	178	0	178	0.00001
Methanosarcina	2207	G	5924	51	5975	0.00026
Methanolobus	2220	G	2718	69	2787	0.00012
Methanococcoides	2225	G	766	54	820	0.00004
Methanimicrococcus	91559	G	652	30	682	0.00003
Methanohalophilus	2175	G	558	21	579	0.00003
Methanolapillus	3136068	G	459	26	485	0.00002
Methanomethylovorans	101191	G	432	6	438	0.00002
Methanohalobium	2321	G	304	1	305	0.00001
Methanosalsum	196136	G	254	6	260	0.00001
Methanoculleus	45989	G	762	1	763	0.00003
Methanoplanus	2314	G	748	55	803	0.00004
Methanogenium	2195	G	745	15	760	0.00003
Methanofollis	81416	G	688	1	689	0.00003
Methanochimaera	3385476	G	320	46	366	0.00002
Methanolacinia	230355	G	288	9	297	0.00001
Methanomicrobium	2204	G	202	36	238	0.00001
Methanospirillum	2202	G	1539	3	1542	0.00007
Methanosphaerula	475087	G	387	1	388	0.00002
Methanoregula	395331	G	358	0	358	0.00002
Methanocorpusculum	2192	G	198	0	198	0.00001
Methanothrix	2222	G	1080	3	1083	0.00005
Methanocella	570266	G	752	47	799	0.00004
Candidatus Nanosalina	1051666	G	55	0	55	0.00000
Methanobrevibacter	2172	G	4429	88	4517	0.00020
Methanobacterium	2160	G	3523	748	4271	0.00019
Methanosphaera	2316	G	1383	12	1395	0.00006
Methanothermobacter	145260	G	348	0	348	0.00002
Methanocaldococcus	196118	G	2377	124	2501	0.00011
Methanotorris	196119	G	273	7	280	0.00001
Methanococcus	2184	G	1361	39	1400	0.00006
Methanothermococcus	155862	G	720	41	761	0.00003
Methanofervidicoccus	2607661	G	71	0	71	0.00000
Methanopyrus	2319	G	162	5	167	0.00001
Thermococcus	2263	G	3221	22	3243	0.00014
Pyrococcus	2260	G	458	3	461	0.00002
Palaeococcus	83867	G	138	0	138	0.00001
Archaeoglobus	2233	G	523	1	524	0.00002
Geoglobus	190818	G	265	0	265	0.00001
Ferroglobus	54260	G	175	1	176	0.00001
Methanonatronarchaeum	2022711	G	490	53	543	0.00002
Candidatus Methanoliparum	2545692	G	68	0	68	0.00000
Acidiplasma	507753	G	319	1	320	0.00001
Ferroplasma	74968	G	284	0	284	0.00001
Thermoplasma	2302	G	268	0	268	0.00001
Oxyplasma	3373586	G	112	0	112	0.00000
Cuniculiplasma	1747777	G	227	0	227	0.00001
Picrophilus	46631	G	106	0	106	0.00000
Methanomassiliicoccus	1080709	G	489	0	489	0.00002
Candidatus Methanoplasma	1607807	G	141	1	142	0.00001
Methanomethylophilus	1291539	G	187	1	188	0.00001
Candidatus Aciduliprofundum	379546	G	206	0	206	0.00001
Saccharolobus	2100760	G	1539	48	1587	0.00007
Acidianus	12914	G	1478	6	1484	0.00007
Sulfurisphaera	69655	G	862	11	873	0.00004
Sulfolobus	2284	G	689	204	893	0.00004
Metallosphaera	41980	G	367	0	367	0.00002
Stygiolobus	41674	G	149	0	149	0.00001
Sulfuracidifex	2705406	G	123	0	123	0.00001
Sulfodiicoccus	2017961	G	54	0	54	0.00000
Staphylothermus	2279	G	244	0	244	0.00001
Thermogladius	477695	G	112	1	113	0.00000
Desulfurococcus	2273	G	86	0	86	0.00000
Thermosphaera	54253	G	75	0	75	0.00000
Aeropyrum	56635	G	67	1	68	0.00000
Ignicoccus	54258	G	65	1	66	0.00000
Pyrofollis	3088728	G	163	0	163	0.00001
Pyrodictium	2308	G	106	0	106	0.00000
Hyperthermus	54247	G	77	0	77	0.00000
Pyrolobus	54251	G	31	2	33	0.00000
Pyrobaculum	2276	G	542	5	547	0.00002
Vulcanisaeta	164450	G	170	0	170	0.00001
Caldivirga	76886	G	143	0	143	0.00001
Thermoproteus	2270	G	85	1	86	0.00000
Caldisphaera	200414	G	336	15	351	0.00002
Acidilobus	105850	G	46	0	46	0.00000
Infirmifilum	2856573	G	100	0	100	0.00000
Thermofilum	2268	G	91	0	91	0.00000
Fervidicoccus	685950	G	139	7	146	0.00001
Candidatus Korarchaeum	498845	G	62	0	62	0.00000
Nitrosopumilus	338191	G	2767	54	2821	0.00012
Nitrosarchaeum	1007082	G	257	9	266	0.00001
Candidatus Nitrosomarinus	1993653	G	179	7	186	0.00001
Candidatus Nitrosocosmicus	1826864	G	921	0	921	0.00004
Nitrososphaera	497726	G	355	0	355	0.00002
Candidatus Nitrosocaldus	498374	G	84	0	84	0.00000
Nitrosotalea	1078904	G	74	0	74	0.00000
Candidatus Nitrosotenuis	1825023	G	462	0	462	0.00002
Candidatus Nitrosopelagicus	1593364	G	176	0	176	0.00001
Conexivisphaera	2613912	G	31	0	31	0.00000
Promethearchaeum	3366645	G	646	9	655	0.00003
Candidatus Lokiarchaeum	1655637	G	626	0	626	0.00003
Nanobdella	2974824	G	178	2	180	0.00001
Candidatus Nanohalococcus	3157592	G	98	0	98	0.00000
Candidatus Nanohalovita	3157591	G	22	0	22	0.00000
Candidatus Nanohalobium	2856051	G	23	7	30	0.00000
Candidatus Mancarchaeum	2490204	G	87	0	87	0.00000
Candidatus Micrarchaeum	662756	G	49	0	49	0.00000
Aurodevirus	2946811	G	352	29	381	0.00002
Birpovirus	2946830	G	218	19	237	0.00001
Besingivirus	2946821	G	63	0	63	0.00000
Buchavirus	2942994	G	441	0	441	0.00002
Blohavirus	2942993	G	155	22	177	0.00001
Buorbuivirus	2948644	G	39	14	53	0.00000
Cohcovirus	2942991	G	46	0	46	0.00000
Culoivirus	2942992	G	29	1	30	0.00000
Canhaevirus	2942990	G	19	2	21	0.00000
Afonbuvirus	2942989	G	72	0	72	0.00000
Diorhovirus	2948680	G	66	0	66	0.00000
Whopevirus	2948952	G	39	0	39	0.00000
Carjivirus	2948652	G	31	0	31	0.00000
Delmidovirus	2948688	G	25	0	25	0.00000
Dabirmavirus	2948671	G	21	0	21	0.00000
Drivevirus	2948684	G	10	0	10	0.00000
Endlipuvirus	2948697	G	10	0	10	0.00000
Hacihdavirus	2948736	G	27	0	27	0.00000
Fohxhuevirus	2948709	G	10	0	10	0.00000
Jahgtovirus	2948767	G	38	0	38	0.00000
Lebriduvirus	2948797	G	43	0	43	0.00000
Pamirivirus	2948854	G	35	0	35	0.00000
Kehishuvirus	2942980	G	25	0	25	0.00000
Akihdevirus	2942978	G	15	0	15	0.00000
Mosigvirus	1913652	G	66	24	90	0.00000
Tequatrovirus	10663	G	47	1	48	0.00000
Dhakavirus	1914165	G	36	0	36	0.00000
Karamvirus	1913650	G	29	0	29	0.00000
Gaprivervirus	1913654	G	27	0	27	0.00000
Tegunavirus	1921704	G	24	0	24	0.00000
Moonvirus	1985329	G	23	0	23	0.00000
Winklervirus	2560256	G	20	0	20	0.00000
Kagamiyamavirus	2948777	G	19	0	19	0.00000
Gelderlandvirus	1913653	G	10	0	10	0.00000
Gualtarvirus	2948732	G	113	0	113	0.00000
Zedzedvirus	2843159	G	43	0	43	0.00000
Lazarusvirus	2842820	G	36	10	46	0.00000
Cinqassovirus	2948665	G	42	0	42	0.00000
Chrysonvirus	2948662	G	34	0	34	0.00000
Tulanevirus	2560244	G	33	0	33	0.00000
Bragavirus	2948639	G	30	0	30	0.00000
Ceceduovirus	2842588	G	18	0	18	0.00000
Jiangsuvirus	2948770	G	18	0	18	0.00000
Pseudotevenvirus	2842979	G	14	0	14	0.00000
Schizotequatrovirus	1198137	G	11	0	11	0.00000
Potamoivirus	2948872	G	43	8	51	0.00000
Neritesvirus	2948838	G	35	1	36	0.00000
Serangoonvirus	3044820	G	33	0	33	0.00000
Thaumasvirus	2733136	G	23	0	23	0.00000
Bellamyvirus	2733096	G	23	0	23	0.00000
Lipsvirus	2948803	G	19	0	19	0.00000
Tamkungvirus	2733133	G	18	0	18	0.00000
Makelovirus	2948814	G	18	0	18	0.00000
Bristolvirus	2948640	G	14	0	14	0.00000
Sedonavirus	2948898	G	14	0	14	0.00000
Yushanluvirus	3044866	G	13	0	13	0.00000
Alisovirus	2946789	G	13	0	13	0.00000
Emcearvirus	2948696	G	11	0	11	0.00000
Chalconvirus	2948659	G	11	1	12	0.00000
Kuttervirus	2169536	G	53	0	53	0.00000
Kujavirus	2841277	G	17	0	17	0.00000
Caeruleovirus	1911929	G	67	0	67	0.00000
Matervirus	2842856	G	61	0	61	0.00000
Bequatrovirus	1917990	G	46	0	46	0.00000
Wphvirus	1922327	G	34	0	34	0.00000
Tsarbombavirus	1985181	G	30	0	30	0.00000
Agatevirus	1910931	G	20	0	20	0.00000
Moonbeamvirus	2842880	G	15	0	15	0.00000
Silviavirus	1857889	G	79	0	79	0.00000
Baoshanvirus	2732969	G	48	0	48	0.00000
Kayvirus	1857843	G	42	0	42	0.00000
Sepunavirus	1980928	G	24	0	24	0.00000
Sciuriunavirus	2732971	G	18	0	18	0.00000
Kochikohdavirus	2560160	G	29	0	29	0.00000
Pecentumvirus	1857844	G	23	0	23	0.00000
Harbinvirus	2732970	G	21	0	21	0.00000
Dalianvirus	3044699	G	334	0	334	0.00001
Kayfunavirus	2732686	G	31	0	31	0.00000
Teseptimavirus	110456	G	21	0	21	0.00000
Kaohsiungvirus	2731674	G	47	0	47	0.00000
Friunavirus	1985711	G	24	0	24	0.00000
Phimunavirus	2560202	G	12	0	12	0.00000
Tiamatvirus	2731983	G	22	0	22	0.00000
Voetvirus	2731986	G	14	0	14	0.00000
Pelagivirus	2731966	G	13	0	13	0.00000
Tequintavirus	187218	G	59	5	64	0.00000
Epseptimavirus	2732017	G	33	1	34	0.00000
Pogseptimavirus	2732037	G	92	0	92	0.00000
Sugarlandvirus	2560233	G	35	0	35	0.00000
Novosibvirus	2560189	G	32	0	32	0.00000
Ferozepurvirus	3044715	G	53	0	53	0.00000
Wellingtonvirus	2733140	G	25	0	25	0.00000
Serwervirus	3044821	G	23	0	23	0.00000
Miamivirus	3044763	G	22	0	22	0.00000
Machinavirus	2169624	G	22	0	22	0.00000
Phikzvirus	680115	G	13	2	15	0.00000
Agricanvirus	1984776	G	11	0	11	0.00000
Petsuvirus	2733122	G	11	0	11	0.00000
Meadowvirus	3044758	G	10	0	10	0.00000
Yushanvirus	2732965	G	169	0	169	0.00001
Cecivirus	1623290	G	181	0	181	0.00001
Alexandravirus	2733088	G	157	0	157	0.00001
Pacinivirus	2842934	G	22	0	22	0.00000
Littlefixvirus	2842828	G	21	0	21	0.00000
Matsuvirus	2842857	G	19	0	19	0.00000
Inbricusvirus	2842758	G	17	0	17	0.00000
Pollockvirus	2842973	G	13	0	13	0.00000
Triduovirus	2948933	G	10	0	10	0.00000
Takahashivirus	2843463	G	150	0	150	0.00001
Donellivirus	2843376	G	142	0	142	0.00001
Firehammervirus	1636617	G	67	0	67	0.00000
Fletchervirus	1636618	G	50	0	50	0.00000
Salutenavirus	2948890	G	25	0	25	0.00000
Likavirus	1982880	G	24	0	24	0.00000
Omarvirus	2948847	G	16	0	16	0.00000
Camvirus	1982879	G	13	0	13	0.00000
Arequatrovirus	1982881	G	11	0	11	0.00000
Quesadillavirus	2948877	G	32	0	32	0.00000
Pegunavirus	1623295	G	16	0	16	0.00000
Coopervirus	1982898	G	12	0	12	0.00000
Birdsnestvirus	2946829	G	12	0	12	0.00000
Pipefishvirus	1982899	G	11	0	11	0.00000
Tsamsavirus	3044849	G	57	0	57	0.00000
Sophritavirus	3044834	G	28	0	28	0.00000
Hanrivervirus	2560145	G	25	0	25	0.00000
Webervirus	1920860	G	25	0	25	0.00000
Rtpvirus	1920864	G	10	7	17	0.00000
Asteriusvirus	2560094	G	88	0	88	0.00000
Eneladusvirus	2560128	G	79	0	79	0.00000
Audreyjarvisvirus	2843351	G	76	0	76	0.00000
Gediminasvirus	2943007	G	33	0	33	0.00000
Salvovirus	2943016	G	10	0	10	0.00000
Innesvirus	3044739	G	27	0	27	0.00000
Emnonavirus	3044708	G	22	0	22	0.00000
Rollinsvirus	3044806	G	15	0	15	0.00000
Llyrvirus	2733111	G	69	0	69	0.00000
Bertelyvirus	2733152	G	22	0	22	0.00000
Poindextervirus	2733154	G	19	0	19	0.00000
Colossusvirus	2733153	G	18	0	18	0.00000
Unicornvirus	2948939	G	29	0	29	0.00000
Anayavirus	2946797	G	17	0	17	0.00000
Polybotosvirus	2560207	G	60	0	60	0.00000
Skunavirus	1623305	G	58	0	58	0.00000
Myrnavirus	2948833	G	45	0	45	0.00000
Bixzunavirus	680114	G	12	0	12	0.00000
Fipvunavirus	2560132	G	56	0	56	0.00000
Moineauvirus	1623304	G	12	31	43	0.00000
Ingelinevirus	2948766	G	43	0	43	0.00000
Alcyoneusvirus	2560086	G	50	0	50	0.00000
Fromanvirus	186764	G	45	0	45	0.00000
Manhattanvirus	2733192	G	31	3	34	0.00000
Lessievirus	1720323	G	43	0	43	0.00000
Mydovirus	2842888	G	29	0	29	0.00000
Kenyattavirus	3044744	G	33	0	33	0.00000
Kungbxnavirus	2843406	G	41	0	41	0.00000
Wizardvirus	2169658	G	21	0	21	0.00000
Chopinvirus	2843365	G	39	0	39	0.00000
Negarvirus	2560187	G	17	0	17	0.00000
Rosenblumvirus	680287	G	15	0	15	0.00000
Freyavirus	2948713	G	37	0	37	0.00000
Salmondvirus	2733130	G	35	0	35	0.00000
Karimacvirus	2843400	G	18	0	18	0.00000
Chakrabartyvirus	2560113	G	35	0	35	0.00000
Kagunavirus	1910992	G	17	0	17	0.00000
Jerseyvirus	1910991	G	12	0	12	0.00000
Teubervirus	2843466	G	35	0	35	0.00000
Vipetofemvirus	2948949	G	28	0	28	0.00000
Phabquatrovirus	2733123	G	34	0	34	0.00000
Bimevirus	3152907	G	20	6	26	0.00000
Cheoctovirus	1623281	G	22	9	31	0.00000
Pbunavirus	1198980	G	18	0	18	0.00000
Wifcevirus	2733141	G	10	0	10	0.00000
Lillamyvirus	2843418	G	29	0	29	0.00000
Nankokuvirus	1925779	G	25	0	25	0.00000
Efquatrovirus	2560124	G	28	0	28	0.00000
Mementomorivirus	2733194	G	27	0	27	0.00000
Evevirus	2948703	G	13	19	32	0.00000
Kirovvirus	3044745	G	23	0	23	0.00000
Hapunavirus	1198976	G	25	0	25	0.00000
Yihwangvirus	3044863	G	16	0	16	0.00000
Nymphadoravirus	2169636	G	19	3	22	0.00000
Eponavirus	2733103	G	24	0	24	0.00000
Nekkelsvirus	2948836	G	17	2	19	0.00000
Liefievirus	1623288	G	13	0	13	0.00000
Saclayvirus	2733128	G	24	0	24	0.00000
Gruunavirus	2948731	G	14	0	14	0.00000
Brucesealvirus	2842570	G	15	0	15	0.00000
Dismasvirus	2560122	G	23	0	23	0.00000
Miecznikowavirus	3152971	G	22	0	22	0.00000
Beenievirus	3044673	G	21	0	21	0.00000
Phleivirus	2948864	G	21	0	21	0.00000
Sextaecvirus	1922243	G	20	0	20	0.00000
Naesvirus	2733115	G	20	0	20	0.00000
Brigitvirus	2733097	G	20	0	20	0.00000
Lightbulbvirus	1918522	G	19	0	19	0.00000
Muldoonvirus	2843425	G	19	0	19	0.00000
Laroyevirus	1982086	G	19	0	19	0.00000
Bixiavirus	3044676	G	17	0	17	0.00000
Nanhaivirus	2560183	G	18	0	18	0.00000
Seejivirus	2948899	G	18	0	18	0.00000
Fremauxvirus	2843383	G	18	0	18	0.00000
Purkyvirus	2948875	G	11	0	11	0.00000
Goodmanvirus	2733179	G	17	0	17	0.00000
Turbidovirus	2948936	G	17	0	17	0.00000
Wroclawvirus	3044857	G	17	0	17	0.00000
Sarumanvirus	2843450	G	16	0	16	0.00000
Shirahamavirus	2843456	G	16	0	16	0.00000
Rivsvirus	3044804	G	16	0	16	0.00000
Latrobevirus	2843415	G	15	0	15	0.00000
Dhillonvirus	1623289	G	15	0	15	0.00000
Paopuvirus	2948855	G	15	0	15	0.00000
Kukulkanvirus	3044748	G	15	0	15	0.00000
Metrivirus	2560175	G	15	0	15	0.00000
Backyardiganvirus	2946815	G	14	0	14	0.00000
Leefvirus	2948798	G	14	0	14	0.00000
Mimasvirus	2560176	G	14	0	14	0.00000
Jujuvirus	2948772	G	13	0	13	0.00000
Cantarevirus	3044680	G	13	0	13	0.00000
Amoyvirus	2842543	G	10	0	10	0.00000
Pahexavirus	1982251	G	13	0	13	0.00000
Nevevirus	2843430	G	13	0	13	0.00000
Gamtrevirus	2560137	G	13	0	13	0.00000
Phrappuccinovirus	2948865	G	12	0	12	0.00000
Hiroshimavirus	3044731	G	12	0	12	0.00000
Ficleduovirus	2560131	G	12	0	12	0.00000
Mollymurvirus	3044768	G	12	0	12	0.00000
Benedictvirus	2946819	G	12	0	12	0.00000
Becedseptimavirus	2843358	G	11	0	11	0.00000
Deseoctovirus	2948678	G	11	0	11	0.00000
Menderavirus	2843421	G	10	0	10	0.00000
Craquatrovirus	3044694	G	10	0	10	0.00000
Identitycrisisvirus	3152970	G	10	0	10	0.00000
Skatevirus	2948910	G	10	11	21	0.00000
Callevirus	2948648	G	10	0	10	0.00000
Wbetavirus	1623308	G	10	1	11	0.00000
Demosthenesvirus	1982106	G	10	0	10	0.00000
Mollyvirus	2948826	G	10	0	10	0.00000
Muminvirus	2843426	G	10	77	87	0.00000
Roseolovirus	40272	G	107	0	107	0.00000
Proboscivirus	548689	G	54	0	54	0.00000
Cytomegalovirus	10358	G	48	0	48	0.00000
Muromegalovirus	10365	G	32	0	32	0.00000
Varicellovirus	10319	G	57	0	57	0.00000
Mardivirus	180252	G	27	0	27	0.00000
Simplexvirus	10294	G	21	0	21	0.00000
Rhadinovirus	10379	G	38	0	38	0.00000
Macavirus	548687	G	20	0	20	0.00000
Percavirus	548688	G	13	8	21	0.00000
Cyvirus	3044698	G	28	0	28	0.00000
Moumouvirus	3080801	G	603	12	615	0.00003
Tupanvirus	2094720	G	505	0	505	0.00002
Mimivirus	315393	G	427	6	433	0.00002
Megavirus	3044761	G	334	1	335	0.00001
Cotonvirus	3044693	G	257	2	259	0.00001
Fadolivirus	2763561	G	625	0	625	0.00003
Theiavirus	3044842	G	251	0	251	0.00001
Rheavirus	3044800	G	146	12	158	0.00001
Biavirus	3044674	G	318	0	318	0.00001
Kratosvirus	3044747	G	152	0	152	0.00001
Heliosvirus	3044727	G	19	0	19	0.00000
Iridovirus	10487	G	1156	0	1156	0.00005
Chloriridovirus	10491	G	93	0	93	0.00000
Daphniairidovirus	2842631	G	14	0	14	0.00000
Lymphocystivirus	10494	G	122	0	122	0.00001
Megalocytivirus	308906	G	13	0	13	0.00000
Ranavirus	10492	G	10	0	10	0.00000
Marseillevirus	1513458	G	50	0	50	0.00000
Losannavirus	3152990	G	25	0	25	0.00000
Ascovirus	43680	G	30	10	40	0.00000
Alphaorpheovirus	3153020	G	255	0	255	0.00001
Prymnesiovirus	181086	G	202	0	202	0.00001
Chlorovirus	181083	G	123	0	123	0.00001
Prasinovirus	181084	G	98	0	98	0.00000
Coccolithovirus	346673	G	58	0	58	0.00000
Phaeovirus	181085	G	40	38	78	0.00000
Raphidovirus	573012	G	12	0	12	0.00000
Avipoxvirus	10260	G	141	0	141	0.00001
Orthopoxvirus	10242	G	73	0	73	0.00000
Vespertilionpoxvirus	2733301	G	56	0	56	0.00000
Oryzopoxvirus	2733297	G	50	0	50	0.00000
Centapoxvirus	2005509	G	50	0	50	0.00000
Capripoxvirus	10265	G	32	27	59	0.00000
Yatapoxvirus	10282	G	22	0	22	0.00000
Cervidpoxvirus	573055	G	13	0	13	0.00000
Parapoxvirus	10257	G	11	0	11	0.00000
Betaentomopoxvirus	10286	G	205	0	205	0.00001
Alphaentomopoxvirus	62098	G	68	0	68	0.00000
Deltaentomopoxvirus	2733302	G	45	0	45	0.00000
Epsilonentomopoxvirus	3152696	G	21	5	26	0.00000
Asfivirus	39743	G	40	0	40	0.00000
Siadenovirus	129876	G	403	0	403	0.00002
Mastadenovirus	10509	G	134	0	134	0.00001
Aviadenovirus	10552	G	14	0	14	0.00000
Homochaacvirus	3044732	G	13	0	13	0.00000
Bracoviriform	2946836	G	969	0	969	0.00004
Ichnoviriform	2948762	G	15	0	15	0.00000
Alphabaculovirus	558016	G	467	4	471	0.00002
Betabaculovirus	558017	G	161	0	161	0.00001
Gammabaculovirus	558018	G	15	0	15	0.00000
Alphanudivirus	1511853	G	143	0	143	0.00001
Betanudivirus	1511854	G	20	0	20	0.00000
Alphafilamentovirus	3425038	G	53	0	53	0.00000
Glossinavirus	1285591	G	24	0	24	0.00000
Pidchovirus	2501975	G	30	0	30	0.00000
Goukovirus	1980420	G	16	0	16	0.00000
Orthonairovirus	1980517	G	44	0	44	0.00000
Orthodiscovirus	2948850	G	21	0	21	0.00000
Orthobunyavirus	11572	G	92	0	92	0.00000
Tibrovirus	1299306	G	24	0	24	0.00000
Ephemerovirus	32613	G	18	0	18	0.00000
Sprivivirus	1513299	G	10	0	10	0.00000
Alphanucleorhabdovirus	2733245	G	12	0	12	0.00000
Orthobornavirus	186458	G	17	0	17	0.00000
Culicidavirus	2842620	G	12	0	12	0.00000
Hepatovirus	12091	G	54	0	54	0.00000
Nepovirus	12270	G	14	0	14	0.00000
Cheravirus	310684	G	14	0	14	0.00000
Iflavirus	232799	G	20	5	25	0.00000
Torovirus	11155	G	11	0	11	0.00000
Betaarterivirus	2499674	G	15	3	18	0.00000
Deltacoronavirus	1159901	G	10	0	10	0.00000
Potyvirus	12195	G	99	0	99	0.00000
Mamastrovirus	249588	G	16	0	16	0.00000
Orthoflavivirus	3044782	G	42	2	44	0.00000
Fijivirus	10988	G	46	0	46	0.00000
Cypovirus	10981	G	10	0	10	0.00000
Alphachrysovirus	2560087	G	14	0	14	0.00000
Lughthovirus	3153213	G	18	0	18	0.00000
Badnavirus	10652	G	60	0	60	0.00000
Pandoravirus	2060084	G	372	45	417	0.00002
Alphapithovirus	3153073	G	14	0	14	0.00000
Alphacedratvirus	3152632	G	12	253	265	0.00001
Gemykibivirus	1941236	G	70	0	70	0.00000
Begomovirus	10814	G	35	0	35	0.00000
Mastrevirus	10812	G	17	44	61	0.00000
Gammapapillomavirus	325455	G	17	0	17	0.00000
Alphapolyomavirus	1891713	G	11	0	11	0.00000
Bocaparvovirus	1507401	G	10	0	10	0.00000
Lineavirus	1977142	G	14	0	14	0.00000
Betalipothrixvirus	341940	G	13	0	13	0.00000
