name	taxonomy_id	taxonomy_lvl	kraken_assigned_reads	added_reads	new_est_reads	fraction_total_reads
Citrobacter braakii	57706	S	3146265	14324519	17470784	0.12716
Citrobacter freundii	546	S	448649	1563187	2011836	0.01464
Citrobacter portucalensis	1639133	S	260348	408273	668621	0.00487
Citrobacter werkmanii	67827	S	64888	60777	125665	0.00091
Citrobacter cronae	1748967	S	25905	136321	162226	0.00118
Citrobacter youngae	133448	S	23703	70349	94052	0.00068
Citrobacter freundii complex sp. CFNIH2	2066049	S	13557	7308	20865	0.00015
Citrobacter freundii complex sp. CFNIH9	2077149	S	4402	15732	20134	0.00015
Citrobacter sp. MGH105	1686380	S	4297	31499	35796	0.00026
Citrobacter sp. BIDMC108	1686385	S	864	16561	17425	0.00013
Citrobacter freundii complex sp. CFNIH3	2077147	S	352	14997	15349	0.00011
Citrobacter freundii complex sp. CFNIH4	2077148	S	90	2963	3053	0.00002
Citrobacter sp. MGH103	1686378	S	57	4689	4746	0.00003
Citrobacter sp. ABFQG	2529121	S	45	9410	9455	0.00007
Citrobacter gillenii	67828	S	9945	7278	17223	0.00013
Citrobacter sedlakii	67826	S	4897	3075	7972	0.00006
Citrobacter sp. RHBSTW-00524	2742653	S	238157	1263645	1501802	0.01093
Citrobacter sp. TSA-1	184912	S	208548	1222517	1431065	0.01042
Citrobacter sp. RHBSTW-00887	2742668	S	168703	746660	915363	0.00666
Citrobacter sp. RHB35-C21	2742626	S	107544	533228	640772	0.00466
Citrobacter sp. RHB36-C18	2742627	S	70426	501712	572138	0.00416
Citrobacter sp. RHBSTW-00986	2742675	S	68979	389479	458458	0.00334
Citrobacter sp. RHBSTW-00570	2742655	S	67285	832025	899310	0.00655
Citrobacter sp. RHB25-C09	2742624	S	17410	301	17711	0.00013
Citrobacter sp. RHBSTW-00599	2742657	S	12328	222769	235097	0.00171
Citrobacter sp. R56	1573676	S	9046	572	9618	0.00007
Citrobacter sp. B72	2807631	S	8429	38129	46558	0.00034
Citrobacter sp. Colony219	2861802	S	6704	27672	34376	0.00025
Citrobacter sp. RHBSTW-00881	2742667	S	6221	106206	112427	0.00082
Citrobacter sp. On28M	2678565	S	5681	166	5847	0.00004
Citrobacter sp. LUTT5	2697370	S	5472	50537	56009	0.00041
Citrobacter sp. C1	2769343	S	4812	3130	7942	0.00006
Citrobacter sp. FDAARGOS_156	1702170	S	2877	10604	13481	0.00010
Citrobacter sp. BDA59-3	2781952	S	2575	218	2793	0.00002
Citrobacter sp. 21OH12SH02A-Citro	3015952	S	2549	44330	46879	0.00034
Citrobacter sp. CRE-46	1703250	S	2162	6593	8755	0.00006
Citrobacter sp. RHBSTW-00696	2742662	S	1879	42743	44622	0.00032
Citrobacter sp. RHBSTW-00903	2742670	S	1731	101926	103657	0.00075
Citrobacter sp. Colony322	2861801	S	1645	17126	18771	0.00014
Citrobacter sp. RHBSTW-00535	2742654	S	1454	87760	89214	0.00065
Citrobacter sp. RHBSTW-00229	2742641	S	1357	55308	56665	0.00041
Citrobacter sp. C13	2769347	S	1291	7047	8338	0.00006
Citrobacter sp. RHBSTW-00446	2742648	S	1223	386040	387263	0.00282
Citrobacter sp. RHBSTW-00944	2742671	S	1054	34951	36005	0.00026
Citrobacter sp. RHBSTW-00127	2742636	S	836	40197	41033	0.00030
Citrobacter sp. RHBSTW-00821	2742663	S	772	48277	49049	0.00036
Citrobacter sp. RHBSTW-01044	2742678	S	769	28241	29010	0.00021
Citrobacter sp. RHBSTW-00678	2742661	S	709	28256	28965	0.00021
Citrobacter sp. RHBSTW-01013	2742677	S	630	14821	15451	0.00011
Citrobacter sp. MGH 55	1439319	S	613	2012	2625	0.00002
Citrobacter sp. RHBSTW-00017	2742629	S	368	84115	84483	0.00061
Citrobacter sp. 172116965	2683822	S	340	29309	29649	0.00022
Citrobacter sp. RHBSTW-00021	2742630	S	327	53826	54153	0.00039
Citrobacter sp. RHBSTW-00848	2742665	S	327	70722	71049	0.00052
Citrobacter sp. RHBSTW-00107	2742635	S	323	312709	313032	0.00228
Citrobacter sp. RHBSTW-00053	2742632	S	310	15008	15318	0.00011
Citrobacter sp. RHBSTW-00424	2742647	S	282	47947	48229	0.00035
Citrobacter sp. RHB35-C17	2742625	S	270	1141	1411	0.00001
Citrobacter sp. RHBSTW-00667	2742659	S	267	36422	36689	0.00027
Citrobacter sp. RHBSTW-00976	2742674	S	264	13143	13407	0.00010
Citrobacter sp. RHBSTW-00859	2742666	S	258	479186	479444	0.00349
Citrobacter sp. RHBSTW-00137	2742638	S	251	72263	72514	0.00053
Citrobacter sp. RHBSTW-00628	2742658	S	224	226170	226394	0.00165
Citrobacter sp. Colony475	2861800	S	178	2126	2304	0.00002
Citrobacter sp. CFNIH10	1920110	S	149	740	889	0.00001
Citrobacter sp. XT1-2-2	2942480	S	102	1766	1868	0.00001
Citrobacter sp. CF971	2566012	S	85	2214	2299	0.00002
Citrobacter sp. S39	2660638	S	82	1574	1656	0.00001
Citrobacter sp. C5_2	2769344	S	34	103311	103345	0.00075
Citrobacter sp. Y3	2716879	S	32	614	646	0.00000
Citrobacter sp. C6_1	2769345	S	31	115780	115811	0.00084
Citrobacter sp. SX206	2712025	S	30	50435	50465	0.00037
Citrobacter sp. C6_2	2769346	S	24	127209	127233	0.00093
Citrobacter sp. SX212	2712024	S	10	1465	1475	0.00001
Citrobacter europaeus	1914243	S	129597	25550	155147	0.00113
Citrobacter meridianamericanus	2894201	S	88979	13395	102374	0.00075
Citrobacter arsenatis	2546350	S	83002	11508	94510	0.00069
Citrobacter tructae	2562449	S	52451	2131	54582	0.00040
Citrobacter koseri	545	S	25363	28884	54247	0.00039
Citrobacter farmeri	67824	S	23127	1698	24825	0.00018
Citrobacter amalonaticus	35703	S	21536	28996	50532	0.00037
Citrobacter enshiensis	2971264	S	21515	1112	22627	0.00016
Citrobacter pasteurii	1563222	S	15983	37520	53503	0.00039
Citrobacter rodentium	67825	S	15277	1017	16294	0.00012
Klebsiella variicola	244366	S	170039	686783	856822	0.00624
Klebsiella pneumoniae	573	S	106406	825276	931682	0.00678
Klebsiella quasipneumoniae	1463165	S	23802	54982	78784	0.00057
Klebsiella quasivariicola	2026240	S	2830	848	3678	0.00003
Klebsiella oxytoca	571	S	165456	16801	182257	0.00133
Klebsiella planticola	575	S	82837	88678	171515	0.00125
Klebsiella aerogenes	548	S	29772	3161	32933	0.00024
Klebsiella sp. WOUb02	3161071	S	4825	544	5369	0.00004
Klebsiella sp. I138	2755385	S	3869	150	4019	0.00003
Klebsiella sp. B345	2755398	S	2254	2599	4853	0.00004
Klebsiella sp. R445	2755393	S	1641	738	2379	0.00002
Klebsiella sp. R390	2755400	S	1306	1495	2801	0.00002
Klebsiella sp. MISC125	2755386	S	1106	1431	2537	0.00002
Klebsiella sp. HC6	2923366	S	1043	434	1477	0.00001
Klebsiella sp. MPUS7	2697371	S	579	5085	5664	0.00004
Klebsiella sp. A52	2834819	S	414	453	867	0.00001
Klebsiella sp. FDAARGOS_511	2488567	S	267	1692	1959	0.00001
Klebsiella sp. CTHL.F3a	2873296	S	164	768	932	0.00001
Klebsiella sp. LY	2015795	S	103	4007	4110	0.00003
Klebsiella sp. w6	3081203	S	69	1221	1290	0.00001
Klebsiella sp. P1CD1	2267618	S	65	526	591	0.00000
Klebsiella sp. DY2415	2993656	S	63	599	662	0.00000
Klebsiella sp. BDA134-6	2787706	S	52	282	334	0.00000
Klebsiella sp. R2A007	3416669	S	45	115	160	0.00000
Klebsiella sp. WP8-S18-ESBL-06	2675726	S	44	1230	1274	0.00001
Klebsiella sp. KPN54798	2897413	S	37	2353	2390	0.00002
Klebsiella sp. PL-2018	2851540	S	26	72	98	0.00000
Klebsiella sp. LTGPAF-6F	1905288	S	21	380	401	0.00000
Klebsiella sp. PCX	2686364	S	15	2312	2327	0.00002
Klebsiella sp. XY-1	2799495	S	15	230	245	0.00000
Klebsiella sp. X13	2259647	S	14	136	150	0.00000
Klebsiella sp. K4	2769349	S	14	573	587	0.00000
Klebsiella sp. ZJOU C1	3111629	S	12	380	392	0.00000
Klebsiella michiganensis	1134687	S	17292	20678	37970	0.00028
Klebsiella ornithinolytica	54291	S	8740	27196	35936	0.00026
Klebsiella huaxiensis	2153354	S	5280	1161	6441	0.00005
Klebsiella grimontii	2058152	S	4204	13682	17886	0.00013
Klebsiella electrica	1259973	S	3409	219	3628	0.00003
Klebsiella africana	2489010	S	2907	570	3477	0.00003
Klebsiella terrigena	577	S	2681	1252	3933	0.00003
Klebsiella pasteurii	2587529	S	1092	5012	6104	0.00004
Buttiauxella agrestis	82977	S	540487	23328	563815	0.00410
Buttiauxella sp. WJP83	2986951	S	108732	23414	132146	0.00096
Buttiauxella sp. 3AFRM03	2479367	S	35624	96444	132068	0.00096
Buttiauxella selenatireducens	3073902	S	121615	24833	146448	0.00107
Buttiauxella ferragutiae	82989	S	34402	104046	138448	0.00101
Enterobacter hormaechei	158836	S	66677	108818	175495	0.00128
Enterobacter cloacae	550	S	18680	4342	23022	0.00017
Enterobacter ludwigii	299767	S	16617	7957	24574	0.00018
Enterobacter roggenkampii	1812935	S	13092	2823	15915	0.00012
Enterobacter asburiae	61645	S	12269	5389	17658	0.00013
Enterobacter kobei	208224	S	10000	7643	17643	0.00013
Enterobacter cancerogenus	69218	S	7460	182	7642	0.00006
Enterobacter cloacae complex sp.	2027919	S	1584	311	1895	0.00001
Enterobacter cloacae complex sp. ECL405	2912630	S	1128	6774	7902	0.00006
Enterobacter cloacae complex sp. Mu1197	3152302	S	300	68	368	0.00000
Enterobacter cloacae complex sp. FDA-CDC-AR_0164	2077136	S	288	531	819	0.00001
Enterobacter sp. BIDMC 29	1329841	S	159	126	285	0.00000
Enterobacter cloacae complex sp. R_G8	2969431	S	132	239	371	0.00000
Enterobacter cloacae complex sp. FDA-CDC-AR_0132	2077137	S	24	57	81	0.00000
Enterobacter cloacae complex sp. ECL414	2912628	S	10	231	241	0.00000
Enterobacter sichuanensis	2071710	S	3139	156	3295	0.00002
Enterobacter chengduensis	2494701	S	3115	278	3393	0.00002
Enterobacter chuandaensis	2497875	S	2327	153	2480	0.00002
Enterobacter pasteurii	3029761	S	1151	398	1549	0.00001
Enterobacter mori	539813	S	53703	3035	56738	0.00041
Enterobacter sp. SGAir0187	2836161	S	6624	813	7437	0.00005
Enterobacter sp. RHBSTW-00994	2742676	S	4157	54	4211	0.00003
Enterobacter sp. SA197	2937860	S	3898	26	3924	0.00003
Enterobacter sp. ECC-175	3116479	S	2676	33	2709	0.00002
Enterobacter sp. T2	2707174	S	2563	4361	6924	0.00005
Enterobacter sp. CP102	2976431	S	2127	57	2184	0.00002
Enterobacter sp. JS8-1	3411633	S	1939	317	2256	0.00002
Enterobacter sp. C2	2870346	S	1668	21	1689	0.00001
Enterobacter sp. Colony194	2866201	S	1580	139	1719	0.00001
Enterobacter sp. JBIWA005	2831891	S	1288	602	1890	0.00001
Enterobacter sp. ECC-219	3116480	S	1243	45	1288	0.00001
Enterobacter sp. RHBSTW-00175	2742639	S	1210	255	1465	0.00001
Enterobacter sp. SA187	1914861	S	1084	447	1531	0.00001
Enterobacter sp. PGRG2	3104013	S	931	424	1355	0.00001
Enterobacter sp. 638	399742	S	917	107	1024	0.00001
Enterobacter sp. ECC-019	3116478	S	793	59	852	0.00001
Enterobacter sp. BNK-18	3376155	S	720	555	1275	0.00001
Enterobacter sp. ECC-249	3116481	S	465	42	507	0.00000
Enterobacter sp. JBIWA003	2831890	S	428	115	543	0.00000
Enterobacter sp. R4-368	1166130	S	377	89	466	0.00000
Enterobacter sp. JUb54	2724468	S	336	318	654	0.00000
Enterobacter sp. N18-03635	2500132	S	291	278	569	0.00000
Enterobacter sp. S-33	3026145	S	182	173	355	0.00000
Enterobacter sp. ODB01	1827481	S	145	293	438	0.00000
Enterobacter sp. DTU_2021_1002640_1_SI_PRY_ASU_LCPMC_013	3077940	S	142	41	183	0.00000
Enterobacter sp. JJBC	3080020	S	77	48	125	0.00000
Enterobacter sp. AN-K1	2894203	S	68	76	144	0.00000
Enterobacter sp. HK169	1868135	S	68	45	113	0.00000
Enterobacter sp. E12	2769348	S	60	30	90	0.00000
Enterobacter sp. D2	3102784	S	52	4	56	0.00000
Enterobacter sp. 155105	2980499	S	39	1072	1111	0.00001
Enterobacter sp. SES19	2705458	S	36	10	46	0.00000
Enterobacter sp. IBGEEm25P6	3475615	S	26	37	63	0.00000
Enterobacter sp. E20	1560339	S	24	20	44	0.00000
Enterobacter sp. 18A13	2565914	S	23	35	58	0.00000
Enterobacter sp.	42895	S	21	56	77	0.00000
Enterobacter sp. RHBSTW-00593	2742656	S	21	36	57	0.00000
Enterobacter sp. RHBSTW-00422	2742646	S	18	90	108	0.00000
Enterobacter sp. DNB-S2	2720029	S	18	10	28	0.00000
Enterobacter sp. BNK-14	3376151	S	16	56	72	0.00000
Enterobacter sp. R-25	3404057	S	13	10	23	0.00000
Enterobacter sp. fkY84-1	3309000	S	12	882	894	0.00001
Enterobacter soli	885040	S	7673	341	8014	0.00006
Enterobacter bugandensis	881260	S	4521	657	5178	0.00004
Enterobacter wuhouensis	2529381	S	3658	122	3780	0.00003
Enterobacter oligotrophicus	2478464	S	3338	57	3395	0.00002
Enterobacter huaxiensis	2494702	S	2718	51	2769	0.00002
Enterobacter adelaidei	3142537	S	1866	148	2014	0.00001
Enterobacter pseudoroggenkampii	2996112	S	1687	213	1900	0.00001
Enterobacter quasiroggenkampii	2497436	S	403	76	479	0.00000
Enterobacter vonholyi	2797505	S	19	13	32	0.00000
Escherichia coli	562	S	197624	370753	568377	0.00414
Escherichia albertii	208962	S	26143	2983	29126	0.00021
Escherichia marmotae	1499973	S	6148	623	6771	0.00005
Escherichia fergusonii	564	S	4386	1645	6031	0.00004
Escherichia sp. E4742	2044467	S	3593	435	4028	0.00003
Escherichia sp. F1	1849427	S	326	1221	1547	0.00001
Escherichia sp. HH091_1A	2509662	S	98	489	587	0.00000
Escherichia ruysiae	2608867	S	171	185	356	0.00000
Salmonella enterica	28901	S	138925	97393	236318	0.00172
Salmonella bongori	54736	S	3705	1418	5123	0.00004
Salmonella sp. SA14318	3030529	S	16	2	18	0.00000
Dryocola mayonis	3133271	S	16102	1428	17530	0.00013
Dryocola sp. LX212	3242728	S	15243	523	15766	0.00011
Dryocola sharpae	3133272	S	14628	1249	15877	0.00012
Kluyvera genomosp. 3	2774055	S	19776	4349	24125	0.00018
Kluyvera intermedia	61648	S	7904	213	8117	0.00006
Kluyvera ascorbata	51288	S	4911	385	5296	0.00004
Kluyvera cryocrescens	580	S	4906	146	5052	0.00004
Kluyvera sichuanensis	2725494	S	3310	42	3352	0.00002
Kluyvera georgiana	73098	S	1879	43	1922	0.00001
Kluyvera sp. CRP	2873269	S	267	54	321	0.00000
Kosakonia cowanii	208223	S	6333	1147	7480	0.00005
Kosakonia arachidis	551989	S	6320	220	6540	0.00005
Kosakonia sp. ML.JS2a	2980557	S	2327	141	2468	0.00002
Kosakonia sp. SMBL-WEM22	2725560	S	1243	154	1397	0.00001
Kosakonia sp. MUSA4	2067958	S	977	165	1142	0.00001
Kosakonia sp. CCTCC M2018092	2492396	S	424	214	638	0.00000
Kosakonia radicincitans	283686	S	4167	3778	7945	0.00006
Kosakonia sacchari	1158459	S	3728	504	4232	0.00003
Kosakonia calanthes	3139408	S	3557	58	3615	0.00003
Kosakonia beeri	3458729	S	2599	38	2637	0.00002
Kosakonia pseudosacchari	1646340	S	2512	270	2782	0.00002
Kosakonia styphnolobii	3064532	S	2437	36	2473	0.00002
Kosakonia oryzendophytica	1005665	S	1918	116	2034	0.00001
Kosakonia oryzae	497725	S	1829	360	2189	0.00002
Cedecea neteri	158822	S	27990	1382	29372	0.00021
Cedecea lapagei	158823	S	4077	472	4549	0.00003
Cedecea davisae	158484	S	1433	3090	4523	0.00003
Cedecea sp. FDAARGOS_727	2545798	S	1383	3137	4520	0.00003
Cronobacter dublinensis	413497	S	7048	834	7882	0.00006
Cronobacter turicensis	413502	S	4070	592	4662	0.00003
Cronobacter sakazakii	28141	S	3926	2899	6825	0.00005
Cronobacter condimenti	1163710	S	2729	200	2929	0.00002
Cronobacter malonaticus	413503	S	2397	1132	3529	0.00003
Cronobacter universalis	535744	S	602	265	867	0.00001
Cronobacter muytjensii	413501	S	364	875	1239	0.00001
Cronobacter sp. JZ38	1906275	S	251	684	935	0.00001
Leclercia adecarboxylata	83655	S	9473	6644	16117	0.00012
Leclercia sp. 29361	2714951	S	2656	221	2877	0.00002
Leclercia sp. S52	3138178	S	1287	93	1380	0.00001
Leclercia sp. W17	2282309	S	433	422	855	0.00001
Leclercia sp. W6	2282310	S	373	312	685	0.00000
Leclercia sp. J807	2681307	S	258	140	398	0.00000
Leclercia sp. 119287	2681308	S	207	277	484	0.00000
Leclercia sp. TB492	3412682	S	195	217	412	0.00000
Leclercia sp. G3L	2898725	S	153	205	358	0.00000
Leclercia sp. LSNIH3	1920116	S	75	1640	1715	0.00001
Leclercia sp. Colony189	2681309	S	28	295	323	0.00000
Leclercia sp. LSNIH1	1920114	S	26	104	130	0.00000
Leclercia pneumoniae	2815358	S	3756	79	3835	0.00003
Lelliottia amnigena	61646	S	9046	347	9393	0.00007
Lelliottia sp. JS-SCA-14	3110110	S	2757	91	2848	0.00002
Lelliottia sp. AC1	2067959	S	885	555	1440	0.00001
Lelliottia sp. WB101	2153385	S	657	395	1052	0.00001
Lelliottia nimipressuralis	69220	S	2590	2089	4679	0.00003
Pseudocitrobacter corydidari	2891570	S	7912	869	8781	0.00006
Pseudocitrobacter faecalis	1398493	S	3420	358	3778	0.00003
Phytobacter cepae	3458728	S	3423	30	3453	0.00003
Phytobacter ursingii	1972431	S	2414	175	2589	0.00002
Phytobacter sp. SCO41	1756993	S	283	95	378	0.00000
Phytobacter sp. MRY16-398	2487150	S	192	1413	1605	0.00001
Phytobacter diazotrophicus	395631	S	345	836	1181	0.00001
[Enterobacter] lignolyticus	1334193	S	4894	44	4938	0.00004
Pluralibacter gergoviae	61647	S	3265	57	3322	0.00002
Atlantibacter hermannii	565	S	4848	93	4941	0.00004
Atlantibacter subterraneus	255519	S	2164	119	2283	0.00002
Siccibacter colletis	1505757	S	3923	83	4006	0.00003
Siccibacter turicensis	357233	S	2744	96	2840	0.00002
Symbiopectobacterium purcellii	2871826	S	3531	11	3542	0.00003
Symbiopectobacterium sp. Eva_TO	3453666	S	269	0	269	0.00000
secondary endosymbiont of Ctenarytaina eucalypti	1199245	S	411	3	414	0.00000
Candidatus Regiella endosymbiont of Tuberolachnus salignus	3077956	S	270	5	275	0.00000
Candidatus Williamhamiltonella defendens	138072	S	72	83	155	0.00000
secondary endosymbiont of Heteropsylla cubana	134287	S	93	1	94	0.00000
Blochmannia endosymbiont of Colobopsis nipponica	2681987	S	413	1	414	0.00000
Blochmannia endosymbiont of Camponotus nipponensis	2681986	S	197	2	199	0.00000
Blochmannia endosymbiont of Camponotus sp.	700220	S	76	5	81	0.00000
Blochmannia endosymbiont of Camponotus modoc	2945587	S	58	23	81	0.00000
Blochmannia endosymbiont of Camponotus (Colobopsis) obliquus	1505597	S	15	0	15	0.00000
Blochmannia endosymbiont of Polyrhachis (Hedomyrma) turneri	1505596	S	14	0	14	0.00000
Candidatus Blochmanniella vafra	251535	S	24	0	24	0.00000
Candidatus Blochmanniella camponoti	108080	S	15	7	22	0.00000
Candidatus Hartigia pinicola	1345115	S	308	1	309	0.00000
Candidatus Doolittlea endobia	1778262	S	136	0	136	0.00000
Candidatus Mikella endobia	1778264	S	117	4	121	0.00000
Candidatus Annandia pinicola	1345117	S	83	3	86	0.00000
Candidatus Tachikawaea gelatinosa	1410383	S	84	5	89	0.00000
Candidatus Gullanella endobia	1070130	S	74	0	74	0.00000
Candidatus Hoaglandella endobia	1778263	S	59	0	59	0.00000
secondary endosymbiont of Trabutina mannipara	1835721	S	40	0	40	0.00000
Candidatus Purcelliella pentastirinorum	472834	S	20	0	20	0.00000
Yokenella regensburgei	158877	S	5420	95	5515	0.00004
Scandinavium goeteborgense	1851514	S	5265	26	5291	0.00004
Franconibacter daqui	2047724	S	2725	99	2824	0.00002
Franconibacter helveticus	357240	S	2420	6	2426	0.00002
Superficieibacter sp. BNK-5	3376142	S	2483	381	2864	0.00002
Superficieibacter sp. HKU1	3031919	S	1950	310	2260	0.00002
Mangrovibacter phragmitis	1691903	S	4964	119	5083	0.00004
Jejuibacter sp. L23	3092086	S	1335	1978	3313	0.00002
Jejuibacter calystegiae	2579935	S	901	601	1502	0.00001
Pseudescherichia vulneris	566	S	3719	122	3841	0.00003
Trabulsiella odontotermitis	379893	S	3697	93	3790	0.00003
Shimwellia blattae	563	S	2517	10	2527	0.00002
Shigella flexneri	623	S	817	4492	5309	0.00004
Shigella boydii	621	S	560	1142	1702	0.00001
Shigella dysenteriae	622	S	526	665	1191	0.00001
Shigella sonnei	624	S	131	384	515	0.00000
Plesiomonas shigelloides	703	S	1852	21	1873	0.00001
Candidatus Profftia tarda	1177216	S	404	5	409	0.00000
Candidatus Profftia sp. (ex Adelges kitamiensis)	2864218	S	72	1	73	0.00000
Candidatus Profftia lariciata	1987921	S	64	1	65	0.00000
Enterobacteriaceae endosymbiont of Donacia piscatrix	2675780	S	52	72	124	0.00000
Enterobacteriaceae endosymbiont of Donacia vulgaris	2675789	S	32	44	76	0.00000
Enterobacteriaceae endosymbiont of Donacia tomentosa	2675787	S	32	4	36	0.00000
Enterobacteriaceae endosymbiont of Donacia sparganii	2675785	S	13	12	25	0.00000
Candidatus Gillettellia adelgis	1177218	S	187	0	187	0.00000
Candidatus Curculioniphilus buchneri	690594	S	107	0	107	0.00000
Candidatus Moranella endobia	1048758	S	64	0	64	0.00000
Candidatus Schneideria nysicola	1081631	S	41	0	41	0.00000
Candidatus Riesia pediculischaeffi	428411	S	15	3	18	0.00000
Candidatus Riesia pediculicola	401619	S	12	2	14	0.00000
Candidatus Ishikawella capsulata	168169	S	29	0	29	0.00000
Candidatus Psyllophila symbiotica	2916464	S	12	0	12	0.00000
Serratia fonticola	47917	S	11693843	956339	12650182	0.09207
Serratia sp. L9	3423946	S	373376	2633	376009	0.00274
Serratia sp. 3ACOL1	2448483	S	291319	30072	321391	0.00234
Serratia sp. D1N4	3569184	S	162487	842	163329	0.00119
Serratia sp. JSRIV001	2831893	S	119586	107416	227002	0.00165
Serratia sp. JSRIV004	2831895	S	73677	69348	143025	0.00104
Serratia sp. JSRIV006	2831896	S	71571	56446	128017	0.00093
Serratia sp. JSRIV002	2831894	S	64868	41690	106558	0.00078
Serratia sp. UGAL515B_01	2986763	S	47719	239	47958	0.00035
Serratia sp. FDAARGOS_506	2420306	S	8216	575	8791	0.00006
Serratia sp. FGI94	671990	S	5665	502	6167	0.00004
Serratia sp. PAMC26656	2775909	S	5372	708	6080	0.00004
Serratia sp. NFX21	3402279	S	4039	898	4937	0.00004
Serratia sp. 1D1416	2447890	S	2333	916	3249	0.00002
Serratia sp. MYb239	2033438	S	1904	1506	3410	0.00002
Serratia sp. P2ACOL2	2482769	S	1848	842	2690	0.00002
Serratia sp. JUb9	2724469	S	1507	1211	2718	0.00002
Serratia sp. AXJ-M	2754727	S	1424	1034	2458	0.00002
Serratia sp. ID 25-353	3680078	S	1329	824	2153	0.00002
Serratia sp. Tan611	2773264	S	1311	1033	2344	0.00002
Serratia sp. BNK-12	3376149	S	1133	1133	2266	0.00002
Serratia sp. SSNIH1	1758196	S	818	1762	2580	0.00002
Serratia sp. BNK-10	3376147	S	542	621	1163	0.00001
Serratia sp. SCBI	488142	S	537	688	1225	0.00001
Serratia sp. 2C06	3416180	S	331	663	994	0.00001
Serratia sp. NGAS9	2697369	S	322	632	954	0.00001
Serratia sp. CMO1	2785630	S	319	790	1109	0.00001
Serratia sp. LS-1	2485839	S	272	712	984	0.00001
Serratia sp. (in: enterobacteria)	616	S	262	471	733	0.00001
Serratia sp. FS14	1327989	S	225	146	371	0.00000
Serratia sp. JKS000199	1938820	S	165	488	653	0.00000
Serratia sp. szju	3375638	S	111	844	955	0.00001
Serratia sp. BNK-23	3376158	S	103	646030	646133	0.00470
Serratia sp. K-E0102	3021405	S	37	524	561	0.00000
Serratia sp. BNK-26-b	3376163	S	34	31356	31390	0.00023
Serratia aquatilis	1737515	S	113375	456	113831	0.00083
Serratia proteamaculans	28151	S	104958	4038	108996	0.00079
Serratia marcescens	615	S	90610	67221	157831	0.00115
Serratia plymuthica	82996	S	57557	6993	64550	0.00047
Serratia odorifera	618	S	51143	435	51578	0.00038
Serratia liquefaciens	614	S	47406	8619	56025	0.00041
Serratia entomophila	42906	S	35790	1857	37647	0.00027
Serratia inhibens	2338073	S	32441	1078	33519	0.00024
Serratia grimesii	82995	S	29593	349	29942	0.00022
Serratia symbiotica	138074	S	22022	78	22100	0.00016
Serratia rubidaea	61652	S	18514	843	19357	0.00014
Serratia quinivorans	137545	S	15586	1976	17562	0.00013
Serratia surfactantfaciens	2741499	S	13027	635	13662	0.00010
Serratia ureilytica	300181	S	12612	9009	21621	0.00016
Serratia rhizosphaerae	2597702	S	5690	416	6106	0.00004
Serratia nevei	2703794	S	3005	5658	8663	0.00006
Serratia bockelmannii	2703793	S	1669	3491	5160	0.00004
Serratia ficaria	61651	S	919	448	1367	0.00001
Serratia nematodiphila	458197	S	679	1248	1927	0.00001
Serratia sarumanii	3020826	S	405	2227	2632	0.00002
Yersinia enterocolitica	630	S	47574	5331	52905	0.00039
Yersinia ruckeri	29486	S	9766	226	9992	0.00007
Yersinia pseudotuberculosis	633	S	3595	451	4046	0.00003
Yersinia similis	367190	S	986	17	1003	0.00001
Yersinia pestis	632	S	604	7441	8045	0.00006
Yersinia entomophaga	935293	S	4711	103	4814	0.00004
Yersinia hibernica	2339259	S	4672	226	4898	0.00004
Yersinia intermedia	631	S	4475	3862	8337	0.00006
Yersinia aleksiciae	263819	S	4193	225	4418	0.00003
Yersinia frederiksenii	29484	S	2955	1936	4891	0.00004
Yersinia mollaretii	33060	S	2508	102	2610	0.00002
Yersinia rohdei	29485	S	2137	57	2194	0.00002
Yersinia aldovae	29483	S	1759	79	1838	0.00001
Yersinia alsatica	2890317	S	1712	96	1808	0.00001
Yersinia canariae	2607663	S	1608	68	1676	0.00001
Yersinia vastinensis	2890318	S	1485	56	1541	0.00001
Yersinia kristensenii	28152	S	1339	96	1435	0.00001
Yersinia rochesterensis	1604335	S	1209	1226	2435	0.00002
Yersinia fenwicki	3344550	S	1191	88	1279	0.00001
Yersinia bercovieri	634	S	574	1826	2400	0.00002
Yersinia massiliensis	419257	S	503	745	1248	0.00001
Yersinia sp. SCPM-O-B-9106 (C-191)	2992843	S	352	412	764	0.00001
Yersinia sp. KBS0713	1179669	S	49	158	207	0.00000
Chania multitudinisentens	1639108	S	33789	160	33949	0.00025
Rahnella sikkimica	1805933	S	2791	168	2959	0.00002
Rahnella aceris	2703885	S	2523	582	3105	0.00002
Rahnella variigena	574964	S	2494	713	3207	0.00002
Rahnella sp. PAMC25559	3423225	S	2368	224	2592	0.00002
Rahnella bonaserana	2816248	S	2094	742	2836	0.00002
Rahnella victoriana	1510570	S	1931	445	2376	0.00002
Rahnella inusitata	58169	S	1678	179	1857	0.00001
Rahnella aquatilis	34038	S	1439	337	1776	0.00001
Gibbsiella quercinecans	929813	S	3022	920	3942	0.00003
Gibbsiella dentisursi	796890	S	2576	1306	3882	0.00003
Rouxiella badensis	1646377	S	3695	109	3804	0.00003
Rouxiella chamberiensis	1513468	S	1339	22	1361	0.00001
Rouxiella sp. WC2420	3234145	S	1064	25	1089	0.00001
Ewingella americana	41202	S	2386	13	2399	0.00002
Nissabacter sp. SGAir0207	2126321	S	1644	6	1650	0.00001
Chimaeribacter arupi	2060066	S	943	11	954	0.00001
Candidatus Fukatsuia anoeciicola	2994492	S	77	201	278	0.00000
Hafnia paralvei	546367	S	8942185	436112	9378297	0.06826
Hafnia alvei	569	S	177339	46389	223728	0.00163
Hafnia sp. CBA7124	1848580	S	29	56	85	0.00000
Edwardsiella tarda	636	S	14038	15728	29766	0.00022
Edwardsiella piscicida	1263550	S	2521	4487	7008	0.00005
Edwardsiella ictaluri	67780	S	799	2148	2947	0.00002
Edwardsiella hoshinae	93378	S	787	447	1234	0.00001
Edwardsiella anguillarum	1821960	S	24	24140	24164	0.00018
Obesumbacterium proteus	82983	S	15309	1263	16572	0.00012
Morganella morganii	582	S	621410	21546	642956	0.00468
Providencia rettgeri	587	S	45344	62488	107832	0.00078
Providencia sp. R33	2828763	S	1422	29	1451	0.00001
Providencia sp. PROV024	2949758	S	752	4899	5651	0.00004
Providencia sp. PROV170	2936792	S	581	15128	15709	0.00011
Providencia sp. PROV114	2949825	S	553	6650	7203	0.00005
Providencia sp. PROV046	2949776	S	401	2835	3236	0.00002
Providencia sp. PROV040	2949771	S	393	5102	5495	0.00004
Providencia sp. PROV252	2936799	S	351	644	995	0.00001
Providencia sp. PROV175	2949878	S	327	1454	1781	0.00001
Providencia sp. PROV099	2949815	S	317	8665	8982	0.00007
Providencia sp. 21OH12SH02B-Prov	3015951	S	307	508	815	0.00001
Providencia sp. PROV012	2936772	S	304	26390	26694	0.00019
Providencia sp. TYF-12	3151124	S	299	732	1031	0.00001
Providencia sp. PROV188	2939731	S	225	97	322	0.00000
Providencia sp. PROV200	2936794	S	219	453	672	0.00000
Providencia sp. PROV236	2936798	S	160	305	465	0.00000
Providencia sp. PROV080	2936780	S	100	1055	1155	0.00001
Providencia sp. PROV162	2936791	S	46	48658	48704	0.00035
Providencia sp. PROV004	2936768	S	36	17776	17812	0.00013
Providencia sp. PROV101	2936786	S	21	3892	3913	0.00003
Providencia sp. PROV081	2936781	S	15	90522	90537	0.00066
Providencia sp. PROV278	2936803	S	12	1311	1323	0.00001
Providencia sp. PROV272	2936800	S	11	73	84	0.00000
Providencia stuartii	588	S	18876	18515	37391	0.00027
Providencia alcalifaciens	126385	S	17800	945	18745	0.00014
Providencia huashanensis	3037798	S	3757	6754	10511	0.00008
Providencia hangzhouensis	3031799	S	3723	37949	41672	0.00030
Providencia huaxiensis	2027290	S	2863	460	3323	0.00002
Providencia rustigianii	158850	S	1466	39	1505	0.00001
Providencia sneebia	516075	S	1272	27	1299	0.00001
Providencia heimbachae	333962	S	1031	144	1175	0.00001
Providencia manganoxydans	2923283	S	987	326	1313	0.00001
Providencia lanzhouensis	3378099	S	876	452	1328	0.00001
Providencia xihuensis	3342830	S	246	238	484	0.00000
Providencia zhijiangensis	3053982	S	160	46	206	0.00000
Providencia vermicola	333965	S	53	349	402	0.00000
Candidatus Providencia siddallii	1715285	S	34	0	34	0.00000
Proteus mirabilis	584	S	3844	319	4163	0.00003
Proteus sp. NMG38-2	2883107	S	859	2252	3111	0.00002
Proteus sp. 3M	1232493	S	570	326	896	0.00001
Proteus sp. ZN5	2697019	S	506	127	633	0.00000
Proteus sp. CD3	1921565	S	22	15	37	0.00000
Proteus terrae	1574161	S	1387	1306	2693	0.00002
Proteus vulgaris	585	S	692	174	866	0.00001
Proteus hauseri	183417	S	374	5	379	0.00000
Proteus columbae	1987580	S	229	32	261	0.00000
Proteus faecis	2050967	S	227	14	241	0.00000
Proteus penneri	102862	S	161	18	179	0.00000
Proteus appendicitidis	3034648	S	51	34	85	0.00000
Xenorhabdus stockiae	351614	S	998	21	1019	0.00001
Xenorhabdus bovienii	40576	S	917	37	954	0.00001
Xenorhabdus griffiniae	351672	S	689	215	904	0.00001
Xenorhabdus doucetiae	351671	S	634	15	649	0.00000
Xenorhabdus nematophila	628	S	604	22	626	0.00000
Xenorhabdus taiwanensis	3085177	S	589	58	647	0.00000
Xenorhabdus hominickii	351679	S	347	12	359	0.00000
Xenorhabdus budapestensis	290110	S	314	11	325	0.00000
Xenorhabdus bakwenae	3026967	S	311	15	326	0.00000
Xenorhabdus sp. TH1	3130166	S	260	196	456	0.00000
Xenorhabdus poinarii	40577	S	242	10	252	0.00000
Arsenophonus nasoniae	638	S	3512	267	3779	0.00003
Arsenophonus endosymbiont of Crataerina pallida	3066235	S	224	82	306	0.00000
Arsenophonus endosymbiont of Aleurodicus dispersus	235559	S	207	0	207	0.00000
Arsenophonus sp. aPb	3041619	S	122	17	139	0.00000
Arsenophonus endosymbiont of Aphis craccivora	1231049	S	37	10	47	0.00000
Arsenophonus apicola	2879119	S	273	20	293	0.00000
Candidatus Arsenophonus nilaparvatae	1247023	S	51	30	81	0.00000
Photorhabdus tasmaniensis	1004159	S	1282	290	1572	0.00001
Photorhabdus akhurstii	171438	S	725	108	833	0.00001
Photorhabdus asymbiotica	291112	S	558	21	579	0.00000
Photorhabdus thracensis	230089	S	225	96	321	0.00000
Photorhabdus sp. SF281	3459527	S	185	60	245	0.00000
Photorhabdus laumondii	2218628	S	162	46	208	0.00000
Moellerella wisconsensis	158849	S	3119	859	3978	0.00003
Pantoea sp. At-9b	592316	S	2089	34	2123	0.00002
Pantoea sp. BRR-3P	3141541	S	1890	112	2002	0.00001
Pantoea sp. App145	3071567	S	1867	39	1906	0.00001
Pantoea sp. Ep11b	3141459	S	1130	72	1202	0.00001
Pantoea sp. FN060301	3420380	S	997	41	1038	0.00001
Pantoea sp. Lij88	3028622	S	840	47	887	0.00001
Pantoea sp. SGAir0184	2070352	S	806	1694	2500	0.00002
Pantoea sp. GABEPS69	3028805	S	674	53	727	0.00001
Pantoea sp. SOD02	2970818	S	548	320	868	0.00001
Pantoea sp. Z09	2886821	S	527	20	547	0.00000
Pantoea sp. S18	3019892	S	471	264	735	0.00001
Pantoea sp. JZ2	2654189	S	423	622	1045	0.00001
Pantoea sp. CCBC3-3-1	2490851	S	398	853	1251	0.00001
Pantoea sp. MBD-2R	3141540	S	203	506	709	0.00001
Pantoea sp. SO10	2575375	S	192	384	576	0.00000
Pantoea sp. SS70	3024247	S	184	690	874	0.00001
Pantoea sp. X85	3037258	S	162	757	919	0.00001
Pantoea sp. y20	3591909	S	141	635	776	0.00001
Pantoea sp. BJ2	3141322	S	137	232	369	0.00000
Pantoea sp. Nvir	2576760	S	123	80	203	0.00000
Pantoea sp. Lu_F5_004	3443507	S	46	139	185	0.00000
Pantoea sp. SGAir0430	2567882	S	28	62	90	0.00000
Pantoea sp. SGAir0175	2070349	S	26	52	78	0.00000
Pantoea sp. SM3640	2787629	S	14	32	46	0.00000
Pantoea sp. MT58	2768165	S	13	18	31	0.00000
Pantoea sp. SGAir0180	2070350	S	11	58	69	0.00000
Pantoea sp. XAF26B01_ASV70	3570047	S	10	56	66	0.00000
Pantoea ananatis	553	S	9178	1994	11172	0.00008
Pantoea vagans	470934	S	7392	1702	9094	0.00007
Pantoea agglomerans	549	S	6614	3425	10039	0.00007
Pantoea allii	574096	S	5524	351	5875	0.00004
Pantoea eucrina	472693	S	2423	65	2488	0.00002
Pantoea dispersa	59814	S	2157	1576	3733	0.00003
Pantoea alhagi	1891675	S	1802	170	1972	0.00001
Candidatus Pantoea rara	1947037	S	1711	76	1787	0.00001
Pantoea phytostimulans	2769024	S	1449	20	1469	0.00001
Pantoea rwandensis	1076550	S	1379	25	1404	0.00001
Pantoea anthophila	470931	S	1372	31	1403	0.00001
Pantoea piersonii	2364647	S	1327	44	1371	0.00001
Pantoea phytobeneficialis	2052056	S	1193	15	1208	0.00001
Pantoea cypripedii	55209	S	1037	14	1051	0.00001
Candidatus Pantoea soli	3098669	S	927	22	949	0.00001
Pantoea stewartii	66269	S	869	1036	1905	0.00001
Pantoea alfalfae	3074822	S	590	43	633	0.00000
Pantoea deleyi	470932	S	528	27	555	0.00000
Pantoea eucalypti	470933	S	250	179	429	0.00000
Candidatus Pantoea carbekii	1235990	S	73	0	73	0.00000
Erwinia tracheiphila	65700	S	18586	486	19072	0.00014
Erwinia sp. LJJL01	3391839	S	2508	2527	5035	0.00004
Erwinia sp. HDF1-3R	3141543	S	1438	123	1561	0.00001
Erwinia sp. E602	2675378	S	1428	32	1460	0.00001
Erwinia sp. QL-Z3	2547962	S	123	185	308	0.00000
Erwinia sp. E_sp_W01_1	3039407	S	101	2731	2832	0.00002
Erwinia sp. INIA01	2991500	S	89	0	89	0.00000
Erwinia rhapontici	55212	S	4818	184	5002	0.00004
Erwinia persicina	55211	S	2730	114	2844	0.00002
Erwinia amylovora	552	S	2120	82	2202	0.00002
Erwinia sorbitola	2681984	S	1832	60	1892	0.00001
Erwinia aphidicola	68334	S	1458	961	2419	0.00002
Erwinia pyrifoliae	79967	S	1412	56	1468	0.00001
Erwinia billingiae	182337	S	1138	634	1772	0.00001
Erwinia pyri	3062598	S	1081	48	1129	0.00001
[Pantoea] beijingensis	1324864	S	823	16	839	0.00001
Erwinia tasmaniensis	338565	S	813	21	834	0.00001
Candidatus Erwinia haradaeae	1922217	S	374	0	374	0.00000
Erwinia piriflorinigrans	665097	S	23	0	23	0.00000
Duffyella gerundensis	1619313	S	3722	244	3966	0.00003
Mixta intestinalis	1615494	S	1039	37	1076	0.00001
Mixta gaviniae	665914	S	969	105	1074	0.00001
Mixta hanseatica	2872648	S	859	124	983	0.00001
Mixta calida	665913	S	639	73	712	0.00001
Buchnera aphidicola	9	S	2419	245	2664	0.00002
Winslowiella sp. 2C04	3416179	S	437	951	1388	0.00001
Winslowiella toletana	92490	S	338	715	1053	0.00001
Tatumella citrea	53336	S	935	9	944	0.00001
Tatumella ptyseos	82987	S	656	6	662	0.00000
Paramixta manurensis	2740817	S	1248	22	1270	0.00001
Pectobacterium polaris	2042057	S	8656	1536	10192	0.00007
Pectobacterium carotovorum	554	S	7267	3045	10312	0.00008
Pectobacterium brasiliense	180957	S	4681	1669	6350	0.00005
Pectobacterium parmentieri	1905730	S	3141	152	3293	0.00002
Pectobacterium aroidearum	1201031	S	2018	1691	3709	0.00003
Pectobacterium versatile	2488639	S	1879	652	2531	0.00002
Pectobacterium sp. A5351	2914983	S	1249	105	1354	0.00001
Pectobacterium sp. PL64	2738983	S	285	50	335	0.00000
Pectobacterium sp. 21LCBS03	2935858	S	123	240	363	0.00000
Pectobacterium sp. B1J-3	3385371	S	89	9	98	0.00000
Pectobacterium sp. F1-1	2949614	S	36	31	67	0.00000
Pectobacterium peruviense	2066479	S	995	55	1050	0.00001
Pectobacterium atrosepticum	29471	S	923	42	965	0.00001
Pectobacterium punjabense	2108399	S	887	62	949	0.00001
Pectobacterium cacticida	69221	S	762	9	771	0.00001
Pectobacterium zantedeschiae	2034769	S	741	30	771	0.00001
Pectobacterium araliae	3073862	S	688	31	719	0.00001
Pectobacterium polonicum	2485124	S	666	53	719	0.00001
Pectobacterium wasabiae	55208	S	616	38	654	0.00000
Pectobacterium actinidiae	1507808	S	602	38	640	0.00000
Pectobacterium quasiaquaticum	2774015	S	506	150	656	0.00000
Pectobacterium colocasium	2878098	S	441	534	975	0.00001
Pectobacterium aquaticum	2204145	S	393	151	544	0.00000
Pectobacterium parvum	2778550	S	356	100	456	0.00000
Pectobacterium odoriferum	78398	S	326	67	393	0.00000
Pectobacterium sinaloense	3419008	S	47	53	100	0.00000
Dickeya lacustris	2259638	S	4887	507	5394	0.00004
Dickeya chrysanthemi	556	S	2616	382	2998	0.00002
Dickeya zeae	204042	S	2563	1395	3958	0.00003
Dickeya dianthicola	204039	S	2174	316	2490	0.00002
Dickeya dadantii	204038	S	1499	263	1762	0.00001
Dickeya ananatis	3061286	S	1202	564	1766	0.00001
Dickeya fangzhongdai	1778540	S	1183	3537	4720	0.00003
Dickeya solani	1089444	S	908	159	1067	0.00001
Dickeya poaceiphila	568768	S	622	36	658	0.00000
Dickeya oryzae	1240404	S	185	301	486	0.00000
Dickeya sp. NCPPB 3274	568766	S	154	197	351	0.00000
Dickeya sp. Secpp 1600	2037915	S	19	195	214	0.00000
Dickeya parazeae	2893572	S	60	177	237	0.00000
Brenneria izadpanahii	2722756	S	4860	1131	5991	0.00004
Brenneria rubrifaciens	55213	S	1246	171	1417	0.00001
Brenneria goodwinii	1109412	S	968	218	1186	0.00001
Brenneria uluponensis	3057057	S	139	162	301	0.00000
Lonsdalea populi	1172565	S	834	52	886	0.00001
Lonsdalea britannica	1082704	S	775	41	816	0.00001
Musicola paradisiaca	69223	S	1302	31	1333	0.00001
Prodigiosinella confusarubida	104623	S	1040	1243	2283	0.00002
Sodalis sp. (in: enterobacteria)	1898979	S	348	1	349	0.00000
Sodalis sp. RH16	3394331	S	172	739	911	0.00001
Sodalis sp. C49	3228929	S	140	1083	1223	0.00001
Sodalis sp. RH19	3394334	S	112	816	928	0.00001
Sodalis sp. RH14	3394329	S	92	956	1048	0.00001
Sodalis endosymbiont of Henestaris halophilus	1929246	S	41	0	41	0.00000
Sodalis-like secondary symbiont of Drepanosiphum platanoidis	2994493	S	28	0	28	0.00000
Sodalis sp. RH15	3394330	S	26	117	143	0.00000
Sodalis ligni	2697027	S	540	709	1249	0.00001
Sodalis praecaptivus	1239307	S	381	53	434	0.00000
Sodalis glossinidius	63612	S	296	2	298	0.00000
Candidatus Sodalis pierantonii	1486991	S	152	23	175	0.00000
Limnobaculum zhutongyuii	2498113	S	2358	198	2556	0.00002
Limnobaculum parvum	2172103	S	532	48	580	0.00000
Leminorella richardii	158841	S	1679	25	1704	0.00001
Leminorella grimontii	82981	S	1273	18	1291	0.00001
Pragia fontium	82985	S	531	5	536	0.00000
Gallaecimonas mangrovi	2291597	S	625	0	625	0.00000
Gallaecimonas aegicerasi	3131926	S	466	0	466	0.00000
Gallaecimonas kandeliae	3029055	S	95	0	95	0.00000
Acinetobacter bereziniae	106648	S	1254403	423133	1677536	0.01221
Acinetobacter sp. TAC-1	3027470	S	167510	145955	313465	0.00228
Acinetobacter sp. CE-15	3425693	S	164726	130479	295205	0.00215
Acinetobacter sp. NyZ410	2929509	S	148591	124927	273518	0.00199
Acinetobacter sp. Tol 5	710648	S	115752	200385	316137	0.00230
Acinetobacter sp.	472	S	56563	7763	64326	0.00047
Acinetobacter sp. MYb10	1827285	S	36116	34045	70161	0.00051
Acinetobacter sp. BZX-2	3683593	S	8798	250	9048	0.00007
Acinetobacter sp. TGL-Y2	1407071	S	1840	34	1874	0.00001
Acinetobacter sp. KS-LM10	3120518	S	1749	123	1872	0.00001
Acinetobacter sp. WZC-1	3459034	S	1626	8	1634	0.00001
Acinetobacter sp. TTH0-4	1646498	S	1529	117	1646	0.00001
Acinetobacter sp. WCHAc010034	1879049	S	1161	76	1237	0.00001
Acinetobacter sp. Z1	2953738	S	1084	106	1190	0.00001
Acinetobacter sp. ASP199	2773709	S	948	68	1016	0.00001
Acinetobacter sp. WY4	2708348	S	936	938	1874	0.00001
Acinetobacter sp. NCu2D-2	1608473	S	894	62	956	0.00001
Acinetobacter sp. ACNIH2	1758189	S	813	562	1375	0.00001
Acinetobacter sp. SEK541	3379131	S	793	138	931	0.00001
Acinetobacter sp. YH16056_T	2929514	S	755	524	1279	0.00001
Acinetobacter sp. 10FS3-1	2563897	S	753	182	935	0.00001
Acinetobacter sp. C32I	2950074	S	668	76	744	0.00001
Acinetobacter sp. GSS19	3020716	S	668	29	697	0.00001
Acinetobacter sp. A2	362457	S	644	180	824	0.00001
Acinetobacter sp. TR11	3003393	S	617	1036	1653	0.00001
Acinetobacter sp. ESL0695	2983215	S	611	6	617	0.00000
Acinetobacter sp. WCHAc010052	2004647	S	604	233	837	0.00001
Acinetobacter sp. YH12138	2601122	S	567	405	972	0.00001
Acinetobacter sp. LoGeW2-3	1808001	S	548	24	572	0.00000
Acinetobacter sp. CS-2	2798861	S	519	187	706	0.00001
Acinetobacter sp. XS-4	2923375	S	511	69	580	0.00000
Acinetobacter sp. YH16040_T	2929512	S	508	380	888	0.00001
Acinetobacter sp. NEB149	2725684	S	469	1566	2035	0.00001
Acinetobacter sp. TW_SC_4	3466788	S	462	773	1235	0.00001
Acinetobacter sp. A1-4-2	3156489	S	461	94	555	0.00000
Acinetobacter sp. RW6	3242680	S	422	114	536	0.00000
Acinetobacter sp. WCHA55	2004646	S	397	98	495	0.00000
Acinetobacter sp. SCLZS86	2908637	S	379	247	626	0.00000
Acinetobacter sp. PK01	2930198	S	359	224	583	0.00000
Acinetobacter sp. AS23	2871688	S	359	217	576	0.00000
Acinetobacter sp. LF10	3403576	S	358	708	1066	0.00001
Acinetobacter sp. SH20PTE14	2905879	S	346	254	600	0.00000
Acinetobacter sp. ACNIH1	1636603	S	316	557	873	0.00001
Acinetobacter sp. WCHA45	2004644	S	303	178	481	0.00000
Acinetobacter sp. FL	3231720	S	299	412	711	0.00001
Acinetobacter sp. NEB 394	2743575	S	237	246	483	0.00000
Acinetobacter sp. YH12068_T	2929515	S	217	194	411	0.00000
Acinetobacter sp. TR3	3003392	S	209	392	601	0.00000
Acinetobacter sp. YWS30-1	2996862	S	201	191	392	0.00000
Acinetobacter sp. ANC 7201	3035288	S	167	155	322	0.00000
Acinetobacter sp. F9	2853158	S	146	169	315	0.00000
Acinetobacter sp. AHP123	2913495	S	144	64	208	0.00000
Acinetobacter sp. G18	2952152	S	130	119	249	0.00000
Acinetobacter sp. Colony158	2810070	S	120	109	229	0.00000
Acinetobacter sp. SWBY1	2079596	S	112	154	266	0.00000
Acinetobacter sp. BHS4	2836181	S	85	126	211	0.00000
Acinetobacter sp. T63	3469223	S	69	219	288	0.00000
Acinetobacter sp. KB005	3416667	S	51	28	79	0.00000
Acinetobacter sp. FDAARGOS_724	2545797	S	50	431	481	0.00000
Acinetobacter sp. A22	1204684	S	46	41493	41539	0.00030
Acinetobacter sp. LUNF3	2925837	S	35	106	141	0.00000
Acinetobacter sp. P1332	3366266	S	35	286	321	0.00000
Acinetobacter sp. 16	3081771	S	22	156	178	0.00000
Acinetobacter guillouiae	106649	S	198281	78711	276992	0.00202
Acinetobacter lwoffii	28090	S	35167	23390	58557	0.00043
Acinetobacter baumannii	470	S	12496	42046	54542	0.00040
Acinetobacter pittii	48296	S	4014	2582	6596	0.00005
Acinetobacter calcoaceticus	471	S	2610	504	3114	0.00002
Acinetobacter nosocomialis	106654	S	2375	700	3075	0.00002
Acinetobacter seifertii	1530123	S	2103	659	2762	0.00002
Acinetobacter lactucae	1785128	S	878	612	1490	0.00001
Acinetobacter johnsonii	40214	S	15489	8989	24478	0.00018
Acinetobacter wuhouensis	1879050	S	7250	796	8046	0.00006
Acinetobacter junii	40215	S	4023	4015	8038	0.00006
Acinetobacter haemolyticus	29430	S	3380	676	4056	0.00003
Acinetobacter piscicola	2006115	S	2907	216	3123	0.00002
Acinetobacter indicus	756892	S	2471	1016	3487	0.00003
Acinetobacter bohemicus	1435036	S	2470	162	2632	0.00002
Acinetobacter vivianii	1776742	S	2416	145	2561	0.00002
Acinetobacter soli	487316	S	2190	189	2379	0.00002
Acinetobacter shaoyimingii	2715164	S	1766	49	1815	0.00001
Acinetobacter defluvii	1871111	S	1674	237	1911	0.00001
Acinetobacter ursingii	108980	S	1617	997	2614	0.00002
Acinetobacter equi	1324350	S	1569	42	1611	0.00001
Acinetobacter venetianus	52133	S	1497	195	1692	0.00001
Acinetobacter baylyi	202950	S	1477	65	1542	0.00001
Acinetobacter towneri	202956	S	1387	814	2201	0.00002
Acinetobacter larvae	1789224	S	1328	29	1357	0.00001
Acinetobacter colistiniresistens	280145	S	1283	92	1375	0.00001
Acinetobacter schindleri	108981	S	1239	145	1384	0.00001
Acinetobacter cumulans	2136182	S	1216	68	1284	0.00001
Acinetobacter proteolyticus	1776741	S	1044	104	1148	0.00001
Acinetobacter lanii	2715163	S	1042	27	1069	0.00001
Acinetobacter chinensis	2004650	S	974	182	1156	0.00001
Acinetobacter pseudolwoffii	2053287	S	927	440	1367	0.00001
Acinetobacter radioresistens	40216	S	923	348	1271	0.00001
Acinetobacter zhairuonensis	2919921	S	919	32	951	0.00001
Acinetobacter thermotolerans	3151487	S	841	69	910	0.00001
Acinetobacter wanghuae	2662362	S	751	22	773	0.00001
Acinetobacter gandensis	1443941	S	707	106	813	0.00001
Acinetobacter corruptisaponis	3045147	S	692	99	791	0.00001
Acinetobacter variabilis	70346	S	685	638	1323	0.00001
Acinetobacter tibetensis	2943497	S	653	31	684	0.00000
Acinetobacter dispersus	70348	S	620	56	676	0.00000
Acinetobacter bouvetii	202951	S	579	15	594	0.00000
Acinetobacter oleivorans	1148157	S	480	219	699	0.00001
Acinetobacter courvalinii	280147	S	429	33	462	0.00000
Acinetobacter suaedae	2609668	S	386	80	466	0.00000
Acinetobacter yuyunsongii	3157368	S	328	164	492	0.00000
Acinetobacter terrestris	2529843	S	145	36	181	0.00000
Acinetobacter portensis	1839785	S	136	159	295	0.00000
Acinetobacter tandoii	202954	S	23	4	27	0.00000
Psychrobacter sp. LV10R520-6	1415574	S	468	13	481	0.00000
Psychrobacter sp. DM8	3440636	S	192	23	215	0.00000
Psychrobacter sp. HD31	3112003	S	150	0	150	0.00000
Psychrobacter sp. DAB_AL43B	1028416	S	128	7	135	0.00000
Psychrobacter sp. DM4	3440637	S	101	13	114	0.00000
Psychrobacter sp. 219-2-C	3414707	S	80	219	299	0.00000
Psychrobacter sp. P11F6	1699621	S	77	28	105	0.00000
Psychrobacter sp. P2G3	1699622	S	76	90	166	0.00000
Psychrobacter sp. SC65A.3	2983299	S	59	129	188	0.00000
Psychrobacter sp. P11G3	1699623	S	49	24	73	0.00000
Psychrobacter sp. P11G5	1699624	S	21	27	48	0.00000
Psychrobacter sp. WY6	2708350	S	15	4	19	0.00000
Psychrobacter sp. M13	3067275	S	11	0	11	0.00000
Psychrobacter sanguinis	861445	S	146	33	179	0.00000
Psychrobacter raelei	2565531	S	117	549	666	0.00000
Psychrobacter arcticus	334543	S	95	10	105	0.00000
Psychrobacter noctis	2772254	S	93	57	150	0.00000
Psychrobacter okhotskensis	212403	S	78	29	107	0.00000
Psychrobacter maritimus	256325	S	43	27	70	0.00000
Psychrobacter urativorans	45610	S	17	1	18	0.00000
Moraxella sp. FZFQ2102	2953752	S	111	342	453	0.00000
Moraxella sp. ZY200743	2911970	S	36	115	151	0.00000
Moraxella bovoculi	386891	S	279	121	400	0.00000
Moraxella nasicaprae	2904122	S	163	3	166	0.00000
Moraxella catarrhalis	480	S	110	10	120	0.00000
Moraxella cuniculi	34061	S	105	1	106	0.00000
Moraxella bovis	476	S	83	8	91	0.00000
Moraxella nasibovis	2904120	S	83	2	85	0.00000
Moraxella canis	90239	S	56	4	60	0.00000
Moraxella veridica	3344666	S	53	10	63	0.00000
Moraxella nonliquefaciens	478	S	46	8	54	0.00000
Moraxella ovis	29433	S	42	42	84	0.00000
Moraxella nasovis	2904121	S	15	0	15	0.00000
Faucicola osloensis	34062	S	643	28	671	0.00000
Faucicola mancuniensis	1309795	S	77	0	77	0.00000
Faucicola atlantae	34059	S	67	0	67	0.00000
Aquirhabdus parva	2283318	S	290	1	291	0.00000
Lwoffella lincolnii	90241	S	55	0	55	0.00000
Stenotrophomonas sp. JC08	3445779	S	184142	6601	190743	0.00139
Stenotrophomonas sp. 24(2023)	3068324	S	23725	1251	24976	0.00018
Stenotrophomonas sp. LGBM10	3390038	S	15555	986	16541	0.00012
Stenotrophomonas sp. PUT21	3456954	S	12678	2216	14894	0.00011
Stenotrophomonas sp. Y-13	3384161	S	6980	5656	12636	0.00009
Stenotrophomonas sp. NA06056	2742129	S	4940	631	5571	0.00004
Stenotrophomonas sp. 57	3051119	S	4175	902	5077	0.00004
Stenotrophomonas sp. 59	3051120	S	3933	1726	5659	0.00004
Stenotrophomonas sp. 17(2023)	3051123	S	3844	7892	11736	0.00009
Stenotrophomonas sp. BIO128-Bstrain	3027225	S	3638	4437	8075	0.00006
Stenotrophomonas sp. LM091	1904944	S	3099	3636	6735	0.00005
Stenotrophomonas sp. WHRI 8082	3162571	S	2669	3611	6280	0.00005
Stenotrophomonas sp. WZN-1	2005046	S	2658	792	3450	0.00003
Stenotrophomonas sp. 169	2770322	S	2563	3399	5962	0.00004
Stenotrophomonas sp. CW117	2775920	S	2500	19258	21758	0.00016
Stenotrophomonas sp. G4	2303750	S	1637	7077	8714	0.00006
Stenotrophomonas sp. MYb57	1827305	S	1599	2839	4438	0.00003
Stenotrophomonas sp. 364	2691571	S	1559	940	2499	0.00002
Stenotrophomonas sp. S11A1a	3455011	S	1531	574	2105	0.00002
Stenotrophomonas sp. C-A	3591789	S	1322	1360	2682	0.00002
Stenotrophomonas sp. DR822	2871174	S	1298	974	2272	0.00002
Stenotrophomonas sp. SI-NJAU-1	2886359	S	844	3680	4524	0.00003
Stenotrophomonas sp. ASS1	2282124	S	653	1560	2213	0.00002
Stenotrophomonas sp. STK16_22	3395906	S	579	1374	1953	0.00001
Stenotrophomonas sp. Pemsol	2040586	S	498	1446	1944	0.00001
Stenotrophomonas sp. SXG-1	2682487	S	418	1741	2159	0.00002
Stenotrophomonas sp. SBJS02	2599307	S	410	1493	1903	0.00001
Stenotrophomonas sp. STK1_22	3395907	S	382	8191	8573	0.00006
Stenotrophomonas sp. PSU-St7	3569649	S	359	1124	1483	0.00001
Stenotrophomonas sp. EMP41	3396625	S	335	1286	1621	0.00001
Stenotrophomonas sp. NY11291	2939415	S	320	1007	1327	0.00001
Stenotrophomonas sp. T8	3446365	S	267	1162	1429	0.00001
Stenotrophomonas sp. STK17_22	3455201	S	156	411	567	0.00000
Stenotrophomonas sp. P2112	3308998	S	31	142	173	0.00000
Stenotrophomonas sp. KCTC 12332	1793721	S	11	1412	1423	0.00001
Stenotrophomonas maltophilia	40324	S	237271	207993	445264	0.00324
Stenotrophomonas sp. ESTM1D_MKCIP4_1	2072414	S	8042	809	8851	0.00006
Stenotrophomonas sp. ZAC14D2_NAIMI4_7	2072405	S	3743	1797	5540	0.00004
Stenotrophomonas sp. ZAC14D2_NAIMI4_6	2072406	S	3195	3438	6633	0.00005
Stenotrophomonas sp. YAU14D1_LEIMI4_1	2072407	S	2800	2499	5299	0.00004
Stenotrophomonas sp. ZAC14A_NAIMI4_1	2072412	S	2355	1873	4228	0.00003
Stenotrophomonas sp. SAU14A_NAIMI4_5	2072413	S	2211	1533	3744	0.00003
Stenotrophomonas sp. SAU14A_NAIMI4_8	2072409	S	1417	6137	7554	0.00005
Stenotrophomonas sp. YAU14A_MKIMI4_1	2072408	S	1081	4668	5749	0.00004
Stenotrophomonas maltophilia group sp. P373	3456024	S	339	976	1315	0.00001
Stenotrophomonas maltophilia group sp. vghtpe118	3459469	S	66	381	447	0.00000
Stenotrophomonas maltophilia group sp. RY12688	3454438	S	60	285	345	0.00000
Stenotrophomonas pavanii	487698	S	3515	8363	11878	0.00009
Stenotrophomonas hibiscicola	86189	S	2688	1227	3915	0.00003
Stenotrophomonas forensis	2871169	S	1989	4729	6718	0.00005
Stenotrophomonas sepilia	2860290	S	1237	2616	3853	0.00003
Stenotrophomonas pigmentata	3055080	S	230642	4835	235477	0.00171
Stenotrophomonas acidaminiphila	128780	S	160963	139338	300301	0.00219
Stenotrophomonas nitritireducens	83617	S	95286	97688	192974	0.00140
Stenotrophomonas rhizophila	216778	S	50370	6976	57346	0.00042
Stenotrophomonas oahuensis	3003271	S	19659	375	20034	0.00015
Stenotrophomonas lacuserhaii	2760084	S	15469	981	16450	0.00012
Stenotrophomonas nematodicola	2656746	S	14155	1002	15157	0.00011
Stenotrophomonas aracearum	3003272	S	13556	1215	14771	0.00011
Stenotrophomonas bentonitica	1450134	S	11177	2884	14061	0.00010
Stenotrophomonas tuberculopleuritidis	3055079	S	9220	954	10174	0.00007
Stenotrophomonas lactitubi	2045214	S	5958	1361	7319	0.00005
Stenotrophomonas cyclobalanopsidis	2771362	S	4583	657	5240	0.00004
Stenotrophomonas indicatrix	2045451	S	4354	2948	7302	0.00005
Stenotrophomonas geniculata	86188	S	2590	3922	6512	0.00005
Stenotrophomonas muris	2963283	S	2002	6592	8594	0.00006
Stenotrophomonas riyadhensis	2859893	S	1610	3073	4683	0.00003
Xanthomonas sp. CFBP 8443	2971235	S	2275	259	2534	0.00002
Xanthomonas sp. AM6	2982531	S	2131	266	2397	0.00002
Xanthomonas sp. 10-10	3115848	S	1782	60	1842	0.00001
Xanthomonas sp. NCPPB 3005	3240913	S	1501	303	1804	0.00001
Xanthomonas sp. CFBP 8445	2971236	S	1224	165	1389	0.00001
Xanthomonas sp. SI	2724123	S	744	659	1403	0.00001
Xanthomonas sp. NCPPB 1325	487529	S	672	186	858	0.00001
Xanthomonas sp. NCPPB 2632	3240912	S	552	11	563	0.00000
Xanthomonas sp. SS	2724122	S	529	452	981	0.00001
Xanthomonas sp. GW	2724121	S	477	336	813	0.00001
Xanthomonas sp. NCPPB 1068	487525	S	410	166	576	0.00000
Xanthomonas sp. NCPPB 3582	487557	S	389	106	495	0.00000
Xanthomonas sp. NCPPB 4037	487568	S	280	128	408	0.00000
Xanthomonas sp. WHRI 6108	3161567	S	180	172	352	0.00000
Xanthomonas sp. WHRI 7064	3161568	S	157	118	275	0.00000
Xanthomonas sp. WHRI 7065	3161569	S	156	120	276	0.00000
Xanthomonas sp. MLO165	2081477	S	136	129	265	0.00000
Xanthomonas sp. NCPPB 1754	487536	S	47	162	209	0.00000
Xanthomonas sp. NCPPB 3443	3243407	S	32	117	149	0.00000
Xanthomonas sp. NCPPB 1638	487535	S	18	367	385	0.00000
Xanthomonas boreopolis	86183	S	12696	609	13305	0.00010
Xanthomonas graminis	3390026	S	2430	847	3277	0.00002
Xanthomonas translucens	343	S	2075	2094	4169	0.00003
Xanthomonas cerealis	3390025	S	1032	264	1296	0.00001
Xanthomonas campestris	339	S	7809	8913	16722	0.00012
Xanthomonas sacchari	56458	S	7561	1449	9010	0.00007
Xanthomonas arboricola	56448	S	4798	1514	6312	0.00005
Xanthomonas oryzae	347	S	3887	147	4034	0.00003
Xanthomonas hortorum	56454	S	3770	391	4161	0.00003
Xanthomonas medicagonis	3160841	S	3335	174	3509	0.00003
Xanthomonas axonopodis	53413	S	3020	4260	7280	0.00005
Xanthomonas citri	346	S	2676	16333	19009	0.00014
Xanthomonas theicola	56464	S	2609	94	2703	0.00002
Xanthomonas nasturtii	1843581	S	2515	97	2612	0.00002
Xanthomonas fragariae	48664	S	2349	29	2378	0.00002
Xanthomonas vesicatoria	56460	S	2233	159	2392	0.00002
Xanthomonas vasicola	56459	S	2231	113	2344	0.00002
Xanthomonas rydalmerensis	3046274	S	1904	138	2042	0.00001
Xanthomonas prunicola	2053930	S	1834	56	1890	0.00001
Xanthomonas cassavae	56450	S	1777	88	1865	0.00001
Xanthomonas albilineans	29447	S	1710	8	1718	0.00001
Xanthomonas hawaiiensis	3003247	S	1706	199	1905	0.00001
Xanthomonas tesorieronis	3160839	S	1683	109	1792	0.00001
Xanthomonas euroxanthea	2259622	S	1286	508	1794	0.00001
Xanthomonas bundabergensis	3160842	S	1131	135	1266	0.00001
Xanthomonas hyacinthi	56455	S	1128	84	1212	0.00001
Xanthomonas cannabis	1885674	S	1098	166	1264	0.00001
Xanthomonas indica	2912242	S	732	103	835	0.00001
Xanthomonas hydrangeae	2775159	S	694	59	753	0.00001
Xanthomonas sontii	2650745	S	547	290	837	0.00001
Xanthomonas euvesicatoria	456327	S	334	20319	20653	0.00015
Xanthomonas cucurbitae	56453	S	292	490	782	0.00001
Xanthomonas phaseoli	1985254	S	274	1541	1815	0.00001
Xanthomonas dyei	743699	S	142	287	429	0.00000
Xanthomonas perforans	442694	S	74	306	380	0.00000
Pseudoxanthomonas sp. JBR18	2969308	S	3650	91	3741	0.00003
Pseudoxanthomonas sp.	1871049	S	3460	92	3552	0.00003
Pseudoxanthomonas sp. SL93	2995142	S	2609	157	2766	0.00002
Pseudoxanthomonas sp. SE1	1664560	S	2557	395	2952	0.00002
Pseudoxanthomonas sp. X-1	2571115	S	2120	673	2793	0.00002
Pseudoxanthomonas sp. UC19_8	3350175	S	1542	1668	3210	0.00002
Pseudoxanthomonas mexicana	128785	S	12725	5262	17987	0.00013
Pseudoxanthomonas suwonensis	314722	S	9507	464	9971	0.00007
Pseudoxanthomonas beigongshangi	2782537	S	4004	87	4091	0.00003
Pseudoxanthomonas daejeonensis	266062	S	3232	106	3338	0.00002
Pseudoxanthomonas japonensis	69284	S	2889	755	3644	0.00003
Pseudoxanthomonas spadix	415229	S	2753	249	3002	0.00002
Pseudoxanthomonas koreensis	266061	S	2473	73	2546	0.00002
Pseudoxanthomonas winnipegensis	2480810	S	991	866	1857	0.00001
Lysobacter sp. 5GHs7-4	2904253	S	1852	76	1928	0.00001
Lysobacter sp. K5869	2820808	S	1358	138	1496	0.00001
Lysobacter sp. FW306-1B-D06B	3140250	S	1184	43	1227	0.00001
Lysobacter sp. Hz 25	3383698	S	1142	152	1294	0.00001
Lysobacter sp. CW239	2762611	S	1090	81	1171	0.00001
Lysobacter sp. S4-A87	2925843	S	1078	55	1133	0.00001
Lysobacter sp. TY2-98	2290922	S	946	10	956	0.00001
Lysobacter sp. KIS68-7	2904252	S	864	17	881	0.00001
Lysobacter sp. H23M47	2781024	S	319	876	1195	0.00001
Lysobacter sp. HDW10	2714936	S	242	2	244	0.00000
Lysobacter sp. H21R4	2781021	S	206	134	340	0.00000
Lysobacter enzymogenes	69	S	4712	2285	6997	0.00005
Lysobacter capsici	435897	S	3029	1425	4454	0.00003
Lysobacter soli	453783	S	2322	105	2427	0.00002
Lysobacter firmicutimachus	1792846	S	1911	79	1990	0.00001
Lysobacter arenosi	2795387	S	1115	54	1169	0.00001
Lysobacter antibioticus	84531	S	888	96	984	0.00001
Lysobacter auxotrophicus	2992573	S	786	49	835	0.00001
Lysobacter soyae	2764185	S	415	2	417	0.00000
Lysobacter gummosus	262324	S	324	1255	1579	0.00001
Lysobacter yananisis	1003114	S	154	400	554	0.00000
Luteimonas sp. MC1750	2799326	S	2046	180	2226	0.00002
Luteimonas sp. R10	3108176	S	1936	64	2000	0.00001
Luteimonas sp. S4-F44	2925842	S	1669	49	1718	0.00001
Luteimonas sp. YGD11-2	2508168	S	1481	235	1716	0.00001
Luteimonas sp. WGS1318	3366815	S	1415	131	1546	0.00001
Luteimonas sp. MC1825	2761107	S	1015	221	1236	0.00001
Luteimonas sp. JM171	1896164	S	915	138	1053	0.00001
Luteimonas sp. MC1572	2799325	S	892	198	1090	0.00001
Luteimonas granuli	1176533	S	2003	144	2147	0.00002
Luteimonas yindakuii	2565782	S	1219	133	1352	0.00001
Luteimonas fraxinea	2901869	S	1185	68	1253	0.00001
Luteimonas dalianensis	1148196	S	1059	190	1249	0.00001
Luteimonas chenhongjianii	2006110	S	978	48	1026	0.00001
Thermomonas brevis	215691	S	2735	168	2903	0.00002
Thermomonas sp. HDW16	2714945	S	1745	44	1789	0.00001
Thermomonas sp. XSG	2771436	S	162	628	790	0.00001
Thermomonas paludicola	2884874	S	1754	40	1794	0.00001
Thermomonas aquatica	2202149	S	1581	75	1656	0.00001
Thermomonas carbonis	1463158	S	1278	25	1303	0.00001
Thermomonas fusca	215690	S	263	999	1262	0.00001
Marilutibacter maris	1605891	S	1645	63	1708	0.00001
Marilutibacter alkalisoli	2591633	S	1488	40	1528	0.00001
Agrilutibacter terrestris	2865112	S	1361	57	1418	0.00001
Agrilutibacter solisilvae	2763317	S	1253	31	1284	0.00001
Novilysobacter luteus	2822368	S	1308	25	1333	0.00001
Novilysobacter ciconiae	2781022	S	532	315	847	0.00001
Novilysobacter avium	2781023	S	254	651	905	0.00001
Solilutibacter oculi	2698682	S	936	37	973	0.00001
Arenimonas daejeonensis	370777	S	925	10	935	0.00001
Pseudoluteimonas lycopersici	1324796	S	871	12	883	0.00001
Xylella taiwanensis	1444770	S	246	3	249	0.00000
Xylella fastidiosa	2371	S	229	14	243	0.00000
Dyella sp. 20L07	3384240	S	575	35	610	0.00000
Dyella sp. M7H15-1	2501295	S	546	13	559	0.00000
Dyella sp. GSA-30	2994496	S	318	14	332	0.00000
Dyella sp. BiH032	3075430	S	307	31	338	0.00000
Dyella sp. Tek66A03	3458298	S	175	14	189	0.00000
Dyella japonica	231455	S	1656	327	1983	0.00001
Dyella aluminiiresistens	3069105	S	881	60	941	0.00001
Dyella marensis	500610	S	848	153	1001	0.00001
Dyella caseinilytica	1849581	S	770	20	790	0.00001
Dyella telluris	2763498	S	743	130	873	0.00001
Dyella halodurans	1920171	S	563	84	647	0.00000
Dyella terrae	522259	S	521	36	557	0.00000
Dyella acidisoli	1867834	S	455	12	467	0.00000
Dyella nitratireducens	1849580	S	442	12	454	0.00000
Dyella thiooxydans	445710	S	419	62	481	0.00000
Dyella kyungheensis	1242174	S	388	59	447	0.00000
Dyella jiangningensis	1379159	S	352	40	392	0.00000
Dyella thailandensis	3422216	S	307	54	361	0.00000
Rhodanobacter sp. AS-Z3	3031330	S	433	25	458	0.00000
Rhodanobacter sp. FDAARGOS 1247	2778082	S	384	685	1069	0.00001
Rhodanobacter sp. Col0626	3415679	S	378	27	405	0.00000
Rhodanobacter sp. BL-MT-08	3242500	S	358	19	377	0.00000
Rhodanobacter sp. IGA1.0	3158582	S	195	356	551	0.00000
Rhodanobacter glycinis	582702	S	1001	63	1064	0.00001
Rhodanobacter denitrificans	666685	S	954	201	1155	0.00001
Rhodanobacter thiooxydans	416169	S	748	150	898	0.00001
Rhodanobacter soli	590609	S	385	71	456	0.00000
Luteibacter pinisoli	2589080	S	874	51	925	0.00001
Luteibacter flocculans	2780091	S	660	37	697	0.00001
Luteibacter sp. E-22	3404050	S	304	52	356	0.00000
Luteibacter sp. Lutesp34	3243030	S	263	174	437	0.00000
Luteibacter anthropi	564369	S	564	24	588	0.00000
Luteibacter rhizovicinus	242606	S	458	15	473	0.00000
Luteibacter aegosomatis	2911537	S	354	21	375	0.00000
Luteibacter aegosomaticola	2911538	S	314	15	329	0.00000
Luteibacter aegosomatissinici	2911539	S	314	16	330	0.00000
Luteibacter jiangsuensis	637577	S	297	185	482	0.00000
Luteibacter yeojuensis	345309	S	208	34	242	0.00000
Dokdonella koreensis	323415	S	823	16	839	0.00001
Dokdonella sp. MW10	2992926	S	548	7	555	0.00000
Frateuria aurantia	81475	S	660	37	697	0.00001
Frateuria soli	1542730	S	470	130	600	0.00000
Frateuria edaphi	2898793	S	188	32	220	0.00000
Tahibacter sp. UC22_41	3350178	S	538	5	543	0.00000
Tahibacter amnicola	2976241	S	507	1	508	0.00000
Aerosticca soli	2010829	S	400	73	473	0.00000
Ahniella affigens	2021234	S	242	1	243	0.00000
Pseudolysobacter antarcticus	2511995	S	109	0	109	0.00000
Marinicella algicola	3023713	S	37	0	37	0.00000
Pseudomonas sp. A014	3458058	S	98305	46062	144367	0.00105
Pseudomonas sp. L7	3388343	S	26367	2091	28458	0.00021
Pseudomonas sp. p1(2021b)	2874628	S	2168	309	2477	0.00002
Pseudomonas sp. Lz4W	1206777	S	1996	62	2058	0.00001
Pseudomonas sp. microsymbiont 2	3470626	S	1831	139	1970	0.00001
Pseudomonas sp. G.S.17	3137451	S	1527	25	1552	0.00001
Pseudomonas sp. nanlin1	3040605	S	1430	21	1451	0.00001
Pseudomonas sp. KU43P	2487887	S	1419	69	1488	0.00001
Pseudomonas sp. NyZ201	3409857	S	1355	31	1386	0.00001
Pseudomonas sp. StFLB209	1028989	S	1278	23	1301	0.00001
Pseudomonas sp. P8_241	3043445	S	1256	58	1314	0.00001
Pseudomonas sp. ABC1	2748080	S	1249	21	1270	0.00001
Pseudomonas sp. PSKL.D1	3029060	S	1158	32	1190	0.00001
Pseudomonas sp. MTM4	2705472	S	1116	145	1261	0.00001
Pseudomonas sp. YH-1	3384787	S	1075	117	1192	0.00001
Pseudomonas sp. X10	484423	S	1063	19	1082	0.00001
Pseudomonas sp. App30	3068990	S	1048	23	1071	0.00001
Pseudomonas sp. PL-6	3478411	S	1011	102	1113	0.00001
Pseudomonas sp. F3-2	3141539	S	996	11	1007	0.00001
Pseudomonas sp. FP2309	2954091	S	988	68	1056	0.00001
Pseudomonas sp. REB1044	2675224	S	937	409	1346	0.00001
Pseudomonas sp. Q1-7	3020843	S	937	59	996	0.00001
Pseudomonas sp. GOM7	2998079	S	929	1302	2231	0.00002
Pseudomonas sp. NUPR-001	3416058	S	901	73	974	0.00001
Pseudomonas sp. OHS18	3399679	S	888	34	922	0.00001
Pseudomonas sp. DG56-2	2320270	S	888	20	908	0.00001
Pseudomonas sp. LB3P31	3682575	S	887	33	920	0.00001
Pseudomonas sp. HLS-6	2049589	S	865	59	924	0.00001
Pseudomonas sp. OE 28.3	2745519	S	856	1546	2402	0.00002
Pseudomonas sp. S35	1573719	S	852	75	927	0.00001
Pseudomonas sp. MBLB4123	3451557	S	848	153	1001	0.00001
Pseudomonas sp. LRP2-20	2944234	S	842	58	900	0.00001
Pseudomonas sp. MM211	2866808	S	838	15	853	0.00001
Pseudomonas sp. FP453	2954094	S	817	72	889	0.00001
Pseudomonas sp. JQ170C	3110111	S	799	37	836	0.00001
Pseudomonas sp. BW7P1	2973088	S	769	56	825	0.00001
Pseudomonas sp. DTU_2021_1001937_2_SI_NGA_ILE_001	3077589	S	764	13	777	0.00001
Pseudomonas sp. HR96	1027966	S	750	12	762	0.00001
Pseudomonas sp. 15A4	2804761	S	734	68	802	0.00001
Pseudomonas sp. ADAK18	2730848	S	726	23	749	0.00001
Pseudomonas sp. Marseille-QA0332	3477504	S	726	10	736	0.00001
Pseudomonas sp. KNUC1026	2893890	S	722	8	730	0.00001
Pseudomonas sp. GCEP-101	2974552	S	689	66	755	0.00001
Pseudomonas sp. 273	75692	S	682	75	757	0.00001
Pseudomonas sp. HN11	1344094	S	671	46	717	0.00001
Pseudomonas sp. SCB32	2653853	S	648	41	689	0.00001
Pseudomonas sp. S2_H01	3233487	S	637	13	650	0.00000
Pseudomonas sp. Ost2	2678260	S	631	18	649	0.00000
Pseudomonas sp. C9-3	3078264	S	630	138	768	0.00001
Pseudomonas sp. MLB6B	3448670	S	626	18	644	0.00000
Pseudomonas sp. SA195	2937879	S	621	15	636	0.00000
Pseudomonas sp. Marseille-QA0892	3477505	S	617	3	620	0.00000
Pseudomonas sp. ADAK13	2730847	S	612	48	660	0.00000
Pseudomonas sp. PDNC002	2811422	S	612	55	667	0.00000
Pseudomonas sp. KU26590	2991051	S	611	19	630	0.00000
Pseudomonas sp. WOUb67	3161136	S	602	68	670	0.00000
Pseudomonas sp. ATCC 13867	1294143	S	600	57	657	0.00000
Pseudomonas sp. M30-35	1981174	S	591	4	595	0.00000
Pseudomonas sp. MH9.2	3048629	S	591	6	597	0.00000
Pseudomonas sp. S09G 359	2054919	S	586	47	633	0.00000
Pseudomonas sp. SL4(2022)	2994661	S	585	14	599	0.00000
Pseudomonas sp. TCU-HL1	1856685	S	578	18	596	0.00000
Pseudomonas sp. KnCO4	3381355	S	564	179	743	0.00001
Pseudomonas sp. NA-150	3367525	S	551	6	557	0.00000
Pseudomonas sp. CCC3.1	3048607	S	550	27	577	0.00000
Pseudomonas sp. NS1(2017)	2025658	S	549	88	637	0.00000
Pseudomonas sp. WMBT8	3414496	S	549	46	595	0.00000
Pseudomonas sp. OIL-1	2706126	S	532	57	589	0.00000
Pseudomonas sp. N3-W	2975049	S	528	25	553	0.00000
Pseudomonas sp. MAC6	3401633	S	525	23	548	0.00000
Pseudomonas sp. TMB3-21	1259620	S	523	18	541	0.00000
Pseudomonas sp. Hz4	1259581	S	512	184	696	0.00001
Pseudomonas sp. L5B5	2883205	S	498	21	519	0.00000
Pseudomonas sp. LS44	1357074	S	463	6	469	0.00000
Pseudomonas sp. GB2N2	3682586	S	455	21	476	0.00000
Pseudomonas sp. AK106	2937872	S	438	19	457	0.00000
Pseudomonas sp. 9.2(2024)	3144666	S	438	154	592	0.00000
Pseudomonas sp. B22129	3235111	S	437	32	469	0.00000
Pseudomonas sp. AN-1	3096605	S	429	27	456	0.00000
Pseudomonas sp. LS1212	2972478	S	429	7	436	0.00000
Pseudomonas sp. DC1.2	3048622	S	429	10	439	0.00000
Pseudomonas sp. PP3	2815936	S	411	54	465	0.00000
Pseudomonas sp. J452	2898441	S	409	38	447	0.00000
Pseudomonas sp. Emmai	3683594	S	408	43	451	0.00000
Pseudomonas sp. B21-056	2895495	S	405	26	431	0.00000
Pseudomonas sp. SK	2729423	S	403	239	642	0.00000
Pseudomonas sp. N4	571124	S	399	41	440	0.00000
Pseudomonas sp. SO81	2983246	S	397	19	416	0.00000
Pseudomonas sp. McL0111	3457357	S	390	19	409	0.00000
Pseudomonas sp. WJP1	2986947	S	381	25	406	0.00000
Pseudomonas sp. GXZC	3003351	S	380	94	474	0.00000
Pseudomonas sp. 02C 26	2054914	S	374	347	721	0.00001
Pseudomonas sp. RtIB026	2749999	S	372	70	442	0.00000
Pseudomonas sp. R5-89-07	658644	S	366	57	423	0.00000
Pseudomonas sp. LG1E9	2219057	S	357	35	392	0.00000
Pseudomonas sp. YJ42	3392115	S	355	10	365	0.00000
Pseudomonas sp. G2-4	1506334	S	353	26	379	0.00000
Pseudomonas sp. R1-7	2817398	S	351	38	389	0.00000
Pseudomonas sp. P5_109	3043441	S	347	45	392	0.00000
Pseudomonas sp. TE3-3-F2023	3119004	S	345	57	402	0.00000
Pseudomonas sp. M1	95619	S	345	464	809	0.00001
Pseudomonas sp. FP1742	2954079	S	339	81	420	0.00000
Pseudomonas sp. gcc21	2726989	S	330	12	342	0.00000
Pseudomonas sp. S2_A02	3233467	S	329	64	393	0.00000
Pseudomonas sp. B21-023	2895477	S	328	2347	2675	0.00002
Pseudomonas sp. B21-053	2895493	S	327	42	369	0.00000
Pseudomonas sp. FP597	2954096	S	327	25	352	0.00000
Pseudomonas sp. ML2-2023-3	3122375	S	327	34	361	0.00000
Pseudomonas sp. MH9.3	3048630	S	321	54	375	0.00000
Pseudomonas sp. FP215	2738126	S	321	555	876	0.00001
Pseudomonas sp. 10S4	3048583	S	317	19	336	0.00000
Pseudomonas sp. QE6	3242491	S	301	67	368	0.00000
Pseudomonas sp. 7SR1	1881017	S	301	10	311	0.00000
Pseudomonas sp. ZT5P21	3682582	S	294	19	313	0.00000
Pseudomonas sp. Stari2	2954814	S	288	48	336	0.00000
Pseudomonas sp. MBLB4136	3451558	S	287	52	339	0.00000
Pseudomonas sp. MM227	3019968	S	285	6	291	0.00000
Pseudomonas sp. TMP25	3136561	S	281	202	483	0.00000
Pseudomonas sp. COR18	3399680	S	279	280	559	0.00000
Pseudomonas sp. SWI36	2083052	S	276	390	666	0.00000
Pseudomonas sp. CLCA07	3468842	S	275	23	298	0.00000
Pseudomonas sp. MUP55	3087234	S	274	36	310	0.00000
Pseudomonas sp. CCOS 191	1649877	S	270	78	348	0.00000
Pseudomonas sp. Z8(2022)	2962597	S	270	363	633	0.00000
Pseudomonas sp. XS1P51	3682580	S	268	20	288	0.00000
Pseudomonas sp. R76	1573711	S	267	54	321	0.00000
Pseudomonas sp. LS.1a	2920387	S	267	39	306	0.00000
Pseudomonas sp. JS425	2829498	S	266	5025	5291	0.00004
Pseudomonas sp. A34-9	3034675	S	264	35	299	0.00000
Pseudomonas sp. LB1P83	3682578	S	262	61	323	0.00000
Pseudomonas sp. HS6	2850559	S	255	32	287	0.00000
Pseudomonas sp. Pseusp16	3243021	S	253	27	280	0.00000
Pseudomonas sp. Seg1	2678259	S	248	22	270	0.00000
Pseudomonas sp. NFX224	3402862	S	246	21	267	0.00000
Pseudomonas sp. PLMAX	2201998	S	245	72	317	0.00000
Pseudomonas sp. WHRI 8519	3162567	S	243	196	439	0.00000
Pseudomonas sp. AO-1	2855434	S	243	105	348	0.00000
Pseudomonas sp. St29	1500687	S	241	709	950	0.00001
Pseudomonas sp. JQ36	3453660	S	241	62	303	0.00000
Pseudomonas sp. FP2196	2954086	S	237	18	255	0.00000
Pseudomonas sp. RHF3.3-3	3396624	S	234	237	471	0.00000
Pseudomonas sp. LB3P25	3682573	S	230	38	268	0.00000
Pseudomonas sp. MAG733B	3122079	S	229	42	271	0.00000
Pseudomonas sp. URMO17WK12:I11	1283291	S	228	711	939	0.00001
Pseudomonas sp. MRSN 12121	1611770	S	228	97	325	0.00000
Pseudomonas sp. NFX183	3399573	S	223	326	549	0.00000
Pseudomonas sp. SC11	326927	S	222	128	350	0.00000
Pseudomonas sp. B21-048	2895490	S	220	32	252	0.00000
Pseudomonas sp. FDAARGOS_380	2018067	S	218	359	577	0.00000
Pseudomonas sp. BR20	3137452	S	216	32	248	0.00000
Pseudomonas sp. DTU12.3	2073078	S	210	20	230	0.00000
Pseudomonas sp. LB3P14	3682577	S	208	41	249	0.00000
Pseudomonas sp. MDT2-39-1	1259591	S	208	42	250	0.00000
Pseudomonas sp. R32	1573704	S	202	725	927	0.00001
Pseudomonas sp. S34	1573718	S	197	26	223	0.00000
Pseudomonas sp. S1_H07	3233466	S	193	5076	5269	0.00004
Pseudomonas sp. A6	410021	S	191	208	399	0.00000
Pseudomonas sp. DR48	2871095	S	190	28	218	0.00000
Pseudomonas sp. LTJR-52	2479392	S	187	72	259	0.00000
Pseudomonas sp. FSL L8-0168	2921518	S	181	830	1011	0.00001
Pseudomonas sp. St316	2678257	S	179	29	208	0.00000
Pseudomonas sp. C27(2019)	2604941	S	179	2	181	0.00000
Pseudomonas sp. CYM-20-01	2870750	S	177	33	210	0.00000
Pseudomonas sp. UBT	3239198	S	177	184	361	0.00000
Pseudomonas sp. HLT2-19-2	1259575	S	176	80	256	0.00000
Pseudomonas sp. NY11382	2939495	S	174	395	569	0.00000
Pseudomonas sp. R1-43-08	1173270	S	172	536	708	0.00001
Pseudomonas sp. R3-18-08	1173283	S	167	226	393	0.00000
Pseudomonas sp. CBS	2971912	S	167	37	204	0.00000
Pseudomonas sp. DR 5-09	1534110	S	166	118	284	0.00000
Pseudomonas sp. 31-12	2201356	S	163	19	182	0.00000
Pseudomonas sp. SG20056	3074146	S	161	6	167	0.00000
Pseudomonas sp. S2_H10	3233489	S	157	22	179	0.00000
Pseudomonas sp. FP2335	2954092	S	153	11	164	0.00000
Pseudomonas sp. J380	2605424	S	152	106	258	0.00000
Pseudomonas sp. TUM22785	3019098	S	150	78	228	0.00000
Pseudomonas sp. MPB23	3388490	S	149	23	172	0.00000
Pseudomonas sp. B21-036	2895485	S	148	296	444	0.00000
Pseudomonas sp. MYb327	2745230	S	148	8	156	0.00000
Pseudomonas sp. ATCC 43928	676210	S	146	411	557	0.00000
Pseudomonas sp. FP2338	2954093	S	146	17	163	0.00000
Pseudomonas sp. CC6-YY-74	1930532	S	143	9	152	0.00000
Pseudomonas sp. FJ2-5-13	2976884	S	141	87	228	0.00000
Pseudomonas sp. H2_D02	3233427	S	139	250	389	0.00000
Pseudomonas sp. AK181	3097255	S	137	68	205	0.00000
Pseudomonas sp. TMP9	3133144	S	134	102	236	0.00000
Pseudomonas sp. NFX1	2201355	S	133	48	181	0.00000
Pseudomonas sp. CMR5c	658630	S	130	66	196	0.00000
Pseudomonas sp. B21-054	2895494	S	129	14	143	0.00000
Pseudomonas sp. B21-032	2895483	S	128	266	394	0.00000
Pseudomonas sp. BNK-15	3376152	S	128	267	395	0.00000
Pseudomonas sp. PB3P13	3682587	S	126	4	130	0.00000
Pseudomonas sp. MPFS	2795724	S	126	111	237	0.00000
Pseudomonas sp. Y5-11	2749808	S	126	171	297	0.00000
Pseudomonas sp. FP603	2954097	S	123	2071	2194	0.00002
Pseudomonas sp. ZY71	3115647	S	123	110	233	0.00000
Pseudomonas sp. ZS1P83	3682581	S	120	35	155	0.00000
Pseudomonas sp. PMCC200344	3042028	S	118	137	255	0.00000
Pseudomonas sp. HS-18	2879114	S	117	196	313	0.00000
Pseudomonas sp. R1-1	1602529	S	115	41	156	0.00000
Pseudomonas sp. R4-39-08	1173288	S	115	365	480	0.00000
Pseudomonas sp. HN8-3	2886361	S	114	106	220	0.00000
Pseudomonas sp. SA233	2937880	S	113	328	441	0.00000
Pseudomonas sp. MPB26	3388491	S	112	13	125	0.00000
Pseudomonas sp. Os17	1500686	S	110	379	489	0.00000
Pseudomonas sp. GT1P32	3682583	S	107	24	131	0.00000
Pseudomonas sp. H3_C08	3233440	S	104	229	333	0.00000
Pseudomonas sp. B33.4	3104265	S	102	23	125	0.00000
Pseudomonas sp. G11	528343	S	97	273	370	0.00000
Pseudomonas sp. ArH3a	2862945	S	95	260	355	0.00000
Pseudomonas sp. MDT1-16	1259584	S	92	40	132	0.00000
Pseudomonas sp. LPB0260	2614442	S	91	23	114	0.00000
Pseudomonas sp. Z003-0.4C(8344-21)	1855380	S	91	35	126	0.00000
Pseudomonas sp. Z1-14	2817409	S	90	204	294	0.00000
Pseudomonas sp. B21-010	2895471	S	89	255	344	0.00000
Pseudomonas sp. IzPS59	2774459	S	89	29	118	0.00000
Pseudomonas sp. ACM7	2052956	S	88	53	141	0.00000
Pseudomonas sp. KT_2_4	3241600	S	88	426	514	0.00000
Pseudomonas sp. JBR1	3020907	S	87	32	119	0.00000
Pseudomonas sp. LH21	3114884	S	86	618	704	0.00001
Pseudomonas sp. MM213	2866807	S	85	31	116	0.00000
Pseudomonas sp. NLJ1	3086079	S	84	163	247	0.00000
Pseudomonas sp. MDT1-85	1259590	S	83	11	94	0.00000
Pseudomonas sp. AE27	3127460	S	82	120	202	0.00000
Pseudomonas sp. REST10	2512235	S	81	123	204	0.00000
Pseudomonas sp. Pc102	2678261	S	81	36	117	0.00000
Pseudomonas sp. S2_F03	3233484	S	81	81	162	0.00000
Pseudomonas sp. H1_D04	3233417	S	77	101	178	0.00000
Pseudomonas sp. HLG18	3449277	S	76	50	126	0.00000
Pseudomonas sp. St290	1602166	S	76	150	226	0.00000
Pseudomonas sp. LBUM920	2126069	S	75	109	184	0.00000
Pseudomonas sp. 09C 129	2054915	S	75	86	161	0.00000
Pseudomonas sp. SWI44	2083053	S	75	555	630	0.00000
Pseudomonas sp. SK3(2021)	2841064	S	75	16	91	0.00000
Pseudomonas sp. DTU12.1	2654238	S	74	138	212	0.00000
Pseudomonas sp. BNK-30	3376165	S	73	165	238	0.00000
Pseudomonas sp. CF10PS3	3466052	S	73	89	162	0.00000
Pseudomonas sp. A2	107445	S	72	105	177	0.00000
Pseudomonas sp. MYb193	1827300	S	71	38	109	0.00000
Pseudomonas sp. Nvir	2899657	S	71	184	255	0.00000
Pseudomonas sp. Z1-12	2817408	S	69	44	113	0.00000
Pseudomonas sp. CCI1.1	3048613	S	68	272	340	0.00000
Pseudomonas sp. Eqa60	2799184	S	68	305	373	0.00000
Pseudomonas sp. 2hn	2866626	S	67	499	566	0.00000
Pseudomonas sp. CP4	3388844	S	67	15	82	0.00000
Pseudomonas sp. AN-B15	2697023	S	66	83	149	0.00000
Pseudomonas sp. NyZ480	3035289	S	64	626	690	0.00001
Pseudomonas sp. B16120	3235108	S	62	214	276	0.00000
Pseudomonas sp. FGI182	1259844	S	60	54	114	0.00000
Pseudomonas sp. GM17	1144323	S	60	57	117	0.00000
Pseudomonas sp. SCA2728.1_7	2825975	S	59	56	115	0.00000
Pseudomonas sp. R1-15	2817399	S	59	180	239	0.00000
Pseudomonas sp. BIOMIG1BAC	1758730	S	59	80	139	0.00000
Pseudomonas sp. LB3P93	3682572	S	57	12	69	0.00000
Pseudomonas sp. H1_A03	3233414	S	56	84	140	0.00000
Pseudomonas sp. B21-044	2895488	S	55	482	537	0.00000
Pseudomonas sp. HN2-3	2886360	S	54	236	290	0.00000
Pseudomonas sp. N2-3-1-14	3240264	S	54	79	133	0.00000
Pseudomonas sp. Z1-29	2817410	S	54	242	296	0.00000
Pseudomonas sp. DNDY-54	2870860	S	53	40	93	0.00000
Pseudomonas sp. NIBRBAC000502773	2590776	S	52	20	72	0.00000
Pseudomonas sp. B21-019	2895475	S	52	29	81	0.00000
Pseudomonas sp. B21-031	2895482	S	52	113	165	0.00000
Pseudomonas sp. FP1740	2954078	S	50	36	86	0.00000
Pseudomonas sp. Leaf58	1736226	S	50	38	88	0.00000
Pseudomonas sp. FP2254	2954087	S	49	36	85	0.00000
Pseudomonas sp. S3_A03	3233490	S	49	130	179	0.00000
Pseudomonas sp. s4	353218	S	49	242	291	0.00000
Pseudomonas sp. P105	3049542	S	48	82	130	0.00000
Pseudomonas sp. ABY48	3402865	S	46	6	52	0.00000
Pseudomonas sp. S2_C03	3233477	S	45	98	143	0.00000
Pseudomonas sp. B21-047	2895489	S	44	39	83	0.00000
Pseudomonas sp. P9_31	3043448	S	44	55	99	0.00000
Pseudomonas sp. NEEL19	2867409	S	43	40	83	0.00000
Pseudomonas sp. M2(2023)	3049084	S	43	420	463	0.00000
Pseudomonas sp. BNK-44-a	3376178	S	43	5951	5994	0.00004
Pseudomonas sp. X4	3231526	S	43	108	151	0.00000
Pseudomonas sp. St386	2678256	S	42	362	404	0.00000
Pseudomonas sp. PS1(2021)	2866282	S	42	507	549	0.00000
Pseudomonas sp. RT4P38	3682584	S	41	18	59	0.00000
Pseudomonas sp. R4-34-07	658642	S	40	124	164	0.00000
Pseudomonas sp. D3	517398	S	40	5	45	0.00000
Pseudomonas sp. B21-051	2895491	S	40	12	52	0.00000
Pseudomonas sp. BNK-43-b	3376177	S	38	23690	23728	0.00017
Pseudomonas sp. FP198	2954084	S	37	16	53	0.00000
Pseudomonas sp. B21128	3235110	S	36	10	46	0.00000
Pseudomonas sp. MPB03	3388489	S	36	25	61	0.00000
Pseudomonas sp. RSB 5.4	3127459	S	36	12	48	0.00000
Pseudomonas sp. RU47	2005388	S	35	134	169	0.00000
Pseudomonas sp. D1-1	1040793	S	35	154	189	0.00000
Pseudomonas sp. S2_B07	3233474	S	35	101	136	0.00000
Pseudomonas sp. S2_D10	3233480	S	34	431	465	0.00000
Pseudomonas sp. 13159349	2662034	S	34	548	582	0.00000
Pseudomonas sp. P108	1837993	S	34	116	150	0.00000
Pseudomonas sp. ADPe	2774873	S	33	40	73	0.00000
Pseudomonas sp. ADAK22	2730851	S	32	47	79	0.00000
Pseudomonas sp. UW4	1207075	S	32	16	48	0.00000
Pseudomonas sp. IsoF	2821559	S	32	153	185	0.00000
Pseudomonas sp. HOU2	3230301	S	32	7	39	0.00000
Pseudomonas sp. VLB120	69328	S	32	382	414	0.00000
Pseudomonas sp. WC2401	3234143	S	32	49	81	0.00000
Pseudomonas sp. CIP-10	2892442	S	31	153	184	0.00000
Pseudomonas sp. BC42	2933816	S	31	106	137	0.00000
Pseudomonas sp. 10(2024)	3144667	S	29	49	78	0.00000
Pseudomonas sp. JZ134	2806615	S	29	32	61	0.00000
Pseudomonas sp. R4-35-07	658643	S	29	100	129	0.00000
Pseudomonas sp. Z4-7	2817413	S	29	92	121	0.00000
Pseudomonas sp. PONIH3	1636610	S	28	79	107	0.00000
Pseudomonas sp. B21-041	2895487	S	28	137	165	0.00000
Pseudomonas sp. Z2-11	2937882	S	28	59	87	0.00000
Pseudomonas sp. NMS19W	3079768	S	27	7	34	0.00000
Pseudomonas sp. B19125	3235109	S	27	48	75	0.00000
Pseudomonas sp. LW8	3242677	S	26	99	125	0.00000
Pseudomonas sp. XWY-1	2069256	S	26	92	118	0.00000
Pseudomonas sp. B21-028	2895480	S	26	27	53	0.00000
Pseudomonas sp. JS3066	3090665	S	25	73	98	0.00000
Pseudomonas sp. SK2	2841063	S	25	334	359	0.00000
Pseudomonas sp. YeP6b	2861775	S	25	70	95	0.00000
Pseudomonas sp. R3-56	2817401	S	25	50	75	0.00000
Pseudomonas sp. R2-37-08W	1173273	S	24	56	80	0.00000
Pseudomonas sp. D3-10	2817392	S	24	143	167	0.00000
Pseudomonas sp. PSE1(2024)	3228746	S	24	35	59	0.00000
Pseudomonas sp. DY-1	1755504	S	23	71	94	0.00000
Pseudomonas sp. RC3H12	2834406	S	23	42	65	0.00000
Pseudomonas sp. PSE14	3016341	S	23	41	64	0.00000
Pseudomonas sp. Tri1	2823875	S	23	41	64	0.00000
Pseudomonas sp. A1230	3235106	S	23	28	51	0.00000
Pseudomonas sp. FP2300	2954090	S	22	51	73	0.00000
Pseudomonas sp. QL9	3242725	S	22	11	33	0.00000
Pseudomonas sp. R84	1573712	S	22	139	161	0.00000
Pseudomonas sp. R2-7-07	658641	S	22	114	136	0.00000
Pseudomonas sp. B21-012	2895472	S	22	46	68	0.00000
Pseudomonas sp. FP1762	2954080	S	22	83	105	0.00000
Pseudomonas sp. SORT22	2813842	S	21	93	114	0.00000
Pseudomonas sp. FP2294	2954089	S	20	95	115	0.00000
Pseudomonas sp. S07E 245	2866278	S	19	24	43	0.00000
Pseudomonas sp. HTZ2	3075220	S	17	51	68	0.00000
Pseudomonas sp. FP1154	2954077	S	17	51	68	0.00000
Pseudomonas sp. B21-021	2895476	S	17	25	42	0.00000
Pseudomonas sp. BNK-45	3376180	S	17	57	74	0.00000
Pseudomonas sp. KK18	3123039	S	17	451	468	0.00000
Pseudomonas sp. NY5710	2662033	S	17	272	289	0.00000
Pseudomonas sp. So3.2b	2864101	S	17	70	87	0.00000
Pseudomonas sp. LG1D9	2083054	S	17	32	49	0.00000
Pseudomonas sp. WP18	3118752	S	16	62	78	0.00000
Pseudomonas sp. DCA-1	3344874	S	16	68	84	0.00000
Pseudomonas sp. B21-040	2895486	S	16	14	30	0.00000
Pseudomonas sp. DR208	2870840	S	16	36	52	0.00000
Pseudomonas sp. B21-059	2895496	S	16	27	43	0.00000
Pseudomonas sp. B21-035	2895484	S	15	63	78	0.00000
Pseudomonas sp. B21-009	2895470	S	15	372	387	0.00000
Pseudomonas sp. R3-41	2937876	S	15	76	91	0.00000
Pseudomonas sp. MS646	3118751	S	15	35	50	0.00000
Pseudomonas sp. SWI6	2083051	S	14	162	176	0.00000
Pseudomonas sp. T8	645292	S	14	49	63	0.00000
Pseudomonas sp. H2_E02	3233430	S	14	216	230	0.00000
Pseudomonas sp. NY8896	3068639	S	14	200	214	0.00000
Pseudomonas sp. 3-2	2867408	S	14	9	23	0.00000
Pseudomonas sp. NY8938	3081664	S	13	129	142	0.00000
Pseudomonas sp. FP818	2954099	S	13	52	65	0.00000
Pseudomonas sp. 7-41	2898483	S	13	61	74	0.00000
Pseudomonas sp. Z3-8	2817412	S	13	29	42	0.00000
Pseudomonas sp. LS2P72	3682579	S	12	2	14	0.00000
Pseudomonas sp. G166	3094846	S	12	22	34	0.00000
Pseudomonas sp. I3-I5	2926671	S	12	34	46	0.00000
Pseudomonas sp. HT11	3230490	S	12	18	30	0.00000
Pseudomonas sp. BJP69	2597770	S	12	195	207	0.00000
Pseudomonas sp. GR 6-02	1659194	S	11	33	44	0.00000
Pseudomonas sp. S49	1573720	S	11	42	53	0.00000
Pseudomonas sp. R11-23-07	658632	S	10	49	59	0.00000
Pseudomonas sp. SD17-1	2976883	S	10	22	32	0.00000
Pseudomonas sp. 4810-S13	3120822	S	10	130	140	0.00000
Pseudomonas sp. IAC-BECa141	2793103	S	10	9	19	0.00000
Pseudomonas sp. P9_2	3043447	S	10	37	47	0.00000
Pseudomonas putida	303	S	51452	80454	131906	0.00096
Pseudomonas oryzihabitans	47885	S	3740	374	4114	0.00003
Pseudomonas fulva	47880	S	1963	1745	3708	0.00003
Pseudomonas mosselii	78327	S	1448	173	1621	0.00001
Pseudomonas plecoglossicida	70775	S	940	121	1061	0.00001
Pseudomonas inefficax	2078786	S	607	254	861	0.00001
Pseudomonas monteilii	76759	S	451	2873	3324	0.00002
Pseudomonas wadenswilerensis	1785161	S	439	41	480	0.00000
Pseudomonas sp. SGAir0191	2217867	S	319	66	385	0.00000
Pseudomonas shirazica	1940636	S	88	495	583	0.00000
Pseudomonas ceruminis	2740516	S	31	173	204	0.00000
Pseudomonas alloputida	1940621	S	16	165	181	0.00000
Pseudomonas fluorescens	294	S	25472	6838	32310	0.00024
Pseudomonas brenneri	129817	S	1891	146	2037	0.00001
Pseudomonas tolaasii	29442	S	1612	98	1710	0.00001
Pseudomonas synxantha	47883	S	1424	452	1876	0.00001
Pseudomonas orientalis	76758	S	1148	82	1230	0.00001
Pseudomonas poae	200451	S	1090	165	1255	0.00001
Pseudomonas rhodesiae	76760	S	815	63	878	0.00001
Pseudomonas veronii	76761	S	748	1353	2101	0.00002
Pseudomonas mucidolens	46679	S	663	352	1015	0.00001
Pseudomonas trivialis	200450	S	653	114	767	0.00001
Pseudomonas azotoformans	47878	S	580	424	1004	0.00001
Pseudomonas mediterranea	183795	S	544	132	676	0.00000
Pseudomonas koreensis	198620	S	424	195	619	0.00000
Pseudomonas migulae	78543	S	337	52	389	0.00000
Pseudomonas moraviensis	321662	S	335	155	490	0.00000
Pseudomonas marginalis	298	S	333	341	674	0.00000
Pseudomonas cedrina	651740	S	320	43	363	0.00000
Pseudomonas rustica	2827099	S	268	19	287	0.00000
Pseudomonas ogarae	1114970	S	220	58	278	0.00000
Pseudomonas mandelii	75612	S	184	264	448	0.00000
Pseudomonas corrugata	47879	S	176	13	189	0.00000
Pseudomonas granadensis	1421430	S	143	30	173	0.00000
Pseudomonas congelans	200452	S	125	9	134	0.00000
Pseudomonas extremorientalis	169669	S	115	129	244	0.00000
Pseudomonas neuropathica	2730425	S	89	11	100	0.00000
Pseudomonas petroselini	2899822	S	49	136	185	0.00000
Pseudomonas libanensis	75588	S	32	15	47	0.00000
Pseudomonas parafulva	157782	S	32035	10797	42832	0.00031
Pseudomonas aeruginosa	287	S	20062	51560	71622	0.00052
Pseudomonas citronellolis	53408	S	1619	934	2553	0.00002
Pseudomonas multiresinivorans	95301	S	464	62	526	0.00000
Pseudomonas nitroreducens	46680	S	365	183	548	0.00000
Pseudomonas anguilliseptica	53406	S	424	8	432	0.00000
Pseudomonas paraeruginosa	2994495	S	123	252	375	0.00000
Pseudomonas syringae	317	S	3617	1237	4854	0.00004
Pseudomonas amygdali	47877	S	735	888	1623	0.00001
Pseudomonas savastanoi	29438	S	56	153	209	0.00000
Pseudomonas ficuserectae	53410	S	32	30	62	0.00000
Pseudomonas viridiflava	33069	S	901	100	1001	0.00001
Pseudomonas syringae group genomosp. 3	251701	S	594	981	1575	0.00001
Pseudomonas lijiangensis	2995658	S	538	10	548	0.00000
Pseudomonas asturiensis	1190415	S	418	83	501	0.00000
Pseudomonas cannabina	86840	S	369	2767	3136	0.00002
Pseudomonas caspiana	1451454	S	364	6	370	0.00000
Pseudomonas cichorii	36746	S	277	5	282	0.00000
Pseudomonas syringae group genomosp. 7	251699	S	224	1	225	0.00000
Pseudomonas coronafaciens	53409	S	107	37	144	0.00000
Pseudomonas avellanae	46257	S	52	17	69	0.00000
Pseudomonas tremae	200454	S	40	16	56	0.00000
Pseudomonas chlororaphis	587753	S	4711	4899	9610	0.00007
Pseudomonas protegens	380021	S	1229	1712	2941	0.00002
Pseudomonas fragi	296	S	636	536	1172	0.00001
Pseudomonas sp. JDS08PS003	2497162	S	564	62	626	0.00000
Pseudomonas piscis	2614538	S	443	125	568	0.00000
Pseudomonas lundensis	86185	S	368	6	374	0.00000
Pseudomonas danubii	2497146	S	254	420	674	0.00000
Pseudomonas sessilinigenes	658629	S	15	17	32	0.00000
Pseudomonas entomophila	312306	S	3157	157	3314	0.00002
Pseudomonas antarctica	219572	S	1673	370	2043	0.00001
Pseudomonas tussilaginis	3067780	S	1532	40	1572	0.00001
Pseudomonas abietaniphila	89065	S	1454	19	1473	0.00001
Pseudomonas vranovensis	321661	S	1444	337	1781	0.00001
Pseudomonas xanthosomatis	2842356	S	1353	99	1452	0.00001
Pseudomonas alkylphenolica	237609	S	1303	45	1348	0.00001
Pseudomonas thivervalensis	86265	S	1296	119	1415	0.00001
Pseudomonas helleri	1608996	S	1296	32	1328	0.00001
Pseudomonas marincola	437900	S	1292	46	1338	0.00001
Pseudomonas vanderleydeniana	2745495	S	1268	30	1298	0.00001
Pseudomonas phoenicis	3132207	S	1258	34	1292	0.00001
Pseudomonas juntendi	2666183	S	1243	2259	3502	0.00003
Pseudomonas laurentiana	2364649	S	1231	68	1299	0.00001
Pseudomonas palleroniana	191390	S	1147	39	1186	0.00001
Pseudomonas promysalinigenes	485898	S	1114	29	1143	0.00001
Pseudomonas versuta	1788301	S	1092	25	1117	0.00001
Pseudomonas asplenii	53407	S	1070	21	1091	0.00001
Pseudomonas muyukensis	2842357	S	1061	62	1123	0.00001
Pseudomonas saxonica	2600598	S	1022	39	1061	0.00001
Pseudomonas kurunegalensis	485880	S	998	1728	2726	0.00002
Pseudomonas reinekei	395598	S	987	74	1061	0.00001
Pseudomonas extremaustralis	359110	S	955	106	1061	0.00001
Pseudomonas fakonensis	2842355	S	953	94	1047	0.00001
Pseudomonas xantholysinigenes	2745490	S	918	49	967	0.00001
Pseudomonas benzenivorans	556533	S	917	85	1002	0.00001
Pseudomonas berkeleyensis	2726956	S	880	132	1012	0.00001
Pseudomonas eucalypticola	2599595	S	865	13	878	0.00001
Pseudomonas nicosulfuronedens	2571105	S	861	46	907	0.00001
Pseudomonas alabamensis	3064349	S	854	25	879	0.00001
Pseudomonas oryziphila	2894079	S	814	784	1598	0.00001
Pseudomonas cremoricolorata	157783	S	801	12	813	0.00001
Pseudomonas soli	1306993	S	800	950	1750	0.00001
Pseudomonas baltica	2762576	S	799	7	806	0.00001
Pseudomonas frederiksbergensis	104087	S	796	133	929	0.00001
Pseudomonas yamanorum	515393	S	762	74	836	0.00001
Pseudomonas hygromyciniae	2812000	S	756	84	840	0.00001
Pseudomonas leptonychotis	2448482	S	747	11	758	0.00001
Pseudomonas kermanshahensis	2745482	S	742	343	1085	0.00001
Pseudomonas silesiensis	1853130	S	728	32	760	0.00001
Pseudomonas prosekii	1148509	S	727	25	752	0.00001
Pseudomonas purpurea	3136737	S	719	20	739	0.00001
Pseudomonas imrae	2992837	S	713	15	728	0.00001
Pseudomonas abieticivorans	2931382	S	705	7	712	0.00001
uncultured Pseudomonas sp.	114707	S	699	38	737	0.00001
Pseudomonas taetrolens	47884	S	692	11	703	0.00001
Pseudomonas sichuanensis	2213015	S	688	652	1340	0.00001
Pseudomonas tohonis	2725477	S	681	188	869	0.00001
Pseudomonas atacamensis	2565368	S	646	345	991	0.00001
Pseudomonas lurida	244566	S	644	43	687	0.00001
Pseudomonas batumici	226910	S	632	12	644	0.00000
Pseudomonas phytophila	2867264	S	593	9	602	0.00000
Pseudomonas segetis	298908	S	586	9	595	0.00000
Pseudomonas huanghezhanensis	3002903	S	582	4	586	0.00000
Pseudomonas asiatica	2219225	S	560	1668	2228	0.00002
Pseudomonas oryzae	1392877	S	533	24	557	0.00000
Pseudomonas brassicacearum	930166	S	529	1016	1545	0.00001
Pseudomonas solani	2731552	S	528	121	649	0.00000
Pseudomonas psychrophila	122355	S	503	24	527	0.00000
Pseudomonas cavernae	2320867	S	496	9	505	0.00000
Pseudomonas canadensis	915099	S	494	70	564	0.00000
Pseudomonas helvetica	3136738	S	492	176	668	0.00000
Pseudomonas sediminis	1691904	S	481	123	604	0.00000
Pseudomonas knackmussii	65741	S	478	177	655	0.00000
Pseudomonas vancouverensis	95300	S	472	15	487	0.00000
Pseudomonas lini	163011	S	465	186	651	0.00000
Pseudomonas shirazensis	2745494	S	460	96	556	0.00000
Pseudomonas tructae	2518644	S	449	14	463	0.00000
Pseudomonas maumuensis	2842354	S	447	57	504	0.00000
Pseudomonas coleopterorum	1605838	S	447	13	460	0.00000
Pseudomonas serbica	2965074	S	444	82	526	0.00000
Pseudomonas pergaminensis	2853159	S	442	164	606	0.00000
Pseudomonas bambusae	3139142	S	436	3	439	0.00000
Pseudomonas umsongensis	198618	S	416	20	436	0.00000
Pseudomonas grandcourensis	3136736	S	410	49	459	0.00000
Pseudomonas rhizosphaerae	216142	S	408	8	416	0.00000
Pseudomonas azerbaijanoccidentalis	2842347	S	397	40	437	0.00000
Pseudomonas saudiphocaensis	1499686	S	392	18	410	0.00000
Pseudomonas agarici	46677	S	351	2	353	0.00000
Pseudomonas moorei	395599	S	347	15	362	0.00000
Pseudomonas anuradhapurensis	485870	S	313	103	416	0.00000
Pseudomonas luteola	47886	S	306	207	513	0.00000
Pseudomonas kribbensis	1628086	S	301	89	390	0.00000
Pseudomonas nunensis	2961896	S	299	28	327	0.00000
Pseudomonas mohnii	395600	S	294	27	321	0.00000
Pseudomonas fragariae (ex Marin et al. 2024)	3080056	S	291	568	859	0.00001
Pseudomonas donghuensis	1163398	S	288	245	533	0.00000
Pseudomonas lactis	1615674	S	283	83	366	0.00000
Pseudomonas kielensis	2762577	S	278	14	292	0.00000
Pseudomonas salmasensis	2745514	S	275	68	343	0.00000
Pseudomonas paeninsulae	3110772	S	264	15	279	0.00000
Pseudomonas sihuiensis	1274359	S	251	188	439	0.00000
Pseudomonas triclosanedens	2961893	S	251	16	267	0.00000
Pseudomonas laurylsulfatiphila	2011015	S	246	55	301	0.00000
Pseudomonas arsenicoxydans	702115	S	222	14	236	0.00000
Pseudomonas viciae	2505979	S	216	17	233	0.00000
Pseudomonas allokribbensis	2774460	S	216	28	244	0.00000
Pseudomonas phenolilytica	2746321	S	201	131	332	0.00000
Pseudomonas germanica	2815720	S	196	65	261	0.00000
Pseudomonas lyxosi	3398358	S	186	29	215	0.00000
Pseudomonas iranensis	2745503	S	185	91	276	0.00000
Pseudomonas arabinosi	3398357	S	178	23	201	0.00000
Pseudomonas fortuita	3233375	S	177	807	984	0.00001
Pseudomonas kilonensis	132476	S	176	161	337	0.00000
Pseudomonas graminis	158627	S	175	12	187	0.00000
Pseudomonas izuensis	2684212	S	163	7	170	0.00000
Pseudomonas sivasensis	1880678	S	163	145	308	0.00000
Pseudomonas edaphica	2006980	S	162	102	264	0.00000
Pseudomonas siliginis	2842346	S	161	388	549	0.00000
Pseudomonas capeferrum	1495066	S	158	469	627	0.00000
Pseudomonas gozinkensis	2774461	S	149	23	172	0.00000
Pseudomonas qingdaonensis	2056231	S	147	225	372	0.00000
Pseudomonas triticicola	2842345	S	143	24	167	0.00000
Pseudomonas farris	2841207	S	141	77	218	0.00000
Pseudomonas cucumis	2954082	S	138	18	156	0.00000
Pseudomonas shahriarae	2745512	S	136	160	296	0.00000
Pseudomonas iridis	2710587	S	134	105	239	0.00000
Pseudomonas serboccidentalis	2964670	S	133	12	145	0.00000
Pseudomonas benzopyrenica	2993566	S	128	33	161	0.00000
Pseudomonas hormoni	3093767	S	121	32	153	0.00000
Pseudomonas pohangensis	364197	S	121	0	121	0.00000
Pseudomonas hefeiensis	2738125	S	121	6	127	0.00000
Pseudomonas aestiva	3136739	S	118	35	153	0.00000
Pseudomonas wenzhouensis	2906062	S	118	26	144	0.00000
Pseudomonas guariconensis	1288410	S	115	282	397	0.00000
Pseudomonas hamedanensis	2745504	S	108	4	112	0.00000
Pseudomonas monsensis	2745509	S	105	56	161	0.00000
Pseudomonas beijingensis	2954101	S	103	92	195	0.00000
Pseudomonas alvandae	2842348	S	100	70	170	0.00000
Pseudomonas fitomaticsae	2837969	S	86	18	104	0.00000
Pseudomonas glycinae	1785145	S	84	21	105	0.00000
Pseudomonas zeae	2745510	S	53	56	109	0.00000
Pseudomonas tensinigenes	2745511	S	51	15	66	0.00000
Pseudomonas simiae	321846	S	48	92	140	0.00000
Pseudomonas cerasi	1583341	S	47	41	88	0.00000
Pseudomonas bijieensis	2681983	S	44	66	110	0.00000
Pseudomonas quebecensis	2995174	S	42	29	71	0.00000
Pseudomonas frigoris	3398356	S	38	20	58	0.00000
Pseudomonas hunanensis	1247546	S	32	93	125	0.00000
Pseudomonas idahonensis	2942628	S	31	40	71	0.00000
Pseudomonas azerbaijanorientalis	2842350	S	29	12	41	0.00000
Pseudomonas tritici	2745518	S	22	31	53	0.00000
Pseudomonas khavaziana	2842351	S	15	22	37	0.00000
Pseudomonas paraveronii	3040598	S	12	2	14	0.00000
Candidatus Pseudomonas adelgestsugas	1302376	S	12	0	12	0.00000
Pseudomonas rhizophila	2045200	S	10	20	30	0.00000
Pseudomonas svalbardensis	3042029	S	10	10	20	0.00000
Stutzerimonas stutzeri	316	S	3629	1960	5589	0.00004
Stutzerimonas chloritidismutans	203192	S	257	203	460	0.00000
Stutzerimonas kunmingensis	1211807	S	54	58	112	0.00000
Stutzerimonas balearica	74829	S	530	76	606	0.00000
Stutzerimonas frequens	2968969	S	139	146	285	0.00000
Stutzerimonas degradans	2968968	S	65	49	114	0.00000
Stutzerimonas urumqiensis	638269	S	696	22	718	0.00001
Stutzerimonas nitrititolerans	2482751	S	675	106	781	0.00001
Stutzerimonas zhaodongensis	1176257	S	588	499	1087	0.00001
Stutzerimonas xanthomarina	271420	S	516	52	568	0.00000
Stutzerimonas sp. NM35	3595649	S	350	425	775	0.00001
Stutzerimonas sp. KH-1	3569266	S	21	66	87	0.00000
Stutzerimonas decontaminans	3022791	S	109	34	143	0.00000
Pseudomonas denitrificans (nom. rej.)	43306	S	1289	357	1646	0.00001
Halopseudomonas aestusnigri	857252	S	99	198	297	0.00000
Halopseudomonas pelagia	553151	S	930	44	974	0.00001
Halopseudomonas phragmitis	1931241	S	843	5	848	0.00001
Halopseudomonas oceani	1708783	S	786	12	798	0.00001
Halopseudomonas sabulinigri	472181	S	750	3	753	0.00001
Halopseudomonas sp. SMJS2	3041098	S	435	5	440	0.00000
Halopseudomonas litoralis	797277	S	364	16	380	0.00000
Halopseudomonas maritima	2918528	S	358	4	362	0.00000
Halopseudomonas nanhaiensis	2830842	S	350	8	358	0.00000
Halopseudomonas salegens	1434072	S	225	0	225	0.00000
Halopseudomonas xinjiangensis	487184	S	79	0	79	0.00000
Ectopseudomonas mendocina	300	S	2149	554	2703	0.00002
Ectopseudomonas hydrolytica	2493633	S	675	162	837	0.00001
Ectopseudomonas oleovorans	301	S	633	576	1209	0.00001
Ectopseudomonas composti	658457	S	395	62	457	0.00000
Ectopseudomonas guguanensis	1198456	S	324	143	467	0.00000
Ectopseudomonas toyotomiensis	554344	S	289	83	372	0.00000
Ectopseudomonas khazarica	2502979	S	163	211	374	0.00000
Metapseudomonas otitidis	319939	S	1340	149	1489	0.00001
Metapseudomonas resinovorans	53412	S	668	176	844	0.00001
Metapseudomonas boanensis	2822138	S	511	14	525	0.00000
Metapseudomonas furukawaii	1149133	S	398	50	448	0.00000
Metapseudomonas lalkuanensis	2604832	S	327	38	365	0.00000
Azotobacter chroococcum	353	S	765	80	845	0.00001
Azotobacter salinestris	69964	S	289	40	329	0.00000
Azotobacter vinelandii	354	S	116	914	1030	0.00001
Azorhizophilus paspali	69963	S	389	100	489	0.00000
Aquipseudomonas campi	2731681	S	1139	86	1225	0.00001
Aquipseudomonas alcaligenes	43263	S	974	143	1117	0.00001
Thiopseudomonas denitrificans	1501432	S	1095	13	1108	0.00001
Thiopseudomonas alkaliphila	1697053	S	519	4	523	0.00000
Phytopseudomonas seleniipraecipitans	640205	S	508	17	525	0.00000
Phytopseudomonas argentinensis	289370	S	416	70	486	0.00000
Geopseudomonas guangdongensis	1245526	S	575	53	628	0.00000
Denitrificimonas caeni	521720	S	288	4	292	0.00000
Entomomonas sp. E2T0	2930213	S	199	0	199	0.00000
Entomomonas moraniae	2213226	S	67	0	67	0.00000
Permianibacter aggregans	1510150	S	99	0	99	0.00000
Marinobacter sp.	50741	S	796	253	1049	0.00001
Marinobacter sp. AN1	2886046	S	512	31	543	0.00000
Marinobacter sp. CA1	2817656	S	490	2	492	0.00000
Marinobacter sp. LV10R510-11A	1415568	S	305	1	306	0.00000
Marinobacter sp. M3C	2917715	S	209	246	455	0.00000
Marinobacter sp. NP-4(2019)	2488665	S	165	10	175	0.00000
Marinobacter sp. CP1	1671721	S	128	255	383	0.00000
Marinobacter sp. BSs20148	490759	S	109	16	125	0.00000
Marinobacter sp. W-8	3369658	S	49	36	85	0.00000
Marinobacter sp. LM1	3003349	S	39	54	93	0.00000
Marinobacter sp. M5B	3141535	S	34	220	254	0.00000
Marinobacter sp. MIT932201	3096995	S	32	39	71	0.00000
Marinobacter sp. KM021	3075616	S	13	33	46	0.00000
Marinobacter sp. es.042	1761794	S	10	2	12	0.00000
Marinobacter salarius	1420917	S	312	646	958	0.00001
Marinobacter salinisoli	2769486	S	300	1	301	0.00000
Marinobacter fonticola	2603215	S	291	1	292	0.00000
Marinobacter salinus	1874317	S	271	2	273	0.00000
Marinobacter apostichopi	3035454	S	270	14	284	0.00000
Marinobacter adhaerens	1033846	S	218	754	972	0.00001
Marinobacter nanhaiticus	1305740	S	217	3	220	0.00000
Marinobacter similis	1420916	S	153	10	163	0.00000
Marinobacter psychrophilus	330734	S	113	17	130	0.00000
Marinobacter alkaliphilus	254719	S	84	273	357	0.00000
Marinobacter shengliensis	1389223	S	68	206	274	0.00000
Marinobacter nauticus	2743	S	37	56	93	0.00000
Marinobacter metalliresistant	2961995	S	30	119	149	0.00000
Candidatus Njordibacter sp. Uisw_039	3230972	S	116	18	134	0.00000
Candidatus Njordibacter sp. Uisw_058	3230974	S	108	19	127	0.00000
Candidatus Njordibacter sp. Uisw_002	3230971	S	21	3	24	0.00000
Ketobacter alkanivorans	1917421	S	133	0	133	0.00000
Pseudohongiella spirulinae	1249552	S	122	0	122	0.00000
Aeromonas hydrophila	644	S	35686	18772	54458	0.00040
Aeromonas sp. FDAARGOS 1407	2778056	S	1122	729	1851	0.00001
Aeromonas sp. ASNIH4	1636609	S	602	654	1256	0.00001
Aeromonas sp. CD	3080830	S	287	198	485	0.00000
Aeromonas sp. 1805	2560028	S	229	228	457	0.00000
Aeromonas sp. ASNIH5	1758179	S	122	639	761	0.00001
Aeromonas sp. CU5	2033033	S	103	6	109	0.00000
Aeromonas sp. FDAARGOS 1403	2778052	S	92	148	240	0.00000
Aeromonas sp. FDAARGOS 1415	2778064	S	84	7	91	0.00000
Aeromonas sp. FDAARGOS 1409	2778058	S	77	42	119	0.00000
Aeromonas sp. CA23	2033032	S	76	31	107	0.00000
Aeromonas sp. NJAU223	3115650	S	73	31	104	0.00000
Aeromonas sp. FL131	3416715	S	61	393	454	0.00000
Aeromonas sp. 2692-1	2560029	S	58	119	177	0.00000
Aeromonas sp. ASNIH7	1920107	S	41	303	344	0.00000
Aeromonas sp. FDAARGOS 1417	2778066	S	39	43	82	0.00000
Aeromonas sp. XH	3081770	S	37	20	57	0.00000
Aeromonas sp. INTO2	3416714	S	22	74	96	0.00000
Aeromonas sp. DSM 116730	3115851	S	19	13	32	0.00000
Aeromonas sp. FDAARGOS 1414	2778063	S	18	23	41	0.00000
Aeromonas sp. 19NY04SH05-1	2920537	S	16	39	55	0.00000
Aeromonas sp. FDAARGOS 1408	2778057	S	15	40	55	0.00000
Aeromonas veronii	654	S	2751	1006	3757	0.00003
Aeromonas dhakensis	196024	S	2115	1227	3342	0.00002
Aeromonas salmonicida	645	S	1650	231	1881	0.00001
Aeromonas caviae	648	S	1367	2003	3370	0.00002
Aeromonas media	651	S	889	165	1054	0.00001
Aeromonas simiae	218936	S	548	12	560	0.00000
Aeromonas jandaei	650	S	543	146	689	0.00001
Aeromonas enteropelogenes	29489	S	536	233	769	0.00001
Aeromonas schubertii	652	S	406	7	413	0.00000
Aeromonas allosaccharophila	656	S	362	111	473	0.00000
Aeromonas popoffii	70856	S	328	14	342	0.00000
Aeromonas encheleia	73010	S	258	7	265	0.00000
Aeromonas oralensis	3415010	S	200	178	378	0.00000
Aeromonas bestiarum	105751	S	131	37	168	0.00000
Aeromonas rivuli	648794	S	125	2	127	0.00000
Aeromonas rivipollensis	948519	S	98	45	143	0.00000
Aeromonas piscicola	600645	S	42	5	47	0.00000
Zobellella denitrificans	347534	S	549	197	746	0.00001
Zobellella sp. DQSA1	3342386	S	265	22	287	0.00000
Zobellella sp. An-6	3400218	S	232	109	341	0.00000
Zobellella taiwanensis	347535	S	60	14	74	0.00000
Oceanimonas sp. GK1	511062	S	144	8	152	0.00000
Oceanimonas sp. AH20CE76	2977120	S	142	165	307	0.00000
Oceanimonas pelagia	3028314	S	254	8	262	0.00000
Oceanimonas smirnovii	264574	S	235	176	411	0.00000
Tolumonas auensis	43948	S	498	5	503	0.00000
Dongshaea marina	2047966	S	453	0	453	0.00000
Oceanisphaera profunda	1416627	S	119	55	174	0.00000
Oceanisphaera avium	1903694	S	95	7	102	0.00000
Oceanisphaera sp. IT1-181	3081199	S	13	5	18	0.00000
Pseudaeromonas aegiceratis	3153928	S	162	0	162	0.00000
Succinivibrio dextrinosolvens	83771	S	276	0	276	0.00000
Halomonas sp. YLGW01	2773308	S	515	15	530	0.00000
Halomonas sp. A40-4	2785909	S	464	31	495	0.00000
Halomonas sp.	1486246	S	404	8	412	0.00000
Halomonas sp. I5-271120	3061632	S	379	37	416	0.00000
Halomonas sp. LS-001	3465833	S	358	7	365	0.00000
Halomonas sp. H5	3423910	S	355	15	370	0.00000
Halomonas sp. E14	3397245	S	311	10	321	0.00000
Halomonas sp. 7T	2893469	S	311	61	372	0.00000
Halomonas sp. THAF5a	2587844	S	286	28	314	0.00000
Halomonas sp. THAF12	2587849	S	284	103	387	0.00000
Halomonas sp. M4R1S46	2982692	S	278	8	286	0.00000
Halomonas sp. HK25	3394321	S	247	6	253	0.00000
Halomonas sp. BDJS001	2992143	S	198	30	228	0.00000
Halomonas sp. Y3	2956797	S	186	304	490	0.00000
Halomonas sp. NyZ770	2883106	S	177	145	322	0.00000
Halomonas sp. BM-2019	2811227	S	169	7	176	0.00000
Halomonas sp. CKK8	3036127	S	161	5	166	0.00000
Halomonas sp. SH5A2	2749040	S	156	4	160	0.00000
Halomonas sp. H2	261936	S	144	56	200	0.00000
Halomonas sp. N3-2A	2014541	S	138	878	1016	0.00001
Halomonas sp. 3H	2952527	S	123	10	133	0.00000
Halomonas sp. HAL1	550984	S	119	46	165	0.00000
Halomonas sp. HG01	1609967	S	110	380	490	0.00000
Halomonas sp. GT	1971364	S	94	46	140	0.00000
Halomonas sp. hl-4	1761789	S	85	617	702	0.00001
Halomonas sp. M1	3035470	S	84	2	86	0.00000
Halomonas sp. KO116	1504981	S	56	126	182	0.00000
Halomonas sp. H10-59	2950874	S	52	190	242	0.00000
Halomonas sp. PGE1	2730360	S	50	149	199	0.00000
Halomonas sp. FeN2	2832500	S	47	127	174	0.00000
Halomonas sp. JS92-SW72	2306583	S	40	49	89	0.00000
Halomonas sp. LR3S48	2982694	S	32	71	103	0.00000
Halomonas sp. KG2	2951138	S	29	39	68	0.00000
Halomonas sp. RT37	2950872	S	28	98	126	0.00000
Halomonas sp. DN3	2953657	S	21	46	67	0.00000
Halomonas sp. GD1P12	2982691	S	21	129	150	0.00000
Halomonas sp. PAMB 3232	3075221	S	18	115	133	0.00000
Halomonas sp. R57-5	1610576	S	18	5	23	0.00000
Halomonas sp. HL-93	1666906	S	17	126	143	0.00000
Halomonas sp. TD01	999141	S	15	4	19	0.00000
Halomonas sp. SS10-MC5	2854257	S	11	46	57	0.00000
Halomonas sp. PAMB 3264	3075222	S	10	60	70	0.00000
Halomonas elongata	2746	S	642	5	647	0.00000
Halomonas mongoliensis	321265	S	592	384	976	0.00001
Halomonas binhaiensis	2562282	S	572	4	576	0.00000
Halomonas piscis	3031727	S	543	3	546	0.00000
Halomonas cupida	44933	S	436	6	442	0.00000
Halomonas chromatireducens	507626	S	338	2	340	0.00000
Halomonas alkaliantarctica	232346	S	329	26	355	0.00000
Halomonas huangheensis	1178482	S	307	3	310	0.00000
Halomonas beimenensis	475662	S	284	7	291	0.00000
Halomonas kashgarensis	3084920	S	200	2	202	0.00000
Halomonas litopenaei	2109328	S	162	36	198	0.00000
Halomonas alkalicola	1930622	S	94	178	272	0.00000
Halomonas aestuarii	1897729	S	84	2	86	0.00000
Halomonas casei	2742613	S	65	8	73	0.00000
Halomonas qaidamensis	2866211	S	30	88	118	0.00000
Halomonas halophila	29573	S	19	68	87	0.00000
Vreelandella sp. EE22	3449838	S	558	56	614	0.00000
Vreelandella sp.	3137778	S	339	23	362	0.00000
Vreelandella sp. F11	3394751	S	232	25	257	0.00000
Vreelandella sp. TE19	3449836	S	118	273	391	0.00000
Vreelandella sp. GE22	3449837	S	100	246	346	0.00000
Vreelandella sp. 21	3402864	S	53	284	337	0.00000
Vreelandella sp. SM1641	3126101	S	37	91	128	0.00000
Vreelandella sp. EE27	3449835	S	34	68	102	0.00000
Vreelandella aquamarina	77097	S	1052	290	1342	0.00001
Vreelandella alkaliphila	272774	S	494	1503	1997	0.00001
Vreelandella zhaodongensis	1176240	S	349	23	372	0.00000
Vreelandella venusta	44935	S	328	81	409	0.00000
Vreelandella subglaciescola	29571	S	325	4	329	0.00000
Vreelandella sulfidaeris	115553	S	275	86	361	0.00000
Vreelandella profundi	2852117	S	274	17	291	0.00000
Vreelandella stevensii	502821	S	225	126	351	0.00000
Vreelandella titanicae	664683	S	214	811	1025	0.00001
Vreelandella piezotolerans	2609667	S	183	448	631	0.00000
Vreelandella neptunia	115551	S	25	63	88	0.00000
Salinicola sp. NYA28a	3465832	S	406	98	504	0.00000
Salinicola sp. LHM	3065298	S	377	93	470	0.00000
Salinicola sp. JS01	3050071	S	126	48	174	0.00000
Salinicola endophyticus	1949083	S	794	210	1004	0.00001
Salinicola tamaricis	1771309	S	371	143	514	0.00000
Salinicola lusitanus	1949085	S	203	25	228	0.00000
Cobetia sp. L2A1	2686360	S	484	12	496	0.00000
Cobetia sp. cqz5-12	2609415	S	218	58	276	0.00000
Cobetia sp. MM1IDA2H-1	1268241	S	48	98	146	0.00000
Cobetia sp. AM6	2661553	S	17	42	59	0.00000
Cobetia sp. UIB-001	2717697	S	10	11	21	0.00000
Cobetia marina	28258	S	376	870	1246	0.00001
Cobetia amphilecti	1055104	S	30	59	89	0.00000
Kushneria sp. AK178	2937864	S	448	14	462	0.00000
Kushneria sp. Sum13	3459196	S	259	29	288	0.00000
Kushneria sp. TE3	3449832	S	151	458	609	0.00000
Kushneria sp. EE4	3471995	S	122	368	490	0.00000
Kushneria marisflavi	157779	S	180	100	280	0.00000
Kushneria phosphatilytica	657387	S	75	0	75	0.00000
Kushneria konosiri	698828	S	55	29	84	0.00000
Billgrantia antri	2846777	S	448	16	464	0.00000
Billgrantia diversa	2781855	S	341	6	347	0.00000
Billgrantia tianxiuensis	2497861	S	254	13	267	0.00000
Billgrantia sulfidoxydans	2733484	S	45	188	233	0.00000
Billgrantia sp. C5P2	3436239	S	33	71	104	0.00000
Chromohalobacter israelensis	141390	S	395	24	419	0.00000
Chromohalobacter canadensis	141389	S	325	23	348	0.00000
Halotalea alkalilenta	376489	S	655	3	658	0.00000
Zymobacter sp. IVIA_5232.4 C2	3394855	S	129	154	283	0.00000
Zymobacter palmae	33074	S	61	13	74	0.00000
Candidatus Carsonella ruddii	114186	S	129	6	135	0.00000
Pistricoccus aurantiacus	1883414	S	283	1	284	0.00000
Bisbaumannia salifodinae	438745	S	197	8	205	0.00000
Marinobacterium rhizophilum	420402	S	1407	36	1443	0.00001
Marinobacterium sp. YM272	3421654	S	612	7	619	0.00000
Marinobacterium sp. LSUCC0821	2668067	S	223	2	225	0.00000
Marinobacterium aestuarii	1821621	S	759	19	778	0.00001
Marinobacterium iners	48076	S	508	16	524	0.00000
Marinobacterium sediminicola	518898	S	288	7	295	0.00000
Marinomonas sp. RS-M-Aa-14	3241169	S	216	92	308	0.00000
Marinomonas sp. THO17	3149048	S	137	4	141	0.00000
Marinomonas sp. A3A	2065312	S	130	45	175	0.00000
Marinomonas sp. PE14-40	3060621	S	129	3	132	0.00000
Marinomonas sp.	1904862	S	49	12	61	0.00000
Marinomonas sp. CT5	2066133	S	49	2	51	0.00000
Marinomonas sp. FW-1	2071621	S	40	6	46	0.00000
Marinomonas sp. GJ51-6	2992802	S	24	1	25	0.00000
Marinomonas primoryensis	178399	S	334	22	356	0.00000
Marinomonas rhizomae	491948	S	262	165	427	0.00000
Marinomonas profundi	2726122	S	138	22	160	0.00000
Marinomonas mediterranea	119864	S	104	3	107	0.00000
Marinomonas posidonica	936476	S	70	4	74	0.00000
Marinomonas arctica	383750	S	45	21	66	0.00000
Marinomonas pontica	264739	S	44	11	55	0.00000
Marinomonas gallaica	1806667	S	42	1	43	0.00000
Marinomonas polaris	293552	S	27	10	37	0.00000
Marinomonas algicola	2773454	S	24	0	24	0.00000
Marinomonas foliarum	491950	S	10	6	16	0.00000
Neptuniibacter sp. PT8_73	3398206	S	96	372	468	0.00000
Neptuniibacter sp. QD37_6	3398210	S	69	41	110	0.00000
Neptuniibacter sp. QD29_5	3398207	S	41	25	66	0.00000
Neptuniibacter sp. QD48_55	3398212	S	10	13	23	0.00000
Neptuniibacter halophilus	651666	S	407	4	411	0.00000
Neptuniibacter marinus	1806670	S	107	3	110	0.00000
Candidatus Thalassolituus haligoni	3100113	S	397	2	399	0.00000
Thalassolituus hydrocarboniclasticus	2742796	S	270	45	315	0.00000
Thalassolituus oleivorans	187493	S	214	6	220	0.00000
Thalassolituus sp. LLYu03	3421656	S	107	1	108	0.00000
Venatoribacter cucullus	2661630	S	394	7	401	0.00000
Venatorbacter sp. C2-1	2597518	S	374	58	432	0.00000
Nitrincola iocasae	2614693	S	624	8	632	0.00000
Nitrincola salilacus	3400273	S	123	1	124	0.00000
Neptunomonas phycophila	1572645	S	262	4	266	0.00000
Neptunomonas concharum	1031538	S	206	2	208	0.00000
Neptunomonas japonica	417574	S	160	0	160	0.00000
Bermanella marisrubri	207949	S	295	1	296	0.00000
Bermanella sp. WJH001	3048005	S	84	130	214	0.00000
Amphritea atlantica	355243	S	205	1	206	0.00000
Amphritea sp. HPY	3421652	S	181	1	182	0.00000
Amphritea japonica	452627	S	50	0	50	0.00000
Aliamphritea ceti	1524258	S	212	2	214	0.00000
Aliamphritea hakodatensis	2895352	S	86	0	86	0.00000
Aliamphritea spongicola	707589	S	70	0	70	0.00000
Bacterioplanoides sp. SCSIO 12839	2829569	S	203	29	232	0.00000
Bacterioplanoides sp.	2066072	S	85	7	92	0.00000
Bacterioplanes sanyensis	1249553	S	269	6	275	0.00000
Marinospirillum sp.	2183934	S	178	4	182	0.00000
Motiliproteus sp.	1898955	S	148	1	149	0.00000
Alloalcanivorax xenomutans	1094342	S	2045	514	2559	0.00002
Alloalcanivorax venustensis	172371	S	665	37	702	0.00001
Alloalcanivorax dieselolei	285091	S	484	220	704	0.00001
Alcanivorax sp.	1872427	S	663	280	943	0.00001
Alcanivorax sp. IL2	3396310	S	130	301	431	0.00000
Isoalcanivorax pacificus	1306787	S	756	12	768	0.00001
Endozoicomonas sp.	1892382	S	307	4	311	0.00000
Endozoicomonas sp. SCSIO W0465	2918516	S	204	3	207	0.00000
Endozoicomonas sp. ALD040	3403079	S	83	300	383	0.00000
Endozoicomonas sp. GU-1	3009078	S	79	1	80	0.00000
Endozoicomonas sp. 4G	2872754	S	62	1	63	0.00000
Endozoicomonas sp. 8E	3035692	S	56	2	58	0.00000
Endozoicomonas sp. Mp262	2919499	S	46	0	46	0.00000
Endozoicomonas montiporae	1027273	S	282	3	285	0.00000
Endozoicomonas euniceicola	1234143	S	43	0	43	0.00000
Hahella chejuensis	158327	S	280	41	321	0.00000
Hahella sp. KA22	1628392	S	56	106	162	0.00000
Hahella sp. NBU794	3422590	S	34	67	101	0.00000
Hahella aquimaris	3015983	S	183	28	211	0.00000
Thermohahella caldifontis	3142973	S	230	5	235	0.00000
Allohahella sp. A8	3141461	S	84	0	84	0.00000
Gynuella sunshinyii	1445505	S	294	1	295	0.00000
Salinispirillum sp. LH 10-3-1	2952525	S	256	1	257	0.00000
Saccharospirillum mangrovi	2161747	S	224	2	226	0.00000
Reinekea forsetii	1336806	S	173	0	173	0.00000
Pokkaliibacter plantistimulans	1635171	S	637	1	638	0.00000
Litorivicinus lipolyticus	418701	S	432	0	432	0.00000
Aliikangiella sp. IMCC44359	3459125	S	151	0	151	0.00000
Aliikangiella sp. IMCC44632	3462278	S	22	10	32	0.00000
Pleionea litopenaei	3070815	S	86	0	86	0.00000
Oleiphilus messinensis	141451	S	102	0	102	0.00000
Spartinivicinus ruber	2683272	S	52	0	52	0.00000
Marinicellulosiphila megalodicopiae	2724896	S	11	0	11	0.00000
Vibrio parahaemolyticus	670	S	1215	1693	2908	0.00002
Vibrio harveyi	669	S	601	328	929	0.00001
Vibrio campbellii	680	S	553	193	746	0.00001
Vibrio owensii	696485	S	185	54	239	0.00000
Vibrio azureus	512649	S	184	2	186	0.00000
Vibrio natriegens	691	S	177	1197	1374	0.00001
Vibrio alginolyticus	663	S	145	165	310	0.00000
Vibrio diabolicus	50719	S	79	79	158	0.00000
Vibrio jasicida	766224	S	86	45	131	0.00000
Vibrio rotiferianus	190895	S	25	6	31	0.00000
Vibrio mytili	50718	S	13	0	13	0.00000
Vibrio sp. SCSIO 43137	3021011	S	372	3	375	0.00000
Vibrio sp. JC009	2912314	S	292	2	294	0.00000
Vibrio sp. YMD68	3042300	S	249	58	307	0.00000
Vibrio sp. VB16	2785746	S	231	10	241	0.00000
Vibrio sp. NTOU-M3	3234954	S	217	5	222	0.00000
Vibrio sp. SS-MA-C1-2	2908646	S	196	2	198	0.00000
Vibrio sp. MA40-2	3391828	S	195	1	196	0.00000
Vibrio sp. HB236076	3232307	S	146	2	148	0.00000
Vibrio sp. B1FLJ16	2751178	S	143	3	146	0.00000
Vibrio sp. SCSIO 43135	2819096	S	128	22	150	0.00000
Vibrio sp. BS-M-Sm-2	3241167	S	122	23	145	0.00000
Vibrio sp. DW001	2912315	S	110	4	114	0.00000
Vibrio sp. NH-7	3470823	S	104	45	149	0.00000
Vibrio sp. AK197	2937888	S	101	1	102	0.00000
Vibrio sp. SCSIO 43133	2802577	S	87	65	152	0.00000
Vibrio sp. B1Z05	2654980	S	85	5	90	0.00000
Vibrio sp. 16	391586	S	76	32	108	0.00000
Vibrio sp. ABG19	2817385	S	65	29	94	0.00000
Vibrio sp. SCSIO 43153	2819098	S	63	36	99	0.00000
Vibrio sp. B1ASS3	2751176	S	61	32	93	0.00000
Vibrio sp. HDW18	2714948	S	33	2	35	0.00000
Vibrio sp. THAF190c	2587865	S	31	3	34	0.00000
Vibrio sp. Scap24	2589990	S	31	7	38	0.00000
Vibrio sp. SCSIO 43140	2819100	S	25	1	26	0.00000
Vibrio sp. 10N.261.54.E10	1884475	S	20	33	53	0.00000
Vibrio sp. F13	2070777	S	15	5	20	0.00000
Vibrio sp. SCSIO 43132	2779363	S	11	2	13	0.00000
Vibrio sp. ED004	2785124	S	10	2	12	0.00000
Vibrio maritimus	990268	S	1097	68	1165	0.00001
Vibrio chagasii	170679	S	997	52	1049	0.00001
Vibrio pectenicida	62763	S	856	16	872	0.00001
Vibrio penaeicida	104609	S	830	49	879	0.00001
Vibrio furnissii	29494	S	826	223	1049	0.00001
Vibrio vulnificus	672	S	746	30	776	0.00001
Vibrio fluvialis	676	S	608	162	770	0.00001
Vibrio celticus	446372	S	573	148	721	0.00001
Vibrio cholerae	666	S	549	1202	1751	0.00001
Vibrio coralliilyticus	190893	S	455	127	582	0.00000
Vibrio alfacsensis	1074311	S	413	113	526	0.00000
Vibrio scophthalmi	45658	S	368	26	394	0.00000
Vibrio aerogenes	92172	S	359	1	360	0.00000
Vibrio gazogenes	687	S	356	4	360	0.00000
Vibrio mimicus	674	S	346	20	366	0.00000
Vibrio hyugaensis	1534743	S	328	56	384	0.00000
Vibrio sinaloensis	379097	S	181	2	183	0.00000
Vibrio europaeus	300876	S	63	5	68	0.00000
Vibrio tubiashii	29498	S	55	5	60	0.00000
Vibrio casei	673372	S	294	8	302	0.00000
Vibrio nigripulchritudo	28173	S	288	22	310	0.00000
Vibrio sinus	2946865	S	286	1	287	0.00000
Vibrio cincinnatiensis	675	S	281	7	288	0.00000
Vibrio astriarenae	1481923	S	269	2	271	0.00000
Vibrio diazotrophicus	685	S	262	11	273	0.00000
Vibrio metoecus	1481663	S	262	31	293	0.00000
Vibrio ostreae	2841925	S	255	117	372	0.00000
Vibrio tritonius	1435069	S	253	2	255	0.00000
Vibrio kanaloae	170673	S	228	29	257	0.00000
Vibrio artabrorum	446374	S	219	11	230	0.00000
Vibrio ruber	184755	S	200	3	203	0.00000
Vibrio quintilis	1117707	S	198	0	198	0.00000
Vibrio neonatus	278860	S	196	12	208	0.00000
Vibrio metschnikovii	28172	S	193	5	198	0.00000
Vibrio gangliei	2077090	S	178	4	182	0.00000
Vibrio comitans	413401	S	174	5	179	0.00000
Vibrio rarus	413403	S	169	2	171	0.00000
Vibrio breoganii	553239	S	166	3	169	0.00000
Vibrio taketomensis	2572923	S	154	2	156	0.00000
Vibrio porteresiae	435912	S	147	91	238	0.00000
Vibrio aphrogenes	1891186	S	145	1	146	0.00000
Vibrio proteolyticus	671	S	145	2	147	0.00000
Vibrio chaetopteri	3016528	S	133	1	134	0.00000
Vibrio pelagius	28169	S	133	5	138	0.00000
Vibrio syngnathi	3034029	S	128	34	162	0.00000
Vibrio anguillarum	55601	S	124	47	171	0.00000
Vibrio lentus	136468	S	124	17	141	0.00000
Vibrio japonicus	1824638	S	119	1	120	0.00000
Vibrio neptunius	170651	S	119	2	121	0.00000
Vibrio aestuarianus	28171	S	114	4	118	0.00000
Vibrio splendidus	29497	S	106	27	133	0.00000
Vibrio iocasae	3098914	S	102	0	102	0.00000
Vibrio zhugei	2479546	S	101	2	103	0.00000
Vibrio algicola	2662262	S	87	0	87	0.00000
Vibrio toranzoniae	1194427	S	84	12	96	0.00000
Vibrio rhizosphaerae	398736	S	83	1	84	0.00000
Vibrio rumoiensis	76258	S	83	3	86	0.00000
Vibrio coralliirubri	1516159	S	77	17	94	0.00000
Vibrio navarrensis	29495	S	76	5	81	0.00000
Vibrio panuliri	1381081	S	72	1	73	0.00000
Vibrio mediterranei	689	S	72	13	85	0.00000
Vibrio inusitatus	413402	S	71	1	72	0.00000
Vibrio mangrovi	474394	S	68	0	68	0.00000
Vibrio ziniensis	2711221	S	62	0	62	0.00000
Vibrio ishigakensis	1481914	S	61	0	61	0.00000
Vibrio tapetis	52443	S	60	0	60	0.00000
Vibrio ponticus	265668	S	59	0	59	0.00000
Vibrio aquimaris	2587862	S	59	0	59	0.00000
Vibrio cortegadensis	1328770	S	58	1	59	0.00000
Vibrio apostichopi	3035453	S	58	8	66	0.00000
Vibrio gallicus	190897	S	58	0	58	0.00000
Vibrio echinoideorum	2100116	S	57	7	64	0.00000
Vibrio cidicii	1763883	S	48	6	54	0.00000
Vibrio plantisponsor	664643	S	47	2	49	0.00000
Vibrio palustris	1918946	S	46	0	46	0.00000
Vibrio misgurnus	2993714	S	46	3	49	0.00000
Vibrio fortis	212667	S	46	3	49	0.00000
Vibrio crassostreae	246167	S	45	8	53	0.00000
uncultured Vibrio sp.	114054	S	42	10	52	0.00000
Vibrio spartinae	1918945	S	34	0	34	0.00000
Vibrio cyclitrophicus	47951	S	32	4	36	0.00000
Vibrio gallaecicus	552386	S	28	0	28	0.00000
Vibrio gigantis	296199	S	25	3	28	0.00000
Vibrio pomeroyi	198832	S	22	3	25	0.00000
Vibrio atlanticus	693153	S	10	2	12	0.00000
Photobacterium sp. TY1-4	2899122	S	857	24	881	0.00001
Photobacterium sp. GJ3	2829502	S	224	2	226	0.00000
Photobacterium sp. DA100	3027472	S	207	3	210	0.00000
Photobacterium sp. TLY01	2907534	S	130	3	133	0.00000
Photobacterium sp. CCB-ST2H9	2912855	S	66	1	67	0.00000
Photobacterium sp. GSS17	3020715	S	33	98	131	0.00000
Photobacterium leiognathi	553611	S	1359	64	1423	0.00001
Photobacterium damselae	38293	S	876	100	976	0.00001
Photobacterium atrarenae	865757	S	203	4	207	0.00000
Photobacterium phosphoreum	659	S	157	10	167	0.00000
Photobacterium profundum	74109	S	149	2	151	0.00000
Photobacterium ganghwense	320778	S	149	220	369	0.00000
Photobacterium sanguinicancri	875932	S	98	3	101	0.00000
Photobacterium swingsii	680026	S	82	3	85	0.00000
Photobacterium piscicola	1378299	S	56	5	61	0.00000
Photobacterium toruni	1935446	S	31	2	33	0.00000
Aliivibrio fischeri	668	S	1024	91	1115	0.00001
Aliivibrio salmonicida	40269	S	61	5	66	0.00000
Aliivibrio logei	688	S	36	1	37	0.00000
Grimontia hollisae	673	S	335	6	341	0.00000
Grimontia sp. NTOU-MAR1	3111011	S	149	14	163	0.00000
Grimontia kaedaensis	2872157	S	37	3	40	0.00000
Candidatus Enterovibrio altilux	1927128	S	243	0	243	0.00000
Enterovibrio norvegicus	188144	S	136	2	138	0.00000
Enterovibrio litoreus	3241166	S	123	1	124	0.00000
Salinivibrio kushneri	1908198	S	265	13	278	0.00000
Salinivibrio costicola	51367	S	72	53	125	0.00000
Salinivibrio proteolyticus	334715	S	32	42	74	0.00000
Parasalinivibrio latis	2952610	S	215	2	217	0.00000
Thaumasiovibrio subtropicus	1891207	S	131	3	134	0.00000
Paraphotobacterium marinum	1755811	S	72	1	73	0.00000
Shewanella sp. WE21	2029986	S	333	293	626	0.00000
Shewanella sp. OMA3-2	2908650	S	153	4	157	0.00000
Shewanella sp. NFH-SH190041	2950245	S	144	1	145	0.00000
Shewanella sp. MR-4	60480	S	120	32	152	0.00000
Shewanella sp. KX20019	2803864	S	115	2	117	0.00000
Shewanella sp. Scap07	2589987	S	98	2	100	0.00000
Shewanella sp. Arc9-LZ	2698686	S	97	8	105	0.00000
Shewanella sp. MTB7	2746932	S	64	0	64	0.00000
Shewanella sp. ALD9	2058330	S	58	615	673	0.00000
Shewanella sp. SNU WT4	2590015	S	56	1	57	0.00000
Shewanella sp. H8	3342676	S	39	40	79	0.00000
Shewanella sp. FJAT-52076	2864202	S	36	15	51	0.00000
Shewanella sp. Pdp11	2059264	S	25	9	34	0.00000
Shewanella sp. MEBiC00475	2575361	S	18	17	35	0.00000
Shewanella sp. HL-SH8	3436242	S	13	14	27	0.00000
Shewanella xiamenensis	332186	S	503	588	1091	0.00001
Shewanella maritima	2520507	S	438	6	444	0.00000
Shewanella aestuarii	1028752	S	368	8	376	0.00000
Shewanella basaltis	472183	S	310	14	324	0.00000
Shewanella baltica	62322	S	299	191	490	0.00000
Shewanella algae	38313	S	294	236	530	0.00000
Shewanella marisflavi	260364	S	281	9	290	0.00000
Shewanella avicenniae	2814294	S	269	3	272	0.00000
Shewanella amazonensis	60478	S	250	11	261	0.00000
Shewanella litorisediminis	1173586	S	242	9	251	0.00000
Shewanella decolorationis	256839	S	220	62	282	0.00000
Shewanella sediminis	271097	S	205	3	208	0.00000
Shewanella khirikhana	1965282	S	191	3	194	0.00000
Shewanella pealeana	70864	S	168	3	171	0.00000
Shewanella indica	768528	S	162	90	252	0.00000
Shewanella oneidensis	70863	S	162	10	172	0.00000
Shewanella yunxiaonensis	2829809	S	151	2	153	0.00000
Shewanella youngdeokensis	2999068	S	146	3	149	0.00000
Shewanella dokdonensis	712036	S	142	1	143	0.00000
Shewanella woodyi	60961	S	139	1	140	0.00000
Shewanella rhizosphaerae	2864207	S	129	59	188	0.00000
Shewanella loihica	359303	S	110	53	163	0.00000
Shewanella psychromarinicola	2487742	S	106	2	108	0.00000
Shewanella sedimentimangrovi	2814293	S	105	19	124	0.00000
Shewanella psychrotolerans	2864206	S	102	3	105	0.00000
Shewanella goraebulensis	3050637	S	98	6	104	0.00000
Shewanella putrefaciens	24	S	96	159	255	0.00000
Shewanella gaetbuli	220752	S	94	1	95	0.00000
Shewanella psychropiezotolerans	2593655	S	93	2	95	0.00000
Shewanella halifaxensis	271098	S	88	1	89	0.00000
Shewanella violacea	60217	S	82	1	83	0.00000
Shewanella cyperi	2814292	S	82	9	91	0.00000
Shewanella benthica	43661	S	79	2	81	0.00000
Shewanella denitrificans	192073	S	77	1	78	0.00000
Shewanella acanthi	2864212	S	64	1	65	0.00000
Shewanella frigidimarina	56812	S	62	6	68	0.00000
Shewanella piezotolerans	404011	S	62	1	63	0.00000
Shewanella inventionis	1738770	S	46	3	49	0.00000
Shewanella japonica	93973	S	45	65	110	0.00000
Shewanella mangrovisoli	2864211	S	38	15	53	0.00000
Shewanella psychrophila	225848	S	33	0	33	0.00000
Shewanella donghaensis	238836	S	29	0	29	0.00000
Shewanella livingstonensis	150120	S	23	0	23	0.00000
Shewanella halotolerans	2864204	S	21	4	25	0.00000
Shewanella seohaensis	755175	S	17	5	22	0.00000
Shewanella chilikensis	558541	S	17	10	27	0.00000
Shewanella zhangzhouensis	2864213	S	17	6	23	0.00000
Shewanella mesophila	2864208	S	16	0	16	0.00000
Shewanella spartinae	2864205	S	15	7	22	0.00000
Shewanella alkalitolerans	2864209	S	15	6	21	0.00000
Shewanella glacialimarina	2590884	S	14	5	19	0.00000
Shewanella oncorhynchi	2726434	S	12	5	17	0.00000
Parashewanella tropica	2547970	S	152	1	153	0.00000
Parashewanella spongiae	342950	S	55	0	55	0.00000
Psychrobium sp. nBUS_13	3395319	S	169	1	170	0.00000
Pseudoalteromonas sp. M58	3141534	S	470	158	628	0.00000
Pseudoalteromonas sp. SaAl2	3464624	S	300	2	302	0.00000
Pseudoalteromonas sp. SCSIO 43088	2822846	S	232	10	242	0.00000
Pseudoalteromonas sp. MM1	3036714	S	181	2	183	0.00000
Pseudoalteromonas sp. KG3	2951137	S	149	14	163	0.00000
Pseudoalteromonas sp. RW-H-Ap-1	3241171	S	131	16	147	0.00000
Pseudoalteromonas sp. R3	1709477	S	118	1	119	0.00000
Pseudoalteromonas sp. SCSIO 43210	2895948	S	116	5	121	0.00000
Pseudoalteromonas sp. APM04	2699396	S	106	23	129	0.00000
Pseudoalteromonas sp. M8	2692624	S	93	43	136	0.00000
Pseudoalteromonas sp. T1lg65	2077101	S	87	0	87	0.00000
Pseudoalteromonas sp. SCSIO 43095	2894202	S	83	4	87	0.00000
Pseudoalteromonas sp. SCSIO 43201	2822842	S	63	0	63	0.00000
Pseudoalteromonas sp. Bsw20308	283699	S	58	2	60	0.00000
Pseudoalteromonas sp. Scap06	2589991	S	38	2451	2489	0.00002
Pseudoalteromonas sp. KAN5	2916633	S	36	10	46	0.00000
Pseudoalteromonas sp. Xi13	2490635	S	26	2	28	0.00000
Pseudoalteromonas sp. N1230-9	2907156	S	19	0	19	0.00000
Pseudoalteromonas sp. A25	116092	S	18	0	18	0.00000
Pseudoalteromonas sp. PS1M3	87791	S	13	3	16	0.00000
Pseudoalteromonas sp. THAF3	2587843	S	11	0	11	0.00000
Pseudoalteromonas sp. 1_2015MBL_MicDiv	1720343	S	10	0	10	0.00000
Pseudoalteromonas piscicida	43662	S	525	32	557	0.00000
Pseudoalteromonas rubra	43658	S	478	3	481	0.00000
Pseudoalteromonas luteoviolacea	43657	S	342	2	344	0.00000
Pseudoalteromonas phenolica	161398	S	261	3	264	0.00000
Pseudoalteromonas spongiae	298657	S	206	4	210	0.00000
Pseudoalteromonas ulvae	107327	S	194	3	197	0.00000
Pseudoalteromonas espejiana	28107	S	192	2	194	0.00000
Pseudoalteromonas tunicata	314281	S	158	1	159	0.00000
Pseudoalteromonas translucida	166935	S	83	21	104	0.00000
Pseudoalteromonas viridis	339617	S	75	1	76	0.00000
Pseudoalteromonas ostreae	2774154	S	62	0	62	0.00000
Pseudoalteromonas mariniglutinosa	206042	S	46	1	47	0.00000
Pseudoalteromonas rhizosphaerae	2518973	S	39	2	41	0.00000
Pseudoalteromonas ruthenica	151081	S	37	1	38	0.00000
Pseudoalteromonas arctica	394751	S	36	2	38	0.00000
Pseudoalteromonas carrageenovora	227	S	35	1	36	0.00000
Pseudoalteromonas issachenkonii	152297	S	34	17	51	0.00000
Pseudoalteromonas agarivorans	176102	S	30	4	34	0.00000
Pseudoalteromonas aliena	247523	S	22	0	22	0.00000
Pseudoalteromonas piratica	1348114	S	17	0	17	0.00000
Pseudoalteromonas xiamenensis	882626	S	14	0	14	0.00000
Pseudoalteromonas shioyasakiensis	1190813	S	13	0	13	0.00000
Psychrosphaera aestuarii	1266052	S	177	6	183	0.00000
Psychrosphaera ytuae	2820710	S	81	3	84	0.00000
Flocculibacter collagenilyticus	2744479	S	169	1	170	0.00000
Alteromonas sp. H39	3389876	S	248	11	259	0.00000
Alteromonas sp. RKMC-009	2267264	S	125	3	128	0.00000
Alteromonas sp. 4B03	2603817	S	86	3	89	0.00000
Alteromonas sp. M12	3135644	S	83	1	84	0.00000
Alteromonas sp. OM2203	3398817	S	80	4	84	0.00000
Alteromonas sp. MB-3u-76	2058133	S	72	27	99	0.00000
Alteromonas sp. CI.11.F.A3	3079555	S	54	2	56	0.00000
Alteromonas sp. 009811495	3002962	S	48	4	52	0.00000
Alteromonas sp. D210916BOD_24	3157618	S	39	1	40	0.00000
Alteromonas sp. BL110	1714845	S	26	1	27	0.00000
Alteromonas stellipolaris	233316	S	351	281	632	0.00000
Alteromonas macleodii	28108	S	285	20	305	0.00000
Alteromonas mediterranea	314275	S	239	17	256	0.00000
Alteromonas pelagimontana	1858656	S	204	5	209	0.00000
Alteromonas algae	3410268	S	107	2	109	0.00000
Alteromonas gracilis	1479524	S	83	2	85	0.00000
Alteromonas australica	589873	S	53	13	66	0.00000
Alteromonas ulvae	3410269	S	34	1	35	0.00000
Alteromonas naphthalenivorans	715451	S	13	1	14	0.00000
Salinimonas iocasae	2572577	S	97	12	109	0.00000
Salinimonas marina	2785918	S	90	2	92	0.00000
Salinimonas sediminis	2303538	S	87	9	96	0.00000
Salinimonas lutimaris	914153	S	50	2	52	0.00000
Agarivorans sp. B2Z047	2652721	S	203	534	737	0.00001
Agarivorans sp. DSG3-1	3342249	S	102	8	110	0.00000
Agarivorans sp. MS3-6	3467457	S	44	55	99	0.00000
Agarivorans sp. JK6	2997426	S	13	37	50	0.00000
Agarivorans gilvus	680279	S	107	0	107	0.00000
Agarivorans albus	182262	S	29	13	42	0.00000
Agarivorans sediminis	2937286	S	22	28	50	0.00000
Paraglaciecola sp. L3A3	2686358	S	326	4	330	0.00000
Paraglaciecola sp. L1A13	2686359	S	213	2	215	0.00000
Paraglaciecola sp. T6c	3042615	S	58	1	59	0.00000
Paraglaciecola psychrophila	326544	S	153	2	155	0.00000
Paraglaciecola mesophila	197222	S	111	3	114	0.00000
Lacimicrobium alkaliphilum	1526571	S	370	3	373	0.00000
Catenovulum sediminis	1740262	S	159	0	159	0.00000
Catenovulum adriaticum	2984846	S	125	0	125	0.00000
Catenovulum sp. SX2	3398614	S	31	0	31	0.00000
Ningiella algicola	3023715	S	296	2	298	0.00000
Halioxenophilus aromaticivorans	1306992	S	202	1	203	0.00000
Neptunicella plasticusilytica	3117012	S	173	2	175	0.00000
Alkalimarinus sediminis	1632866	S	65	0	65	0.00000
Alkalimarinus alittae	2961619	S	55	0	55	0.00000
Alkalimarinus coralli	2935863	S	46	0	46	0.00000
Planctobacterium marinum	1631968	S	155	2	157	0.00000
Alishewanella sp. d11	3414030	S	117	10	127	0.00000
Hydrocarboniclastica marina	2259620	S	98	0	98	0.00000
Saliniradius amylolyticus	2183582	S	72	0	72	0.00000
Saccharobesus litoralis	2172099	S	71	0	71	0.00000
Aliiglaciecola sp. LCG003	3053655	S	49	2	51	0.00000
Brumicola nitratireducens	300231	S	17	0	17	0.00000
Paraneptunicella aestuarii	2831148	S	11	0	11	0.00000
Thalassotalea maritima	3242416	S	586	17	603	0.00000
Thalassotalea sp. LPB0316	2769490	S	251	5	256	0.00000
Thalassotalea sp. HSM 43	2552945	S	222	3	225	0.00000
Thalassotalea sp. PS06	2594005	S	106	1	107	0.00000
Thalassotalea psychrophila	3065647	S	225	5	230	0.00000
Thalassotalea nanhaiensis	3065648	S	141	4	145	0.00000
Thalassotalea aquiviva	3242415	S	138	4	142	0.00000
Thalassotalea crassostreae	1763536	S	105	1	106	0.00000
Thalassotalea piscium	1230533	S	80	6	86	0.00000
Thalassotalea hakodatensis	3030492	S	67	5	72	0.00000
Thalassotalea fonticola	3065649	S	43	0	43	0.00000
Thalassotalea sediminis	1759089	S	41	0	41	0.00000
Thalassotalea agarivorans	349064	S	15	0	15	0.00000
Thalassotalea atypica	2054316	S	15	0	15	0.00000
Thalassotalea ponticola	1523392	S	14	0	14	0.00000
Colwellia sp. Arc7-D	2161872	S	341	25	366	0.00000
Colwellia sp. Arc7-635	2497879	S	281	14	295	0.00000
Colwellia sp. MT41	58049	S	182	5	187	0.00000
Colwellia sp. PAMC 20917	1816218	S	90	2	92	0.00000
Colwellia sp. M166	2583805	S	66	8	74	0.00000
Colwellia sp. 20A7	2689569	S	19	0	19	0.00000
Colwellia sp. PAMC 21821	1816219	S	11	1	12	0.00000
Colwellia psychrerythraea	28229	S	88	5	93	0.00000
Thalassomonas viridans	137584	S	276	4	280	0.00000
Thalassomonas actiniarum	485447	S	233	5	238	0.00000
Thalassomonas haliotis	485448	S	127	3	130	0.00000
Cognaticolwellia beringensis	1967665	S	334	52	386	0.00000
Litorilituus sediminis	718192	S	24	0	24	0.00000
Idiomarina loihiensis	135577	S	316	104	420	0.00000
Idiomarina sp.	1874361	S	146	9	155	0.00000
Idiomarina sp. X4	2055892	S	45	6	51	0.00000
Idiomarina sp. OT37-5b	2100422	S	23	1	24	0.00000
Idiomarina sp. OXR-189	3100175	S	11	1	12	0.00000
Idiomarina abyssalis	86102	S	47	0	47	0.00000
Idiomarina piscisalsi	1096243	S	31	2	33	0.00000
Idiomarina seosinensis	281739	S	11	0	11	0.00000
Pseudidiomarina salilacus	3384452	S	141	0	141	0.00000
Pseudidiomarina andamanensis	1940690	S	92	1	93	0.00000
Pseudidiomarina marina	502366	S	45	0	45	0.00000
Psychromonas sp. KJ10-2	3391822	S	233	0	233	0.00000
Psychromonas sp. GE-S-Ul-11	3241170	S	210	0	210	0.00000
Psychromonas sp. KJ10-10	3391823	S	206	0	206	0.00000
Psychromonas sp. MME1	3231032	S	171	1	172	0.00000
Psychromonas sp. PT13	3439547	S	55	0	55	0.00000
Psychromonas ingrahamii	357794	S	119	0	119	0.00000
Ferrimonas sp. SCSIO 43195	2822844	S	318	3	321	0.00000
Ferrimonas sp. YFM	3028878	S	298	3	301	0.00000
Ferrimonas balearica	44012	S	217	1	218	0.00000
Ferrimonas lipolytica	2724191	S	73	0	73	0.00000
Moritella sp. 24	2746230	S	98	11	109	0.00000
Moritella sp. 5	2746231	S	48	187	235	0.00000
Moritella yayanosii	69539	S	287	12	299	0.00000
Moritella marina	90736	S	137	3	140	0.00000
Motilimonas cestriensis	2742685	S	215	1	216	0.00000
Aegicerorhabdus qinzhovensis	3131927	S	150	0	150	0.00000
Microbulbifer sp. SAOS-129_SWC	3145235	S	499	7	506	0.00000
Microbulbifer sp. ARAS458-1	3140242	S	345	15	360	0.00000
Microbulbifer sp. YPW1	2745199	S	272	67	339	0.00000
Microbulbifer sp. YPW16	2904242	S	150	1	151	0.00000
Microbulbifer sp. SH-1	2681547	S	138	364	502	0.00000
Microbulbifer sp. GL-2	2591606	S	117	7	124	0.00000
Microbulbifer sp. ALW1	1516059	S	106	2	108	0.00000
Microbulbifer sp. MCCC 1A16149	3411322	S	82	21	103	0.00000
Microbulbifer sp. ZKSA006	3243390	S	52	211	263	0.00000
Microbulbifer sp. THAF38	2587856	S	52	23	75	0.00000
Microbulbifer sp. JMSA002	3243368	S	35	297	332	0.00000
Microbulbifer sp. ZKSA004	3243389	S	27	163	190	0.00000
Microbulbifer sp. MLAF003	3032582	S	21	321	342	0.00000
Microbulbifer sp. SSSA002	3243376	S	19	68	87	0.00000
Microbulbifer sp. A4B17	359370	S	18	6	24	0.00000
Microbulbifer sp. CnH-101-G	3243393	S	14	6	20	0.00000
Microbulbifer sp. SSSA005	3243378	S	12	157	169	0.00000
Microbulbifer sp. TRSA001	3243381	S	10	80	90	0.00000
Microbulbifer celer	435905	S	473	7	480	0.00000
Microbulbifer spongiae	2944933	S	238	3	241	0.00000
Microbulbifer thermotolerans	252514	S	232	1	233	0.00000
Microbulbifer bruguierae	3029061	S	202	4	206	0.00000
Microbulbifer aggregans	1769779	S	187	3	190	0.00000
Microbulbifer pacificus	407164	S	179	4	183	0.00000
Microbulbifer hydrolyticus	48074	S	150	3	153	0.00000
Microbulbifer agarilyticus	260552	S	113	1	114	0.00000
Microbulbifer elongatus	86173	S	108	6	114	0.00000
Microbulbifer harenosus	2576840	S	76	201	277	0.00000
Cellvibrio sp. KY-GH-1	2303332	S	401	31	432	0.00000
Cellvibrio sp. QJXJ	2964606	S	280	252	532	0.00000
Cellvibrio sp. PSBB006	1987723	S	237	0	237	0.00000
Cellvibrio sp. PSBB023	1945512	S	218	5	223	0.00000
Cellvibrio sp. KY-YJ-3	454662	S	91	98	189	0.00000
Cellvibrio japonicus	155077	S	419	3	422	0.00000
Simiduia agarivorans	447471	S	385	0	385	0.00000
Simiduia sp. 21SJ11W-1	2909669	S	305	0	305	0.00000
Simiduia litorea	1435348	S	177	0	177	0.00000
Teredinibacter turnerae	2426	S	433	3	436	0.00000
Teredinibacter haidensis	2731755	S	94	2	96	0.00000
Teredinibacter sp. KSP-S5-2	3034506	S	76	0	76	0.00000
Teredinibacter purpureus	2731756	S	72	0	72	0.00000
Saccharophagus degradans	86304	S	563	8	571	0.00000
Gilvimarinus sp. DA14	2956798	S	206	1	207	0.00000
Gilvimarinus japonicus	1796469	S	163	1	164	0.00000
Marinimicrobium sp. C6131	3022676	S	236	1	237	0.00000
Agarilytica rhodophyticola	1737490	S	161	0	161	0.00000
Maricurvus nonylphenolicus	1008307	S	89	0	89	0.00000
Agaribacterium sp. ZY112	3233574	S	60	0	60	0.00000
Marinagarivorans cellulosilyticus	2721545	S	38	1	39	0.00000
Congregibacter litoralis	393662	S	425	20	445	0.00000
Congregibacter brevis	3081201	S	172	1	173	0.00000
Congregibacter variabilis	3081200	S	87	0	87	0.00000
Halioglobus japonicus	930805	S	214	1	215	0.00000
Halioglobus maricola	2601894	S	165	0	165	0.00000
Halioglobus sp. Uisw_031	3230977	S	28	0	28	0.00000
Kineobactrum salinum	2708301	S	377	0	377	0.00000
Luminiphilus sp. nBUS_16	3395315	S	114	11	125	0.00000
Luminiphilus sp. nBUS_07	3395314	S	96	9	105	0.00000
Candidatus Paraluminiphilus aquimaris	2518994	S	123	0	123	0.00000
Aequoribacter fuscus	2518989	S	49	0	49	0.00000
Spongiibacter taiwanensis	1748242	S	606	0	606	0.00000
Spongiibacter nanhainus	2794344	S	255	5	260	0.00000
Spongiibacter sp. IMCC21906	1620392	S	187	5	192	0.00000
Zhongshania aliphaticivorans	1470434	S	78	0	78	0.00000
Oceanicoccus sagamiensis	716816	S	36	0	36	0.00000
Rheinheimera sp. F8	1763998	S	488	1	489	0.00000
Rheinheimera sp. MM224	3019969	S	469	18	487	0.00000
Rheinheimera sp. MMS21-TC3	3072790	S	69	1	70	0.00000
Rheinheimera sp. D18	2545632	S	55	1	56	0.00000
Rheinheimera mangrovi	2498451	S	95	3	98	0.00000
Candidatus Thiodictyon syntrophicum	1166950	S	654	5	659	0.00000
Thiorhodovibrio frisius	631362	S	280	13	293	0.00000
Thiorhodovibrio litoralis	2952932	S	195	10	205	0.00000
Thiorhodovibrio winogradskyi	77007	S	141	2	143	0.00000
Thiocapsa sp.	2024551	S	299	10	309	0.00000
Thiocapsa bogorovii	521689	S	256	10	266	0.00000
Thiocystis violascens	73141	S	383	8	391	0.00000
Candidatus Nitrosoglobus terrae	1630141	S	381	3	384	0.00000
Thermochromatium tepidum	1050	S	277	3	280	0.00000
Marichromatium purpuratum	37487	S	277	18	295	0.00000
Allochromatium vinosum	1049	S	89	37	126	0.00000
Allochromatium tepidum	553982	S	74	32	106	0.00000
Thioflavicoccus mobilis	80679	S	226	2	228	0.00000
Nitrosococcus oceani	1229	S	52	36	88	0.00000
Nitrosococcus wardiae	1814290	S	24	2	26	0.00000
Nitrosococcus watsonii	473531	S	19	13	32	0.00000
Nitrosococcus halophilus	133539	S	16	1	17	0.00000
Caldichromatium japonicum	2699430	S	136	1	137	0.00000
Candidatus Nitrosacidococcus tergens	553981	S	17	0	17	0.00000
Thioalkalivibrio sulfidiphilus	1033854	S	253	7	260	0.00000
Thioalkalivibrio nitratireducens	186931	S	221	17	238	0.00000
Thioalkalivibrio sp. K90mix	396595	S	165	5	170	0.00000
Thioalkalivibrio versutus	106634	S	119	1	120	0.00000
Thioalkalivibrio paradoxus	108010	S	88	8	96	0.00000
Acidihalobacter ferrooxydans	1765967	S	340	3	343	0.00000
Acidihalobacter aeolianus	2792603	S	211	5	216	0.00000
Acidihalobacter yilgarnensis	2819280	S	151	2	153	0.00000
Halorhodospira halophila	1053	S	410	3	413	0.00000
Halorhodospira halochloris	1052	S	207	0	207	0.00000
Ectothiorhodospira shaposhnikovii	1054	S	241	6	247	0.00000
Ectothiorhodospira sp. BSL-9	1442136	S	225	7	232	0.00000
Ectothiorhodospira haloalkaliphila	421628	S	75	2	77	0.00000
Spiribacter curvatus	1335757	S	187	3	190	0.00000
Spiribacter sp. 2438	2666185	S	126	1	127	0.00000
Spiribacter salinus	1335746	S	98	1	99	0.00000
Spiribacter roseus	1855875	S	44	1	45	0.00000
Alkalilimnicola ehrlichii	351052	S	418	10	428	0.00000
Aquisalimonas sp. 2447	2740807	S	266	0	266	0.00000
Sediminicurvatus halobius	2182432	S	243	0	243	0.00000
Ectothiorhodosinus mongolicus	233100	S	23	0	23	0.00000
Candidatus Endoriftia persephonae	393765	S	386	13	399	0.00000
Thiosocius teredinicola	1973002	S	237	1	238	0.00000
Magnetovirga frankeli	947516	S	211	0	211	0.00000
Candidatus Thiodiazotropha sp. LNASS1	3096260	S	132	2	134	0.00000
Candidatus Thiodiazotropha sp. CDECU1	3065865	S	72	1	73	0.00000
Thiolapillus brandeum	1076588	S	201	0	201	0.00000
Sedimenticola thiotaurini	1543721	S	153	1	154	0.00000
Halothiobacillus neapolitanus	927	S	271	14	285	0.00000
Halothiobacillus diazotrophicus	1860122	S	198	10	208	0.00000
Halothiobacillus sp. DCM-1	3112558	S	194	14	208	0.00000
Guyparkeria halophila	47960	S	319	39	358	0.00000
Guyparkeria sp. TX1	3115001	S	247	59	306	0.00000
Wenzhouxiangella marina	1579979	S	300	3	303	0.00000
Wenzhouxiangella sp. AB-CW3	2771012	S	269	2	271	0.00000
Granulosicoccus antarcticus	437505	S	486	0	486	0.00000
Sulfuriflexus mobilis	1811807	S	26	0	26	0.00000
Methylomonas sp. DH-1	1727196	S	202	230	432	0.00000
Methylomonas sp. 2BW1-5-20	3376686	S	160	4	164	0.00000
Methylomonas sp. EFPC3	3021710	S	152	88	240	0.00000
Methylomonas sp. LL1	2785785	S	98	9	107	0.00000
Methylomonas sp. HW2-6	3376687	S	73	39	112	0.00000
Methylomonas sp. AM2-LC	3153301	S	73	0	73	0.00000
Methylomonas sp. LW13	107637	S	54	124	178	0.00000
Methylomonas sp. 2B	3367743	S	26	49	75	0.00000
Methylomonas sp. YC3	3469247	S	24	52	76	0.00000
Methylomonas sp. BW4-1	3376685	S	21	24	45	0.00000
Methylomonas sp. TEB	3398229	S	15	20	35	0.00000
Methylomonas sp. EFPC1	2812647	S	15	28	43	0.00000
Methylomonas sp. UP202	3040943	S	10	18	28	0.00000
Methylomonas rapida	2963939	S	462	13	475	0.00000
Methylomonas montana	3058963	S	305	5	310	0.00000
Methylomonas denitrificans	1538553	S	257	6	263	0.00000
Methylomonas koyamae	702114	S	191	70	261	0.00000
Methylomonas methanica	421	S	162	2	164	0.00000
Methylomonas stagni	3417647	S	71	130	201	0.00000
Methylomonas paludis	1173101	S	62	0	62	0.00000
Methylococcus sp. EFPC2	2812648	S	276	4	280	0.00000
Methylococcus sp. Mc7	2860258	S	57	216	273	0.00000
Methylococcus capsulatus	414	S	154	646	800	0.00001
Methylococcus geothermalis	2681310	S	130	31	161	0.00000
Methylococcus mesophilus	2993564	S	39	15	54	0.00000
Methylocaldum marinum	1432792	S	327	5	332	0.00000
Methylocaldum gracile	73779	S	284	118	402	0.00000
Methylocaldum sp. MU1018	3468929	S	152	2	154	0.00000
Methylocaldum sp. GT1TLB	3438965	S	30	51	81	0.00000
Methylocaldum sp. GT1BB	3438963	S	15	16	31	0.00000
Methylocaldum szegediense	73780	S	67	0	67	0.00000
Methylobacter sp. S3L5C	2839024	S	156	6	162	0.00000
Methylobacter sp. sgz302048	3455945	S	144	173	317	0.00000
Methylobacter sp. YRD-M1	2911520	S	75	62	137	0.00000
Methylobacter arcticus	3230117	S	240	6	246	0.00000
Methylomicrobium album	39775	S	372	11	383	0.00000
Methylomicrobium lacus	136992	S	296	8	304	0.00000
Methylotuvimicrobium sp. KM1	3377707	S	74	72	146	0.00000
Methylotuvimicrobium sp. KM2	3133976	S	72	152	224	0.00000
Methylotuvimicrobium alcaliphilum	271065	S	11	139	150	0.00000
Candidatus Methylospira mobilis	1808979	S	320	5	325	0.00000
Methylomagnum ishizawai	1760988	S	290	1	291	0.00000
Methylogaea oryzae	1295382	S	263	4	267	0.00000
Methylovulum psychrotolerans	1704499	S	256	1	257	0.00000
Methylomarinum roseum	3067653	S	230	7	237	0.00000
Candidatus Methylocalor cossyra	3108543	S	202	0	202	0.00000
Methyloprofundus sp.	2020875	S	55	0	55	0.00000
Methylomarinovum tepidoasis	2840183	S	116	31	147	0.00000
Methylomarinovum caldicuralii	438856	S	63	17	80	0.00000
Haemophilus parainfluenzae	729	S	399	24	423	0.00000
Haemophilus haemolyticus	726	S	224	31	255	0.00000
Haemophilus parahaemolyticus	735	S	183	6	189	0.00000
Haemophilus influenzae	727	S	160	117	277	0.00000
[Haemophilus] ducreyi	730	S	88	3	91	0.00000
Haemophilus sp. oral taxon 036	712310	S	58	11	69	0.00000
Haemophilus pittmaniae	249188	S	17	0	17	0.00000
Actinobacillus equuli	718	S	401	166	567	0.00000
Actinobacillus succinogenes	67854	S	172	1	173	0.00000
Actinobacillus arthritidis	157339	S	92	20	112	0.00000
Actinobacillus genomosp. 1	254839	S	60	18	78	0.00000
Actinobacillus lignieresii	720	S	49	39	88	0.00000
Actinobacillus indolicus	51049	S	30	5	35	0.00000
Actinobacillus delphinicola	51161	S	25	0	25	0.00000
Actinobacillus pleuropneumoniae	715	S	19	9	28	0.00000
Actinobacillus porcitonsillarum	189834	S	12	1	13	0.00000
Pasteurella sp. PK-2025	3413133	S	323	4	327	0.00000
Pasteurella sp. XG20	2844383	S	10	416	426	0.00000
Pasteurella multocida	747	S	96	43	139	0.00000
Pasteurella canis	753	S	77	2	79	0.00000
Pasteurella testudinis	761	S	30	0	30	0.00000
Pasteurella dagmatis	754	S	25	0	25	0.00000
Mannheimia varigena	85404	S	186	33	219	0.00000
Mannheimia granulomatis	85402	S	103	5	108	0.00000
Mannheimia haemolytica	75985	S	85	124	209	0.00000
Mannheimia glucosida	85401	S	22	33	55	0.00000
Mannheimia sp. USDA-ARS-USMARC-1261	1432056	S	18	25	43	0.00000
Lonepinella sp. MS14434	3003617	S	83	49	132	0.00000
Lonepinella sp. MS14437	3003620	S	82	203	285	0.00000
Lonepinella koalarum	53417	S	46	0	46	0.00000
Aggregatibacter sp. HMT-949	3235088	S	117	2	119	0.00000
Aggregatibacter sp. oral taxon 513	712150	S	32	6	38	0.00000
Aggregatibacter sp. Marseille-P9115	2866570	S	23	2	25	0.00000
Aggregatibacter actinomycetemcomitans	714	S	140	190	330	0.00000
Aggregatibacter aphrophilus	732	S	45	1	46	0.00000
Aggregatibacter segnis	739	S	14	1	15	0.00000
Phocoenobacter skyensis	97481	S	255	35	290	0.00000
Phocoenobacter atlanticus	3416742	S	93	52	145	0.00000
Avibacterium sp. 20-132	2911526	S	44	24	68	0.00000
Avibacterium sp. 21-595	2911527	S	35	16	51	0.00000
Avibacterium sp. 20-126	2911524	S	19	12	31	0.00000
Avibacterium paragallinarum	728	S	94	10	104	0.00000
Avibacterium volantium	762	S	79	14	93	0.00000
Testudinibacter sp. P27/CKL/0425	3464184	S	91	219	310	0.00000
Gallibacterium salpingitidis	505341	S	120	1	121	0.00000
Gallibacterium anatis	750	S	84	9	93	0.00000
Gallibacterium sp. ZY190522	3469824	S	69	19	88	0.00000
Histophilus somni	731	S	197	10	207	0.00000
Glaesserella parasuis	738	S	135	28	163	0.00000
Glaesserella sp. 15-184	2030797	S	40	2	42	0.00000
Rodentibacter abscessus	3381777	S	94	13	107	0.00000
Rodentibacter haemolyticus	2778911	S	40	7	47	0.00000
Rodentibacter caecimuris	1796644	S	15	0	15	0.00000
Frederiksenia canicola	123824	S	134	2	136	0.00000
Bibersteinia trehalosi	47735	S	102	3	105	0.00000
Mergibacter septicus	221402	S	101	0	101	0.00000
Bisgaardia hudsonensis	109472	S	92	1	93	0.00000
Otariodibacter oris	1032623	S	76	0	76	0.00000
Vespertiliibacter pulmonis	1443036	S	27	0	27	0.00000
Methylophaga pinxianii	2881052	S	382	2	384	0.00000
Methylophaga nitratireducenticrescens	754476	S	225	0	225	0.00000
Methylophaga frappieri	754477	S	211	2	213	0.00000
Methylophaga thalassica	40223	S	106	0	106	0.00000
Methylophaga marina	45495	S	51	0	51	0.00000
Thiomicrorhabdus lithotrophica	2949997	S	227	0	227	0.00000
Thiomicrorhabdus immobilis	2791037	S	164	0	164	0.00000
Thiomicrorhabdus sp.	2039724	S	140	0	140	0.00000
Thiomicrorhabdus xiamenensis	2739063	S	105	0	105	0.00000
Thiomicrorhabdus indica	2267253	S	102	0	102	0.00000
Thiomicrorhabdus aquaedulcis	2211106	S	83	0	83	0.00000
Thiomicrorhabdus sediminis	2580412	S	28	0	28	0.00000
Hydrogenovibrio marinus	28885	S	356	0	356	0.00000
Hydrogenovibrio crunogenus	39765	S	119	0	119	0.00000
Hydrogenovibrio thermophilus	265883	S	119	23	142	0.00000
Thiomicrospira cyclica	147268	S	136	0	136	0.00000
Thiomicrospira microaerophila	406020	S	90	0	90	0.00000
Thiomicrospira sp. S5	1803865	S	62	12	74	0.00000
Thiomicrospira sp. R3	3035472	S	11	0	11	0.00000
Thiomicrospira aerophila	92245	S	65	0	65	0.00000
Cycloclasticus sp. P1	385025	S	16	149	165	0.00000
Piscirickettsia salmonis	1238	S	136	0	136	0.00000
Thiosulfatimonas sediminis	2675054	S	42	0	42	0.00000
Thiosulfativibrio zosterae	2675053	S	40	0	40	0.00000
Thiothrix lacustris	525917	S	322	180	502	0.00000
Thiothrix unzii	111769	S	237	34	271	0.00000
Candidatus Thiothrix anitrata	2823902	S	171	29	200	0.00000
Thiothrix subterranea	2735563	S	143	10	153	0.00000
Thiothrix litoralis	2891210	S	68	67	135	0.00000
Thiothrix winogradskyi	96472	S	39	4	43	0.00000
Beggiatoa leptomitoformis	288004	S	52	0	52	0.00000
Francisella frigiditurris	1542390	S	212	2	214	0.00000
Francisella philomiragia	28110	S	107	17	124	0.00000
Francisella tularensis	263	S	89	9	98	0.00000
Francisella sp. LA112445	1395624	S	54	1	55	0.00000
Francisella sp. Scap27	2589986	S	32	3	35	0.00000
Francisella halioticida	549298	S	76	1	77	0.00000
Francisella orientalis	299583	S	72	8	80	0.00000
Candidatus Francisella endociliophora	653937	S	51	1	52	0.00000
Francisella hispaniensis	622488	S	49	2	51	0.00000
Francisella salimarina	2599927	S	48	58	106	0.00000
Francisella uliginis	573570	S	23	0	23	0.00000
Francisella salina	573569	S	14	20	34	0.00000
Allofrancisella guangzhouensis	594679	S	225	15	240	0.00000
Allofrancisella inopinata	1085647	S	122	22	144	0.00000
Cysteiniphilum sp. QT6929	2975055	S	25	0	25	0.00000
Legionella pneumophila	446	S	337	68	405	0.00000
Legionella spiritensis	452	S	309	25	334	0.00000
Legionella sp. PC997	2755562	S	92	44	136	0.00000
Legionella sp. D16C41	3402688	S	81	0	81	0.00000
Legionella sp. PC1000	2746060	S	79	20	99	0.00000
Legionella sp. MW5194	2662448	S	18	7	25	0.00000
Legionella sp. 227	3367288	S	18	10	28	0.00000
Legionella israelensis	454	S	272	1	273	0.00000
Legionella geestiana	45065	S	172	8	180	0.00000
Legionella fallonii	96230	S	157	41	198	0.00000
Legionella cardiaca	1071983	S	112	1	113	0.00000
Legionella anisa	28082	S	101	47	148	0.00000
Legionella lytica	96232	S	94	3	97	0.00000
Legionella micdadei	451	S	88	1	89	0.00000
Legionella jordanis	456	S	76	6	82	0.00000
Legionella sainthelensi	28087	S	50	14	64	0.00000
Legionella longbeachae	450	S	43	10	53	0.00000
Legionella lansingensis	45067	S	40	0	40	0.00000
Candidatus Legionella polyplacis	2005262	S	27	0	27	0.00000
Legionella clemsonensis	1867846	S	16	2	18	0.00000
Legionella hackeliae	449	S	12	4	16	0.00000
Legionella adelaidensis	45056	S	12	0	12	0.00000
Legionella waltersii	66969	S	10	0	10	0.00000
Rickettsiella endosymbiont of Xylota segnis	3066238	S	496	0	496	0.00000
Rickettsiella endosymbiont of Litargus connexus	3066237	S	89	0	89	0.00000
Rickettsiella endosymbiont of Miltochrista miniata	3066239	S	63	0	63	0.00000
Rickettsiella endosymbiont of Rhagonycha lignosa	3077937	S	39	0	39	0.00000
Rickettsiella endosymbiont of Aleochara curtula	3077936	S	32	0	32	0.00000
Candidatus Coxiella mudrowiae	2054173	S	170	3	173	0.00000
Coxiella burnetii	777	S	145	55	200	0.00000
Coxiella endosymbiont of Amblyomma nuttalli	2749996	S	17	0	17	0.00000
Aquicella lusitana	254246	S	161	0	161	0.00000
Aquicella siphonis	254247	S	90	0	90	0.00000
Candidiatus Paracoxiella cheracis	3405120	S	86	0	86	0.00000
Coxiella-like endosymbiont	1592897	S	54	0	54	0.00000
Hydrocarboniphaga sp.	2033016	S	363	3	366	0.00000
Hydrocarboniphaga effusa	243629	S	274	3	277	0.00000
Flagellatimonas centrodinii	2806210	S	599	3	602	0.00000
Sinimarinibacterium sp. NLF-5-8	2698684	S	597	5	602	0.00000
Solimonas sp. K1W22B-7	2303331	S	544	1	545	0.00000
Nevskia ramosa	64002	S	527	4	531	0.00000
Algiphilus sp.	1872431	S	605	1	606	0.00000
Gilliamella sp. ESL0441	2704654	S	224	28	252	0.00000
Gilliamella sp. B3022	2817969	S	74	11	85	0.00000
Gilliamella sp. ESL0443	2704655	S	63	16	79	0.00000
Gilliamella sp. ESL0405	2704653	S	52	9	61	0.00000
Gilliamella sp. wkB7	3120264	S	15	5	20	0.00000
Gilliamella apis	1970738	S	261	16	277	0.00000
Gilliamella apicola	1196095	S	104	23	127	0.00000
Orbus mooreae	3074107	S	325	2	327	0.00000
Orbus wheelerorum	3074111	S	140	1	141	0.00000
Orbus sturtevantii	3074109	S	17	0	17	0.00000
Frischella perrara	1267021	S	310	3	313	0.00000
Zophobihabitans entericus	1635327	S	81	0	81	0.00000
Utexia brackfieldae	3074108	S	23	0	23	0.00000
Cardiobacterium hominis	2718	S	548	4	552	0.00000
Cardiobacterium sp. Marseille-Q4385	2866573	S	272	3	275	0.00000
Suttonella sp. R2A3	2908648	S	447	0	447	0.00000
Dichelobacter nodosus	870	S	21	0	21	0.00000
Ignatzschineria larvae	112009	S	163	5	168	0.00000
Ignatzschineria rhizosphaerae	2923279	S	36	1	37	0.00000
Wohlfahrtiimonas chitiniclastica	400946	S	136	1	137	0.00000
Salinisphaera sp. LB1	2183911	S	724	0	724	0.00001
Salinisphaera sp. SPP-AMP-43	3121288	S	477	0	477	0.00000
Candidatus Thioglobus autotrophicus	1705394	S	174	8	182	0.00000
Candidatus Thioglobus sp. NP1	2508687	S	50	59	109	0.00000
Candidatus Pseudothioglobus sp. Uisw_016	3230995	S	72	53	125	0.00000
Pseudothioglobus sp. nBUS_23	3395318	S	55	7	62	0.00000
Candidatus Vesicomyidisocius calyptogenae	412965	S	11	3	14	0.00000
Candidatus Vondammii sp. HM_W22	2687299	S	266	0	266	0.00000
Bathymodiolus septemdierum thioautotrophic gill symbiont	113267	S	170	4	174	0.00000
Bathymodiolus thermophilus thioautotrophic gill symbiont	2360	S	19	0	19	0.00000
Celerinatantimonas diazotrophica	412034	S	67	0	67	0.00000
Candidatus Palibaumannia cicadellinicola	186490	S	47	0	47	0.00000
Candidatus Reidiella endopervernicosa	2738883	S	33	0	33	0.00000
Candidatus Steffania adelgidicola	1076626	S	13	0	13	0.00000
Thiohalobacter sp. IOR34	3057176	S	162	0	162	0.00000
Thiohalobacter sp. COW1	2795687	S	39	261	300	0.00000
Thiohalobacter thiocyanaticus	585455	S	43	342	385	0.00000
Kangiella sp. M94	3680434	S	269	15	284	0.00000
Kangiella koreensis	261964	S	119	6	125	0.00000
Kangiella aquimarina	261965	S	112	5	117	0.00000
Kangiella geojedonensis	914150	S	48	0	48	0.00000
Kangiella sediminilitoris	1144748	S	30	0	30	0.00000
Kangiella profundi	1561924	S	28	1	29	0.00000
Sulfuricaulis limicola	1620215	S	265	0	265	0.00000
Acidiferrobacter sp. SPIII_3	1281578	S	185	21	206	0.00000
Acidiferrobacter thiooxydans	163359	S	41	4	45	0.00000
Sulfurifustis variabilis	1675686	S	108	0	108	0.00000
Steroidobacter denitrificans	465721	S	489	2	491	0.00000
Candidatus Spongiihabitans sp.	3101308	S	390	0	390	0.00000
endosymbiont of unidentified scaly snail isolate Monju	1248727	S	147	0	147	0.00000
Isorropodon fossajaponicum symbiont	883811	S	79	0	79	0.00000
Abyssogena phaseoliformis symbiont	596095	S	63	0	63	0.00000
endosymbiont of Euscepes postfasciatus	650377	S	10	0	10	0.00000
Sulfurivermis fontis	1972068	S	186	2	188	0.00000
Immundisolibacter cernigliae	1810504	S	173	0	173	0.00000
Candidatus Rariloculus sp.	3101265	S	165	0	165	0.00000
Woeseia oceani	1548547	S	120	0	120	0.00000
Candidatus Comchoanobacter bicostacola	2919598	S	75	0	75	0.00000
Candidatus Foliamicus sp.	3101301	S	33	0	33	0.00000
Candidatus Portiera aleyrodidarum	91844	S	11	0	11	0.00000
Comamonas piscis	1562974	S	5769356	50797	5820153	0.04236
Comamonas sp. B21-038	2918299	S	1801085	322494	2123579	0.01546
Comamonas sp. 23	3415008	S	1157384	2184799	3342183	0.02433
Comamonas sp. GB3 AK4-5	3231487	S	71540	578	72118	0.00052
Comamonas sp. Y33R10-2	2853257	S	44989	574	45563	0.00033
Comamonas sp. NLF-1-9	2853163	S	17584	306	17890	0.00013
Comamonas sp. C11	2966554	S	2449	4107	6556	0.00005
Comamonas squillarum	2977320	S	1705738	2137471	3843209	0.02797
Comamonas sediminis	1783360	S	1637354	287060	1924414	0.01401
Comamonas koreensis	160825	S	1209645	1793884	3003529	0.02186
Comamonas odontotermitis	379895	S	499782	4644	504426	0.00367
Comamonas aquatica	225991	S	118886	5726	124612	0.00091
Comamonas testosteroni	285	S	107219	21423	128642	0.00094
Comamonas terrigena	32013	S	77963	768	78731	0.00057
Comamonas thiooxydans	363952	S	72023	12510	84533	0.00062
Comamonas fluminis	2796366	S	60591	1671	62262	0.00045
Comamonas resistens	3046670	S	59720	3259	62979	0.00046
Comamonas antarctica	2743470	S	52887	1692	54579	0.00040
Comamonas kerstersii	225992	S	51169	867	52036	0.00038
Comamonas serinivorans	1082851	S	33108	368	33476	0.00024
Comamonas endophytica	2949090	S	28987	385	29372	0.00021
Comamonas flocculans	2597701	S	11441	458	11899	0.00009
Delftia acidovorans	80866	S	2539964	2351122	4891086	0.03560
Delftia sp. HK171	1920191	S	153402	125674	279076	0.00203
Delftia sp. Cs1-4	742013	S	135090	100188	235278	0.00171
Delftia sp. DS1230	3153805	S	35909	58413	94322	0.00069
Delftia sp. PS-11	2767222	S	31070	377	31447	0.00023
Delftia sp. UGAL515B_04	2986766	S	3269	61013	64282	0.00047
Delftia sp. WY8	2708352	S	498	13323	13821	0.00010
Delftia sp. 11MD	3435885	S	494	21911	22405	0.00016
Delftia tsuruhatensis	180282	S	167406	193808	361214	0.00263
Delftia lacustris	558537	S	112442	229367	341809	0.00249
Acidovorax sp.	1872122	S	173781	5179	178960	0.00130
Acidovorax sp. A79	3056107	S	15306	1082	16388	0.00012
Acidovorax sp. 1608163	2478662	S	8653	440	9093	0.00007
Acidovorax sp. DW039	3095606	S	7974	261	8235	0.00006
Acidovorax sp. M2(2025)	3411355	S	7261	394	7655	0.00006
Acidovorax sp. GBBC 1281	2940492	S	6752	4628	11380	0.00008
Acidovorax sp. FHTAMBA	3140252	S	6322	1516	7838	0.00006
Acidovorax sp. HDW3	2714923	S	6104	152	6256	0.00005
Acidovorax sp. T1	1858609	S	5945	2576	8521	0.00006
Acidovorax sp. RAC01	1842533	S	5551	731	6282	0.00005
Acidovorax sp. M14	3411354	S	5048	3215	8263	0.00006
Acidovorax sp. SDU_ACID1	3136632	S	4930	129	5059	0.00004
Acidovorax sp. KKS102	358220	S	4076	2835	6911	0.00005
Acidovorax sp. JMULE5	2518343	S	3416	3326	6742	0.00005
Acidovorax sp. NCPPB 3576	2940488	S	3413	752	4165	0.00003
Acidovorax sp. BLS4	3273430	S	2574	2012	4586	0.00003
Acidovorax carolinensis	553814	S	14703	3554	18257	0.00013
Acidovorax temperans	80878	S	11441	1828	13269	0.00010
Acidovorax facilis	12917	S	9834	5443	15277	0.00011
Acidovorax radicis	758826	S	6730	307	7037	0.00005
Acidovorax delafieldii	47920	S	5212	1155	6367	0.00005
Acidovorax sacchari	3230736	S	2812	462	3274	0.00002
Variovorax sp. DAIF25	3080983	S	37451	15239	52690	0.00038
Variovorax sp. Varisp41	3243033	S	12678	4471	17149	0.00012
Variovorax sp. UC122_21	3374554	S	8414	6305	14719	0.00011
Variovorax sp. KK3	1855728	S	5890	99	5989	0.00004
Variovorax sp. PAMC28562	2762323	S	4515	19	4534	0.00003
Variovorax sp. PAMC 28711	1795631	S	3921	31	3952	0.00003
Variovorax sp. PBS-H4	434008	S	3141	165	3306	0.00002
Variovorax sp. HW608	1034889	S	3134	38	3172	0.00002
Variovorax sp. PAMC26660	2762322	S	2985	86	3071	0.00002
Variovorax sp. RKNM96	2681552	S	2783	135	2918	0.00002
Variovorax sp. RA8	662548	S	2596	243	2839	0.00002
Variovorax sp. WDL1	207745	S	2235	637	2872	0.00002
Variovorax sp. PBL-H6	434009	S	2172	1285	3457	0.00003
Variovorax sp. V213	3065955	S	2043	125	2168	0.00002
Variovorax sp. 38R	2774875	S	2011	740	2751	0.00002
Variovorax sp. W6	3093895	S	1838	313	2151	0.00002
Variovorax sp. YR566	3450237	S	1672	1071	2743	0.00002
Variovorax sp. EBFNA2	3342097	S	1641	530	2171	0.00002
Variovorax sp. SRS16	282217	S	1459	1351	2810	0.00002
Variovorax sp.	1871043	S	1383	223	1606	0.00001
Variovorax sp. UC74_104	3374555	S	1374	202	1576	0.00001
Variovorax sp. V118	3065954	S	1179	1077	2256	0.00002
Variovorax sp. WS11	1105204	S	1057	3	1060	0.00001
Variovorax sp. R-27	3404058	S	1005	793	1798	0.00001
Variovorax sp. 160MFSha2.1	3158367	S	833	1934	2767	0.00002
Variovorax sp. PBL-E5	434014	S	810	898	1708	0.00001
Variovorax sp. SCN45	3394349	S	685	10990	11675	0.00008
Variovorax sp. V15	3065952	S	516	1291	1807	0.00001
Variovorax sp. V116	3065953	S	335	650	985	0.00001
Variovorax sp. BK018	3450241	S	186	100	286	0.00000
Variovorax sp. 350MFTsu5.1	3158365	S	164	410	574	0.00000
Variovorax sp. PMC12	2126319	S	77	2636	2713	0.00002
Variovorax sp. 278MFTsu5.1	3158366	S	42	1097	1139	0.00001
Variovorax sp. PDNC026	2811425	S	29	762	791	0.00001
Variovorax sp. 375MFSha3.1	3158364	S	22	528	550	0.00000
Variovorax paradoxus	34073	S	40385	13092	53477	0.00039
Variovorax boronicumulans	436515	S	5460	2046	7506	0.00005
Variovorax ureilyticus	1836198	S	3110	57	3167	0.00002
Variovorax atrisoli	3394203	S	1224	186	1410	0.00001
Vandammella animalimorsus	2029117	S	67888	212	68100	0.00050
Diaphorobacter sp. HDW4A	2714924	S	12007	1083	13090	0.00010
Diaphorobacter sp. HDW4B	2714925	S	11875	128	12003	0.00009
Diaphorobacter sp. JS3051	2792224	S	772	2859	3631	0.00003
Diaphorobacter sp. LI3	2952886	S	760	1728	2488	0.00002
Diaphorobacter sp. C33	3060154	S	595	1382	1977	0.00001
Diaphorobacter sp. MNS-0	2866628	S	520	1718	2238	0.00002
Diaphorobacter sp. ED-3	3016636	S	231	741	972	0.00001
Diaphorobacter sp. JS3050	2735554	S	123	454	577	0.00000
Diaphorobacter ruginosibacter	1715720	S	12212	120	12332	0.00009
Diaphorobacter aerolatus	1288495	S	11075	835	11910	0.00009
Diaphorobacter limosus	3036128	S	4598	417	5015	0.00004
Diaphorobacter nitroreducens	164759	S	859	1743	2602	0.00002
[Acidovorax] ebreus	721785	S	525	1477	2002	0.00001
Rhodoferax sp. WC2427	3234144	S	6310	278	6588	0.00005
Rhodoferax sp. PAMC 29310	2822760	S	4574	284	4858	0.00004
Rhodoferax sp. AJA081-3	2752316	S	4569	182	4751	0.00003
Rhodoferax sp. GW822-FHT02A01	3141537	S	3899	92	3991	0.00003
Rhodoferax sp. BAB1	2741720	S	3100	140	3240	0.00002
Rhodoferax ferrireducens	192843	S	6716	241	6957	0.00005
Rhodoferax aquaticus	2527691	S	5618	303	5921	0.00004
Rhodoferax lithotrophicus	2798804	S	5491	140	5631	0.00004
Rhodoferax antarcticus	81479	S	4606	203	4809	0.00004
Rhodoferax saidenbachensis	1484693	S	4091	195	4286	0.00003
Rhodoferax koreensis	1842727	S	3558	211	3769	0.00003
Rhodoferax sediminis	2509614	S	3280	71	3351	0.00002
Rhodoferax mekongensis	3068341	S	2046	192	2238	0.00002
Hydrogenophaga sp. PAMC20947	2565558	S	5201	56	5257	0.00004
Hydrogenophaga sp. BPS33	2651974	S	4998	331	5329	0.00004
Hydrogenophaga sp.	1904254	S	3799	716	4515	0.00003
Hydrogenophaga sp. PBC	795665	S	3395	205	3600	0.00003
Hydrogenophaga sp. PBL-H3	434010	S	3372	388	3760	0.00003
Hydrogenophaga sp. A37	1945864	S	3358	106	3464	0.00003
Hydrogenophaga sp. RAC07	1842537	S	3001	781	3782	0.00003
Hydrogenophaga sp. SL48	2806347	S	2938	169	3107	0.00002
Hydrogenophaga sp. SNF1	3098762	S	1227	526	1753	0.00001
Hydrogenophaga sp. NH-16	2184519	S	1102	2533	3635	0.00003
Hydrogenophaga sp. YM1	2806262	S	985	405	1390	0.00001
Hydrogenophaga sp. ANAO-22	3166645	S	907	1482	2389	0.00002
Hydrogenophaga sp. UC242_53	3350170	S	18	1519	1537	0.00001
Hydrogenophaga sp. UC242_50	3350169	S	12	969	981	0.00001
Hydrogenophaga crassostreae	1763535	S	5356	43	5399	0.00004
Hydrogenophaga taeniospiralis	65656	S	2744	249	2993	0.00002
Hydrogenophaga crocea	2716225	S	2573	152	2725	0.00002
Hydrogenophaga pseudoflava	47421	S	815	1793	2608	0.00002
Limnohabitans sp. 103DPR2	1678129	S	8376	521	8897	0.00006
Limnohabitans sp. INBF002	2986280	S	7115	1621	8736	0.00006
Limnohabitans sp. 63ED37-2	1678128	S	6438	1010	7448	0.00005
Limnohabitans sp. TEGF004	2986281	S	5968	1091	7059	0.00005
Limnohabitans sp. DCL3	3374103	S	5870	476	6346	0.00005
Limnohabitans sp. YIMB22184	3374104	S	5626	477	6103	0.00004
Limnohabitans sp. MORI2	1751150	S	5183	537	5720	0.00004
Ottowia sp. VDI28	3133968	S	6741	194	6935	0.00005
Ottowia sp. SB7-C50	3081231	S	4297	762	5059	0.00004
Ottowia sp. oral taxon 894	1658672	S	4066	74	4140	0.00003
Ottowia oryzae	2109914	S	9290	859	10149	0.00007
Ottowia caeni	2870339	S	5149	116	5265	0.00004
Ottowia testudinis	2816950	S	3878	146	4024	0.00003
Ottowia pentelensis	511108	S	3672	325	3997	0.00003
Polaromonas sp.	1869339	S	6768	1617	8385	0.00006
Polaromonas sp. JS666	296591	S	4726	601	5327	0.00004
Polaromonas sp. H1N	1840283	S	72	2459	2531	0.00002
Polaromonas sp. H6N	1840293	S	39	0	39	0.00000
Polaromonas vacuolata	37448	S	4802	222	5024	0.00004
Polaromonas aquatica	332657	S	3651	89	3740	0.00003
Polaromonas hydrogenivorans	335476	S	3102	1446	4548	0.00003
Polaromonas naphthalenivorans	216465	S	2489	1183	3672	0.00003
Alicycliphilus denitrificans	179636	S	9929	2074	12003	0.00009
Alicycliphilus soli	3228789	S	4321	803	5124	0.00004
Paracidovorax avenae	80867	S	9829	1238	11067	0.00008
Paracidovorax citrulli	80869	S	2318	484	2802	0.00002
Paracidovorax cattleyae	80868	S	1344	163	1507	0.00001
Ramlibacter tataouinensis	94132	S	6469	116	6585	0.00005
Ramlibacter sp. MMS24-I3-19	3416606	S	2069	50	2119	0.00002
Melaminivora jejuensis	1267217	S	4807	341	5148	0.00004
Melaminivora suipulveris	2109913	S	3374	303	3677	0.00003
Verminephrobacter eiseniae	364317	S	5803	22	5825	0.00004
Serpentinimonas raichei	1458425	S	2457	279	2736	0.00002
Serpentinimonas maccroryi	1458426	S	2210	460	2670	0.00002
Simplicispira suum	2109915	S	4776	108	4884	0.00004
Paenacidovorax monticola	1926868	S	4390	96	4486	0.00003
Pulveribacter suum	2116657	S	4176	64	4240	0.00003
Brachymonas wangyanguii	3130163	S	4095	37	4132	0.00003
Hylemonella gracilis	80880	S	2997	17	3014	0.00002
Curvibacter sp. AEP1-3	1844971	S	2851	84	2935	0.00002
Candidatus Symbiobacter mobilis	1436290	S	698	0	698	0.00001
Achromobacter xylosoxidans	85698	S	150141	162184	312325	0.00227
Achromobacter sp. AONIH1	1758194	S	15240	1902	17142	0.00012
Achromobacter sp. MFA1 R4	1881016	S	10851	1471	12322	0.00009
Achromobacter sp. ES-001	2860286	S	2158	5602	7760	0.00006
Achromobacter sp. HNDS-1	3151598	S	1830	2572	4402	0.00003
Achromobacter sp. KK8	3469812	S	1783	13929	15712	0.00011
Achromobacter sp. B7	2282475	S	1738	3984	5722	0.00004
Achromobacter sp. JD417	2893881	S	1600	2044	3644	0.00003
Achromobacter sp. CF-sbj1-Ac2-l	3444091	S	1543	8885	10428	0.00008
Achromobacter sp. 77	2756133	S	1235	2431	3666	0.00003
Achromobacter sp. EB05	3142974	S	909	5327	6236	0.00005
Achromobacter sp. PD1	3399125	S	700	1414	2114	0.00002
Achromobacter sp. E1	3141581	S	636	1812	2448	0.00002
Achromobacter marplatensis	470868	S	29448	2694	32142	0.00023
Achromobacter spanius	217203	S	27127	12976	40103	0.00029
Achromobacter anxifer	1287737	S	15822	2581	18403	0.00013
Achromobacter denitrificans	32002	S	13733	1695	15428	0.00011
Achromobacter deleyi	1353891	S	12376	2208	14584	0.00011
Achromobacter aegrifaciens	1287736	S	10236	4562	14798	0.00011
Achromobacter seleniivolatilans	3047478	S	10078	294	10372	0.00008
Achromobacter insolitus	217204	S	10030	780	10810	0.00008
Achromobacter kerstersii	1353890	S	9180	583	9763	0.00007
Achromobacter piechaudii	72556	S	9101	614	9715	0.00007
Achromobacter veterisilvae	2069367	S	7726	771	8497	0.00006
Achromobacter mucicolens	1389922	S	5179	4615	9794	0.00007
Achromobacter pestifer	1353889	S	2879	582	3461	0.00003
Achromobacter ruhlandii	72557	S	1246	1355	2601	0.00002
Bordetella sp. 2513F-2	3679867	S	12901	1007	13908	0.00010
Bordetella sp. N	1746199	S	11056	649	11705	0.00009
Bordetella sp. MIP270_01_BMS	3470762	S	8629	480	9109	0.00007
Bordetella sp. H567	1697043	S	5921	334	6255	0.00005
Bordetella trematum	123899	S	32358	2940	35298	0.00026
Bordetella genomosp. 13	463040	S	15824	1160	16984	0.00012
Bordetella hinzii	103855	S	12611	1810	14421	0.00010
Bordetella avium	521	S	12104	547	12651	0.00009
Bordetella petrii	94624	S	11997	3182	15179	0.00011
Bordetella pseudohinzii	1331258	S	10405	1379	11784	0.00009
Bordetella bronchialis	463025	S	9281	354	9635	0.00007
Bordetella genomosp. 8	1416806	S	7920	338	8258	0.00006
Bordetella holmesii	35814	S	7728	807	8535	0.00006
Bordetella genomosp. 9	1416803	S	6927	358	7285	0.00005
Bordetella flabilis	463014	S	6371	156	6527	0.00005
Bordetella bronchiseptica	518	S	4841	22237	27078	0.00020
Bordetella genomosp. 6	463024	S	848	1503	2351	0.00002
Bordetella pertussis	520	S	749	9961	10710	0.00008
Bordetella parapertussis	519	S	311	2240	2551	0.00002
Alcaligenes sp. WGS1538	3366811	S	12618	839	13457	0.00010
Alcaligenes sp. SDU_A2	3136634	S	10521	401	10922	0.00008
Alcaligenes sp. SORT26	2813780	S	5197	553	5750	0.00004
Alcaligenes sp. SMD-FA	2991054	S	634	3102	3736	0.00003
Alcaligenes sp. 1735tsa3	2953809	S	516	1765	2281	0.00002
Alcaligenes sp. SJTW-7	3078429	S	209	1659	1868	0.00001
Alcaligenes sp. HNGD-HTN06	3416924	S	56	403	459	0.00000
Alcaligenes sp. NLF5-7	2918755	S	53	313	366	0.00000
Alcaligenes faecalis	511	S	23386	14099	37485	0.00027
Alcaligenes aquatilis	323284	S	2611	5855	8466	0.00006
Alcaligenes ammonioxydans	2582914	S	320	1517	1837	0.00001
Alcaligenes nematophilus	2994643	S	253	989	1242	0.00001
Kerstersia gyiorum	206506	S	78626	5289	83915	0.00061
Castellaniella sp. MT123	3140381	S	7893	5315	13208	0.00010
Castellaniella ginsengisoli	546114	S	11854	1166	13020	0.00009
Castellaniella caeni	266123	S	10012	1173	11185	0.00008
Castellaniella defragrans	75697	S	7609	1335	8944	0.00007
Pigmentiphaga sp. H8	2488560	S	5329	1792	7121	0.00005
Pigmentiphaga sp. CHJ604	3081984	S	4619	1983	6602	0.00005
Pigmentiphaga aceris	1940612	S	8600	139	8739	0.00006
Pigmentiphaga litoralis	516702	S	6818	306	7124	0.00005
Neopusillimonas aromaticivorans	2979868	S	11143	3548	14691	0.00011
Neopusillimonas aestuarii	2716226	S	3811	3644	7455	0.00005
Neopusillimonas maritima	2026239	S	3034	2805	5839	0.00004
Pollutimonas sp. M17	2962065	S	11416	688	12104	0.00009
Pollutimonas thiosulfatoxidans	2028345	S	10259	6308	16567	0.00012
Orrella dioscoreae	1851544	S	11668	928	12596	0.00009
Orrella marina	2163011	S	1895	395	2290	0.00002
Orrella daihaiensis	2782176	S	1487	38	1525	0.00001
Advenella mimigardefordensis	302406	S	4616	243	4859	0.00004
Advenella kashmirensis	310575	S	4294	205	4499	0.00003
Advenella alkanexedens	1481665	S	3107	328	3435	0.00003
Parapusillimonas sp. JC17	3445768	S	11793	2933	14726	0.00011
Pusillimonas sp. T7-7	1007105	S	10195	1158	11353	0.00008
Paralcaligenes sp. KSB-10	2901142	S	8969	204	9173	0.00007
Oligella sp. MSHR50489EDL	3139409	S	667	303	970	0.00001
Oligella ureolytica	90244	S	529	135	664	0.00000
Oligella urethralis	90245	S	197	61	258	0.00000
Ampullimonas aquatilis	1341549	S	1212	15	1227	0.00001
Paenalcaligenes faecalis	2980099	S	996	54	1050	0.00001
Pelistega ratti	2652177	S	746	16	762	0.00001
Basilea psittacipulmonis	1472345	S	225	4	229	0.00000
Taylorella equigenitalis	29575	S	38	15	53	0.00000
Cupriavidus sp. 30B13	3384241	S	2081	126	2207	0.00002
Cupriavidus sp. EM10	2839983	S	1849	960	2809	0.00002
Cupriavidus sp. H19C3	3241603	S	1644	430	2074	0.00002
Cupriavidus sp. DF5525	3160989	S	1360	222	1582	0.00001
Cupriavidus sp. WKF15	3032282	S	1168	89	1257	0.00001
Cupriavidus sp. H39	3401635	S	1097	240	1337	0.00001
Cupriavidus sp. PET2-C1	3569259	S	1017	228	1245	0.00001
Cupriavidus sp. JZ107	2937856	S	1012	435	1447	0.00001
Cupriavidus sp. TMH.W2	3434465	S	876	171	1047	0.00001
Cupriavidus sp. H18C1	3241601	S	668	274	942	0.00001
Cupriavidus sp. BIC8F	3079014	S	592	372	964	0.00001
Cupriavidus sp. P-10	2027911	S	505	1633	2138	0.00002
Cupriavidus sp. MP-37	2884455	S	456	280	736	0.00001
Cupriavidus sp. a3	3242158	S	351	2083	2434	0.00002
Cupriavidus sp. KK10	1478019	S	293	979	1272	0.00001
Cupriavidus sp. H18C2	3241602	S	196	335	531	0.00000
Cupriavidus sp. Agwp_2	2897324	S	123	593	716	0.00001
Cupriavidus sp. USMAA2-4	876364	S	102	654	756	0.00001
Cupriavidus sp. USMAHM13	1389192	S	44	303	347	0.00000
Cupriavidus sp. U2	2920269	S	34	61	95	0.00000
Cupriavidus basilensis	68895	S	4922	1456	6378	0.00005
Cupriavidus pauculus	82633	S	4478	2129	6607	0.00005
Cupriavidus necator	106590	S	4466	2415	6881	0.00005
Cupriavidus taiwanensis	164546	S	3585	2703	6288	0.00005
Cupriavidus campinensis	151783	S	2871	1006	3877	0.00003
Cupriavidus metallidurans	119219	S	2524	1406	3930	0.00003
Cupriavidus oxalaticus	96344	S	1672	1015	2687	0.00002
Cupriavidus nantongensis	1796606	S	1219	955	2174	0.00002
Cupriavidus pinatubonensis	248026	S	1189	94	1283	0.00001
Cupriavidus gilardii	82541	S	1118	636	1754	0.00001
Cupriavidus phytorum	3024399	S	603	860	1463	0.00001
Cupriavidus cauae	2608999	S	537	363	900	0.00001
Cupriavidus neocaledonicus	1040979	S	378	382	760	0.00001
Cupriavidus yeoncheonensis	1462994	S	106	8	114	0.00000
Burkholderia cepacia	292	S	3163	2066	5229	0.00004
Burkholderia pyrrocinia	60550	S	1900	922	2822	0.00002
Burkholderia cenocepacia	95486	S	1650	2665	4315	0.00003
Burkholderia multivorans	87883	S	1363	213	1576	0.00001
Burkholderia ubonensis	101571	S	1316	513	1829	0.00001
Burkholderia contaminans	488447	S	1276	637	1913	0.00001
Burkholderia ambifaria	152480	S	1161	804	1965	0.00001
Burkholderia territorii	1503055	S	965	255	1220	0.00001
Burkholderia anthina	179879	S	954	665	1619	0.00001
Burkholderia metallica	488729	S	813	217	1030	0.00001
Burkholderia stagnalis	1503054	S	710	106	816	0.00001
Burkholderia arboris	488730	S	611	148	759	0.00001
Burkholderia vietnamiensis	60552	S	607	1381	1988	0.00001
Burkholderia lata	482957	S	561	269	830	0.00001
Burkholderia stabilis	95485	S	560	302	862	0.00001
Burkholderia dolosa	152500	S	515	76	591	0.00000
Burkholderia pseudomultivorans	1207504	S	383	77	460	0.00000
Burkholderia latens	488446	S	333	41	374	0.00000
Burkholderia aenigmatica	2015348	S	221	172	393	0.00000
Burkholderia diffusa	488732	S	102	27	129	0.00000
Burkholderia sola	2843302	S	98	449	547	0.00000
Burkholderia seminalis	488731	S	68	110	178	0.00000
Burkholderia orbicola	2978683	S	30	65	95	0.00000
Burkholderia semiarida	2843303	S	28	53	81	0.00000
Burkholderia sp. 22PA0099	3237372	S	3506	1857	5363	0.00004
Burkholderia sp. FERM BP-3421	1494466	S	743	39	782	0.00001
Burkholderia sp. 22PA0106	3237371	S	454	240	694	0.00001
Burkholderia sp. LMG 21824	3158172	S	388	103	491	0.00000
Burkholderia sp. LA-2-3-30-S1-D2	1637862	S	346	107	453	0.00000
Burkholderia sp. LMG 32019	3158173	S	305	86	391	0.00000
Burkholderia sp. IDO3	1705310	S	281	339	620	0.00000
Burkholderia sp. THE68	758782	S	227	1016	1243	0.00001
Burkholderia sp. F1	3366817	S	222	63	285	0.00000
Burkholderia sp. PAMC 28687	1795874	S	221	183	404	0.00000
Burkholderia sp. PAMC 26561	1795043	S	193	96	289	0.00000
Burkholderia sp. Ed8	3112957	S	154	274	428	0.00000
Burkholderia sp. S-53	2906514	S	151	73	224	0.00000
Burkholderia sp. NRF60-BP8	1637853	S	150	46	196	0.00000
Burkholderia sp. MS455	2811788	S	141	72	213	0.00000
Burkholderia sp. JP2-270	2217913	S	107	50	157	0.00000
Burkholderia sp. MSMB0856	1637869	S	85	29	114	0.00000
Burkholderia sp. NLJ2	3090699	S	49	25	74	0.00000
Burkholderia sp. B21-005	2890406	S	15	741	756	0.00001
Burkholderia sp. MS389	2811789	S	12	92	104	0.00000
Burkholderia sp. LAS2	2813843	S	12	56	68	0.00000
Burkholderia mayonis	1385591	S	906	67	973	0.00001
Burkholderia singularis	1503053	S	772	34	806	0.00001
Burkholderia thailandensis	57975	S	756	1798	2554	0.00002
Burkholderia pseudomallei	28450	S	660	2617	3277	0.00002
Burkholderia humptydooensis	430531	S	270	294	564	0.00000
Burkholderia savannae	1637837	S	156	255	411	0.00000
Burkholderia oklahomensis	342113	S	110	11	121	0.00000
Burkholderia mallei	13373	S	27	61	88	0.00000
Burkholderia gladioli	28095	S	3357	219	3576	0.00003
Burkholderia plantarii	41899	S	754	113	867	0.00001
Burkholderia glumae	337	S	675	63	738	0.00001
Burkholderia theae	3143496	S	384	205	589	0.00000
Burkholderia perseverans	2615214	S	381	61	442	0.00000
Paraburkholderia sp. IMGN_8	3136564	S	1056	90	1146	0.00001
Paraburkholderia sp. SOS3	1926494	S	837	40	877	0.00001
Paraburkholderia sp. PREW-6R	3141544	S	694	41	735	0.00001
Paraburkholderia sp. FT54	3074437	S	578	103	681	0.00000
Paraburkholderia sp. PGU19	2735434	S	546	250	796	0.00001
Paraburkholderia sp. D15	2880218	S	468	65	533	0.00000
Paraburkholderia sp. SUR17	3034358	S	334	735	1069	0.00001
Paraburkholderia sp. 22B1P	3080498	S	153	902	1055	0.00001
Paraburkholderia sp. A3RO-2L	3028376	S	93	813	906	0.00001
Paraburkholderia sp. A3BS-1L	3028375	S	28	48	76	0.00000
Paraburkholderia sp. DD10	3409691	S	24	340	364	0.00000
Paraburkholderia caribensis	75105	S	1674	433	2107	0.00002
Paraburkholderia aromaticivorans	2026199	S	1648	443	2091	0.00002
Paraburkholderia tropica	92647	S	1491	177	1668	0.00001
Paraburkholderia phytofirmans	261302	S	1420	598	2018	0.00001
Paraburkholderia caffeinilytica	1761016	S	1399	174	1573	0.00001
Paraburkholderia pallida	2547399	S	1325	103	1428	0.00001
Paraburkholderia phenoliruptrix	252970	S	1194	144	1338	0.00001
Paraburkholderia bonniea	2152891	S	1132	30	1162	0.00001
Paraburkholderia ginsengisoli	311231	S	1126	167	1293	0.00001
Paraburkholderia atlantica	2654982	S	1109	103	1212	0.00001
Paraburkholderia acidisoli	2571748	S	1081	85	1166	0.00001
Paraburkholderia acidiphila	2571747	S	1076	90	1166	0.00001
Paraburkholderia fungorum	134537	S	984	355	1339	0.00001
Paraburkholderia megapolitana	420953	S	897	102	999	0.00001
Paraburkholderia terrae	311230	S	895	558	1453	0.00001
Paraburkholderia sprentiae	948107	S	876	52	928	0.00001
Paraburkholderia kururiensis	984307	S	825	761	1586	0.00001
Paraburkholderia strydomiana	1245417	S	802	321	1123	0.00001
Paraburkholderia phymatum	148447	S	798	172	970	0.00001
Paraburkholderia sacchari	159450	S	791	156	947	0.00001
Paraburkholderia bryophila	420952	S	704	78	782	0.00001
Paraburkholderia dokdonensis	2211211	S	661	141	802	0.00001
Paraburkholderia xenovorans	36873	S	645	231	876	0.00001
Paraburkholderia graminis	60548	S	613	88	701	0.00001
Paraburkholderia sabiae	273251	S	587	62	649	0.00000
Paraburkholderia edwinii	2861782	S	567	27	594	0.00000
Paraburkholderia dioscoreae	2604047	S	558	208	766	0.00001
Paraburkholderia kirstenboschensis	1245436	S	472	83	555	0.00000
Paraburkholderia hospita	169430	S	428	342	770	0.00001
Paraburkholderia acidicola	1912599	S	360	38	398	0.00000
Paraburkholderia caledonica	134536	S	259	161	420	0.00000
Paraburkholderia largidicola	3014751	S	146	930	1076	0.00001
Paraburkholderia terricola	169427	S	98	760	858	0.00001
Ralstonia pseudosolanacearum	1310165	S	3474	3211	6685	0.00005
Ralstonia solanacearum	305	S	2464	576	3040	0.00002
Ralstonia syzygii	28097	S	224	697	921	0.00001
Ralstonia sp. 25C	3447363	S	1666	186	1852	0.00001
Ralstonia sp. R-29	3404059	S	1356	250	1606	0.00001
Ralstonia sp. SA306	2937884	S	821	1141	1962	0.00001
Ralstonia sp. RRA	3122075	S	814	417	1231	0.00001
Ralstonia sp. UNC404CL21Col	1380362	S	658	122	780	0.00001
Ralstonia sp. Ralssp110	3243004	S	616	118	734	0.00001
Ralstonia sp. CP	3231757	S	144	2255	2399	0.00002
Ralstonia insidiosa	190721	S	2286	732	3018	0.00002
Ralstonia pickettii	329	S	1330	411	1741	0.00001
Ralstonia mannitolilytica	105219	S	974	317	1291	0.00001
Ralstonia wenshanensis	2842456	S	769	51	820	0.00001
Ralstonia thomasii	3058596	S	79	1196	1275	0.00001
Ralstonia holmesii	3058602	S	36	53	89	0.00000
Pandoraea fibrosis	1891094	S	2112	462	2574	0.00002
Pandoraea pnomenusa	93220	S	1957	324	2281	0.00002
Pandoraea pulmonicola	93221	S	1859	158	2017	0.00001
Pandoraea sp. XY-2	2518599	S	603	191	794	0.00001
Pandoraea sp. NE5	2904129	S	102	561	663	0.00000
Pandoraea sp. XJJ-1	3002643	S	78	416	494	0.00000
Pandoraea thiooxydans	445709	S	1810	39	1849	0.00001
Pandoraea norimbergensis	93219	S	1438	509	1947	0.00001
Pandoraea faecigallinarum	656179	S	1362	266	1628	0.00001
Pandoraea sputorum	93222	S	1217	577	1794	0.00001
Pandoraea apista	93218	S	971	163	1134	0.00001
Pandoraea vervacti	656178	S	915	183	1098	0.00001
Pandoraea commovens	2508289	S	613	348	961	0.00001
Pandoraea oxalativorans	573737	S	360	155	515	0.00000
Polynucleobacter sp. AP-Titi-500A-B4	2576923	S	533	51	584	0.00000
Polynucleobacter sp. MWH-CaK5	2689107	S	488	7	495	0.00000
Polynucleobacter sp. UB-Raua-W9	1819736	S	464	1139	1603	0.00001
Polynucleobacter sp. UK-FUSCHL-C3	2955208	S	439	5	444	0.00000
Polynucleobacter sp. KF022	2982615	S	397	61	458	0.00000
Polynucleobacter sp. MWH-Aus1W21	1855880	S	385	60	445	0.00000
Polynucleobacter sp. AP-Nino-20-G2	2576917	S	370	63	433	0.00000
Polynucleobacter sp. MG-6-Vaara-E2	2576932	S	363	27	390	0.00000
Polynucleobacter sp. VK25	1758398	S	336	39	375	0.00000
Polynucleobacter sp. Adler-ghost	2770234	S	308	38	346	0.00000
Polynucleobacter sp. MWH-Svant-W18	1855909	S	275	36	311	0.00000
Polynucleobacter sp. TUM22923	3022126	S	261	5	266	0.00000
Polynucleobacter sp. HIN5	3047864	S	255	49	304	0.00000
Polynucleobacter sp. MWH-UH35A	1855619	S	240	17	257	0.00000
Polynucleobacter sp. AP-Jannik-300A-C4	2576928	S	226	56	282	0.00000
Polynucleobacter sp. AP-Kolm-20A-A1	2081041	S	216	58	274	0.00000
Polynucleobacter sp. HIN8	3047867	S	214	49	263	0.00000
Polynucleobacter sp. JS-JIR-II-50	2576919	S	194	28	222	0.00000
Polynucleobacter sp. MWH-UH25E	1855616	S	190	16	206	0.00000
Polynucleobacter sp. MWH-UH23A	1855613	S	190	12	202	0.00000
Polynucleobacter sp. MWH-Braz-FAM2G	1855883	S	165	7	172	0.00000
Polynucleobacter sp. MWH-UH2A	1855617	S	163	16	179	0.00000
Polynucleobacter sp. MWH-UH19D	1855610	S	144	6	150	0.00000
Polynucleobacter sp. MG-Unter2-18	2081052	S	137	31	168	0.00000
Polynucleobacter sp. TSB-Sco08W16	1758374	S	137	9	146	0.00000
Polynucleobacter sp. es-EL-1	1855652	S	129	13	142	0.00000
Polynucleobacter sp. MWH-S4W17	1855910	S	126	20	146	0.00000
Polynucleobacter sp. JS-Mosq-20-D10	2576922	S	117	11	128	0.00000
Polynucleobacter sp. AP-Sving-400A-A2	2081049	S	93	11	104	0.00000
Polynucleobacter sp. AP-Ainpum-60-G11	2576926	S	90	10	100	0.00000
Polynucleobacter sp. MWH-P3-07-1	1743173	S	90	25	115	0.00000
Polynucleobacter sp. MWH-Spelu-300-X4	2689109	S	73	1	74	0.00000
Polynucleobacter sp. JS-JIR-II-b4	1758390	S	65	11	76	0.00000
Polynucleobacter sp. AM-7D1	2689102	S	36	10	46	0.00000
Polynucleobacter sp. JS-JIR-5-A7	1758395	S	33	24	57	0.00000
Polynucleobacter sp. HIN7	3047866	S	26	58	84	0.00000
Polynucleobacter sp. HIN9	3047868	S	25	128	153	0.00000
Polynucleobacter sp. AP-Elch-400A-B2	2576930	S	19	2	21	0.00000
Polynucleobacter sp. MWH-UH24A	2689110	S	14	3	17	0.00000
Polynucleobacter necessarius	576610	S	1633	105	1738	0.00001
Polynucleobacter asymbioticus	576611	S	596	51	647	0.00000
Polynucleobacter yangtzensis	1743159	S	394	72	466	0.00000
Polynucleobacter acidiphobus	556053	S	309	45	354	0.00000
Polynucleobacter arcticus	1743165	S	294	15	309	0.00000
Polynucleobacter corsicus	2081042	S	273	49	322	0.00000
Polynucleobacter difficilis	556054	S	239	14	253	0.00000
Polynucleobacter antarcticus	1743162	S	227	4	231	0.00000
Polynucleobacter wuianus	1743168	S	222	48	270	0.00000
Polynucleobacter paludilacus	1855895	S	179	112	291	0.00000
Polynucleobacter paneuropaeus	2527775	S	152	21	173	0.00000
Polynucleobacter tropicus	1743174	S	119	15	134	0.00000
Polynucleobacter duraquae	1835254	S	30	7	37	0.00000
Polynucleobacter ibericus	1819725	S	13	1	14	0.00000
Caballeronia sp. DA-9	3436237	S	1051	83	1134	0.00001
Caballeronia sp. TF1N1	2878153	S	866	51	917	0.00001
Caballeronia sp. KNU42	3448835	S	821	38	859	0.00001
Caballeronia sp. Sq4a	2878152	S	797	518	1315	0.00001
Caballeronia sp. S22	3137182	S	641	112	753	0.00001
Caballeronia sp. Lep1P3	2878150	S	509	94	603	0.00000
Caballeronia sp. NK8	140098	S	322	1155	1477	0.00001
Caballeronia sp. M1242	2814653	S	248	138	386	0.00000
Caballeronia sp. SL2Y3	2878151	S	233	101	334	0.00000
Caballeronia sp. SBC2	2705547	S	25	713	738	0.00001
Caballeronia grimmiae	1071679	S	735	153	888	0.00001
Caballeronia cordobensis	1353886	S	695	202	897	0.00001
Caballeronia insecticola	758793	S	570	75	645	0.00000
Caballeronia zhejiangensis	871203	S	283	70	353	0.00000
Limnobacter thiooxidans	131080	S	1173	38	1211	0.00001
Limnobacter profundi	2732163	S	1120	95	1215	0.00001
Limnobacter sp.	2003368	S	666	66	732	0.00001
Trinickia caryophylli	28094	S	1079	40	1119	0.00001
Trinickia violacea	2571746	S	938	96	1034	0.00001
Robbsia sp. KACC 23696	3149231	S	1106	41	1147	0.00001
Robbsia andropogonis	28092	S	675	32	707	0.00001
Lautropia mirabilis	47671	S	1447	17	1464	0.00001
Mycetohabitans endofungorum	417203	S	706	143	849	0.00001
Mycetohabitans rhizoxinica	412963	S	336	109	445	0.00000
Mycoavidus sp. B2-EB	2651972	S	661	8	669	0.00000
Mycoavidus sp. SF9855	2968475	S	108	36	144	0.00000
Mycoavidus sp. HKI	2840467	S	36	11	47	0.00000
Mycoavidus cysteinexigens	1553431	S	387	3	390	0.00000
Pararobbsia alpina	621374	S	1027	20	1047	0.00001
Imbroritus primus	3058603	S	958	78	1036	0.00001
Ephemeroptericola cinctiostellae	2268024	S	363	1	364	0.00000
Candidatus Vallotiella adelgis	1177211	S	32	34	66	0.00000
Candidatus Vallotiella hemipterorum	1177213	S	15	49	64	0.00000
Massilia sp. W12	3126507	S	2101	31	2132	0.00002
Massilia sp. PAMC28688	2861283	S	1383	189	1572	0.00001
Massilia sp. R2A-15	3064278	S	1223	182	1405	0.00001
Massilia sp. WG5	1707785	S	1194	184	1378	0.00001
Massilia sp. H6	2970464	S	1176	105	1281	0.00001
Massilia sp. NP310	2861282	S	1165	299	1464	0.00001
Massilia sp. erpn	2738142	S	1083	415	1498	0.00001
Massilia sp. METH4	3123041	S	806	148	954	0.00001
Massilia sp. YMA4	1593482	S	564	265	829	0.00001
Massilia sp. GER05	3394605	S	529	228	757	0.00001
Massilia sp. MB5	2919578	S	228	1271	1499	0.00001
Massilia sp. NR 4-1	1678028	S	89	488	577	0.00000
Massilia violaceinigra	2045208	S	2131	207	2338	0.00002
Massilia antarctica	2765360	S	1968	205	2173	0.00002
Massilia varians	457921	S	1612	3438	5050	0.00004
Massilia forsythiae	2728020	S	1318	128	1446	0.00001
Massilia oculi	945844	S	1199	274	1473	0.00001
Massilia litorea	2769491	S	1017	105	1122	0.00001
Massilia atriviolacea	2495579	S	985	110	1095	0.00001
Massilia endophytica	2899220	S	758	79	837	0.00001
Massilia putida	1141883	S	678	137	815	0.00001
Massilia cellulosiltytica	2683234	S	526	228	754	0.00001
Pseudoduganella sp. UC29_106	3374553	S	1059	78	1137	0.00001
Pseudoduganella sp. HUAS MS19	3469873	S	870	77	947	0.00001
Pseudoduganella sp. UC29_71	3350174	S	839	174	1013	0.00001
Pseudoduganella sp. S-14	3404065	S	679	142	821	0.00001
Pseudoduganella sp. SL102	2995154	S	297	369	666	0.00000
Pseudoduganella sp. R-34	3404062	S	92	386	478	0.00000
Pseudoduganella sp. R-32	3404061	S	88	888	976	0.00001
Pseudoduganella sp. R-43	3404063	S	21	279	300	0.00000
Pseudoduganella umbonata	864828	S	1468	296	1764	0.00001
Pseudoduganella aquatica	2660641	S	1175	300	1475	0.00001
Pseudoduganella chitinolytica	34070	S	1005	260	1265	0.00001
Pseudoduganella flava	871742	S	944	124	1068	0.00001
Pseudoduganella plicata	321984	S	894	133	1027	0.00001
Pseudoduganella lutea	321985	S	729	111	840	0.00001
Pseudoduganella albidiflava	321983	S	604	758	1362	0.00001
Pseudoduganella armeniaca	2072590	S	587	245	832	0.00001
Duganella sp. P38	3423949	S	2037	560	2597	0.00002
Duganella sp. BuS-21	2943848	S	654	367	1021	0.00001
Duganella sp. PWIR1	3569034	S	540	321	861	0.00001
Duganella dendranthematis	2728021	S	1450	354	1804	0.00001
Duganella zoogloeoides	75659	S	1346	231	1577	0.00001
Telluria beijingensis	3068633	S	975	233	1208	0.00001
Telluria mixta	34071	S	763	480	1243	0.00001
Rugamonas sp. DEMB1	3039386	S	880	180	1060	0.00001
Herbaspirillum sp. meg3	2025949	S	1930	71	2001	0.00001
Herbaspirillum sp. WKF16	3028312	S	1293	239	1532	0.00001
Herbaspirillum sp. DW155	3095609	S	857	298	1155	0.00001
Herbaspirillum rubrisubalbicans	80842	S	3189	715	3904	0.00003
Herbaspirillum frisingense	92645	S	2961	535	3496	0.00003
Herbaspirillum huttiense	863372	S	2838	737	3575	0.00003
Herbaspirillum seropedicae	964	S	2539	633	3172	0.00002
Herbaspirillum robiniae	2014887	S	1989	335	2324	0.00002
Herbaspirillum hiltneri	341045	S	1334	66	1400	0.00001
Janthinobacterium sp. J1-1	3065910	S	3289	451	3740	0.00003
Janthinobacterium sp. 17J80-10	2497863	S	1871	108	1979	0.00001
Janthinobacterium sp. PAMC25594	2861284	S	846	318	1164	0.00001
Janthinobacterium sp. LM6	1938606	S	838	330	1168	0.00001
Janthinobacterium sp. 1_2014MBL_MicDiv	1644131	S	636	132	768	0.00001
Janthinobacterium sp. B9-8	1236179	S	594	13	607	0.00000
Janthinobacterium sp. HH102	1537274	S	360	709	1069	0.00001
Janthinobacterium sp. NFX145	3415602	S	286	470	756	0.00001
Janthinobacterium sp. SUN098	3002437	S	160	413	573	0.00000
Janthinobacterium aestuarii	2985511	S	2201	820	3021	0.00002
Janthinobacterium agaricidamnosum	55508	S	1669	836	2505	0.00002
Janthinobacterium lividum	29581	S	829	1446	2275	0.00002
Janthinobacterium tructae	2590869	S	529	237	766	0.00001
Janthinobacterium rivuli	2751478	S	515	553	1068	0.00001
Janthinobacterium svalbardensis	368607	S	299	125	424	0.00000
Collimonas arenae	279058	S	3761	222	3983	0.00003
Collimonas fungivorans	158899	S	2074	133	2207	0.00002
Collimonas pratensis	279113	S	1980	145	2125	0.00002
Undibacterium sp. CCC3.4	3048609	S	1498	64	1562	0.00001
Undibacterium sp. KW1	2058624	S	1074	241	1315	0.00001
Undibacterium sp. YM2	2058625	S	889	200	1089	0.00001
Undibacterium sp. WLHG33	3412482	S	276	1008	1284	0.00001
Undibacterium sp. WLX3042	3412686	S	101	366	467	0.00000
Noviherbaspirillum sp. ST 5-3	3349878	S	1374	32	1406	0.00001
Noviherbaspirillum sp. UKPF54	2601898	S	1259	60	1319	0.00001
Actimicrobium sp. CCC2.4	3048606	S	1530	92	1622	0.00001
Oxalobacter aliiformigenes	2946593	S	623	12	635	0.00000
Oxalobacter formigenes	847	S	439	7	446	0.00000
Oxalobacter vibrioformis	933080	S	355	3	358	0.00000
Herminiimonas arsenitoxidans	1809410	S	1114	35	1149	0.00001
Glaciimonas sp. PAMC28666	2807626	S	928	45	973	0.00001
Neoundibacterium parvum	401471	S	810	52	862	0.00001
Affinundibacterium cyanobacteriorum	3073561	S	756	16	772	0.00001
Candidatus Zinderia endosymbiont of Aphrophora alni	3077951	S	11	0	11	0.00000
Paucibacter sp. KCTC 42545	1768242	S	2996	143	3139	0.00002
Roseateles sp. DAIF2	2714952	S	1738	145	1883	0.00001
Roseateles sp.	1971397	S	1269	103	1372	0.00001
Roseateles sp. SL47	2995138	S	1244	71	1315	0.00001
Roseateles sp. MS654	3412685	S	1183	92	1275	0.00001
Roseateles sp. So40a	3400226	S	777	104	881	0.00001
Mitsuaria sp. 7	1658665	S	650	206	856	0.00001
Roseateles sp. UC29_93	3350177	S	334	378	712	0.00001
Roseateles sp. L2-2	3422597	S	40	385	425	0.00000
Roseateles depolymerans	76731	S	2280	138	2418	0.00002
Paucibacter sediminis	3019553	S	1915	155	2070	0.00002
Kinneretia aquatilis	2070761	S	1779	125	1904	0.00001
Roseateles amylovorans	2978473	S	980	50	1030	0.00001
Roseateles chitinivorans	2917965	S	838	1524	2362	0.00002
Roseateles noduli	2052484	S	124	139	263	0.00000
Piscinibacter gummiphilus	946333	S	4810	183	4993	0.00004
Piscinibacter sakaiensis	1547922	S	1744	16	1760	0.00001
Piscinibacter sp. XHJ-5	3037797	S	1324	25	1349	0.00001
Methylibium sp.	2067992	S	2404	574	2978	0.00002
Methylibium sp. Pch-M	2082386	S	360	419	779	0.00001
Methylibium petroleiphilum	105560	S	720	362	1082	0.00001
Caldimonas thermodepolymerans	215580	S	2098	323	2421	0.00002
Caldimonas brevitalea	413882	S	1347	32	1379	0.00001
Caldimonas aquatica	376175	S	874	85	959	0.00001
Sphaerotilus microaerophilus	2914710	S	1636	112	1748	0.00001
Sphaerotilus natans	34103	S	1044	473	1517	0.00001
Sphaerotilus sulfidivorans	639200	S	1017	396	1413	0.00001
Rubrivivax gelatinosus	28068	S	1896	160	2056	0.00001
Rubrivivax sp. RP6-9	3415750	S	1591	174	1765	0.00001
Ideonella dechloratans	36863	S	3108	341	3449	0.00003
Aquincola tertiaricarbonis	391953	S	3082	666	3748	0.00003
Leptothrix cholodnii	34029	S	1382	143	1525	0.00001
Inhella inkyongensis	392593	S	1827	88	1915	0.00001
Azohydromonas lata	45677	S	20	0	20	0.00000
Xylophilus rhododendri	2697032	S	3550	88	3638	0.00003
Xylophilus sp. GOD-11R	3089814	S	3174	61	3235	0.00002
Thiomonas sp. X19	1050370	S	1577	565	2142	0.00002
Thiomonas intermedia	926	S	1092	118	1210	0.00001
Thiomonas arsenitoxydans	426114	S	275	761	1036	0.00001
Aquabacterium sp. J223	2898431	S	1725	31	1756	0.00001
Aquabacterium sp. OR-4	2978127	S	676	1	677	0.00000
Aquabacterium olei	1296669	S	1034	21	1055	0.00001
Tepidimonas sp. HKU77	3414503	S	172	269	441	0.00000
Tepidimonas sp. HKU79	3414505	S	136	733	869	0.00001
Tepidimonas sp. HKU78	3414504	S	111	617	728	0.00001
Tepidimonas taiwanensis	307486	S	1439	50	1489	0.00001
Rhizobacter fulvus	363843	S	1636	30	1666	0.00001
Rhizobacter sp. AJA081-3	2753607	S	1075	19	1094	0.00001
Piscinibacterium candidicorallinum	1793872	S	1469	4	1473	0.00001
Eleftheria terrae	1597781	S	1062	11	1073	0.00001
Candidatus Ichthyocystis hellenicum	1561003	S	109	0	109	0.00000
Sutterella wadsworthensis	40545	S	402	4	406	0.00000
Sutterella megalosphaeroides	2494234	S	297	3	300	0.00000
Sutterella faecalis	2584944	S	111	1	112	0.00000
Turicimonas muris	1796652	S	175	0	175	0.00000
Duodenibacillus massiliensis	1852381	S	167	1	168	0.00000
Neisseria sp. CCUG12390	3392035	S	369	14	383	0.00000
Neisseria sp. 23W00296	3373603	S	133	95	228	0.00000
Neisseria sp. CCUG17229	3392036	S	132	25	157	0.00000
Neisseria sp. Ec49-e6-T10	3140744	S	131	1	132	0.00000
Neisseria sp. KEM232	655307	S	66	42	108	0.00000
Neisseria sp. oral taxon 014	641148	S	30	6	36	0.00000
Neisseria sp. Marseille-Q6792	2937985	S	23	19	42	0.00000
Neisseria sp. Dent CA1/247	2912675	S	16	4	20	0.00000
Neisseria leonii	2995413	S	780	30	810	0.00001
Neisseria shayeganii	607712	S	624	41	665	0.00000
Neisseria wadsworthii	607711	S	525	53	578	0.00000
Neisseria elongata	495	S	490	111	601	0.00000
Neisseria animaloris	326522	S	396	49	445	0.00000
Neisseria zalophi	640030	S	383	16	399	0.00000
Neisseria chenwenguii	1853278	S	329	16	345	0.00000
Neisseria dumasiana	1931275	S	274	56	330	0.00000
Neisseria meningitidis	487	S	269	825	1094	0.00001
Neisseria arctica	1470200	S	264	11	275	0.00000
Neisseria lisongii	2912188	S	236	15	251	0.00000
Neisseria zoodegmatis	326523	S	227	89	316	0.00000
Neisseria dentiae	194197	S	215	7	222	0.00000
Neisseria yangbaofengii	2709396	S	193	10	203	0.00000
Neisseria subflava	28449	S	173	114	287	0.00000
Neisseria weaveri	28091	S	108	14	122	0.00000
Neisseria animalis	492	S	80	10	90	0.00000
Neisseria sicca	490	S	78	132	210	0.00000
Neisseria canis	493	S	73	9	82	0.00000
Neisseria weixii	1853276	S	68	3	71	0.00000
Neisseria cinerea	483	S	60	22	82	0.00000
Neisseria bacilliformis	267212	S	59	6	65	0.00000
Neisseria lactamica	486	S	37	25	62	0.00000
Neisseria musculi	1815583	S	30	0	30	0.00000
Neisseria mucosa	488	S	24	57	81	0.00000
Neisseria gonorrhoeae	485	S	24	262	286	0.00000
Neisseria macacae	496	S	19	26	45	0.00000
Neisseria brasiliensis	2666100	S	19	3	22	0.00000
Neisseria flavescens	484	S	15	8	23	0.00000
Vitreoscilla filiformis	63	S	2496	39	2535	0.00002
Vitreoscilla massiliensis	1689272	S	1459	48	1507	0.00001
Vitreoscilla stercoraria	61	S	70	234	304	0.00000
Vitreoscilla sp. C1	96942	S	10	38	48	0.00000
Kingella oralis	505	S	618	52	670	0.00000
Kingella potus	265175	S	294	12	306	0.00000
Kingella negevensis	1522312	S	277	20	297	0.00000
Kingella kingae	504	S	268	20	288	0.00000
Kingella denitrificans	502	S	120	27	147	0.00000
Uruburuella testudinis	1282863	S	656	81	737	0.00001
Uruburuella suis	252130	S	433	47	480	0.00000
Paralysiella testudinis	2809020	S	1092	39	1131	0.00001
Eikenella exigua	2528037	S	431	130	561	0.00000
Eikenella sp. KCOM 3110	3682651	S	171	100	271	0.00000
Eikenella corrodens	539	S	70	42	112	0.00000
Eikenella halliae	1795832	S	18	12	30	0.00000
Snodgrassella alvi	1196083	S	554	23	577	0.00000
Snodgrassella communis	2946699	S	212	11	223	0.00000
Alysiella crassa	153491	S	274	20	294	0.00000
Alysiella filiformis	194196	S	135	9	144	0.00000
Conchiformibius kuhniae	211502	S	182	7	189	0.00000
Conchiformibius steedae	153493	S	157	7	164	0.00000
Simonsiella muelleri	72	S	244	14	258	0.00000
Bergeriella denitrificans	494	S	231	36	267	0.00000
Crenobacter cavernae	2290923	S	223	19	242	0.00000
Wielerella bovis	2917790	S	133	7	140	0.00000
Morococcus cerebrosus	1056807	S	33	221	254	0.00000
Aquella oligotrophica	2067065	S	21	0	21	0.00000
Chromobacterium sp. Beijing	2735795	S	467	1319	1786	0.00001
Chromobacterium sp. ATCC 53434	2059672	S	388	89	477	0.00000
Chromobacterium sp. IIBBL 290-4	2953890	S	320	51	371	0.00000
Chromobacterium sp. CV08	3133274	S	117	31	148	0.00000
Chromobacterium violaceum	536	S	1288	433	1721	0.00001
Chromobacterium subtsugae	251747	S	610	115	725	0.00001
Chromobacterium paludis	2605945	S	566	139	705	0.00001
Chromobacterium phragmitis	2202141	S	548	137	685	0.00000
Chromobacterium amazonense	1382803	S	420	65	485	0.00000
Chromobacterium piscinae	686831	S	338	286	624	0.00000
Chromobacterium vaccinii	1108595	S	293	172	465	0.00000
Chromobacterium rhizoryzae	1778675	S	108	782	890	0.00001
Chromobacterium haemolyticum	394935	S	38	514	552	0.00000
Aquitalea denitrificans	519081	S	1154	437	1591	0.00001
Aquitalea magnusonii	332411	S	692	311	1003	0.00001
Aquitalea sp. USM4	1590041	S	562	230	792	0.00001
Aquitalea aquatilis	1537400	S	342	68	410	0.00000
Vogesella sp. XCS3	2877939	S	1257	136	1393	0.00001
Vogesella sp. LIG4	1192162	S	997	50	1047	0.00001
Paludibacterium yongneupense	400061	S	1034	54	1088	0.00001
Paludibacterium paludis	1225769	S	178	10	188	0.00000
Paludibacterium flexuosum	3112107	S	108	529	637	0.00000
Paludibacterium sp. B53371	2806263	S	54	265	319	0.00000
Pseudogulbenkiania sp. NH8B	748280	S	600	61	661	0.00000
Chitinibacter mangrovi	3153927	S	995	43	1038	0.00001
Chitinibacter sp. S2-10	3373597	S	503	17	520	0.00000
Chitinibacter sp. SCUT-21	2970891	S	90	3	93	0.00000
Chitinibacter bivalviorum	2739434	S	393	27	420	0.00000
Chitinibacter fontanus	1737446	S	263	11	274	0.00000
Jeongeupia sp. HS-3	1009682	S	809	17	826	0.00001
Jeongeupia sp. USM3	1906741	S	744	17	761	0.00001
Jeongeupia wiesaeckerbachi	3051218	S	623	15	638	0.00000
Chitinimonas arctica	2594795	S	667	7	674	0.00000
Chitinimonas koreensis	356302	S	580	8	588	0.00000
Deefgea piscis	2739061	S	990	18	1008	0.00001
Deefgea tanakiae	2865840	S	241	5	246	0.00000
Chitinolyticbacter meiyuanensis	682798	S	951	8	959	0.00001
Chitiniphilus eburneus	2571148	S	569	5	574	0.00000
Chitiniphilus purpureus	2981137	S	342	9	351	0.00000
Silvimonas soli	2980100	S	662	2	664	0.00000
Iodobacter fluviatilis	537	S	427	8	435	0.00000
Iodobacter ciconiae	2496266	S	181	4	185	0.00000
Chitinirhabdus sediminis	3456123	S	388	6	394	0.00000
Aquaspirillum sp. LM1	1938604	S	1511	53	1564	0.00001
Laribacter hongkongensis	168471	S	1053	94	1147	0.00001
Microvirgula aerodenitrificans	57480	S	670	20	690	0.00001
Thauera butanivorans	86174	S	1559	124	1683	0.00001
Thauera sp. WB-2	2897772	S	832	113	945	0.00001
Thauera sp. GDN1	2944810	S	280	45	325	0.00000
Thauera sp. JM12B12	3142262	S	129	15	144	0.00000
Thauera humireducens	1134435	S	1018	146	1164	0.00001
Thauera sinica	2665146	S	799	202	1001	0.00001
Thauera aminoaromatica	164330	S	418	85	503	0.00000
Thauera chlorobenzoica	96773	S	403	135	538	0.00000
Thauera aromatica	59405	S	356	85	441	0.00000
Azoarcus sp. DD4	2027405	S	913	203	1116	0.00001
Azoarcus sp. CIB	198107	S	912	127	1039	0.00001
Azoarcus sp. DN11	356837	S	543	45	588	0.00000
Azoarcus sp. KH32C	748247	S	519	11	530	0.00000
Azoarcus olearius	418699	S	607	81	688	0.00001
Nitrogeniibacter aestuarii	2815343	S	849	9	858	0.00001
Nitrogeniibacter mangrovi	2016596	S	501	10	511	0.00000
Parazoarcus communis	41977	S	1005	43	1048	0.00001
Pseudazoarcus pumilus	2067960	S	536	10	546	0.00000
Pseudothauera hydrothermalis	2184083	S	329	13	342	0.00000
Aromatoleum toluolicum	90060	S	2210	36441	38651	0.00028
Aromatoleum evansii	59406	S	871	101	972	0.00001
Aromatoleum aromaticum	551760	S	757	147	904	0.00001
Aromatoleum petrolei	76116	S	422	56	478	0.00000
Aromatoleum bremense	76115	S	90	17	107	0.00000
Azospira sp. I09	1765049	S	516	511	1027	0.00001
Azospira sp. APE16	3394231	S	253	389	642	0.00000
Azospira inquinata	2785627	S	574	9	583	0.00000
Azospira restricta	404405	S	457	28	485	0.00000
Azospira oryzae	146939	S	174	296	470	0.00000
Niveibacterium microcysteis	2811415	S	879	4	883	0.00001
Niveibacterium sp. SC-1	3135646	S	754	3	757	0.00001
Niveibacterium terrae	3373598	S	281	1	282	0.00000
Oryzomicrobium terrae	1735038	S	1115	16	1131	0.00001
Dechloromonas sp. ARDL1	3322121	S	1143	68	1211	0.00001
Dechloromonas sp. A34	447588	S	783	22	805	0.00001
Dechloromonas sp. HYN0024	2231055	S	292	12	304	0.00000
Dechloromonas sp. TW-R-39-2	2654218	S	189	62	251	0.00000
Dechloromonas denitrificans	281362	S	701	447	1148	0.00001
Dechloromonas aquae	2664436	S	491	9	500	0.00000
Ferribacterium limneticum	76259	S	1580	44	1624	0.00001
Azonexus sp. IMCC34839	3133695	S	547	16	563	0.00000
Azonexus sp. IMCC34842	3420950	S	206	332	538	0.00000
Azonexus hydrophilus	418702	S	728	122	850	0.00001
Quatrionicoccus australiensis	138118	S	718	56	774	0.00001
Fluviibacter phosphoraccumulans	1751046	S	563	5	568	0.00000
Methylophilus sp. TWE2	1662285	S	568	299	867	0.00001
Methylophilus sp. DW102	3095607	S	287	43	330	0.00000
Methylophilus methylotrophus	17	S	377	204	581	0.00000
Methylophilus medardicus	2588534	S	226	15	241	0.00000
Methylovorus sp. MP688	887061	S	217	348	565	0.00000
Methylovorus sp. SPW-M1	3468960	S	92	138	230	0.00000
Methylovorus glucosotrophus	266009	S	122	168	290	0.00000
Methylobacillus flagellatus	405	S	664	33	697	0.00001
Candidatus Methylopumilus universalis	2588536	S	305	82	387	0.00000
Candidatus Methylopumilus turicensis	1581680	S	54	4	58	0.00000
Candidatus Methylopumilus rimovensis	2588535	S	41	0	41	0.00000
Candidatus Methylopumilus planktonicus	1581557	S	30	7	37	0.00000
Methylotenera versatilis	1055487	S	220	12	232	0.00000
Methylotenera mobilis	359408	S	186	10	196	0.00000
Methyloradius palustris	2778876	S	257	11	268	0.00000
Methyloversatilis sp.	2569862	S	687	80	767	0.00001
Methyloversatilis sp. RAC08	1842540	S	340	40	380	0.00000
Sulfuricystis multivorans	2211108	S	457	26	483	0.00000
Sulfuricystis thermophila	2496847	S	362	36	398	0.00000
Rugosibacter aromaticivorans	1565605	S	681	13	694	0.00001
Denitratisoma oestradiolicum	311182	S	347	6	353	0.00000
Denitratisoma sp. DHT3	1981880	S	254	22	276	0.00000
Sterolibacterium denitrificans	157592	S	514	6	520	0.00000
Sulfuritalea hydrogenivorans	748811	S	435	5	440	0.00000
Ferrigenium straubiae	2919506	S	451	19	470	0.00000
Ferrigenium kumadai	1682490	S	225	12	237	0.00000
Sideroxydans lithotrophicus	63745	S	482	22	504	0.00000
Sideroxydans sp. CL21	2600596	S	201	5	206	0.00000
Candidatus Nitrotoga arctica	453162	S	256	11	267	0.00000
Candidatus Nitrotoga sp. AM1P	2559597	S	208	9	217	0.00000
Gallionella capsiferriformans	370405	S	462	17	479	0.00000
Sideroxyarcus emersonii	2764705	S	230	12	242	0.00000
Ferriphaselus amnicola	1188319	S	167	5	172	0.00000
Thiobacillus denitrificans	36861	S	749	39	788	0.00001
Thiobacillus sedimenti	3110231	S	554	43	597	0.00000
Thiobacillus sp.	924	S	548	39	587	0.00000
Sulfuritortus calidifontis	1914471	S	497	60	557	0.00000
Nitrosomonas sp. sh817	3070658	S	277	5	282	0.00000
Nitrosomonas sp. Is79A3	261292	S	238	1	239	0.00000
Nitrosomonas sp. wSCUT-2	3470775	S	109	2	111	0.00000
Nitrosomonas sp. H1_AOB3	2741553	S	97	110	207	0.00000
Nitrosomonas sp.	42353	S	45	0	45	0.00000
Nitrosomonas eutropha	916	S	221	3	224	0.00000
Nitrosomonas europaea	915	S	116	61	177	0.00000
Nitrosomonas ureae	44577	S	100	0	100	0.00000
Nitrosospira lacus	1288494	S	279	2	281	0.00000
Nitrosospira sp. Is2	3080532	S	133	1	134	0.00000
Nitrosospira sp. NRS527	155925	S	37	25	62	0.00000
Nitrosospira briensis	35799	S	155	117	272	0.00000
Nitrosospira multiformis	1231	S	71	0	71	0.00000
Sulfuriferula sp. GW1	3345111	S	577	8	585	0.00000
Sulfuriferula sp. AH1	1985873	S	305	6	311	0.00000
Sulfuriferula plumbiphila	171865	S	606	11	617	0.00000
Sulfuriferula nivalis	2675298	S	84	1	85	0.00000
Sulfurimicrobium lacus	2715678	S	366	4	370	0.00000
Sulfuricella denitrificans	649841	S	172	2	174	0.00000
Usitatibacter rugosus	2732067	S	562	4	566	0.00000
Usitatibacter palustris	2732487	S	270	2	272	0.00000
Chitinivorax sp. PXF-14	3230488	S	704	8	712	0.00001
Candidatus Accumulibacter phosphatis	327160	S	685	4	689	0.00001
Casimicrobium huifangae	2591109	S	514	6	520	0.00000
Candidatus Kinetoplastidibacterium galati	994695	S	252	42	294	0.00000
Candidatus Kinetoplastidibacterium stringomonadis	994696	S	84	10	94	0.00000
Candidatus Kinetoplastidibacterium desouzai	994692	S	41	4	45	0.00000
Candidatus Kinetoplastidibacterium kentomonadis	1576550	S	20	0	20	0.00000
Candidatus Profftella armatura	669502	S	138	2	140	0.00000
Candidatus Vidania fulgoroideorum	881286	S	77	1	78	0.00000
Candidatus Nasuia deltocephalincola	1160784	S	15	0	15	0.00000
Ferrovum myxofaciens	416213	S	273	0	273	0.00000
Brucella pseudogrignonensis	419475	S	2407887	250826	2658713	0.01935
Brucella pituitosa	571256	S	680118	22813	702931	0.00512
Brucella sp. BE17	3142977	S	17604	114	17718	0.00013
Brucella sp. MAB-22	2986424	S	6875	6065	12940	0.00009
Brucella sp. NM4	3045175	S	4491	30369	34860	0.00025
Brucella sp. 2280	2592625	S	2525	1432	3957	0.00003
Brucella sp. 09RB8471	1149952	S	2068	1067	3135	0.00002
Brucella sp. 458	2821140	S	1655	1076	2731	0.00002
Brucella sp. JSBI001	2886044	S	1293	822	2115	0.00002
Brucella sp. 2716	2975052	S	1249	371	1620	0.00001
Brucella sp. 09RB8910	1844051	S	958	307	1265	0.00001
Brucella sp. 10RB9215	1149953	S	924	283	1207	0.00001
Brucella sp. 6810	2769351	S	902	436	1338	0.00001
Brucella sp. BO3	2691913	S	651	288	939	0.00001
Brucella sp. BO2	693750	S	461	260	721	0.00001
Brucella sp. bbatCR03	2942452	S	83	66	149	0.00000
Brucella sp. 2594	2975051	S	10	3288	3298	0.00002
Brucella haematophila	419474	S	46284	3930	50214	0.00037
Brucella intermedia	94625	S	38393	977	39370	0.00029
Brucella anthropi	529	S	31521	23337	54858	0.00040
Brucella pseudintermedia	370111	S	14232	880	15112	0.00011
Brucella vulpis	981386	S	1409	167	1576	0.00001
Brucella inopinata	1218315	S	1091	312	1403	0.00001
Brucella melitensis	29459	S	328	1549	1877	0.00001
Brucella abortus	235	S	281	3683	3964	0.00003
Brucella suis	29461	S	249	1076	1325	0.00001
Brucella pinnipedialis	120576	S	90	1203	1293	0.00001
Brucella canis	36855	S	89	984	1073	0.00001
Brucella ovis	236	S	85	190	275	0.00000
Brucella ceti	120577	S	39	68	107	0.00000
Brucella amazoniensis	2837955	S	10	19	29	0.00000
Ochrobactrum quorumnocens	271865	S	38206	518	38724	0.00028
Ochrobactrum sp. BTU1	2840456	S	15114	1678	16792	0.00012
Ochrobactrum sp. SSR	3045176	S	4036	47585	51621	0.00038
Ochrobactrum sp. LM19	1449781	S	356	18	374	0.00000
Pseudochrobactrum sp. XF203	2879116	S	55226	9534	64760	0.00047
Pseudochrobactrum sp. Wa41.01b-1	2864102	S	49594	7559	57153	0.00042
Pseudochrobactrum sp. MP213Fo	3022250	S	2828	23	2851	0.00002
Pseudochrobactrum algeriensis	2834768	S	21420	2645	24065	0.00018
Pseudochrobactrum asaccharolyticum	354351	S	5584	205	5789	0.00004
Agrobacterium tumefaciens	358	S	78246	26778	105024	0.00076
Agrobacterium fabrum	1176649	S	2084	535	2619	0.00002
Agrobacterium radiobacter	362	S	584	997	1581	0.00001
Agrobacterium genomosp. 6	1183411	S	17	71	88	0.00000
Agrobacterium pusense	648995	S	11307	8202	19509	0.00014
Agrobacterium leguminum	2792015	S	5444	903	6347	0.00005
Agrobacterium vitis	373	S	5392	539	5931	0.00004
Agrobacterium sp. T29	2580515	S	1261	318	1579	0.00001
Agrobacterium sp. rho-13.3	3072980	S	1122	87	1209	0.00001
Agrobacterium sp. 33MFTa1.1	1279031	S	616	1335	1951	0.00001
Agrobacterium sp. El2ro-1b	2969528	S	206	64	270	0.00000
Agrobacterium sp. CGMCC 11546	2579248	S	123	69	192	0.00000
Agrobacterium sp. MA01	2664893	S	96	156	252	0.00000
Agrobacterium sp. RAC06	1842536	S	72	123	195	0.00000
Agrobacterium sp. S7/73	2820002	S	49	160	209	0.00000
Agrobacterium sp. 13-2099-1-2	1841651	S	47	172	219	0.00000
Agrobacterium arsenijevicii	1585697	S	2773	378	3151	0.00002
Agrobacterium rosae	1972867	S	2735	238	2973	0.00002
Agrobacterium larrymoorei	160699	S	2078	71	2149	0.00002
Agrobacterium cucumeris	2862866	S	1739	512	2251	0.00002
Agrobacterium salinitolerans	1183413	S	1253	138	1391	0.00001
Agrobacterium vaccinii	2735528	S	1215	23	1238	0.00001
Agrobacterium rubi	28099	S	830	136	966	0.00001
Agrobacterium deltae	1183412	S	382	1692	2074	0.00002
Rhizobium sp. X9	2815360	S	8821	5417	14238	0.00010
Rhizobium sp. SL42	2806346	S	1737	26	1763	0.00001
Rhizobium sp. KDH_Rht_773_N	3465510	S	1096	17	1113	0.00001
Rhizobium sp. 32-5/1	3019602	S	1038	17	1055	0.00001
Rhizobium sp. SYY.PMSO	3382192	S	1038	13	1051	0.00001
Rhizobium sp. AB2/73	2795216	S	1033	179	1212	0.00001
Rhizobium sp. WL3	2603277	S	977	38	1015	0.00001
Rhizobium sp. TH2	2775403	S	973	4	977	0.00001
Rhizobium sp. SSA_523	2952477	S	944	17	961	0.00001
Rhizobium sp. CB3171	3039157	S	817	786	1603	0.00001
Rhizobium sp. YTU87027	3417741	S	809	101	910	0.00001
Rhizobium sp. L51/94	2819999	S	773	2596	3369	0.00002
Rhizobium sp. WW22	3389070	S	750	36	786	0.00001
Rhizobium sp. ZX09	2291939	S	682	1275	1957	0.00001
Rhizobium sp. CB3090	3039156	S	638	28	666	0.00000
Rhizobium sp. F40D2	3453141	S	603	78	681	0.00000
Rhizobium sp. Pop5	1223565	S	594	78	672	0.00000
Rhizobium sp. BG4	2613770	S	589	171	760	0.00001
Rhizobium sp. CB3060	3138255	S	491	1810	2301	0.00002
Rhizobium sp. K102	2918527	S	484	169	653	0.00000
Rhizobium sp. 11515TR	2028343	S	451	15	466	0.00000
Rhizobium sp. Rhizsp82	3243057	S	380	115	495	0.00000
Rhizobium sp. PAMB 3174	3463630	S	377	133	510	0.00000
Rhizobium sp. NZLR1	2731096	S	349	34	383	0.00000
Rhizobium sp. CIAT894	2020312	S	342	51	393	0.00000
Rhizobium sp. C104	2917727	S	325	100	425	0.00000
Rhizobium sp. BT03	3045156	S	256	73	329	0.00000
Rhizobium sp. NXC24	2048897	S	251	728	979	0.00001
Rhizobium sp. YTUHZ044	2962678	S	238	826	1064	0.00001
Rhizobium sp. WYJ-E13	2849093	S	217	239	456	0.00000
Rhizobium sp. PAMB 3182	3463631	S	217	76	293	0.00000
Rhizobium sp. BT04	3045157	S	212	193	405	0.00000
Rhizobium sp. NXC14	1981173	S	212	98	310	0.00000
Rhizobium sp. TRM95796	2979862	S	167	2	169	0.00000
Rhizobium sp. ZK1	3389872	S	156	239	395	0.00000
Rhizobium sp. CCGE 510	1132836	S	154	18	172	0.00000
Rhizobium sp. YTUHZ045	2962888	S	110	65	175	0.00000
Rhizobium sp. Kim5	2020311	S	93	159	252	0.00000
Rhizobium sp. B230/85	2819994	S	77	462	539	0.00000
Rhizobium sp. TRM96650	2979863	S	68	1	69	0.00000
Rhizobium sp. TAL182	2020313	S	67	95	162	0.00000
Rhizobium sp. CC1099	3039160	S	63	84	147	0.00000
Rhizobium sp. 007	2785056	S	59	57	116	0.00000
Rhizobium sp. SU303	3138065	S	51	74	125	0.00000
Rhizobium sp. WSM1274	3138254	S	46	125	171	0.00000
Rhizobium sp. NLR16a	2731112	S	33	123	156	0.00000
Rhizobium sp. WSM4643	3138253	S	31	46	77	0.00000
Rhizobium sp. TRM96647	2979861	S	19	0	19	0.00000
Rhizobium sp. SRDI969	3138252	S	17	98	115	0.00000
Rhizobium sp. RCAM05350	2895568	S	11	0	11	0.00000
Rhizobium oryzihabitans	2267833	S	6852	5737	12589	0.00009
Rhizobium leguminosarum	384	S	5986	4518	10504	0.00008
Rhizobium rhizogenes	359	S	2347	542	2889	0.00002
Rhizobium bangladeshense	1138189	S	1398	64	1462	0.00001
Rhizobium phaseoli	396	S	1341	266	1607	0.00001
Rhizobium etli	29449	S	1232	245	1477	0.00001
Rhizobium gallicum	56730	S	1232	519	1751	0.00001
Rhizobium cremeum	2813827	S	1077	20	1097	0.00001
Rhizobium ruizarguesonis	2081791	S	1030	291	1321	0.00001
Rhizobium jaguaris	1312183	S	1024	10	1034	0.00001
Rhizobium sullae	50338	S	935	23	958	0.00001
Rhizobium tumorigenes	2041385	S	846	119	965	0.00001
Rhizobium tropici	398	S	835	700	1535	0.00001
Rhizobium binae	1138190	S	657	100	757	0.00001
Rhizobium lusitanum	293958	S	632	6	638	0.00000
Rhizobium hidalgonense	1538159	S	566	36	602	0.00000
Rhizobium lentis	1138194	S	535	47	582	0.00000
Rhizobium rosettiformans	1368430	S	506	58	564	0.00000
Rhizobium croatiense	2867516	S	324	75	399	0.00000
Rhizobium johnstonii	3019933	S	319	2344	2663	0.00002
Rhizobium indigoferae	158891	S	266	475	741	0.00001
Rhizobium grahamii	1120045	S	248	2	250	0.00000
Rhizobium anhuiense	1184720	S	217	31	248	0.00000
Rhizobium acidisoli	1538158	S	211	62	273	0.00000
Rhizobium indicum	2583231	S	161	49	210	0.00000
Rhizobium brockwellii	3019932	S	130	441	571	0.00000
Rhizobium beringeri	3019934	S	59	302	361	0.00000
Rhizobium favelukesii	348824	S	30	943	973	0.00001
Rhizobium laguerreae	1076926	S	30	22	52	0.00000
Rhizobium sophoriradicis	1535245	S	26	36	62	0.00000
Rhizobium binxianense	3024242	S	24	38	62	0.00000
Rhizobium freirei	1353277	S	14	15	29	0.00000
Neorhizobium sp. NCHU2750	1825976	S	1726	155	1881	0.00001
Neorhizobium sp. SOG26	2060726	S	1156	23	1179	0.00001
Neorhizobium sp. CSC1952	2978974	S	978	80	1058	0.00001
Neorhizobium sp. EC2-8	3129230	S	364	23	387	0.00000
Neorhizobium sp. DAR64860/K0K1	3421955	S	318	830	1148	0.00001
Neorhizobium sp. DAR64872/K0K18	3421958	S	171	416	587	0.00000
Neorhizobium galegae	399	S	2421	95	2516	0.00002
Neorhizobium petrolearium	515361	S	1598	101	1699	0.00001
Pararhizobium sp. A13	3133975	S	1505	37	1542	0.00001
Pararhizobium sp. O133	3449278	S	1388	306	1694	0.00001
Pararhizobium sp. IMCC3301	3067904	S	942	15	957	0.00001
Pararhizobium sp. IMCC21322	3067903	S	736	14	750	0.00001
Pararhizobium qamdonense	3031126	S	2821	102	2923	0.00002
Pararhizobium gei	1395951	S	992	31	1023	0.00001
Pararhizobium polonicum	1612624	S	79	17	96	0.00000
Pseudorhizobium banfieldiae	1125847	S	1298	79	1377	0.00001
Allorhizobium ampelinum	3025782	S	161	111	272	0.00000
Shinella sumterensis	1967501	S	11470	3463	14933	0.00011
Shinella zoogloeoides	352475	S	7766	2165	9931	0.00007
Shinella sp. HZN7	879274	S	2004	1262	3266	0.00002
Shinella sp. PSBB067	2715959	S	1458	498	1956	0.00001
Shinella sp. H4-D48	2925841	S	956	190	1146	0.00001
Shinella oryzae	2871820	S	4968	629	5597	0.00004
Shinella yambaruensis	415996	S	865	509	1374	0.00001
Shinella sedimenti	2919913	S	582	173	755	0.00001
Sinorhizobium fredii	380	S	2590	820	3410	0.00002
Sinorhizobium sp. RAC02	1842534	S	904	23	927	0.00001
Sinorhizobium sp. BG8	2613773	S	653	10	663	0.00000
Sinorhizobium sp. CCBAU 05631	794846	S	550	911	1461	0.00001
Sinorhizobium sp. M14	430451	S	21	28	49	0.00000
Sinorhizobium sp. LM21	1449788	S	11	0	11	0.00000
Sinorhizobium meliloti	382	S	1465	1355	2820	0.00002
Sinorhizobium chiapasense	501572	S	1088	64	1152	0.00001
Sinorhizobium alkalisoli	1752398	S	1020	102	1122	0.00001
Sinorhizobium medicae	110321	S	1016	452	1468	0.00001
Sinorhizobium garamanticum	680247	S	855	42	897	0.00001
Sinorhizobium mexicanum	375549	S	769	25	794	0.00001
Sinorhizobium americanum	194963	S	485	43	528	0.00000
Sinorhizobium sojae	716925	S	469	100	569	0.00000
Sinorhizobium numidicum	680248	S	429	18	447	0.00000
Sinorhizobium terangae	110322	S	250	7	257	0.00000
Sinorhizobium prairiense	2976820	S	125	64	189	0.00000
Sinorhizobium kummerowiae	158892	S	72	247	319	0.00000
Ensifer adhaerens	106592	S	4052	506	4558	0.00003
Ensifer sp. PDNC004	2811423	S	1001	239	1240	0.00001
Ensifer sp. R-19	3404055	S	859	112	971	0.00001
Ensifer sp. WSM1721	1041159	S	352	66	418	0.00000
Ensifer canadensis	555315	S	836	186	1022	0.00001
Ensifer aridi	1708715	S	352	74	426	0.00000
Affinirhizobium rhizoryzae	451876	S	4231	178	4409	0.00003
Affinirhizobium pseudoryzae	379684	S	940	49	989	0.00001
Hoeflea sp.	1940281	S	1494	65	1559	0.00001
Hoeflea sp. Naph1	3388653	S	1051	122	1173	0.00001
Hoeflea sp. IMCC20628	1620421	S	1048	107	1155	0.00001
Hoeflea phototrophica	244596	S	625	60	685	0.00000
Hoeflea alexandrii	288436	S	436	9	445	0.00000
Paenirhizobium daejeonense	240521	S	1478	260	1738	0.00001
Paenirhizobium selenitireducens	448181	S	21	97	118	0.00000
Peteryoungia algae	2919917	S	756	26	782	0.00001
Peteryoungia desertarenae	1813451	S	415	8	423	0.00000
Terrirhizobium terrae	2926709	S	1083	31	1114	0.00001
Georhizobium profundi	2341112	S	581	254	835	0.00001
Georhizobium sp. MAB10	3028319	S	121	52	173	0.00000
Ciceribacter thiooxidans	1969821	S	548	8	556	0.00000
Lentilitoribacter sp. Alg239-R112	2305987	S	272	0	272	0.00000
Candidatus Liberibacter solanacearum	556287	S	116	0	116	0.00000
Liberibacter crescens	1273132	S	51	0	51	0.00000
Candidatus Liberibacter asiaticus	34021	S	19	1	20	0.00000
Xanthobacter sp. ZOL 2024	3464953	S	64314	4734	69048	0.00050
Xanthobacter sp. YC-JY1	2419844	S	10807	9916	20723	0.00015
Xanthobacter dioxanivorans	2528964	S	32517	17340	49857	0.00036
Xanthobacter autotrophicus	280	S	11280	11682	22962	0.00017
Ancylobacter sp.	1872567	S	5390	494	5884	0.00004
Ancylobacter sp. TS-1	1850374	S	4126	592	4718	0.00003
Ancylobacter sp. SL191	2995166	S	2879	1881	4760	0.00003
Ancylobacter sp. WKF20	3039801	S	2057	1372	3429	0.00002
Ancylobacter sp. IITR112	3138073	S	150	444	594	0.00000
Ancylobacter pratisalsi	1745854	S	5348	954	6302	0.00005
Ancylobacter polymorphus	223390	S	4893	4274	9167	0.00007
Ancylobacter novellus	921	S	3658	462	4120	0.00003
Aquabacter sp. L1I39	2820278	S	25166	351	25517	0.00019
Azorhizobium caulinodans	7	S	20603	760	21363	0.00016
Labrys okinawensis	346911	S	2813	161	2974	0.00002
Labrys sp. KNU-23	2789216	S	2374	151	2525	0.00002
Labrys miyagiensis	346912	S	883	114	997	0.00001
Starkeya sp. ORNL1	2709380	S	5178	121	5299	0.00004
Pseudolabrys taiwanensis	331696	S	1307	82	1389	0.00001
Pseudolabrys sp. FHR47	2562284	S	797	33	830	0.00001
Devosia sp. SL43	2806348	S	12790	1254	14044	0.00010
Devosia sp.	1871048	S	10529	909	11438	0.00008
Devosia sp. J2-20	3026161	S	10083	964	11047	0.00008
Devosia sp. SD17-2	2976459	S	8488	4037	12525	0.00009
Devosia sp. YIM 151766	3017325	S	7492	815	8307	0.00006
Devosia sp. FJ2-5-3	2976680	S	7179	2008	9187	0.00007
Devosia sp. I507	2083786	S	7044	3705	10749	0.00008
Devosia sp. 1566	2499144	S	5811	524	6335	0.00005
Devosia sp. XK-2	3126689	S	5630	745	6375	0.00005
Devosia sp. MC521	2759954	S	4312	1410	5722	0.00004
Devosia sp. A16	1736675	S	2639	184	2823	0.00002
Devosia sp. CN2-171	3400909	S	2572	117	2689	0.00002
Devosia ginsengisoli	400770	S	16021	1455	17476	0.00013
Devosia neptuniae	191302	S	14636	977	15613	0.00011
Devosia lacusdianchii	2917991	S	13913	1268	15181	0.00011
Devosia oryziradicis	2801335	S	10598	1046	11644	0.00008
Devosia beringensis	2657486	S	9508	909	10417	0.00008
Devosia salina	2860336	S	6640	4308	10948	0.00008
Devosia rhizoryzae	2774137	S	5877	255	6132	0.00004
Devosia rhizosphaerae	3049774	S	5372	302	5674	0.00004
Devosia polycyclovorans	3345148	S	4101	1151	5252	0.00004
Devosia rhodophyticola	3026423	S	1812	396	2208	0.00002
Devosia algicola	3026418	S	1463	280	1743	0.00001
Pelagibacterium sp.	1967288	S	1020	254	1274	0.00001
Pelagibacterium sp. 26DY04	2967130	S	879	866	1745	0.00001
Pelagibacterium sp. H642	1881069	S	583	391	974	0.00001
Pelagibacterium nitratireducens	1046114	S	2338	610	2948	0.00002
Pelagibacterium halotolerans	531813	S	2314	162	2476	0.00002
Pelagibacterium flavum	2984530	S	1030	157	1187	0.00001
Paradevosia shaoguanensis	1335043	S	3466	384	3850	0.00003
Paradevosia tibetensis	1447062	S	2721	145	2866	0.00002
Mariluticola halotolerans	2909283	S	1216	6	1222	0.00001
Maritalea myrionectae	454601	S	372	0	372	0.00000
Bradyrhizobium sp. STM 3557	578920	S	1143	22	1165	0.00001
Bradyrhizobium sp. McL0615	3415673	S	1125	36	1161	0.00001
Bradyrhizobium genosp. L	83637	S	1068	51	1119	0.00001
Bradyrhizobium sp. STM 3562	578924	S	1067	17	1084	0.00001
Bradyrhizobium sp. 186	2782654	S	1058	93	1151	0.00001
Bradyrhizobium sp. NP1	3049772	S	947	18	965	0.00001
Bradyrhizobium sp. WD16	1521768	S	900	23	923	0.00001
Bradyrhizobium sp. 200	2782665	S	821	60	881	0.00001
Bradyrhizobium sp. ORS 285	115808	S	817	30	847	0.00001
Bradyrhizobium sp. SK17	2057741	S	802	154	956	0.00001
Bradyrhizobium sp. ORS 278	114615	S	756	27	783	0.00001
Bradyrhizobium sp. 1(2017)	1404888	S	746	53	799	0.00001
Bradyrhizobium sp. WCU1	3457316	S	731	63	794	0.00001
Bradyrhizobium sp. CB1650	3039153	S	693	42	735	0.00001
Bradyrhizobium sp. McL0616	3415674	S	686	27	713	0.00001
Bradyrhizobium genosp. P	83641	S	681	18	699	0.00001
Bradyrhizobium sp. RDM12	3450174	S	678	47	725	0.00001
Bradyrhizobium sp. CCBAU 051011	858422	S	628	26	654	0.00000
Bradyrhizobium sp. BLXBL-01	3395915	S	613	2003	2616	0.00002
Bradyrhizobium sp. CCBAU 53421	1325120	S	585	66	651	0.00000
Bradyrhizobium sp. 170	2782641	S	576	49	625	0.00000
Bradyrhizobium sp. CCGE-LA001	1223566	S	565	47	612	0.00000
Bradyrhizobium sp. NDS-1	3080014	S	564	44	608	0.00000
Bradyrhizobium sp. CCBAU 51753	1325100	S	533	27	560	0.00000
Bradyrhizobium sp. CB1717	3039154	S	525	79	604	0.00000
Bradyrhizobium sp. 956_D2_N1_4	3240375	S	514	2053	2567	0.00002
Bradyrhizobium sp. Ash2021	2954771	S	490	15	505	0.00000
Bradyrhizobium sp. BLXBL-03	3395916	S	488	26	514	0.00000
Bradyrhizobium sp. CIAT3101	439387	S	482	33	515	0.00000
Bradyrhizobium sp. 930_D9_N1_4	3240374	S	474	29	503	0.00000
Bradyrhizobium sp. CB82	3039159	S	474	22	496	0.00000
Bradyrhizobium sp. CB3481	3039158	S	464	20	484	0.00000
Bradyrhizobium sp. 195	2782662	S	421	45	466	0.00000
Bradyrhizobium sp. 191	2782659	S	412	150	562	0.00000
Bradyrhizobium sp. 62B	2898442	S	408	193	601	0.00000
Bradyrhizobium sp. sBnM-33	2831780	S	401	10	411	0.00000
Bradyrhizobium sp. B120	3410088	S	400	139	539	0.00000
Bradyrhizobium sp. LMG 9283	592064	S	360	31	391	0.00000
Bradyrhizobium sp. B097	3140244	S	352	116	468	0.00000
Bradyrhizobium sp. 26S5	3139729	S	331	952	1283	0.00001
Bradyrhizobium sp. Pa8	3386552	S	325	70	395	0.00000
Bradyrhizobium sp. Pha-3	208375	S	298	237	535	0.00000
Bradyrhizobium sp. 41S5	1404443	S	295	92	387	0.00000
Bradyrhizobium sp. RDM4	3378765	S	279	324	603	0.00000
Bradyrhizobium sp. T-1	3680192	S	268	57	325	0.00000
Bradyrhizobium sp. B124	3140245	S	260	85	345	0.00000
Bradyrhizobium sp. A11	3133974	S	254	112	366	0.00000
Bradyrhizobium genosp. A	83626	S	240	16	256	0.00000
Bradyrhizobium sp. CCBAU 53340	1325112	S	240	54	294	0.00000
Bradyrhizobium sp. BEA-2-5	3080015	S	224	143	367	0.00000
Bradyrhizobium sp. ORS 86	1685970	S	219	74	293	0.00000
Bradyrhizobium sp. 6(2017)	1197460	S	218	103	321	0.00000
Bradyrhizobium sp. A5	3133696	S	215	35	250	0.00000
Bradyrhizobium sp. BWA-3-5	3080013	S	214	8	222	0.00000
Bradyrhizobium sp. 27S5	3139728	S	204	608	812	0.00001
Bradyrhizobium sp. 4	2782678	S	202	270	472	0.00000
Bradyrhizobium sp. TM102	2599819	S	194	620	814	0.00001
Bradyrhizobium sp. CCBAU 51765	1325102	S	192	70	262	0.00000
Bradyrhizobium sp. BWC-3-1	3080012	S	185	302	487	0.00000
Bradyrhizobium sp. STM 3566	578928	S	181	438	619	0.00000
Bradyrhizobium sp. NC92	55395	S	165	220	385	0.00000
Bradyrhizobium sp. PUT101	3447427	S	165	57	222	0.00000
Bradyrhizobium sp. 187	2782655	S	141	358	499	0.00000
Bradyrhizobium sp. ORS 111	1685958	S	135	44	179	0.00000
Bradyrhizobium sp. ma5	3344828	S	114	21	135	0.00000
Bradyrhizobium sp. YCK136	3351346	S	114	290	404	0.00000
Bradyrhizobium sp. CB1015	2976822	S	114	15	129	0.00000
Bradyrhizobium sp. I71	2590772	S	113	47	160	0.00000
Bradyrhizobium sp.	376	S	107	284	391	0.00000
Bradyrhizobium sp. CCBAU 53351	1325114	S	103	82	185	0.00000
Bradyrhizobium sp. CCBAU 53338	1325111	S	102	81	183	0.00000
Bradyrhizobium sp. CB2312	3039155	S	91	130	221	0.00000
Bradyrhizobium sp. LCT2	2493093	S	89	116	205	0.00000
Bradyrhizobium sp. 8-10B	3344579	S	79	1715	1794	0.00001
Bradyrhizobium sp. vgs-9	208389	S	78	581	659	0.00000
Bradyrhizobium sp. SEMIA	2597515	S	77	254	331	0.00000
Bradyrhizobium sp. CCGUVB23	2949630	S	70	42	112	0.00000
Bradyrhizobium sp. LLZ17	3239388	S	69	92	161	0.00000
Bradyrhizobium sp. C-145	574727	S	69	52	121	0.00000
Bradyrhizobium sp. B025	3344829	S	64	505	569	0.00000
Bradyrhizobium sp. SMVTL-02	3395917	S	60	186	246	0.00000
Bradyrhizobium sp. PMVTL-01	3434999	S	57	124	181	0.00000
Bradyrhizobium sp. B039	3140239	S	49	2433	2482	0.00002
Bradyrhizobium sp. 613_E4_N2_2	3240371	S	49	258	307	0.00000
Bradyrhizobium sp. 192	2782660	S	46	43	89	0.00000
Bradyrhizobium sp. 172	2782643	S	43	306	349	0.00000
Bradyrhizobium sp. CCGUVB1N3	2949629	S	41	49	90	0.00000
Bradyrhizobium sp. BTAi1	288000	S	37	246	283	0.00000
Bradyrhizobium sp. SPXBL-02	3395912	S	33	110	143	0.00000
Bradyrhizobium sp. 2S1	1404429	S	32	69	101	0.00000
Bradyrhizobium sp. STM 3561	578923	S	30	62	92	0.00000
Bradyrhizobium sp. B117	3140246	S	28	39	67	0.00000
Bradyrhizobium sp. 40	2782674	S	27	31	58	0.00000
Bradyrhizobium sp. 521_C7_N1_3	3240368	S	20	40	60	0.00000
Bradyrhizobium sp. WSM471	319017	S	20	25	45	0.00000
Bradyrhizobium sp. WU425	187029	S	12	36	48	0.00000
Bradyrhizobium erythrophlei	1437360	S	2575	36	2611	0.00002
Bradyrhizobium prioriisuperbiae	2854389	S	2185	26	2211	0.00002
Bradyrhizobium sediminis	2840469	S	1400	45	1445	0.00001
Bradyrhizobium diazoefficiens	1355477	S	1247	7526	8773	0.00006
Bradyrhizobium arachidis	858423	S	1150	609	1759	0.00001
Bradyrhizobium cenepequi	2821403	S	1096	18	1114	0.00001
Bradyrhizobium lablabi	722472	S	1040	624	1664	0.00001
Bradyrhizobium ontarionense	2898149	S	999	26	1025	0.00001
Bradyrhizobium oligotrophicum	44255	S	941	23	964	0.00001
Bradyrhizobium canariense	255045	S	885	14	899	0.00001
Bradyrhizobium betae	244734	S	841	490	1331	0.00001
Bradyrhizobium symbiodeficiens	1404367	S	742	242	984	0.00001
Bradyrhizobium elkanii	29448	S	737	1442	2179	0.00002
Bradyrhizobium pachyrhizi	280333	S	716	268	984	0.00001
Bradyrhizobium liaoningense	43992	S	693	128	821	0.00001
Bradyrhizobium roseum	3056648	S	683	18	701	0.00001
Bradyrhizobium brasilense	1419277	S	546	91	637	0.00000
Bradyrhizobium guangdongense	1325090	S	514	116	630	0.00000
Bradyrhizobium huanghuaihaiense	990078	S	511	51	562	0.00000
Bradyrhizobium ganzhouense	1179767	S	497	23	520	0.00000
Bradyrhizobium daqingense	993502	S	484	69	553	0.00000
Bradyrhizobium centrosematis	1300039	S	483	29	512	0.00000
Bradyrhizobium paxllaeri	190148	S	470	16	486	0.00000
Bradyrhizobium barranii	2992140	S	458	566	1024	0.00001
Bradyrhizobium xenonodulans	2736875	S	442	23	465	0.00000
Bradyrhizobium japonicum	375	S	398	526	924	0.00001
Bradyrhizobium guangxiense	1325115	S	384	89	473	0.00000
Bradyrhizobium cosmicum	1404864	S	326	33	359	0.00000
Bradyrhizobium yuanmingense	108015	S	325	256	581	0.00000
Bradyrhizobium icense	1274631	S	304	7	311	0.00000
Bradyrhizobium guangzhouense	1325095	S	279	61	340	0.00000
Bradyrhizobium commune	83627	S	276	9	285	0.00000
Bradyrhizobium ottawaense	931866	S	270	316	586	0.00000
Bradyrhizobium dasycarpae	3341829	S	240	30	270	0.00000
Bradyrhizobium amphicarpaeae	1404768	S	236	18	254	0.00000
Bradyrhizobium quebecense	2748629	S	235	52	287	0.00000
Bradyrhizobium septentrionale	1404411	S	213	54	267	0.00000
Bradyrhizobium lupini	136996	S	111	145	256	0.00000
Bradyrhizobium zhanjiangense	1325107	S	71	33	104	0.00000
Bradyrhizobium denitrificans	2734912	S	36	227	263	0.00000
Bradyrhizobium vignae	1549949	S	22	41	63	0.00000
Rhodopseudomonas palustris	1076	S	6303	978	7281	0.00005
Rhodopseudomonas sp. BAL398	3034676	S	929	126	1055	0.00001
Rhodopseudomonas sp. P1	3434357	S	236	341	577	0.00000
Rhodopseudomonas sp. RCAM05734	3457549	S	113	425	538	0.00000
Rhodopseudomonas sp. P2A-2r	2991972	S	40	139	179	0.00000
Rhodopseudomonas boonkerdii	475937	S	1806	719	2525	0.00002
Tardiphaga sp. 768_D3_N2_1	3240783	S	645	41	686	0.00000
Tardiphaga sp. 866_E4_N1_4	3240766	S	403	439	842	0.00001
Tardiphaga sp. 215_C5_N2_1	3240774	S	253	459	712	0.00001
Tardiphaga sp. 709	3076039	S	206	57	263	0.00000
Tardiphaga sp. 37S4	1404741	S	137	267	404	0.00000
Tardiphaga sp. 42S5	1404799	S	100	81	181	0.00000
Tardiphaga sp. 172_B4_N1_3	3240787	S	86	132	218	0.00000
Tardiphaga sp. 285_C5_N1_2	3240775	S	57	717	774	0.00001
Tardiphaga sp. vice154	2592814	S	54	668	722	0.00001
Tardiphaga sp. 20_F10_N6_6	3240788	S	30	67	97	0.00000
Tardiphaga sp. 71_E8_N1_1	3240784	S	22	197	219	0.00000
Tardiphaga alba	340268	S	1819	83	1902	0.00001
Tardiphaga robiniae	943830	S	57	139	196	0.00000
Afipia carboxidovorans	40137	S	2091	1286	3377	0.00002
Afipia sp. TerB	3450748	S	859	67	926	0.00001
Afipia sp. GAS231	1882747	S	635	238	873	0.00001
Afipia carboxydohydrogena	290	S	810	87	897	0.00001
Nitrobacter sp. TKz-YC01	3398703	S	756	102	858	0.00001
Nitrobacter sp. JJSN	3453033	S	501	52	553	0.00000
Nitrobacter sp. TKz-YC02	3398704	S	428	14	442	0.00000
Nitrobacter hamburgensis	912	S	1076	115	1191	0.00001
Nitrobacter winogradskyi	913	S	460	74	534	0.00000
Rugositalea oryzae	674703	S	1811	12	1823	0.00001
Variibacter gotjawalensis	1333996	S	889	4	893	0.00001
Mesorhizobium sp. ANAO-SY3R2	3166644	S	4157	144	4301	0.00003
Mesorhizobium sp. 8	2584466	S	1518	21	1539	0.00001
Mesorhizobium sp. DCY119	2108445	S	1487	26	1513	0.00001
Mesorhizobium sp. Pch-S	2082387	S	1465	56	1521	0.00001
Mesorhizobium sp. ASY16-5R	3445772	S	1452	12	1464	0.00001
Mesorhizobium sp. INR15	2654248	S	1400	27	1427	0.00001
Mesorhizobium sp. AaZ16	3402289	S	1208	17	1225	0.00001
Mesorhizobium sp. NBSH29	2654249	S	1123	7	1130	0.00001
Mesorhizobium sp. B1-1-8	2589976	S	1107	39	1146	0.00001
Mesorhizobium sp. 113-1-2	2744515	S	1081	510	1591	0.00001
Mesorhizobium sp. 131-2-1	2744518	S	898	469	1367	0.00001
Mesorhizobium sp. 10J20-29	3458246	S	894	9	903	0.00001
Mesorhizobium sp. M3A.F.Ca.ET.080.04.2.1	2493676	S	894	150	1044	0.00001
Mesorhizobium sp. M1D.F.Ca.ET.043.01.1.1	2493669	S	867	410	1277	0.00001
Mesorhizobium sp.	1871066	S	852	26	878	0.00001
Mesorhizobium sp. NZP2077	2483404	S	821	163	984	0.00001
Mesorhizobium sp. ORM8.1	3453665	S	817	41	858	0.00001
Mesorhizobium sp. AR10	2865839	S	799	123	922	0.00001
Mesorhizobium sp. L-8-3	2744522	S	794	2779	3573	0.00003
Mesorhizobium sp. ISC25	3077335	S	778	87	865	0.00001
Mesorhizobium sp. PAMC28654	2880934	S	772	26	798	0.00001
Mesorhizobium sp. M1E.F.Ca.ET.045.02.1.1	2493672	S	716	245	961	0.00001
Mesorhizobium sp. M8A.F.Ca.ET.057.01.1.1	2493679	S	700	148	848	0.00001
Mesorhizobium sp. B4-1-4	2589888	S	690	30	720	0.00001
Mesorhizobium sp. 113-3-3	2744516	S	663	382	1045	0.00001
Mesorhizobium sp. M1B.F.Ca.ET.045.04.1.1	2493673	S	646	119	765	0.00001
Mesorhizobium sp. L-2-11	2744521	S	645	437	1082	0.00001
Mesorhizobium sp. J8	2777475	S	633	41	674	0.00000
Mesorhizobium sp. B2-8-5	2589903	S	597	48	645	0.00000
Mesorhizobium sp. M1A.F.Ca.IN.022.06.1.1	2493680	S	545	110	655	0.00000
Mesorhizobium sp. B2-1-8	2589967	S	524	37	561	0.00000
Mesorhizobium sp. M4B.F.Ca.ET.058.02.1.1	2493675	S	519	107	626	0.00000
Mesorhizobium sp. RIZ17	3132743	S	494	132	626	0.00000
Mesorhizobium sp. M9A.F.Ca.ET.002.03.1.2	2493668	S	491	179	670	0.00000
Mesorhizobium sp. AR07	2865838	S	476	105	581	0.00000
Mesorhizobium sp. M7D.F.Ca.US.005.01.1.1	2493678	S	472	105	577	0.00000
Mesorhizobium sp. L-8-10	2744523	S	458	1557	2015	0.00001
Mesorhizobium sp. AR02	2865837	S	450	120	570	0.00000
Mesorhizobium sp. M2A.F.Ca.ET.043.05.1.1	2493671	S	447	197	644	0.00000
Mesorhizobium sp. WSM4906	3038546	S	428	1304	1732	0.00001
Mesorhizobium sp. AA22	1854057	S	410	44	454	0.00000
Mesorhizobium sp. 131-3-5	2744520	S	387	1161	1548	0.00001
Mesorhizobium sp. 113-3-9	2744517	S	342	262	604	0.00000
Mesorhizobium sp. M7A.F.Ce.TU.012.03.2.1	2493681	S	284	98	382	0.00000
Mesorhizobium sp. NZP2298	2483403	S	269	109	378	0.00000
Mesorhizobium sp. B2-1-1	2589974	S	231	200	431	0.00000
Mesorhizobium sp. M2A.F.Ca.ET.043.02.1.1	2493670	S	208	438	646	0.00000
Mesorhizobium sp. WSM4083	3446363	S	180	58	238	0.00000
Mesorhizobium sp. M2A.F.Ca.ET.046.03.2.1	2493674	S	163	386	549	0.00000
Mesorhizobium sp. C395A	2956832	S	144	725	869	0.00001
Mesorhizobium sp. M6A.T.Cr.TU.016.01.1.1	2493677	S	106	146	252	0.00000
Mesorhizobium sp. C089B	2956823	S	103	597	700	0.00001
Mesorhizobium sp. WSM1497	278153	S	99	357	456	0.00000
Mesorhizobium sp. NZP2234	2483402	S	82	494	576	0.00000
Mesorhizobium sp. WSM4904	3038545	S	77	234	311	0.00000
Mesorhizobium sp. 131-2-5	2744519	S	69	705	774	0.00001
Mesorhizobium sp. C432A	2956836	S	51	340	391	0.00000
Mesorhizobium sp. WSM4875	3038539	S	39	1	40	0.00000
Mesorhizobium sp. C416B	2956834	S	36	256	292	0.00000
Mesorhizobium sp. C120A	2956824	S	23	166	189	0.00000
Mesorhizobium sp. C399B	2956833	S	17	116	133	0.00000
Mesorhizobium amorphae	71433	S	1811	382	2193	0.00002
Mesorhizobium koreense	3074855	S	1148	5	1153	0.00001
Mesorhizobium opportunistum	593909	S	1126	155	1281	0.00001
Mesorhizobium erdmanii	1777866	S	1006	156	1162	0.00001
Mesorhizobium loti	381	S	970	471	1441	0.00001
Mesorhizobium huakuii	28104	S	957	331	1288	0.00001
Mesorhizobium muleiense	1004279	S	576	105	681	0.00000
Mesorhizobium australicum	536018	S	557	126	683	0.00000
Mesorhizobium japonicum	2066070	S	386	178	564	0.00000
Mesorhizobium jarvisii	1777867	S	237	3224	3461	0.00003
Mesorhizobium ciceri	39645	S	192	445	637	0.00000
Mesorhizobium maamorense	3376989	S	186	150	336	0.00000
Mesorhizobium onobrychidis	2775404	S	165	19	184	0.00000
Mesorhizobium mediterraneum	43617	S	69	92	161	0.00000
Aminobacter sp. UC22_36	3374549	S	5973	177	6150	0.00004
Aminobacter sp. BA135	537596	S	2047	1256	3303	0.00002
Aminobacter sp. P9b	3133697	S	701	672	1373	0.00001
Aminobacter sp. MSH1	374606	S	678	618	1296	0.00001
Aminobacter sp. SR38	2774562	S	672	1148	1820	0.00001
Aminobacter sp. NyZ550	2979870	S	622	1810	2432	0.00002
Aminobacter sp. MDW-2	2666139	S	285	1530	1815	0.00001
Aminobacter sp. Y103A	1870862	S	165	812	977	0.00001
Aminobacter sp. MET-1	2951085	S	33	30	63	0.00000
Aminobacter niigataensis	83265	S	929	1202	2131	0.00002
Aminobacter aminovorans	83263	S	214	709	923	0.00001
Nitratireductor sp. GISD-1A_MAKvit	3234198	S	2042	113	2155	0.00002
Nitratireductor sp.	1872084	S	300	409	709	0.00001
Nitratireductor sp. OM-1	1756988	S	296	279	575	0.00000
Nitratireductor sp. GZWM139	2950541	S	201	166	367	0.00000
Nitratireductor sp. L15S-10	3034028	S	107	143	250	0.00000
Nitratireductor aquimarinus	889300	S	1961	1046	3007	0.00002
Nitratireductor rhodophyticola	2854036	S	1471	193	1664	0.00001
Nitratireductor kimnyeongensis	430679	S	1089	20	1109	0.00001
Nitratireductor mangrovi	2599600	S	1053	15	1068	0.00001
Nitratireductor thuwali	2267699	S	903	87	990	0.00001
Phyllobacterium sp. 628	2718938	S	1146	40	1186	0.00001
Phyllobacterium sp. K27	3680951	S	1112	22	1134	0.00001
Phyllobacterium sp. A18/5-2	2978392	S	1072	65	1137	0.00001
Phyllobacterium zundukense	1867719	S	2314	97	2411	0.00002
Phyllobacterium meliloti	555317	S	1297	39	1336	0.00001
Phyllobacterium pellucidum	2740464	S	807	10	817	0.00001
Chelativorans sp. AA-79	3028735	S	1518	70	1588	0.00001
Terribium terrae	2725666	S	1517	134	1651	0.00001
Aquibium oceanicum	1670800	S	832	29	861	0.00001
Aquibium microcysteis	675281	S	599	27	626	0.00000
Aquamicrobium terrae	1324945	S	1134	2	1136	0.00001
Methylobacterium sp. NMS14P	2894310	S	578	162	740	0.00001
Methylobacterium sp. CM6257	3568943	S	577	43	620	0.00000
Methylobacterium sp. WL1	2603276	S	552	19	571	0.00000
Methylobacterium sp. 17Sr1-1	2202826	S	503	49	552	0.00000
Methylobacterium sp. AMS5	925818	S	443	276	719	0.00001
Methylobacterium sp. CM6244	3681382	S	122	559	681	0.00000
Methylobacterium sp. CM6241	3681381	S	105	485	590	0.00000
Methylobacterium sp. SyP6R	2718876	S	101	6	107	0.00000
Methylobacterium sp. C1	1479019	S	61	389	450	0.00000
Methylobacterium sp.	409	S	50	1	51	0.00000
Methylobacterium sp. OT2	2813779	S	46	207	253	0.00000
Methylobacterium sp. XJLW	739141	S	20	299	319	0.00000
Methylobacterium sp. 391_Methyba4	3038924	S	14	120	134	0.00000
Methylobacterium oryzae	334852	S	3905	2060	5965	0.00004
Methylobacterium nodulans	114616	S	1674	10	1684	0.00001
Methylobacterium aquaticum	270351	S	1280	147	1427	0.00001
Methylobacterium symbioticum	2584084	S	1107	561	1668	0.00001
Methylobacterium organophilum	410	S	1043	646	1689	0.00001
Methylobacterium brachiatum	269660	S	993	335	1328	0.00001
Methylobacterium flocculans	2984843	S	909	16	925	0.00001
Methylobacterium indicum	1775910	S	891	86	977	0.00001
Methylobacterium mesophilicum	39956	S	819	35	854	0.00001
Methylobacterium radiodurans	2202828	S	725	34	759	0.00001
Methylobacterium bullatum	570505	S	634	23	657	0.00000
Methylobacterium durans	2202825	S	617	11	628	0.00000
Methylobacterium tardum	374432	S	599	81	680	0.00000
Methylobacterium terrae	2202827	S	519	40	559	0.00000
Methylobacterium currus	2051553	S	435	51	486	0.00000
Methylobacterium fujisawaense	107400	S	330	540	870	0.00001
Methylobacterium radiotolerans	31998	S	245	547	792	0.00001
Methylobacterium phyllosphaerae	418223	S	114	375	489	0.00000
Microvirga sp. 17 mud 1-3	2082949	S	1700	135	1835	0.00001
Microvirga sp. VF16	2807101	S	1133	128	1261	0.00001
Microvirga sp. M2	3073270	S	980	87	1067	0.00001
Microvirga sp. RSM25	3273802	S	828	185	1013	0.00001
Microvirga ossetica	1882682	S	1234	238	1472	0.00001
Microvirga lotononidis	864069	S	1113	232	1345	0.00001
Microvirga thermotolerans	2651334	S	880	66	946	0.00001
Microvirga terrae	2740529	S	740	116	856	0.00001
Microvirga roseola	2883126	S	51	0	51	0.00000
Methylorubrum populi	223967	S	1959	390	2349	0.00002
Methylorubrum extorquens	408	S	1158	1050	2208	0.00002
Methylorubrum aminovorans	269069	S	807	115	922	0.00001
Methylorubrum sp. B1-46	2897334	S	189	99	288	0.00000
Methylorubrum sp. GM97	2938232	S	14	214	228	0.00000
Bosea sp. Tri-49	1867715	S	3379	410	3789	0.00003
Bosea sp. PAMC 26642	1792307	S	2458	85	2543	0.00002
Bosea sp. F3-2	2599640	S	2115	201	2316	0.00002
Bosea sp. AS-1	2015316	S	2114	216	2330	0.00002
Bosea sp. NBC_00550	2969621	S	1986	175	2161	0.00002
Bosea sp. UC22_33	3350165	S	1779	419	2198	0.00002
Bosea sp. ANAM02	2020412	S	1648	335	1983	0.00001
Bosea sp. 685	3080057	S	1316	328	1644	0.00001
Bosea sp. RAC05	1842539	S	1103	1282	2385	0.00002
Bosea sp. (in: a-proteobacteria)	1871050	S	989	1432	2421	0.00002
Bosea minatitlanensis	128782	S	4292	1368	5660	0.00004
Bosea vestrisii	151416	S	2887	410	3297	0.00002
Bosea vaviloviae	1526658	S	1688	465	2153	0.00002
Bosea beijingensis	3068632	S	1194	351	1545	0.00001
Roseibium sp.	1936156	S	6234	317	6551	0.00005
Roseibium sp. Sym1	3016006	S	972	234	1206	0.00001
Roseibium sp. M-1	3569461	S	957	37	994	0.00001
Roseibium aggregatum	187304	S	648	641	1289	0.00001
Roseibium algicola	2857014	S	645	1154	1799	0.00001
Roseibium album	311410	S	440	2	442	0.00000
Roseibium alexandrii	388408	S	412	23	435	0.00000
Roseibium porphyridii	2866279	S	33	34	67	0.00000
uncultured Roseibium sp.	1936171	S	10	0	10	0.00000
Pannonibacter phragmitetus	121719	S	7052	1852	8904	0.00006
Stappia sp.	1870903	S	3314	222	3536	0.00003
Stappia sp. ES.058	1881061	S	1071	81	1152	0.00001
Stappia indica	538381	S	2014	123	2137	0.00002
Breoghania sp.	2065378	S	3653	46	3699	0.00003
Breoghania sp. L-A4	2304600	S	1396	14	1410	0.00001
Labrenzia sp. VG12	2021862	S	525	37	562	0.00000
Labrenzia sp. PHM005	2590016	S	447	50	497	0.00000
Labrenzia sp. THAF82	2587861	S	189	176	365	0.00000
Labrenzia sp. THAF35	2587854	S	89	668	757	0.00001
Labrenzia sp. CP4	1674922	S	61	502	563	0.00000
Pseudovibrio sp. FO-BEG1	911045	S	247	164	411	0.00000
Pseudovibrio brasiliensis	1898042	S	212	128	340	0.00000
Kaistia sp. 32K	2795690	S	27530	263	27793	0.00020
Bauldia sp.	2575872	S	729	1	730	0.00001
Aureimonas sp. OT7	2816454	S	1769	740	2509	0.00002
Aureimonas sp. SA4125	2826993	S	998	16	1014	0.00001
Aureimonas sp. AU20	1349819	S	638	16	654	0.00000
Aureimonas sp. AU12	1638161	S	11	34	45	0.00000
Aureimonas altamirensis	370622	S	2249	193	2442	0.00002
Aureimonas populi	1701758	S	1854	46	1900	0.00001
Aureimonas mangrovi	2758041	S	1036	35	1071	0.00001
Aureimonas ureilytica	401562	S	943	110	1053	0.00001
Aureimonas phyllosphaerae	1166078	S	859	91	950	0.00001
Martelella sp. AD-3	686597	S	1465	679	2144	0.00002
Martelella endophytica	1486262	S	1028	18	1046	0.00001
Martelella soudanensis	2740297	S	1019	38	1057	0.00001
Martelella mediterranea	293089	S	791	184	975	0.00001
Martelella lutilitoris	2583532	S	660	336	996	0.00001
uncultured Martelella sp.	392331	S	177	0	177	0.00000
Antarcticirhabdus aurantiaca	2606717	S	760	31	791	0.00001
Aurantimonas sp. HBX-1	2906072	S	692	26	718	0.00001
Jiella pelagia	2986949	S	536	9	545	0.00000
Methylocystis sp. S23	3470774	S	551	105	656	0.00000
Methylocystis sp. SC2	187303	S	404	124	528	0.00000
Methylocystis sp. JAN1	3397211	S	318	49	367	0.00000
Methylocystis sp. MJC1	2654282	S	236	65	301	0.00000
Methylocystis sp. SB2	743836	S	54	169	223	0.00000
Methylocystis iwaonis	2885079	S	1523	202	1725	0.00001
Methylocystis parvus	134	S	1418	84	1502	0.00001
Methylocystis bryophila	655015	S	857	51	908	0.00001
Methylocystis heyeri	391905	S	645	18	663	0.00000
Methylocystis echinoides	29468	S	323	11	334	0.00000
Methylocystis rosea	173366	S	195	166	361	0.00000
Methylosinus sporium	428	S	1160	585	1745	0.00001
Methylosinus sp. C49	2699395	S	340	333	673	0.00000
Hyphomicrobium sp. B1	3075651	S	1599	458	2057	0.00001
Hyphomicrobium sp. DMF-1	3019544	S	896	26	922	0.00001
Hyphomicrobium sp. ghe19	2682968	S	780	84	864	0.00001
Hyphomicrobium sp. 1Nfss2.1	3413936	S	481	8	489	0.00000
Hyphomicrobium sp. MC1	717785	S	350	23	373	0.00000
Hyphomicrobium sp. DY-1	3075650	S	33	7	40	0.00000
Hyphomicrobium sp. MC8b	300273	S	29	8	37	0.00000
Hyphomicrobium denitrificans	53399	S	731	69	800	0.00001
Hyphomicrobium nitrativorans	1427356	S	385	22	407	0.00000
Rhodomicrobium lacus	2498452	S	1399	82	1481	0.00001
Rhodomicrobium vannielii	1069	S	578	32	610	0.00000
Methyloligella sp. GL2	2742204	S	661	3	664	0.00000
Methyloceanibacter sp. wino2	2170729	S	331	7	338	0.00000
Methyloceanibacter caenitepidi	1384459	S	234	4	238	0.00000
Candidatus Filomicrobium marinum	1608628	S	191	2	193	0.00000
Phreatobacter stygius	1940610	S	2403	16	2419	0.00002
Phreatobacter aquaticus	2570229	S	1814	22	1836	0.00001
Phreatobacter cathodiphilus	1868589	S	1657	26	1683	0.00001
Pyruvatibacter mobilis	1712261	S	1948	54	2002	0.00001
Tepidicaulis sp.	1920809	S	1306	325	1631	0.00001
Kaustia mangrovi	2593653	S	951	3	954	0.00001
Anderseniella sp. Alg231-50	1922226	S	446	3	449	0.00000
Candidatus Phaeomarinibacter ectocarpi	1458461	S	436	0	436	0.00000
Parvibaculum lavamentivorans	256618	S	406	27	433	0.00000
Methylovirgula sp. 4M-Z18	2293567	S	1102	11	1113	0.00001
Methylovirgula sp. HY1	2822761	S	571	14	585	0.00000
Methylovirgula ligni	569860	S	395	55	450	0.00000
Methylocapsa sp. D3K7	3041435	S	808	31	839	0.00001
Methylocapsa polymorpha	3080828	S	453	51	504	0.00000
Methylocella tundrae	227605	S	613	25	638	0.00000
Methylocella silvestris	199596	S	582	31	613	0.00000
Beijerinckia indica	533	S	476	31	507	0.00000
uncultured Pleomorphomonas sp.	442121	S	1910	150	2060	0.00001
Pleomorphomonas sp. PLEO	3239306	S	1071	50	1121	0.00001
Hartmannibacter diazotrophicus	1482074	S	2034	59	2093	0.00002
Bartonella sp. B41	3239296	S	236	17	253	0.00000
Bartonella sp. DGB2	3388426	S	185	2	187	0.00000
Bartonella sp. HY038	2759660	S	129	406	535	0.00000
Bartonella sp. B17	3239291	S	109	9	118	0.00000
Bartonella sp. B30(2025)	3239293	S	62	3	65	0.00000
Bartonella sp. HY406	2979331	S	61	202	263	0.00000
Bartonella sp. B39	3239295	S	31	5	36	0.00000
Bartonella sp. DGB1	3239807	S	30	0	30	0.00000
Bartonella sp. C271	3070220	S	23	2	25	0.00000
Bartonella sp. HY761	2979330	S	21	68	89	0.00000
Bartonella sp. B12(2025)	3239290	S	20	1	21	0.00000
Bartonella sp. TP	3057550	S	18	0	18	0.00000
Bartonella sp. B35(2025)	3239294	S	17	1	18	0.00000
Bartonella sp. B10	3239289	S	17	1	18	0.00000
Bartonella apihabitans	2750929	S	384	33	417	0.00000
Bartonella choladocola	2750995	S	290	32	322	0.00000
Bartonella grahamii	33045	S	264	103	367	0.00000
Bartonella bacilliformis	774	S	250	17	267	0.00000
Bartonella krasnovii	2267275	S	159	46	205	0.00000
Bartonella australis	388640	S	104	4	108	0.00000
Bartonella quintana	803	S	91	6	97	0.00000
Bartonella bovis	155194	S	80	9	89	0.00000
Bartonella ancashensis	1318743	S	59	4	63	0.00000
Bartonella kosoyi	2133959	S	57	265	322	0.00000
Bartonella gliris	3004109	S	46	29	75	0.00000
Bartonella heixiaziensis	1461000	S	38	33	71	0.00000
Bartonella machadoae	2893471	S	37	12	49	0.00000
Bartonella vinsonii	33047	S	28	6	34	0.00000
Bartonella harrusi	2961895	S	24	10	34	0.00000
Bartonella henselae	38323	S	22	2	24	0.00000
Bartonella elizabethae	807	S	20	55	75	0.00000
Bartonella alsatica	52764	S	16	1	17	0.00000
Bartonella schoenbuchensis	165694	S	13	2	15	0.00000
Bartonella clarridgeiae	56426	S	12	1	13	0.00000
Bartonella birtlesii	111504	S	10	7	17	0.00000
Oricola sp.	1979950	S	694	18	712	0.00001
Oricola indica	2872591	S	466	19	485	0.00000
Oricola thermophila	2742145	S	297	8	305	0.00000
Oceaniradius stylonematis	2184161	S	858	182	1040	0.00001
Ahrensia marina	1514904	S	721	0	721	0.00001
Roseitalea porphyridii	1852022	S	626	33	659	0.00000
Terrihabitans soli	708113	S	1081	20	1101	0.00001
Pseudorhodoplanes sinuspersici	1235591	S	842	18	860	0.00001
Nordella sp. HKS 07	2712222	S	777	5	782	0.00001
Enhydrobacter sp.	1894999	S	582	2	584	0.00000
Candidatus Endowatersipora endosymbiont of Watersipora subatra	3077946	S	21	0	21	0.00000
Blastochloris tepida	2233851	S	1793	64	1857	0.00001
Blastochloris viridis	1079	S	1379	44	1423	0.00001
Chelatococcus sp. CO-6	1702325	S	1290	594	1884	0.00001
Chelatococcus daeguensis	444444	S	869	471	1340	0.00001
Reyranella sp.	1929291	S	3187	8	3195	0.00002
Acuticoccus sp. MNP-M23	3072793	S	1242	6	1248	0.00001
Acuticoccus sp. I52.16.1	2928472	S	670	3	673	0.00000
Acuticoccus sp.	1904378	S	506	0	506	0.00000
uncultured Cohaesibacter sp.	1002546	S	884	19	903	0.00001
Cohaesibacter marisflavi	655353	S	803	19	822	0.00001
Cohaesibacter sp. ES.047	1798205	S	634	6	640	0.00000
Alsobacter sp. KACC 23698	3149229	S	1450	9	1459	0.00001
Chenggangzhangella methanolivorans	1437009	S	1296	5	1301	0.00001
Methyloraptor flagellatus	3162530	S	1225	10	1235	0.00001
Salinarimonas sp.	2766526	S	1159	7	1166	0.00001
Rhodoligotrophos ferricapiens	3069264	S	1132	1	1133	0.00001
Terrirubrum flagellatum	2895980	S	1115	2	1117	0.00001
Aestuariivirga sp.	2650926	S	977	1	978	0.00001
Lichenihabitans psoromatis	2528642	S	335	90	425	0.00000
Lichenihabitans sp. PAMC28606	2880932	S	267	85	352	0.00000
Afifella sp. YEN Y35	3388337	S	677	20	697	0.00001
Coralliovum pocilloporae	3066369	S	603	1	604	0.00000
Salaquimonas pukyongi	2712698	S	227	0	227	0.00000
Sphingomonas sp. VDB2	3228751	S	911	2012	2923	0.00002
Sphingomonas sp. CL5.1	2653203	S	700	106	806	0.00001
Sphingomonas sp. AP4-R1	2735134	S	693	11	704	0.00001
Sphingomonas sp. MS122	3412683	S	675	27	702	0.00001
Sphingomonas sp. 7/4-4	3018446	S	670	28	698	0.00001
Sphingomonas sp. NY01	2968057	S	634	214	848	0.00001
Sphingomonas sp. MM-1	745310	S	600	402	1002	0.00001
Sphingomonas sp. CJ99	3416391	S	524	25	549	0.00000
Sphingomonas sp. R1	399176	S	508	68	576	0.00000
Sphingomonas sp. SUN019	2937788	S	496	7	503	0.00000
Sphingomonas sp. MMS24-J45	3238806	S	474	25	499	0.00000
Sphingomonas sp. DBB INV C78	3349434	S	474	41	515	0.00000
Sphingomonas sp. IC081	304378	S	457	701	1158	0.00001
Sphingomonas sp. LY54	3095343	S	446	8	454	0.00000
Sphingomonas sp. So64.6b	2997354	S	432	6	438	0.00000
Sphingomonas sp. NIBR02145	3014784	S	424	31	455	0.00000
Sphingomonas sp. CJ20	3373591	S	409	15	424	0.00000
Sphingomonas sp. FARSPH	2219696	S	402	99	501	0.00000
Sphingomonas sp. QA11	2950605	S	395	9	404	0.00000
Sphingomonas sp. MMS24-J13	3238686	S	382	5	387	0.00000
Sphingomonas sp. Sphisp66	3243051	S	379	32	411	0.00000
Sphingomonas sp. KC8	1030157	S	371	38	409	0.00000
Sphingomonas sp. NBWT7	2596913	S	353	34	387	0.00000
Sphingomonas sp. CV7422	3018036	S	352	41	393	0.00000
Sphingomonas sp. C3-2	3062169	S	351	7	358	0.00000
Sphingomonas sp. HT-1	3400348	S	323	52	375	0.00000
Sphingomonas sp. S1-29	2991074	S	323	22	345	0.00000
Sphingomonas sp. ASY06-1R	3445771	S	304	3	307	0.00000
Sphingomonas sp. Y38-1Y	3078265	S	300	9	309	0.00000
Sphingomonas sp. J315	2898433	S	272	24	296	0.00000
Sphingomonas sp. SUN039	2937787	S	260	1	261	0.00000
Sphingomonas sp. S2-65	2903960	S	246	10	256	0.00000
Sphingomonas sp. HMP6	1517551	S	240	11	251	0.00000
Sphingomonas sp.	28214	S	226	23	249	0.00000
Sphingomonas sp. MMS12-HWE2-04	3234199	S	216	8	224	0.00000
Sphingomonas sp. AAP5	1523415	S	207	20	227	0.00000
Sphingomonas sp. HMP9	1517554	S	206	35	241	0.00000
Sphingomonas sp. Tas61C01	3458297	S	174	5	179	0.00000
Sphingomonas sp. Xoc002	2837624	S	164	130	294	0.00000
Sphingomonas sp. NIC1	1961362	S	156	86	242	0.00000
Sphingomonas sp. KRR8	2942996	S	145	1	146	0.00000
Sphingomonas sp. M1-B02	3114300	S	132	3	135	0.00000
Sphingomonas sp. LHG3406-1	2804617	S	129	2	131	0.00000
Sphingomonas sp. LM7	1938607	S	113	4	117	0.00000
Sphingomonas sp. LY29	3095341	S	94	1	95	0.00000
Sphingomonas sp. HDW15A	2714942	S	93	0	93	0.00000
Sphingomonas sp. PAMC26645	2565555	S	92	11	103	0.00000
Sphingomonas sp. GlSt437	3389970	S	89	16	105	0.00000
Sphingomonas sp. ERG5	1381597	S	31	18	49	0.00000
Sphingomonas bisphenolicum	296544	S	2334	3031	5365	0.00004
Sphingomonas sanxanigenens	397260	S	1023	235	1258	0.00001
Sphingomonas hankookensis	563996	S	786	359	1145	0.00001
Sphingomonas alpina	653931	S	785	8	793	0.00001
Sphingomonas koreensis	93064	S	665	117	782	0.00001
Sphingomonas leidyi	68569	S	620	99	719	0.00001
Sphingomonas melonis	152682	S	553	273	826	0.00001
Sphingomonas naphthae	1813468	S	531	99	630	0.00000
Sphingomonas zeae	1646122	S	526	336	862	0.00001
Sphingomonas flavalba	2559804	S	500	91	591	0.00000
Sphingomonas taxi	1549858	S	460	17	477	0.00000
Sphingomonas morindae	1541170	S	448	7	455	0.00000
Sphingomonas panacis	1560345	S	413	7	420	0.00000
Sphingomonas paucimobilis	13689	S	407	82	489	0.00000
Sphingomonas aerolata	185951	S	402	62	464	0.00000
Sphingomonas changnyeongensis	2698679	S	327	4	331	0.00000
Sphingomonas hengshuiensis	1609977	S	325	5	330	0.00000
Sphingomonas donggukensis	2949093	S	307	4	311	0.00000
Sphingomonas radiodurans	2890321	S	302	5	307	0.00000
Sphingomonas suaedae	2599297	S	301	3	304	0.00000
Sphingomonas citri	2862499	S	286	12	298	0.00000
Sphingomonas psychrotolerans	1327635	S	285	4	289	0.00000
Sphingomonas aliaeris	2759526	S	281	6	287	0.00000
Sphingomonas nostoxanthinifaciens	2872652	S	280	3	283	0.00000
Sphingomonas ginsengisoli (ex An et al. 2013)	363835	S	276	7	283	0.00000
Sphingomonas sabuli	2764186	S	259	2	261	0.00000
Sphingomonas daechungensis	1176646	S	259	1	260	0.00000
Sphingomonas cannabina	2899123	S	257	10	267	0.00000
Sphingomonas paeninsulae	2319844	S	254	2	256	0.00000
Sphingomonas abietis	3012344	S	246	5	251	0.00000
Sphingomonas insulae	424800	S	245	12	257	0.00000
Sphingomonas yabuuchiae	172044	S	242	28	270	0.00000
Sphingomonas glaciei	2938948	S	238	2	240	0.00000
Sphingomonas parapaucimobilis	28213	S	235	15	250	0.00000
Sphingomonas sinipercae	2714944	S	224	2	226	0.00000
Sphingomonas endolithica	2972485	S	218	3	221	0.00000
Sphingomonas lutea	1045317	S	200	2	202	0.00000
Sphingomonas xanthus	2594473	S	195	4	199	0.00000
Sphingomonas sanguinis	33051	S	192	21	213	0.00000
Sphingomonas pseudosanguinis	413712	S	186	13	199	0.00000
Sphingomonas piscis	2714943	S	181	1	182	0.00000
Sphingomonas flavescens	3132797	S	173	1	174	0.00000
Sphingomonas carotinifaciens	1166323	S	158	39	197	0.00000
Sphingomonas lacunae	2698828	S	144	0	144	0.00000
Sphingomonas aurantiaca	185949	S	139	20	159	0.00000
Sphingomonas albertensis	2762591	S	138	13	151	0.00000
Sphingomonas panacisoli	1813879	S	132	1	133	0.00000
Sphingomonas sediminicola	386874	S	126	0	126	0.00000
Sphingomonas rhizophila	2071607	S	104	2	106	0.00000
Sphingomonas kaistensis	298708	S	96	1	97	0.00000
Sphingomonas qomolangmaensis	2918765	S	81	4	85	0.00000
Sphingomonas panni	237612	S	27	91	118	0.00000
Novosphingobium sp. BL-8H	3127640	S	4613	1388	6001	0.00004
Novosphingobium sp. BL-8A	3127639	S	4455	1324	5779	0.00004
Novosphingobium sp. P6W	1609758	S	1798	59	1857	0.00001
Novosphingobium sp. BL-52-GroH	3349877	S	1531	49	1580	0.00001
Novosphingobium sp. 9	2025349	S	1298	26	1324	0.00001
Novosphingobium sp. KA1	164608	S	972	1317	2289	0.00002
Novosphingobium sp. ES2-1	2780074	S	641	96	737	0.00001
Novosphingobium sp. ZN18A2	3079861	S	637	5	642	0.00000
Novosphingobium sp. KACC 22771	3025670	S	542	7	549	0.00000
Novosphingobium sp. EMRT-2	2571749	S	523	131	654	0.00000
Novosphingobium sp.	1874826	S	489	7	496	0.00000
Novosphingobium sp. PP1Y	702113	S	471	127	598	0.00000
Novosphingobium sp. THN1	1016987	S	255	16	271	0.00000
Novosphingobium sp. RL4	3109595	S	180	1619	1799	0.00001
Novosphingobium sp. Gsoil 351	2675225	S	130	0	130	0.00000
Novosphingobium resinovorum	158500	S	4210	716	4926	0.00004
Novosphingobium kaempferiae	2896849	S	1932	27	1959	0.00001
Novosphingobium decolorationis	2698673	S	1661	294	1955	0.00001
Novosphingobium rhizosphaerae	1551649	S	1423	42	1465	0.00001
Novosphingobium capsulatum	13688	S	861	134	995	0.00001
Novosphingobium humi	2282397	S	746	11	757	0.00001
Novosphingobium terrae	2726189	S	662	0	662	0.00000
Novosphingobium pentaromativorans	205844	S	570	271	841	0.00001
Novosphingobium aerophilum	2839843	S	400	3833	4233	0.00003
Novosphingobium olei	2728851	S	378	11	389	0.00000
Novosphingobium ginsenosidimutans	1176536	S	331	2	333	0.00000
Novosphingobium aromaticivorans	48935	S	320	57	377	0.00000
Alterisphingorhabdus coralli	3071408	S	424	0	424	0.00000
Stakelama tenebrarum	2711215	S	193	13	206	0.00000
Stakelama saccharophila	3075605	S	191	1	192	0.00000
Sphingosinithalassobacter sp. CS137	2762748	S	72	111	183	0.00000
Sphingosinithalassobacter sp. LHW66-3	3424718	S	24	38	62	0.00000
Tardibacter chloracetimidivorans	1921510	S	229	109	338	0.00000
Parablastomonas sp. CN1-191	3400908	S	222	2	224	0.00000
Hankyongella ginsenosidimutans	1763828	S	189	6	195	0.00000
Citromicrobium sp. JL477	1634516	S	168	11	179	0.00000
Sphingobium sp. AntQ-1	2930091	S	3517	3547	7064	0.00005
Sphingobium sp. KCTC 72723	2733867	S	2737	112	2849	0.00002
Sphingobium sp. CAP-1	2676077	S	2526	806	3332	0.00002
Sphingobium sp. V4	3038927	S	2208	137	2345	0.00002
Sphingobium sp. RAC03	1843368	S	2139	177	2316	0.00002
Sphingobium sp. AP49	1144307	S	856	52	908	0.00001
Sphingobium sp. SYK-6	627192	S	838	125	963	0.00001
Sphingobium sp. CR28	3400272	S	653	3	656	0.00000
Sphingobium sp. JS3065	2970925	S	634	264	898	0.00001
Sphingobium sp. CFD-1	2878545	S	587	1010	1597	0.00001
Sphingobium sp. SJ10-10	3114999	S	579	528	1107	0.00001
Sphingobium sp. Cam5-1	2789327	S	515	229	744	0.00001
Sphingobium sp. EP60837	1855519	S	461	58	519	0.00000
Sphingobium sp. TKS	1315974	S	457	568	1025	0.00001
Sphingobium sp. R-21	3404056	S	432	9	441	0.00000
Sphingobium sp. SCG-1	2072936	S	384	2	386	0.00000
Sphingobium sp. PAMC28499	2565554	S	366	325	691	0.00001
Sphingobium sp. WTD-1	2979467	S	361	277	638	0.00000
Sphingobium sp. MI1205	407020	S	322	240	562	0.00000
Sphingobium sp. DN12	3378073	S	235	328	563	0.00000
Sphingobium sp. YG1	2082188	S	174	1597	1771	0.00001
Sphingobium sp. YBL2	484429	S	84	775	859	0.00001
Sphingobium sp. YC-XJ3	3024245	S	83	542	625	0.00000
Sphingobium sp. RSMS	520734	S	78	346	424	0.00000
Sphingobium sp. CFD-2	2878542	S	61	181	242	0.00000
Sphingobium sp. LF-16	2185111	S	20	181	201	0.00000
Sphingobium yanoikuyae	13690	S	4038	3215	7253	0.00005
Sphingobium amiense	135719	S	3607	2487	6094	0.00004
Sphingobium cupriresistens	1132417	S	2113	2915	5028	0.00004
Sphingobium xenophagum	121428	S	1953	731	2684	0.00002
Sphingobium naphthae	1886786	S	1239	285	1524	0.00001
Sphingobium cloacae	120107	S	944	662	1606	0.00001
Sphingobium wenxiniae	595605	S	933	645	1578	0.00001
Sphingobium ummariense	420994	S	700	28	728	0.00001
Sphingobium chlorophenolicum	46429	S	687	114	801	0.00001
Sphingobium phenoxybenzoativorans	1592790	S	590	84	674	0.00000
Sphingobium herbicidovorans	76947	S	466	119	585	0.00000
Sphingobium indicum	332055	S	156	99	255	0.00000
Sphingobium limneticum	1007511	S	155	2118	2273	0.00002
Sphingobium fuliginis	336203	S	89	219	308	0.00000
Sphingopyxis sp. EG6	1874061	S	2018	256	2274	0.00002
Sphingopyxis sp.	1908224	S	1269	44	1313	0.00001
Sphingopyxis sp. 113P3	292913	S	1127	200	1327	0.00001
Sphingopyxis sp. PET50	2976533	S	679	19	698	0.00001
Sphingopyxis sp. USTB-05	2830667	S	646	76	722	0.00001
Sphingopyxis sp. MG	1866325	S	598	1714	2312	0.00002
Sphingopyxis sp. OPL5	2486273	S	576	20	596	0.00000
Sphingopyxis sp. PAMC25046	2565556	S	383	42	425	0.00000
Sphingopyxis sp. NJF-3	3412479	S	364	20	384	0.00000
Sphingopyxis sp. YF1	2482763	S	344	37	381	0.00000
Sphingopyxis sp. QXT-31	1357916	S	338	20	358	0.00000
Sphingopyxis sp. 550A	3468961	S	303	242	545	0.00000
Sphingopyxis sp. FD7	1914525	S	254	29	283	0.00000
Sphingopyxis sp. J-6	3122054	S	233	22	255	0.00000
Sphingopyxis sp. BSN-002	2911495	S	223	5	228	0.00000
Sphingopyxis sp. DBS4	2968500	S	189	170	359	0.00000
Sphingopyxis sp. GC21	2933562	S	48	65	113	0.00000
Sphingopyxis fribergensis	1515612	S	2859	160	3019	0.00002
Sphingopyxis macrogoltabida	33050	S	2567	435	3002	0.00002
Sphingopyxis granuli	267128	S	636	430	1066	0.00001
Sphingopyxis indica	436663	S	584	108	692	0.00001
Sphingopyxis panaciterrae	363841	S	422	19	441	0.00000
Sphingopyxis alaskensis	117207	S	372	26	398	0.00000
uncultured Sphingopyxis sp.	310581	S	370	8	378	0.00000
Sphingopyxis chilensis	180400	S	355	22	377	0.00000
Sphingopyxis kveilinensis	3114367	S	320	3	323	0.00000
Sphingopyxis lindanitolerans	2054227	S	315	84	399	0.00000
Sphingopyxis terrae	33052	S	83	68	151	0.00000
Erythrobacter sp.	1042	S	402	184	586	0.00000
Erythrobacter sp. BLCC-B19	3025315	S	386	82	468	0.00000
Erythrobacter sp. SCSIO 43205	2779361	S	202	9	211	0.00000
Erythrobacter sp. HL-111	1798193	S	160	6	166	0.00000
Erythrobacter sp. SDW2	2907154	S	160	12	172	0.00000
Erythrobacter sp. 3-20A1M	2653850	S	159	48	207	0.00000
Erythrobacter sp. KY5	2011159	S	137	1	138	0.00000
Erythrobacter sp. W53	3425947	S	135	183	318	0.00000
Erythrobacter sp. HKB08	2502843	S	133	6	139	0.00000
Erythrobacter sp. Dej080120_24	3024837	S	117	91	208	0.00000
Erythrobacter sp. Alg231-14	1922225	S	100	1	101	0.00000
Erythrobacter sp. JK5	2829500	S	90	15	105	0.00000
Erythrobacter sp. THAF29	2587851	S	78	9	87	0.00000
Erythrobacter litoralis	39960	S	513	88	601	0.00000
Erythrobacter neustonensis	1112	S	291	30	321	0.00000
Erythrobacter mangrovi	2739433	S	261	45	306	0.00000
Erythrobacter aureus	2182384	S	211	4	215	0.00000
Erythrobacter aurantius	2909249	S	152	105	257	0.00000
Porphyrobacter sp. HT-58-2	2023229	S	238	43	281	0.00000
Porphyrobacter sp. ULC335	2854260	S	200	16	216	0.00000
Porphyrobacter sp. YT40	2547601	S	163	57	220	0.00000
Porphyrobacter sp. CACIAM 03H1	2003315	S	136	28	164	0.00000
Porphyrobacter sp. LM 6	1896196	S	107	41	148	0.00000
Qipengyuania sp. SM2507	3470972	S	337	37	374	0.00000
Qipengyuania sp. SM2512	3424765	S	221	20	241	0.00000
Qipengyuania sp. DGS5-3	3349632	S	153	206	359	0.00000
Qipengyuania sp. DGS2-2	3349631	S	128	0	128	0.00000
Qipengyuania sp.	2004515	S	119	38	157	0.00000
Qipengyuania sp. SS22	2979461	S	114	14	128	0.00000
Qipengyuania sp. GPGPB31	3023518	S	27	171	198	0.00000
Qipengyuania flava	192812	S	444	93	537	0.00000
Qipengyuania gelatinilytica	2867231	S	269	12	281	0.00000
Qipengyuania spongiae	2909673	S	216	51	267	0.00000
Qipengyuania profunda	3113984	S	204	118	322	0.00000
Qipengyuania aurantiaca	2867233	S	175	15	190	0.00000
Qipengyuania psychrotolerans	2867238	S	173	2	175	0.00000
Qipengyuania seohaensis	266951	S	133	12	145	0.00000
Qipengyuania soli	2782568	S	117	2	119	0.00000
Qipengyuania nanhaisediminis	604088	S	110	2	112	0.00000
Qipengyuania xiapuensis	2867236	S	88	62	150	0.00000
Qipengyuania sediminis	1532023	S	82	1	83	0.00000
Qipengyuania citrea	225971	S	66	22	88	0.00000
Qipengyuania aquimaris	255984	S	56	40	96	0.00000
Altererythrobacter sp. B11	2060312	S	833	125	958	0.00001
Altererythrobacter sp. H2	3108391	S	364	75	439	0.00000
Altererythrobacter sp. ZODW24	2185142	S	349	1	350	0.00000
Altererythrobacter sp. BO-6	2604537	S	208	4	212	0.00000
Altererythrobacter sp. GH1-8	3349333	S	207	41	248	0.00000
Altererythrobacter sp. TH136	2067415	S	201	5	206	0.00000
Altererythrobacter ishigakiensis	476157	S	385	14	399	0.00000
Altererythrobacter arenosus	3032592	S	226	49	275	0.00000
Altererythrobacter epoxidivorans	361183	S	183	24	207	0.00000
Altererythrobacter rubellus	2173831	S	142	4	146	0.00000
Croceicoccus sp. YJ47	2798724	S	501	26	527	0.00000
Croceicoccus sp. Ery5	1703340	S	132	164	296	0.00000
Croceicoccus sp. Ery15	1703338	S	68	96	164	0.00000
Croceicoccus marinus	450378	S	676	186	862	0.00001
Croceicoccus naphthovorans	1348774	S	293	118	411	0.00000
Aurantiacibacter sp. MUD11	3003265	S	368	12	380	0.00000
Aurantiacibacter sp. MUD61	3009083	S	229	6	235	0.00000
Aurantiacibacter atlanticus	1648404	S	263	103	366	0.00000
Aurantiacibacter gangjinensis	502682	S	259	9	268	0.00000
Croceibacterium atlanticum	1267766	S	609	152	761	0.00001
Croceibacterium sp. TMG7-5b_MA50	3121290	S	245	6	251	0.00000
Croceibacterium aestuarii	3064139	S	239	16	255	0.00000
Caenibius tardaugens	169176	S	816	108	924	0.00001
Caenibius sp. WL	2872646	S	173	2	175	0.00000
Tsuneonella sp. CC-YZS046	3042152	S	440	32	472	0.00000
Tsuneonella flava	2055955	S	195	23	218	0.00000
Tsuneonella amylolytica	2338327	S	152	29	181	0.00000
Tsuneonella mangrovi	1982042	S	72	5	77	0.00000
Tsuneonella dongtanensis	692370	S	69	9	78	0.00000
Pelagerythrobacter marensis	543877	S	351	18	369	0.00000
Pelagerythrobacter marinus	538382	S	135	76	211	0.00000
Parerythrobacter aurantius	3127706	S	434	32	466	0.00000
Paraurantiacibacter namhicola	645517	S	285	3	288	0.00000
Pseudoblastomonas flavescens	3053610	S	139	8	147	0.00000
Pseudoblastomonas marina	1867408	S	129	25	154	0.00000
Sphingorhabdus sp. SMR4y	2584094	S	323	25	348	0.00000
Sphingorhabdus sp. M41	1806885	S	201	6	207	0.00000
Sphingorhabdus sp. YGSMI21	2077182	S	165	28	193	0.00000
Sphingorhabdus sp.	1902408	S	129	1	130	0.00000
Sphingorhabdus sp. Alg231-15	1922222	S	69	1	70	0.00000
Sphingorhabdus lacus	392610	S	170	4	174	0.00000
Sphingorhabdus contaminans	1343899	S	139	4	143	0.00000
Sphingorhabdus lutea	1913578	S	104	0	104	0.00000
Parasphingorhabdus sp.	2709688	S	381	11	392	0.00000
Parasphingorhabdus sp. NYA22	3465831	S	163	24	187	0.00000
Parasphingorhabdus sp. DH2-15	3444112	S	81	0	81	0.00000
Parasphingorhabdus litoris	394733	S	264	2	266	0.00000
Parasphingorhabdus halotolerans	2725558	S	99	1	100	0.00000
Parasphingorhabdus cellanae	2806553	S	81	1	82	0.00000
Novosphingopyxis sp.	2709690	S	366	2	368	0.00000
Novosphingopyxis iocasae	2762729	S	223	23	246	0.00000
Sphingosinicella microcystinivorans	335406	S	496	22	518	0.00000
Sphingosinicella sp. BN140058	1892855	S	322	2	324	0.00000
Polymorphobacter sp.	1909290	S	417	1	418	0.00000
Polymorphobacter sp. PAMC 29334	2862331	S	68	31	99	0.00000
Sandaracinobacteroides saxicola	2759707	S	453	1	454	0.00000
Glacieibacterium sp.	2860237	S	163	0	163	0.00000
Glacieibacterium megasporae	2835787	S	156	74	230	0.00000
Rhizorhabdus wittichii	160791	S	979	124	1103	0.00001
Rhizorhabdus phycosphaerae	2711156	S	294	3	297	0.00000
Rhizorhabdus dicambivorans	1850238	S	248	114	362	0.00000
Alterirhizorhabdus profundi	2681549	S	511	7	518	0.00000
Blastomonas sp. SL216	2995169	S	359	2	361	0.00000
Blastomonas sp. RAC04	1842535	S	139	48	187	0.00000
Blastomonas sp.	1909299	S	104	39	143	0.00000
Blastomonas fulva	1550728	S	257	145	402	0.00000
Allosphingosinicella humi	2068657	S	187	2	189	0.00000
Allosphingosinicella indica	941907	S	149	5	154	0.00000
Allosphingosinicella flava	2771430	S	136	6	142	0.00000
Sphingomicrobium flavum	1229164	S	247	8	255	0.00000
Sphingomicrobium aestuariivivum	1582356	S	140	4	144	0.00000
Sphingomicrobium maritimum	3133972	S	44	1	45	0.00000
Zymomonas mobilis	542	S	602	112	714	0.00001
Parasphingopyxis sp. CP4	2724527	S	295	1	296	0.00000
Parasphingopyxis algicola	2026624	S	132	0	132	0.00000
Aquisediminimonas profunda	1550733	S	198	0	198	0.00000
Paracoccus sp. TOH	1263728	S	1277	333	1610	0.00001
Paracoccus sp. MA	2895796	S	936	339	1275	0.00001
Paracoccus sp. MC1862	2760307	S	896	17	913	0.00001
Paracoccus sp. SJTW-4	3078428	S	751	229	980	0.00001
Paracoccus sp. S3-43	3030011	S	698	194	892	0.00001
Paracoccus sp. T5	3402161	S	570	65	635	0.00000
Paracoccus sp. AK26	2589076	S	468	28	496	0.00000
Paracoccus sp. ME4	3138066	S	441	33	474	0.00000
Paracoccus sp. SCSIO 75233	3017782	S	431	492	923	0.00001
Paracoccus sp. Arc7-R13	2500532	S	57	77	134	0.00000
Paracoccus sp. TD-10	3395918	S	16	166	182	0.00000
Paracoccus aerodenitrificans	3017781	S	6421	4493	10914	0.00008
Paracoccus alcaliphilus	34002	S	6330	583	6913	0.00005
Paracoccus kondratievae	135740	S	5235	715	5950	0.00004
Paracoccus yeei	147645	S	3351	1595	4946	0.00004
Paracoccus saliphilus	405559	S	3343	89	3432	0.00002
Paracoccus aminovorans	34004	S	3139	225	3364	0.00002
Paracoccus versutus	34007	S	2276	617	2893	0.00002
Paracoccus denitrificans	266	S	2060	405	2465	0.00002
Paracoccus aminophilus	34003	S	1823	151	1974	0.00001
Paracoccus methylovorus	2812658	S	1677	172	1849	0.00001
Paracoccus pantotrophus	82367	S	1126	4421	5547	0.00004
Paracoccus zhejiangensis	1077935	S	1064	140	1204	0.00001
Paracoccus aestuarii	453842	S	962	33	995	0.00001
Paracoccus marcusii	59779	S	945	255	1200	0.00001
Paracoccus homiensis	364199	S	913	176	1089	0.00001
Paracoccus stylophorae	659350	S	815	164	979	0.00001
Paracoccus sediminicola	3017783	S	717	176	893	0.00001
Paracoccus seriniphilus	184748	S	627	17	644	0.00000
Paracoccus contaminans	1945662	S	596	46	642	0.00000
Paracoccus fistulariae	658446	S	549	104	653	0.00000
Paracoccus albus	3017784	S	536	143	679	0.00000
Paracoccus suum	2259340	S	401	28	429	0.00000
Paracoccus sanguinis	1545044	S	335	38	373	0.00000
Paracoccus liaowanqingii	2560053	S	328	5	333	0.00000
Paracoccus jeotgali	2065379	S	304	19	323	0.00000
Paracoccus actinidiae	3064531	S	292	33	325	0.00000
Paracoccus tegillarcae	1529068	S	228	5	233	0.00000
Paracoccus mutanolyticus	1499308	S	183	326	509	0.00000
Paracoccus everestensis	2903900	S	165	30	195	0.00000
Paracoccus albicereus	2922394	S	30	0	30	0.00000
Thioclava sp. FR2	3445780	S	410	13	423	0.00000
Thioclava sp. GXIMD2076	3131931	S	156	326	482	0.00000
Thioclava sp. GXIMD4215	3131928	S	139	354	493	0.00000
Thioclava sp. 'Guangxiensis'	3149044	S	101	168	269	0.00000
Thioclava sp. GXIMD4216	3131929	S	40	116	156	0.00000
Thioclava electrotropha	1549850	S	756	37	793	0.00001
Thioclava nitratireducens	1915078	S	303	82	385	0.00000
Thioclava litoralis	3076557	S	214	638	852	0.00001
Cereibacter sphaeroides	1063	S	1290	195	1485	0.00001
Cereibacter azotoformans	43057	S	911	251	1162	0.00001
Cereibacter changlensis	402884	S	501	26	527	0.00000
Pseudooceanicola sp. LIPI14-2-Ac024	3344875	S	386	15	401	0.00000
Pseudooceanicola sp. 502str34	2698675	S	226	11	237	0.00000
Pseudooceanicola atlanticus	1461694	S	512	21	533	0.00000
Pseudooceanicola spongiae	2613965	S	456	10	466	0.00000
Pseudooceanicola nitratireducens	517719	S	452	61	513	0.00000
Pseudooceanicola algae	1537215	S	398	9	407	0.00000
Yoonia sp. TsM2_T14_4	3415141	S	344	74	418	0.00000
Yoonia sp. R78084	3093869	S	232	43	275	0.00000
Yoonia vestfoldensis	245188	S	435	192	627	0.00000
Yoonia rhodophyticola	3137370	S	243	7	250	0.00000
Yoonia phaeophyticola	3137369	S	227	12	239	0.00000
Yoonia algicola	3137368	S	207	35	242	0.00000
Haematobacter massiliensis	195105	S	1833	847	2680	0.00002
Rhodovulum sp. P5	1564506	S	662	34	696	0.00001
Rhodovulum sp. HP10	3387397	S	161	273	434	0.00000
Rhodovulum sp. MB263	308754	S	71	121	192	0.00000
Rhodovulum sulfidophilum	35806	S	362	350	712	0.00001
Limimaricola variabilis	1492771	S	804	114	918	0.00001
Limimaricola litoreus	2955316	S	352	12	364	0.00000
Limimaricola sp. AA108-03	3425945	S	308	47	355	0.00000
Limimaricola hongkongensis	278132	S	123	1	124	0.00000
Tritonibacter mobilis	379347	S	1143	800	1943	0.00001
Tritonibacter scottomollicae	483013	S	186	16	202	0.00000
Tritonibacter sp. AK171	3048493	S	87	83	170	0.00000
Tabrizicola sp. M-4	3055847	S	423	114	537	0.00000
Tabrizicola sp.	2005166	S	414	11	425	0.00000
Tabrizicola sp. BL-A-41-H6	3421107	S	271	8	279	0.00000
Tabrizicola piscis	2494374	S	415	106	521	0.00000
Paroceanicella profunda	2579971	S	1317	296	1613	0.00001
Frigidibacter mobilis	1335048	S	1304	274	1578	0.00001
Roseinatronobacter sp. S2	3035471	S	948	11	959	0.00001
Roseinatronobacter bogoriensis	119542	S	338	4	342	0.00000
Gemmobacter fulvus	2840474	S	1220	165	1385	0.00001
Defluviimonas sp. SAOS-178_SWC	3121287	S	1163	21	1184	0.00001
Gymnodinialimonas ceratoperidinii	2856823	S	628	14	642	0.00000
Gymnodinialimonas sp. 57CJ19	3138498	S	293	1	294	0.00000
Parasedimentitalea psychrophila	2997337	S	518	14	532	0.00000
Parasedimentitalea marina	2483033	S	293	4	297	0.00000
Aliiroseovarius crassostreae	154981	S	618	15	633	0.00000
Aliiroseovarius sp. M344	2867010	S	155	11	166	0.00000
Arenibacterium sp. LLYu02	3404132	S	756	124	880	0.00001
Marinibacterium sp. SX1	3388424	S	736	43	779	0.00001
Polymorphum gilvum	991904	S	601	91	692	0.00001
Pikeienuella piscinae	2748098	S	591	29	620	0.00000
Pacificitalea manganoxidans	1411902	S	576	120	696	0.00001
Amaricoccus sp. B4	3368557	S	573	17	590	0.00000
Neotabrizicola shimadae	2807096	S	557	93	650	0.00000
Paragemmobacter aquarius	2169400	S	483	47	530	0.00000
Pseudogemmobacter blasticus	1075	S	483	15	498	0.00000
Fuscovulum ytuae	3042299	S	464	72	536	0.00000
Amylibacter sp. IMCC11727	3039851	S	449	3	452	0.00000
Pseudophaeobacter sp. TrK17	2815167	S	410	131	541	0.00000
Pelagovum pacificum	2588711	S	219	13	232	0.00000
Pelagovum sp. HNIBRBA483	3233341	S	171	3	174	0.00000
Vannielia sp. SX4	3463852	S	373	5	378	0.00000
Pukyongiella litopenaei	2605946	S	367	93	460	0.00000
Abyssibius alkaniclasticus	2881234	S	362	11	373	0.00000
Pseudoroseicyclus sp. CXY001	3242492	S	347	7	354	0.00000
Pontivivens ytuae	2789856	S	177	3	180	0.00000
Pontivivens nitratireducens	2758038	S	161	31	192	0.00000
Roseicitreum antarcticum	564137	S	326	3	329	0.00000
Pseudorhodobacter turbinis	2500533	S	312	8	320	0.00000
Aestuariibius sp. HNIBRBA575	3233343	S	309	4	313	0.00000
Falsirhodobacter algicola	2692330	S	297	14	311	0.00000
Profundibacter amoris	2171755	S	281	2	283	0.00000
Fontisubflavum oceani	2978973	S	264	1	265	0.00000
Silicimonas algicola	1826607	S	262	2	264	0.00000
Marivivens sp. LCG002	3051171	S	142	5	147	0.00000
Marivivens sp. JLT3646	1920883	S	116	16	132	0.00000
Cognatishimia activa	1715691	S	249	3	252	0.00000
Nioella sp.	1912091	S	240	3	243	0.00000
Qingshengfaniella alkalisoli	2599296	S	215	5	220	0.00000
Brevirhabdus pacifica	1267768	S	210	112	322	0.00000
Planktomarina temperata	1284658	S	191	4	195	0.00000
Algicella marina	2683284	S	191	1	192	0.00000
Pseudopelagicola sp. nBUS_20	3395317	S	15	63	78	0.00000
Ketogulonicigenium vulgare	92945	S	6176	689	6865	0.00005
Ketogulonicigenium robustum	92947	S	2092	121	2213	0.00002
Sulfitobacter sp. DSM 110093	2883127	S	386	50	436	0.00000
Sulfitobacter sp. S223	2867023	S	356	3	359	0.00000
Sulfitobacter sp. SK012	1389005	S	332	4	336	0.00000
Sulfitobacter sp. W027	2867025	S	310	38	348	0.00000
Sulfitobacter sp. THAF37	2587855	S	259	143	402	0.00000
Sulfitobacter sp. SH22	3421172	S	202	10	212	0.00000
Sulfitobacter sp. S190	2867022	S	193	7	200	0.00000
Sulfitobacter sp. SK011	1389004	S	150	1	151	0.00000
Sulfitobacter sp. CB2047	1525218	S	128	270	398	0.00000
Sulfitobacter sp. M368	2867021	S	83	38	121	0.00000
Sulfitobacter sp. W002	2867024	S	82	50	132	0.00000
Sulfitobacter sp. TCYB15	3229275	S	61	107	168	0.00000
Sulfitobacter sp. OXR-159	3100174	S	59	63	122	0.00000
Sulfitobacter sp. LC.270.F.C4	3079556	S	47	212	259	0.00000
Sulfitobacter sp. PM12	3138497	S	26	63	89	0.00000
Sulfitobacter sp. W074	2867026	S	25	84	109	0.00000
Sulfitobacter sp. D7	1968541	S	25	119	144	0.00000
Sulfitobacter sp. M13	3466484	S	22	27	49	0.00000
Sulfitobacter sp. JL08	2070369	S	11	71	82	0.00000
Sulfitobacter faviae	1775881	S	1090	496	1586	0.00001
Sulfitobacter rhodophyticola	3238304	S	382	9	391	0.00000
Sulfitobacter mediterraneus	83219	S	254	56	310	0.00000
Sulfitobacter indolifex	225422	S	252	64	316	0.00000
Sulfitobacter alexandrii	1917485	S	232	200	432	0.00000
Sulfitobacter albidus	2829501	S	222	3	225	0.00000
Sulfitobacter pontiacus	60137	S	140	228	368	0.00000
Sulfitobacter dubius	218673	S	139	788	927	0.00001
Sulfitobacter porphyrae	1246864	S	11	16	27	0.00000
Roseovarius sp. SCSIO 43702	2823043	S	424	6	430	0.00000
Roseovarius sp. Pro17	3108175	S	395	1	396	0.00000
Roseovarius sp.	1486281	S	325	16	341	0.00000
Roseovarius sp. TM1035	391613	S	185	303	488	0.00000
Roseovarius sp. THAF9	2587847	S	181	66	247	0.00000
Roseovarius sp. THAF8	2587846	S	141	125	266	0.00000
Roseovarius sp. THAF27	2587850	S	70	78	148	0.00000
Roseovarius indicus	540747	S	634	141	775	0.00001
Roseovarius mucosus	215743	S	625	338	963	0.00001
Roseovarius faecimaris	2494550	S	492	5	497	0.00000
Roseovarius confluentis	1852027	S	273	7	280	0.00000
Roseovarius tolerans	74031	S	260	2	262	0.00000
Roseovarius pacificus	337701	S	180	2	182	0.00000
Roseovarius phycicola	3080976	S	114	16	130	0.00000
Roseovarius pelagicus	2980108	S	103	10	113	0.00000
Roseovarius rhodophyticola	3080827	S	66	3	69	0.00000
Celeribacter indicus	1208324	S	2845	1890	4735	0.00003
Celeribacter sp. SCSIO 80788	3117013	S	662	21	683	0.00000
Celeribacter baekdonensis	875171	S	641	122	763	0.00001
Celeribacter marinus	1397108	S	407	46	453	0.00000
Celeribacter ethanolicus	1758178	S	209	73	282	0.00000
Leisingera sp. M658	2867015	S	568	468	1036	0.00001
Leisingera sp. S132	2867016	S	201	43	244	0.00000
Leisingera sp. NJS204	2508307	S	107	120	227	0.00000
Leisingera sp. NJS201	2508306	S	99	124	223	0.00000
Leisingera sp. M527	2867014	S	41	30	71	0.00000
Leisingera aquaemixtae	1396826	S	545	234	779	0.00001
Leisingera caerulea	506591	S	521	178	699	0.00001
Leisingera thetidis	2930199	S	250	83	333	0.00000
Leisingera methylohalidivorans	133924	S	199	31	230	0.00000
Phaeobacter inhibens	221822	S	805	386	1191	0.00001
Phaeobacter gallaeciensis	60890	S	587	330	917	0.00001
Phaeobacter porticola	1844006	S	256	101	357	0.00000
Phaeobacter bryozoorum	1086632	S	234	42	276	0.00000
Phaeobacter piscinae	1580596	S	183	230	413	0.00000
Phaeobacter sp. BS52	2907241	S	25	129	154	0.00000
Phaeobacter cretensis	3342641	S	57	0	57	0.00000
Ruegeria sp. THAF33	2587853	S	257	202	459	0.00000
Ruegeria sp. B32	2867020	S	211	9	220	0.00000
Ruegeria sp. SCSIO 43209	2793010	S	175	79	254	0.00000
Ruegeria sp. AD91A	2293862	S	132	13	145	0.00000
Ruegeria sp. PR1b	185588	S	117	39	156	0.00000
Ruegeria sp. YS9	2966453	S	113	51	164	0.00000
Ruegeria sp. TM1040	292414	S	27	77	104	0.00000
Ruegeria pomeroyi	89184	S	791	28	819	0.00001
Ruegeria conchae	981384	S	197	8	205	0.00000
Pseudosulfitobacter sp. DSM 107133	2883100	S	1000	733	1733	0.00001
Pseudosulfitobacter sp. SM2401	3350098	S	178	1	179	0.00000
Pseudosulfitobacter pseudonitzschiae	1402135	S	732	382	1114	0.00001
Thalassovita sp.	1979401	S	1211	34	1245	0.00001
Thalassobius sp. MITS945101	3096994	S	367	12	379	0.00000
Thalassovita gelatinovora	53501	S	352	6	358	0.00000
Roseobacter fucihabitans	1537242	S	507	4	511	0.00000
Roseobacter ponti	1891787	S	304	4	308	0.00000
Roseobacter litoralis	42443	S	285	27	312	0.00000
Roseobacter algicola (ex Choi et al. 2025) (nom. illeg.)	3092138	S	196	11	207	0.00000
Roseobacter denitrificans	2434	S	171	9	180	0.00000
Roseobacter sp. A03A-229	3467295	S	137	0	137	0.00000
Salipiger profundus	1229727	S	600	289	889	0.00001
Salipiger sp. CCB-MM3	1792508	S	484	18	502	0.00000
Salipiger abyssi	1250539	S	387	149	536	0.00000
Mameliella alba	561184	S	783	191	974	0.00001
Mameliella sp.	1924940	S	587	44	631	0.00000
Roseicyclus marinus	2161673	S	625	135	760	0.00001
Roseicyclus elongatus	159346	S	504	8	512	0.00000
Roseicyclus sp.	1914329	S	144	33	177	0.00000
Alloyangia pacifica	311180	S	671	89	760	0.00001
Alloyangia sp. H15	3029062	S	437	65	502	0.00000
Tateyamaria sp. SN6-1	3092148	S	646	19	665	0.00000
Tateyamaria sp. SN3-11	3092147	S	296	3	299	0.00000
Tateyamaria omphalii	299262	S	247	4	251	0.00000
Jannaschia sp. M317	2867011	S	340	5	345	0.00000
Jannaschia sp. CCS1	290400	S	285	1	286	0.00000
Jannaschia sp. W003	2867012	S	154	2	156	0.00000
Jannaschia ovalis	3038773	S	382	7	389	0.00000
Sagittula stellata	52603	S	557	30	587	0.00000
Sagittula sp. P11	2009329	S	139	216	355	0.00000
Sagittula sp. MA-2	3048007	S	94	86	180	0.00000
Roseivivax sp. THAF30	2587852	S	149	419	568	0.00000
Roseivivax marinus	1379903	S	352	57	409	0.00000
Marinovum algicola	42444	S	630	83	713	0.00001
Marinovum sedimenti	3470136	S	259	4	263	0.00000
Octadecabacter sp. SW4	2602067	S	307	64	371	0.00000
Octadecabacter arcticus	53946	S	226	9	235	0.00000
Octadecabacter antarcticus	1217908	S	180	6	186	0.00000
Octadecabacter temperatus	1458307	S	75	0	75	0.00000
Ponticoccus alexandrii	1943633	S	736	45	781	0.00001
Actibacterium sp. EMB200-NS6	1609966	S	672	425	1097	0.00001
Palleronia sp. THAF1	2587842	S	347	3	350	0.00000
Palleronia sp. LCG004	3079304	S	256	2	258	0.00000
Shimia sp. W99	3453413	S	231	18	249	0.00000
Shimia sp. MIT1388	3096992	S	170	84	254	0.00000
Shimia sp. MIT910701	3096987	S	76	38	114	0.00000
Loktanella salsilacus	195913	S	524	12	536	0.00000
Rhodophyticola sp. CCM32	2916397	S	225	15	240	0.00000
Rhodophyticola porphyridii	1852017	S	222	21	243	0.00000
Aliisedimentitalea scapharcae	1524259	S	472	38	510	0.00000
Aliiphycobium algicola	3092120	S	430	11	441	0.00000
Antarctobacter heliothermus	74033	S	369	5	374	0.00000
Pelagimonas varians	696760	S	367	19	386	0.00000
Oceanicola sp. D3	2587163	S	342	4	346	0.00000
Marivita sp.	2003365	S	302	5	307	0.00000
Falsihalocynthiibacter sp. SS001	3349698	S	207	2	209	0.00000
Falsihalocynthiibacter arcticus	1579316	S	88	1	89	0.00000
Phycobium rhodophyticola	2978344	S	280	3	283	0.00000
Tropicibacter oceani	3058420	S	277	6	283	0.00000
Thalassococcus sp. S3	2017482	S	270	1	271	0.00000
Algirhabdus cladophorae	3377108	S	211	1	212	0.00000
Dinoroseobacter shibae	215813	S	205	111	316	0.00000
Thalassovivens spotae	3103127	S	180	2	182	0.00000
Thalassobacter stenotrophicus	266809	S	159	1	160	0.00000
Lentibacter algarum	576131	S	115	8	123	0.00000
Rhodobacter capsulatus	1061	S	2838	111	2949	0.00002
Rhodobacter xanthinilyticus	1850250	S	673	204	877	0.00001
Rhodobacter sp. CZR27	2033869	S	545	27	572	0.00000
Brevundimonas nasdae	172043	S	47060	6126	53186	0.00039
Brevundimonas diminuta	293	S	23638	5147	28785	0.00021
Brevundimonas sp. S1H14	3078084	S	13104	1843	14947	0.00011
Brevundimonas sp.	1871086	S	3069	93	3162	0.00002
Brevundimonas sp. LF-1	3126100	S	673	239	912	0.00001
Brevundimonas sp. SL130	2995143	S	546	21	567	0.00000
Brevundimonas sp. CEF1	3442642	S	541	35	576	0.00000
Brevundimonas sp. BH3	3133089	S	531	37	568	0.00000
Brevundimonas sp. M20	2591463	S	474	6	480	0.00000
Brevundimonas sp. MF30-B	2561924	S	443	5	448	0.00000
Brevundimonas sp. PAMC22021	2861285	S	402	12	414	0.00000
Brevundimonas sp. R86498	3093845	S	355	4	359	0.00000
Brevundimonas sp. NIBR11	3015999	S	313	4	317	0.00000
Brevundimonas sp. LM2	1938605	S	267	5	272	0.00000
Brevundimonas sp. NIBR10	3015997	S	262	3	265	0.00000
Brevundimonas sp. 'scallop'	2562582	S	244	123	367	0.00000
Brevundimonas sp. SGAir0440	2579977	S	180	33	213	0.00000
Brevundimonas sp. AJA228-03	2752515	S	179	3	182	0.00000
Brevundimonas sp. C43	3068314	S	164	116	280	0.00000
Brevundimonas sp. GW460-12-10-14-LB2	1827469	S	151	70	221	0.00000
Brevundimonas sp. Bb-A	2560058	S	106	220	326	0.00000
Brevundimonas sp. DS20	1532555	S	104	217	321	0.00000
Brevundimonas olei	657642	S	8282	340	8622	0.00006
Brevundimonas phoenicis	3132211	S	4139	760	4899	0.00004
Brevundimonas vesicularis	41276	S	3002	591	3593	0.00003
Brevundimonas naejangsanensis	588932	S	2545	447	2992	0.00002
Brevundimonas bullata	13160	S	1857	86	1943	0.00001
Brevundimonas albigilva	1312364	S	792	82	874	0.00001
Brevundimonas sanguinis	3021811	S	691	294	985	0.00001
Brevundimonas pondensis	2774189	S	592	32	624	0.00000
Brevundimonas subvibrioides	74313	S	590	20	610	0.00000
Brevundimonas mediterranea	74329	S	515	30	545	0.00000
Brevundimonas intermedia	74315	S	501	15	516	0.00000
Brevundimonas vitis	2800818	S	430	3	433	0.00000
Brevundimonas vancanneytii	1325724	S	374	261	635	0.00000
Brevundimonas staleyi	74326	S	303	9	312	0.00000
Brevundimonas goettingensis	2774190	S	289	3	292	0.00000
Brevundimonas fontaquae	2813778	S	114	15	129	0.00000
Caulobacter sp. NIBR1757	3016000	S	853	14	867	0.00001
Caulobacter sp. NIBR2454	3015996	S	460	24	484	0.00000
Caulobacter sp. UC70_42	3374551	S	387	148	535	0.00000
Caulobacter sp. FWC26	69665	S	370	114	484	0.00000
Caulobacter sp. ErkDOM-E	3402778	S	343	187	530	0.00000
Caulobacter sp. RL271	3458546	S	316	45	361	0.00000
Caulobacter sp.	78	S	246	35	281	0.00000
Caulobacter soli	2708539	S	1251	94	1345	0.00001
Caulobacter mirabilis	69666	S	848	19	867	0.00001
Caulobacter vibrioides	155892	S	775	156	931	0.00001
Caulobacter segnis	88688	S	768	95	863	0.00001
Caulobacter flavus	1679497	S	704	42	746	0.00001
Caulobacter rhizosphaerae	2010972	S	498	29	527	0.00000
Caulobacter henricii	69395	S	274	17	291	0.00000
Caulobacter inopinatus	3161137	S	201	8	209	0.00000
Asticcacaulis sp. AND118	2840468	S	446	47	493	0.00000
Asticcacaulis sp. MM231	3157666	S	348	13	361	0.00000
Asticcacaulis sp. ZE23SCel15	3059027	S	164	57	221	0.00000
Asticcacaulis sp. SL142	2995155	S	140	49	189	0.00000
Asticcacaulis sp. DW145	3095608	S	68	21	89	0.00000
Asticcacaulis excentricus	78587	S	460	67	527	0.00000
Asticcacaulis solisilvae	1217274	S	260	2	262	0.00000
Phenylobacterium sp.	1871053	S	480	11	491	0.00000
Phenylobacterium sp. NIBR 498073	3015177	S	230	11	241	0.00000
Phenylobacterium sp. LH3H17	2903901	S	220	6	226	0.00000
Phenylobacterium montanum	2823693	S	496	8	504	0.00000
Phenylobacterium zucineum	284016	S	327	18	345	0.00000
Phenylobacterium parvum	2201350	S	233	5	238	0.00000
Terricaulis silvestris	2686094	S	271	1	272	0.00000
Azospirillum sp. B510	137722	S	1005	106	1111	0.00001
Azospirillum sp. HJ39	3159496	S	606	182	788	0.00001
Azospirillum sp. TSA2s	709810	S	423	182	605	0.00000
Azospirillum sp. TSH100	652764	S	319	52	371	0.00000
Azospirillum sp. B2RO_4	3027796	S	316	77	393	0.00000
Azospirillum sp. A29	3160606	S	223	162	385	0.00000
Azospirillum sp. TSH58	664962	S	114	63	177	0.00000
Azospirillum sp. A26	3160607	S	65	62	127	0.00000
Azospirillum sp. A23	3160608	S	30	53	83	0.00000
Azospirillum endophyticum	2800326	S	2156	298	2454	0.00002
Azospirillum argentinense	2970906	S	1980	1095	3075	0.00002
Azospirillum brasilense	192	S	1287	639	1926	0.00001
Azospirillum doebereinerae	92933	S	1068	75	1143	0.00001
Azospirillum thermophilum	2202148	S	977	48	1025	0.00001
Azospirillum largimobile	52761	S	672	161	833	0.00001
Azospirillum baldaniorum	1064539	S	434	433	867	0.00001
Azospirillum lipoferum	193	S	394	115	509	0.00000
Azospirillum humicireducens	1226968	S	373	75	448	0.00000
Azospirillum ramasamyi	682998	S	362	72	434	0.00000
Azospirillum melinis	328839	S	358	430	788	0.00001
Azospirillum oryzae	286727	S	339	150	489	0.00000
Azospirillum palustre	2044885	S	247	262	509	0.00000
Azospirillum thiophilum	528244	S	184	61	245	0.00000
Azospirillum formosense	861533	S	171	86	257	0.00000
Skermanella cutis	2775420	S	472	372	844	0.00001
Skermanella rosea	1817965	S	386	233	619	0.00000
Skermanella mucosa	1789672	S	317	131	448	0.00000
Skermanella pratensis	2233999	S	309	82	391	0.00000
Niveispirillum fermenti	1233113	S	1027	38	1065	0.00001
Niveispirillum cyanobacteriorum	1612173	S	911	57	968	0.00001
Nitrospirillum viridazoti	3144925	S	854	38	892	0.00001
Indioceanicola profundi	2220096	S	407	14	421	0.00000
Ferrovibrio sp.	1917215	S	1181	7	1188	0.00001
Ferrovibrio terrae	2594003	S	768	5	773	0.00001
Magnetospirillum gryphiswaldense	55518	S	689	42	731	0.00001
Magnetospirillum sp. XM-1	1663591	S	338	211	549	0.00000
Magnetospirillum sp. ME-1	1639348	S	157	114	271	0.00000
Rhodospirillum rubrum	1085	S	691	13	704	0.00001
Rhodospirillum centenum	34018	S	478	17	495	0.00000
Pararhodospirillum photometricum	1084	S	584	10	594	0.00000
Aerophototrophica crusticola	1709002	S	575	8	583	0.00000
Defluviicoccus vanus	111831	S	392	9	401	0.00000
Candidatus Endolissoclinum faulkneri	1263979	S	81	0	81	0.00000
Thalassospira sp. SM2505	3457314	S	444	40	484	0.00000
Thalassospira sp. A40-3	2785908	S	340	325	665	0.00000
Thalassospira sp. SN3W	3035476	S	172	624	796	0.00001
Thalassospira sp. B30-1	2785911	S	60	200	260	0.00000
Thalassospira sp. GO-4	2946605	S	54	64	118	0.00000
Thalassospira lucentensis	168935	S	1317	104	1421	0.00001
Thalassospira marina	2048283	S	817	16	833	0.00001
Thalassospira australica	1528106	S	410	63	473	0.00000
Thalassospira tepidiphila	393657	S	287	185	472	0.00000
Thalassospira indica	1891279	S	140	95	235	0.00000
Thalassospira xiamenensis	220697	S	14	41	55	0.00000
Magnetospira sp. QH-2	1288970	S	297	0	297	0.00000
Pelagibius sp.	1931238	S	980	3	983	0.00001
Algihabitans sp.	2821514	S	479	5	484	0.00000
Algihabitans albus	2164067	S	276	3	279	0.00000
Hypericibacter terrae	2602015	S	1010	46	1056	0.00001
Hypericibacter adhaerens	2602016	S	532	31	563	0.00000
Nisaea sp.	2024842	S	398	60	458	0.00000
Nisaea acidiphila	1862145	S	305	30	335	0.00000
Thalassobaculum sp. OXR-137	3100173	S	298	32	330	0.00000
Thalassobaculum sp.	2022740	S	272	27	299	0.00000
Allostella humosa	94	S	918	6	924	0.00001
Zavarzinia sp. CC-PAN008	3243332	S	774	3	777	0.00001
Aestuariispira ectoiniformans	2775080	S	488	4	492	0.00000
Hwanghaeella sp.	2605943	S	237	0	237	0.00000
Caenispirillum salinarum	859058	S	339	4	343	0.00000
Haematospirillum jordaniae	1549855	S	300	1	301	0.00000
Paramagnetospirillum magneticum	84159	S	498	252	750	0.00001
Terasakiella sp. SH-1	2560057	S	174	161	335	0.00000
Varunaivibrio sulfuroxidans	1773489	S	105	0	105	0.00000
Acetobacter vaccinii	2592655	S	586	22	608	0.00000
Acetobacter senegalensis	446692	S	508	240	748	0.00001
Acetobacter aceti	435	S	400	39	439	0.00000
Acetobacter orientalis	146474	S	386	26	412	0.00000
Acetobacter persici	1076596	S	194	6	200	0.00000
Acetobacter ascendens	481146	S	186	65	251	0.00000
Acetobacter pasteurianus	438	S	168	195	363	0.00000
Acetobacter cerevisiae	178900	S	128	57	185	0.00000
Acetobacter sp. AC2005	3134142	S	70	134	204	0.00000
Acetobacter sp. KSO5	3373674	S	40	32	72	0.00000
Acetobacter ghanensis	431306	S	70	3	73	0.00000
Acetobacter tropicalis	104102	S	47	25	72	0.00000
Acetobacter oryzifermentans	1633874	S	16	79	95	0.00000
Acetobacter pomorum	65959	S	10	530	540	0.00000
Komagataeibacter rhaeticus	215221	S	545	119	664	0.00000
Komagataeibacter xylinus	28448	S	395	204	599	0.00000
Komagataeibacter medellinensis	1177712	S	261	109	370	0.00000
Komagataeibacter saccharivorans	265959	S	255	41	296	0.00000
Komagataeibacter nataicola	265960	S	233	94	327	0.00000
Komagataeibacter europaeus	33995	S	223	83	306	0.00000
Komagataeibacter oboediens	65958	S	222	116	338	0.00000
Komagataeibacter intermedius	66229	S	154	95	249	0.00000
Komagataeibacter diospyri	1932662	S	153	41	194	0.00000
Komagataeibacter sucrofermentans	1053551	S	38	19	57	0.00000
Gluconobacter albidus	318683	S	233	89	322	0.00000
Gluconobacter cerinus	38307	S	209	20	229	0.00000
Gluconobacter roseus	586239	S	170	65	235	0.00000
Gluconobacter oxydans	442	S	167	88	255	0.00000
Gluconobacter potus	2724927	S	119	70	189	0.00000
Gluconobacter frateurii	38308	S	93	18	111	0.00000
Gluconobacter thailandicus	257438	S	83	16	99	0.00000
Gluconobacter japonicus	376620	S	60	8	68	0.00000
Gluconobacter sphaericus	574987	S	59	23	82	0.00000
Asaia lannensis	415421	S	532	187	719	0.00001
Asaia sp. BMEF1	3155932	S	423	12	435	0.00000
Asaia bogorensis	91915	S	292	9	301	0.00000
Rhodovastum atsumiense	504468	S	958	10	968	0.00001
Granulibacter bethesdensis	364410	S	737	10	747	0.00001
Nguyenibacter vanlangensis	1216886	S	331	145	476	0.00000
Nguyenibacter sp. L1	3049350	S	159	77	236	0.00000
Lichenicola cladoniae	1484109	S	364	2	366	0.00000
Lichenicola sp.	2804529	S	265	4	269	0.00000
Pararoseomonas sp. SCSIO 73927	3114537	S	624	101	725	0.00001
Lichenicoccus sp.	2781899	S	613	5	618	0.00000
Rhodopila sp.	2480087	S	599	4	603	0.00000
Acidibrevibacterium fodinaquatile	1969806	S	521	25	546	0.00000
Kozakia baliensis	153496	S	300	20	320	0.00000
Novacetimonas hansenii	436	S	269	15	284	0.00000
Oecophyllibacter saccharovorans	2558360	S	204	0	204	0.00000
Formicincola oecophyllae	2558361	S	172	0	172	0.00000
Gluconacetobacter diazotrophicus	33996	S	166	3	169	0.00000
Neoasaia chiangmaiensis	320497	S	161	3	164	0.00000
Candidatus Kirkpatrickella diaphorinae	2984322	S	154	1	155	0.00000
Parasaccharibacter apium	1510841	S	20	120	140	0.00000
Entomobacter blattae	2762277	S	106	1	107	0.00000
Commensalibacter melissae	2070537	S	33	0	33	0.00000
Swingsia samuiensis	1293412	S	31	1	32	0.00000
Aristophania vespae	2697033	S	15	0	15	0.00000
Neokomagataea tanensis	661191	S	12	0	12	0.00000
Roseomonas marmotae	2768161	S	1293	78	1371	0.00001
Roseomonas gilardii	257708	S	1242	85	1327	0.00001
Roseomonas haemaphysalidis	2768162	S	1223	48	1271	0.00001
Teichococcus cervicalis	204525	S	946	47	993	0.00001
Roseomonas sp. WA12	3466480	S	534	13	547	0.00000
Roseomonas sp. CCTCC AB2023176	3342640	S	278	3	281	0.00000
Roseomonas sp. FDAARGOS_362	2018065	S	17	194	211	0.00000
Roseomonas cutis	2897332	S	812	137	949	0.00001
Roseomonas fluvialis	1750527	S	686	7	693	0.00001
Roseomonas mucosa	207340	S	512	694	1206	0.00001
Sediminicoccus sp. KRV36	3133721	S	722	33	755	0.00001
Sediminicoccus sp. BL-A-41-H5	3421106	S	509	61	570	0.00000
Sediminicoccus rosea	1225128	S	630	102	732	0.00001
Humitalea sp. 24SJ18S-53	3422307	S	770	14	784	0.00001
Roseococcus microcysteis	2771361	S	734	70	804	0.00001
Dankookia sp. P2	3423955	S	655	26	681	0.00000
Muricoccus radiodurans	2231721	S	427	21	448	0.00000
Acidocella sp. MX-AZ03	2697363	S	629	6	635	0.00000
Acidiphilium multivorum	62140	S	81	204	285	0.00000
Acidiphilium cryptum	524	S	50	242	292	0.00000
Acidisoma cladoniae	3040935	S	199	1	200	0.00000
Elioraea tepida	2843330	S	196	0	196	0.00000
Tistrella bauzanensis	657419	S	3720	233	3953	0.00003
Tistrella mobilis	171437	S	3141	321	3462	0.00003
Marinivivus vitaminiproducens	3035935	S	834	4	838	0.00001
Oceanicaulis sp. LC35	3349635	S	974	36	1010	0.00001
Oceanicaulis sp.	1924941	S	272	48	320	0.00000
Oceanicaulis alexandrii	153233	S	201	44	245	0.00000
Glycocaulis alkaliphilus	1434191	S	630	81	711	0.00001
Glycocaulis abyssi	1433403	S	438	64	502	0.00000
Hyphobacterium sp.	2004662	S	495	94	589	0.00000
Hyphobacterium sp. CCMP332	2749086	S	113	41	154	0.00000
Maricaulis maris	74318	S	435	13	448	0.00000
Maricaulis sp. MIT060901	3096993	S	234	7	241	0.00000
Marinicauda algicola	2029849	S	289	23	312	0.00000
Fretibacter rubidus	570162	S	248	0	248	0.00000
Litorimonas sp. WD9-15	3418716	S	117	0	117	0.00000
Litorimonas sp. RW-G-Af-16	3241168	S	62	0	62	0.00000
Algimonas porphyrae	1128113	S	172	0	172	0.00000
Wolbachia endosymbiont (group A) of Lypha dubia	3066146	S	123	100	223	0.00000
Wolbachia endosymbiont (group B) of Gerris lacustris	3066159	S	110	7	117	0.00000
Wolbachia endosymbiont of Dirofilaria (Dirofilaria) immitis	1812115	S	94	2	96	0.00000
Wolbachia endosymbiont (group A) of Rhorus exstirpatorius	3066213	S	65	95	160	0.00000
Wolbachia endosymbiont of Dipetalonema caudispina	1812112	S	56	1	57	0.00000
Wolbachia endosymbiont (group A) of Lasioglossum fulvicorne	3066201	S	53	5	58	0.00000
Wolbachia endosymbiont of Encarsia formosa	77125	S	40	4	44	0.00000
Wolbachia endosymbiont of Ctenocephalides felis wCfeJ	2732594	S	35	1	36	0.00000
Wolbachia endosymbiont (group E) of Neria commutata	3066149	S	19	2	21	0.00000
Wolbachia endosymbiont of Tetranychus urticae	169184	S	15	17	32	0.00000
Wolbachia endosymbiont (group A) of Crataerina pallida	3066144	S	12	8	20	0.00000
Wolbachia pipientis	955	S	30	13	43	0.00000
Ehrlichia ruminantium	779	S	67	1	68	0.00000
Ehrlichia chaffeensis	945	S	50	0	50	0.00000
Ehrlichia japonica	391036	S	42	1	43	0.00000
Ehrlichia canis	944	S	10	0	10	0.00000
Candidatus Mesenet endosymbiont of Agriotes lineatus	3077948	S	161	4	165	0.00000
Neoehrlichia mikurensis	89586	S	12	0	12	0.00000
Candidatus Tisiphia endosymbiont of Nemotelus uliginosus	3077926	S	114	447	561	0.00000
Candidatus Tisiphia endosymbiont of Beris chalybata	3066262	S	27	0	27	0.00000
Rickettsia japonica	35790	S	11	159	170	0.00000
Rickettsia endosymbiont of Polydrusus tereticollis	3066251	S	43	88	131	0.00000
Rickettsia canadensis	788	S	23	0	23	0.00000
Rickettsia prowazekii	782	S	11	0	11	0.00000
Orientia tsutsugamushi	784	S	152	0	152	0.00000
Candidatus Trichorickettsia mobilis	1346319	S	20	0	20	0.00000
Candidatus Bandiella numerosa	2570586	S	156	0	156	0.00000
Candidatus Bandiella euplotis	1664265	S	26	0	26	0.00000
Candidatus Lariskella endosymbiont of Hedychridium roseum	3077949	S	12	65	77	0.00000
Candidatus Fokinia solitaria	1802984	S	25	2	27	0.00000
Rickettsiales endosymbiont of Stachyamoeba lipophora	2486578	S	34	4	38	0.00000
Hyphomonas sp.	87	S	457	40	497	0.00000
Hyphomonas sp. KY3	2016196	S	370	46	416	0.00000
Hyphomonas sp. CACIAM 19H1	1873716	S	256	5	261	0.00000
Hyphomonas sp. FCG-A18	3080019	S	186	0	186	0.00000
Hyphomonas atlantica corrig.	1280948	S	316	40	356	0.00000
Hyphomonas neptunium	81032	S	290	6	296	0.00000
Hirschia baltica	2724	S	163	2	165	0.00000
Candidatus Viadribacter manganicus	1759059	S	68	0	68	0.00000
Hyphococcus formosus	3143534	S	399	9	408	0.00000
Hyphococcus sp.	2038636	S	302	26	328	0.00000
Hyphococcus flavus	1866326	S	53	10	63	0.00000
Parvularcula sp. LCG005	3078805	S	142	1	143	0.00000
Parvularcula sp. IMCC14364	3067902	S	113	0	113	0.00000
Parvularcula bermudensis	208216	S	191	16	207	0.00000
Aquisalinus flavus	1526572	S	285	1	286	0.00000
Candidatus Pelagibacter sp. Uisw_092	3230979	S	414	16	430	0.00000
Candidatus Pelagibacter sp. IMCC9063	1002672	S	157	0	157	0.00000
Candidatus Pelagibacter sp. HIMB1321	1388755	S	141	0	141	0.00000
Candidatus Pelagibacter sp.	2024849	S	116	0	116	0.00000
Candidatus Pelagibacter bacterium nBUS_49	3374196	S	109	5	114	0.00000
Candidatus Pelagibacter bacterium nBUS_27	3374188	S	89	21	110	0.00000
Candidatus Pelagibacter sp. FZCC0015	2268451	S	78	0	78	0.00000
Candidatus Pelagibacter sp. RS40	1977865	S	77	0	77	0.00000
Candidatus Pelagibacter sp. Uisw_099_02	3230981	S	59	1	60	0.00000
Candidatus Pelagibacter bacterium nBUS_33	3374193	S	50	4	54	0.00000
Candidatus Pelagibacter bacterium nBUS_28	3374189	S	26	2	28	0.00000
Candidatus Pelagibacter sp. Uisw_113	3230994	S	21	2	23	0.00000
Candidatus Pelagibacter giovannonii	2563896	S	70	1	71	0.00000
Kordiimonas sp.	1970157	S	328	1	329	0.00000
Kordiimonas sp. SCSIO 12610	2829597	S	80	0	80	0.00000
Kordiimonas sp. SCSIO 12603	2829596	S	23	0	23	0.00000
Kordiimonas pumila	2161677	S	119	0	119	0.00000
Gimibacter soli	3024400	S	413	0	413	0.00000
Temperatibacter marinus	1456591	S	95	0	95	0.00000
Minwuia sp.	2493630	S	324	527	851	0.00001
Paremcibacter congregatus	2043170	S	321	0	321	0.00000
Emcibacter sp.	1979954	S	161	0	161	0.00000
Pseudemcibacter aquimaris	2857064	S	127	0	127	0.00000
Luteithermobacter gelatinilyticus	2582913	S	101	0	101	0.00000
Radicibacter daui	3064829	S	489	2	491	0.00000
Candidatus Cytomitobacter indipagum	2601575	S	65	0	65	0.00000
Candidatus Odyssella acanthamoebae	91604	S	62	0	62	0.00000
Candidatus Bodocaedibacter vickermanii	2741701	S	13	0	13	0.00000
Candidatus Nucleicultrix amoebiphila	1509244	S	70	0	70	0.00000
Candidatus Ponderosibacter sp. Uisw_141_02	3231000	S	111	0	111	0.00000
Candidatus Puniceispirillum marinum	767892	S	102	0	102	0.00000
Candidatus Levibacter sp. Uisw_134_01	3230999	S	15	0	15	0.00000
Sneathiella marina	2950108	S	147	0	147	0.00000
Sneathiella aquimaris	2599305	S	63	0	63	0.00000
Alphaproteobacteria bacterium endosymbiont of Tiliacea citrago	3077944	S	10	0	10	0.00000
Acidithiobacillus sp. AMEEHan	2994951	S	225	4	229	0.00000
Acidithiobacillus sp. M4-SHS-6	3383024	S	167	2	169	0.00000
Acidithiobacillus sulfuriphilus	1867749	S	287	5	292	0.00000
Acidithiobacillus ferriphilus	1689834	S	237	6	243	0.00000
Acidithiobacillus thiooxidans	930	S	225	5	230	0.00000
Acidithiobacillus caldus	33059	S	190	9	199	0.00000
Acidithiobacillus ferridurans	1232575	S	189	210	399	0.00000
Acidithiobacillus ferrivorans	160808	S	109	3	112	0.00000
Acidithiobacillus ferrooxidans	920	S	66	3	69	0.00000
Acidithiobacillus montserratensis	2729135	S	40	0	40	0.00000
Acidithiobacillus ferrianus	2678518	S	18	0	18	0.00000
Acidithiobacillus ferruginosus	3063951	S	17	1	18	0.00000
Thermithiobacillus tepidarius	929	S	127	5	132	0.00000
Hydrogenophilus thermoluteolus	297	S	237	0	237	0.00000
Magnetococcus marinus	1124597	S	206	0	206	0.00000
Candidatus Magnetococcus massalia	451514	S	10	0	10	0.00000
Mariprofundus aestuarium	1921086	S	30	0	30	0.00000
Flavobacterium sp. N2038	2986829	S	681622	39448	721070	0.00525
Flavobacterium sp. 2	308053	S	384707	40442	425149	0.00309
Flavobacterium sp. MDT1-60	1979344	S	285855	11597	297452	0.00216
Flavobacterium sp. GSB-24	2994319	S	262120	17165	279285	0.00203
Flavobacterium sp. P21	3423948	S	248382	39177	287559	0.00209
Flavobacterium sp. N1736	2986823	S	238171	10723	248894	0.00181
Flavobacterium sp. SLB02	2665645	S	233610	16966	250576	0.00182
Flavobacterium sp. KBS0721	1179672	S	231322	19674	250996	0.00183
Flavobacterium sp. xlx-214	2654325	S	221691	5192	226883	0.00165
Flavobacterium sp. KACC 22761	3092665	S	216053	41186	257239	0.00187
Flavobacterium sp. YJ01	3031997	S	208352	24726	233078	0.00170
Flavobacterium sp. PS2	3384157	S	183378	9752	193130	0.00141
Flavobacterium sp. TR2	2977321	S	177868	19581	197449	0.00144
Flavobacterium sp. MMS24-S5	3416605	S	164436	20515	184951	0.00135
Flavobacterium sp. KACC 22763	3025668	S	162424	28397	190821	0.00139
Flavobacterium sp. KACC 22758	3025667	S	147378	39271	186649	0.00136
Flavobacterium sp. N502536	2986837	S	144242	10049	154291	0.00112
Flavobacterium sp. CLA17	2724135	S	141035	4081	145116	0.00106
Flavobacterium sp. 140616W15	2478552	S	127111	6659	133770	0.00097
Flavobacterium sp. LPB0248	2614441	S	107396	20771	128167	0.00093
Flavobacterium sp. CFS9	3143118	S	106584	20482	127066	0.00092
Flavobacterium sp. B183	907046	S	91705	58290	149995	0.00109
Flavobacterium sp. I3-2	2748319	S	67195	6800	73995	0.00054
Flavobacterium sp. N502540	2986838	S	65960	30437	96397	0.00070
Flavobacterium sp. TMP13	3425950	S	47396	686	48082	0.00035
Flavobacterium sp.	239	S	41823	2324	44147	0.00032
Flavobacterium sp. ZE23DGlu08	3059026	S	39332	6330	45662	0.00033
Flavobacterium sp. M31R6	2739062	S	38103	1202	39305	0.00029
Flavobacterium sp. PL002	1897058	S	36159	1099	37258	0.00027
Flavobacterium sp. Sr18	935222	S	29603	2835	32438	0.00024
Flavobacterium sp. W1B	3394146	S	29422	875	30297	0.00022
Flavobacterium sp. KS-LB2	3120525	S	29363	3212	32575	0.00024
Flavobacterium sp. N3904	2986835	S	24220	651	24871	0.00018
Flavobacterium sp. K5-23	2746225	S	21177	721	21898	0.00016
Flavobacterium sp. NG2	3097547	S	19133	323	19456	0.00014
Flavobacterium sp. SM2513	3424766	S	18446	244	18690	0.00014
Flavobacterium sp. N2820	2986834	S	16200	845	17045	0.00012
Flavobacterium sp. CECT 9288	2845819	S	15328	9257	24585	0.00018
Flavobacterium sp. N2270	2986831	S	13906	1147	15053	0.00011
Flavobacterium sp. WV_118_3	3151764	S	12863	159	13022	0.00009
Flavobacterium sp. HNIBRBA15423	3458683	S	11119	106	11225	0.00008
Flavobacterium sp. CHNK8	2871165	S	10464	6815	17279	0.00013
Flavobacterium sp. N1994	2986827	S	10299	141	10440	0.00008
Flavobacterium sp. 25HG05S-40	3458682	S	9683	172	9855	0.00007
Flavobacterium sp. JP2137	3414510	S	9609	173	9782	0.00007
Flavobacterium sp. N1719	2885633	S	9023	61	9084	0.00007
Flavobacterium sp. WC2430	3234137	S	3715	17758	21473	0.00016
Flavobacterium sp. IMCC34518	3003623	S	3650	1458	5108	0.00004
Flavobacterium sp. N2469	2986832	S	2674	1443990	1446664	0.01053
Flavobacterium sp. WC2421	3234138	S	2314	68251	70565	0.00051
Flavobacterium sp. WC2409	3234139	S	2188	59723	61911	0.00045
Flavobacterium sp. CS20	2775246	S	1309	88	1397	0.00001
Flavobacterium sp. WC2416	3234141	S	435	42358	42793	0.00031
Flavobacterium sp. TN-1	3463858	S	99	927	1026	0.00001
Flavobacterium sp. WC2429	3234140	S	62	3758	3820	0.00003
Flavobacterium sp. N1946	2986826	S	19	16633	16652	0.00012
Flavobacterium sp. N503310	2986839	S	11	244	255	0.00000
Flavobacterium johnsoniae	986	S	573925	52792	626717	0.00456
Flavobacterium anhuiense	459526	S	445497	12766	458263	0.00334
Flavobacterium microcysteis	2596891	S	382666	10075	392741	0.00286
Flavobacterium ginsengisoli	871694	S	375415	16379	391794	0.00285
Flavobacterium soyae	2903098	S	368733	7569	376302	0.00274
Flavobacterium ginsenosidimutans	687844	S	330236	10189	340425	0.00248
uncultured Flavobacterium sp.	165435	S	311869	6181	318050	0.00231
Flavobacterium panacagri	3034146	S	234612	7378	241990	0.00176
Flavobacterium crocinum	2183896	S	232935	7278	240213	0.00175
Flavobacterium bizetiae	2704140	S	222192	5396	227588	0.00166
Flavobacterium endoglycinae	2816357	S	208004	2728	210732	0.00153
Flavobacterium gelatinilyticum	3003260	S	197712	4193	201905	0.00147
Flavobacterium pectinovorum	29533	S	192839	3274	196113	0.00143
Flavobacterium collinsii	1114861	S	172843	5733	178576	0.00130
Flavobacterium luteolum	3003259	S	157689	10729	168418	0.00123
Flavobacterium fluviale	2249356	S	149879	5239	155118	0.00113
Flavobacterium dauae	1563479	S	144469	7268	151737	0.00110
Flavobacterium cupriresistens	2893885	S	144124	2423	146547	0.00107
Flavobacterium humidisoli	2937442	S	125746	5083	130829	0.00095
Flavobacterium nitrogenifigens	1617283	S	117554	9689	127243	0.00093
Flavobacterium flavipigmentatum	2893884	S	99895	1446	101341	0.00074
Flavobacterium adiutor	3400345	S	81122	1544	82666	0.00060
Flavobacterium flavigenum	3003258	S	76484	2362	78846	0.00057
Flavobacterium gyeonganense	1310418	S	68592	2575	71167	0.00052
Flavobacterium tructae	1114873	S	49831	5443	55274	0.00040
Flavobacterium marginilacus	3003256	S	34473	289	34762	0.00025
Flavobacterium faecale	1355330	S	33188	435	33623	0.00024
Flavobacterium aestivum	3003257	S	33157	311	33468	0.00024
Flavobacterium aquiphilum	3003261	S	32789	315	33104	0.00024
Flavobacterium commune	1306519	S	30417	327	30744	0.00022
Flavobacterium galactosidilyticum	2893886	S	30110	549	30659	0.00022
Flavobacterium gilvum	1492737	S	29336	224	29560	0.00022
Flavobacterium eburneipallidum	3003263	S	29256	243	29499	0.00021
Flavobacterium lacustre	3016339	S	23471	249	23720	0.00017
Flavobacterium acetivorans	2893883	S	22170	332	22502	0.00016
Flavobacterium agricola	2870839	S	18983	510	19493	0.00014
Flavobacterium nitratireducens	992289	S	18318	214	18532	0.00013
Flavobacterium azooxidireducens	1871076	S	16482	94	16576	0.00012
Flavobacterium ammonificans	1751056	S	15865	247	16112	0.00012
Flavobacterium haoranii	683124	S	15491	506	15997	0.00012
Flavobacterium capsici	3075618	S	14713	90	14803	0.00011
Flavobacterium okayamense	2830782	S	13832	478	14310	0.00010
Flavobacterium psychrophilum	96345	S	13598	207	13805	0.00010
Flavobacterium ovatum	1928857	S	13243	165	13408	0.00010
Flavobacterium ammoniigenes	1751095	S	13234	196	13430	0.00010
Flavobacterium limnophilum	3003262	S	12836	142	12978	0.00009
Flavobacterium channae	2897181	S	12700	378	13078	0.00010
Flavobacterium cerinum	2502784	S	12564	148	12712	0.00009
Flavobacterium nackdongense	2547394	S	11930	62	11992	0.00009
Flavobacterium psychrotrophum	2294119	S	11849	46	11895	0.00009
Flavobacterium rivulicola	2732161	S	10397	156	10553	0.00008
Flavobacterium crassostreae	1763534	S	10352	160	10512	0.00008
Flavobacterium columnare	996	S	10026	842	10868	0.00008
Flavobacterium sangjuense	2518177	S	9716	49	9765	0.00007
Flavobacterium indicum	312277	S	9411	90	9501	0.00007
Flavobacterium sediminis	2201181	S	9404	699	10103	0.00007
Flavobacterium ardleyense	2038737	S	8687	63	8750	0.00006
Flavobacterium oreochromis	2906078	S	8172	189	8361	0.00006
Flavobacterium cyclinae	2895947	S	7956	167	8123	0.00006
Flavobacterium kingsejongi	1678728	S	7465	138	7603	0.00006
Flavobacterium inviolabile	2748320	S	7085	85	7170	0.00005
Flavobacterium nakdongense	3073563	S	6773	61	6834	0.00005
Flavobacterium praedii	3002900	S	6428	2358	8786	0.00006
Flavobacterium branchiophilum	55197	S	6169	30	6199	0.00005
Flavobacterium davisii	2906077	S	6087	161	6248	0.00005
Flavobacterium alkalisoli	2602769	S	5637	27	5664	0.00004
Flavobacterium mekongense	3379707	S	5581	47	5628	0.00004
Flavobacterium arcticum	1784713	S	4629	39	4668	0.00003
Flavobacterium litorale	2856519	S	4540	27	4567	0.00003
Flavobacterium plurextorum	1114867	S	3903	2740420	2744323	0.01997
Flavobacterium pallidum	2172098	S	3021	16	3037	0.00002
Flavobacterium magnum	2162713	S	2670	14	2684	0.00002
Flavobacterium album	2175091	S	2498	10	2508	0.00002
Flavobacterium covae	2906076	S	1868	4701	6569	0.00005
Flavobacterium panici	2654843	S	479	11081	11560	0.00008
Myroides sp. JBRI-B21084	3119977	S	52927	2959	55886	0.00041
Myroides sp. A21	1583100	S	217	607	824	0.00001
Myroides sp. ZB35	1458492	S	113	301	414	0.00000
Myroides odoratus	256	S	10527	173	10700	0.00008
Myroides fluvii	2572594	S	7163	159	7322	0.00005
Myroides phaeus	702745	S	4402	162	4564	0.00003
Myroides albus	2562892	S	2511	210	2721	0.00002
Myroides odoratimimus	76832	S	2370	3851	6221	0.00005
Myroides profundi	480520	S	1983	262	2245	0.00002
Paenimyroides ceti	395087	S	33563	973	34536	0.00025
Paenimyroides aestuarii	2968490	S	20443	8531	28974	0.00021
Polaribacter sp. SA4-10	754397	S	1885	48	1933	0.00001
Polaribacter sp. KT25b	1855336	S	1835	66	1901	0.00001
Polaribacter sp. R77954	3093870	S	1704	65	1769	0.00001
Polaribacter sp. ALD11	2058137	S	1701	101	1802	0.00001
Polaribacter sp. SA4-12	1312072	S	1573	60	1633	0.00001
Polaribacter sp. MED152	313598	S	1280	68	1348	0.00001
Polaribacter sp. Hel1_33_78	1336804	S	1199	33	1232	0.00001
Polaribacter sp. HL-MS24	3077735	S	1036	47	1083	0.00001
Polaribacter sp. Q13	2806551	S	626	73	699	0.00001
Polaribacter sp. NJDZ03	2855841	S	596	234	830	0.00001
Polaribacter sp. L3A8	2686361	S	477	138	615	0.00000
Polaribacter sp. BM10	1529069	S	309	280	589	0.00000
Polaribacter sp. R2A056_3_33	2745563	S	249	802	1051	0.00001
Polaribacter sp. AHE13PA	2745562	S	172	530	702	0.00001
Polaribacter sp. KT 15	1896175	S	56	88	144	0.00000
Polaribacter haliotis	1888915	S	2287	451	2738	0.00002
Polaribacter huanghezhanensis	1354726	S	1782	29	1811	0.00001
Polaribacter reichenbachii	996801	S	1566	50	1616	0.00001
Polaribacter dokdonensis	326329	S	1340	137	1477	0.00001
Polaribacter gangjinensis	574710	S	1185	59	1244	0.00001
Polaribacter cellanae	2818493	S	1125	33	1158	0.00001
Polaribacter tangerinus	1920034	S	1061	31	1092	0.00001
Polaribacter vadi	1774273	S	1051	28	1079	0.00001
Polaribacter atrinae	1333662	S	923	232	1155	0.00001
Polaribacter pectinis	2738844	S	834	170	1004	0.00001
Polaribacter litorisediminis	1908341	S	819	43	862	0.00001
Polaribacter pacificus	1775173	S	813	47	860	0.00001
Polaribacter batillariae	2808900	S	752	19	771	0.00001
Polaribacter marinivivus	1524260	S	598	51	649	0.00000
Polaribacter sejongensis	985043	S	597	250	847	0.00001
Polaribacter marinaquae	1642819	S	377	727	1104	0.00001
Polaribacter butkevichii	218490	S	276	600	876	0.00001
Polaribacter staleyi	2022337	S	245	444	689	0.00001
Tenacibaculum sp. A30	3442644	S	1394	535	1929	0.00001
Tenacibaculum sp. nBUS_03	3395320	S	860	16	876	0.00001
Tenacibaculum sp. SZ-18	754423	S	742	21	763	0.00001
Tenacibaculum sp. C7A-26P2	3447504	S	624	13	637	0.00000
Tenacibaculum sp. ZS6-P6	3447503	S	588	27	615	0.00000
Tenacibaculum sp. HL-MS23	3077734	S	116	1076	1192	0.00001
Tenacibaculum sp. IMCC1	3479274	S	44	458	502	0.00000
Tenacibaculum ovolyticum	104270	S	1812	155	1967	0.00001
Tenacibaculum platacis	3137852	S	1755	44	1799	0.00001
Tenacibaculum tangerinum	3038772	S	1569	38	1607	0.00001
Tenacibaculum maritimum	107401	S	1285	50	1335	0.00001
Tenacibaculum ascidiaceicola	1699411	S	1164	131	1295	0.00001
Tenacibaculum vairaonense	3137860	S	1111	36	1147	0.00001
Tenacibaculum retecalamus	3018315	S	1038	178	1216	0.00001
Tenacibaculum soleae	447689	S	1012	233	1245	0.00001
Tenacibaculum insulae	2029677	S	988	173	1161	0.00001
Tenacibaculum dicentrarchi	669041	S	980	307	1287	0.00001
Tenacibaculum todarodis	1850252	S	932	39	971	0.00001
Tenacibaculum polynesiense	3137857	S	896	55	951	0.00001
Tenacibaculum finnmarkense	2781243	S	826	231	1057	0.00001
Tenacibaculum aestuariivivum	2006131	S	612	85	697	0.00001
Tenacibaculum jejuense	584609	S	608	34	642	0.00000
Tenacibaculum singaporense	2358479	S	451	272	723	0.00001
Tenacibaculum pacificus	3018314	S	372	78	450	0.00000
Tenacibaculum mesophilum	104268	S	218	901	1119	0.00001
Capnocytophaga sp. ARDL2	3238809	S	11218	623	11841	0.00009
Capnocytophaga sp. oral taxon 878	1316596	S	735	58	793	0.00001
Capnocytophaga sp. oral taxon 864	1316593	S	66	83	149	0.00000
Capnocytophaga sp. H4358	1945658	S	52	218	270	0.00000
Capnocytophaga canimorsus	28188	S	1495	123	1618	0.00001
Capnocytophaga stomatis	1848904	S	1229	85	1314	0.00001
Capnocytophaga sputigena	1019	S	1080	93	1173	0.00001
Capnocytophaga cynodegmi	28189	S	737	108	845	0.00001
Capnocytophaga ochracea	1018	S	397	377	774	0.00001
Capnocytophaga granulosa	45242	S	366	5	371	0.00000
Capnocytophaga haemolytica	45243	S	280	7	287	0.00000
Capnocytophaga gingivalis	1017	S	206	6	212	0.00000
Capnocytophaga endodontalis	2708117	S	133	25	158	0.00000
Capnocytophaga canis	1848903	S	43	118	161	0.00000
Capnocytophaga leadbetteri	327575	S	16	40	56	0.00000
Winogradskyella sp. HaHa_3_26	2749995	S	1717	221	1938	0.00001
Winogradskyella sp. R77965	3093872	S	1208	27	1235	0.00001
Winogradskyella sp. PC D3.3	3479081	S	1143	88	1231	0.00001
Winogradskyella sp. PG-2	754409	S	1137	21	1158	0.00001
Winogradskyella sp. MH6	2929510	S	1076	40	1116	0.00001
Winogradskyella sp. PC-19	754417	S	1010	60	1070	0.00001
Winogradskyella sp. HB-48	3416808	S	734	18	752	0.00001
Winogradskyella sp.	1883156	S	694	2	696	0.00001
Winogradskyella sp. J14-2	1936080	S	226	5	231	0.00000
Winogradskyella sp. MIT101101	3098297	S	187	343	530	0.00000
Winogradskyella sediminis	1382466	S	969	88	1057	0.00001
Winogradskyella helgolandensis	2697010	S	939	98	1037	0.00001
Winogradskyella forsetii	2686077	S	520	105	625	0.00000
Winogradskyella schleiferi	2686078	S	509	176	685	0.00000
Winogradskyella ouciana	2608631	S	305	598	903	0.00001
Aquimarina sp. ERC-38	2949996	S	2655	15	2670	0.00002
Aquimarina sp. TRL1	2736252	S	1296	25	1321	0.00001
Aquimarina sp. AD10	1714849	S	1159	25	1184	0.00001
Aquimarina sp. LLG6339-5	3160830	S	709	503	1212	0.00001
Aquimarina sp. BL5	1714860	S	613	24	637	0.00000
Aquimarina sp. AD1	1714848	S	569	468	1037	0.00001
Aquimarina sp. Aq107	1191912	S	379	323	702	0.00001
Aquimarina muelleri	279356	S	1648	43	1691	0.00001
Aquimarina macrocephali	666563	S	986	23	1009	0.00001
Aquimarina rhodophyticola	3342246	S	739	23	762	0.00001
Aquimarina besae	3342247	S	721	35	756	0.00001
Formosa sp. A9	3442641	S	1865	27	1892	0.00001
Formosa sp. L2A11	2686363	S	1290	56	1346	0.00001
Formosa sp. Hel3_A1_48	1336795	S	686	60	746	0.00001
Formosa sp. Hel1_33_131	1336794	S	670	5	675	0.00000
Formosa sp. Hel1_31_208	1798225	S	597	10	607	0.00000
Formosa sp. 3Alg 14/1	3382190	S	491	459	950	0.00001
Formosa sp. 4Alg 33	3382189	S	307	284	591	0.00000
Formosa sediminum	2594004	S	1091	40	1131	0.00001
Formosa agariphila	320324	S	922	168	1090	0.00001
Maribacter sp. R86514	3093854	S	895	90	985	0.00001
Maribacter sp. HTCC2170	313603	S	886	5	891	0.00001
Maribacter sp. IgM3_T14_3	3415140	S	589	51	640	0.00000
Maribacter sp. MJ134	2496865	S	493	99	592	0.00000
Maribacter sp. X9	3402159	S	449	4	453	0.00000
Maribacter sp. BPC-D8	3053613	S	431	30	461	0.00000
Maribacter sp. R77961	3093871	S	367	50	417	0.00000
Maribacter sp. LLG6340-A2	3160834	S	123	6	129	0.00000
Maribacter sp. 1_2014MBL_MicDiv	1644130	S	81	211	292	0.00000
Maribacter hydrothermalis	1836467	S	787	15	802	0.00001
Maribacter halichondriae	2980554	S	479	1	480	0.00000
Maribacter aestuarii	1130723	S	385	29	414	0.00000
Maribacter dokdonensis	320912	S	384	455	839	0.00001
Maribacter cobaltidurans	1178778	S	364	92	456	0.00000
Maribacter litoralis	2059726	S	345	43	388	0.00000
Maribacter litopenaei	2976127	S	320	10	330	0.00000
Flagellimonas sp.	2058762	S	1833	635	2468	0.00002
Flagellimonas sp. CMM7	2654676	S	416	10	426	0.00000
Flagellimonas sp. HMM57	2905121	S	273	1	274	0.00000
Flagellimonas rhodophyticola	3410791	S	652	9	661	0.00000
Flagellimonas marinaquae	254955	S	530	644	1174	0.00001
Flagellimonas maritima	1383885	S	511	2	513	0.00000
Flagellimonas ulvae	3410790	S	477	2	479	0.00000
Flagellimonas oceani	2698672	S	404	115	519	0.00000
Flagellimonas alvinocaridis	2530200	S	379	11	390	0.00000
Flagellimonas ruestringensis	111501	S	361	12	373	0.00000
Flagellimonas cixiensis	3228750	S	181	1	182	0.00000
Flagellimonas lutaonensis	516051	S	115	7	122	0.00000
Flagellimonas aurea	2915619	S	52	4	56	0.00000
Flagellimonas alginilytica	3177515	S	47	109	156	0.00000
Kordia sp. SMS9	2282170	S	1405	88	1493	0.00001
Kordia sp.	1965332	S	1052	117	1169	0.00001
Kordia antarctica	1218801	S	2033	36	2069	0.00002
Kordia algicida	221066	S	1806	47	1853	0.00001
Nonlabens sp. MB-3u-79	2058134	S	925	18	943	0.00001
Nonlabens sp. Ci31	2608253	S	688	8	696	0.00001
Nonlabens sp. Hel1_33_55	1336802	S	435	6	441	0.00000
Nonlabens sp. SY33080	2719911	S	406	178	584	0.00000
Nonlabens sp. MIC269	1476901	S	126	65	191	0.00000
Nonlabens sp. SCSIO 43208	2793009	S	19	9	28	0.00000
Nonlabens dokdonensis	328515	S	1271	27	1298	0.00001
Nonlabens ulvanivorans	906888	S	622	17	639	0.00000
Nonlabens marinus	930802	S	532	12	544	0.00000
Nonlabens ponticola	2496866	S	344	5	349	0.00000
Nonlabens spongiae	331648	S	301	20	321	0.00000
Nonlabens tegetincola	323273	S	82	62	144	0.00000
Mariniflexile litorale	3045158	S	2168	32	2200	0.00002
Mariniflexile rhizosphaerae	2027857	S	1816	24	1840	0.00001
Mariniflexile fucanivorans	264023	S	1414	24	1438	0.00001
Mariniflexile sp. AS56	3063957	S	462	31	493	0.00000
Algibacter sp. AS12	3135773	S	1199	23	1222	0.00001
Algibacter sp. L1A34	2686365	S	843	48	891	0.00001
Algibacter sp. R77976	3093873	S	780	28	808	0.00001
Algibacter sp. L3A6	2686366	S	700	204	904	0.00001
Algibacter lectus	221126	S	1090	292	1382	0.00001
Algibacter luteus	1178825	S	682	15	697	0.00001
Lacinutrix sp. WUR7	2653681	S	1246	38	1284	0.00001
Lacinutrix sp. 5H-3-7-4	983544	S	922	66	988	0.00001
Lacinutrix sp. Bg11-31	2057808	S	922	24	946	0.00001
Lacinutrix undariae	1639656	S	1371	122	1493	0.00001
Lacinutrix neustonica	2980107	S	534	41	575	0.00000
Lacinutrix venerupis	1486034	S	530	27	557	0.00000
Aequorivita ciconiae	2494375	S	1131	31	1162	0.00001
Aequorivita nionensis	1287690	S	1096	652	1748	0.00001
Aequorivita marisscotiae	3040348	S	1086	240	1326	0.00001
Aequorivita sublithincola	101385	S	983	66	1049	0.00001
Cellulophaga sp. L1A9	2686362	S	877	121	998	0.00001
Cellulophaga sp. HaHaR_3_176	1942464	S	447	13	460	0.00000
Cellulophaga sp. HaHa_2_1	2749994	S	79	249	328	0.00000
Cellulophaga lytica	979	S	1472	170	1642	0.00001
Cellulophaga omnivescoria	1888890	S	566	69	635	0.00000
Cellulophaga algicola	59600	S	519	18	537	0.00000
Cellulophaga baltica	76594	S	486	128	614	0.00000
Gramella sp. MT6	2705471	S	888	23	911	0.00001
Gramella sp. MAR_2010_147	1250205	S	653	10	663	0.00000
Christiangramia sp. OXR-203	3100176	S	487	93	580	0.00000
Christiangramia sp. LLG6405-1	3160832	S	210	19	229	0.00000
Christiangramia flava	1486245	S	778	44	822	0.00001
Christiangramia forsetii	411153	S	688	41	729	0.00001
Christiangramia echinicola	279359	S	395	6	401	0.00000
Christiangramia salexigens	1913577	S	391	4	395	0.00000
Christiangramia fulva	2126553	S	317	4	321	0.00000
Leeuwenhoekiella sp. H156	3450128	S	699	7	706	0.00001
Leeuwenhoekiella sp. LLG6367-2.1	3160833	S	309	12	321	0.00000
Leeuwenhoekiella sp. ZYFB001	2719912	S	273	158	431	0.00000
Leeuwenhoekiella sp. A16	3141462	S	110	1033	1143	0.00001
Leeuwenhoekiella sp. A2	3141460	S	26	323	349	0.00000
Leeuwenhoekiella palythoae	573501	S	667	460	1127	0.00001
Leeuwenhoekiella obamensis	3119018	S	491	53	544	0.00000
Galbibacter sp. BG1	1170699	S	4128	167	4295	0.00003
Vaginella massiliensis	1816680	S	4077	389	4466	0.00003
Lutibacter sp. A80	2918453	S	1215	127	1342	0.00001
Lutibacter sp. A64	2918526	S	893	92	985	0.00001
Lutibacter profundi	1622118	S	1304	24	1328	0.00001
Zobellia laminariae	248906	S	1437	90	1527	0.00001
Zobellia alginiliquefaciens	3032586	S	797	16	813	0.00001
Zobellia nedashkovskayae	2779510	S	479	58	537	0.00000
Zobellia galactanivorans	63186	S	382	8	390	0.00000
Zobellia russellii	248907	S	341	7	348	0.00000
Seonamhaeicola sp. MEBiC01930	2976768	S	1134	14	1148	0.00001
Seonamhaeicola sp. S2-3	1936081	S	1092	28	1120	0.00001
Seonamhaeicola sp. ML3	2937786	S	819	6	825	0.00001
Amniculibacterium sp. G2-70	2767188	S	3018	251	3269	0.00002
Dokdonia sp. 4H-3-7-5	983548	S	229	211	440	0.00000
Dokdonia sp. PRO95	1239415	S	160	1190	1350	0.00001
Dokdonia sp. Dokd-P16	2173169	S	79	60	139	0.00000
Dokdonia sp. R86516	3093856	S	74	551	625	0.00000
Dokdonia sp. LLG6352-1	3160831	S	37	149	186	0.00000
Dokdonia donghaensis	326320	S	113	161	274	0.00000
Wenyingzhuangia sp. IMCC45574	3479082	S	778	23	801	0.00001
Wenyingzhuangia sp. IMCC45467	3478764	S	622	47	669	0.00000
Wenyingzhuangia sp. IMCC45533	3478765	S	191	19	210	0.00000
Wenyingzhuangia fucanilytica	1790137	S	1021	37	1058	0.00001
Olleya sp. R77988	3093875	S	1428	36	1464	0.00001
Olleya sp. HaHaR_3_96	2745560	S	421	484	905	0.00001
Olleya sp. YS	3028318	S	276	8	284	0.00000
Olleya sp. Bg11-27	2058135	S	46	53	99	0.00000
Zunongwangia sp. SCSIO 43204	2779359	S	758	131	889	0.00001
Zunongwangia sp. HRR-M8	3015170	S	389	541	930	0.00001
Zunongwangia sp. HGR-M22	3015168	S	99	131	230	0.00000
Zunongwangia profunda	398743	S	509	109	618	0.00000
Mangrovimonas cancribranchiae	3080055	S	1123	17	1140	0.00001
Mangrovimonas sp. YM274	3070660	S	984	18	1002	0.00001
Flavivirga abyssicola	3063533	S	1278	109	1387	0.00001
Flavivirga eckloniae	1803846	S	676	40	716	0.00001
Salegentibacter salegens	143223	S	647	9	656	0.00000
Salegentibacter sp. T436	1729720	S	552	238	790	0.00001
Salegentibacter mishustinae	270918	S	456	99	555	0.00000
Salegentibacter agarivorans	345907	S	255	91	346	0.00000
Antarcticibacterium sp. 1MA-6-2	2908210	S	1180	24	1204	0.00001
Antarcticibacterium arcticum	2585771	S	454	6	460	0.00000
Antarcticibacterium flavum	2058175	S	243	12	255	0.00000
Pontimicrobium sp. IMCC45349	3391574	S	1114	49	1163	0.00001
Pontimicrobium sp. SW4	3153519	S	724	10	734	0.00001
Mesoflavibacter sp. SCSIO 43206	2779362	S	770	214	984	0.00001
Mesoflavibacter profundi	2708110	S	17	840	857	0.00001
Arenibacter algicola	616991	S	1025	131	1156	0.00001
Arenibacter antarcticus	2040469	S	709	3	712	0.00001
Psychroserpens sp. MEBiC05023	517748	S	750	58	808	0.00001
Psychroserpens sp. NJDZ02	2570561	S	318	73	391	0.00000
Psychroserpens ponticola	2932268	S	585	47	632	0.00000
Rasiella sp. SM2506	3423914	S	982	7	989	0.00001
Rasiella rasia	2744027	S	702	7	709	0.00001
Aureibaculum algae	2584122	S	1623	24	1647	0.00001
Aestuariibaculum sp. YM273	3070659	S	840	27	867	0.00001
Aestuariibaculum lutulentum	2920935	S	739	22	761	0.00001
Bizionia sp. M204	2675331	S	863	31	894	0.00001
Algorimicrobium bowmanii	3476336	S	669	23	692	0.00001
Imtechella halotolerans	1165090	S	1488	14	1502	0.00001
Siansivirga zeaxanthinifaciens	762954	S	1435	35	1470	0.00001
Allomuricauda sp. R78024	3093867	S	673	25	698	0.00001
Allomuricauda sp. SCSIO 64092	2908842	S	317	0	317	0.00000
Allomuricauda sp. SCSIO 65647	2908843	S	298	0	298	0.00000
Urechidicola croceus	1850246	S	1218	124	1342	0.00001
Marixanthomonas sp. SCSIO 43207	2779360	S	1081	56	1137	0.00001
Salinimicrobium sp. TIG7-5_MAKvit	3121289	S	147	302	449	0.00000
Salinimicrobium sp. 3283s	3114359	S	60	131	191	0.00000
Salinimicrobium tongyeongense	2809707	S	336	64	400	0.00000
Psychroflexus sp. ALD_RP9	2777186	S	723	6	729	0.00001
Psychroflexus torquis	57029	S	188	0	188	0.00000
Ulvibacterium sp.	2665914	S	871	0	871	0.00001
Zhouia spongiae	2202721	S	864	36	900	0.00001
Robiginitalea sp. IMCC43444	3459121	S	356	26	382	0.00000
Robiginitalea sp. IMCC44478	3459122	S	328	23	351	0.00000
Robiginitalea biformata	252307	S	91	0	91	0.00000
Flaviramulus sp. BrNp1-15	2916754	S	810	25	835	0.00001
Candidatus Marifrigoribacter sp. Uisw_064	3230970	S	806	11	817	0.00001
Hwangdonia lutea	3075823	S	760	33	793	0.00001
Patiriisocius sp. Uisw_017	3230968	S	426	4	430	0.00000
Patiriisocius sp. Uisw_047	3230969	S	326	6	332	0.00000
Tamlana sp. s12	1630406	S	708	94	802	0.00001
Pseudalgibacter alginicilyticus	1736674	S	690	25	715	0.00001
Abyssalbus ytuae	2926907	S	673	2	675	0.00000
Gillisia sp. Hel1_33_143	1336796	S	670	66	736	0.00001
Thalassobellus suaedae	3074124	S	622	15	637	0.00000
Yeosuana sp. AK3	3476459	S	620	15	635	0.00000
Changchengzhania lutea	2049305	S	587	6	593	0.00000
Aegicerativicinus sediminis	2893202	S	564	2	566	0.00000
Euzebyella marina	1761453	S	548	60	608	0.00000
Croceibacter atlanticus	313588	S	522	20	542	0.00000
Allotamlana fucoidanivorans	2583814	S	486	6	492	0.00000
Muriicola soli	2507538	S	468	2	470	0.00000
Oceanihabitans sp. IOP_32	2529032	S	437	33	470	0.00000
Sediminicola sp. YIK13	1453352	S	405	2	407	0.00000
Pseudotamlana carrageenivorans	2069432	S	394	45	439	0.00000
Gilvibacter sp.	2729997	S	74	198	272	0.00000
Gilvibacter sp. SZ-19	754429	S	31	84	115	0.00000
Candidatus Arcticimaribacter forsetii	2820661	S	344	6	350	0.00000
Daejeonia sp. YH14	3439042	S	324	23	347	0.00000
Pukyongia salina	2094025	S	281	2	283	0.00000
Aggregatimonas sangjinii	2583587	S	280	0	280	0.00000
Constantimarinum furrinae	2562285	S	231	3	234	0.00000
Croceiramulus getboli	3038202	S	207	0	207	0.00000
Lutimonas zeaxanthinifaciens	3060215	S	196	0	196	0.00000
Sinomicrobium kalidii	2900738	S	182	0	182	0.00000
Costertonia aggregata	343403	S	109	7	116	0.00000
Empedobacter brevis	247	S	652162	29512	681674	0.00496
Empedobacter falsenii	343874	S	11964	3555	15519	0.00011
Empedobacter stercoris	1628248	S	2851	1617	4468	0.00003
Chryseobacterium sp. POL2	2713414	S	3307	311	3618	0.00003
Chryseobacterium sp. 3008163	2478663	S	2326	220	2546	0.00002
Chryseobacterium sp. Y16C	2920939	S	2041	545	2586	0.00002
Chryseobacterium sp. CBSDS_008	3415265	S	1782	140	1922	0.00001
Chryseobacterium sp. T16E-39	2015076	S	1779	57	1836	0.00001
Chryseobacterium sp. JJR-5R	3093923	S	1495	20	1515	0.00001
Chryseobacterium sp. StRB126	878220	S	1486	111	1597	0.00001
Chryseobacterium sp. PMSZPI	1033900	S	1347	78	1425	0.00001
Chryseobacterium sp. G0201	2487065	S	1284	92	1376	0.00001
Chryseobacterium sp. S-02	3404064	S	1220	62	1282	0.00001
Chryseobacterium sp. MYb264	2745153	S	1078	42	1120	0.00001
Chryseobacterium sp. G0162	2487063	S	1064	408	1472	0.00001
Chryseobacterium sp. C-71	2893882	S	934	61	995	0.00001
Chryseobacterium sp. MEBOG06	2879938	S	874	40	914	0.00001
Chryseobacterium sp. POE27	3138177	S	815	84	899	0.00001
Chryseobacterium sp. ZHDP1	2838877	S	782	241	1023	0.00001
Chryseobacterium sp. CT-SW4	3459744	S	753	11	764	0.00001
Chryseobacterium sp. MEBOG07	2879939	S	729	40	769	0.00001
Chryseobacterium sp. IHB B 17019	1721091	S	676	20	696	0.00001
Chryseobacterium sp. KCF3-3	3231511	S	640	156	796	0.00001
Chryseobacterium sp. G0186	2487064	S	601	149	750	0.00001
Chryseobacterium sp. M5	3379128	S	590	420	1010	0.00001
Chryseobacterium sp. MMS23-Vi53	3386644	S	558	21	579	0.00000
Chryseobacterium sp. HR92	3094839	S	443	90	533	0.00000
Chryseobacterium sp. SNU WT5	2594269	S	411	38	449	0.00000
Chryseobacterium sp. PTM-20240506	3400631	S	368	280	648	0.00000
Chryseobacterium sp. MA9	2966625	S	319	58	377	0.00000
Chryseobacterium sp. 6424	2039166	S	306	20	326	0.00000
Chryseobacterium sp. PET-29	2983267	S	303	327	630	0.00000
Chryseobacterium sp. R2ACT005	3416668	S	298	429	727	0.00001
Chryseobacterium sp. CP-77	3116594	S	219	403	622	0.00000
Chryseobacterium sp.	1871047	S	181	12	193	0.00000
Chryseobacterium sp. Chry.R1	3139392	S	179	137	316	0.00000
Chryseobacterium sp. SG20098	3074145	S	175	754	929	0.00001
Chryseobacterium sp. WX	3031803	S	155	890	1045	0.00001
Chryseobacterium sp. JV274	1932669	S	127	743	870	0.00001
Chryseobacterium sp. PCH239	2825845	S	48	261	309	0.00000
Chryseobacterium indologenes	253	S	8900	1245	10145	0.00007
Chryseobacterium shandongense	1493872	S	8485	1702	10187	0.00007
Chryseobacterium scophthalmum	59733	S	3668	1691	5359	0.00004
Chryseobacterium balustinum	246	S	3526	650	4176	0.00003
Chryseobacterium indoltheticum	254	S	3271	291	3562	0.00003
Chryseobacterium glaciei	1685010	S	2210	122	2332	0.00002
Chryseobacterium koreense	232216	S	2140	235	2375	0.00002
Chryseobacterium gallinarum	1324352	S	2055	95	2150	0.00002
Chryseobacterium gambrini	373672	S	2000	247	2247	0.00002
Chryseobacterium joostei	112234	S	1868	338	2206	0.00002
Chryseobacterium paludis	2956784	S	1858	51	1909	0.00001
Chryseobacterium gleum	250	S	1649	714	2363	0.00002
Chryseobacterium taklimakanense	536441	S	1552	173	1725	0.00001
Chryseobacterium bernardetii	1241978	S	1551	4379	5930	0.00004
Chryseobacterium capnotolerans	2759528	S	1544	191	1735	0.00001
Chryseobacterium lactis	1241981	S	1476	184	1660	0.00001
Chryseobacterium wangxinyae	2997336	S	1429	60	1489	0.00001
Chryseobacterium manosquense	2754694	S	1389	294	1683	0.00001
Chryseobacterium carnipullorum	1124835	S	1348	209	1557	0.00001
Chryseobacterium aureum	2497456	S	1262	84	1346	0.00001
Chryseobacterium camelliae	1265445	S	1248	80	1328	0.00001
Chryseobacterium arthrosphaerae	651561	S	1183	155	1338	0.00001
Chryseobacterium fluminis	2983606	S	1009	34	1043	0.00001
Chryseobacterium salivictor	2547600	S	986	177	1163	0.00001
Chryseobacterium piperi	558152	S	885	23	908	0.00001
Chryseobacterium oranimense	421058	S	758	27	785	0.00001
Chryseobacterium daecheongense	192389	S	757	64	821	0.00001
Chryseobacterium gotjawalense	3042315	S	669	120	789	0.00001
Chryseobacterium cucumeris	1813611	S	629	1251	1880	0.00001
Chryseobacterium oryzae	2929799	S	515	88	603	0.00000
Chryseobacterium nakagawai	1241982	S	458	178	636	0.00000
Chryseobacterium chendengshani	2864040	S	367	11	378	0.00000
Chryseobacterium rhizoplanae	1609531	S	359	1365	1724	0.00001
Chryseobacterium panacisoli	1807141	S	321	55	376	0.00000
Chryseobacterium suipulveris	2929800	S	292	32	324	0.00000
Chryseobacterium nepalense	1854498	S	173	196	369	0.00000
Chryseobacterium cupriresistens	3366770	S	80	161	241	0.00000
Epilithonimonas vandammei	2487072	S	4230	1435	5665	0.00004
Epilithonimonas sp. UC225_85	3350167	S	1219	14	1233	0.00001
Epilithonimonas zeae	1416779	S	1173	56	1229	0.00001
Kaistella jeonii	266749	S	1128	35	1163	0.00001
Kaistella flava (ex Peng et al. 2021)	2038776	S	1081	61	1142	0.00001
Kaistella carnis	1241979	S	812	120	932	0.00001
Kaistella daneshvariae	2487074	S	595	22	617	0.00000
Kaistella antarctica	266748	S	563	22	585	0.00000
Candidatus Kaistella beijingensis	2820270	S	397	53	450	0.00000
Kaistella faecalis	2852098	S	342	7	349	0.00000
Kaistella sp. 97-N-M2	2908645	S	305	26	331	0.00000
Kaistella polysaccharea	2878534	S	214	11	225	0.00000
Elizabethkingia anophelis	1117645	S	26645	4406	31051	0.00023
Elizabethkingia sp. M8	2796140	S	2255	1168	3423	0.00002
Elizabethkingia sp. JS20170427COW	2583851	S	2225	30	2255	0.00002
Elizabethkingia sp. 2-6	2575699	S	605	1577	2182	0.00002
Elizabethkingia meningoseptica	238	S	2238	26	2264	0.00002
Elizabethkingia bruuniana	1756149	S	1985	253	2238	0.00002
Elizabethkingia miricola	172045	S	1510	133	1643	0.00001
Elizabethkingia ursingii	1756150	S	1063	17	1080	0.00001
Faecalibacter sp. LW9	3103144	S	3893	123	4016	0.00003
Faecalibacter bovis	2898187	S	2316	76	2392	0.00002
Cloacibacterium caeni	2004710	S	1373	429	1802	0.00001
Cloacibacterium normanense	237258	S	1061	351	1412	0.00001
Cloacibacterium sp. TD35	2976818	S	874	108	982	0.00001
Riemerella anatipestifer	34085	S	1985	238	2223	0.00002
Riemerella columbina	103810	S	270	43	313	0.00000
Apibacter raozihei	2500547	S	952	4	956	0.00001
Apibacter sp. ESL0404	2704651	S	65	203	268	0.00000
Apibacter sp. ESL0432	2704652	S	53	279	332	0.00000
Apibacter sp. B3706	2656760	S	22	66	88	0.00000
Apibacter sp. B2966	2656761	S	19	99	118	0.00000
Bergeyella porcorum	1735111	S	639	13	652	0.00000
Bergeyella cardium	1585976	S	182	2	184	0.00000
Weeksella virosa	1014	S	806	44	850	0.00001
Ornithobacterium rhinotracheale	28251	S	506	9	515	0.00000
Candidatus Ornithobacterium hominis	2497989	S	164	2	166	0.00000
Cruoricaptor ignavus	1118202	S	217	11	228	0.00000
Marnyiella aurantia	2758037	S	143	3	146	0.00000
Fluviicola sp.	1917219	S	1535	3	1538	0.00001
Fluviicola taffensis	191579	S	658	3	661	0.00000
Paracrocinitomix mangrovi	2862509	S	332	0	332	0.00000
Blattabacterium cuenoti	1653831	S	1518	260	1778	0.00001
Blattabacterium sp. (Blaberus giganteus)	1186051	S	81	34	115	0.00000
Blattabacterium sp. DPU	2715232	S	58	15	73	0.00000
Blattabacterium sp. (Nauphoeta cinerea)	1316444	S	42	20	62	0.00000
Blattabacterium sp. (Blattella germanica)	624186	S	41	8	49	0.00000
Blattabacterium sp. (Cryptocercus kyebangensis)	298656	S	32	11	43	0.00000
Blattabacterium sp. (Mastotermes darwiniensis)	39768	S	22	1	23	0.00000
Blattabacterium punctulatus	164514	S	13	54	67	0.00000
Owenweeksia hongkongensis	253245	S	600	0	600	0.00000
Croceimicrobium hydrocarbonivorans	2761580	S	276	2	278	0.00000
Croceimicrobium sp.	2828340	S	108	0	108	0.00000
Ichthyobacterium seriolicida	242600	S	689	0	689	0.00001
Parvicella tangerina	2829795	S	354	0	354	0.00000
Candidatus Karelsulcia muelleri	336810	S	189	1	190	0.00000
Candidatus Walczuchella endosymbiont of Icerya purchasi	3066219	S	27	0	27	0.00000
Sanyastnella coralliicola	3069118	S	133	0	133	0.00000
Sphingobacterium sp. UDSM-2020	2795738	S	977979	47135	1025114	0.00746
Sphingobacterium sp. DR205	2713573	S	178676	7325	186001	0.00135
Sphingobacterium sp. ML3W	1538644	S	47809	9065	56874	0.00041
Sphingobacterium sp. E70	2853439	S	24773	1549	26322	0.00019
Sphingobacterium sp. WM	3031802	S	12440	3586	16026	0.00012
Sphingobacterium sp. WOUb80	3234028	S	8093	388	8481	0.00006
Sphingobacterium sp. PCS056	2931400	S	6716	6594	13310	0.00010
Sphingobacterium sp. SYP-B4668	2996035	S	6695	100	6795	0.00005
Sphingobacterium sp. R2	3112958	S	6423	344	6767	0.00005
Sphingobacterium sp. SRCM116780	2907623	S	5761	120	5881	0.00004
Sphingobacterium sp. BN32	3058432	S	4640	351	4991	0.00004
Sphingobacterium sp. LZ7M1	2961941	S	3637	358	3995	0.00003
Sphingobacterium sp. CZ-2	2557994	S	3336	149	3485	0.00003
Sphingobacterium sp.	341027	S	3288	2355	5643	0.00004
Sphingobacterium sp. SG20118	3367156	S	3035	2011	5046	0.00004
Sphingobacterium sp. B29	1933220	S	1929	7981	9910	0.00007
Sphingobacterium sp. Lzh-3	3382150	S	1605	2557	4162	0.00003
Sphingobacterium sp. G1-14	2003121	S	619	954	1573	0.00001
Sphingobacterium sp. UGAL515B_05	2986767	S	516	723	1239	0.00001
Sphingobacterium puteale	2420510	S	78990	3792	82782	0.00060
Sphingobacterium faecium	34087	S	24529	10658	35187	0.00026
Sphingobacterium detergens	1145106	S	18619	1421	20040	0.00015
Sphingobacterium spiritivorum	258	S	14118	3248	17366	0.00013
Sphingobacterium thalpophilum	259	S	9698	1792	11490	0.00008
Sphingobacterium multivorum	28454	S	8898	3223	12121	0.00009
Sphingobacterium psychroaquaticum	561061	S	4987	99	5086	0.00004
Sphingobacterium daejeonense	371142	S	4066	166	4232	0.00003
Sphingobacterium cellulitidis	1768011	S	3941	1628	5569	0.00004
Sphingobacterium siyangense	459529	S	3932	4171	8103	0.00006
Sphingobacterium zhuxiongii	2662364	S	3923	54	3977	0.00003
Sphingobacterium oryzagri	3025669	S	3469	58	3527	0.00003
Sphingobacterium bambusae	662858	S	3340	52	3392	0.00002
Sphingobacterium lactis	797291	S	2885	177	3062	0.00002
Sphingobacterium mizutaii	1010	S	2715	117	2832	0.00002
Sphingobacterium hotanense	649196	S	2340	84	2424	0.00002
Sphingobacterium paramultivorum	2886510	S	1574	1673	3247	0.00002
Pedobacter sp. SL55	2995161	S	111883	2509	114392	0.00083
Pedobacter sp.	1411316	S	87135	11284	98419	0.00072
Pedobacter sp. UC225_65	3350173	S	20542	392	20934	0.00015
Pedobacter sp. HDW13	2714940	S	6921	516	7437	0.00005
Pedobacter sp. MW01-1-1	3383027	S	6828	465	7293	0.00005
Pedobacter sp. G11	2482728	S	6435	727	7162	0.00005
Pedobacter sp. AW1-32	3383026	S	5584	229	5813	0.00004
Pedobacter sp. R-06	3404051	S	4533	632	5165	0.00004
Pedobacter sp. KACC 23697	3149230	S	4316	587	4903	0.00004
Pedobacter sp. D749	2856523	S	4314	822	5136	0.00004
Pedobacter sp. FW305-3-2-15-E-R2A2	3140251	S	4082	457	4539	0.00003
Pedobacter sp. KLB.chiD	3387402	S	3737	792	4529	0.00003
Pedobacter sp. AW31-3R	3445781	S	2936	131	3067	0.00002
Pedobacter sp. PWIIR3	3569033	S	2665	119	2784	0.00002
Pedobacter sp. NJ-S-72	3476222	S	2550	326	2876	0.00002
Pedobacter sp. PACM 27299	1727164	S	2219	777	2996	0.00002
Pedobacter sp. WC2423	3234142	S	2159	475	2634	0.00002
Pedobacter sp. P26	3423956	S	826	9980	10806	0.00008
Pedobacter sp. BS3	2567937	S	410	9	419	0.00000
Pedobacter sp. KBS0701	2578106	S	349	4217	4566	0.00003
Pedobacter roseus	336820	S	5092	1376	6468	0.00005
Pedobacter mucosus	2895286	S	4852	294	5146	0.00004
Pedobacter heparinus	984	S	4639	160	4799	0.00003
Pedobacter steynii	430522	S	4204	372	4576	0.00003
Pedobacter ginsengisoli	363852	S	4117	536	4653	0.00003
Pedobacter riviphilus	2766984	S	4064	603	4667	0.00003
Pedobacter gandavensis	2679963	S	3769	1810	5579	0.00004
Pedobacter endophyticus	2789740	S	3705	163	3868	0.00003
Pedobacter foliorum	2739058	S	3628	392	4020	0.00003
Pedobacter panaciterrae	363849	S	3409	427	3836	0.00003
Pedobacter aquae	2605747	S	2848	28	2876	0.00002
Pedobacter suwonensis	332999	S	2831	507	3338	0.00002
Pedobacter lusitanus	1503925	S	2615	273	2888	0.00002
Pedobacter cryoconitis	188932	S	1868	665	2533	0.00002
Mucilaginibacter sp. KACC 22063	3025666	S	1580	13	1593	0.00001
Mucilaginibacter sp. CSA2-8R	3141542	S	1337	31	1368	0.00001
Mucilaginibacter sp. McL0603	3415670	S	1309	10	1319	0.00001
Mucilaginibacter sp.	1882438	S	1156	8	1164	0.00001
Mucilaginibacter sp. 5C4	3048589	S	1057	20	1077	0.00001
Mucilaginibacter sp. cycad4	3342096	S	852	29	881	0.00001
Mucilaginibacter sp. 21P	2778902	S	847	8	855	0.00001
Mucilaginibacter sp. SMC90	2929803	S	834	57	891	0.00001
Mucilaginibacter sp. KACC 22773	3025671	S	768	256	1024	0.00001
Mucilaginibacter sp. NFX135	3402687	S	758	6	764	0.00001
Mucilaginibacter sp. Mucisp86	3243060	S	659	23	682	0.00000
Mucilaginibacter sp. 14171R-50	2703789	S	514	5	519	0.00000
Mucilaginibacter sp. SJ	3029053	S	443	50	493	0.00000
Mucilaginibacter sp. R-33	3416711	S	443	82	525	0.00000
Mucilaginibacter sp. PAMB04168	3138567	S	326	174	500	0.00000
Mucilaginibacter sp. PAMB04274	3138568	S	172	88	260	0.00000
Mucilaginibacter sp. P19	3423947	S	56	1167	1223	0.00001
Mucilaginibacter aureus	3349873	S	1870	19	1889	0.00001
Mucilaginibacter jinjuensis	1176721	S	1819	14	1833	0.00001
Mucilaginibacter saanensis	2723091	S	1529	17	1546	0.00001
Mucilaginibacter paludis	423351	S	1423	12	1435	0.00001
Mucilaginibacter cryoferens	2723090	S	1278	24	1302	0.00001
Mucilaginibacter tundrae	2723089	S	1155	16	1171	0.00001
Mucilaginibacter celer	2305508	S	1100	15	1115	0.00001
Mucilaginibacter mali	2740462	S	1073	10	1083	0.00001
Mucilaginibacter rubeus	2027860	S	1051	5738	6789	0.00005
Mucilaginibacter gotjawali	1550579	S	1039	6	1045	0.00001
Mucilaginibacter empetricola	2723092	S	1038	11	1049	0.00001
Mucilaginibacter robiniae	2728022	S	956	24	980	0.00001
Mucilaginibacter ginsenosidivorax	862126	S	935	14	949	0.00001
Mucilaginibacter sabulilitoris	1173583	S	899	9	908	0.00001
Mucilaginibacter geliditolerans	2723088	S	807	34	841	0.00001
Mucilaginibacter yixingensis	1295612	S	806	8	814	0.00001
Mucilaginibacter daejeonensis	398049	S	762	9	771	0.00001
Mucilaginibacter mallensis	652787	S	632	23	655	0.00000
Mucilaginibacter xinganensis	1234841	S	579	6	585	0.00000
Mucilaginibacter ginkgonis	2682091	S	572	15	587	0.00000
Mucilaginibacter sediminis	3349874	S	534	181	715	0.00001
Mucilaginibacter ginsenosidivorans	398053	S	359	2	361	0.00000
Mucilaginibacter gossypii	551996	S	173	109	282	0.00000
Pseudopedobacter saltans	151895	S	3584	202	3786	0.00003
Olivibacter sp. SDN3	2764720	S	1337	16	1353	0.00001
Olivibacter sp. SA151	2937867	S	346	406	752	0.00001
Olivibacter sp. LS-1	2592345	S	327	618	945	0.00001
Olivibacter sp. EAT-5	3376061	S	104	373	477	0.00000
Solitalea lacus	2911172	S	1537	20	1557	0.00001
Solitalea canadensis	995	S	1211	16	1227	0.00001
Arcticibacter sp. MXS-1	3341726	S	508	11	519	0.00000
Anseongella ginsenosidimutans	496056	S	314	0	314	0.00000
Aurantibacillus circumpalustris	3036359	S	218	2	220	0.00000
Hymenobacter sp. BRD128	2675878	S	240	6	246	0.00000
Hymenobacter sp. GOD-10R	3093922	S	167	3	170	0.00000
Hymenobacter sp. DG01	2584940	S	155	17	172	0.00000
Hymenobacter sp. 5317J-9	2932250	S	151	13	164	0.00000
Hymenobacter sp. 102	3403152	S	108	21	129	0.00000
Hymenobacter sp. APR13	1356852	S	105	60	165	0.00000
Hymenobacter sp. NBH84	2596915	S	84	7	91	0.00000
Hymenobacter sp. BT18	2835648	S	65	2	67	0.00000
Hymenobacter sp. DG25B	1385664	S	64	6	70	0.00000
Hymenobacter sp. BRD67	2675877	S	59	11	70	0.00000
Hymenobacter sp. 5516J-16	2932253	S	59	182	241	0.00000
Hymenobacter sp. HDW8	2714932	S	55	103	158	0.00000
Hymenobacter sp. PAMC 26628	1484118	S	53	2	55	0.00000
Hymenobacter sp. DG25A	1385663	S	35	1	36	0.00000
Hymenobacter monticola	1705399	S	322	10	332	0.00000
Hymenobacter busanensis	2607656	S	317	7	324	0.00000
Hymenobacter oligotrophus	2319843	S	293	14	307	0.00000
Hymenobacter cellulosivorans	2932249	S	281	13	294	0.00000
Hymenobacter volaticus	2932254	S	244	11	255	0.00000
Hymenobacter canadensis	2999067	S	238	40	278	0.00000
Hymenobacter aerilatus	2932251	S	173	20	193	0.00000
Hymenobacter radiodurans	2496028	S	171	347	518	0.00000
Hymenobacter qilianensis	1385715	S	166	7	173	0.00000
Hymenobacter weizhouensis	2987689	S	157	6	163	0.00000
Hymenobacter jejuensis	2502781	S	140	3	143	0.00000
Hymenobacter sedentarius	1411621	S	133	4	137	0.00000
Hymenobacter sediminicola	2761579	S	122	6	128	0.00000
Hymenobacter latericus	2987688	S	117	6	123	0.00000
Hymenobacter tibetensis	497967	S	102	4	106	0.00000
Hymenobacter nivis	1850093	S	100	3	103	0.00000
Hymenobacter swuensis	1446467	S	79	6	85	0.00000
Hymenobacter yonginensis	748197	S	74	37	111	0.00000
Hymenobacter cellulosilyticus	2932248	S	55	2	57	0.00000
Hymenobacter sublimis	2933777	S	54	163	217	0.00000
Hymenobacter baengnokdamensis	2615203	S	49	11	60	0.00000
Pontibacter sp. SGAir0037	2571030	S	1048	114	1162	0.00001
Pontibacter sp. MBLB2868	3451555	S	200	3	203	0.00000
Pontibacter sp. G13	3074898	S	138	0	138	0.00000
Pontibacter korlensis	400092	S	970	25	995	0.00001
Pontibacter pudoricolor	2694930	S	222	8	230	0.00000
Pontibacter akesuensis	388950	S	158	11	169	0.00000
Pontibacter kalidii	2592049	S	127	8	135	0.00000
Pontibacter russatus	2694929	S	88	1	89	0.00000
Pontibacter actiniarum	323450	S	39	2	41	0.00000
Adhaeribacter radiodurans	2745197	S	469	7	476	0.00000
Adhaeribacter swui	2086471	S	389	8	397	0.00000
Rufibacter tibetensis	512763	S	345	25	370	0.00000
Rufibacter radiotolerans	1379910	S	248	9	257	0.00000
Rufibacter sp. DG15C	1379909	S	136	26	162	0.00000
Nibribacter ruber	2698458	S	216	41	257	0.00000
Dyadobacter sp. NIV53	2861765	S	755	9	764	0.00001
Dyadobacter sp. 32	538966	S	267	7	274	0.00000
Dyadobacter sp. 676	3088362	S	121	3	124	0.00000
Dyadobacter chenwenxiniae	2906456	S	549	21	570	0.00000
Dyadobacter fermentans	94254	S	513	20	533	0.00000
Dyadobacter pollutisoli	2910158	S	261	6	267	0.00000
Dyadobacter chenhuakuii	2909339	S	220	21	241	0.00000
Dyadobacter endophyticus	1749036	S	142	3	145	0.00000
Dyadobacter fanqingshengii	2906443	S	138	14	152	0.00000
Dyadobacter sandarakinus	2747268	S	133	3	136	0.00000
Runella sp.	1960881	S	1203	11	1214	0.00001
Runella sp. SP2	2268026	S	410	2	412	0.00000
Runella rosea	2259595	S	514	7	521	0.00000
Runella slithyformis	106	S	128	1	129	0.00000
Larkinella insperata	332158	S	672	12	684	0.00000
Larkinella sp.	2034517	S	416	8	424	0.00000
Larkinella roseola	2674997	S	278	10	288	0.00000
Larkinella bombi	2907205	S	204	12	216	0.00000
Fibrella aestuarina	651143	S	131	4	135	0.00000
Algoriphagus sp. Y33	2772483	S	513	60	573	0.00000
Algoriphagus sp. NBT04N3	2705473	S	299	78	377	0.00000
Algoriphagus sp. NG3	3097546	S	259	8	267	0.00000
Algoriphagus yeomjeoni	291403	S	636	44	680	0.00000
Algoriphagus halophilus	226505	S	397	3	400	0.00000
Algoriphagus machipongonensis	388413	S	293	7	300	0.00000
Algoriphagus sanaruensis	1727163	S	129	3	132	0.00000
Algoriphagus halophytocola	2991499	S	95	6	101	0.00000
Echinicola sp. 20G	2781961	S	588	14	602	0.00000
Echinicola marina	2859768	S	488	132	620	0.00000
Echinicola soli	2591634	S	214	5	219	0.00000
Echinicola strongylocentroti	1795355	S	211	14	225	0.00000
Echinicola rosea	1807691	S	174	48	222	0.00000
Echinicola vietnamensis	390884	S	123	36	159	0.00000
Cyclobacterium amurskyense	320787	S	552	21	573	0.00000
Cyclobacterium marinum	104	S	244	48	292	0.00000
Cyclobacterium xiamenense	1297121	S	207	2	209	0.00000
Aquiflexum balticum	280473	S	667	38	705	0.00001
Belliella baltica	232259	S	435	64	499	0.00000
Mongoliitalea daihaiensis	2782006	S	236	3	239	0.00000
Spirosoma sp. SC4-14	3128900	S	632	20	652	0.00000
Spirosoma sp. KCTC 42546	2520506	S	566	34	600	0.00000
Spirosoma sp. KNUC1025	2894082	S	114	3	117	0.00000
Spirosoma sp. KUDC1026	2745947	S	71	2	73	0.00000
Spirosoma oryzicola	2898794	S	487	13	500	0.00000
Spirosoma linguale	108	S	455	24	479	0.00000
Spirosoma pollinicola	2057025	S	414	10	424	0.00000
Spirosoma aerolatum	1211326	S	410	14	424	0.00000
Spirosoma foliorum	2710596	S	385	16	401	0.00000
Spirosoma endbachense	2666025	S	331	116	447	0.00000
Spirosoma aureum	2692134	S	229	99	328	0.00000
Spirosoma radiotolerans	1379870	S	214	9	223	0.00000
Spirosoma taeanense	2735870	S	128	5	133	0.00000
Spirosoma rhododendri	2728024	S	86	1	87	0.00000
Spirosoma rigui	564064	S	55	1	56	0.00000
Spirosoma montaniterrae	1178516	S	55	0	55	0.00000
Cytophaga hutchinsonii	985	S	828	13	841	0.00001
Flammeovirga sp. MY04	1191459	S	1544	338	1882	0.00001
Flammeovirga pectinis	2494373	S	447	30	477	0.00000
Flammeovirga kamogawensis	373891	S	337	22	359	0.00000
Flammeovirga yaeyamensis	367791	S	288	62	350	0.00000
Chondrinema litorale	2994555	S	776	52	828	0.00001
Imperialibacter roseus	1324217	S	154	93	247	0.00000
Imperialibacter sp.	2038411	S	130	71	201	0.00000
Bernardetia sp. OM2101	3344876	S	335	7	342	0.00000
Bernardetia sp. Wsw4-3y2	3127471	S	245	466	711	0.00001
Bernardetia sp. MNP-M8	3127470	S	222	445	667	0.00000
Bernardetia sp. ABR2-2B	3127472	S	216	4	220	0.00000
Bernardetia litoralis	999	S	1095	15	1110	0.00001
Emticicia sp. 21SJ11W-3	2916755	S	856	16	872	0.00001
Emticicia oligotrophica	312279	S	459	8	467	0.00000
Leadbetterella byssophila	316068	S	665	21	686	0.00000
Marinilongibacter aquaticus	2975157	S	334	2	336	0.00000
Jiulongibacter sp. NS-SX5	3463854	S	251	6	257	0.00000
Arcticibacterium luteifluviistationis	1784714	S	226	3	229	0.00000
Ekhidna sp.	2608089	S	1786	77	1863	0.00001
Ekhidna algicida	3395267	S	149	1	150	0.00000
Reichenbachiella agarivorans	2979464	S	318	4	322	0.00000
Reichenbachiella carrageenanivorans	2979869	S	285	4	289	0.00000
Reichenbachiella sp.	2184521	S	165	4	169	0.00000
Fulvivirga ligni	2904246	S	653	26	679	0.00000
Fulvivirga maritima	2904247	S	468	28	496	0.00000
Fulvivirga lutea	2810512	S	410	30	440	0.00000
Fulvivirga ulvae	2904245	S	403	13	416	0.00000
Chryseolinea soli	2321403	S	277	1	278	0.00000
Marivirga tractuosa	1006	S	696	265	961	0.00001
Marivirga salinarum	3059078	S	637	25	662	0.00000
Marivirga arenosa	3059076	S	438	18	456	0.00000
Marivirga harenae	2010992	S	243	13	256	0.00000
Roseivirga sp.	1964215	S	339	11	350	0.00000
Roseivirga pacifica	1267423	S	338	12	350	0.00000
Roseivirga seohaensis	1914963	S	260	7	267	0.00000
Roseivirga spongicola	333140	S	182	14	196	0.00000
Catalinimonas niigatensis	1397264	S	387	1	388	0.00000
Porifericola rhodea	930972	S	294	4	298	0.00000
Tunicatimonas pelagia	931531	S	263	0	263	0.00000
Aquirufa nivalisilvae	2516557	S	669	11	680	0.00000
Aquirufa antheringensis	2516559	S	179	20	199	0.00000
Aquirufa lenticrescens	2696560	S	48	5	53	0.00000
Rhodocytophaga rosea	2704465	S	859	3	862	0.00001
Persicobacter psychrovividus	387638	S	285	7	292	0.00000
Fulvitalea axinellae	1182444	S	274	5	279	0.00000
Aureibacter tunicatorum	866807	S	254	3	257	0.00000
Cardinium endosymbiont of Sogatella furcifera	650378	S	79	8	87	0.00000
Cardinium endosymbiont of Oedothorax gibbosus	931101	S	47	2	49	0.00000
Cardinium endosymbiont of Encarsia pergandiella	249402	S	38	2	40	0.00000
Cardinium endosymbiont of Tipula unca	3066216	S	26	0	26	0.00000
Candidatus Cardinium hertigii	247481	S	209	0	209	0.00000
Candidatus Amoebophilus asiaticus	281120	S	103	0	103	0.00000
Mangrovivirga cuniculi	2715131	S	134	0	134	0.00000
Bacteroides thetaiotaomicron	818	S	1314	200	1514	0.00001
Bacteroides cellulosilyticus	246787	S	533	268	801	0.00001
uncultured Bacteroides sp.	162156	S	497	3	500	0.00000
Bacteroides zoogleoformans	28119	S	436	65	501	0.00000
Bacteroides salyersiae	291644	S	389	28	417	0.00000
Bacteroides stercoris	46506	S	289	59	348	0.00000
Bacteroides faecium	2715212	S	274	7	281	0.00000
Bacteroides hominis	2763023	S	218	1227	1445	0.00001
Bacteroides sp. M10	2763022	S	76	64	140	0.00000
Bacteroides sp. A1C1	2528203	S	53	298	351	0.00000
Bacteroides sp. CACC 737	2755405	S	13	56	69	0.00000
Bacteroides fragilis	817	S	185	164	349	0.00000
Bacteroides faecis	674529	S	153	34	187	0.00000
Bacteroides eggerthii	28111	S	143	26	169	0.00000
Bacteroides caccae	47678	S	142	12	154	0.00000
Bacteroides xylanisolvens	371601	S	139	143	282	0.00000
Bacteroides zhangwenhongii	2650157	S	135	107	242	0.00000
Bacteroides uniformis	820	S	128	103	231	0.00000
Bacteroides helcogenes	290053	S	120	1	121	0.00000
Bacteroides difficilis	2763021	S	111	101	212	0.00000
Bacteroides pyogenes	310300	S	105	4	109	0.00000
Bacteroides ovatus	28116	S	105	350	455	0.00000
Bacteroides nordii	291645	S	102	13	115	0.00000
Bacteroides sedimenti	2136147	S	94	0	94	0.00000
Bacteroides graminisolvens	477666	S	87	0	87	0.00000
Bacteroides caecimuris	1796613	S	72	15	87	0.00000
Bacteroides intestinalis	329854	S	57	3	60	0.00000
Bacteroides celer	2025659	S	50	66	116	0.00000
Bacteroides mucinivorans	3096000	S	50	8	58	0.00000
Prevotella heparinolytica	28113	S	39	6	45	0.00000
Bacteroides luhongzhouii	2650158	S	36	5	41	0.00000
Bacteroides maternus	3117552	S	10	1	11	0.00000
Phocaeicola vulgatus	821	S	220	189	409	0.00000
Phocaeicola dorei	357276	S	146	145	291	0.00000
Phocaeicola salanitronis	376805	S	99	3	102	0.00000
Phocaeicola coprophilus	387090	S	62	9	71	0.00000
Prevotella sp. E9-3	2913621	S	99	8	107	0.00000
Prevotella sp. E2-28	2913620	S	84	4	88	0.00000
Prevotella sp. E13-17	2913616	S	70	2	72	0.00000
Prevotella sp. oral taxon 299	652716	S	43	6	49	0.00000
Prevotella sp. oral taxon 475	712471	S	38	1	39	0.00000
Prevotella sp. Rep29	2691580	S	27	1	28	0.00000
Prevotella sp. E15-22	2937774	S	18	1	19	0.00000
Prevotella sp.	59823	S	13	1	14	0.00000
Prevotella melaninogenica	28132	S	382	104	486	0.00000
Prevotella intermedia	28131	S	259	98	357	0.00000
Prevotella denticola	28129	S	132	56	188	0.00000
Prevotella nigrescens	28133	S	89	51	140	0.00000
Prevotella communis	2913614	S	78	4	82	0.00000
Prevotella herbatica	2801997	S	71	6	77	0.00000
Prevotella dentalis	52227	S	68	10	78	0.00000
Prevotella jejuni	1177574	S	67	33	100	0.00000
Prevotella bivia	28125	S	65	7	72	0.00000
Prevotella fusca	589436	S	55	15	70	0.00000
Prevotella corporis	28128	S	36	11	47	0.00000
Prevotella histicola	470565	S	32	6	38	0.00000
Prevotella veroralis	28137	S	25	8	33	0.00000
Prevotella multiformis	282402	S	22	10	32	0.00000
Segatella copri	165179	S	750	90	840	0.00001
Segatella hominis	2518605	S	52	30	82	0.00000
Segatella bryantii	77095	S	20	103	123	0.00000
Segatella oris	28135	S	18	11	29	0.00000
Hoylesella enoeca	76123	S	143	191	334	0.00000
Hoylesella buccalis	28127	S	41	21	62	0.00000
Pseudoprevotella muciniphila	2133944	S	165	3	168	0.00000
Paraprevotella clara	454154	S	43	21	64	0.00000
Paraprevotella xylaniphila	454155	S	19	8	27	0.00000
Xylanibacter ruminicola	839	S	70	2	72	0.00000
Parabacteroides distasonis	823	S	790	455	1245	0.00001
Parabacteroides sp. APC149_11_2_Y6	3372857	S	349	14	363	0.00000
Parabacteroides sp. ASD2025	3415987	S	138	7	145	0.00000
Parabacteroides absconsus	2951805	S	329	12	341	0.00000
Parabacteroides goldsteinii	328812	S	155	7	162	0.00000
Parabacteroides merdae	46503	S	137	16	153	0.00000
Parabacteroides faecis	1217282	S	127	4	131	0.00000
Parabacteroides chongii	2685834	S	123	4	127	0.00000
Parabacteroides johnsonii	387661	S	68	4	72	0.00000
Tannerella forsythia	28112	S	103	3	106	0.00000
Tannerella serpentiformis	712710	S	16	0	16	0.00000
Indolivaga capnocytophagoides	45254	S	626	9	635	0.00000
Petrimonas sulfuriphila	285070	S	190	84	274	0.00000
Petrimonas mucosa	1642646	S	178	50	228	0.00000
Petrimonas sp.	2023866	S	10	4	14	0.00000
Dysgonomonas sp. HDW5A	2714926	S	153	170	323	0.00000
Dysgonomonas sp. HDW5B	2714927	S	64	69	133	0.00000
Proteiniphilum saccharofermentans	1642647	S	272	4	276	0.00000
Proteiniphilum propionicum	2829812	S	164	7	171	0.00000
Limibacterium fermenti	3229863	S	214	2	216	0.00000
Butyricimonas paravirosa	1472417	S	290	407	697	0.00001
Butyricimonas faecihominis	1472416	S	103	116	219	0.00000
Butyricimonas virosa	544645	S	94	59	153	0.00000
Butyricimonas faecalis	2093856	S	78	17	95	0.00000
Odoribacter splanchnicus	28118	S	359	12	371	0.00000
Alistipes sp. dk3624	2662363	S	182	5	187	0.00000
Alistipes sp. i18-0019-D1	3132707	S	49	13	62	0.00000
Alistipes shahii	328814	S	116	74	190	0.00000
Alistipes dispar	2585119	S	101	5	106	0.00000
uncultured Alistipes sp.	538949	S	89	3	92	0.00000
Alistipes senegalensis	1288121	S	89	26	115	0.00000
Alistipes onderdonkii	328813	S	61	17	78	0.00000
Alistipes putredinis	28117	S	51	9	60	0.00000
Alistipes finegoldii	214856	S	36	21	57	0.00000
Alistipes communis	2585118	S	35	4	39	0.00000
Alistipes indistinctus	626932	S	31	1	32	0.00000
Alistipes ihumii	1470347	S	15	0	15	0.00000
uncultured Acetobacteroides sp.	1760811	S	425	4	429	0.00000
Barnesiella intestinihominis	487174	S	349	28	377	0.00000
Barnesiella sp. An22	1965590	S	58	54	112	0.00000
Barnesiella viscericola	397865	S	22	24	46	0.00000
Coprobacter fastidiosus	1099853	S	255	6	261	0.00000
Coprobacter secundus	1501392	S	93	7	100	0.00000
Porphyromonas gingivalis	837	S	122	3	125	0.00000
Porphyromonas endodontalis	28124	S	82	2	84	0.00000
Porphyromonas pogonae	867595	S	79	2	81	0.00000
Porphyromonas levii	28114	S	21	0	21	0.00000
Porphyromonas crevioricanis	393921	S	20	0	20	0.00000
Porphyromonas sp. oral taxon 275	712435	S	13	0	13	0.00000
Porphyromonas asaccharolytica	28123	S	10	0	10	0.00000
Macellibacteroides fermentans	879969	S	229	3	232	0.00000
Muribaculum intestinale	1796646	S	175	1	176	0.00000
Muribaculum gordoncarteri	2530390	S	107	1	108	0.00000
Duncaniella dubosii	2518971	S	171	2	173	0.00000
Sodaliphilus pleomorphus	2606626	S	45	0	45	0.00000
Salinivirga cyanobacteriivorans	1307839	S	242	0	242	0.00000
Paludibacter propionicigenes	185300	S	230	0	230	0.00000
Candidatus Azobacteroides pseudotrichonymphae	511435	S	120	0	120	0.00000
Tenuifilum thalassicum	2590900	S	100	0	100	0.00000
uncultured Draconibacterium sp.	1573823	S	1423	51	1474	0.00001
Draconibacterium orientale	1168034	S	681	65	746	0.00001
Draconibacterium halophilum	2706887	S	152	2	154	0.00000
Maribellus comscasis	2681766	S	712	1	713	0.00001
Aquipluma nitroreducens	2010828	S	674	0	674	0.00000
Halosquirtibacter laminarini	3374600	S	300	8	308	0.00000
Halosquirtibacter xylanolyticus	3374599	S	232	4	236	0.00000
Gaoshiqia hydrogeniformans	3290090	S	341	0	341	0.00000
Mangrovibacterium marinum	1639118	S	251	2	253	0.00000
Marinifilum fragile	570161	S	1258	33	1291	0.00001
Marinifilum sp.	2033137	S	330	5	335	0.00000
Labilibaculum antarcticum	1717717	S	1038	22	1060	0.00001
Labilibaculum euxinicum	2686357	S	290	60	350	0.00000
Labilibaculum sp.	2060723	S	86	36	122	0.00000
Alkalitalea saponilacus	889453	S	253	1	254	0.00000
Xiashengella succiniciproducens	2949635	S	99	28	127	0.00000
Chitinophaga sp. MM2321	3137178	S	478	415	893	0.00001
Chitinophaga sp. HK235	2952571	S	399	828	1227	0.00001
Chitinophaga sp. XS-30	2604421	S	345	37	382	0.00000
Chitinophaga sp. LS1	3051176	S	180	259	439	0.00000
Chitinophaga sancti	1004	S	1032	546	1578	0.00001
Chitinophaga agri	2703787	S	860	141	1001	0.00001
Chitinophaga filiformis	104663	S	555	51	606	0.00000
Chitinophaga pinensis	79329	S	517	70	587	0.00000
Chitinophaga caeni	2029983	S	504	14	518	0.00000
Chitinophaga niabensis	536979	S	452	22	474	0.00000
Chitinophaga oryzae	2725414	S	385	31	416	0.00000
Chitinophaga pollutisoli	3133966	S	202	42	244	0.00000
Chitinophaga horti	2920382	S	179	8	187	0.00000
Chitinophaga caseinilytica	2267521	S	128	13	141	0.00000
Chitinophaga alhagiae	2203219	S	126	0	126	0.00000
Mycovorax composti	2962693	S	3278	244	3522	0.00003
Arachidicoccus soli	2341117	S	855	14	869	0.00001
Arachidicoccus ginsenosidimutans	1850526	S	635	14	649	0.00000
Arachidicoccus ginsenosidivorans	496057	S	397	10	407	0.00000
Arachidicoccus terrestris	2875539	S	283	6	289	0.00000
Niabella yanshanensis	577386	S	477	19	496	0.00000
Niabella insulamsoli	3144874	S	437	29	466	0.00000
Niabella soli	446683	S	347	18	365	0.00000
Niabella ginsenosidivorans	1176587	S	331	11	342	0.00000
Rhizosphaericola mali	2545455	S	1320	25	1345	0.00001
Filimonas lacunae	477680	S	1215	23	1238	0.00001
Paraflavitalea soli	2315862	S	647	15	662	0.00000
Paraflavitalea speifideaquila	3076558	S	479	9	488	0.00000
Ferruginibacter albus	2875540	S	411	6	417	0.00000
Ferruginibacter lapsinanis	563172	S	279	3	282	0.00000
Lacibacter sediminis	2760713	S	505	7	512	0.00000
Lacibacter sp. MH-610	3020883	S	178	2	180	0.00000
Niastella koreensis	354356	S	608	22	630	0.00000
Flavisolibacter tropicus	1492898	S	394	18	412	0.00000
Flavisolibacter ginsenosidimutans	661481	S	201	2	203	0.00000
Sediminibacterium planctonicum	575378	S	419	10	429	0.00000
Sediminibacterium longum	1751071	S	106	2	108	0.00000
Pseudobacter ginsenosidimutans	661488	S	525	21	546	0.00000
Phnomibacter ginsenosidimutans	2676868	S	250	18	268	0.00000
Phnomibacter sp. MR	3042318	S	208	14	222	0.00000
Flavihumibacter fluvii	2838157	S	244	2	246	0.00000
Flavihumibacter rivuli	2838156	S	229	3	232	0.00000
Panacibacter ginsenosidivorans	1813871	S	405	2	407	0.00000
Pseudocnuella soli	2502779	S	223	7	230	0.00000
Puia sp. P3	3423952	S	162	3	165	0.00000
Thermoflavifilum sp.	1968839	S	132	0	132	0.00000
Aureispira anguillae	2864201	S	799	23	822	0.00001
Aureispira sp. CCB-E	3051121	S	258	7	265	0.00000
Saprospira sp. CCB-QB6	3023936	S	224	58	282	0.00000
Saprospira grandis	1008	S	114	18	132	0.00000
Haliscomenobacter hydrossis	2350	S	452	0	452	0.00000
Phaeodactylibacter xiamenensis	1524460	S	191	0	191	0.00000
Neolewinella sp.	2993543	S	97	0	97	0.00000
Lewinella sp. LCG006	3231911	S	48	0	48	0.00000
Candidatus Sulfidibacterium hydrothermale	2875962	S	155	0	155	0.00000
Chlorobaculum parvum	274539	S	206	8	214	0.00000
Chlorobaculum limnaeum	274537	S	197	13	210	0.00000
Chlorobaculum tepidum	1097	S	134	16	150	0.00000
Prosthecochloris aestuarii	1102	S	122	0	122	0.00000
Prosthecochloris sp. SCSIO W1101	2992242	S	18	27	45	0.00000
Chlorobium limicola	1092	S	64	0	64	0.00000
Chlorobium phaeovibrioides	1094	S	22	0	22	0.00000
Chlorobium phaeobacteroides	1096	S	15	0	15	0.00000
Pelodictyon phaeoclathratiforme	34090	S	74	0	74	0.00000
Chloroherpeton thalassium	100716	S	52	0	52	0.00000
Rubrivirga halophila	3391614	S	144	11	155	0.00000
Rubrivirga aquatilis	3391575	S	105	7	112	0.00000
Rubrivirga sp.	1885344	S	44	0	44	0.00000
Rhodothermus marinus	29549	S	240	0	240	0.00000
Rhodocaloribacter litoris	2558931	S	59	0	59	0.00000
Salinibacter ruber	146919	S	57	0	57	0.00000
Ignavibacterium sp.	2651167	S	217	0	217	0.00000
Ignavibacterium album	591197	S	147	0	147	0.00000
Melioribacter roseus	1134405	S	97	0	97	0.00000
Cyclonatronum proteinivorum	1457365	S	197	0	197	0.00000
Gracilimonas sp.	1974203	S	136	0	136	0.00000
Gracilimonas sediminicola	2952158	S	20	0	20	0.00000
Gemmatimonas aurantiaca	173480	S	243	0	243	0.00000
Gemmatimonas phototrophica	1379270	S	153	1	154	0.00000
Gemmatimonas sp.	1962908	S	96	1	97	0.00000
Gemmatimonas groenlandica	2732249	S	86	0	86	0.00000
Gemmatirosa kalamazoonensis	861299	S	224	0	224	0.00000
Pseudogemmatithrix spongiicola	3062599	S	55	0	55	0.00000
Candidatus Palauibacter sp.	3101350	S	210	6	216	0.00000
Candidatus Palauibacter irciniicola	3056733	S	53	6	59	0.00000
Gaopeijia maritima	3119007	S	131	0	131	0.00000
Fibrobacter succinogenes	833	S	148	0	148	0.00000
Candidatus Cloacimonas acidaminovorans	456827	S	91	0	91	0.00000
Fidelibacter multiformis	3377529	S	46	0	46	0.00000
Myxococcus faecalis	3115646	S	622	25	647	0.00000
Myxococcus stipitatus	83455	S	527	50	577	0.00000
Myxococcus sp. SDU36	2831967	S	239	74	313	0.00000
Myxococcus sp. MxC21-1	3041439	S	73	185	258	0.00000
Myxococcus landrumensis	2813577	S	292	51	343	0.00000
Myxococcus xanthus	34	S	237	512	749	0.00001
Myxococcus virescens	83456	S	15	39	54	0.00000
Corallococcus coralloides	184914	S	347	352	699	0.00001
Corallococcus sp. EGB	1521117	S	127	17	144	0.00000
Corallococcus sp. NCRR	2996782	S	109	52	161	0.00000
Corallococcus sp. M7	3569262	S	23	11	34	0.00000
Corallococcus macrosporus	35	S	252	82	334	0.00000
Corallococcus exiguus	83462	S	125	30	155	0.00000
Corallococcus exercitus	2316736	S	74	12	86	0.00000
Corallococcus interemptor	2316720	S	11	28	39	0.00000
Pseudomyxococcus hansupus	1297742	S	248	32	280	0.00000
Pseudomyxococcus flavus	3115648	S	212	33	245	0.00000
Pyxidicoccus parkwayensis	2813578	S	285	9	294	0.00000
Archangium gephyra	48	S	599	81	680	0.00000
Archangium violaceum	83451	S	594	435	1029	0.00001
Melittangium boletus	83453	S	611	74	685	0.00000
Cystobacter fuscus	43	S	595	106	701	0.00001
Stigmatella aurantiaca	41	S	360	21	381	0.00000
Anaeromyxobacter dehalogenans	161493	S	227	62	289	0.00000
Anaeromyxobacter paludicola	2918171	S	218	2	220	0.00000
Anaeromyxobacter oryzae	2918170	S	175	1	176	0.00000
Anaeromyxobacter sp. Fw109-5	404589	S	59	1	60	0.00000
Anaeromyxobacter sp. K	447217	S	44	27	71	0.00000
Pendulispora brunnea	2905690	S	544	18	562	0.00000
Pendulispora albinea	2741071	S	463	4	467	0.00000
Pendulispora rubella	2741070	S	172	6	178	0.00000
Sorangium sp. So ce131	3133282	S	295	19	314	0.00000
Sorangium sp. So ce124	3133280	S	210	141	351	0.00000
Sorangium sp. So ce1014	3133326	S	199	62	261	0.00000
Sorangium sp. So ce1099	3133331	S	187	44	231	0.00000
Sorangium sp. So ce363	3133304	S	185	280	465	0.00000
Sorangium sp. So ce448	3133314	S	158	69	227	0.00000
Sorangium sp. So ce834	3133321	S	154	201	355	0.00000
Sorangium sp. So ce117	3133277	S	149	103	252	0.00000
Sorangium sp. So ce1389	3133336	S	121	31	152	0.00000
Sorangium sp. So ce388	3133309	S	121	42	163	0.00000
Sorangium sp. So ce375	3133306	S	113	9	122	0.00000
Sorangium sp. So ce854	3133322	S	112	24	136	0.00000
Sorangium sp. So ce426	3133312	S	100	253	353	0.00000
Sorangium sp. So ce513	3133315	S	98	11	109	0.00000
Sorangium sp. So ce1151	3133332	S	90	46	136	0.00000
Sorangium sp. So ce315	3133299	S	83	24	107	0.00000
Sorangium sp. So ce1078	3133329	S	83	19	102	0.00000
Sorangium sp. So ce341	3133302	S	82	55	137	0.00000
Sorangium sp. So ce861	3133323	S	79	29	108	0.00000
Sorangium sp. So ce1182	3133334	S	76	44	120	0.00000
Sorangium sp. So ce1335	3133335	S	71	6	77	0.00000
Sorangium sp. So ce321	3133300	S	68	33	101	0.00000
Sorangium sp. So ce296	3133296	S	66	75	141	0.00000
Sorangium sp. So ce542	3133316	S	62	44	106	0.00000
Sorangium sp. So ce726	3133319	S	58	11	69	0.00000
Sorangium sp. So ce1000	3133325	S	54	4	58	0.00000
Sorangium sp. So ce233	3133290	S	49	15	64	0.00000
Sorangium sp. So ce1097	3133330	S	41	13	54	0.00000
Sorangium sp. So ce1153	3133333	S	38	13	51	0.00000
Sorangium sp. So ce887	3133324	S	36	13	49	0.00000
Sorangium sp. So ce385	3133308	S	36	16	52	0.00000
Sorangium sp. So ce394	3133310	S	36	44	80	0.00000
Sorangium sp. So ce406	3133311	S	32	16	48	0.00000
Sorangium sp. So ce119	3133279	S	30	15	45	0.00000
Sorangium sp. So ce185	3133287	S	29	38	67	0.00000
Sorangium sp. So ce693	3133318	S	28	14	42	0.00000
Sorangium sp. So ce260	3133291	S	23	5	28	0.00000
Sorangium sp. So ce291	3133294	S	22	6	28	0.00000
Sorangium sp. So ce295	3133295	S	21	37	58	0.00000
Sorangium sp. So ce176	3133286	S	18	15	33	0.00000
Sorangium sp. So ce128	3133281	S	17	21	38	0.00000
Sorangium sp. So ce381	3133307	S	15	11	26	0.00000
Sorangium sp. So ce367	3133305	S	12	12	24	0.00000
Sorangium sp. So ce145	3133285	S	11	37	48	0.00000
Sorangium cellulosum	56	S	494	597	1091	0.00001
Polyangium aurulentum	2567896	S	506	3	509	0.00000
Chondromyces crocatus	52	S	200	0	200	0.00000
Pajaroellobacter abortibovis	1882918	S	17	0	17	0.00000
Sandaracinus amylolyticus	927083	S	610	32	642	0.00000
Labilithrix luteola	1391654	S	542	1	543	0.00000
Nannocystis pusilla	889268	S	579	52	631	0.00000
Nannocystis punicea	2995304	S	411	34	445	0.00000
Haliangium ochraceum	80816	S	433	1	434	0.00000
Stieleria magnilauensis	2527963	S	219	7	226	0.00000
Stieleria varia	2528005	S	151	1	152	0.00000
Stieleria marina	1930275	S	83	0	83	0.00000
Stieleria neptunia	2527979	S	38	1	39	0.00000
Stieleria maiorica	2795974	S	38	1	39	0.00000
Stieleria bergensis	2528025	S	36	0	36	0.00000
Roseimaritima ulvae	980254	S	226	0	226	0.00000
Roseimaritima multifibrata	1930274	S	217	0	217	0.00000
Rosistilla oblonga	2527990	S	169	110	279	0.00000
Rosistilla ulvae	1930277	S	59	58	117	0.00000
Rosistilla carotiformis	2528017	S	15	7	22	0.00000
Bremerella sp. P1	3026424	S	32	177	209	0.00000
Bremerella volcania	2527984	S	60	2	62	0.00000
Roseiconus lacunae	2605694	S	136	95	231	0.00000
Rhodopirellula sp. P2	2127060	S	103	0	103	0.00000
Rhodopirellula baltica	265606	S	27	0	27	0.00000
Blastopirellula sp. J2-11	2943192	S	126	0	126	0.00000
Aureliella helgolandensis	2527968	S	124	0	124	0.00000
Lignipirellula cremea	2528010	S	115	0	115	0.00000
Novipirellula sp. SH528	3454466	S	83	0	83	0.00000
Rubripirellula lacrimiformis	1930273	S	72	0	72	0.00000
Anatilimnocola sp. NA78	3415683	S	33	1	34	0.00000
Anatilimnocola aggregata	2528021	S	21	0	21	0.00000
Pirellula sp. SH-Sr6A	1632865	S	18	0	18	0.00000
Lacipirellula limnantheis	2528024	S	240	3	243	0.00000
Lacipirellula parvula	2650471	S	118	1	119	0.00000
Botrimarina mediterranea	2528022	S	215	2	217	0.00000
Aeoliella mucimassa	2527972	S	79	0	79	0.00000
Aeoliella sp. SH292	3454464	S	29	0	29	0.00000
Pirellulimonas nuda	2528009	S	71	0	71	0.00000
Adhaeretor mobilis	1930276	S	38	0	38	0.00000
Bythopirellula goksoeyrii	1400387	S	21	0	21	0.00000
Thermogutta terrifontis	1331910	S	28	0	28	0.00000
Gimesia panareensis	2527978	S	217	9	226	0.00000
Gimesia algae	2527971	S	198	37	235	0.00000
Gimesia aquarii	2527964	S	124	1	125	0.00000
Gimesia chilikensis	2605989	S	75	29	104	0.00000
Gimesia maris	122	S	57	3	60	0.00000
Gimesia fumaroli	2527976	S	37	4	41	0.00000
Gimesia benthica	2608982	S	30	36	66	0.00000
Gimesia alba	2527973	S	15	1	16	0.00000
Planctomyces sp. SH-PL14	1632864	S	190	0	190	0.00000
Planctomyces sp. SH-PL62	1636152	S	143	5	148	0.00000
Crateriforma spongiae	2724528	S	19	92	111	0.00000
Crateriforma conspicua	2527996	S	13	64	77	0.00000
Fuerstiella marisgermanici	1891926	S	134	0	134	0.00000
Alienimonas californiensis	2527989	S	124	0	124	0.00000
Planctomicrobium aquicomposti	3448125	S	79	0	79	0.00000
Planctomicrobium limosum	3448123	S	15	0	15	0.00000
Planctomicrobium mucosum	3448126	S	13	0	13	0.00000
Maioricimonas rarisocia	2528026	S	110	0	110	0.00000
Symmachiella dynata	2527995	S	79	0	79	0.00000
Stratiformator vulcanicus	2527980	S	72	0	72	0.00000
Polystyrenella longa	2528007	S	63	0	63	0.00000
Planctopirus ephydatiae	2528019	S	35	6	41	0.00000
Planctopirus limnophila	120	S	18	2	20	0.00000
Thalassoglobus polymorphus	2527994	S	41	0	41	0.00000
Lacunimicrobium album	3454462	S	31	0	31	0.00000
Planctellipticum variicoloris	3064265	S	28	0	28	0.00000
Schlesneria sphaerica	3373610	S	18	6	24	0.00000
Caulifigura coniformis	2527983	S	19	0	19	0.00000
Rubinisphaera brasiliensis	119	S	19	9	28	0.00000
Calycomorphotria hydatis	2528027	S	13	0	13	0.00000
Gemmata obscuriglobus	114	S	218	4	222	0.00000
Gemmata sp. SH-PL17	1630693	S	116	31	147	0.00000
Gemmata massiliana	1210884	S	67	16	83	0.00000
Frigoriglobus tundricola	2774151	S	420	8	428	0.00000
Tuwongella immobilis	692036	S	190	1	191	0.00000
Limnoglobus roseus	2598579	S	159	1	160	0.00000
Urbifossiella limnaea	2528023	S	158	0	158	0.00000
Telmatocola sphagniphila	1123043	S	117	0	117	0.00000
Singulisphaera sp. Ch08	3120278	S	138	13	151	0.00000
Singulisphaera sp. PoT	3411797	S	109	3	112	0.00000
Singulisphaera acidiphila	466153	S	183	32	215	0.00000
Aquisphaera giovannonii	406548	S	427	10	437	0.00000
Tundrisphaera macrotermitis	3435775	S	137	4	141	0.00000
Tundrisphaera lichenicola	2029860	S	97	1	98	0.00000
Tautonia plasticadhaerens	2527974	S	98	0	98	0.00000
Paludisphaera borealis	1387353	S	74	2	76	0.00000
Isosphaera pallida	128	S	36	0	36	0.00000
Engelhardtia mirabilis	2528011	S	364	59	423	0.00000
Saltatorellus ferox	2528018	S	51	20	71	0.00000
Rohdeia mirabilis	2528008	S	38	0	38	0.00000
Kolteria novifilia	2527975	S	45	0	45	0.00000
Humisphaera borealis	2807512	S	217	0	217	0.00000
Fontivita pretiosa	2989684	S	145	0	145	0.00000
Phycisphaera mikurensis	547188	S	157	4	161	0.00000
Poriferisphaera corsica	2528020	S	81	0	81	0.00000
Poriferisphaera sp. WC338	3425129	S	45	0	45	0.00000
Mucisphaera calidilacus	2527982	S	28	0	28	0.00000
Sedimentisphaera salicampi	1941349	S	243	4	247	0.00000
Sedimentisphaera cyanobacteriorum	1940790	S	29	5	34	0.00000
Limihaloglobus sulfuriphilus	1851148	S	11	0	11	0.00000
Anaerohalosphaera lusitana	1936003	S	14	0	14	0.00000
Candidatus Uabimicrobium amorphum	2596890	S	228	1	229	0.00000
Candidatus Uabimicrobium helgolandensis	3095367	S	135	0	135	0.00000
Candidatus Kuenenia stuttgartensis	174633	S	135	0	135	0.00000
Luteolibacter sp. Populi	3230487	S	512	23	535	0.00000
Luteolibacter sp. LG18	2819286	S	260	32	292	0.00000
Luteolibacter sp. SL250	2995170	S	111	3	114	0.00000
Luteolibacter sp. AS25	3135776	S	12	0	12	0.00000
Luteolibacter luteus	2728835	S	423	14	437	0.00000
Luteolibacter ambystomatis	2824561	S	138	10	148	0.00000
Sulfuriroseicoccus oceanibius	2707525	S	112	7	119	0.00000
Roseibacillus persicicus	454148	S	101	4	105	0.00000
Haloferula helveola	490095	S	98	4	102	0.00000
Verrucomicrobium spinosum	2736	S	58	0	58	0.00000
Verrucomicrobium sp. GAS474	1882831	S	35	6	41	0.00000
Roseimicrobium sp. ORNL1	2711231	S	89	0	89	0.00000
Oceaniferula spumae	2979115	S	39	0	39	0.00000
Akkermansia muciniphila	239935	S	111	77	188	0.00000
Akkermansia sp. RCC_12PD	3115152	S	21	106	127	0.00000
Akkermansia sp. N21116	3040764	S	13	1	14	0.00000
Akkermansia sp. AKK6	3567996	S	11	20	31	0.00000
Akkermansia glycaniphila	1679444	S	35	0	35	0.00000
Fontisphaera persica	2974023	S	29	0	29	0.00000
Opitutus terrae	107709	S	269	0	269	0.00000
Opitutus sp. GAS368	1882749	S	118	0	118	0.00000
Horticoccus luteus	2862869	S	160	1	161	0.00000
Horticoccus sp. 23ND18S-11	3391832	S	109	0	109	0.00000
Oleiharenicola sp. Vm1	3398393	S	229	13	242	0.00000
Actomonas aquatica	2866162	S	125	0	125	0.00000
Synoicihabitans lomoniglobus	2909285	S	110	0	110	0.00000
Termitidicoccus mucosus	1184151	S	109	6	115	0.00000
Lacunisphaera limnophila	1838286	S	94	1	95	0.00000
Nibricoccus aquaticus	2576891	S	81	0	81	0.00000
Lotipaludicoccus stagni	3034021	S	34	0	34	0.00000
Ereboglobus luteus	1796921	S	25	1	26	0.00000
Congregicoccus parvus	3081749	S	111	3	114	0.00000
Candidatus Pelagisphaera phototrophica	2684113	S	126	1	127	0.00000
Coraliomargarita sp. W4R53	3473458	S	69	25	94	0.00000
Coraliomargarita algicola	3092156	S	15	0	15	0.00000
Ruficoccus sp. ZRK36	2866311	S	80	0	80	0.00000
Rubellicoccus peritrichatus	3080537	S	31	0	31	0.00000
Candidatus Methylacidiphilum fumarolicum	591154	S	98	0	98	0.00000
Methylacidiphilum caldifontis	2795386	S	41	2	43	0.00000
Methylacidiphilum kamchatkense	431057	S	25	1	26	0.00000
Methylacidimicrobium sp. AP8	2730359	S	19	1	20	0.00000
Methylacidimicrobium sp. B4	2796139	S	12	2	14	0.00000
Candidatus Xiphinematobacter sp. Idaho Grape	1704307	S	18	0	18	0.00000
Neochlamydia sp. S13	1353976	S	319	0	319	0.00000
Parachlamydia acanthamoebae	83552	S	136	0	136	0.00000
Candidatus Protochlamydia amoebophila	362787	S	63	0	63	0.00000
Candidatus Protochlamydia naegleriophila	389348	S	19	0	19	0.00000
Rhabdochlamydiaceae symbiont of Dictyostelium giganteum	3342349	S	97	0	97	0.00000
Candidatus Rhabdochlamydia porcellionis	225148	S	38	0	38	0.00000
Simkania negevensis	83561	S	44	1	45	0.00000
Chlamydia pecorum	85991	S	314	25	339	0.00000
Chlamydia felis	83556	S	43	13	56	0.00000
Chlamydia muridarum	83560	S	18	36	54	0.00000
Chlamydia caviae	83557	S	15	9	24	0.00000
Kiritimatiella glycovorans	1307763	S	78	15	93	0.00000
Tichowtungia aerotolerans	2697043	S	68	0	68	0.00000
Lentisphaera profundi	1658616	S	75	0	75	0.00000
Candidatus Velamenicoccus archaeovorus	1930593	S	24	0	24	0.00000
Aliarcobacter butzleri	28197	S	388	75	463	0.00000
Aliarcobacter lanthieri	1355374	S	357	24	381	0.00000
Aliarcobacter trophiarum	708186	S	289	23	312	0.00000
Aliarcobacter cryaerophilus	28198	S	161	25	186	0.00000
Aliarcobacter cibarius	255507	S	159	24	183	0.00000
Aliarcobacter faecis	1564138	S	111	13	124	0.00000
Aliarcobacter vitoriensis	2011099	S	79	6	85	0.00000
Aliarcobacter thereius	544718	S	13	7	20	0.00000
Arcobacter sp. FWKO B	2593672	S	175	4	179	0.00000
Arcobacter sp. L	944547	S	171	148	319	0.00000
Arcobacter sp.	1872629	S	74	7	81	0.00000
Arcobacter sp. 15-2	3374109	S	19	0	19	0.00000
Arcobacter porcinus	1935204	S	352	309	661	0.00000
Arcobacter iocasae	2906515	S	123	20	143	0.00000
Arcobacter nitrofigilis	28199	S	83	8	91	0.00000
Arcobacter acticola	1849015	S	81	5	86	0.00000
Arcobacter cloacae	1054034	S	55	8	63	0.00000
Arcobacter roscoffensis	2961520	S	50	3	53	0.00000
Arcobacter venerupis	1054033	S	27	1	28	0.00000
Arcobacter defluvii	873191	S	22	19	41	0.00000
Arcobacter suis	1278212	S	11	0	11	0.00000
Malaciobacter marinus	505249	S	284	113	397	0.00000
Malaciobacter mytili	603050	S	181	7	188	0.00000
Malaciobacter pacificus	1080223	S	141	16	157	0.00000
Malaciobacter canalis	1912871	S	70	22	92	0.00000
Malaciobacter molluscorum	1032072	S	61	3	64	0.00000
Malaciobacter halophilus	197482	S	55	6	61	0.00000
Halarcobacter ebronensis	1462615	S	353	24	377	0.00000
Halarcobacter bivalviorum	663364	S	198	7	205	0.00000
Halarcobacter anaerophilus	877500	S	149	3	152	0.00000
Halarcobacter sp.	2321133	S	146	6	152	0.00000
Poseidonibacter lekithochrous	1904463	S	164	10	174	0.00000
Candidatus Marinarcus sp.	3100987	S	23	1	24	0.00000
Campylobacter lari	201	S	867	30	897	0.00001
Campylobacter concisus	199	S	580	1	581	0.00000
Campylobacter jejuni	197	S	349	309	658	0.00000
Campylobacter sp. RM5004	1660078	S	63	1	64	0.00000
Campylobacter sp. RM16704	1500960	S	55	1	56	0.00000
Campylobacter sp. CS_NA3	2984142	S	54	1	55	0.00000
Campylobacter sp. RM16187	1660063	S	48	0	48	0.00000
Campylobacter sp. RM12651	1660079	S	38	0	38	0.00000
Campylobacter sp. 19-13652	2840180	S	34	0	34	0.00000
Campylobacter sp. CCS1377	3158229	S	11	0	11	0.00000
Campylobacter blaseri	2042961	S	305	2	307	0.00000
Campylobacter avium	522485	S	155	6	161	0.00000
Campylobacter ureolyticus	827	S	125	2	127	0.00000
Campylobacter hepaticus	1813019	S	109	3	112	0.00000
Campylobacter sputorum	206	S	106	0	106	0.00000
Campylobacter fetus	196	S	96	2	98	0.00000
Campylobacter pinnipediorum	1965231	S	90	0	90	0.00000
Campylobacter upsaliensis	28080	S	88	16	104	0.00000
Campylobacter gracilis	824	S	88	0	88	0.00000
Campylobacter lanienae	75658	S	83	3	86	0.00000
Campylobacter coli	195	S	77	17	94	0.00000
Campylobacter canadensis	449520	S	64	1	65	0.00000
Campylobacter corcagiensis	1448857	S	59	0	59	0.00000
Campylobacter molothri	1032242	S	53	36	89	0.00000
Campylobacter ornithocola	1848766	S	52	2	54	0.00000
Campylobacter porcelli	1660073	S	42	0	42	0.00000
Candidatus Campylobacter infans	2561898	S	33	0	33	0.00000
Campylobacter vicugnae	1660076	S	32	0	32	0.00000
Campylobacter peloridis	488546	S	29	1	30	0.00000
Campylobacter rectus	203	S	22	0	22	0.00000
Campylobacter curvus	200	S	18	0	18	0.00000
Campylobacter hyointestinalis	198	S	18	0	18	0.00000
Campylobacter devanensis	3161138	S	16	0	16	0.00000
Campylobacter californiensis	1032243	S	12	0	12	0.00000
Campylobacter subantarcticus	497724	S	11	1	12	0.00000
Helicobacter pylori	210	S	568	5	573	0.00000
Helicobacter canadensis	123841	S	208	9	217	0.00000
Helicobacter himalayensis	1591088	S	188	2	190	0.00000
Helicobacter heilmannii	35817	S	114	4	118	0.00000
Helicobacter suis	104628	S	73	2	75	0.00000
Helicobacter bizzozeronii	56877	S	64	0	64	0.00000
Helicobacter mastomyrinus	287948	S	62	1	63	0.00000
Helicobacter winghamensis	157268	S	58	7	65	0.00000
Helicobacter acinonychis	212	S	43	1	44	0.00000
Helicobacter typhlonius	76936	S	42	3	45	0.00000
Helicobacter mustelae	217	S	38	0	38	0.00000
Helicobacter hepaticus	32025	S	30	2	32	0.00000
Helicobacter canis	29419	S	23	0	23	0.00000
Helicobacter pullorum	35818	S	21	12	33	0.00000
Helicobacter bilis	37372	S	16	2	18	0.00000
Helicobacter cetorum	138563	S	11	0	11	0.00000
Helicobacter cinaedi	213	S	11	0	11	0.00000
Helicobacter cholecystus	45498	S	10	0	10	0.00000
Wolinella succinogenes	844	S	102	0	102	0.00000
Sulfurimonas sp.	2022749	S	172	3	175	0.00000
Sulfurimonas sp. SWIR-19	2878390	S	156	166	322	0.00000
Sulfurimonas sp. CS5	3391145	S	27	0	27	0.00000
Sulfurimonas marina	2590551	S	223	5	228	0.00000
Candidatus Sulfurimonas baltica	2740404	S	115	15	130	0.00000
Sulfurimonas paralvinellae	317658	S	82	3	85	0.00000
Candidatus Sulfurimonas marisnigri	2740405	S	65	8	73	0.00000
Sulfurimonas denitrificans	39766	S	45	2	47	0.00000
Sulfurimonas lithotrophica	2590022	S	45	0	45	0.00000
Sulfurimonas sediminis	2590020	S	37	42	79	0.00000
Sulfurimonas aquatica	2672570	S	16	0	16	0.00000
Sulfurimonas autotrophica	202747	S	11	0	11	0.00000
Sulfonitrofixus jiaomeiensis	3131938	S	116	1	117	0.00000
Sulfuricurvum kujiense	148813	S	39	0	39	0.00000
Thiomicrolovo zhangzhouensis	3131933	S	29	5	34	0.00000
Hydrocurvibacter sulfurireducens	3131937	S	10	0	10	0.00000
Sulfurospirillum diekertiae	1854492	S	291	33	324	0.00000
Sulfurospirillum sp. 1307	3384764	S	138	4	142	0.00000
Sulfurospirillum sp. 1612	3094835	S	43	0	43	0.00000
Sulfurospirillum sp. UCH001	1581011	S	28	0	28	0.00000
Sulfurospirillum barnesii	44674	S	82	1	83	0.00000
Sulfurospirillum cavolei	366522	S	77	36	113	0.00000
Sulfurospirillum deleyianum	65553	S	50	1	51	0.00000
Sulfurospirillum halorespirans	194424	S	15	4	19	0.00000
Hydrogenimonas cancrithermarum	2993563	S	91	1	92	0.00000
Hydrogenimonas leucolamina	2954236	S	82	1	83	0.00000
Hydrogenimonas thermophila	223786	S	68	0	68	0.00000
Hydrogenimonas urashimensis	2740515	S	42	0	42	0.00000
Sulfurovum sp. CS9	3391146	S	104	10	114	0.00000
Sulfurovum sp. XGS-02	2925411	S	102	21	123	0.00000
Sulfurovum mangrovi	2893889	S	22	12	34	0.00000
Caminibacter mediatlanticus	291048	S	496	3	499	0.00000
Caminibacter pacificus	1424653	S	64	0	64	0.00000
Nautilia profundicola	244787	S	88	0	88	0.00000
Nitrosophilus alvini	2714855	S	34	0	34	0.00000
Nitrosophilus labii	2706014	S	12	0	12	0.00000
Nitratiruptor tergarcus	269259	S	12	13	25	0.00000
Hippea maritima	84405	S	36	0	36	0.00000
Desulfovibrio desulfuricans	876	S	591	26	617	0.00000
Desulfovibrio piger	901	S	437	17	454	0.00000
Desulfovibrio subterraneus	2718620	S	144	2	146	0.00000
Desulfovibrio mangrovi	2976983	S	130	2	132	0.00000
Desulfovibrio fairfieldensis	44742	S	89	0	89	0.00000
Desulfovibrio ferrophilus	241368	S	42	0	42	0.00000
Desulfovibrio falkowii	3136602	S	22	269	291	0.00000
Desulfovibrio sp. G11	631220	S	11	120	131	0.00000
Pseudodesulfovibrio sediminis	2810563	S	234	5	239	0.00000
Pseudodesulfovibrio sp. zrk46	2725288	S	81	1	82	0.00000
Pseudodesulfovibrio methanolicus	3126690	S	172	75	247	0.00000
Pseudodesulfovibrio aespoeensis	182210	S	123	22	145	0.00000
Pseudodesulfovibrio piezophilus	879567	S	110	4	114	0.00000
Pseudodesulfovibrio thermohalotolerans	2880651	S	48	27	75	0.00000
Pseudodesulfovibrio cashew	2678688	S	46	2	48	0.00000
Pseudodesulfovibrio profundus	57320	S	37	10	47	0.00000
Pseudodesulfovibrio indicus	1716143	S	37	1	38	0.00000
Pseudodesulfovibrio mercurii	641491	S	33	2	35	0.00000
Pseudodesulfovibrio tunisiensis	463192	S	31	0	31	0.00000
Pseudodesulfovibrio portus	231439	S	22	0	22	0.00000
uncultured Pseudodesulfovibrio sp.	2035858	S	17	0	17	0.00000
Pseudodesulfovibrio nedwellii	2973072	S	15	0	15	0.00000
Nitratidesulfovibrio liaohensis	2604158	S	365	8	373	0.00000
Nitratidesulfovibrio sp. HK-II	2009266	S	166	2	168	0.00000
Nitratidesulfovibrio vulgaris	881	S	89	1	90	0.00000
Maridesulfovibrio sp.	2795000	S	373	11	384	0.00000
Maridesulfovibrio sp. FT414	2979469	S	49	0	49	0.00000
Maridesulfovibrio hydrothermalis	191026	S	106	0	106	0.00000
Maridesulfovibrio salexigens	880	S	22	0	22	0.00000
Solidesulfovibrio sp. DCME	3447380	S	257	0	257	0.00000
Solidesulfovibrio magneticus	184917	S	124	8	132	0.00000
Solidesulfovibrio carbinolicus	296842	S	81	7	88	0.00000
Solidesulfovibrio carbinoliphilus	345370	S	81	0	81	0.00000
Desulfolutivibrio sulfoxidireducens	2773299	S	142	1	143	0.00000
Desulfolutivibrio sulfodismutans	63561	S	139	1	140	0.00000
Oceanidesulfovibrio marinus	370038	S	166	0	166	0.00000
Megalodesulfovibrio gigas	879	S	139	0	139	0.00000
Bilophila wadsworthia	35833	S	117	0	117	0.00000
Oleidesulfovibrio alaskensis	58180	S	88	41	129	0.00000
Salidesulfovibrio onnuriiensis	2583823	S	78	0	78	0.00000
Halodesulfovibrio aestuarii	126333	S	77	0	77	0.00000
Taurinivorans muris	2787751	S	69	0	69	0.00000
Desulfocurvibacter africanus	873	S	58	0	58	0.00000
uncultured Mailhella sp.	1981031	S	37	2	39	0.00000
Desulfomicrobium sp. ZS1	2952228	S	91	56	147	0.00000
Desulfomicrobium orale	132132	S	40	1	41	0.00000
Desulfomicrobium baculatum	899	S	21	12	33	0.00000
Thermodesulfomicrobium sp. WS	3004129	S	12	0	12	0.00000
Desulfohalobium retbaense	45663	S	42	0	42	0.00000
Geobacter sp. SVR	2495594	S	115	2	117	0.00000
Geobacter sp. FeAm09	2597769	S	101	0	101	0.00000
Geobacter sp. DSM 9736	1277350	S	16	0	16	0.00000
Geobacter sulfurreducens	35554	S	111	63	174	0.00000
Geobacter anodireducens	1340425	S	52	15	67	0.00000
Geobacter benzoatilyticus	2815309	S	49	1	50	0.00000
Geobacter metallireducens	28232	S	29	0	29	0.00000
Geobacter pickeringii	345632	S	19	0	19	0.00000
Geotalea uraniireducens	351604	S	457	12	469	0.00000
Geotalea daltonii	1203471	S	41	0	41	0.00000
Geomonas diazotrophica	2843197	S	283	16	299	0.00000
Geomonas subterranea	2847989	S	66	3	69	0.00000
Geomonas oryzisoli	2847992	S	45	2	47	0.00000
Geomonas paludis	2740185	S	39	2	41	0.00000
Geomonas sp. RF6	2897342	S	24	0	24	0.00000
Trichlorobacter lovleyi	313985	S	192	5	197	0.00000
Trichlorobacter ammonificans	2916410	S	92	1	93	0.00000
Citrifermentans bremense	60035	S	16	1	17	0.00000
Citrifermentans bemidjiense	225194	S	13	0	13	0.00000
Desulfuromonas thiophila	57664	S	179	1	180	0.00000
Desulfuromonas versatilis	2802975	S	114	0	114	0.00000
Desulfuromonas sp. DDH964	1823759	S	77	1	78	0.00000
Desulfuromonas sp. AOP6	1566351	S	34	0	34	0.00000
Desulfuromonas soudanensis	1603606	S	49	0	49	0.00000
Pelobacter propionicus	29543	S	66	2	68	0.00000
Geoalkalibacter halelectricus	2847045	S	229	0	229	0.00000
Geoalkalibacter subterraneus	483547	S	59	18	77	0.00000
Syntrophotalea acetylenica	29542	S	53	5	58	0.00000
Syntrophotalea acetylenivorans	1842532	S	32	3	35	0.00000
Syntrophotalea carbinolica	19	S	23	0	23	0.00000
Desulfosarcina ovata	83564	S	289	2	291	0.00000
Desulfosarcina variabilis	2300	S	288	7	295	0.00000
Desulfosarcina widdelii	947919	S	210	9	219	0.00000
Desulfosarcina alkanivorans	571177	S	102	11	113	0.00000
Desulfosarcina sp. BuS5	933262	S	49	0	49	0.00000
Desulfonema magnum	45655	S	572	0	572	0.00000
Desulfonema limicola	45656	S	240	0	240	0.00000
Desulfococcus multivorans	897	S	53	0	53	0.00000
uncultured Desulfobacter sp.	240139	S	195	1	196	0.00000
Desulfobacter postgatei	2293	S	104	1	105	0.00000
Desulfobacter hydrogenophilus	2291	S	58	0	58	0.00000
Desulforapulum autotrophicum	2296	S	175	0	175	0.00000
Desulfobacula toluolica	28223	S	38	0	38	0.00000
Desulfatibacillum aliphaticivorans	218208	S	192	0	192	0.00000
Desulfoluna limicola	2810562	S	51	0	51	0.00000
Desulfosudis oleivorans	181663	S	16	0	16	0.00000
Desulfosediminicola flagellatus	2569541	S	187	0	187	0.00000
Desulfosediminicola ganghwensis	2569540	S	16	0	16	0.00000
Desulfotalea psychrophila	84980	S	148	0	148	0.00000
Desulfopila sp. IMCC35008	2653858	S	120	0	120	0.00000
Desulfofustis limnaeus	2740163	S	99	0	99	0.00000
Desulforhopalus sp. 52FAK	3470062	S	66	0	66	0.00000
Desulfocapsa sulfexigens	65555	S	46	0	46	0.00000
Desulfobulbus propionicus	894	S	136	0	136	0.00000
Desulfobulbus oligotrophicus	1909699	S	131	33	164	0.00000
Desulfobulbus oralis	1986146	S	31	0	31	0.00000
Desulfolithobacter dissulfuricans	2795293	S	163	0	163	0.00000
Desulfurivibrio alkaliphilus	427923	S	51	0	51	0.00000
Desulfomarina profundi	2772557	S	23	0	23	0.00000
Candidatus Electrothrix sp. GW3-4	3126740	S	14	0	14	0.00000
Thiovibrio sp. JS02	3462383	S	22	4	26	0.00000
Thermodesulfobacterium commune	1741	S	182	0	182	0.00000
Thermodesulfobacterium geofontis	1295609	S	41	0	41	0.00000
Thermodesulfobacterium sp. TA1	2234087	S	37	0	37	0.00000
Thermosulfurimonas marina	2047767	S	31	0	31	0.00000
Thermosulfuriphilus ammonigenes	1936021	S	30	0	30	0.00000
Caldimicrobium thiodismutans	1653476	S	22	0	22	0.00000
Thermodesulfatator indicus	171695	S	104	0	104	0.00000
Desulfobacca acetoxidans	60893	S	199	0	199	0.00000
Desulfarculus baarsii	453230	S	124	30	154	0.00000
Desulfoferula mesophila	3058419	S	53	0	53	0.00000
Desulfoglaeba alkanexedens	361111	S	106	1	107	0.00000
Syntrophobacter fumaroxidans	119484	S	19	2	21	0.00000
Desulfomonile tiedjei	2358	S	59	0	59	0.00000
Candidatus Desulfofervidus auxilii	1621989	S	50	0	50	0.00000
Syntrophus aciditrophicus	316277	S	27	0	27	0.00000
Syntrophus buswellii	43774	S	21	0	21	0.00000
Treponema peruense	2787628	S	838	7	845	0.00001
Treponema bryantii	163	S	558	2	560	0.00000
Treponema sp. OMZ 788	2563664	S	166	86	252	0.00000
Treponema sp. OMZ 838	1539298	S	111	138	249	0.00000
Treponema sp. OMZ 857	1643513	S	59	35	94	0.00000
Treponema sp. HNW	3116654	S	30	0	30	0.00000
Treponema putidum	221027	S	385	137	522	0.00000
Treponema denticola	158	S	200	196	396	0.00000
Treponema brennaborense	81028	S	183	0	183	0.00000
Treponema primitia	88058	S	138	2	140	0.00000
Treponema parvum	138851	S	134	1	135	0.00000
Treponema pedis	409322	S	122	7	129	0.00000
Treponema saccharophilum	165	S	110	0	110	0.00000
Treponema phagedenis	162	S	93	2	95	0.00000
Treponema ruminis	744515	S	41	0	41	0.00000
Treponema vincentii	69710	S	38	40	78	0.00000
Treponema socranskii	53419	S	17	0	17	0.00000
Brucepastera parasyntrophica	2880008	S	145	0	145	0.00000
Borreliella yangtzensis	683292	S	247	31	278	0.00000
Borreliella afzelii	29518	S	226	65	291	0.00000
Candidatus Borreliella tachyglossi	1964448	S	117	2	119	0.00000
Borreliella andersonii	42109	S	60	5	65	0.00000
Borreliella bavariensis	664662	S	53	77	130	0.00000
Borreliella lusitaniae	100177	S	53	3	56	0.00000
Borreliella garinii	29519	S	42	22	64	0.00000
Borreliella valaisiana	62088	S	35	9	44	0.00000
Borreliella japonica	34095	S	21	2	23	0.00000
Borreliella burgdorferi	139	S	11	7	18	0.00000
Borrelia sp. A-FGy1	2608247	S	93	1	94	0.00000
Borrelia sp. HM	1882662	S	91	1	92	0.00000
Borrelia coriaceae	144	S	172	13	185	0.00000
Borrelia hermsii	140	S	99	17	116	0.00000
Borrelia crocidurae	29520	S	71	56	127	0.00000
Borrelia miyamotoi	47466	S	17	0	17	0.00000
Borrelia anserina	143	S	15	0	15	0.00000
Oceanispirochaeta crateris	2518645	S	212	0	212	0.00000
Spirochaeta africana	46355	S	182	0	182	0.00000
Sediminispirochaeta smaragdinae	55206	S	100	5	105	0.00000
Thiospirochaeta perfilievii	252967	S	95	0	95	0.00000
Candidatus Haliotispira prima	3034016	S	58	0	58	0.00000
Marispirochaeta aestuarii	1963862	S	49	0	49	0.00000
Entomospira entomophila	2719988	S	27	3	30	0.00000
Salinispira pacifica	1307761	S	21	0	21	0.00000
Sphaerochaeta pleomorpha	1131707	S	138	4	142	0.00000
Sphaerochaeta globosa	1131703	S	47	1	48	0.00000
Sphaerochaeta associata	1129264	S	30	0	30	0.00000
Parasphaerochaeta coccoides	273376	S	145	0	145	0.00000
Gracilinema caldarium	215591	S	113	3	116	0.00000
Leadbettera azotonutricia	150829	S	57	1	58	0.00000
Breznakiella homolactica	2798577	S	16	0	16	0.00000
Brachyspira pilosicoli	52584	S	607	2	609	0.00000
Brachyspira hyodysenteriae	159	S	454	6	460	0.00000
Brachyspira murdochii	84378	S	378	6	384	0.00000
Brachyspira hampsonii	1287055	S	122	2	124	0.00000
Brachyspira intermedia	84377	S	22	0	22	0.00000
Leptospira interrogans	173	S	194	60	254	0.00000
Leptospira sp. GIMC2001	1513297	S	112	0	112	0.00000
Leptospira sp. severe_002	2838237	S	42	90	132	0.00000
Leptospira sp. 'Mane'	3387407	S	29	0	29	0.00000
Leptospira kmetyi	408139	S	179	0	179	0.00000
Leptospira tipperaryensis	2564040	S	162	0	162	0.00000
Leptospira noguchii	28182	S	129	0	129	0.00000
Leptospira borgpetersenii	174	S	110	0	110	0.00000
Leptospira santarosai	28183	S	105	0	105	0.00000
Leptospira biflexa	172	S	77	0	77	0.00000
Leptospira kobayashii	1917830	S	50	0	50	0.00000
Leptospira kirschneri	29507	S	23	0	23	0.00000
Leptospira cinconiae	3235173	S	13	0	13	0.00000
Turneriella parva	29510	S	10	0	10	0.00000
Winmispira thermophila	154	S	134	0	134	0.00000
Thermospira aquatica	2828656	S	46	0	46	0.00000
Terriglobus roseus	392734	S	478	1	479	0.00000
Terriglobus albidus	1592106	S	112	0	112	0.00000
Terriglobus saanensis	870903	S	44	0	44	0.00000
Terriglobus sp.	1889013	S	22	0	22	0.00000
Tunturiibacter gelidiferens	3069689	S	195	7	202	0.00000
Tunturiibacter lichenicola	2051959	S	96	4	100	0.00000
Tunturiibacter empetritectus	3069691	S	84	3	87	0.00000
Tunturiibacter psychrotolerans	3069686	S	50	2	52	0.00000
Granulicella tundricola	940615	S	226	0	226	0.00000
Granulicella sp. WH15	2602070	S	99	1	100	0.00000
Granulicella sp. 5B5	1617967	S	20	0	20	0.00000
Granulicella mallensis	940614	S	73	0	73	0.00000
Edaphobacter albus	2763071	S	163	0	163	0.00000
Edaphobacter flagellatus	1933044	S	104	0	104	0.00000
Edaphobacter sp. 12200R-103	2703788	S	93	0	93	0.00000
Edaphobacter paludis	3035702	S	12	0	12	0.00000
Telmatobacter bradus	474953	S	269	0	269	0.00000
Telmatobacter sp. DSM 110680	3036704	S	80	0	80	0.00000
Acidobacterium capsulatum	33075	S	156	0	156	0.00000
Occallatibacter riparius	1002689	S	88	0	88	0.00000
Silvibacterium acidisoli	2883246	S	86	0	86	0.00000
Alloacidobacterium dinghuense	2763107	S	73	0	73	0.00000
Acidisarcina polymorpha	2211140	S	28	0	28	0.00000
Candidatus Korobacter versatilis	658062	S	34	0	34	0.00000
Paludibaculum fermentans	1473598	S	141	0	141	0.00000
Geothrix sp. 21YS21S-2	3068893	S	156	35	191	0.00000
Geothrix sp. PMB-07	3068640	S	117	7	124	0.00000
Geothrix sp.	1962974	S	73	5	78	0.00000
Geothrix sp. 21YS21S-4	3068889	S	44	2	46	0.00000
Geothrix oryzae	2927975	S	129	6	135	0.00000
Mesoterricola sediminis	2927980	S	108	8	116	0.00000
Mesoterricola silvestris	2927979	S	59	16	75	0.00000
Sulfidibacter corallicola	2818388	S	250	0	250	0.00000
Acanthopleuribacter pedis	442870	S	94	0	94	0.00000
Thermotomaculum hydrothermale	981385	S	33	0	33	0.00000
Luteitalea sp. TBR-22	2802971	S	196	20	216	0.00000
Luteitalea pratensis	1855912	S	161	12	173	0.00000
Candidatus Chloracidobacterium aggregatum	2821541	S	111	21	132	0.00000
Chloracidobacterium sp. D	2821536	S	42	61	103	0.00000
Chloracidobacterium validum	2821543	S	22	0	22	0.00000
Bdellovibrio sp. HCB337	3394358	S	245	0	245	0.00000
Bdellovibrio sp. HCB290	3394356	S	120	29	149	0.00000
Bdellovibrio sp. SKB1291214	1732569	S	87	19	106	0.00000
Bdellovibrio sp. NC01	2220073	S	85	2	87	0.00000
Bdellovibrio sp. HCB274	3394361	S	80	18	98	0.00000
Bdellovibrio sp. HCB-162	3394234	S	71	2	73	0.00000
Bdellovibrio sp. ZAP7	2231053	S	18	10	28	0.00000
Bdellovibrio sp. HCB209	3394354	S	17	2	19	0.00000
Bdellovibrio bacteriovorus	959	S	372	167	539	0.00000
Bdellovibrio reynosensis	2835041	S	45	0	45	0.00000
Bdellovibrio sp. HCB185ZH	3394235	S	29	3	32	0.00000
Micavibrio aeruginosavorus	349221	S	409	0	409	0.00000
Silvanigrella aquatica	1915309	S	250	0	250	0.00000
Pigmentibacter ruber	2683196	S	126	0	126	0.00000
Pigmentibacter sp. JX0631	2976982	S	120	0	120	0.00000
Fluviispira sanaruensis	2493639	S	59	0	59	0.00000
Spirobacillus cienkowskii	495820	S	250	0	250	0.00000
Peredibacter starrii	28202	S	85	1	86	0.00000
Peredibacter sp. HCB2-198	3383025	S	60	0	60	0.00000
Bacteriovorax stolpii	960	S	98	0	98	0.00000
Halobacteriovorax sp. BALOs_7	2109558	S	19	0	19	0.00000
Nitrospira sp. Nam74	3397807	S	197	0	197	0.00000
Nitrospira sp. Ecomares 2.1	985252	S	166	0	166	0.00000
Nitrospira sp. KM1	1936990	S	59	0	59	0.00000
Nitrospira sp. Kam-Ns4a	3397801	S	30	0	30	0.00000
Nitrospira sp. Nam80	3397804	S	18	0	18	0.00000
Candidatus Nitrospira bockiana	463288	S	161	0	161	0.00000
Nitrospira calida	876851	S	131	0	131	0.00000
Candidatus Nitrospira neomarina	3020899	S	113	0	113	0.00000
Nitrospira tepida	2973512	S	89	0	89	0.00000
Nitrospira japonica	1325564	S	77	0	77	0.00000
Nitrospira moscoviensis	42253	S	76	0	76	0.00000
Leptospirillum ferrooxidans	180	S	64	0	64	0.00000
Leptospirillum ferriphilum	178606	S	50	68	118	0.00000
Candidatus Magnetomonas plexicatena	2552947	S	68	0	68	0.00000
Thermodesulfovibrio obliviosus	3118332	S	84	0	84	0.00000
Thermodesulfovibrio autotrophicus	3118333	S	14	0	14	0.00000
Deferribacter desulfuricans	197162	S	441	0	441	0.00000
Denitrovibrio acetiphilus	118000	S	88	0	88	0.00000
Geovibrio thiophilus	139438	S	23	0	23	0.00000
Mucispirillum schaedleri	248039	S	83	0	83	0.00000
Calditerrivibrio nitroreducens	477976	S	18	0	18	0.00000
Hydrogenobaculum sp. Y04AAS1	380749	S	209	2	211	0.00000
Pampinifervens florentissimum	1632019	S	13	5	18	0.00000
Sulfurihydrogenibium azorense	309806	S	145	0	145	0.00000
Sulfurihydrogenibium sp. YO3AOP1	436114	S	28	0	28	0.00000
Desulfurobacterium thermolithotrophum	64160	S	100	0	100	0.00000
Elusimicrobium posterum	3116653	S	264	0	264	0.00000
Elusimicrobium minutum	423605	S	19	0	19	0.00000
Candidatus Endomicrobiellum trichonymphae	1408204	S	31	0	31	0.00000
Endomicrobium proavitum	1408281	S	15	5	20	0.00000
Sphaerobacter thermophilus	2057	S	246	0	246	0.00000
Thermomicrobium roseum	500	S	12	0	12	0.00000
Caldisericum exile	693075	S	166	0	166	0.00000
Desulfurispirillum indicum	936456	S	148	0	148	0.00000
Dictyoglomus thermophilum	14	S	70	0	70	0.00000
Dictyoglomus turgidum	513050	S	11	0	11	0.00000
Candidatus Caldatribacterium saccharofermentans	1454753	S	62	0	62	0.00000
Thermatribacter velox	3039681	S	37	5	42	0.00000
Thermodesulfobium narugense	184064	S	52	0	52	0.00000
Thermodesulfobium acidiphilum	1794699	S	33	0	33	0.00000
Caldithrix abyssi	187145	S	59	0	59	0.00000
Nitrospina watsonii	1323948	S	49	0	49	0.00000
Zhurongbacter thermophilus	2681877	S	45	0	45	0.00000
Coprothermobacter proteolyticus	35786	S	12	0	12	0.00000
Thermosulfidibacter takaii	412593	S	10	0	10	0.00000
Paenibacillus sp. FSL F4-0243	2954732	S	747624	1328575	2076199	0.01511
Paenibacillus sp. FSL H7-0737	1536775	S	733827	1402775	2136602	0.01555
Paenibacillus sp. FSL H8-0261	2921381	S	278452	298699	577151	0.00420
Paenibacillus sp. FSL R5-0744	2921656	S	204032	402095	606127	0.00441
Paenibacillus sp. FSL R5-0470	2921641	S	203438	380718	584156	0.00425
Paenibacillus sp. G2S3	3047872	S	151837	13558	165395	0.00120
Paenibacillus sp. FSL R10-2734	2954691	S	75814	1583	77397	0.00056
Paenibacillus sp. FSL K6-0276	2921450	S	52879	1653	54532	0.00040
Paenibacillus sp. RS8	3242681	S	25652	34915	60567	0.00044
Paenibacillus sp. B-A-8	3400419	S	23246	42885	66131	0.00048
Paenibacillus sp. FSL E2-0201	2954726	S	20527	30344	50871	0.00037
Paenibacillus sp. FSL R5-0928	2921667	S	16016	48773	64789	0.00047
Paenibacillus sp. FSL R5-0636	2921652	S	12538	38623	51161	0.00037
Paenibacillus sp. FSL R5-0345	1536770	S	11364	26284	37648	0.00027
Paenibacillus sp. MMS20-IR301	2895946	S	4395	30	4425	0.00003
Paenibacillus sp. 19GGS1-52	2758563	S	3730	20	3750	0.00003
Paenibacillus sp. FSL P2-0121	2921626	S	3215	24673	27888	0.00020
Paenibacillus sp. BR2-3	3048494	S	2442	15	2457	0.00002
Paenibacillus sp. PK3_47	2072642	S	2272	17	2289	0.00002
Paenibacillus sp. IHBB 10380	1566358	S	2068	20	2088	0.00002
Paenibacillus sp. FSL E2-0202	2954505	S	2050	13989	16039	0.00012
Paenibacillus sp. FSL H8-0260	2921380	S	1983	10615	12598	0.00009
Paenibacillus sp. ALE2	3478203	S	1909	2734	4643	0.00003
Paenibacillus sp. JNUCC31	2777983	S	1858	39	1897	0.00001
Paenibacillus sp. FSL E2-0190	2954504	S	1801	10357	12158	0.00009
Paenibacillus sp. FSL R7-0331	1536773	S	1610	19	1629	0.00001
Paenibacillus sp. FSL F4-0097	2921369	S	1609	6892	8501	0.00006
Paenibacillus sp. FSL R10-2778	2954659	S	1584	8117	9701	0.00007
Paenibacillus sp. FSL R7-0273	1536772	S	1535	21	1556	0.00001
Paenibacillus sp. FA6	3413029	S	1366	8	1374	0.00001
Paenibacillus sp. FSL R7-0189	2921673	S	1355	4155	5510	0.00004
Paenibacillus sp. FSL K6-3182	2921495	S	1306	7	1313	0.00001
Paenibacillus sp. FSL H8-0175	2921379	S	1305	7516	8821	0.00006
Paenibacillus sp. FSL R5-0912	1536771	S	1188	80	1268	0.00001
Paenibacillus sp. FSL R7-0345	2954535	S	1133	14	1147	0.00001
Paenibacillus sp. FSL H7-0690	2921437	S	1115	5602	6717	0.00005
Paenibacillus sp. FSL K6-1096	2921460	S	1086	6	1092	0.00001
Paenibacillus sp. FSL H3-0302	2921428	S	1036	15505	16541	0.00012
Paenibacillus sp. FSL K6-1217	2921466	S	1012	36	1048	0.00001
Paenibacillus sp. FSL E2-0177	2921360	S	1006	4701	5707	0.00004
Paenibacillus sp. SI8	3163026	S	999	0	999	0.00001
Paenibacillus sp. FSL H8-0537	2921399	S	998	15	1013	0.00001
Paenibacillus sp. FSL R10-2796	2954663	S	995	4726	5721	0.00004
Paenibacillus sp. FSL L8-0436	2954686	S	954	169	1123	0.00001
Paenibacillus sp. FSL H7-0943	2954739	S	851	3829	4680	0.00003
Paenibacillus sp. FSL H8-0282	2954741	S	850	3855	4705	0.00003
Paenibacillus sp. FSL H8-0548	1920422	S	814	3	817	0.00001
Paenibacillus sp. FSL L8-0333	2975331	S	801	3787	4588	0.00003
Paenibacillus sp. FSL L8-0340	2954685	S	770	66	836	0.00001
Paenibacillus sp. HWE-109	1306526	S	766	3	769	0.00001
Paenibacillus sp. Z6-24	2937871	S	732	5	737	0.00001
Paenibacillus sp. FSL R7-0163	2954530	S	727	4707	5434	0.00004
Paenibacillus sp. strain BS8-2	3569180	S	722	5	727	0.00001
Paenibacillus sp. CAA11	1532905	S	696	8	704	0.00001
Paenibacillus sp. FSL H3-0286	2921427	S	691	3462	4153	0.00003
Paenibacillus sp. FSL E2-0178	2921361	S	688	136	824	0.00001
Paenibacillus sp. RC67	3039392	S	686	3	689	0.00001
Paenibacillus sp. PAMC21692	2762320	S	620	17	637	0.00000
Paenibacillus sp. KS-LC4	2979727	S	579	6	585	0.00000
Paenibacillus sp. FSL H3-0469	2954506	S	567	46	613	0.00000
Paenibacillus sp. R14(2021)	2859228	S	515	3	518	0.00000
Paenibacillus sp. DYY-L-2	3447013	S	507	8	515	0.00000
Paenibacillus sp. FSL R7-0272	2921679	S	475	5	480	0.00000
Paenibacillus sp. QZ-Y1	3414511	S	460	6	466	0.00000
Paenibacillus sp. FSL K6-0108	2921417	S	460	84	544	0.00000
Paenibacillus sp. SN-8-1	3435409	S	456	6	462	0.00000
Paenibacillus sp. EC2-1	3388665	S	449	3	452	0.00000
Paenibacillus sp. FSL H7-0357	1536774	S	392	74	466	0.00000
Paenibacillus sp. FSL P4-0176	2921631	S	387	601	988	0.00001
Paenibacillus sp. FSL P4-0081	1536769	S	385	491	876	0.00001
Paenibacillus sp. FSL W8-0426	2921714	S	366	3	369	0.00000
Paenibacillus sp. KN14-4R	3445773	S	352	2	354	0.00000
Paenibacillus sp. N3/727	2925845	S	349	16	365	0.00000
Paenibacillus sp. FSL H7-0350	2975345	S	347	419	766	0.00001
Paenibacillus sp. BIHB 4019	1870819	S	334	3	337	0.00000
Paenibacillus sp. FSL H8-0259	1920423	S	334	450	784	0.00001
Paenibacillus sp. FSL F4-0100	2921370	S	316	118	434	0.00000
Paenibacillus sp. FSL P2-0089	2954526	S	307	181	488	0.00000
Paenibacillus sp. 481	2835869	S	301	1	302	0.00000
Paenibacillus sp. FSL M8-0142	2954525	S	292	161	453	0.00000
Paenibacillus sp. FSL R7-0652	2921687	S	291	557	848	0.00001
Paenibacillus sp. FSL H8-0332	2954742	S	289	15	304	0.00000
Paenibacillus sp. DCT19	2211212	S	281	5	286	0.00000
Paenibacillus sp. FSL K6-2441	2954679	S	275	3	278	0.00000
Paenibacillus sp. FSL H3-0329	2954734	S	266	8756	9022	0.00007
Paenibacillus sp. FSL R7-0337	1926588	S	258	302	560	0.00000
Paenibacillus sp. FSL M7-0896	2921610	S	251	290	541	0.00000
Paenibacillus sp. D2_2	3073092	S	232	2	234	0.00000
Paenibacillus sp. 8b26	3424133	S	232	59	291	0.00000
Paenibacillus sp. FSL R5-0341	2921636	S	218	33	251	0.00000
Paenibacillus sp. FSL R7-0216	2921677	S	213	1	214	0.00000
Paenibacillus sp. H1-7	2282849	S	208	0	208	0.00000
Paenibacillus sp. MBLB4367	3384767	S	198	0	198	0.00000
Paenibacillus sp. S25	2823905	S	197	205	402	0.00000
Paenibacillus sp. SYP-B4298	2996034	S	196	0	196	0.00000
Paenibacillus sp. FSL E2-0230	2954727	S	196	5872	6068	0.00004
Paenibacillus sp. JDR-2	324057	S	192	1	193	0.00000
Paenibacillus sp. FSL W8-0194	2921711	S	187	1	188	0.00000
Paenibacillus sp. FSL K6-1318	2975291	S	183	29	212	0.00000
Paenibacillus sp. FSL E2-0274	2954728	S	183	4562	4745	0.00003
Paenibacillus sp. FSL R5-0517	2921647	S	180	217	397	0.00000
Paenibacillus sp. sptzw28	715179	S	177	0	177	0.00000
Paenibacillus sp. FSL H8-0457	2921386	S	176	297	473	0.00000
Paenibacillus sp. FSL R5-0713	2921655	S	174	220	394	0.00000
Paenibacillus sp. FSL L8-0502	2954619	S	166	358	524	0.00000
Paenibacillus sp. KACC 21273	3025665	S	163	16	179	0.00000
Paenibacillus sp. FSL W8-0186	2921709	S	149	6	155	0.00000
Paenibacillus sp. Z3-2	2937870	S	127	5	132	0.00000
Paenibacillus sp. FSL R10-2782	2954661	S	121	7	128	0.00000
Paenibacillus sp. YPG26	2878915	S	120	2	122	0.00000
Paenibacillus sp. WLX2291	3296934	S	115	18	133	0.00000
Paenibacillus sp. PL2-23	2100729	S	113	1	114	0.00000
Paenibacillus sp. S-38	3416710	S	112	0	112	0.00000
Paenibacillus sp. B01	2660554	S	112	99	211	0.00000
Paenibacillus sp. FSL R5-0623	2921651	S	107	35	142	0.00000
Paenibacillus sp. URB8-2	2741301	S	101	0	101	0.00000
Paenibacillus sp. E222	2748863	S	100	166	266	0.00000
Paenibacillus sp. P36	3342538	S	96	1	97	0.00000
Paenibacillus sp. BR1-192	3032287	S	88	85	173	0.00000
Paenibacillus sp. WLX1005	3243766	S	88	14	102	0.00000
Paenibacillus sp. AK002	2937868	S	86	24	110	0.00000
Paenibacillus sp. PSB04	2866810	S	75	15	90	0.00000
Paenibacillus sp. SEL3	3478201	S	70	105	175	0.00000
Paenibacillus sp. 32O-W	1695218	S	67	0	67	0.00000
Paenibacillus sp. FSL R5-0486	2921645	S	62	109	171	0.00000
Paenibacillus sp. RUD330	2023772	S	61	0	61	0.00000
Paenibacillus sp. JZ16	1906272	S	54	79	133	0.00000
Paenibacillus sp. FSL H8-0079	2921375	S	54	5	59	0.00000
Paenibacillus sp. LX16	1740264	S	49	35	84	0.00000
Paenibacillus sp. FSL W7-1332	2921702	S	49	84	133	0.00000
Paenibacillus sp. FSL W8-0187	2921710	S	47	79	126	0.00000
Paenibacillus sp. FSL H7-0940	2921443	S	40	46	86	0.00000
Paenibacillus sp. M2	3341793	S	39	100	139	0.00000
Paenibacillus sp. FSL W8-1187	2975339	S	37	31	68	0.00000
Paenibacillus sp. Y412MC10	481743	S	35	59	94	0.00000
Paenibacillus sp. FSL H8-0317	2921385	S	32	65	97	0.00000
Paenibacillus sp. JJ1722	3398770	S	27	81	108	0.00000
Paenibacillus sp. FSL H8-0280	2921382	S	25	10	35	0.00000
Paenibacillus sp. IHB B 3084	867076	S	23	5	28	0.00000
Paenibacillus sp. FSL R5-0701	2921654	S	22	55	77	0.00000
Paenibacillus sp. PK4536	3024576	S	20	3	23	0.00000
Paenibacillus sp. FSL P2-0136	2975317	S	16	18	34	0.00000
Paenibacillus sp. Y5S-9	3122489	S	14	8	22	0.00000
Paenibacillus sp. FSL k6-2145	2976834	S	11	12	23	0.00000
Paenibacillus sp. JJ1683	3460097	S	11	25	36	0.00000
Paenibacillus sp. BIC5C1	3078263	S	11	6	17	0.00000
Paenibacillus sp. FSL R5-0766	2921658	S	11	4	15	0.00000
Paenibacillus nitricinens	3367691	S	23860	992	24852	0.00018
Paenibacillus polymyxa	1406	S	8237	6029	14266	0.00010
Paenibacillus odorifer	189426	S	4379	2261	6640	0.00005
Paenibacillus thiaminolyticus	49283	S	2938	45	2983	0.00002
Paenibacillus pedocola	3242193	S	966	31	997	0.00001
Paenibacillus borealis	160799	S	922	15	937	0.00001
Paenibacillus uliginis	683737	S	860	34	894	0.00001
Paenibacillus andongensis	2975482	S	776	4	780	0.00001
Paenibacillus donghaensis	414771	S	735	3	738	0.00001
Paenibacillus riograndensis	483937	S	292	187	479	0.00000
Paenibacillus sonchi	373687	S	122	82	204	0.00000
Paenibacillus lutimineralis	2707005	S	596	5	601	0.00000
Paenibacillus albicereus	2726185	S	539	6	545	0.00000
Paenibacillus azoreducens	116718	S	522	3	525	0.00000
Paenibacillus chitinolyticus	79263	S	487	2	489	0.00000
Paenibacillus tundrae	528187	S	476	7	483	0.00000
Paenibacillus hunanensis	539262	S	449	2	451	0.00000
Paenibacillus baekrokdamisoli	1712516	S	440	1	441	0.00000
Paenibacillus swuensis	1178515	S	435	1	436	0.00000
Paenibacillus crassostreae	1763538	S	421	3	424	0.00000
Paenibacillus dendritiformis	130049	S	412	10	422	0.00000
Paenibacillus macerans	44252	S	390	1	391	0.00000
Paenibacillus sophorae	1333845	S	380	4	384	0.00000
Paenibacillus lycopersici	2704462	S	376	1	377	0.00000
Paenibacillus antarcticus	253703	S	374	2	376	0.00000
Paenibacillus guangzhouensis	1473112	S	350	2	352	0.00000
Paenibacillus brasilensis	128574	S	342	7	349	0.00000
Paenibacillus tianjinensis	2810347	S	342	12	354	0.00000
Paenibacillus durus	44251	S	329	2	331	0.00000
Paenibacillus konkukensis	2020716	S	319	1	320	0.00000
Paenibacillus hexagrammi	2908839	S	315	1	316	0.00000
Paenibacillus urinalis	521520	S	300	7	307	0.00000
Paenibacillus psychroresistens	1778678	S	299	0	299	0.00000
Paenibacillus lentus	1338368	S	286	1	287	0.00000
Paenibacillus graminis	189425	S	267	4	271	0.00000
Paenibacillus amylolyticus	1451	S	259	73	332	0.00000
Paenibacillus aurantius	2918900	S	258	0	258	0.00000
Paenibacillus tritici	1873425	S	247	3	250	0.00000
Paenibacillus physcomitrellae	1619311	S	232	3	235	0.00000
Paenibacillus xylanexedens	528191	S	225	67	292	0.00000
Paenibacillus agaridevorans	171404	S	219	7	226	0.00000
Paenibacillus peoriae	59893	S	214	243	457	0.00000
Paenibacillus ihbetae	1870820	S	205	4	209	0.00000
Paenibacillus illinoisensis	59845	S	202	53	255	0.00000
Paenibacillus spongiae	2909671	S	194	0	194	0.00000
Paenibacillus glycanilyticus	126569	S	193	1	194	0.00000
Paenibacillus rhizovicinus	2704463	S	193	0	193	0.00000
Paenibacillus bovis	1616788	S	189	2	191	0.00000
Paenibacillus chondroitinus	59842	S	177	3	180	0.00000
Paenibacillus protaetiae	2509456	S	173	1	174	0.00000
Paenibacillus albus	2495582	S	165	0	165	0.00000
Paenibacillus woosongensis	307580	S	164	8	172	0.00000
Paenibacillus terrae	159743	S	155	6	161	0.00000
Paenibacillus jilunlii	682956	S	155	3	158	0.00000
Paenibacillus polygoni	3050112	S	154	1	155	0.00000
Paenibacillus alvei	44250	S	152	0	152	0.00000
Paenibacillus silvisoli	3110539	S	152	0	152	0.00000
Paenibacillus roseipurpureus	2918901	S	146	0	146	0.00000
Paenibacillus barcinonensis	198119	S	145	2	147	0.00000
Paenibacillus kyungheensis	1452732	S	144	15	159	0.00000
Paenibacillus silvae	1325358	S	142	1	143	0.00000
Paenibacillus naphthalenovorans	162209	S	137	0	137	0.00000
Paenibacillus mucilaginosus	61624	S	135	61	196	0.00000
Paenibacillus elgii	189691	S	133	0	133	0.00000
Paenibacillus cellulosilyticus	375489	S	132	0	132	0.00000
Paenibacillus cellulositrophicus	562959	S	128	13	141	0.00000
Paenibacillus algicola	2565926	S	128	1	129	0.00000
Paenibacillus beijingensis	1126833	S	120	0	120	0.00000
Paenibacillus kribbensis	172713	S	119	1	120	0.00000
Paenibacillus nuruki	1886670	S	111	19	130	0.00000
Paenibacillus yonginensis	1462996	S	111	3	114	0.00000
Paenibacillus lautus	1401	S	101	12	113	0.00000
Paenibacillus sabinae	365617	S	89	0	89	0.00000
Paenibacillus stellifer	169760	S	81	0	81	0.00000
Paenibacillus taichungensis	484184	S	78	8	86	0.00000
Paenibacillus melissococcoides	2912268	S	77	1	78	0.00000
Paenibacillus glucanolyticus	59843	S	67	114	181	0.00000
Paenibacillus pabuli	1472	S	67	10	77	0.00000
Paenibacillus larvae	1464	S	67	0	67	0.00000
Paenibacillus ottowii	2315729	S	28	0	28	0.00000
Paenibacillus marchantiae	3026433	S	11	0	11	0.00000
Brevibacillus laterosporus	1465	S	393	249	642	0.00000
Brevibacillus brevis	1393	S	386	81	467	0.00000
Brevibacillus centrosporus	54910	S	323	17	340	0.00000
Brevibacillus composti	2796470	S	267	31	298	0.00000
Brevibacillus choshinensis	54911	S	173	9	182	0.00000
Brevibacillus sp. TJ4	3234853	S	87	5	92	0.00000
Brevibacillus sp. WF146	319501	S	65	5	70	0.00000
Brevibacillus fluminis	511487	S	141	2	143	0.00000
Brevibacillus gelatini	1655277	S	80	11	91	0.00000
Brevibacillus ruminantium	2950604	S	64	4	68	0.00000
Brevibacillus parabrevis	54914	S	59	321	380	0.00000
Brevibacillus humidisoli	2895522	S	46	1	47	0.00000
Brevibacillus marinus	2496837	S	44	0	44	0.00000
Brevibacillus aydinogluensis	927786	S	19	168	187	0.00000
Cohnella herbarum	2728023	S	239	2	241	0.00000
Cohnella cholangitidis	2598458	S	196	2	198	0.00000
Cohnella abietis	2507935	S	172	1	173	0.00000
Cohnella sp. LGH	1619153	S	154	1	155	0.00000
Cohnella candida	2674991	S	104	0	104	0.00000
Aneurinibacillus uraniidurans	2966586	S	204	234	438	0.00000
Aneurinibacillus sp. Ricciae_BoGa-3	3022697	S	148	23	171	0.00000
Aneurinibacillus soli	1500254	S	74	77	151	0.00000
Pristimantibacillus sp. PTI5	3400422	S	314	1	315	0.00000
Thermobacillus composti	377615	S	262	0	262	0.00000
Saccharibacillus brassicae	2583377	S	101	0	101	0.00000
Bacillus mycoides	1405	S	982	200	1182	0.00001
Bacillus thuringiensis	1428	S	826	766	1592	0.00001
Bacillus cereus	1396	S	763	1100	1863	0.00001
Bacillus pseudomycoides	64104	S	333	6	339	0.00000
Bacillus cytotoxicus	580165	S	300	5	305	0.00000
Bacillus wiedmannii	1890302	S	221	63	284	0.00000
Bacillus tropicus	2026188	S	165	100	265	0.00000
Bacillus manliponensis	574376	S	162	2	164	0.00000
Bacillus sp. JAS24-2	2217832	S	87	43	130	0.00000
Bacillus sp. FDAARGOS_235	1839798	S	37	62	99	0.00000
Bacillus cereus group sp. BfR-BA-01700	3094884	S	22	3	25	0.00000
Bacillus toyonensis	155322	S	119	38	157	0.00000
Bacillus paramobilis	2817477	S	114	14	128	0.00000
Bacillus paramycoides	2026194	S	107	11	118	0.00000
Bacillus anthracis	1392	S	40	949	989	0.00001
Bacillus nitratireducens	2026193	S	29	3	32	0.00000
Bacillus paranthracis	2026186	S	28	43	71	0.00000
Bacillus luti	2026191	S	18	1	19	0.00000
Bacillus sp. S3	486398	S	593	15	608	0.00000
Bacillus sp. T3	467262	S	291	8	299	0.00000
Bacillus sp. THAF10	2587848	S	270	5	275	0.00000
Bacillus sp. Y1	352858	S	248	5	253	0.00000
Bacillus sp. N1-1	2682541	S	239	11	250	0.00000
Bacillus sp. NEB1478	3073816	S	195	3	198	0.00000
Bacillus sp. FJAT-22090	1581038	S	162	3	165	0.00000
Bacillus sp. WC2503	3461402	S	156	63	219	0.00000
Bacillus sp. AK128	2937821	S	149	2	151	0.00000
Bacillus sp. 1NLA3E	666686	S	148	4	152	0.00000
Bacillus sp. N6	127893	S	123	126	249	0.00000
Bacillus sp. FJAT-42376	2014076	S	123	2	125	0.00000
Bacillus sp. AK031	2937819	S	103	2	105	0.00000
Bacillus sp. KH172YL63	2709784	S	102	2	104	0.00000
Bacillus sp. HSf4	3035514	S	92	307	399	0.00000
Bacillus sp. ZJS3	2928154	S	86	13	99	0.00000
Bacillus sp. FSL K6-1003	2954675	S	86	46	132	0.00000
Bacillus sp. JZ78	2937832	S	74	0	74	0.00000
Bacillus sp. DTU_2020_1000418_1_SI_GHA_SEK_038	3077585	S	69	2	71	0.00000
Bacillus sp. FJAT-18017	1705566	S	47	1	48	0.00000
Bacillus sp. HNR-4	2796141	S	34	20	54	0.00000
Bacillus sp. 3G2	3375707	S	33	3	36	0.00000
Bacillus sp. DX3.1	3052091	S	32	1	33	0.00000
Bacillus sp. FSL P4-0322	2954583	S	17	40	57	0.00000
Bacillus sp. K7	2937834	S	16	8	24	0.00000
Bacillus sp. OxB-1	98228	S	10	0	10	0.00000
Bacillus velezensis	492670	S	686	1771	2457	0.00002
Bacillus amyloliquefaciens	1390	S	167	465	632	0.00000
Bacillus siamensis	659243	S	112	43	155	0.00000
Bacillus atrophaeus	1452	S	521	11	532	0.00000
Bacillus licheniformis	1402	S	197	681	878	0.00001
Bacillus mojavensis	72360	S	99	24	123	0.00000
Bacillus sonorensis	119858	S	87	189	276	0.00000
Bacillus subtilis	1423	S	84	231	315	0.00000
Bacillus vallismortis	72361	S	42	4	46	0.00000
Bacillus spizizenii	96241	S	35	2	37	0.00000
Bacillus paralicheniformis	1648923	S	31	29	60	0.00000
Bacillus tequilensis	227866	S	16	0	16	0.00000
Bacillus inaquosorum	483913	S	13	0	13	0.00000
Bacillus shivajii	1983719	S	452	6	458	0.00000
Bacillus pumilus	1408	S	238	40	278	0.00000
Bacillus weihaiensis	1547283	S	197	4	201	0.00000
Bacillus methanolicus	1471	S	195	5	200	0.00000
Bacillus altitudinis	293387	S	150	79	229	0.00000
Bacillus haimaensis	3160967	S	149	3	152	0.00000
Bacillus carboniphilus	86663	S	139	1	140	0.00000
Bacillus maqinnsis	3229854	S	115	1	116	0.00000
Bacillus swezeyi	1925020	S	97	1	98	0.00000
Bacillus safensis	561879	S	88	46	134	0.00000
Bacillus salacetis	2315464	S	84	1	85	0.00000
Bacillus gobiensis	1441095	S	50	0	50	0.00000
Bacillus zhangzhouensis	1178540	S	46	1	47	0.00000
Bacillus infantis	324767	S	43	1	44	0.00000
Bacillus glycinifermentans	1664069	S	35	5	40	0.00000
Bacillus rugosus	2715209	S	29	0	29	0.00000
Bacillus smithii	1479	S	24	2	26	0.00000
Bacillus aquiflavi	2672567	S	18	0	18	0.00000
Bacillus kandeliae	3129297	S	18	0	18	0.00000
Bacillus arachidis	2819290	S	15	0	15	0.00000
Bacillus fonticola	2728853	S	13	0	13	0.00000
Neobacillus sp. WH10	3047873	S	529	44	573	0.00000
Neobacillus sp. OS1-32	3070682	S	505	18	523	0.00000
Neobacillus sp. SAB-20_R2A	3120519	S	339	207	546	0.00000
Neobacillus sp. FSL H8-0543	2954672	S	278	24	302	0.00000
Neobacillus sp. OS1-33	3070683	S	275	52	327	0.00000
Neobacillus sp. D3-1R	3445778	S	251	13	264	0.00000
Neobacillus sp. C211	3450747	S	243	19	262	0.00000
Neobacillus sp. DY30	3047871	S	201	36	237	0.00000
Neobacillus sp. SuZ13	3047875	S	179	23	202	0.00000
Neobacillus sp. PS3-40	3070679	S	177	8	185	0.00000
Neobacillus sp. OS1-2	3070680	S	166	10	176	0.00000
Neobacillus sp. PS2-9	3070676	S	130	32	162	0.00000
Neobacillus sp. YX16	3047874	S	122	18	140	0.00000
Neobacillus sp. PS3-12	3070677	S	119	8	127	0.00000
Neobacillus sp. PS3-34	3070678	S	85	4	89	0.00000
Neobacillus sp. 114	3048535	S	30	17	47	0.00000
Neobacillus mesonae	1193713	S	331	11	342	0.00000
Neobacillus drentensis	220684	S	237	15	252	0.00000
Neobacillus phoenicis	3132265	S	236	47	283	0.00000
Neobacillus oceani	3115292	S	150	3	153	0.00000
Neobacillus niacini	86668	S	147	21	168	0.00000
Neobacillus cucumis	1740721	S	121	0	121	0.00000
Neobacillus novalis	220687	S	96	3	99	0.00000
Lysinibacillus sp. 2017	2169540	S	385	8	393	0.00000
Lysinibacillus sp. FSL M8-0337	2921718	S	150	323	473	0.00000
Lysinibacillus sp. RS11	3242682	S	126	14	140	0.00000
Lysinibacillus sp. FSL K6-0057	2921411	S	96	134	230	0.00000
Lysinibacillus sp. SGAir0095	2070463	S	75	2	77	0.00000
Lysinibacillus sp. Ag94	2936682	S	56	0	56	0.00000
Lysinibacillus sp. FSL K6-1151	2921465	S	51	213	264	0.00000
Lysinibacillus sp. FSL K6-4013	2921504	S	44	48	92	0.00000
Lysinibacillus sp. 38-6	3385991	S	41	0	41	0.00000
Lysinibacillus sp. JNUCC 51	2792479	S	41	5	46	0.00000
Lysinibacillus sp. LZ02	3420668	S	38	0	38	0.00000
Lysinibacillus sp. FSL K6-3209	2921497	S	28	22	50	0.00000
Lysinibacillus sp. FSL M8-0216	2921619	S	28	142	170	0.00000
Lysinibacillus sp. JNUCC-52	2792480	S	14	14	28	0.00000
Lysinibacillus telephonicus	1714840	S	425	6	431	0.00000
Lysinibacillus pakistanensis	759811	S	356	9	365	0.00000
Lysinibacillus canaveralius	3132284	S	337	7	344	0.00000
Lysinibacillus fusiformis	28031	S	322	68	390	0.00000
Lysinibacillus capsici	2115968	S	260	623	883	0.00001
Lysinibacillus parviboronicapiens	436516	S	207	5	212	0.00000
Lysinibacillus xylanilyticus	582475	S	146	11	157	0.00000
Lysinibacillus sphaericus	1421	S	126	175	301	0.00000
Lysinibacillus irui	2998077	S	79	28	107	0.00000
Lysinibacillus agricola	2590012	S	62	1	63	0.00000
Lysinibacillus macroides	33935	S	43	7	50	0.00000
Lysinibacillus louembei	1470088	S	12	0	12	0.00000
Peribacillus sp. B-H-3	3400420	S	282	7	289	0.00000
Peribacillus sp. JNUCC 23	3467595	S	171	3	174	0.00000
Peribacillus sp. R9-11	3073271	S	77	43	120	0.00000
Peribacillus sp. S4	3384451	S	58	242	300	0.00000
Peribacillus sp. FSL P2-0133	2921573	S	27	82	109	0.00000
Peribacillus sp. FSL E2-0218	2921364	S	18	1	19	0.00000
Peribacillus psychrosaccharolyticus	1407	S	617	12	629	0.00000
Peribacillus frigoritolerans	450367	S	577	398	975	0.00001
Peribacillus sedimenti	3115297	S	346	10	356	0.00000
Peribacillus simplex	1478	S	320	263	583	0.00000
Peribacillus asahii	228899	S	206	8	214	0.00000
Peribacillus muralis	264697	S	66	1	67	0.00000
Peribacillus butanolivorans	421767	S	15	7	22	0.00000
Priestia megaterium	1404	S	1137	685	1822	0.00001
Priestia filamentosa	1402861	S	415	3	418	0.00000
Priestia flexa	86664	S	165	6	171	0.00000
Priestia aryabhattai	412384	S	64	98	162	0.00000
Heyndrickxia coagulans	1398	S	798	890	1688	0.00001
Heyndrickxia sporothermodurans	46224	S	375	36	411	0.00000
Heyndrickxia sp. MSNUG	3136677	S	105	3	108	0.00000
Weizmannia sp. FSL K6-0777	2954674	S	55	199	254	0.00000
Weizmannia sp. FSL W8-0676	2954703	S	42	59	101	0.00000
Heyndrickxia sp. FSL K6-6286	2921510	S	15	6	21	0.00000
Heyndrickxia vini	1476025	S	56	2	58	0.00000
Heyndrickxia oleronia	38875	S	12	3	15	0.00000
Oceanobacillus sp. FSL K6-3682	2921503	S	262	5	267	0.00000
Oceanobacillus sp. FSL K6-0127	2921420	S	130	158	288	0.00000
Oceanobacillus sp. FSL W7-1281	2921698	S	125	177	302	0.00000
Oceanobacillus sp. FSL H7-0719	2954507	S	81	1	82	0.00000
Oceanobacillus sp. FSL K6-2867	2954748	S	65	2	67	0.00000
Oceanobacillus sp. FSL W7-1293	2921699	S	62	76	138	0.00000
Oceanobacillus jeddahense	1462527	S	237	8	245	0.00000
Oceanobacillus zhaokaii	2052660	S	194	3	197	0.00000
Oceanobacillus iheyensis	182710	S	137	4	141	0.00000
Oceanobacillus kimchii	746691	S	87	3	90	0.00000
Oceanobacillus oncorhynchi	545501	S	85	37	122	0.00000
Oceanobacillus kapialis	481353	S	26	0	26	0.00000
Virgibacillus sp. MSP4-1	2700081	S	313	3	316	0.00000
Virgibacillus sp. Bac330	2419841	S	199	29	228	0.00000
Virgibacillus sp. SK37	403957	S	92	25	117	0.00000
Virgibacillus sp. Bac332	2419842	S	50	229	279	0.00000
Virgibacillus sp. CBA3643	2942278	S	25	94	119	0.00000
Virgibacillus natechei	1216297	S	145	170	315	0.00000
Virgibacillus phasianinus	2017483	S	144	2	146	0.00000
Virgibacillus necropolis	163877	S	139	2	141	0.00000
Virgibacillus halodenitrificans	1482	S	96	12	108	0.00000
Virgibacillus flavescens	1611422	S	84	0	84	0.00000
Virgibacillus salidurans	2831673	S	83	1	84	0.00000
Virgibacillus dokdonensis	302167	S	12	1	13	0.00000
Niallia sp. Man26	2912824	S	271	20	291	0.00000
Niallia sp. RD1	2962858	S	265	24	289	0.00000
Niallia sp. Kr1	3064703	S	234	6	240	0.00000
Niallia sp. XMNu-256	3082444	S	94	1	95	0.00000
Niallia taxi	2499688	S	525	39	564	0.00000
Niallia tiangongensis	3237105	S	290	8	298	0.00000
Niallia circulans	1397	S	151	5	156	0.00000
Niallia oryzisoli	1737571	S	46	1	47	0.00000
Metabacillus halosaccharovorans	930124	S	315	14	329	0.00000
Metabacillus sediminilitoris	2567941	S	290	8	298	0.00000
Metabacillus hrfriensis	3048891	S	286	468	754	0.00001
Metabacillus sediminis	3117746	S	150	3	153	0.00000
Metabacillus litoralis	152268	S	115	10	125	0.00000
Metabacillus indicus	246786	S	112	60	172	0.00000
Metabacillus rhizosphaerae	3117747	S	45	26	71	0.00000
Metabacillus endolithicus	1535204	S	11	1	12	0.00000
Cytobacillus firmus	1399	S	530	25	555	0.00000
Cytobacillus horneckiae	549687	S	264	8	272	0.00000
Cytobacillus oceanisediminis	665099	S	258	734	992	0.00001
Cytobacillus sp. BC1816	3440154	S	97	5	102	0.00000
Cytobacillus sp. FSL W7-1323	2921700	S	58	25	83	0.00000
Cytobacillus spongiae	2901381	S	152	2	154	0.00000
Cytobacillus kochii	859143	S	120	9	129	0.00000
Cytobacillus dafuensis	1742359	S	86	2	88	0.00000
Cytobacillus praedii	1742358	S	55	1	56	0.00000
Cytobacillus gottheilii	859144	S	46	1	47	0.00000
Cytobacillus solani	1637975	S	14	0	14	0.00000
Caldifermentibacillus hisashii	996558	S	1551	2029	3580	0.00003
Mesobacillus foraminis	279826	S	335	10	345	0.00000
Mesobacillus jeotgali	129985	S	262	87	349	0.00000
Mesobacillus sp. S13	2880221	S	233	71	304	0.00000
Mesobacillus subterraneus	285983	S	180	99	279	0.00000
Mesobacillus maritimus	1643336	S	82	3	85	0.00000
Psychrobacillus sp. L3	3236891	S	152	95	247	0.00000
Psychrobacillus sp. INOP01	2829187	S	87	18	105	0.00000
Psychrobacillus sp. FSL H8-0483	2921389	S	86	10	96	0.00000
Psychrobacillus sp. FSL K6-4046	2921550	S	84	114	198	0.00000
Psychrobacillus sp. BM2	3400421	S	79	17	96	0.00000
Psychrobacillus sp. L4	3236892	S	27	24	51	0.00000
Psychrobacillus sp. FSL W7-1457	2954547	S	24	32	56	0.00000
Psychrobacillus sp. AK 1817	2303505	S	18	110	128	0.00000
Psychrobacillus psychrotolerans	126156	S	97	19	116	0.00000
Psychrobacillus glaciei	2283160	S	45	44	89	0.00000
Psychrobacillus psychrodurans	126157	S	31	6	37	0.00000
Rossellomorea sp. FM04394	3243076	S	217	15	232	0.00000
Rossellomorea sp. y25	3118174	S	175	12	187	0.00000
Rossellomorea sp. NS-SX7	3463856	S	77	1	78	0.00000
Rossellomorea sp. DA94	3038653	S	51	134	185	0.00000
Rossellomorea sedimentorum	3115294	S	169	3	172	0.00000
Rossellomorea marisflavi	189381	S	153	2	155	0.00000
Rossellomorea vietnamensis	218284	S	15	4	19	0.00000
Gracilibacillus caseinilyticus	2932256	S	339	5	344	0.00000
Gracilibacillus sp. Marseille-QA3620	3477509	S	240	3	243	0.00000
Gracilibacillus salinarum	2932255	S	203	3	206	0.00000
Gracilibacillus salitolerans	2663022	S	167	1	168	0.00000
Halobacillus litoralis	45668	S	364	20	384	0.00000
Halobacillus salinarum	2932257	S	121	2	123	0.00000
Halobacillus amylolyticus	2932259	S	120	9	129	0.00000
Halobacillus mangrovi	402384	S	117	2	119	0.00000
Halobacillus shinanisalinarum	2932258	S	74	4	78	0.00000
Halobacillus andaensis	1176239	S	48	1	49	0.00000
Halobacillus naozhouensis	554880	S	26	0	26	0.00000
Halobacillus halophilus	1570	S	15	0	15	0.00000
Alkalihalobacillus sp. LMS39	2924032	S	198	3	201	0.00000
Alkalihalobacillus sp. AL-G	2926399	S	184	1	185	0.00000
Alkalihalobacillus sp. LMS6	2924034	S	25	0	25	0.00000
Alkalihalobacillus phoenicis	3132260	S	172	1	173	0.00000
Shouchella clausii	79880	S	126	143	269	0.00000
Shouchella lehensis	300825	S	113	8	121	0.00000
Shouchella miscanthi	2598861	S	41	121	162	0.00000
Pontibacillus sp. HMF3514	2692425	S	398	2	400	0.00000
Pontibacillus sp. ALD_SL1	2777185	S	84	0	84	0.00000
Pontibacillus chungwhensis	265426	S	42	0	42	0.00000
Schinkia sp. CFF1	3401146	S	518	8	526	0.00000
Alkalihalophilus sp. As8PL	3237103	S	374	6	380	0.00000
Alkalihalophilus pseudofirmus	79885	S	131	1	132	0.00000
Sutcliffiella sp. FSL R7-0096	2921670	S	163	16	179	0.00000
Sutcliffiella sp. NC1	3004096	S	14	100	114	0.00000
Sutcliffiella horikoshii	79883	S	134	6	140	0.00000
Aeribacillus sp. FSL K6-8210	2954683	S	45	251	296	0.00000
Aeribacillus sp. FSL W8-0870	2954706	S	19	111	130	0.00000
Aeribacillus pallidus	33936	S	10	21	31	0.00000
Salipaludibacillus sp. HK11	3394320	S	290	1	291	0.00000
Salipaludibacillus sp. LMS25	2924031	S	100	0	100	0.00000
Evansella cellulosilytica	1413	S	339	2	341	0.00000
Evansella sp. LMS18	2924033	S	51	0	51	0.00000
Gottfriedia acidiceleris	371036	S	366	4	370	0.00000
Domibacillus sp. DTU_2020_1001157_1_SI_ALB_TIR_016	3077789	S	340	6	346	0.00000
Terribacillus sp. DMT04	2850441	S	113	1	114	0.00000
Terribacillus sp. FSL K6-0262	2921447	S	15	0	15	0.00000
Terribacillus saccharophilus	361277	S	112	0	112	0.00000
Terribacillus aidingensis	586416	S	28	0	28	0.00000
Salisediminibacterium selenitireducens	85683	S	132	0	132	0.00000
Salisediminibacterium beveridgei	632773	S	127	0	127	0.00000
Fervidibacillus halotolerans	2980027	S	166	2	168	0.00000
Fervidibacillus albus	2980026	S	88	0	88	0.00000
Ornithinibacillus sp. FSL M8-0202	2921616	S	158	5	163	0.00000
Ornithinibacillus sp. 4-3	3231488	S	73	2	75	0.00000
Paraliobacillus zengyii	2213194	S	222	1	223	0.00000
Lentibacillus sp. CBA3610	2518176	S	101	4	105	0.00000
Lentibacillus amyloliquefaciens	1472767	S	71	4	75	0.00000
Lentibacillus daqui	2911514	S	28	0	28	0.00000
Salicibibacter cibi	2743001	S	105	0	105	0.00000
Salicibibacter cibarius	2743000	S	67	0	67	0.00000
Salicibibacter kimchii	2099786	S	21	0	21	0.00000
Amphibacillus xylanus	1449	S	136	1	137	0.00000
Amphibacillus sp. Q70	3453416	S	60	1	61	0.00000
Falsibacillus pallidus	493781	S	193	3	196	0.00000
Radiobacillus kanasensis	2844358	S	118	2	120	0.00000
Radiobacillus deserti	2594883	S	55	1	56	0.00000
Lederbergia lenta	1467	S	157	0	157	0.00000
Paraperibacillus marinus	3115295	S	55	61	116	0.00000
Paraperibacillus esterisolvens	3115296	S	16	18	34	0.00000
Alkalicoccus halolimnae	1667239	S	134	0	134	0.00000
Tepidibacillus marianensis	3131995	S	132	1	133	0.00000
Siminovitchia sp. FSL H7-0308	2921432	S	43	75	118	0.00000
Siminovitchia fortis	254758	S	11	0	11	0.00000
Salimicrobium sp. PL1-032A	3095364	S	116	0	116	0.00000
Caldibacillus thermoamylovorans	35841	S	113	755	868	0.00001
Robertmurraya phoenicis	3132300	S	111	2	113	0.00000
Cerasibacillus sp. JNUCC 74	3469795	S	110	2	112	0.00000
Pseudobacillus badius	1455	S	100	4	104	0.00000
Paenalkalicoccus suaedae	2592382	S	97	9	106	0.00000
Halalkalibacter krulwichiae	199441	S	89	2	91	0.00000
Sediminibacillus dalangtanensis	2729421	S	78	0	78	0.00000
Anaerobacillus isosaccharinicus	1532552	S	64	0	64	0.00000
Aciduricibacillus chroicocephali	3054939	S	52	0	52	0.00000
Pradoshia sp. D12	2651284	S	38	0	38	0.00000
Caldalkalibacillus thermarum	296745	S	18	0	18	0.00000
Allobacillus halotolerans	570278	S	13	0	13	0.00000
Halalkalibacterium halodurans	86665	S	11	0	11	0.00000
Alkalibacillus sp. S2W	3386553	S	11	0	11	0.00000
Ectobacillus sp. JY-23	2933872	S	10	0	10	0.00000
Staphylococcus pseudoxylosus	2282419	S	720	85	805	0.00001
Staphylococcus epidermidis	1282	S	703	47	750	0.00001
Staphylococcus aureus	1280	S	442	889	1331	0.00001
Staphylococcus haemolyticus	1283	S	433	26	459	0.00000
Staphylococcus capitis	29388	S	387	101	488	0.00000
Staphylococcus saprophyticus	29385	S	311	602	913	0.00001
Staphylococcus pseudintermedius	283734	S	139	12	151	0.00000
Staphylococcus delphini	53344	S	101	9	110	0.00000
Staphylococcus ursi	1912064	S	33	1	34	0.00000
Staphylococcus ratti	2892440	S	247	4	251	0.00000
Staphylococcus hominis	1290	S	234	13	247	0.00000
Staphylococcus succinus	61015	S	223	12	235	0.00000
Staphylococcus caprae	29380	S	197	8	205	0.00000
Staphylococcus schleiferi	1295	S	180	7	187	0.00000
Staphylococcus simulans	1286	S	179	4	183	0.00000
Staphylococcus sp. NRL 16/872	2930131	S	56	18	74	0.00000
Staphylococcus sp. IVB6181	2929481	S	31	33	64	0.00000
Staphylococcus gallinarum	1293	S	167	2	169	0.00000
Staphylococcus simiae	308354	S	154	2	156	0.00000
Staphylococcus felis	46127	S	119	2	121	0.00000
Staphylococcus hyicus	1284	S	118	6	124	0.00000
Staphylococcus chromogenes	46126	S	113	4	117	0.00000
Staphylococcus shinii	2912228	S	112	5	117	0.00000
Staphylococcus kloosii	29384	S	97	2	99	0.00000
Staphylococcus edaphicus	1955013	S	97	1	98	0.00000
Staphylococcus pasteuri	45972	S	85	5	90	0.00000
Staphylococcus devriesei	586733	S	73	1	74	0.00000
Staphylococcus carnosus	1281	S	73	2	75	0.00000
Staphylococcus xylosus	1288	S	72	19	91	0.00000
Staphylococcus lloydii	2781774	S	70	2	72	0.00000
Staphylococcus cohnii	29382	S	59	5	64	0.00000
Staphylococcus saccharolyticus	33028	S	60	0	60	0.00000
Staphylococcus argenteus	985002	S	54	2	56	0.00000
Staphylococcus equorum	246432	S	52	26	78	0.00000
Staphylococcus nepalensis	214473	S	48	1	49	0.00000
Staphylococcus auricularis	29379	S	47	0	47	0.00000
Staphylococcus pettenkoferi	170573	S	46	0	46	0.00000
Staphylococcus debuckii	2044912	S	44	1	45	0.00000
Staphylococcus schweitzeri	1654388	S	43	2	45	0.00000
Staphylococcus agnetis	985762	S	42	1	43	0.00000
Staphylococcus arlettae	29378	S	41	2	43	0.00000
Staphylococcus massiliensis	555791	S	28	1	29	0.00000
Staphylococcus lugdunensis	28035	S	15	0	15	0.00000
Staphylococcus coagulans	74706	S	15	0	15	0.00000
Staphylococcus rostri	522262	S	15	1	16	0.00000
Mammaliicoccus sciuri	1296	S	2452	114	2566	0.00002
Mammaliicoccus lentus	42858	S	278	21	299	0.00000
Mammaliicoccus vitulinus	71237	S	226	11	237	0.00000
Mammaliicoccus sp. Dog046	3034233	S	67	3	70	0.00000
Macrococcus equipercicus	69967	S	247	11	258	0.00000
Macrococcus armenti	2875764	S	236	28	264	0.00000
Macrococcus equi	3395462	S	214	7	221	0.00000
Macrococcus brunensis	198483	S	165	3	168	0.00000
Macrococcus epidermidis	1902580	S	161	23	184	0.00000
Macrococcus animalis	3395467	S	124	6	130	0.00000
Macrococcus bovicus	69968	S	19	0	19	0.00000
Salinicoccus sp. Marseille-QA3877	3477508	S	106	0	106	0.00000
Salinicoccus sp. HZC-1	3385497	S	91	4	95	0.00000
Salinicoccus halodurans	407035	S	74	3	77	0.00000
Salinicoccus bachuensis	3136731	S	23	0	23	0.00000
Macrococcoides canis	1855823	S	149	23	172	0.00000
Macrococcoides caseolyticum	69966	S	75	35	110	0.00000
Macrococcoides bohemicum	1903056	S	11	4	15	0.00000
Jeotgalicoccus sp. WY2	2708346	S	172	7	179	0.00000
Jeotgalicoccus sp. ATCC 8456	946435	S	67	1	68	0.00000
Nosocomiicoccus ampullae	489910	S	43	0	43	0.00000
Nosocomiicoccus massiliensis	1232430	S	10	0	10	0.00000
Sporosarcina sp. Te-1	2818390	S	275	22	297	0.00000
Sporosarcina sp. FSL K6-3508	2921557	S	213	10	223	0.00000
Sporosarcina sp. Marseille-Q4063	2810514	S	173	3	176	0.00000
Sporosarcina sp. FSL W8-0480	2954701	S	159	29	188	0.00000
Sporosarcina sp. A2	3393449	S	134	7	141	0.00000
Sporosarcina sp. FA9	3413030	S	114	16	130	0.00000
Sporosarcina sp. PTS2304	2283194	S	105	7	112	0.00000
Sporosarcina sp. FSL K6-1522	2921554	S	98	11	109	0.00000
Sporosarcina sp. Marseille-Q4943	2942204	S	97	27	124	0.00000
Sporosarcina sp. FSL K6-2383	2921556	S	97	6	103	0.00000
Sporosarcina sp. ANT_H38	2597358	S	74	53	127	0.00000
Sporosarcina sp. ITBMC105	3467515	S	49	3	52	0.00000
Sporosarcina sp. UB5	3047463	S	31	7	38	0.00000
Sporosarcina sp. resist	2762563	S	15	137	152	0.00000
Sporosarcina pasteurii	1474	S	311	20	331	0.00000
Sporosarcina ureae	1571	S	139	21	160	0.00000
Sporosarcina trichiuri	3056445	S	128	12	140	0.00000
Sporosarcina oncorhynchi	3056444	S	103	10	113	0.00000
Sporosarcina thermotolerans	633404	S	78	6	84	0.00000
Sporosarcina jeotgali	3020056	S	52	2	54	0.00000
Planococcus shixiaomingii	3058393	S	329	41	370	0.00000
Planococcus versutus	1302659	S	329	74	403	0.00000
Planococcus lenghuensis	2213202	S	168	3	171	0.00000
Planococcus maritimus	192421	S	149	32	181	0.00000
Planococcus donghaensis	414778	S	137	44	181	0.00000
Planococcus halotolerans	2233542	S	136	9	145	0.00000
Planococcus plakortidis	1038856	S	128	30	158	0.00000
Planococcus rifietoensis	200991	S	116	302	418	0.00000
Planococcus halocryophilus	1215089	S	91	26	117	0.00000
Planococcus glaciei	459472	S	85	25	110	0.00000
Planococcus sp. X10-3	3061240	S	27	2	29	0.00000
Planococcus sp. PAMC 21323	1526927	S	21	4	25	0.00000
Planococcus sp. 107-1	2908840	S	20	3	23	0.00000
Planococcus massiliensis	1499687	S	64	7	71	0.00000
Planococcus koreensis	112331	S	41	4	45	0.00000
Planococcus shenhongbingii	3058398	S	29	4	33	0.00000
Planococcus liqunii	3058394	S	27	6	33	0.00000
Planococcus antarcticus	161360	S	11	2	13	0.00000
Solibacillus sp. FSL H8-0523	2954511	S	199	17	216	0.00000
Solibacillus sp. R5-41	2048654	S	169	11	180	0.00000
Solibacillus sp. FSL W8-0372	2921713	S	105	25	130	0.00000
Solibacillus sp. FSL K6-1781	2921474	S	91	341	432	0.00000
Solibacillus daqui	2912187	S	57	8	65	0.00000
Ureibacillus sp. FSL K6-8385	2954684	S	167	220	387	0.00000
Ureibacillus chungkukjangi	1202712	S	84	7	91	0.00000
Ureibacillus thermosphaericus	51173	S	36	103	139	0.00000
Ureibacillus thermophilus	367743	S	33	9	42	0.00000
Rummeliibacillus sp. JY-2-4R	3475678	S	380	235	615	0.00000
Rummeliibacillus sp. G93	2939494	S	69	47	116	0.00000
Rummeliibacillus stabekisii	241244	S	53	35	88	0.00000
Rummeliibacillus pycnus	101070	S	29	20	49	0.00000
Paenisporosarcina cavernae	2320858	S	213	58	271	0.00000
Paenisporosarcina sp. FSL H8-0542	2921401	S	65	17	82	0.00000
Paenisporosarcina antarctica	417367	S	39	12	51	0.00000
Kurthia zopfii	1650	S	91	94	185	0.00000
Kurthia gibsonii	33946	S	18	50	68	0.00000
Jeotgalibacillus malaysiensis	1508404	S	105	2	107	0.00000
Chryseomicrobium aureum	1441723	S	69	16	85	0.00000
Chryseomicrobium sp. FSL W7-1435	2921704	S	14	5	19	0.00000
Viridibacillus arvi	263475	S	37	16	53	0.00000
Geobacillus sp. YF-1	3457480	S	119	37	156	0.00000
Geobacillus sp. E263	391290	S	43	805	848	0.00001
Geobacillus sp. 46C-IIa	1963025	S	43	5	48	0.00000
Geobacillus thermodenitrificans	33940	S	109	444	553	0.00000
Geobacillus subterraneus	129338	S	80	59	139	0.00000
Geobacillus thermoleovorans	33941	S	14	69	83	0.00000
Geobacillus genomosp. 3	1921421	S	18	2	20	0.00000
Anoxybacillus flavithermus	33934	S	180	43	223	0.00000
Anoxybacillus gonensis	198467	S	48	10	58	0.00000
Thermaerobacillus caldiproteolyticus	247480	S	292	49	341	0.00000
Parageobacillus thermoglucosidasius	1426	S	46	29	75	0.00000
Parageobacillus genomosp. 1	1295642	S	16	6	22	0.00000
Anoxybacteroides amylolyticum	294699	S	58	6	64	0.00000
Saccharococcus caldoxylosilyticus	81408	S	31	22	53	0.00000
Listeria swaminathanii	2713501	S	348	17	365	0.00000
Listeria monocytogenes	1639	S	309	313	622	0.00000
Listeria seeligeri	1640	S	273	10	283	0.00000
Listeria innocua	1642	S	227	22	249	0.00000
Listeria grayi	1641	S	206	7	213	0.00000
Listeria ivanovii	1638	S	177	4	181	0.00000
Listeria welshimeri	1643	S	85	3	88	0.00000
Listeria aquatica	1494960	S	19	0	19	0.00000
Listeria sp. PSOL-1	1844999	S	17	0	17	0.00000
Brochothrix campestris	2757	S	118	0	118	0.00000
Brochothrix thermosphacta	2756	S	71	1	72	0.00000
Paenilisteria weihenstephanensis	1006155	S	39	1	40	0.00000
Paenilisteria newyorkensis	1497681	S	11	0	11	0.00000
Fictibacillus enclensis	1017270	S	371	35	406	0.00000
Fictibacillus sp. JL2B1089	3399565	S	187	109	296	0.00000
Fictibacillus sp. KU28468	2991053	S	31	3	34	0.00000
Fictibacillus arsenicus	255247	S	39	1	40	0.00000
Pseudalkalibacillus sp. Hm43	3450742	S	79	0	79	0.00000
Pseudalkalibacillus sp. A8	3382641	S	63	0	63	0.00000
Pseudalkalibacillus nanhaiensis	3115291	S	103	0	103	0.00000
Alicyclobacillus mengziensis	2931921	S	201	0	201	0.00000
Alicyclobacillus acidocaldarius	405212	S	102	0	102	0.00000
Alicyclobacillus sp. SO9	2665646	S	32	0	32	0.00000
Alicyclobacillus sp. ALC3	2796143	S	18	0	18	0.00000
Alicyclobacillus sp. TC	2606450	S	11	0	11	0.00000
Alicyclobacillus fastidiosus	392011	S	44	0	44	0.00000
Alicyclobacillus cycloheptanicus	1457	S	22	0	22	0.00000
Alicyclobacillus acidoterrestris	1450	S	18	0	18	0.00000
Alicyclobacillus dauci	1475485	S	10	0	10	0.00000
Tumebacillus algifaecis	1214604	S	169	2	171	0.00000
Tumebacillus avium	1903704	S	110	2	112	0.00000
Effusibacillus dendaii	2743772	S	206	0	206	0.00000
Fodinisporobacter ferrooxydans	2901836	S	40	0	40	0.00000
Kyrpidia spormannii	2055160	S	12	3	15	0.00000
Exiguobacterium sp. N4-1P	2051906	S	118	5	123	0.00000
Exiguobacterium sp. AT1b	360911	S	34	138	172	0.00000
Exiguobacterium undae	169177	S	107	12	119	0.00000
Exiguobacterium acetylicum	41170	S	59	51	110	0.00000
Exiguobacterium mexicanum	340146	S	38	50	88	0.00000
Exiguobacterium artemiae	340145	S	17	3	20	0.00000
Exiguobacterium profundum	307643	S	14	10	24	0.00000
Exiguobacterium marinum	273528	S	11	0	11	0.00000
Hydrogenibacillus sp. N12	2866627	S	108	0	108	0.00000
Gemella sp. zg-570	2840371	S	146	42	188	0.00000
Gemella morbillorum	29391	S	106	7	113	0.00000
Gemella sanguinis	84135	S	78	2	80	0.00000
Gemella haemolysans	1379	S	68	1	69	0.00000
Kroppenstedtia pulmonis	1380685	S	194	1	195	0.00000
Kroppenstedtia eburnea	714067	S	22	0	22	0.00000
Thermoactinomyces vulgaris	2026	S	93	0	93	0.00000
Polycladomyces abyssicola	1125966	S	52	0	52	0.00000
Novibacillus thermophilus	1471761	S	30	0	30	0.00000
Staphylospora marina	2490858	S	18	0	18	0.00000
Laceyella sacchari	37482	S	10	0	10	0.00000
Guptibacillus hwajinpoensis	208199	S	226	4	230	0.00000
Sporolactobacillus terrae	269673	S	127	0	127	0.00000
Sporolactobacillus sp. Y61	3160863	S	13	0	13	0.00000
Pullulanibacillus sp. KACC 23026	3028315	S	54	0	54	0.00000
Abyssicoccus albus	1817405	S	122	4	126	0.00000
Enterococcus sp. DIV0212c	2230867	S	1280	40	1320	0.00001
Enterococcus sp. DIV0724b	2774694	S	983	42	1025	0.00001
Enterococcus sp. AZ170	2774747	S	840	43	883	0.00001
Enterococcus sp. 22-H-5-01	3418555	S	427	5	432	0.00000
Enterococcus sp. DIV0210g	2774656	S	398	12	410	0.00000
Enterococcus sp. DIV0876	2774633	S	326	4	330	0.00000
Enterococcus sp. DIV1304_2	2774706	S	216	141	357	0.00000
Enterococcus sp. DIV1368d	2774736	S	199	313	512	0.00000
Enterococcus sp. DIV0800	2774646	S	178	16	194	0.00000
Enterococcus sp. FDAARGOS_375	2060307	S	150	298	448	0.00000
Enterococcus sp. DIV1279b	2774663	S	95	348	443	0.00000
Enterococcus sp. FZMF	3050383	S	78	105	183	0.00000
Enterococcus sp. AZ089	2774693	S	74	440	514	0.00000
Enterococcus sp. DIV1368b	2774711	S	72	52	124	0.00000
Enterococcus sp. DIV1767	2774670	S	70	139	209	0.00000
Enterococcus sp. AZ095a	2774718	S	58	448	506	0.00000
Enterococcus sp. CR-Ec1	2057791	S	49	211	260	0.00000
Enterococcus sp. AZ188	2774678	S	46	258	304	0.00000
Enterococcus sp. AZ009	2774766	S	41	243	284	0.00000
Enterococcus sp. DIV2379	2774684	S	36	177	213	0.00000
Enterococcus sp. DIV1067f	2774734	S	33	192	225	0.00000
Enterococcus sp. DIV0167	2775012	S	29	321	350	0.00000
Enterococcus sp. DIV0802b	2774704	S	23	175	198	0.00000
Enterococcus casseliflavus	37734	S	4493	4402	8895	0.00006
Enterococcus faecalis	1351	S	1343	5382	6725	0.00005
Candidatus Enterococcus clewellii	1834193	S	1071	5	1076	0.00001
Enterococcus wangshanyuanii	2005703	S	924	10	934	0.00001
Enterococcus rotai	118060	S	833	17	850	0.00001
Enterococcus cecorum	44008	S	717	34	751	0.00001
Enterococcus avium	33945	S	703	48	751	0.00001
Enterococcus faecium	1352	S	638	2647	3285	0.00002
Candidatus Enterococcus palustris	1834189	S	605	6	611	0.00000
Candidatus Enterococcus dunnyi	1834192	S	586	10	596	0.00000
Candidatus Enterococcus lemimoniae	1834167	S	526	14	540	0.00000
Enterococcus alishanensis	1303817	S	467	10	477	0.00000
Enterococcus hirae	1354	S	421	709	1130	0.00001
Enterococcus durans	53345	S	390	32	422	0.00000
Enterococcus dispar	44009	S	313	26	339	0.00000
Candidatus Enterococcus lowellii	2230877	S	301	5	306	0.00000
Enterococcus gilvus	160453	S	288	9	297	0.00000
Enterococcus saigonensis	1805431	S	253	76	329	0.00000
Enterococcus saccharolyticus	41997	S	228	32	260	0.00000
Enterococcus raffinosus	71452	S	218	8	226	0.00000
Enterococcus montenegrensis	3031993	S	166	7	173	0.00000
Candidatus Enterococcus mangumiae	2230878	S	148	3	151	0.00000
Enterococcus bulliens	1665476	S	136	4	140	0.00000
Enterococcus gallinarum	1353	S	136	227	363	0.00000
Enterococcus mundtii	53346	S	118	43	161	0.00000
Enterococcus lactis	357441	S	86	407	493	0.00000
Enterococcus innesii	2839759	S	66	44	110	0.00000
Enterococcus devriesei	319970	S	40	5	45	0.00000
Vagococcus fluvialis	2738	S	545	71	616	0.00000
Vagococcus jeotgali	3109030	S	323	65	388	0.00000
Vagococcus hydrophili	2714947	S	288	17	305	0.00000
Vagococcus lutrae	81947	S	246	20	266	0.00000
Vagococcus sp. JNUCC 83	3469799	S	146	24	170	0.00000
Vagococcus sp. CY52-2	2925838	S	41	37	78	0.00000
Vagococcus intermedius	2991418	S	175	12	187	0.00000
Vagococcus carniphilus	218144	S	162	25	187	0.00000
Vagococcus zengguangii	2571750	S	143	14	157	0.00000
Vagococcus penaei	633807	S	129	13	142	0.00000
Vagococcus salmoninarum	2739	S	103	2	105	0.00000
Vagococcus teuberi	519472	S	58	33	91	0.00000
Vagococcus luciliae	2920380	S	50	27	77	0.00000
Vagococcus xieshaowenii	2562451	S	43	7	50	0.00000
Vagococcus coleopterorum	2714946	S	31	1	32	0.00000
Tetragenococcus halophilus	51669	S	292	41	333	0.00000
Tetragenococcus osmophilus	526944	S	76	20	96	0.00000
Tetragenococcus koreensis	290335	S	64	4	68	0.00000
Melissococcus plutonius	33970	S	370	3	373	0.00000
Streptococcus sp. NCTC 11567	2583584	S	83	900	983	0.00001
Streptococcus sp. Marseille-Q3533	2759692	S	67	19	86	0.00000
Streptococcus sp. NSJ-72	2763068	S	64	173	237	0.00000
Streptococcus sp. 11-4097	2828286	S	47	41	88	0.00000
Streptococcus sp. DAT741	1940319	S	41	81	122	0.00000
Streptococcus sp. ZY1909104	3233335	S	34	9	43	0.00000
Streptococcus sp. HSISS3	1316412	S	32	137	169	0.00000
Streptococcus sp. DTU_2020_1001019_1_SI_AUS_MUR_006	3077584	S	27	13	40	0.00000
Streptococcus sp. LPB0220	2610896	S	27	24	51	0.00000
Streptococcus sp. KHUD_017	3466459	S	21	16	37	0.00000
Streptococcus sp. KHUD_014	3434353	S	18	8	26	0.00000
Streptococcus sp. oral taxon 061	712623	S	17	12	29	0.00000
Streptococcus sp. KHUD_015	3434352	S	13	6	19	0.00000
Streptococcus sp. A12	1759399	S	11	4	15	0.00000
Streptococcus sp. KHUD_013	3413147	S	11	10	21	0.00000
Streptococcus sanguinis	1305	S	571	68	639	0.00000
Streptococcus suis	1307	S	550	89	639	0.00000
Streptococcus equi	1336	S	308	1	309	0.00000
Streptococcus dysgalactiae	1334	S	199	140	339	0.00000
Streptococcus thermophilus	1308	S	454	34	488	0.00000
Streptococcus mitis	28037	S	427	125	552	0.00000
Streptococcus lactarius	684066	S	321	17	338	0.00000
Streptococcus pneumoniae	1313	S	298	73	371	0.00000
Streptococcus agalactiae	1311	S	296	1290	1586	0.00001
Streptococcus oralis	1303	S	264	129	393	0.00000
Streptococcus didelphis	102886	S	223	8	231	0.00000
Streptococcus ratti	1341	S	213	1	214	0.00000
Streptococcus iniae	1346	S	210	7	217	0.00000
Streptococcus gordonii	1302	S	206	12	218	0.00000
Streptococcus oriscaviae	2781599	S	203	6	209	0.00000
Streptococcus anginosus	1328	S	124	100	224	0.00000
Streptococcus intermedius	1338	S	18	8	26	0.00000
Streptococcus constellatus	76860	S	12	20	32	0.00000
Streptococcus lutetiensis	150055	S	177	55	232	0.00000
Streptococcus pluranimalium	82348	S	173	10	183	0.00000
Streptococcus pyogenes	1314	S	165	40	205	0.00000
Streptococcus uberis	1349	S	155	8	163	0.00000
Streptococcus pasteurianus	197614	S	148	462	610	0.00000
Streptococcus parasuis	1501662	S	148	19	167	0.00000
Streptococcus canis	1329	S	135	9	144	0.00000
Streptococcus salivarius	1304	S	120	94	214	0.00000
Streptococcus infantis	68892	S	110	11	121	0.00000
Streptococcus ferus	1345	S	104	1	105	0.00000
Streptococcus merionis	400065	S	103	0	103	0.00000
Streptococcus parauberis	1348	S	97	6	103	0.00000
Streptococcus urinalis	149016	S	91	9	100	0.00000
Streptococcus parasanguinis	1318	S	71	20	91	0.00000
Streptococcus iners	3028084	S	65	8	73	0.00000
Streptococcus halichoeri	254785	S	60	3	63	0.00000
Streptococcus hillyeri	2282420	S	53	0	53	0.00000
Streptococcus equinus	1335	S	52	8	60	0.00000
Streptococcus australis	113107	S	52	39	91	0.00000
Streptococcus suivaginalis	3028082	S	49	6	55	0.00000
Streptococcus danieliae	747656	S	47	0	47	0.00000
Streptococcus pseudopneumoniae	257758	S	43	21	64	0.00000
Streptococcus tangpeifui	2709400	S	43	0	43	0.00000
Streptococcus sobrinus	1310	S	41	0	41	0.00000
Streptococcus porcinus	1340	S	29	1	30	0.00000
Streptococcus mutans	1309	S	27	2	29	0.00000
Streptococcus halotolerans	1814128	S	24	0	24	0.00000
Streptococcus cristatus	45634	S	19	0	19	0.00000
Streptococcus gallolyticus	315405	S	17	16	33	0.00000
Streptococcus himalayensis	1888195	S	13	0	13	0.00000
Streptococcus pseudoporcinus	361101	S	11	1	12	0.00000
Streptococcus respiraculi	2021971	S	11	0	11	0.00000
Streptococcus acidominimus	1326	S	10	0	10	0.00000
Streptococcus rubneri	1234680	S	10	4	14	0.00000
Streptococcus milleri	33040	S	10	17	27	0.00000
Floricoccus penangensis	1859475	S	9882	75	9957	0.00007
Lactococcus lactis	1358	S	1671	997	2668	0.00002
Lactococcus cremoris	1359	S	416	84	500	0.00000
Lactococcus taiwanensis	1151742	S	109	1	110	0.00000
Lactococcus sp. LG1267	2816910	S	35	158	193	0.00000
Lactococcus sp. NH2-7C	2879149	S	31	3	34	0.00000
Lactococcus sp.	44273	S	30	247	277	0.00000
Lactococcus protaetiae	2592653	S	90	0	90	0.00000
Lactococcus garvieae	1363	S	71	5	76	0.00000
Lactococcus petauri	1940789	S	27	35	62	0.00000
Lactococcus allomyrinae	2419773	S	22	0	22	0.00000
Lactococcus formosensis	1281486	S	11	0	11	0.00000
Pseudolactococcus raffinolactis	1366	S	108	7	115	0.00000
Pseudolactococcus piscium	1364	S	86	19	105	0.00000
Pseudolactococcus paracarnosus	2749962	S	50	4	54	0.00000
Lactobacillus johnsonii	33959	S	495	127	622	0.00000
Lactobacillus sp. ESL0680	2983210	S	41	231	272	0.00000
Lactobacillus sp. ESL0785	2983232	S	25	80	105	0.00000
Lactobacillus sp. IBH004	2879107	S	23	18	41	0.00000
Lactobacillus panisapium	2012495	S	259	4	263	0.00000
Lactobacillus delbrueckii	1584	S	221	32	253	0.00000
Lactobacillus kullabergensis	1218493	S	111	13	124	0.00000
Lactobacillus crispatus	47770	S	94	27	121	0.00000
Lactobacillus amylolyticus	83683	S	84	11	95	0.00000
Lactobacillus xylocopicola	2976676	S	75	1	76	0.00000
Lactobacillus amylovorus	1604	S	71	80	151	0.00000
Lactobacillus acetotolerans	1600	S	59	4	63	0.00000
Lactobacillus helveticus	1587	S	41	25	66	0.00000
Lactobacillus intestinalis	151781	S	35	1	36	0.00000
Lactobacillus iners	147802	S	30	1	31	0.00000
Lactobacillus isalae	2993455	S	24	4	28	0.00000
Lactobacillus gasseri	1596	S	21	67	88	0.00000
Lactobacillus taiwanensis	508451	S	19	5	24	0.00000
Lactobacillus helsingborgensis	1218494	S	11	9	20	0.00000
Lactobacillus apis	303541	S	10	0	10	0.00000
Leuconostoc pseudomesenteroides	33968	S	1043	107	1150	0.00001
Leuconostoc mesenteroides	1245	S	581	239	820	0.00001
Leuconostoc gasicomitatum	115778	S	170	36	206	0.00000
Leuconostoc gelidum	1244	S	56	1	57	0.00000
Leuconostoc carnosum	1252	S	38	6	44	0.00000
Leuconostoc falkenbergense	2766470	S	38	8	46	0.00000
Leuconostoc lactis	1246	S	19	6	25	0.00000
Leuconostoc sp. JNUCC 76	3469800	S	10	1	11	0.00000
Leuconostoc citreum	33964	S	10	14	24	0.00000
Companilactobacillus pabuli	2714036	S	465	37	502	0.00000
Companilactobacillus farciminis	1612	S	181	12	193	0.00000
Companilactobacillus crustorum	392416	S	160	16	176	0.00000
Companilactobacillus zhachilii	2304606	S	88	1	89	0.00000
Companilactobacillus alimentarius	1602	S	76	5	81	0.00000
Companilactobacillus sp. DQM5	3463359	S	66	0	66	0.00000
Companilactobacillus musae	1903258	S	44	0	44	0.00000
Companilactobacillus allii	1847728	S	41	1	42	0.00000
Companilactobacillus paralimentarius	83526	S	35	2	37	0.00000
Companilactobacillus heilongjiangensis	1074467	S	21	0	21	0.00000
Companilactobacillus ginsenosidimutans	1007676	S	18	0	18	0.00000
Ligilactobacillus salivarius	1624	S	524	21	545	0.00000
Ligilactobacillus acidipiscis	89059	S	136	8	144	0.00000
Ligilactobacillus murinus	1622	S	131	4	135	0.00000
Ligilactobacillus ruminis	1623	S	94	3	97	0.00000
Ligilactobacillus aviarius	1606	S	65	1	66	0.00000
Ligilactobacillus faecis	762833	S	43	0	43	0.00000
Ligilactobacillus agilis	1601	S	24	2	26	0.00000
Ligilactobacillus animalis	1605	S	18	1	19	0.00000
Ligilactobacillus equi	137357	S	13	0	13	0.00000
Ligilactobacillus saerimneri	228229	S	12	0	12	0.00000
Ligilactobacillus cholophilus	3050131	S	11	0	11	0.00000
Lacticaseibacillus paracasei	1597	S	336	172	508	0.00000
Lacticaseibacillus rhamnosus	47715	S	167	62	229	0.00000
Lacticaseibacillus saniviri	931533	S	64	1	65	0.00000
Lacticaseibacillus manihotivorans	88233	S	45	24	69	0.00000
Lacticaseibacillus zeae	57037	S	33	83	116	0.00000
Lacticaseibacillus pantheris	171523	S	23	1	24	0.00000
Pediococcus damnosus	51663	S	305	70	375	0.00000
Pediococcus claussenii	187452	S	151	37	188	0.00000
Pediococcus acidilactici	1254	S	134	53	187	0.00000
Pediococcus argentinicus	480391	S	100	9	109	0.00000
Pediococcus ethanolidurans	319653	S	89	13	102	0.00000
Pediococcus pentosaceus	1255	S	64	4	68	0.00000
Pediococcus parvulus	54062	S	29	4	33	0.00000
Levilactobacillus brevis	1580	S	305	60	365	0.00000
Levilactobacillus koreensis	637971	S	134	16	150	0.00000
Levilactobacillus namurensis	380393	S	113	20	133	0.00000
Levilactobacillus parabrevis	357278	S	90	17	107	0.00000
Levilactobacillus cerevisiae	1704076	S	71	21	92	0.00000
Levilactobacillus zymae	267363	S	53	5	58	0.00000
Levilactobacillus suantsaii	2292255	S	11	3	14	0.00000
Limosilactobacillus reuteri	1598	S	341	40	381	0.00000
Limosilactobacillus fermentum	1613	S	115	13	128	0.00000
Limosilactobacillus portuensis	2742601	S	96	7	103	0.00000
Limosilactobacillus ingluviei	148604	S	83	2	85	0.00000
Limosilactobacillus oris	1632	S	71	3	74	0.00000
Limosilactobacillus pontis	35787	S	38	2	40	0.00000
Limosilactobacillus mucosae	97478	S	34	5	39	0.00000
Lactiplantibacillus plantarum	1590	S	258	71	329	0.00000
Lactiplantibacillus xiangfangensis	942150	S	220	13	233	0.00000
Lactiplantibacillus brownii	3069269	S	145	9	154	0.00000
Lactiplantibacillus pentosus	1589	S	63	4	67	0.00000
Lactiplantibacillus paraplantarum	60520	S	49	3	52	0.00000
Liquorilactobacillus satsumensis	259059	S	267	16	283	0.00000
Liquorilactobacillus hordei	468911	S	113	8	121	0.00000
Liquorilactobacillus nagelii	82688	S	84	6	90	0.00000
Liquorilactobacillus mali	1618	S	66	7	73	0.00000
Loigolactobacillus coryniformis	1610	S	271	82	353	0.00000
Loigolactobacillus backii	375175	S	159	34	193	0.00000
Loigolactobacillus bifermentans	1607	S	71	6	77	0.00000
Fructilactobacillus sanfranciscensis	1625	S	164	49	213	0.00000
Fructilactobacillus sp. Tb1	3422304	S	71	10	81	0.00000
Fructilactobacillus vespulae	1249630	S	51	3	54	0.00000
Fructilactobacillus cliffordii	2940299	S	30	8	38	0.00000
Fructilactobacillus frigidiflavus	3242688	S	19	4	23	0.00000
Fructilactobacillus fructivorans	1614	S	12	0	12	0.00000
Weissella confusa	1583	S	146	9	155	0.00000
Weissella diestrammenae	1162633	S	111	1	112	0.00000
Weissella jogaejeotgali	1631871	S	43	4	47	0.00000
Weissella viridescens	1629	S	25	0	25	0.00000
Weissella paramesenteroides	1249	S	22	1	23	0.00000
Weissella sagaensis	2559928	S	17	2	19	0.00000
Lentilactobacillus kefiri	33962	S	105	10	115	0.00000
Lentilactobacillus parabuchneri	152331	S	76	6	82	0.00000
Lentilactobacillus hilgardii	1588	S	69	3	72	0.00000
Lentilactobacillus laojiaonis	2883998	S	46	0	46	0.00000
Lentilactobacillus buchneri	1581	S	34	3	37	0.00000
Lentilactobacillus terminaliae	3003483	S	28	0	28	0.00000
Agrilactobacillus fermenti	2586909	S	352	5	357	0.00000
Apilactobacillus kunkeei	148814	S	198	2	200	0.00000
Apilactobacillus apinorum	1218495	S	79	0	79	0.00000
Apilactobacillus apisilvae	2923364	S	13	0	13	0.00000
Furfurilactobacillus cerevisiae	3480032	S	32	243	275	0.00000
Latilactobacillus curvatus	28038	S	189	40	229	0.00000
Latilactobacillus sakei	1599	S	25	16	41	0.00000
Latilactobacillus graminis	60519	S	10	0	10	0.00000
Periweissella cryptocerci	2506420	S	255	0	255	0.00000
Paucilactobacillus hokkaidonensis	1193095	S	109	15	124	0.00000
Paucilactobacillus suebicus	152335	S	68	3	71	0.00000
Paucilactobacillus nenjiangensis	1296540	S	27	3	30	0.00000
Paucilactobacillus oligofermentans	293371	S	17	0	17	0.00000
Dellaglioa sp. L3N	3470102	S	126	18	144	0.00000
Dellaglioa kimchii	3344667	S	29	7	36	0.00000
Bombilactobacillus bombi	1303590	S	89	0	89	0.00000
Bombilactobacillus folatiphilus	2923362	S	73	0	73	0.00000
Xylocopilactobacillus apicola	2932184	S	101	0	101	0.00000
Xylocopilactobacillus apis	2932183	S	23	0	23	0.00000
Schleiferilactobacillus harbinensis	304207	S	110	0	110	0.00000
Oenococcus oeni	1247	S	53	0	53	0.00000
Lapidilactobacillus dextrinicus	51664	S	54	1	55	0.00000
Secundilactobacillus paracollinoides	240427	S	28	3	31	0.00000
Secundilactobacillus malefermentans	176292	S	11	1	12	0.00000
Holzapfeliella sp. JNUCC 80	3469802	S	12	14	26	0.00000
Acetilactobacillus jinshanensis	1720083	S	15	0	15	0.00000
Carnobacterium jeotgali	545534	S	610	121	731	0.00001
Carnobacterium maltaromaticum	2751	S	520	17	537	0.00000
Carnobacterium sp. TMP28	3397060	S	266	6	272	0.00000
Carnobacterium sp. 17-4	208596	S	21	1	22	0.00000
Carnobacterium sp. CS13	2800128	S	12	38	50	0.00000
Carnobacterium inhibens	147709	S	272	55	327	0.00000
Carnobacterium divergens	2748	S	178	7	185	0.00000
Carnobacterium viridans	174587	S	99	16	115	0.00000
Jeotgalibaca porci	1868793	S	409	67	476	0.00000
Jeotgalibaca sp. MA1X17-3	2908211	S	192	2	194	0.00000
Jeotgalibaca sp. PTS2502	1903686	S	69	161	230	0.00000
Jeotgalibaca dankookensis	708126	S	28	1	29	0.00000
Jeotgalibaca ciconiae	2496265	S	24	3	27	0.00000
Alloiococcus sp. CFN-8	3416081	S	699	7	706	0.00001
Trichococcus flocculiformis	82803	S	325	100	425	0.00000
Trichococcus shcherbakoviae	2094020	S	17	5	22	0.00000
Marinilactibacillus sp. 15R	1911586	S	259	10	269	0.00000
Alkalibacterium putridalgicola	426703	S	164	2	166	0.00000
Alkalibacterium sp. f15	3414029	S	40	0	40	0.00000
Granulicatella adiacens	46124	S	80	1	81	0.00000
Granulicatella elegans	137732	S	53	14	67	0.00000
Desemzia incerta	82801	S	125	11	136	0.00000
Dolosigranulum pigrum	29394	S	34	30	64	0.00000
Aerococcus urinaeequi	51665	S	115	66	181	0.00000
Aerococcus viridans	1377	S	63	50	113	0.00000
Aerococcus urinae	1376	S	25	52	77	0.00000
Aerococcus christensenii	87541	S	10	0	10	0.00000
Globicatella sp. PHS-GS-PNBC-21-1553	2885764	S	161	89	250	0.00000
Globicatella sanguinis	13076	S	59	13	72	0.00000
Globicatella sulfidifaciens	136093	S	11	5	16	0.00000
Tuanshanicoccus lijuaniae	2774330	S	182	1	183	0.00000
Tuanshanicoccus yangjingiae	2796928	S	39	0	39	0.00000
Ignavigranum ruoffiae	89093	S	136	1	137	0.00000
Fundicoccus culcitae	2969821	S	134	1	135	0.00000
Abiotrophia defectiva	46125	S	42	0	42	0.00000
Ruoffia tabacinasalis	87458	S	36	2	38	0.00000
Blautia producta	33035	S	33138	5572	38710	0.00028
Blautia obeum	40520	S	12823	5817	18640	0.00014
Blautia hansenii	1322	S	8907	3355	12262	0.00009
Blautia pseudococcoides	1796616	S	8006	415	8421	0.00006
Blautia argi	1912897	S	7444	3198	10642	0.00008
Blautia wexlerae	418240	S	7267	5812	13079	0.00010
Blautia liquoris	2779518	S	6712	225	6937	0.00005
Blautia parvula	2877527	S	5664	1675	7339	0.00005
Blautia luti	89014	S	4035	1809	5844	0.00004
Blautia hydrogenotrophica	53443	S	3168	149	3317	0.00002
Blautia sp. SC05B48	2479767	S	1062	1475	2537	0.00002
Blautia massiliensis (ex Durand et al. 2017)	1737424	S	902	5764	6666	0.00005
Mediterraneibacter gnavus	33038	S	16700	7900	24600	0.00018
Mediterraneibacter glycyrrhizinilyticus	342942	S	3636	976	4612	0.00003
[Ruminococcus] torques	33039	S	3528	2147	5675	0.00004
[Ruminococcus] lactaris	46228	S	3363	490	3853	0.00003
Mediterraneibacter faecis	592978	S	3161	2376	5537	0.00004
Anaerocolumna sp. MB42-C2	3070997	S	4795	540	5335	0.00004
Anaerocolumna sp. AGMB13025	3039116	S	3898	162	4060	0.00003
Anaerocolumna sp. AGMB13020	3081750	S	3350	165	3515	0.00003
Anaerocolumna sedimenticola	2696063	S	4458	512	4970	0.00004
Anaerocolumna chitinilytica	1727145	S	4285	189	4474	0.00003
Anaerocolumna cellulosilytica	433286	S	3757	179	3936	0.00003
Lacrimispora sp. BS-2	3151850	S	2830	597	3427	0.00002
Lacrimispora sp. HJ-01	3375704	S	2410	801	3211	0.00002
Lacrimispora xylanisolvens	384636	S	4701	327	5028	0.00004
Lacrimispora sinapis	3111456	S	3681	571	4252	0.00003
Lacrimispora xylanolytica	29375	S	2768	321	3089	0.00002
Lacrimispora saccharolytica	84030	S	2552	459	3011	0.00002
Lacrimispora sphenoides	29370	S	1919	577	2496	0.00002
Roseburia sp. 499	1261634	S	6556	445	7001	0.00005
Roseburia sp. 831b	1261635	S	3483	207	3690	0.00003
Roseburia intestinalis	166486	S	3304	2964	6268	0.00005
Roseburia rectibacter	2763062	S	2275	1869	4144	0.00003
Roseburia hominis	301301	S	1880	693	2573	0.00002
Roseburia faecis	301302	S	1806	639	2445	0.00002
Anaerostipes hadrus	649756	S	4720	820	5540	0.00004
Anaerostipes rhamnosivorans	1229621	S	4520	727	5247	0.00004
Anaerostipes caccae	105841	S	1670	332	2002	0.00001
Anaerostipes sp. PC18	3036926	S	1599	791	2390	0.00002
Hungatella sp. SB206	2937758	S	5973	2688	8661	0.00006
Hungatella hathewayi	154046	S	5709	985	6694	0.00005
Dorea formicigenerans	39486	S	4547	2427	6974	0.00005
Dorea longicatena	88431	S	3404	3204	6608	0.00005
Dorea amylophila	2981789	S	991	1689	2680	0.00002
Enterocloster bolteae	208479	S	5748	1708	7456	0.00005
Enterocloster clostridioformis	1531	S	1681	723	2404	0.00002
Enterocloster lavalensis	460384	S	1065	514	1579	0.00001
Enterocloster asparagiformis	333367	S	825	262	1087	0.00001
[Clostridium] scindens	29347	S	5536	728	6264	0.00005
[Clostridium] hylemonae	89153	S	3484	323	3807	0.00003
Lachnoclostridium phytofermentans	66219	S	1787	19	1806	0.00001
Eisenbergiella porci	2652274	S	7778	1295	9073	0.00007
Sellimonas catena	2994035	S	3694	1467	5161	0.00004
Sellimonas caecigallum	2592333	S	2041	141	2182	0.00002
Sellimonas intestinalis	1653434	S	970	96	1066	0.00001
Kineothrix sp. MB12-C1	3070215	S	4547	145	4692	0.00003
Kineothrix sedimenti	3123317	S	2283	87	2370	0.00002
Marvinbryantia formatexigens	168384	S	5815	317	6132	0.00004
Anaerobutyricum hallii	39488	S	3921	3510	7431	0.00005
[Clostridium] symbiosum	1512	S	5688	883	6571	0.00005
Allocoprococcus comes	410072	S	5554	2778	8332	0.00006
Faecalimonas umbilicata	1912855	S	4568	2117	6685	0.00005
Novisyntrophococcus fermenticellae	2068655	S	3928	172	4100	0.00003
Claveliimonas bilis	3028070	S	3872	332	4204	0.00003
Butyrivibrio fibrisolvens	831	S	1056	27	1083	0.00001
Butyrivibrio hungatei	185008	S	881	30	911	0.00001
Butyrivibrio sp. JL13D10	3236815	S	862	35	897	0.00001
Butyrivibrio proteoclasticus	43305	S	709	30	739	0.00001
Pseudobutyrivibrio xylanivorans	185007	S	1626	119	1745	0.00001
Pseudobutyrivibrio ruminis	46206	S	1107	127	1234	0.00001
Wansuia hejianensis	2763667	S	2500	126	2626	0.00002
Anaeromicropila herbilytica	2785025	S	2349	14	2363	0.00002
Qiania dongpingensis	2763669	S	2267	170	2437	0.00002
Jutongia sp. SJQ-6	3445972	S	2240	174	2414	0.00002
Lachnoanaerobaculum gingivalis	2490855	S	809	350	1159	0.00001
Lachnoanaerobaculum umeaense	617123	S	310	141	451	0.00000
Eshraghiella crossota	45851	S	1487	373	1860	0.00001
Lachnospira eligens	39485	S	1145	89	1234	0.00001
Hominifimenecus sp. rT4P-3	3242979	S	1036	1	1037	0.00001
Chakrabartyella piscis	2918914	S	1013	25	1038	0.00001
Herbinix luporum	1679721	S	959	132	1091	0.00001
Agathobacter rectalis	39491	S	949	432	1381	0.00001
Simiaoa sunii	2763672	S	946	245	1191	0.00001
Anaeropeptidivorans aminofermentans	2934315	S	758	3	761	0.00001
Coprococcus sp. ART55/1	751585	S	456	97	553	0.00000
Coprococcus eutactus	33043	S	116	22	138	0.00000
Wujia chipingensis	2763670	S	423	101	524	0.00000
Stomatobaculum sp. F0698	3059030	S	379	3	382	0.00000
Chordicoccus furentiruminis	2709410	S	307	9	316	0.00000
Candidatus Epulonipiscium viviparus	420336	S	256	3	259	0.00000
Sporofaciens musculi	2681861	S	229	0	229	0.00000
[Clostridium] colinum	36835	S	224	4	228	0.00000
Vallitalea pronyensis	1348613	S	1139	4	1143	0.00001
Vallitalea guaymasensis	1185412	S	939	3	942	0.00001
Petrocella atlantisensis	2173034	S	389	7	396	0.00000
Anaerotignum propionicum	28446	S	664	123	787	0.00001
Anaerotignum sp. MB30-C6	3070814	S	167	37	204	0.00000
Cellulosilyticum lentocellum	29360	S	100	453	553	0.00000
Defluviitalea saccharophila	879970	S	289	49	338	0.00000
Clostridium sp. SY8519	1042156	S	1073	140	1213	0.00001
Clostridium sp. HCS.1	3238594	S	1045	14	1059	0.00001
Clostridium sp. M62/1	411486	S	965	552	1517	0.00001
Clostridium sp. LBM24168	3450749	S	879	6	885	0.00001
Clostridium sp. JNZ J1-5	3475975	S	696	19	715	0.00001
Clostridium sp. JNZ X4-2	3470764	S	632	2	634	0.00000
Clostridium sp. DL-VIII	641107	S	581	9	590	0.00000
Clostridium sp. MD294	97138	S	580	4	584	0.00000
Clostridium sp. BNL1100	755731	S	533	94	627	0.00000
Clostridium sp. JS66	3064705	S	478	31	509	0.00000
Clostridium sp. MB05	3376682	S	405	6	411	0.00000
Clostridium sp. ETTB3	3438650	S	390	8	398	0.00000
Clostridium sp. BJN0013	3236840	S	345	6	351	0.00000
Clostridium sp. C1	1155388	S	330	1275	1605	0.00001
Clostridium sp. OS1-26	3070681	S	282	2	284	0.00000
Clostridium sp. JN-9	2507159	S	275	2	277	0.00000
Clostridium sp. JN-1	2483110	S	262	2	264	0.00000
Clostridium sp. MB40-C1	3070996	S	239	1	240	0.00000
Clostridium sp. CM041	3468797	S	237	190	427	0.00000
Clostridium sp. BJN0001	2930219	S	209	6	215	0.00000
Clostridium sp.	1506	S	203	16	219	0.00000
Clostridium sp. K25	1443109	S	169	154	323	0.00000
Clostridium sp. 'deep sea'	2779445	S	168	0	168	0.00000
Clostridium sp. 001	1970093	S	152	17	169	0.00000
Clostridium sp. AWRP	2212991	S	71	3	74	0.00000
Clostridium sp. CM038	3468794	S	31	88	119	0.00000
Clostridium sp. CM037	3468793	S	21	17	38	0.00000
Clostridium sp. CM042	3468798	S	12	1	13	0.00000
Clostridium beijerinckii	1520	S	2226	1557	3783	0.00003
Clostridium botulinum	1491	S	2026	285	2311	0.00002
Clostridium estertheticum	238834	S	1550	24	1574	0.00001
Clostridium perfringens	1502	S	1520	1946	3466	0.00003
Clostridium pasteurianum	1501	S	1362	6	1368	0.00001
Clostridium intestinale	36845	S	1120	11	1131	0.00001
Clostridium saccharoperbutylacetonicum	36745	S	957	10	967	0.00001
Clostridium butyricum	1492	S	848	570	1418	0.00001
Clostridium taeniosporum	394958	S	772	10	782	0.00001
Clostridium tertium	1559	S	728	64	792	0.00001
Clostridium cellulovorans	1493	S	617	3	620	0.00000
Clostridium kluyveri	1534	S	610	5	615	0.00000
Clostridium saccharobutylicum	169679	S	557	7	564	0.00000
Clostridium septicum	1504	S	536	9	545	0.00000
Clostridium felsineum	36839	S	507	9	516	0.00000
Clostridium isatidis	182773	S	496	30	526	0.00000
Clostridium baratii	1561	S	483	6	489	0.00000
Clostridium culturomicium	1499683	S	458	9	467	0.00000
Clostridium tetani	1513	S	429	5	434	0.00000
Clostridium gasigenes	94869	S	412	3	415	0.00000
Clostridium tagluense	360422	S	399	7	406	0.00000
Clostridium gelidum	704125	S	355	3	358	0.00000
Clostridium caseinilyticum	3350403	S	342	19	361	0.00000
Clostridium acetobutylicum	1488	S	326	0	326	0.00000
Clostridium bornimense	1216932	S	325	49	374	0.00000
Clostridium sporogenes	1509	S	314	932	1246	0.00001
[Clostridium] innocuum	1522	S	290	275	565	0.00000
Clostridium thermosuccinogenes	84032	S	256	24	280	0.00000
Clostridium tyrobutyricum	1519	S	247	1	248	0.00000
Clostridium argentinense	29341	S	226	1	227	0.00000
Clostridium cadaveris	1529	S	225	10	235	0.00000
Clostridium fermenticellae	2068654	S	204	1	205	0.00000
Clostridium carboxidivorans	217159	S	147	11	158	0.00000
Clostridium drakei	332101	S	146	21	167	0.00000
Clostridium manihotivorum	2320868	S	142	0	142	0.00000
Clostridium cochlearium	1494	S	128	6	134	0.00000
Clostridium thermarum	1716543	S	123	6	129	0.00000
Clostridium novyi	1542	S	117	110	227	0.00000
Clostridium scatologenes	1548	S	117	17	134	0.00000
Clostridium ljungdahlii	1538	S	82	129	211	0.00000
Clostridium chauvoei	46867	S	70	1	71	0.00000
Clostridium diolis	223919	S	23	86	109	0.00000
Lactonifactor longoviformis	341220	S	8295	777	9072	0.00007
Crassaminicella profunda	1286698	S	462	4	466	0.00000
Crassaminicella thermophila	2599308	S	326	4	330	0.00000
Wukongibacter sp. M2B1	3088895	S	446	6	452	0.00000
Wukongibacter baidiensis	1723361	S	302	3	305	0.00000
Haloimpatiens lingqiaonensis	1380675	S	328	78	406	0.00000
Haloimpatiens myeolchijeotgali	3298610	S	206	1	207	0.00000
Haloimpatiens sporogenes	3298609	S	50	0	50	0.00000
Caloramator sp. mosi_1	3023090	S	272	7	279	0.00000
Caloramator sp. Dgby_cultured_2	3029174	S	152	6	158	0.00000
Caloramator sp. E03	2576307	S	147	0	147	0.00000
Candidatus Sarcina troglodytae	2726954	S	181	4	185	0.00000
Hathewaya histolytica	1498	S	159	2	161	0.00000
Oceanirhabdus sp. W0125-5	2999116	S	148	0	148	0.00000
Proteiniclasticum sp. QWL-01	3036945	S	129	4	133	0.00000
Candidatus Arthromitus sp. SFB-rat-Yit	1041504	S	14	8	22	0.00000
Ruminococcus gauvreauii	438033	S	8234	592	8826	0.00006
Ruminococcus sp. JE7B6	3233380	S	167	355	522	0.00000
Ruminococcus sp. SR1/5	657323	S	65	229	294	0.00000
Ruminococcus albus	1264	S	333	1	334	0.00000
Ruminococcus callidus	40519	S	311	11	322	0.00000
Ruminococcus bovis	2564099	S	218	4	222	0.00000
Ruminococcus champanellensis	1161942	S	131	1	132	0.00000
Ruminococcus bicirculans (ex Wegman et al. 2014)	1160721	S	125	7	132	0.00000
Faecalibacterium prausnitzii	853	S	507	269	776	0.00001
Faecalibacterium sp. I3-3-33	2929492	S	103	51	154	0.00000
Faecalibacterium sp. i25-0019-C1	3141185	S	65	209	274	0.00000
Faecalibacterium sp. IP-3-29	2929489	S	43	62	105	0.00000
Faecalibacterium sp. I4-3-84	2929495	S	29	39	68	0.00000
Faecalibacterium sp. IP-1-18	2929488	S	10	46	56	0.00000
Faecalibacterium duncaniae	411483	S	139	205	344	0.00000
Faecalibacterium wellingii	2929491	S	85	53	138	0.00000
Faecalibacterium taiwanense	3030638	S	11	25	36	0.00000
Ruminiclostridium papyrosolvens	29362	S	780	108	888	0.00001
Ruminiclostridium herbifermentans	2488810	S	574	82	656	0.00000
Ruminiclostridium cellulolyticum	1521	S	75	11	86	0.00000
Caproicibacterium sp. BJN0003	2994078	S	410	251	661	0.00000
Caproicibacterium sp. NSD3	3457503	S	102	41	143	0.00000
Caproicibacterium amylolyticum	2766537	S	261	307	568	0.00000
Paludihabitans sp. MB14-C6	3070656	S	717	3	720	0.00001
Petroclostridium sp. X23	3045146	S	667	8	675	0.00000
Flavonifractor plautii	292800	S	515	66	581	0.00000
Owariibacterium komagatae	3136601	S	295	76	371	0.00000
Pseudoflavonifractor gallinarum	2779352	S	277	24	301	0.00000
Thermoclostridium stercorarium	1510	S	246	22	268	0.00000
Anaerotruncus colihominis	169435	S	226	52	278	0.00000
Thermocaproicibacter melissae	2966552	S	226	72	298	0.00000
uncultured Subdoligranulum sp.	512298	S	118	34	152	0.00000
Subdoligranulum variabile	214851	S	53	15	68	0.00000
Vescimonas coprocola	2714355	S	125	33	158	0.00000
Vescimonas fastidiosa	2714353	S	20	6	26	0.00000
Acidaminobacterium chupaoyuni	3381350	S	111	0	111	0.00000
Bengtsoniella intestinalis	3073143	S	105	0	105	0.00000
Ruthenibacterium lactatiformans	1550024	S	92	7	99	0.00000
Dysosmobacter welbionis	2093857	S	54	244	298	0.00000
Dysosmobacter sp. Phy	3465159	S	36	3	39	0.00000
Amygdalobacter indicium	3029272	S	60	4	64	0.00000
Ethanoligenens harbinense	253239	S	61	6	67	0.00000
Lawsonibacter asaccharolyticus	2108523	S	58	4	62	0.00000
Pusillibacter faecalis	2714358	S	46	7	53	0.00000
Solibaculum mannosilyticum	2780922	S	43	9	52	0.00000
Oscillibacter hominis	2763056	S	23	5	28	0.00000
Hominenteromicrobium mulieris	2885357	S	18	6	24	0.00000
Fastidiosipila sanguinis	236753	S	10	1	11	0.00000
Eubacterium ramulus	39490	S	2584	800	3384	0.00002
Eubacterium ventriosum	39496	S	1632	320	1952	0.00001
Eubacterium sp. MSJ-33	2841528	S	840	87	927	0.00001
Eubacterium sp. F2	3381348	S	235	11	246	0.00000
Eubacterium callanderi	53442	S	1045	392	1437	0.00001
Eubacterium limosum	1736	S	638	135	773	0.00001
Eubacterium maltosivorans	2041044	S	309	37	346	0.00000
Acetobacterium woodii	33952	S	414	17	431	0.00000
Acetobacterium wieringae	52694	S	340	41	381	0.00000
Acetobacterium malicum	52692	S	322	82	404	0.00000
Acetobacterium carbinolicum	52690	S	22	237	259	0.00000
Anaerofustis stercorihominis	214853	S	432	19	451	0.00000
Alkalibacter rhizosphaerae	2815577	S	224	0	224	0.00000
Pseudoramibacter alactolyticus	113287	S	173	1	174	0.00000
Proteiniborus sp. MB09-C3	3050072	S	1416	124	1540	0.00001
Thermaerobacter marianensis	73919	S	108	2	110	0.00000
Thermaerobacter sp. PB12/4term	2293838	S	42	1	43	0.00000
Thermaerobacter composti	554949	S	10	80	90	0.00000
Sulfobacillus thermotolerans	338644	S	143	0	143	0.00000
Intestinimonas butyriciproducens	1297617	S	152	18	170	0.00000
Levyella massiliensis	938289	S	102	4	106	0.00000
Carboxydocella thermautotrophica	178899	S	53	0	53	0.00000
Fenollaria massiliensis	938288	S	14	18	32	0.00000
Flintibacter sp. KGMB00164	2610895	S	28	2	30	0.00000
Caproiciproducens sp. LBM24188	3450750	S	376	128	504	0.00000
Caproiciproducens sp. CPB-2	3030017	S	24	59	83	0.00000
Caproiciproducens puteiluti	3435000	S	244	327	571	0.00000
Caproiciproducens lactatisolvens	3435187	S	148	409	557	0.00000
Acutalibacter muris	1796620	S	313	12	325	0.00000
Caproicibacter fermentans	2576756	S	166	42	208	0.00000
Desulfosporosinus meridiei	79209	S	364	16	380	0.00000
Desulfosporosinus acidiphilus	885581	S	218	6	224	0.00000
Desulfosporosinus orientis	1563	S	151	3	154	0.00000
Desulfosporosinus youngiae	339862	S	81	3	84	0.00000
Desulfosporosinus paludis	3115649	S	56	1	57	0.00000
Dehalobacter sp. CP	2594474	S	112	21	133	0.00000
Dehalobacter sp. CF	1131462	S	79	373	452	0.00000
Dehalobacter sp. DCM	2907827	S	76	13	89	0.00000
Dehalobacter restrictus	55583	S	47	28	75	0.00000
Desulfitobacterium hafniense	49338	S	113	2	115	0.00000
Desulfitobacterium dichloroeliminans	233055	S	89	15	104	0.00000
Desulfitobacterium dehalogenans	36854	S	55	0	55	0.00000
Desulfitobacterium sp. AusDCA	3240383	S	27	7	34	0.00000
Desulfitobacterium metallireducens	142877	S	15	0	15	0.00000
Desulfitobacterium nosdiversum	3375356	S	11	3	14	0.00000
Syntrophobotulus glycolicus	51197	S	54	0	54	0.00000
Dehalobacterium formicoaceticum	51515	S	302	48	350	0.00000
Candidatus Formimonas warabiya	1761012	S	192	0	192	0.00000
Acididesulfobacillus acetoxydans	1561005	S	148	1	149	0.00000
Phosphitispora sp. TUW77	3152361	S	124	16	140	0.00000
Desulforamulus reducens	59610	S	98	1	99	0.00000
Desulforamulus ferrireducens	1833852	S	16	5	21	0.00000
Desulforamulus ruminis	1564	S	10	0	10	0.00000
Thermanaerosceptrum fracticalcis	1712410	S	82	1	83	0.00000
Desulfofundulus kuznetsovii	58135	S	60	0	60	0.00000
Desulfofarcimen acetoxidans	58138	S	26	0	26	0.00000
Agathobaculum sp. NTUH-O15-33	3079302	S	300	4	304	0.00000
Agathobaculum massiliense	3014267	S	52	119	171	0.00000
Butyricicoccus porcorum	1945634	S	308	47	355	0.00000
Syntrophomonas wolfei	863	S	258	2	260	0.00000
Syntrophomonas erecta	264446	S	93	6	99	0.00000
Syntrophomonas curvata	231025	S	85	0	85	0.00000
Syntrophothermus lipocalidus	86170	S	83	0	83	0.00000
Candidatus Syntrophocurvum alkaliphilum	2293317	S	44	0	44	0.00000
Symbiobacterium thermophilum	2734	S	389	0	389	0.00000
Caldinitratiruptor microaerophilus	671077	S	86	0	86	0.00000
Proteinivorax hydrogeniformans	1826727	S	207	0	207	0.00000
Proteinivorax tanatarense	1260629	S	53	0	53	0.00000
Alkalicella caledoniensis	2731377	S	102	0	102	0.00000
Tianxiuia mixotrophica	3071453	S	196	0	196	0.00000
Helicovermis profundi	3065157	S	157	0	157	0.00000
Desulfoscipio sp. L	3144975	S	238	0	238	0.00000
Desulfoscipio gibsoniae	102134	S	93	0	93	0.00000
Aristaeella lactis	3046383	S	175	0	175	0.00000
Aristaeella hokkaidonensis	3046382	S	76	0	76	0.00000
Heliomicrobium modesticaldum	35701	S	184	7	191	0.00000
Heliorestis convoluta	356322	S	26	0	26	0.00000
Thermincola potens	863643	S	41	2	43	0.00000
Paraclostridium sordellii	1505	S	1297	148	1445	0.00001
Paraclostridium ghonii	29358	S	707	101	808	0.00001
Paraclostridium bifermentans	1490	S	408	603	1011	0.00001
Clostridioides difficile	1496	S	2207	423	2630	0.00002
Clostridioides sp. ES-S-0054-01	2770780	S	156	30	186	0.00000
Clostridioides sp. ES-S-0010-02	2770776	S	63	327	390	0.00000
Terrisporobacter petrolearius	1460447	S	718	703	1421	0.00001
Terrisporobacter mayombei	1541	S	261	41	302	0.00000
Terrisporobacter glycolicus	36841	S	197	37	234	0.00000
Terrisporobacter vanillatitrophus	3058402	S	10	1	11	0.00000
Peptacetobacter hiranonis	89152	S	464	262	726	0.00001
Peptacetobacter sp. AB845	3388429	S	39	33	72	0.00000
Intestinibacter bartlettii	261299	S	242	20	262	0.00000
Romboutsia sp. CE17	2724150	S	79	18	97	0.00000
Romboutsia sp. 13368	2708053	S	23	9	32	0.00000
Romboutsia hominis	1507512	S	44	7	51	0.00000
Romboutsia ilealis	1115758	S	43	16	59	0.00000
Faecalimicrobium sp. JNUCC 81	3469801	S	204	16	220	0.00000
Tepidibacter hydrothermalis	3036126	S	151	3	154	0.00000
Tepidibacter aestuarii	2925782	S	35	1	36	0.00000
Peptostreptococcus equinus	3003601	S	180	2	182	0.00000
Emergencia timonensis	1776384	S	1258	66	1324	0.00001
Emergencia sp. JLR.KK010	3114296	S	353	32	385	0.00000
Aminipila luticellarii	2507160	S	529	39	568	0.00000
Aminipila terrae	2697030	S	475	7	482	0.00000
Aminipila butyrica	433296	S	443	2	445	0.00000
Sinanaerobacter sp. ZZT-01	3111540	S	447	5	452	0.00000
Anoxybacterium hadale	3408580	S	380	2	382	0.00000
Ihubacter sp. rT4E-8	3242369	S	251	17	268	0.00000
Mogibacterium neglectum	114528	S	127	12	139	0.00000
Mogibacterium diversum	114527	S	11	0	11	0.00000
Alkaliphilus sp. B6464	2731219	S	463	6	469	0.00000
Alkaliphilus metalliredigens	208226	S	162	3	165	0.00000
Alkaliphilus oremlandii	461876	S	36	0	36	0.00000
Andreesenella formicacetica	1497	S	259	27	286	0.00000
Andreesenella acetica	84022	S	76	5	81	0.00000
Serpentinicella alkaliphila	1734049	S	64	0	64	0.00000
Geosporobacter ferrireducens	1424294	S	772	12	784	0.00001
Filifactor alocis	143361	S	263	43	306	0.00000
Acetoanaerobium sticklandii	1511	S	156	11	167	0.00000
Acetoanaerobium noterae	745369	S	73	5	78	0.00000
Peptoclostridium acidaminophilum	1731	S	95	3	98	0.00000
Caminicella sporogenes	166485	S	82	1	83	0.00000
Thermoanaerobacterium thermosaccharolyticum	1517	S	894	565	1459	0.00001
Thermoanaerobacterium sp. RBIITD	1550240	S	229	93	322	0.00000
Thermoanaerobacterium sp. CMT5567-10	3061989	S	35	89	124	0.00000
Thermoanaerobacterium xylanolyticum	29329	S	75	10	85	0.00000
Thermoanaerobacter wiegelii	46354	S	89	64	153	0.00000
Thermoanaerobacter sp. RKWS2	2983842	S	48	81	129	0.00000
Thermoanaerobacter kivui	2325	S	37	5	42	0.00000
Thermoanaerobacter siderophilus	106578	S	23	45	68	0.00000
Aceticella autotrophica	2755338	S	179	0	179	0.00000
Thermacetogenium phaeum	85874	S	115	7	122	0.00000
Caldanaerobacter subterraneus	911092	S	46	0	46	0.00000
Carboxydothermus hydrogenoformans	129958	S	23	0	23	0.00000
Gelria sp. Kuro-4	2796927	S	13	0	13	0.00000
Candidatus Desulforudis audaxviator	471827	S	39	0	39	0.00000
Desulforudis sp. Tu-874	3416276	S	14	0	14	0.00000
Halanaerobium hydrogeniformans	656519	S	615	0	615	0.00000
Halanaerobium praevalens	2331	S	188	0	188	0.00000
Halocella sp. SP3-1	2382161	S	233	367	600	0.00000
Iocasia frigidifontis	2682810	S	36	59	95	0.00000
Halothermothrix orenii	31909	S	171	0	171	0.00000
Anoxybacter fermentans	1323375	S	169	0	169	0.00000
Natroniella sp. ANB-PHB2	3384444	S	110	0	110	0.00000
Halobacteroides halobius	42422	S	32	6	38	0.00000
Tepidanaerobacter acetatoxydans	499229	S	727	2	729	0.00001
Biomaibacter acetigenes	2316383	S	72	0	72	0.00000
Thermosediminibacter oceani	291990	S	132	0	132	0.00000
Neomoorella thermoacetica	1525	S	73	46	119	0.00000
Neomoorella glycerini	55779	S	37	11	48	0.00000
Neomoorella humiferrea	676965	S	35	39	74	0.00000
Thermanaeromonas toyohensis	161154	S	12	0	12	0.00000
Metallumcola ferriviriculae	3039180	S	184	0	184	0.00000
Zhaonella formicivorans	2528593	S	148	0	148	0.00000
Acetivibrio clariflavus	288965	S	323	32	355	0.00000
Acetivibrio saccincola	1677857	S	192	11	203	0.00000
Acetivibrio thermocellus	1515	S	38	2	40	0.00000
Monoglobus pectinilyticus	1981510	S	507	61	568	0.00000
Christensenella minuta	626937	S	222	10	232	0.00000
Christensenella massiliensis	1805714	S	206	15	221	0.00000
Christensenella sp. MSJ-20	2841518	S	71	1	72	0.00000
Koleobacter methoxysyntrophicus	2751313	S	154	0	154	0.00000
Natranaerofaba carboxydovora	2742683	S	131	1	132	0.00000
Mahella australiensis	252966	S	13	0	13	0.00000
Megamonas funiformis	437897	S	809	2	811	0.00001
Megamonas hypermegale	158847	S	549	4	553	0.00000
Selenomonas ruminantium	971	S	174	0	174	0.00000
Selenomonas sp. oral taxon 126	712528	S	67	4	71	0.00000
Selenomonas sp. oral taxon 920	1884263	S	51	4	55	0.00000
Selenomonas sp. TAMA-11512	3095337	S	27	1	28	0.00000
Selenomonas sp.	2053611	S	17	0	17	0.00000
Selenomonas sputigena	69823	S	153	0	153	0.00000
Selenomonas dianae	135079	S	75	1	76	0.00000
Selenomonas timonae	2754044	S	32	1	33	0.00000
Pectinatus haikarae	349096	S	220	0	220	0.00000
Pectinatus frisingensis	865	S	149	1	150	0.00000
Mitsuokella multacida	52226	S	88	1	89	0.00000
Sporomusa aerivorans	204936	S	345	10	355	0.00000
Sporomusa ovata	2378	S	278	19	297	0.00000
Sporomusa malonica	112901	S	171	4	175	0.00000
Sporomusa rhizae	357999	S	161	5	166	0.00000
Sporomusa carbonis	3076075	S	146	11	157	0.00000
Sporomusa termitida	2377	S	85	0	85	0.00000
Sporomusa silvacetica	55504	S	70	3	73	0.00000
Sporomusa acidovorans	112900	S	63	3	66	0.00000
uncultured Sporomusa sp.	307249	S	54	93	147	0.00000
Sporomusa sphaeroides	47679	S	28	129	157	0.00000
Anaerosinus gibii	3054208	S	314	4	318	0.00000
Methylomusa anaerophila	1930071	S	284	20	304	0.00000
Pelosinus sp. UFO1	484770	S	45	5	50	0.00000
Pelosinus fermentans	365349	S	30	1	31	0.00000
Megasphaera sueciensis	349094	S	315	6	321	0.00000
Megasphaera elsdenii	907	S	306	47	353	0.00000
Megasphaera stantonii	2144175	S	277	10	287	0.00000
Megasphaera sp.	2023260	S	88	29	117	0.00000
Megasphaera hexanoica	1675036	S	44	2	46	0.00000
Megasphaera massiliensis	1232428	S	12	0	12	0.00000
Veillonella rodentium	248315	S	114	1	115	0.00000
Veillonella dispar	39778	S	82	3	85	0.00000
Veillonella parvula	29466	S	81	0	81	0.00000
Veillonella atypica	39777	S	70	0	70	0.00000
Veillonella nakazawae	2682456	S	64	6	70	0.00000
Dialister sp.	1955814	S	138	0	138	0.00000
Dialister hominis	2582419	S	60	5	65	0.00000
Dialister pneumosintes	39950	S	48	0	48	0.00000
Dialister succinatiphilus	487173	S	41	1	42	0.00000
Phascolarctobacterium faecium	33025	S	774	2	776	0.00001
Phascolarctobacterium succinatutens	626940	S	170	33	203	0.00000
Phascolarctobacterium sp. Marseille-Q4147	2823317	S	162	14	176	0.00000
Acidaminococcus intestini	187327	S	210	7	217	0.00000
Acidaminococcus fermentans	905	S	132	1	133	0.00000
Acidaminococcus timonensis	1871002	S	118	2	120	0.00000
Anaerococcus nagyae	1755241	S	400	26	426	0.00000
Anaerococcus sp. Marseille-Q7828	3036300	S	160	25	185	0.00000
Anaerococcus sp. AH8042_DFU013_CI05	3385202	S	21	5	26	0.00000
Anaerococcus obesiensis	1287640	S	26	112	138	0.00000
Anaerococcus cruorum	3115617	S	24	4	28	0.00000
Parvimonas micra	33033	S	180	46	226	0.00000
Parvimonas sp. G1604	3388845	S	49	36	85	0.00000
Parvimonas sp. G1425	3387694	S	21	49	70	0.00000
Parvimonas parva	2769485	S	28	2	30	0.00000
Peptoniphilus harei	54005	S	140	13	153	0.00000
Peptoniphilus lacrimalis	33031	S	129	32	161	0.00000
Peptoniphilus genitalis	3036303	S	107	15	122	0.00000
Helcococcus ovis	72026	S	283	16	299	0.00000
Helcococcus kunzii	40091	S	97	5	102	0.00000
Finegoldia magna	1260	S	234	27	261	0.00000
Miniphocaeibacter halophilus	2931922	S	217	0	217	0.00000
Aedoeadaptatus ivorii	54006	S	165	2	167	0.00000
Microaceticoccus formicicus	3118105	S	141	0	141	0.00000
Murdochiella vaginalis	1852373	S	60	14	74	0.00000
Tissierella sp. MB52-C2	3070999	S	871	5	876	0.00001
Tissierella sp. Yu-01	3035694	S	458	4	462	0.00000
Tissierella carlieri	689904	S	419	3	422	0.00000
Gudongella oleilytica	1582259	S	92	1	93	0.00000
Acidilutibacter cellobiosedens	2507161	S	499	26	525	0.00000
Caloranaerobacter azorensis	116090	S	302	3	305	0.00000
Schnuerera ultunensis	45497	S	201	12	213	0.00000
Keratinibaculum paraultunense	1278232	S	90	4	94	0.00000
Sporanaerobacter sp.	2010183	S	117	8	125	0.00000
Gottschalkia acidurici	1556	S	26	0	26	0.00000
Sedimentibacter sp. MB31-C6	3109366	S	309	633	942	0.00001
Sedimentibacter sp. zth1	2816908	S	266	22	288	0.00000
Erysipelatoclostridium sp. An173	1965571	S	603	42	645	0.00000
Thomasclavelia ramosa	1547	S	545	67	612	0.00000
Thomasclavelia spiroformis	29348	S	378	61	439	0.00000
Faecalibacillus intestinalis	1982626	S	708	88	796	0.00001
Catenibacterium mitsuokai	100886	S	191	131	322	0.00000
Catenibacterium sp. co_0103	2478954	S	17	14	31	0.00000
Tannockella kyphosi	2899121	S	66	0	66	0.00000
Erysipelothrix larvae	1514105	S	250	23	273	0.00000
Erysipelothrix sp. HDW6B	2714929	S	150	22	172	0.00000
Erysipelothrix sp. HDW6C	2714930	S	97	10	107	0.00000
Erysipelothrix inopinata	225084	S	52	6	58	0.00000
Erysipelothrix rhusiopathiae	1648	S	10	159	169	0.00000
Hoskinsella hominis	2764325	S	460	113	573	0.00000
Allocoprobacillus halotolerans	2944914	S	381	10	391	0.00000
Amedibacterium intestinale	2583452	S	285	54	339	0.00000
Intestinibaculum porci	2487118	S	259	2	261	0.00000
Allobaculum sp. Allo2	2853432	S	106	0	106	0.00000
Allobaculum mucilyticum	2834459	S	47	0	47	0.00000
Longicatena caecimuris	1796635	S	141	34	175	0.00000
Holdemania massiliensis	1468449	S	134	17	151	0.00000
Solobacterium moorei	102148	S	99	26	125	0.00000
Faecalibaculum rodentium	1702221	S	13	0	13	0.00000
Turicibacter sanguinis	154288	S	254	4	258	0.00000
Turicibacter sp. TJ11	2806443	S	144	11	155	0.00000
Turicibacter bilis	2735723	S	36	35	71	0.00000
Caldicellulosiruptor hydrothermalis	413888	S	237	63	300	0.00000
Caldicellulosiruptor morganii	1387555	S	167	20	187	0.00000
Caldicellulosiruptor kronotskyensis	413889	S	114	36	150	0.00000
Caldicellulosiruptor acetigenus	301953	S	110	10	120	0.00000
Anaerocellum diazotrophicum	2806205	S	79	9	88	0.00000
Caldicellulosiruptor naganoensis	29324	S	73	11	84	0.00000
Caldicellulosiruptor changbaiensis	1222016	S	34	17	51	0.00000
Caldicellulosiruptor obsidiansis	717609	S	12	1	13	0.00000
Geochorda subterranea	3109564	S	130	0	130	0.00000
Carboxydichorda subterranea	3109565	S	68	0	68	0.00000
Limnochorda pilosa	1555112	S	74	0	74	0.00000
endosymbiont 'TC1' of Trimyema compressum	243899	S	61	0	61	0.00000
Candidatus Contubernalis alkaliaceticus	338645	S	32	0	32	0.00000
Rhodococcus qingshengii	334542	S	12296	42382	54678	0.00040
Rhodococcus erythropolis	1833	S	7652	13423	21075	0.00015
Rhodococcus sp. P-2	2795031	S	2348	1302	3650	0.00003
Rhodococcus sp. (in: high G+C Gram-positive bacteria)	1831	S	1523	11697	13220	0.00010
Rhodococcus sp. YL-1	1045808	S	1028	3399	4427	0.00003
Rhodococcus sp. NyZ502	3242855	S	669	3782	4451	0.00003
Rhodococcus sp. 008	1723645	S	652	2370	3022	0.00002
Rhodococcus sp. SG20037	3074148	S	559	3544	4103	0.00003
Rhodococcus sp. BH4	1807790	S	273	1234	1507	0.00001
Rhodococcus sp. C1	644410	S	263	2271	2534	0.00002
Rhodococcus sp. ABRD24	2507582	S	255	13	268	0.00000
Rhodococcus sp. KRD162	2729725	S	248	21	269	0.00000
Rhodococcus sp. WAY2	2663121	S	228	62	290	0.00000
Rhodococcus sp. MTM3W5.2	1805827	S	224	16	240	0.00000
Rhodococcus sp. NJ-530	2490853	S	208	3029	3237	0.00002
Rhodococcus sp. RCBS9	3031999	S	193	1359	1552	0.00001
Rhodococcus sp. DN22	357684	S	193	1563	1756	0.00001
Rhodococcus sp. USK10	2789739	S	174	28	202	0.00000
Rhodococcus sp. JS3073	3002901	S	162	127	289	0.00000
Rhodococcus sp. SGAir0479	2567884	S	160	16	176	0.00000
Rhodococcus sp. X156	2499145	S	146	13	159	0.00000
Rhodococcus sp. ZPP	2749906	S	146	123	269	0.00000
Rhodococcus sp. K11/5	3683592	S	136	19	155	0.00000
Rhodococcus sp. SJ-3	3454628	S	134	356	490	0.00000
Rhodococcus sp. AQ5-07	2054902	S	130	273	403	0.00000
Rhodococcus sp. W8901	2742603	S	128	11	139	0.00000
Rhodococcus sp. LW-XY12	2856851	S	114	816	930	0.00001
Rhodococcus sp. 21391	2683591	S	101	261	362	0.00000
Rhodococcus sp. DMU1	2722825	S	90	181	271	0.00000
Rhodococcus sp. B7740	1564114	S	77	4	81	0.00000
Rhodococcus sp. P1Y	1302308	S	76	2	78	0.00000
Rhodococcus sp. WMMA185	679318	S	70	3	73	0.00000
Rhodococcus sp. H-CA8f	1727214	S	67	171	238	0.00000
Rhodococcus sp. JVH1	745408	S	64	50	114	0.00000
Rhodococcus sp. PBTS 1	1653478	S	58	54	112	0.00000
Rhodococcus sp. WB9	2594007	S	56	33	89	0.00000
Rhodococcus sp. RDE2	2885078	S	45	25	70	0.00000
Rhodococcus sp. T9N	627445	S	39	232	271	0.00000
Rhodococcus sp. AD45	103808	S	38	0	38	0.00000
Rhodococcus sp. 3-2	2890836	S	31	64	95	0.00000
Rhodococcus sp. USK13	2806442	S	22	3	25	0.00000
Rhodococcus sp. NBC_00294	2976004	S	22	17	39	0.00000
Rhodococcus sp. NBC_00297	2976005	S	16	12	28	0.00000
Rhodococcus sp. 2G	1570939	S	11	32	43	0.00000
Rhodococcus pyridinivorans	103816	S	615	1382	1997	0.00001
Rhodococcus opacus	37919	S	577	203	780	0.00001
Rhodococcus globerulus	33008	S	478	20	498	0.00000
Rhodococcus indonesiensis	3055869	S	152	26	178	0.00000
Rhodococcus koreensis	99653	S	150	17	167	0.00000
Rhodococcus pseudokoreensis	2811421	S	148	25	173	0.00000
Rhodococcus sacchari	2962047	S	115	9	124	0.00000
Rhodococcus rhodochrous	1829	S	111	119	230	0.00000
Rhodococcus sovatensis	1805840	S	109	3	112	0.00000
Rhodococcus antarcticus	2987751	S	96	5	101	0.00000
Rhodococcus coprophilus	38310	S	91	4	95	0.00000
Rhodococcus jostii	132919	S	81	110	191	0.00000
Rhodococcus triatomae	300028	S	80	6	86	0.00000
Rhodococcus ruber	1830	S	69	197	266	0.00000
Rhodococcus aetherivorans	191292	S	68	292	360	0.00000
Rhodococcus gordoniae	223392	S	53	7	60	0.00000
Nocardia sp. NBC_00511	2903591	S	333	24	357	0.00000
Nocardia sp. NBC_01503	2975997	S	316	16	332	0.00000
Nocardia sp. FBN12	3419766	S	307	58	365	0.00000
Nocardia sp. NBC_00416	2975991	S	242	16	258	0.00000
Nocardia sp. CA-107356	3239972	S	239	34	273	0.00000
Nocardia sp. CA-135398	3239977	S	236	64	300	0.00000
Nocardia sp. NBC_00565	2975993	S	229	26	255	0.00000
Nocardia sp. CA-128927	3239975	S	215	34	249	0.00000
Nocardia sp. CA-151230	3239982	S	209	24	233	0.00000
Nocardia sp. NBC_00508	2975992	S	187	19	206	0.00000
Nocardia sp. NBC_01377	2903595	S	176	6	182	0.00000
Nocardia sp. X0981	3473536	S	172	7	179	0.00000
Nocardia sp. CA-119907	3239973	S	163	109	272	0.00000
Nocardia sp. NBC_01499	2903597	S	157	24	181	0.00000
Nocardia sp. CA-120079	3239974	S	154	193	347	0.00000
Nocardia sp. NBC_01329	2903594	S	151	12	163	0.00000
Nocardia sp. CS682	1047172	S	137	20	157	0.00000
Nocardia sp. NBC_01730	2975998	S	132	21	153	0.00000
Nocardia sp. CA-084685	3239970	S	121	23	144	0.00000
Nocardia sp. NBC_00881	2975995	S	120	19	139	0.00000
Nocardia sp. CA-145437	3239980	S	119	110	229	0.00000
Nocardia sp. NBC_01388	2903596	S	114	51	165	0.00000
Nocardia sp. NBC_01327	2903593	S	100	44	144	0.00000
Nocardia sp. CA-136227	3239979	S	77	69	146	0.00000
Nocardia sp. NBC_00403	2975990	S	61	77	138	0.00000
Nocardia sp. PE-7	3058426	S	54	32	86	0.00000
Nocardia sp. CA-129566	3239976	S	54	36	90	0.00000
Nocardia sp. CA-135953	3239978	S	52	63	115	0.00000
Nocardia sp. IBHARD005	3457765	S	34	8	42	0.00000
Nocardia sp. NBC_01009	2975996	S	24	31	55	0.00000
Nocardia cyriacigeorgica	135487	S	779	159	938	0.00001
Nocardia asteroides	1824	S	765	105	870	0.00001
Nocardia brasiliensis	37326	S	716	236	952	0.00001
Nocardia otitidiscaviarum	1823	S	637	38	675	0.00000
Nocardia terpenica	455432	S	469	22	491	0.00000
Nocardia yamanashiensis	209247	S	430	28	458	0.00000
Nocardia farcinica	37329	S	399	110	509	0.00000
Nocardia huaxiensis	2755382	S	397	25	422	0.00000
Nocardia wallacei	480035	S	300	48	348	0.00000
Nocardia nova	37330	S	279	12	291	0.00000
Nocardia pseudovaccinii	189540	S	239	91	330	0.00000
Nocardia yunnanensis	2382165	S	238	19	257	0.00000
Nocardia salmonicida	53431	S	219	81	300	0.00000
Nocardia sputorum	2984338	S	216	21	237	0.00000
Nocardia seriolae	37332	S	209	21	230	0.00000
Nocardia mangyaensis	2213200	S	192	23	215	0.00000
Nocardia arthritidis	228602	S	176	6	182	0.00000
Nocardia testacea	248551	S	140	10	150	0.00000
Nocardia puris	208602	S	119	18	137	0.00000
Nocardia gipuzkoensis	2749991	S	93	18	111	0.00000
Nocardia iowensis	204891	S	92	25	117	0.00000
Nocardia vulneris	1141657	S	88	75	163	0.00000
Nocardia vinacea	96468	S	78	21	99	0.00000
Nocardia grenadensis	931537	S	61	4	65	0.00000
Nocardia suismassiliense	2077092	S	35	0	35	0.00000
Prescottella equi	43767	S	849	117	966	0.00001
Prescottella sp. R16	3064529	S	219	26	245	0.00000
Prescottella agglutinans	1644129	S	84	18	102	0.00000
Prescottella soli	1543852	S	78	17	95	0.00000
Rhodococcoides fascians	1828	S	401	59	460	0.00000
Rhodococcoides kroppenstedtii	293050	S	126	122	248	0.00000
Williamsia herbipolensis	1603258	S	140	5	145	0.00000
Mycobacterium canetti	78331	S	5150	202	5352	0.00004
Mycobacterium tuberculosis	1773	S	170	161	331	0.00000
Mycobacterium sp. JS623	212767	S	311	3	314	0.00000
Mycobacterium sp. MS1601	1936029	S	293	15	308	0.00000
Mycobacterium sp. HM-7	3475973	S	264	38	302	0.00000
Mycobacterium sp. SMC-16	3385967	S	245	375	620	0.00000
Mycobacterium sp. ITM-2016-00317	2099694	S	217	16	233	0.00000
Mycobacterium sp. C3-094	3568623	S	174	44	218	0.00000
Mycobacterium sp. Aquia_213	2991728	S	171	4	175	0.00000
Mycobacterium sp. NBC_00419	2975989	S	166	5	171	0.00000
Mycobacterium sp. BMJ-28	3567998	S	150	5	155	0.00000
Mycobacterium sp. ITM-2016-00318	2099693	S	133	2	135	0.00000
Mycobacterium sp. M23085	3378087	S	133	7	140	0.00000
Mycobacterium sp. MMS18-G62	3475974	S	121	2	123	0.00000
Mycobacterium sp. WMMD1722	3404117	S	118	3	121	0.00000
Mycobacterium sp. SMC-2	2857058	S	116	2	118	0.00000
Mycobacterium sp. HUMS_1102779	3383487	S	102	6	108	0.00000
Mycobacterium sp. IDR2000157661	2867005	S	95	5	100	0.00000
Mycobacterium sp. DL440	2675523	S	93	3	96	0.00000
Mycobacterium sp. 20KCMC460	2903536	S	88	575	663	0.00000
Mycobacterium sp. SMC-11	3385969	S	85	17	102	0.00000
Mycobacterium sp. PDNC021	3391399	S	82	5	87	0.00000
Mycobacterium sp. Aquia_216	2991729	S	80	1	81	0.00000
Mycobacterium sp. ITM-2016-00316	2099695	S	78	7	85	0.00000
Mycobacterium sp. SMC-8	2857060	S	74	24	98	0.00000
Mycobacterium sp. EPa45	1545728	S	69	3	72	0.00000
Mycobacterium sp. SMC-4	2857059	S	67	23	90	0.00000
Mycobacterium sp. SMC-14	3385968	S	65	5	70	0.00000
Mycobacterium sp. DL	3145017	S	60	5	65	0.00000
Mycobacterium sp. DL592	2675524	S	60	2	62	0.00000
Mycobacterium sp. AMU20-3851	3122055	S	58	3	61	0.00000
Mycobacterium sp. Dal123C01	3457577	S	19	0	19	0.00000
Mycobacterium sp. G7A2	3317307	S	11	25	36	0.00000
Mycobacterium florentinum	292462	S	277	16	293	0.00000
Mycobacterium kubicae	120959	S	176	18	194	0.00000
Mycobacterium shigaense	722731	S	153	4	157	0.00000
Mycobacterium stomatepiae	470076	S	150	6	156	0.00000
Mycobacterium saskatchewanense	220927	S	141	21	162	0.00000
Mycobacterium europaeum	761804	S	115	25	140	0.00000
Mycobacterium parmense	185642	S	96	7	103	0.00000
Mycobacterium simiae	1784	S	90	1	91	0.00000
Mycobacterium heidelbergense	53376	S	38	2	40	0.00000
Mycobacterium lentiflavum	141349	S	14	2	16	0.00000
Mycobacterium intracellulare	1767	S	179	495	674	0.00000
Mycobacterium avium	1764	S	178	36	214	0.00000
Mycobacterium mantenii	560555	S	100	3	103	0.00000
Mycobacterium colombiense	339268	S	89	5	94	0.00000
Mycobacterium marseillense	701042	S	89	17	106	0.00000
Mycobacterium senriense	2775496	S	41	4	45	0.00000
Mycobacterium paraintracellulare	1138383	S	10	152	162	0.00000
Mycobacterium dioxanotrophicus	482462	S	619	79	698	0.00001
Mycobacterium branderi	43348	S	386	10	396	0.00000
Mycobacterium paragordonae	1389713	S	335	18	353	0.00000
Mycobacterium spongiae	886343	S	271	1	272	0.00000
Mycobacterium marinum	1781	S	21	129	150	0.00000
Mycobacterium shottsii	133549	S	21	70	91	0.00000
Mycobacterium adipatum	1682113	S	193	53	246	0.00000
Mycobacterium paraterrae	577492	S	191	7	198	0.00000
Mycobacterium pumcae	3073562	S	173	2	175	0.00000
Mycobacterium kansasii	1768	S	169	4	173	0.00000
Mycobacterium camsae	3471837	S	150	3	153	0.00000
Mycobacterium cookii	1775	S	146	2	148	0.00000
Mycobacterium riyadhense	486698	S	135	0	135	0.00000
Mycobacterium basiliense	2094119	S	132	0	132	0.00000
Mycobacterium lacus	169765	S	126	0	126	0.00000
Mycobacterium noviomagense	459858	S	125	1	126	0.00000
Mycobacterium ostraviense	2738409	S	114	2	116	0.00000
Candidatus Mycobacterium wuenschmannii	3027808	S	108	2	110	0.00000
Mycobacterium gallinarum	39689	S	105	10	115	0.00000
Mycobacterium heckeshornense	110505	S	93	1	94	0.00000
Mycobacterium decipiens	1430326	S	92	0	92	0.00000
Mycobacterium xenopi	1789	S	91	3	94	0.00000
Mycobacterium hainanense	3289775	S	85	1	86	0.00000
Mycobacterium paraseoulense	590652	S	76	3	79	0.00000
Mycobacterium vicinigordonae	1719132	S	75	0	75	0.00000
Mycobacterium conspicuum	44010	S	72	2	74	0.00000
Mycobacterium shinjukuense	398694	S	58	1	59	0.00000
Mycobacterium haemophilum	29311	S	43	0	43	0.00000
Candidatus Mycobacterium methanotrophicum	2943498	S	38	0	38	0.00000
Mycobacterium seoulense	386911	S	35	1	36	0.00000
Mycobacterium malmoense	1780	S	32	1	33	0.00000
Mycobacterium lepromatosis	480418	S	19	0	19	0.00000
Mycobacterium leprae	1769	S	11	0	11	0.00000
Mycolicibacterium goodii	134601	S	1078	97	1175	0.00001
Mycolicibacterium holsaticum	152142	S	699	18	717	0.00001
Mycolicibacterium brumae	85968	S	628	77	705	0.00001
Mycolicibacterium sp. YH-1	2908837	S	182	14	196	0.00000
Mycolicibacterium sp. HS_4_1	3569258	S	83	96	179	0.00000
Mycolicibacterium sp. HK-90	3056937	S	71	10	81	0.00000
Mycolicibacterium sp. Dal123E01	3457578	S	64	9	73	0.00000
Mycolicibacterium sp. ND9-15	3042320	S	46	5	51	0.00000
Mycolicibacterium sp. SCSIO 43805	3378074	S	17	41	58	0.00000
Mycolicibacterium mageritense	53462	S	557	29	586	0.00000
Mycolicibacterium aubagnense	319707	S	426	48	474	0.00000
Mycolicibacterium phocaicum	319706	S	353	270	623	0.00000
Mycolicibacterium aurum	1791	S	336	8	344	0.00000
Mycolicibacterium rutilum	370526	S	330	35	365	0.00000
Mycolicibacterium septicum	98668	S	306	54	360	0.00000
Mycolicibacterium rufum	318424	S	303	62	365	0.00000
Mycolicibacterium thermoresistibile	1797	S	301	20	321	0.00000
Mycolicibacterium parafortuitum	39692	S	281	12	293	0.00000
Mycolicibacterium iranicum	912594	S	280	71	351	0.00000
Mycolicibacterium psychrotolerans	216929	S	275	135	410	0.00000
Mycolicibacterium neoaurum	1795	S	275	46	321	0.00000
Mycolicibacterium litorale	758802	S	272	27	299	0.00000
Mycolicibacterium gadium	1794	S	261	23	284	0.00000
Mycolicibacterium wolinskyi	59750	S	251	31	282	0.00000
Mycolicibacterium anyangense	1431246	S	249	9	258	0.00000
Mycolicibacterium fortuitum	1766	S	243	23	266	0.00000
Mycolicibacterium insubricum	444597	S	235	22	257	0.00000
Mycolicibacterium aichiense	1799	S	229	17	246	0.00000
Mycolicibacterium pulveris	36813	S	228	12	240	0.00000
Mycolicibacterium helvum	1534349	S	226	6	232	0.00000
Mycolicibacterium diernhoferi	1801	S	222	10	232	0.00000
[Mycobacterium] burgundiense	3064286	S	199	11	210	0.00000
Mycolicibacterium smegmatis	1772	S	198	19	217	0.00000
Mycolicibacterium frederiksbergense	117567	S	191	48	239	0.00000
Mycolicibacterium mengxianglii	2736649	S	182	3	185	0.00000
Mycolicibacterium gilvum	1804	S	178	65	243	0.00000
Mycobacterium antarcticum	3023370	S	175	3	178	0.00000
Mycolicibacterium duvalii	39688	S	166	12	178	0.00000
Mycolicibacterium moriokaense	39691	S	160	3	163	0.00000
Mycolicibacterium vaccae	1810	S	159	11	170	0.00000
Mycolicibacterium madagascariense	212765	S	157	4	161	0.00000
Mycolicibacterium mucogenicum	56689	S	143	26	169	0.00000
Mycolicibacterium chubuense	1800	S	137	89	226	0.00000
Mycolicibacterium celeriflavum	1249101	S	133	8	141	0.00000
Mycolicibacterium confluentis	28047	S	133	4	137	0.00000
Mycolicibacterium elephantis	81858	S	129	6	135	0.00000
Mycolicibacterium fluoranthenivorans	258505	S	123	4	127	0.00000
Mycolicibacterium arabiense	1286181	S	117	3	120	0.00000
Mycolicibacterium phlei	1771	S	114	10	124	0.00000
Mycolicibacterium sediminis	1286180	S	113	4	117	0.00000
Mycolicibacterium grossiae	1552759	S	98	40	138	0.00000
Mycolicibacterium hassiacum	46351	S	95	9	104	0.00000
Mycolicibacterium baixiangningiae	2761578	S	92	3	95	0.00000
Mycolicibacterium austroafricanum	39687	S	91	468	559	0.00000
Mycolicibacterium chitae	1792	S	90	9	99	0.00000
Mycolicibacterium nivoides	2487344	S	84	21	105	0.00000
Mycolicibacterium sarraceniae	1534348	S	78	2	80	0.00000
Mycolicibacterium boenickei	146017	S	77	6	83	0.00000
Mycolicibacterium fallax	1793	S	77	11	88	0.00000
Mycolicibacterium poriferae	39694	S	75	14	89	0.00000
Mycolicibacterium farcinogenes	1802	S	73	75	148	0.00000
Mycolicibacterium alvei	67081	S	72	6	78	0.00000
Mycolicibacterium tokaiense	39695	S	72	2	74	0.00000
Mycolicibacterium crocinum	388459	S	71	23	94	0.00000
Mycolicibacterium monacense	85693	S	59	9	68	0.00000
[Mycobacterium] holstebronense	3064288	S	55	6	61	0.00000
Mycolicibacterium rhodesiae	36814	S	50	5	55	0.00000
Mycolicibacterium senegalense	1796	S	43	73	116	0.00000
Mycolicibacterium doricum	126673	S	26	2	28	0.00000
Mycolicibacterium vanbaalenii	110539	S	24	312	336	0.00000
Mycolicibacterium pallens	370524	S	13	4	17	0.00000
Mycolicibacterium obuense	1807	S	10	235	245	0.00000
Mycobacteroides immunogenum	83262	S	459	44	503	0.00000
Mycobacteroides abscessus	36809	S	290	63	353	0.00000
Mycobacteroides chelonae	1774	S	234	122	356	0.00000
Mycobacteroides saopaulense	1578165	S	114	4	118	0.00000
Mycobacteroides salmoniphilum	404941	S	82	1	83	0.00000
Mycobacteroides stephanolepidis	1520670	S	25	2	27	0.00000
Mycolicibacter hiberniae	29314	S	264	21	285	0.00000
Mycolicibacter terrae	1788	S	228	25	253	0.00000
[Mycobacterium] kokjensenii	3064287	S	173	20	193	0.00000
Mycolicibacter heraklionensis	512402	S	122	66	188	0.00000
[Mycobacterium] wendilense	3064284	S	101	8	109	0.00000
Mycolicibacter minnesotensis	1118379	S	92	6	98	0.00000
Mycolicibacter virginiensis	1795032	S	63	46	109	0.00000
Mycolicibacter sinensis	875328	S	17	88	105	0.00000
Mycolicibacillus parakoreensis	1069221	S	273	23	296	0.00000
Mycolicibacillus koreensis	1069220	S	142	13	155	0.00000
Corynebacterium glyciniphilum	1404244	S	10232	327	10559	0.00008
Corynebacterium variabile	1727	S	6865	3251	10116	0.00007
Corynebacterium flavescens	28028	S	1307	109	1416	0.00001
Corynebacterium nuruki	1032851	S	1230	48	1278	0.00001
Corynebacterium terpenotabidum	89154	S	1067	55	1122	0.00001
Corynebacterium sp. SCR221107	3017361	S	290	44	334	0.00000
Corynebacterium sp. ZY180755	3480011	S	139	44	183	0.00000
Corynebacterium sp. S7	3469232	S	106	9	115	0.00000
Corynebacterium sp. sy039	2599641	S	56	1	57	0.00000
Corynebacterium sp. LaCa116	3391423	S	40	69	109	0.00000
Corynebacterium sp. CQ3829_602738	3569264	S	39	38	77	0.00000
Corynebacterium sp. P3-F1	3059080	S	17	12	29	0.00000
Corynebacterium sp. LaCa142	3391425	S	13	15	28	0.00000
Corynebacterium sp. LaCa54	3391428	S	11	139	150	0.00000
Corynebacterium sp. FDAARGOS 1242	2778078	S	11	7	18	0.00000
Corynebacterium provencense	1737425	S	833	33	866	0.00001
Corynebacterium appendicis	163202	S	688	95	783	0.00001
Corynebacterium jamesii	3383590	S	615	366	981	0.00001
Corynebacterium sphenisci	191493	S	313	20	333	0.00000
Corynebacterium falsenii	108486	S	261	110	371	0.00000
Corynebacterium matruchotii	43768	S	241	3	244	0.00000
Corynebacterium marinum	349751	S	239	53	292	0.00000
Corynebacterium tuberculostearicum	38304	S	232	175	407	0.00000
Corynebacterium occultum	2675219	S	222	6	228	0.00000
Corynebacterium marquesiae	2913503	S	212	147	359	0.00000
Corynebacterium aquilae	203263	S	164	5	169	0.00000
Corynebacterium comes	2675218	S	162	6	168	0.00000
Corynebacterium vitaeruminis	38305	S	157	11	168	0.00000
Corynebacterium lujinxingii	2763010	S	156	43	199	0.00000
Corynebacterium aurimucosum	169292	S	151	22	173	0.00000
Corynebacterium pseudodiphtheriticum	37637	S	148	25	173	0.00000
Corynebacterium breve	3049799	S	147	7	154	0.00000
Corynebacterium frankenforstense	1230998	S	147	7	154	0.00000
Corynebacterium suedekumii	3049801	S	146	15	161	0.00000
Corynebacterium uterequi	1072256	S	145	3	148	0.00000
Corynebacterium auriscanis	99807	S	135	26	161	0.00000
Corynebacterium uberis	2883169	S	132	2	134	0.00000
Corynebacterium atypicum	191610	S	129	37	166	0.00000
Corynebacterium liangguodongii	2079535	S	129	6	135	0.00000
Corynebacterium felinum	131318	S	128	4	132	0.00000
Corynebacterium ureicelerivorans	401472	S	125	41	166	0.00000
Corynebacterium halotolerans	225326	S	123	4	127	0.00000
Corynebacterium stationis	1705	S	120	8	128	0.00000
Corynebacterium qintianiae	2709392	S	116	5	121	0.00000
Corynebacterium xerosis	1725	S	115	25	140	0.00000
Corynebacterium guangdongense	1783348	S	111	2	113	0.00000
Corynebacterium silvaticum	2320431	S	108	16	124	0.00000
Corynebacterium urealyticum	43771	S	106	66	172	0.00000
Corynebacterium testudinoris	136857	S	106	12	118	0.00000
Corynebacterium freneyi	134034	S	105	12	117	0.00000
Corynebacterium lehmanniae	2913497	S	100	72	172	0.00000
Corynebacterium auris	44750	S	97	12	109	0.00000
Corynebacterium massiliense	441501	S	95	31	126	0.00000
Corynebacterium bovis	36808	S	93	3	96	0.00000
Corynebacterium doosanense	1121358	S	91	42	133	0.00000
Corynebacterium humireducens	1223514	S	91	4	95	0.00000
Corynebacterium propinquum	43769	S	88	15	103	0.00000
Corynebacterium mycetoides	38302	S	86	17	103	0.00000
Corynebacterium amycolatum	43765	S	85	193	278	0.00000
Corynebacterium lizhenjunii	2709394	S	85	2	87	0.00000
Corynebacterium hansenii	394964	S	85	5	90	0.00000
Corynebacterium callunae	1721	S	82	15	97	0.00000
Corynebacterium renale	1724	S	81	2	83	0.00000
Corynebacterium jeikeium	38289	S	81	121	202	0.00000
Corynebacterium endometrii	2488819	S	81	2	83	0.00000
Corynebacterium maris	575200	S	74	4	78	0.00000
Corynebacterium axilliensis	3383589	S	74	63	137	0.00000
Corynebacterium epidermidicanis	1050174	S	72	4	76	0.00000
Corynebacterium phocae	161895	S	70	1	71	0.00000
Corynebacterium diphtheriae	1717	S	70	1948	2018	0.00001
Corynebacterium yudongzhengii	2080740	S	70	1	71	0.00000
Corynebacterium simulans	146827	S	70	21	91	0.00000
Corynebacterium genitalium	38288	S	70	9	79	0.00000
Corynebacterium efficiens	152794	S	68	4	72	0.00000
Corynebacterium urogenitale	2487892	S	68	2	70	0.00000
Corynebacterium pyruviciproducens	598660	S	68	113	181	0.00000
Corynebacterium imitans	156978	S	66	13	79	0.00000
Corynebacterium rhinophilum	3050197	S	66	25	91	0.00000
Corynebacterium kutscheri	35755	S	66	3	69	0.00000
Corynebacterium macginleyi	38290	S	64	3	67	0.00000
Corynebacterium timonense	441500	S	62	7	69	0.00000
Corynebacterium incognitum	2754725	S	61	9	70	0.00000
Corynebacterium kalinowskii	2675216	S	61	2	63	0.00000
Corynebacterium ciconiae	227319	S	58	0	58	0.00000
Corynebacterium ihumii	1232427	S	57	51	108	0.00000
Corynebacterium riegelii	156976	S	56	14	70	0.00000
Corynebacterium singulare	161899	S	53	13	66	0.00000
Corynebacterium mayonis	3062461	S	53	1	54	0.00000
Corynebacterium glaucum	187491	S	52	5	57	0.00000
Corynebacterium hesseae	2913502	S	52	17	69	0.00000
Corynebacterium glutamicum	1718	S	51	171	222	0.00000
Corynebacterium deserti	1408191	S	51	9	60	0.00000
Corynebacterium argentoratense	42817	S	50	2	52	0.00000
Corynebacterium ammoniagenes	1697	S	49	3	52	0.00000
Corynebacterium pelargi	1471400	S	49	3	52	0.00000
Corynebacterium hindlerae	699041	S	46	1	47	0.00000
Corynebacterium kefirresidentii	1979527	S	46	312	358	0.00000
Corynebacterium capitovis	131081	S	44	0	44	0.00000
Corynebacterium casei	160386	S	44	78	122	0.00000
Corynebacterium atrinae	1336740	S	43	5	48	0.00000
Corynebacterium durum	61592	S	43	0	43	0.00000
Corynebacterium kroppenstedtii	161879	S	42	4	46	0.00000
Corynebacterium glucuronolyticum	39791	S	41	5	46	0.00000
Corynebacterium lactis	1231000	S	40	1	41	0.00000
Corynebacterium afermentans	38286	S	40	17	57	0.00000
Corynebacterium aquatimens	1190508	S	37	42	79	0.00000
Corynebacterium pseudotuberculosis	1719	S	37	1	38	0.00000
Corynebacterium accolens	38284	S	35	37	72	0.00000
Corynebacterium fournieri	1852390	S	35	4	39	0.00000
Corynebacterium heidelbergense	2055947	S	34	0	34	0.00000
Corynebacterium zhongnanshanii	2768834	S	34	0	34	0.00000
Corynebacterium choanae	1862358	S	33	0	33	0.00000
Corynebacterium striatum	43770	S	33	15	48	0.00000
Corynebacterium confusum	71254	S	32	14	46	0.00000
Corynebacterium hadale	2026255	S	31	43	74	0.00000
Corynebacterium canis	679663	S	29	0	29	0.00000
Corynebacterium faecale	1758466	S	27	8	35	0.00000
Corynebacterium jeddahense	1414719	S	26	19	45	0.00000
Corynebacterium cystitidis	35757	S	26	0	26	0.00000
Corynebacterium gottingense	2041036	S	25	18	43	0.00000
Corynebacterium caspium	234828	S	25	0	25	0.00000
Corynebacterium macclintockiae	2913501	S	24	15	39	0.00000
Corynebacterium resistens	258224	S	24	17	41	0.00000
Corynebacterium ulcerans	65058	S	23	7	30	0.00000
Corynebacterium dentalis	2014528	S	20	5	25	0.00000
Corynebacterium minutissimum	38301	S	18	4	22	0.00000
Corynebacterium coyleae	53374	S	17	3	20	0.00000
Corynebacterium anserum	2684406	S	13	0	13	0.00000
Corynebacterium mustelae	571915	S	13	0	13	0.00000
Corynebacterium suranareeae	2506452	S	13	1	14	0.00000
Corynebacterium gerontici	2079234	S	12	0	12	0.00000
Corynebacterium crudilactis	1652495	S	11	1	12	0.00000
Corynebacterium pseudopelargi	2080757	S	10	0	10	0.00000
Corynebacterium camporealensis	161896	S	10	0	10	0.00000
Corynebacterium belfantii	2014537	S	10	2	12	0.00000
Gordonia sp. NB41Y	875808	S	249	14	263	0.00000
Gordonia sp. SL306	2995145	S	158	4	162	0.00000
Gordonia sp. PP30	2935861	S	153	10	163	0.00000
Gordonia sp. X0973	2742602	S	152	16	168	0.00000
Gordonia sp. KTR9	337191	S	145	20	165	0.00000
Gordonia sp. w5E2	3075837	S	120	17	137	0.00000
Gordonia sp. L191	2982699	S	64	40	104	0.00000
Gordonia sp. PDNC005	2811424	S	54	2	56	0.00000
Gordonia sp. MP11Mi	3022769	S	46	1	47	0.00000
Gordonia sp. SMJS1	3039400	S	41	188	229	0.00000
Gordonia sp. WA4-43	2878678	S	36	154	190	0.00000
Gordonia polyisoprenivorans	84595	S	423	105	528	0.00000
Gordonia terrae	2055	S	304	31	335	0.00000
Gordonia insulae	2420509	S	303	16	319	0.00000
Gordonia amarae	36821	S	231	10	241	0.00000
Gordonia phthalatica	1136941	S	210	67	277	0.00000
Gordonia jinghuaiqii	2758710	S	150	7	157	0.00000
Gordonia rubripertincta	36822	S	141	52	193	0.00000
Gordonia mangrovi	2665643	S	120	4	124	0.00000
Gordonia iterans	1004901	S	113	15	128	0.00000
Gordonia pseudamarae	2831662	S	94	4	98	0.00000
Gordonia otitidis	249058	S	85	11	96	0.00000
Gordonia bronchialis	2054	S	75	10	85	0.00000
Gordonia hongkongensis	1701090	S	64	215	279	0.00000
Gordonia hydrophobica	40516	S	59	2	61	0.00000
Gordonia malaquae	410332	S	55	2	57	0.00000
Gordonia zhaorongruii	2597659	S	42	2	44	0.00000
Gordonia westfalica	158898	S	34	26	60	0.00000
Gordonia alkanivorans	84096	S	34	154	188	0.00000
Gordonia amicalis	89053	S	14	195	209	0.00000
Skermania pinensis	39122	S	204	4	208	0.00000
Dietzia sp. B32	2915130	S	403	264	667	0.00000
Dietzia sp. oral taxon 368	712270	S	142	238	380	0.00000
Dietzia sp. MNB45	3238800	S	34	257	291	0.00000
Dietzia psychralcaliphila	139021	S	525	91	616	0.00000
Dietzia kunjamensis	322509	S	259	442	701	0.00001
Dietzia lutea	546160	S	197	29	226	0.00000
Dietzia timorensis	499555	S	115	46	161	0.00000
Dietzia cinnamea	321318	S	108	131	239	0.00000
Tsukamurella paurometabola	2061	S	491	44	535	0.00000
Tsukamurella tyrosinosolvens	57704	S	212	40	252	0.00000
Tsukamurella pulmonis	47312	S	150	16	166	0.00000
Tsukamurella sp. PLM1	2929795	S	117	12	129	0.00000
Tomitella gaofuii	2760083	S	308	27	335	0.00000
Tomitella fengzijianii	2597660	S	57	6	63	0.00000
Segniliparus rotundus	286802	S	84	1	85	0.00000
Hoyosella subflava	639313	S	84	2	86	0.00000
Lawsonella clevelandensis	1528099	S	56	3	59	0.00000
Microbacterium sp. No. 7	1714373	S	1265	533	1798	0.00001
Microbacterium sp. Y-01	2048898	S	611	170	781	0.00001
Microbacterium sp. PA5	3416654	S	478	55	533	0.00000
Microbacterium sp. XT11	367477	S	453	60	513	0.00000
Microbacterium sp. LWH10-1.2	3135255	S	423	74	497	0.00000
Microbacterium sp. R86528	3093864	S	422	10	432	0.00000
Microbacterium sp. Clip185	3025663	S	418	45	463	0.00000
Microbacterium sp. LWO14-1.2	3135263	S	408	79	487	0.00000
Microbacterium sp. M	3377125	S	397	26	423	0.00000
Microbacterium sp. KUDC0406	2909588	S	390	38	428	0.00000
Microbacterium sp. AZCO	3142976	S	364	34	398	0.00000
Microbacterium sp. PMB16	3120157	S	347	30	377	0.00000
Microbacterium sp. 1S1	2606451	S	347	212	559	0.00000
Microbacterium sp. zg-Y818	3049072	S	339	39	378	0.00000
Microbacterium sp. NIBRBAC000506063	2734618	S	315	350	665	0.00000
Microbacterium sp. CJ88	3445672	S	314	67	381	0.00000
Microbacterium sp. JZ31	1906274	S	313	40	353	0.00000
Microbacterium sp. YJN-G	2763257	S	313	81	394	0.00000
Microbacterium sp. F51-2R	3445777	S	305	28	333	0.00000
Microbacterium sp. cx-55	2875948	S	303	19	322	0.00000
Microbacterium sp. 4R-513	2567934	S	292	27	319	0.00000
Microbacterium sp. zg-B96	3049069	S	292	19	311	0.00000
Microbacterium sp. LWH13-1.2	3135260	S	289	58	347	0.00000
Microbacterium sp. LWS13-1.2	3135264	S	283	25	308	0.00000
Microbacterium sp. 10M-3C3	2483401	S	268	40	308	0.00000
Microbacterium sp. ABRD28	2268461	S	259	17	276	0.00000
Microbacterium sp. nov. GSS16	3019890	S	259	106	365	0.00000
Microbacterium sp. E-13	3404048	S	246	22	268	0.00000
Microbacterium sp. HA-8	3234200	S	246	139	385	0.00000
Microbacterium sp. H1-D42	2925844	S	244	16	260	0.00000
Microbacterium sp. MM2322	3157631	S	243	154	397	0.00000
Microbacterium sp. zg-B185	3049070	S	240	11	251	0.00000
Microbacterium sp. SL75	2995140	S	205	34	239	0.00000
Microbacterium sp. LWH7-1.2	3135257	S	196	18	214	0.00000
Microbacterium sp. che218	3140649	S	193	26	219	0.00000
Microbacterium sp. LKL04	912630	S	192	47	239	0.00000
Microbacterium sp. Nx66	2766784	S	176	273	449	0.00000
Microbacterium sp. A8/3-1	3160749	S	151	78	229	0.00000
Microbacterium sp. PAMC21962	2861280	S	113	3432	3545	0.00003
Microbacterium sp. PM5	2014534	S	112	95	207	0.00000
Microbacterium sp. SGAir0570	2070348	S	105	179	284	0.00000
Microbacterium sp. CBA3102	2603598	S	89	216	305	0.00000
Microbacterium sp. BH-3-3-3	1906742	S	88	93	181	0.00000
Microbacterium sp. J1-1	2992441	S	86	90	176	0.00000
Microbacterium sp. RG1	2489212	S	84	24	108	0.00000
Microbacterium sp. PAMC22086	2861281	S	63	98	161	0.00000
Microbacterium sp. LWH11-1.2	3135258	S	60	202	262	0.00000
Microbacterium sp. LBN7	3129773	S	51	179	230	0.00000
Microbacterium sp. PAMC 28756	1795053	S	46	709	755	0.00001
Microbacterium sp. LWO13-1.2	3135262	S	44	218	262	0.00000
Microbacterium sp. JZ70	2937866	S	41	159	200	0.00000
Microbacterium sp. LTA6	3129771	S	40	205	245	0.00000
Microbacterium sp. BDGP8	3035531	S	39	109	148	0.00000
Microbacterium sp. JZ37	2654193	S	39	141	180	0.00000
Microbacterium sp. TPU 3598	1938334	S	35	139	174	0.00000
Microbacterium sp. SY138	3149040	S	32	226	258	0.00000
Microbacterium sp. As-52	3390503	S	30	260	290	0.00000
Microbacterium sp. CGR1	1696072	S	21	49	70	0.00000
Microbacterium sp. str. 'China'	2103230	S	19	58	77	0.00000
Microbacterium sp. WHRI 7836	3162563	S	17	58	75	0.00000
Microbacterium sp. 1.5R	1916917	S	17	46	63	0.00000
Microbacterium sp. JZ101	2937865	S	17	62	79	0.00000
Microbacterium sp. EF45047	2809708	S	10	102	112	0.00000
Microbacterium resistens	156977	S	4661	381	5042	0.00004
Microbacterium aurum	36805	S	2805	1251	4056	0.00003
Microbacterium lacticum	33885	S	1110	873	1983	0.00001
Microbacterium sufflavum	2851649	S	898	125	1023	0.00001
Microbacterium oxydans	82380	S	816	702	1518	0.00001
Microbacterium esteraromaticum	57043	S	774	75	849	0.00001
Microbacterium phyllosphaerae	124798	S	764	82	846	0.00001
Microbacterium testaceum	2033	S	733	94	827	0.00001
Microbacterium aerolatum	153731	S	634	169	803	0.00001
Microbacterium foliorum	104336	S	622	382	1004	0.00001
Microbacterium paulum	2707006	S	589	328	917	0.00001
Microbacterium hominis	162426	S	536	939	1475	0.00001
Microbacterium oleivorans	273677	S	458	47	505	0.00000
Microbacterium maritypicum	33918	S	423	327	750	0.00001
Microbacterium cremeum	2782169	S	398	36	434	0.00000
Microbacterium azadirachtae	582680	S	395	59	454	0.00000
Microbacterium abyssi	2782166	S	373	69	442	0.00000
Microbacterium rhizosphaerae	1678237	S	370	24	394	0.00000
Microbacterium sediminis	904291	S	365	177	542	0.00000
Microbacterium amylolyticum	936337	S	363	62	425	0.00000
Microbacterium galbinum	2851646	S	362	34	396	0.00000
Microbacterium atlanticum	2782168	S	342	35	377	0.00000
Microbacterium chionoecetis	3153754	S	330	30	360	0.00000
Microbacterium phosphatis	3140248	S	319	44	363	0.00000
Microbacterium protaetiae	2509458	S	315	64	379	0.00000
Microbacterium trichothecenolyticum	69370	S	304	29	333	0.00000
Microbacterium oryzae	743009	S	301	35	336	0.00000
Microbacterium gorillae	1231063	S	300	19	319	0.00000
Microbacterium suwonense	683047	S	300	59	359	0.00000
Microbacterium pygmaeum	370764	S	299	11	310	0.00000
Microbacterium betulae	2981139	S	292	24	316	0.00000
Microbacterium proteolyticum	1572644	S	266	114	380	0.00000
Microbacterium aurantiacum	162393	S	260	130	390	0.00000
Microbacterium albipurpureum	3050384	S	259	13	272	0.00000
Microbacterium aurugineum	2851642	S	258	270	528	0.00000
Microbacterium radiodurans	661398	S	251	28	279	0.00000
Microbacterium terricola	344163	S	240	25	265	0.00000
Microbacterium invictum	515415	S	237	18	255	0.00000
Microbacterium schleiferi	69362	S	233	113	346	0.00000
Microbacterium wangruii	3049073	S	228	25	253	0.00000
Microbacterium marinum	421115	S	224	111	335	0.00000
Microbacterium luteum	2782167	S	224	127	351	0.00000
Microbacterium horticulturae	3028316	S	221	27	248	0.00000
Microbacterium triticisoli	2962064	S	217	27	244	0.00000
Microbacterium lacus	415217	S	210	4	214	0.00000
Microbacterium lemovicicum	1072463	S	206	20	226	0.00000
Microbacterium terrisoli	3242192	S	206	9	215	0.00000
Microbacterium caowuchunii	2614638	S	202	17	219	0.00000
Microbacterium paraoxydans	199592	S	198	890	1088	0.00001
Microbacterium jiangjiandongii	3049071	S	198	23	221	0.00000
Microbacterium wangchenii	2541726	S	188	16	204	0.00000
Microbacterium limosum	3079935	S	182	44	226	0.00000
Microbacterium pratiae	3132291	S	179	24	203	0.00000
Microbacterium endophyticum	1526412	S	172	6	178	0.00000
Microbacterium elymi	2909587	S	164	11	175	0.00000
Microbacterium lushaniae	2614639	S	139	13	152	0.00000
Microbacterium arborescens	33883	S	132	16	148	0.00000
Microbacterium phoenicis	3132289	S	103	22	125	0.00000
Microbacterium forte	2982533	S	94	261	355	0.00000
Microbacterium luteolum	69367	S	90	46	136	0.00000
Microbacterium laevaniformans	36807	S	87	79	166	0.00000
Microbacterium meiriae (nom. nud.)	3041512	S	85	115	200	0.00000
Microbacterium natoriense	284570	S	79	64	143	0.00000
Microbacterium binotii	462710	S	75	19	94	0.00000
Microbacterium hydrocarbonoxydans	273678	S	63	47	110	0.00000
Microbacterium paludicola	300019	S	25	44	69	0.00000
Microbacterium plantarum	1816425	S	20	46	66	0.00000
Leucobacter muris	1935379	S	5661	2666	8327	0.00006
Leucobacter sp. HNU	3236805	S	1553	282	1835	0.00001
Leucobacter sp. Psy1	2875729	S	1037	96	1133	0.00001
Leucobacter sp. Z1108	3439066	S	844	530	1374	0.00001
Leucobacter sp. CX169	2813744	S	741	282	1023	0.00001
Leucobacter sp. W1153	3439064	S	734	491	1225	0.00001
Leucobacter luti	340320	S	2052	432	2484	0.00002
Leucobacter chromiireducens	283877	S	1548	177	1725	0.00001
Leucobacter triazinivorans	1784719	S	1417	388	1805	0.00001
Leucobacter allii	2932247	S	1270	260	1530	0.00001
Leucobacter tenebrionis	2873270	S	1211	228	1439	0.00001
Leucobacter aridicollis	283878	S	1183	474	1657	0.00001
Leucobacter rhizosphaerae	2932245	S	860	143	1003	0.00001
Leucobacter viscericola	2714935	S	761	55	816	0.00001
Leucobacter denitrificans	683042	S	755	172	927	0.00001
Leucobacter insecticola	2714934	S	604	36	640	0.00000
Leucobacter coleopterorum	2714933	S	509	36	545	0.00000
Agromyces sp. MMS24-JH15	3243765	S	5308	1125	6433	0.00005
Agromyces sp. LHK192	2498704	S	242	42	284	0.00000
Agromyces sp. MMS24-K17	3372850	S	208	51	259	0.00000
Agromyces sp. G08B096	3156399	S	187	37	224	0.00000
Agromyces endophyticus	2932244	S	384	76	460	0.00000
Agromyces protaetiae	2509455	S	322	51	373	0.00000
Agromyces silvae	3388266	S	262	33	295	0.00000
Agromyces soli	659012	S	252	55	307	0.00000
Agromyces aureus	453304	S	231	41	272	0.00000
Agromyces flavus	589382	S	217	38	255	0.00000
Agromyces badenianii	2080742	S	216	44	260	0.00000
Agromyces archimandritae	2781962	S	200	28	228	0.00000
Agromyces bauzanensis	1308924	S	197	26	223	0.00000
Agromyces mangrovi Wang et al. 2018	1858653	S	195	42	237	0.00000
Agromyces larvae	2929802	S	188	74	262	0.00000
Agromyces marinus	1389020	S	152	31	183	0.00000
Agromyces laixinhei	2585717	S	136	16	152	0.00000
Agromyces intestinalis	2592652	S	126	45	171	0.00000
Curtobacterium sp. DN_7.5	3049047	S	163	34	197	0.00000
Curtobacterium sp. SP.BCo	3435229	S	122	29	151	0.00000
Curtobacterium sp. MCPF17_002	2175645	S	122	20	142	0.00000
Curtobacterium sp. MCPF17_052	2175655	S	98	17	115	0.00000
Curtobacterium sp. RM9	3682726	S	92	21	113	0.00000
Curtobacterium sp. YC1	2795488	S	84	19	103	0.00000
Curtobacterium sp. BH-2-1-1	1905847	S	81	15	96	0.00000
Curtobacterium sp. L1-20	3138181	S	80	13	93	0.00000
Curtobacterium sp. MCSS17_015	2175666	S	75	15	90	0.00000
Curtobacterium sp. MCLR17_007	2175648	S	75	13	88	0.00000
Curtobacterium sp. MCSS17_007	2175646	S	71	19	90	0.00000
Curtobacterium sp. MCLR17_036	2175620	S	66	17	83	0.00000
Curtobacterium sp. 9128	1793722	S	60	51	111	0.00000
Curtobacterium sp. MCLR17_032	2175650	S	53	10	63	0.00000
Curtobacterium sp. MR_MD2014	1561023	S	49	14	63	0.00000
Curtobacterium sp. Csp2	2495430	S	46	138	184	0.00000
Curtobacterium sp. TXMA1	2876939	S	44	22	66	0.00000
Curtobacterium sp. MCSS17_016	2175644	S	41	86	127	0.00000
Curtobacterium sp. MCJR17_020	2175619	S	38	24	62	0.00000
Curtobacterium sp. 24E2	2804758	S	34	20	54	0.00000
Curtobacterium sp. Curtsp57	3243047	S	31	56	87	0.00000
Curtobacterium sp. 458	3050069	S	31	70	101	0.00000
Curtobacterium sp. MCJR17_043	2175660	S	29	42	71	0.00000
Curtobacterium sp. MCSS17_005	2175641	S	26	37	63	0.00000
Curtobacterium sp. MCPF17_050	2175664	S	25	37	62	0.00000
Curtobacterium sp. MCBA15_012	1898738	S	25	88	113	0.00000
Curtobacterium sp. L3-7	3138787	S	21	39	60	0.00000
Curtobacterium sp. MCBD17_003	2175667	S	20	53	73	0.00000
Curtobacterium sp. MCBD17_040	2175674	S	18	44	62	0.00000
Curtobacterium sp. TC1	2862880	S	16	11	27	0.00000
Curtobacterium sp. MCBA15_004	1898733	S	14	49	63	0.00000
Curtobacterium sp. MCLR17_054	2175632	S	14	43	57	0.00000
Curtobacterium sp. MCBD17_026	2175621	S	11	9	20	0.00000
Curtobacterium sp. C1	2898151	S	11	33	44	0.00000
Curtobacterium sp. MCBD17_035	2175673	S	10	39	49	0.00000
Curtobacterium flaccumfaciens	2035	S	362	506	868	0.00001
Curtobacterium aetherium	2841594	S	178	34	212	0.00000
Curtobacterium pomorum	3372858	S	51	33	84	0.00000
Curtobacterium poinsettiae	159612	S	12	39	51	0.00000
Leifsonia sp. McL0618	3415677	S	244	26	270	0.00000
Leifsonia sp. PS1209	2724914	S	241	38	279	0.00000
Leifsonia sp. WHRI 6310E	3162562	S	225	103	328	0.00000
Leifsonia sp. McL0608	3143537	S	219	24	243	0.00000
Leifsonia sp. 21MFCrub1.1	1798223	S	169	96	265	0.00000
Leifsonia sp. ZF2019	2781978	S	151	37	188	0.00000
Leifsonia sp. NPDC080035	3143936	S	128	32	160	0.00000
Leifsonia sp. McL0607	3415672	S	122	19	141	0.00000
Leifsonia sp. P73	3423959	S	115	379	494	0.00000
Leifsonia xyli	1575	S	556	109	665	0.00000
Leifsonia shinshuensis	150026	S	214	137	351	0.00000
Leifsonia poae	110933	S	126	10	136	0.00000
Agrococcus sp. SL85	2995141	S	145	50	195	0.00000
Agrococcus sp. Marseille-Q4369	2810513	S	140	32	172	0.00000
Agrococcus sp. SCSIO52902	2933290	S	137	56	193	0.00000
Agrococcus sp. SGAir0287	2070347	S	125	20	145	0.00000
Agrococcus beijingensis	3068634	S	553	337	890	0.00001
Agrococcus carbonis	684552	S	206	89	295	0.00000
Agrococcus phoenicis	3132259	S	193	36	229	0.00000
Agrococcus jejuensis	399736	S	191	33	224	0.00000
Agrococcus chionoecetis	3153752	S	151	19	170	0.00000
Agrococcus terreus	574649	S	128	63	191	0.00000
Rathayibacter sp. VKM Ac-2805	2609258	S	147	136	283	0.00000
Rathayibacter sp. VKM Ac-2760	2609253	S	110	29	139	0.00000
Rathayibacter sp. VKM Ac-2804	2609257	S	70	29	99	0.00000
Rathayibacter sp. VKM Ac-2762	2609254	S	56	49	105	0.00000
Rathayibacter sp. VKM Ac-2801	2609255	S	51	21	72	0.00000
Rathayibacter sp. VKM Ac-2759	2609252	S	22	48	70	0.00000
Rathayibacter tanaceti	1671680	S	269	36	305	0.00000
Rathayibacter soli	3144168	S	173	3	176	0.00000
Rathayibacter festucae	110937	S	133	69	202	0.00000
Rathayibacter rathayi	33887	S	112	12	124	0.00000
Rathayibacter iranicus	59737	S	109	7	116	0.00000
Rathayibacter oskolensis	1891671	S	80	194	274	0.00000
Rathayibacter tritici	33888	S	77	11	88	0.00000
Rathayibacter toxicus	145458	S	50	3	53	0.00000
Cryobacterium sp. SO2	1897060	S	301	50	351	0.00000
Cryobacterium sp. AP23	3465152	S	198	31	229	0.00000
Cryobacterium sp. 10S3	3048582	S	175	26	201	0.00000
Cryobacterium sp. LW097	1978566	S	150	21	171	0.00000
Cryobacterium sp. PAMC25264	2861288	S	150	51	201	0.00000
Cryobacterium sp. SO1	1897061	S	98	13	111	0.00000
Cryobacterium soli	2220095	S	194	61	255	0.00000
Cryobacterium breve	1259258	S	174	26	200	0.00000
Cryobacterium arcticum	670052	S	108	55	163	0.00000
Clavibacter sp. km1a	3459136	S	98	113	211	0.00000
Clavibacter sp. km3a	3459135	S	14	44	58	0.00000
Clavibacter tessellarius	31965	S	164	61	225	0.00000
Clavibacter michiganensis	28447	S	157	257	414	0.00000
Clavibacter phaseoli	1734031	S	141	68	209	0.00000
Clavibacter sepedonicus	31964	S	124	32	156	0.00000
Clavibacter californiensis	1401995	S	116	64	180	0.00000
Clavibacter nebraskensis	31963	S	90	38	128	0.00000
Clavibacter capsici	1874630	S	33	11	44	0.00000
Clavibacter zhangzhiyongii	2768071	S	25	25	50	0.00000
Clavibacter seminis	2860285	S	24	15	39	0.00000
Gulosibacter molinativorax	256821	S	1007	306	1313	0.00001
Gulosibacter sp. ACHW.36C	3434457	S	312	86	398	0.00000
Herbiconiux sp. UC225_62	3350168	S	337	31	368	0.00000
Herbiconiux sp. A18JL235	3152363	S	285	66	351	0.00000
Herbiconiux sp. L3-i23	2905871	S	157	24	181	0.00000
Herbiconiux salviae	3092664	S	414	78	492	0.00000
Microcella sp.	1913979	S	328	24	352	0.00000
Chryseoglobus sp. 28M-23	2772253	S	30	32	62	0.00000
Microcella humidisoli	2963406	S	190	22	212	0.00000
Microcella daejeonensis	2994971	S	139	29	168	0.00000
Microcella alkaliphila	279828	S	114	19	133	0.00000
Microcella indica	2750620	S	83	101	184	0.00000
Microcella flavibacter	1804990	S	63	28	91	0.00000
Salinibacterium sp. ZJ450	2708338	S	168	11	179	0.00000
Salinibacterium sp. dk2585	2603292	S	166	18	184	0.00000
Salinibacterium sp. UTAS2018	2508880	S	156	19	175	0.00000
Salinibacterium sp. NYA9b	3449824	S	123	20	143	0.00000
Salinibacterium sp. ZJ70	2708084	S	122	19	141	0.00000
Salinibacterium sp. M195	2583374	S	79	8	87	0.00000
Salinibacterium sp. TMP30	3138237	S	71	4	75	0.00000
Mycetocola sp. JXN-3	2116510	S	288	19	307	0.00000
Mycetocola spongiae	2859226	S	273	17	290	0.00000
Mycetocola zhujimingii	2079792	S	133	7	140	0.00000
Frigoribacterium sp. NBH87	2596916	S	247	56	303	0.00000
Frigoribacterium sp. 2-23	3415006	S	117	16	133	0.00000
Frigoribacterium sp. SL97	2994664	S	102	42	144	0.00000
Frigoribacterium sp. R86507	3093850	S	74	30	104	0.00000
Frondihabitans sp. PAMC 28766	1795630	S	252	18	270	0.00000
Frondihabitans sp. 762G35	1446794	S	168	24	192	0.00000
Frondihabitans sucicola	1268041	S	162	13	175	0.00000
Subtercola endophyticus	2895559	S	383	14	397	0.00000
Subtercola sp. PAMC28395	2846775	S	193	7	200	0.00000
Protaetiibacter intestinalis	2419774	S	238	72	310	0.00000
Protaetiibacter sp. SSC-01	2759943	S	149	38	187	0.00000
Protaetiibacter larvae	2592654	S	107	22	129	0.00000
Paramicrobacterium sp. CJ85	3445355	S	180	33	213	0.00000
Paramicrobacterium chengjingii	2769067	S	165	10	175	0.00000
Paramicrobacterium fandaimingii	2708079	S	137	13	150	0.00000
Plantibacter sp. RU18	3158143	S	186	11	197	0.00000
Plantibacter sp. PA-3-X8	2480625	S	38	57	95	0.00000
Plantibacter sp. M259	2583822	S	30	18	48	0.00000
Plantibacter sp. MPB07	3388853	S	18	26	44	0.00000
Plantibacter flavus	150123	S	68	54	122	0.00000
Microterricola viridarii	412690	S	427	51	478	0.00000
Rhodoluna lacicola	529884	S	145	5	150	0.00000
Rhodoluna limnophila	232537	S	46	15	61	0.00000
Candidatus Rhodoluna planktonica	535712	S	27	0	27	0.00000
Rhodoluna sp. KAS3	942880	S	13	7	20	0.00000
Candidatus Aquiluna sp. UB-MaderosW2red	1855377	S	32	0	32	0.00000
Aquiluna sp. Uisw_065	3230967	S	22	0	22	0.00000
Aquiluna sp. KACHI24	2968831	S	13	0	13	0.00000
Aquiluna borgnonia	2499157	S	13	0	13	0.00000
Humibacter ginsenosidimutans	2599293	S	254	66	320	0.00000
Aurantimicrobium photophilum	1987356	S	112	4	116	0.00000
Aurantimicrobium sp. INA4	2986279	S	52	17	69	0.00000
Aurantimicrobium minutum	708131	S	49	20	69	0.00000
Lacisediminihabitans sp. FW035	3470544	S	252	17	269	0.00000
Cnuibacter physcomitrellae	1619308	S	123	30	153	0.00000
Cnuibacter sp. UC19_7	3350166	S	108	25	133	0.00000
Orlajensenia flava	2565934	S	227	23	250	0.00000
Okibacterium fritillariae	123320	S	208	34	242	0.00000
Gryllotalpicola protaetiae	2419771	S	177	16	193	0.00000
Homoserinimonas hongtaonis	2079791	S	173	14	187	0.00000
Homoserinibacter sp. YIM 151385	2985506	S	167	26	193	0.00000
Marisediminicola antarctica	674079	S	159	10	169	0.00000
Humidisolicoccus flavus	3111414	S	145	7	152	0.00000
Glaciihabitans sp. INWT7	2596912	S	142	10	152	0.00000
Diaminobutyricimonas sp. LJ205	2683590	S	139	12	151	0.00000
Antiquaquibacter oligotrophicus	2880260	S	137	5	142	0.00000
Agreia sp. COWG	2773266	S	131	9	140	0.00000
Ruicaihuangia caeni	3042517	S	130	11	141	0.00000
Lysinibacter sp. HNR	3031408	S	128	2	130	0.00000
Naasia aerilata	1162966	S	81	7	88	0.00000
Pontimonas salivibrio	1159327	S	42	1	43	0.00000
Arthrobacter sp. ERGS1:01	1704044	S	421	35	456	0.00000
Arthrobacter sp. StoSoilB22	2830996	S	371	114	485	0.00000
Arthrobacter sp. R-11	3404053	S	264	31	295	0.00000
Arthrobacter sp. StoSoilB20	2830995	S	238	70	308	0.00000
Arthrobacter sp. FB24	290399	S	222	87	309	0.00000
Arthrobacter sp. ATA002	2991715	S	215	19	234	0.00000
Arthrobacter sp. Y-9	3039385	S	209	32	241	0.00000
Arthrobacter sp. CDRTa11	2651199	S	209	28	237	0.00000
Arthrobacter sp. Z4-13	2937817	S	192	44	236	0.00000
Arthrobacter sp. A5	576926	S	191	6	197	0.00000
Arthrobacter sp. N1	619291	S	188	11	199	0.00000
Arthrobacter sp. PAMC25564	2565366	S	178	27	205	0.00000
Arthrobacter sp. QXT-31	1357915	S	174	23	197	0.00000
Arthrobacter sp. NicSoilB8	2830998	S	166	24	190	0.00000
Arthrobacter sp. PAMC 25486	1494608	S	165	10	175	0.00000
Arthrobacter sp. U41	1849032	S	162	27	189	0.00000
Arthrobacter sp. zg-Y20	2886938	S	162	17	179	0.00000
Arthrobacter sp. KN11-1C	3445774	S	161	40	201	0.00000
Arthrobacter sp. Helios	2828862	S	151	11	162	0.00000
Arthrobacter sp. UKPF54-2	2600159	S	146	35	181	0.00000
Arthrobacter sp. R3-55	2937813	S	143	44	187	0.00000
Arthrobacter sp. UC242_113	3374550	S	138	37	175	0.00000
Arthrobacter sp. zg-Y820	2894192	S	137	19	156	0.00000
Arthrobacter sp. CJ23	2972479	S	135	21	156	0.00000
Arthrobacter sp. 24S4-2	2575374	S	131	17	148	0.00000
Arthrobacter sp. NEB 688	904039	S	121	43	164	0.00000
Arthrobacter sp. MPF02	3388492	S	117	15	132	0.00000
Arthrobacter sp. FW305-BF8	2879617	S	116	29	145	0.00000
Arthrobacter sp. KBS0702	2578107	S	112	27	139	0.00000
Arthrobacter sp. K5	2839623	S	110	22	132	0.00000
Arthrobacter sp. Z1-15	2937815	S	106	12	118	0.00000
Arthrobacter sp. D3-16	2937810	S	102	17	119	0.00000
Arthrobacter sp. D2-10	2937809	S	99	6	105	0.00000
Arthrobacter sp. NicSoilC5	2831000	S	99	71	170	0.00000
Arthrobacter sp. D1-29	2937808	S	97	14	111	0.00000
Arthrobacter sp. TMP15	3140789	S	95	5	100	0.00000
Arthrobacter sp. Hor0625	3457358	S	94	18	112	0.00000
Arthrobacter sp. NyZ413	3144669	S	94	7	101	0.00000
Arthrobacter sp. StoSoilB5	2830992	S	94	19	113	0.00000
Arthrobacter sp. R4-81	2937814	S	92	490	582	0.00000
Arthrobacter sp. Z1-9	2937816	S	89	22	111	0.00000
Arthrobacter sp. FW306-2-2C-D06B	2879618	S	86	21	107	0.00000
Arthrobacter sp. G.S.26	3433706	S	85	9	94	0.00000
Arthrobacter sp. PAMC25284	2861279	S	85	13	98	0.00000
Arthrobacter sp. 92	3418175	S	82	9	91	0.00000
Arthrobacter sp. JZ12	2654190	S	81	5	86	0.00000
Arthrobacter sp. zg-Y919	2894187	S	79	9	88	0.00000
Arthrobacter sp. FW306-04-A	2879619	S	73	11	84	0.00000
Arthrobacter sp. MMS18-M83	2996261	S	73	10	83	0.00000
Arthrobacter sp. PM3	2017685	S	70	5	75	0.00000
Arthrobacter sp. PGP41	2079227	S	65	23	88	0.00000
Arthrobacter sp. D1-17	2937807	S	65	7	72	0.00000
Arthrobacter sp. NicSoilB4	2830997	S	64	11	75	0.00000
Arthrobacter sp. zg-Y1110	2886932	S	53	13	66	0.00000
Arthrobacter sp. KNU40	3447965	S	50	11	61	0.00000
Arthrobacter sp. EM1	3043847	S	46	5	51	0.00000
Arthrobacter sp. YN	2020486	S	45	31	76	0.00000
Arthrobacter sp. NtRootA1	2830983	S	39	15	54	0.00000
Arthrobacter sp.	1667	S	32	16	48	0.00000
Arthrobacter sp. StoSoilB13	2830993	S	31	79	110	0.00000
Arthrobacter sp. AQ5-05	2184581	S	29	224	253	0.00000
Arthrobacter sp. zg-Y1171	2964610	S	29	9	38	0.00000
Arthrobacter sp. FW306-06-A	2879621	S	28	188	216	0.00000
Arthrobacter sp. NicSoilB11	2830999	S	24	226	250	0.00000
Arthrobacter sp. Rue61a	1118963	S	21	173	194	0.00000
Arthrobacter sp. YC-RL1	1652545	S	20	185	205	0.00000
Arthrobacter sp. D5-1	1477518	S	18	205	223	0.00000
Arthrobacter sp. YA7-1	2987701	S	18	4	22	0.00000
Arthrobacter alpinus	656366	S	668	599	1267	0.00001
Arthrobacter caoxuetaonis	2886935	S	577	53	630	0.00000
Arthrobacter sulfonylureivorans	2486855	S	304	17	321	0.00000
Arthrobacter zhangbolii	2886936	S	256	24	280	0.00000
Arthrobacter dokdonensis	2211210	S	253	11	264	0.00000
Arthrobacter agilis	37921	S	247	14	261	0.00000
Arthrobacter polaris	2813727	S	194	8	202	0.00000
Arthrobacter citreus	1670	S	175	26	201	0.00000
Arthrobacter globiformis	1665	S	164	32	196	0.00000
Arthrobacter humicola	409291	S	134	20	154	0.00000
Arthrobacter zhaoxinii	2964616	S	126	17	143	0.00000
Arthrobacter antioxidans	2895818	S	111	9	120	0.00000
Arthrobacter sunyaminii	2816859	S	97	12	109	0.00000
Arthrobacter luteolus	98672	S	92	15	107	0.00000
Arthrobacter woluwensis	156980	S	85	11	96	0.00000
Arthrobacter jiangjiafuii	2817475	S	80	9	89	0.00000
Arthrobacter koreensis	199136	S	61	6	67	0.00000
Arthrobacter nitrophenolicus	683150	S	52	11	63	0.00000
Arthrobacter oryzae	409290	S	48	6	54	0.00000
Arthrobacter jinronghuae	2964609	S	39	6	45	0.00000
Arthrobacter gengyunqii	2886940	S	22	3	25	0.00000
Pseudarthrobacter sp. P1	3418418	S	391	42	433	0.00000
Pseudarthrobacter sp. H2	3418415	S	169	32	201	0.00000
Pseudarthrobacter sp. L19	3423951	S	138	30	168	0.00000
Pseudarthrobacter sp. BIM B-2242	2772401	S	134	17	151	0.00000
Pseudarthrobacter sp. IC2-21	3092262	S	114	15	129	0.00000
Pseudarthrobacter sp. MM222	3018929	S	96	16	112	0.00000
Pseudarthrobacter sp. NS4	2973976	S	93	15	108	0.00000
Pseudarthrobacter sp. O4	3418417	S	84	20	104	0.00000
Pseudarthrobacter sp. 1G09	3416178	S	78	35	113	0.00000
Pseudarthrobacter sp. alpha12b	3448128	S	60	16	76	0.00000
Pseudarthrobacter sp. L1SW	2851598	S	58	14	72	0.00000
Pseudarthrobacter sp. WHRI 8279	3162566	S	54	37	91	0.00000
Pseudarthrobacter sp. NIBRBAC000502771	2590774	S	48	195	243	0.00000
Pseudarthrobacter sp. J47	3116482	S	46	24	70	0.00000
Pseudarthrobacter sp. N5	3418416	S	45	5	50	0.00000
Pseudarthrobacter sp. S9	3418421	S	39	9	48	0.00000
Pseudarthrobacter sp. NBSH8	2596911	S	37	16	53	0.00000
Pseudarthrobacter sp. NIBRBAC000502772	2590775	S	37	23	60	0.00000
Pseudarthrobacter sp. Y6	3418422	S	31	8	39	0.00000
Pseudarthrobacter sp. SSS035	2931399	S	26	21	47	0.00000
Pseudarthrobacter sp. NIBRBAC000502770	2590785	S	19	73	92	0.00000
Pseudarthrobacter defluvii	410837	S	207	256	463	0.00000
Pseudarthrobacter quantipunctorum	3128980	S	191	128	319	0.00000
Pseudarthrobacter phenanthrenivorans	361575	S	168	111	279	0.00000
Pseudarthrobacter equi	728066	S	48	19	67	0.00000
Pseudarthrobacter chlorophenolicus	85085	S	42	10	52	0.00000
Pseudarthrobacter oxydans	1671	S	40	15	55	0.00000
Pseudarthrobacter sulfonivorans	121292	S	34	33	67	0.00000
Kocuria rhizophila	72000	S	675	852	1527	0.00001
Kocuria palustris	71999	S	474	298	772	0.00001
Kocuria rosea	1275	S	438	45	483	0.00000
Kocuria sp. U4B	3681603	S	123	12	135	0.00000
Kocuria sp. TGY1127_2	2711328	S	46	16	62	0.00000
Kocuria sp. MNB10	3478406	S	36	41	77	0.00000
Kocuria sp. KD4	2719588	S	20	13	33	0.00000
Kocuria sp. KSNUG	3136676	S	20	19	39	0.00000
Kocuria sp. BT304	1702043	S	10	25	35	0.00000
Kocuria turfanensis	388357	S	265	36	301	0.00000
Kocuria flava	446860	S	136	46	182	0.00000
Kocuria varians	1272	S	60	34	94	0.00000
Glutamicibacter sp. 2E12	3416181	S	217	25	242	0.00000
Glutamicibacter sp. FR1	3393744	S	174	215	389	0.00000
Glutamicibacter sp. X7	3476832	S	127	143	270	0.00000
Glutamicibacter sp. M10	3023076	S	125	13	138	0.00000
Glutamicibacter sp. JL.03c	2984842	S	24	3	27	0.00000
Glutamicibacter arilaitensis	256701	S	567	205	772	0.00001
Glutamicibacter creatinolyticus	162496	S	401	28	429	0.00000
Glutamicibacter protophormiae	37930	S	300	125	425	0.00000
Glutamicibacter halophytocola	1933880	S	116	10	126	0.00000
Glutamicibacter ectropisis	3046593	S	80	9	89	0.00000
Glutamicibacter mishrai	1775880	S	69	11	80	0.00000
Glutamicibacter uratoxydans	43667	S	68	13	81	0.00000
Glutamicibacter bergerei	256702	S	52	4	56	0.00000
Glutamicibacter mysorens	257984	S	30	81	111	0.00000
Glutamicibacter endophyticus	1522174	S	14	16	30	0.00000
Glutamicibacter nicotianae	37929	S	12	40	52	0.00000
Glutamicibacter soli	453836	S	12	123	135	0.00000
Rothia nasimurium	85336	S	993	332	1325	0.00001
Rothia mucilaginosa	43675	S	583	53	636	0.00000
Rothia kristinae	37923	S	203	93	296	0.00000
Rothia dentocariosa	2047	S	153	17	170	0.00000
Rothia koreensis	592378	S	125	6	131	0.00000
Rothia sp. SD9660Na	3047030	S	68	4	72	0.00000
Rothia sp. ZJ932	2810516	S	44	2	46	0.00000
Rothia amarae	169480	S	46	45	91	0.00000
Rothia aeria	172042	S	39	3	42	0.00000
Rothia terrae	396015	S	21	20	41	0.00000
Rothia similmucilaginosa	3030211	S	20	2	22	0.00000
Micrococcus luteus	1270	S	630	1375	2005	0.00001
Micrococcus lylae	1273	S	128	22	150	0.00000
Micrococcus terreus	574650	S	119	31	150	0.00000
Micrococcus porci	2856555	S	104	36	140	0.00000
Micrococcus yunnanensis	566027	S	31	220	251	0.00000
Micrococcus antarcticus	86171	S	11	17	28	0.00000
Paenarthrobacter sp. JL.01a	2979324	S	178	28	206	0.00000
Paenarthrobacter sp. NyZ202	3402689	S	112	16	128	0.00000
Paenarthrobacter sp. S56	3138179	S	105	11	116	0.00000
Paenarthrobacter sp. GOM3	2782567	S	82	15	97	0.00000
Paenarthrobacter sp. C1	3400220	S	68	76	144	0.00000
Paenarthrobacter sp. TA1.8	3400219	S	38	23	61	0.00000
Paenarthrobacter sp. AT5	2973089	S	32	400	432	0.00000
Paenarthrobacter nitroguajacolicus	211146	S	267	85	352	0.00000
Paenarthrobacter ilicis	43665	S	115	21	136	0.00000
Paenarthrobacter ureafaciens	37931	S	109	222	331	0.00000
Paenarthrobacter aurescens	43663	S	56	132	188	0.00000
Paenarthrobacter nicotinovorans	29320	S	36	37	73	0.00000
Sinomonas sp. P47F7	3410987	S	274	8	282	0.00000
Sinomonas sp. R1AF57	2020377	S	44	29	73	0.00000
Sinomonas atrocyanea	37927	S	311	94	405	0.00000
Sinomonas cyclohexanicum	322009	S	172	10	182	0.00000
Sinomonas puerhi	3238584	S	107	5	112	0.00000
Sinomonas flava	496857	S	61	34	95	0.00000
Citricoccus sp. I39-566	3073268	S	170	83	253	0.00000
Citricoccus sp. SGAir0253	2567881	S	149	17	166	0.00000
Citricoccus sp. NR2	3004095	S	25	91	116	0.00000
Citricoccus nitrophenolicus	863575	S	53	8	61	0.00000
Citricoccus muralis	169134	S	33	85	118	0.00000
Crystallibacter crystallopoietes	37928	S	462	43	505	0.00000
Nesterenkonia sp. NBAIMH1	2600320	S	61	132	193	0.00000
Nesterenkonia pannonica	1548602	S	35	75	110	0.00000
Paeniglutamicibacter sp. Y32M11	2853258	S	238	20	258	0.00000
Zhihengliuella sp. ISTPL4	2058657	S	233	353	586	0.00000
Pseudoglutamicibacter albus	98671	S	135	186	321	0.00000
Psychromicrobium lacuslunae	1618207	S	130	3	133	0.00000
Auritidibacter ignavus	678932	S	37	87	124	0.00000
Neomicrococcus aestuarii	556325	S	93	13	106	0.00000
Renibacterium salmoninarum	1646	S	54	1	55	0.00000
Oerskovia sp. KBS0722	1179673	S	13420	2054	15474	0.00011
Cellulomonas sp. McL0617	3415675	S	396	50	446	0.00000
Cellulomonas sp. NTE-D12	2962632	S	340	44	384	0.00000
Cellulomonas sp. ATA003	3073064	S	338	51	389	0.00000
Cellulomonas sp. Y8	2591145	S	325	74	399	0.00000
Cellulomonas sp. S1-8	2904790	S	283	47	330	0.00000
Cellulomonas sp.	40001	S	233	28	261	0.00000
Cellulomonas sp. NS3	2973977	S	231	34	265	0.00000
Cellulomonas sp. JZ18	2654191	S	190	47	237	0.00000
Cellulomonas sp. C5510	2871170	S	186	88	274	0.00000
Cellulomonas sp. ES6	3039384	S	170	74	244	0.00000
Cellulomonas sp. H30R-01	2704467	S	166	65	231	0.00000
Cellulomonas sp. WB94	2173174	S	79	2	81	0.00000
Cellulomonas sp. CW35	3458249	S	55	237	292	0.00000
Cellulomonas sp. PSBB021	2003551	S	31	140	171	0.00000
Cellulomonas fimi	1708	S	609	251	860	0.00001
Cellulomonas hominis	156981	S	575	99	674	0.00000
Cellulomonas iranensis	76862	S	444	121	565	0.00000
Cellulomonas wangsupingiae	2968085	S	388	148	536	0.00000
Cellulomonas palmilytica	2608402	S	372	268	640	0.00000
Cellulomonas wangleii	2816956	S	349	150	499	0.00000
Cellulomonas taurus	2729175	S	316	53	369	0.00000
Cellulomonas dongxiuzhuiae	2819979	S	303	75	378	0.00000
Cellulomonas chengniuliangii	2968084	S	285	46	331	0.00000
Cellulomonas soli	931535	S	283	48	331	0.00000
Cellulomonas fengjieae	2819978	S	277	45	322	0.00000
Cellulomonas flavigena	1711	S	225	51	276	0.00000
Cellulomonas xiejunii	2968083	S	223	56	279	0.00000
Cellulomonas persica	76861	S	218	65	283	0.00000
Cellulomonas gilvus	11	S	201	59	260	0.00000
Cellulomonas shaoxiangyii	2566013	S	188	47	235	0.00000
Cellulomonas bogoriensis	301388	S	154	12	166	0.00000
Paraoerskovia sediminicola	1138587	S	381	43	424	0.00000
Paraoerskovia marina	545619	S	378	48	426	0.00000
Actinotalea sp. JY-7876	2758442	S	313	49	362	0.00000
Pseudactinotalea sp. HY158	2654547	S	192	7	199	0.00000
Cellulosimicrobium sp. PMB13	3120158	S	355	62	417	0.00000
Cellulosimicrobium sp. ES-005	3163031	S	322	82	404	0.00000
Cellulosimicrobium sp. So1_17	3683183	S	309	54	363	0.00000
Cellulosimicrobium sp. JZ28	1906273	S	210	301	511	0.00000
Cellulosimicrobium sp. E-16	3404049	S	204	65	269	0.00000
Cellulosimicrobium sp. TH-20	1980001	S	140	511	651	0.00000
Cellulosimicrobium sp. SJTW-1	3078082	S	120	358	478	0.00000
Cellulosimicrobium sp. 72-3	2731680	S	92	323	415	0.00000
Cellulosimicrobium cellulans	1710	S	924	750	1674	0.00001
Cellulosimicrobium protaetiae	2587808	S	228	50	278	0.00000
Isoptericola jiangsuensis	548579	S	2850	1099	3949	0.00003
Isoptericola halotolerans	300560	S	282	32	314	0.00000
Isoptericola sp. AK164	3024246	S	247	38	285	0.00000
Isoptericola variabilis	139208	S	209	60	269	0.00000
Isoptericola dokdonensis	372663	S	204	43	247	0.00000
Xylanimonas protaetiae	2509457	S	326	100	426	0.00000
Xylanimonas allomyrinae	2509459	S	316	58	374	0.00000
Xylanimonas sp. McL0601	3414739	S	257	45	302	0.00000
Xylanimonas cellulosilytica	186189	S	162	28	190	0.00000
Promicromonospora sp. MS192	3412684	S	246	47	293	0.00000
Promicromonospora sp. NFX87	3402691	S	231	41	272	0.00000
Promicromonospora sp. Populi	3239420	S	214	46	260	0.00000
Janibacter sp. G56	3418717	S	80	36	116	0.00000
Janibacter sp. GS2	3442646	S	67	3	70	0.00000
Janibacter sp. YB324	2761047	S	63	84	147	0.00000
Janibacter sp. DB-40	3028808	S	54	9	63	0.00000
Janibacter sp. CX7	2963431	S	47	72	119	0.00000
Janibacter sp. G349	3405424	S	13	21	34	0.00000
Janibacter indicus	857417	S	403	430	833	0.00001
Janibacter melonis	262209	S	205	33	238	0.00000
Janibacter limosus	53458	S	178	43	221	0.00000
Janibacter terrae	103817	S	118	46	164	0.00000
Janibacter alittae	3115209	S	116	6	122	0.00000
Janibacter cremeus	1285192	S	70	12	82	0.00000
Arsenicicoccus dermatophilus	1076331	S	303	36	339	0.00000
Arsenicicoccus sp. oral taxon 190	1658671	S	99	34	133	0.00000
Arsenicicoccus cauae	2663847	S	93	26	119	0.00000
Oryzobacter terrae	1620385	S	229	43	272	0.00000
Oryzobacter telluris	3149179	S	156	27	183	0.00000
Terrabacter sp. C0L_2	3108389	S	207	35	242	0.00000
Terrabacter sp. BE26	2898152	S	153	21	174	0.00000
Knoellia locipacati	882824	S	170	19	189	0.00000
Knoellia sp. S7-12	3126698	S	165	8	173	0.00000
Phycicoccus jejuensis	367299	S	162	95	257	0.00000
Phycicoccus endophyticus	1690220	S	99	10	109	0.00000
Phycicoccus sp. HDW14	2714941	S	71	13	84	0.00000
Pedococcus dokdonensis	443156	S	150	19	169	0.00000
Pedococcus sp. KACC 23699	3149228	S	147	18	165	0.00000
Humibacillus xanthopallidus	412689	S	122	12	134	0.00000
Nostocoides sp. HKS02	1813880	S	115	11	126	0.00000
Intrasporangium calvum	53358	S	97	7	104	0.00000
Brevibacterium sp. BRM-1	2999062	S	290	167	457	0.00000
Brevibacterium sp. GP-SGM9	3376990	S	229	3	232	0.00000
Brevibacterium sp. JSBI002	2886045	S	216	32	248	0.00000
Brevibacterium sp. CS2	2575923	S	126	54	180	0.00000
Brevibacterium sp. 'Marine'	2725563	S	113	57	170	0.00000
Brevibacterium sp. SMBL_HHYL_HB1	2777556	S	90	13	103	0.00000
Brevibacterium sp. K11IcPPYGO002	3058837	S	58	26	84	0.00000
Brevibacterium sp. BDJS002	3020906	S	44	97	141	0.00000
Brevibacterium sp. FAM 27836	3446693	S	43	41	84	0.00000
Brevibacterium sp. 1718	3413510	S	33	3	36	0.00000
Brevibacterium sp. K72	3390729	S	20	129	149	0.00000
Brevibacterium sp. LE-L	3418557	S	16	23	39	0.00000
Brevibacterium aurantiacum	273384	S	275	541	816	0.00001
Brevibacterium casei	33889	S	265	388	653	0.00000
Brevibacterium luteolum	199591	S	241	94	335	0.00000
Brevibacterium koreense	3140787	S	150	112	262	0.00000
Brevibacterium spongiae	2909672	S	144	12	156	0.00000
Brevibacterium sandarakinum	629680	S	142	12	154	0.00000
Brevibacterium linens	1703	S	86	23	109	0.00000
Brevibacterium atlanticum	2697563	S	64	2	66	0.00000
Brevibacterium siliguriense	1136497	S	63	2	65	0.00000
Brevibacterium pigmentatum	1496080	S	43	13	56	0.00000
Brevibacterium oceani	358099	S	37	1	38	0.00000
Brevibacterium limosum	2697565	S	30	4	34	0.00000
Brevibacterium zhoupengii	2898795	S	16	1	17	0.00000
Saxibacter everestensis	2909229	S	133	3	136	0.00000
Brachybacterium sp. UNK5269	3408576	S	399	56	455	0.00000
Brachybacterium sp. GU-2	3069708	S	246	344	590	0.00000
Brachybacterium sp. NBEC-018	2996004	S	200	239	439	0.00000
Brachybacterium sp. Z12	2759167	S	158	9	167	0.00000
Brachybacterium sp. P6-10-X1	1903186	S	130	6	136	0.00000
Brachybacterium sp. SGAir0954	2571029	S	97	39	136	0.00000
Brachybacterium sp. GPGPB12	3023517	S	49	42	91	0.00000
Brachybacterium saurashtrense	556288	S	240	21	261	0.00000
Brachybacterium kimchii	2942909	S	226	30	256	0.00000
Brachybacterium huguangmaarense	1652028	S	176	73	249	0.00000
Brachybacterium ginsengisoli	1331682	S	145	9	154	0.00000
Brachybacterium vulturis	2017484	S	140	8	148	0.00000
Brachybacterium rhamnosum	173361	S	137	143	280	0.00000
Brachybacterium avium	2017485	S	126	13	139	0.00000
Brachybacterium halotolerans	2795215	S	110	20	130	0.00000
Dermabacter vaginalis	1630135	S	115	114	229	0.00000
Dermabacter jinjuensis	1667168	S	20	65	85	0.00000
Dermabacter hominis	36740	S	17	61	78	0.00000
Devriesea agamarum	472569	S	204	6	210	0.00000
Helcobacillus massiliensis	521392	S	74	24	98	0.00000
Ornithinimicrobium faecis	2934158	S	316	24	340	0.00000
Ornithinimicrobium sufpigmenti	2508882	S	289	55	344	0.00000
Ornithinimicrobium sp. W1665	3416666	S	92	20	112	0.00000
Ornithinimicrobium sp. INDO-MA30-4	2908651	S	63	13	76	0.00000
Ornithinimicrobium sp. Y1847	3405419	S	41	8	49	0.00000
Ornithinimicrobium ciconiae	2594265	S	189	14	203	0.00000
Ornithinimicrobium cryptoxanthini	2934161	S	189	13	202	0.00000
Ornithinimicrobium pratense	2593973	S	104	11	115	0.00000
Ornithinimicrobium avium	2283195	S	79	7	86	0.00000
Ornithinimicrobium flavum	1288636	S	73	20	93	0.00000
Serinicoccus profundi	1078471	S	199	37	236	0.00000
Serinicoccus hydrothermalis	1758689	S	157	37	194	0.00000
Serinicoccus marinus	247333	S	91	21	112	0.00000
Serinicoccus chungangensis	767452	S	81	13	94	0.00000
Sanguibacter sp. HDW7	2714931	S	392	48	440	0.00000
Sanguibacter sp. Z1732	3435412	S	241	4	245	0.00000
Sanguibacter biliveldensis	3030830	S	395	75	470	0.00000
Sanguibacter keddieii	60920	S	383	86	469	0.00000
Ruania zhangjianzhongii	2603206	S	306	19	325	0.00000
Ruania halotolerans	2897773	S	258	21	279	0.00000
Ruania alkalisoli	2779775	S	181	15	196	0.00000
Ruania suaedae	2897774	S	121	11	132	0.00000
Occultella kanbiaonis	2675754	S	424	48	472	0.00000
Pengzhenrongella sicca	2819238	S	458	74	532	0.00000
Pengzhenrongella phosphoraccumulans	3114394	S	435	50	485	0.00000
Luteimicrobium xylanilyticum	1133546	S	275	42	317	0.00000
Timonella sp. A28	3442640	S	66	5	71	0.00000
Miniimonas sp. S16	2171623	S	591	375	966	0.00001
Beutenbergia cavernae	84757	S	419	31	450	0.00000
Barrientosiimonas humi	999931	S	24	159	183	0.00000
Barrientosiimonas endolithica	1535208	S	16	116	132	0.00000
Dermacoccus nishinomiyaensis	1274	S	142	41	183	0.00000
Dermacoccus sp. PAMC28757	2762331	S	104	26	130	0.00000
Luteipulveratus mongoliensis	571913	S	202	9	211	0.00000
Yimella sp. cx-51	2770551	S	117	7	124	0.00000
Allobranchiibius sp. GilTou73	2904523	S	99	5	104	0.00000
Demequina aurantiaca	676200	S	212	8	220	0.00000
Demequina capsici	3075620	S	195	20	215	0.00000
Demequina sediminis	1930058	S	163	50	213	0.00000
Demequina sp. TMPB413	2881056	S	104	8	112	0.00000
Gephyromycinifex aptenodytis	2716227	S	159	5	164	0.00000
Austwickia chelonae	100225	S	129	4	133	0.00000
Dermatophilus congolensis	1863	S	48	1	49	0.00000
Kytococcus sedentarius	1276	S	243	57	300	0.00000
Jonesia denitrificans	43674	S	31	3	34	0.00000
Streptomyces sp. NBC_00669	2976011	S	837	428	1265	0.00001
Streptomyces sp. LX-29	2900152	S	675	93	768	0.00001
Streptomyces sp. NBC_01190	2903767	S	485	44	529	0.00000
Streptomyces sp. NBC_01006	2903716	S	456	134	590	0.00000
Streptomyces sp. NBC_00582	2975783	S	422	67	489	0.00000
Streptomyces sp. NBC_00557	2975776	S	415	88	503	0.00000
Streptomyces sp. NA02950	2742137	S	403	41	444	0.00000
Streptomyces sp. NBC_01262	2903803	S	392	61	453	0.00000
Streptomyces sp. Z423-1	2730915	S	390	64	454	0.00000
Streptomyces sp. NBC_00239	2903640	S	387	74	461	0.00000
Streptomyces sp. R21	3238627	S	383	57	440	0.00000
Streptomyces sp. NBC_00370	2975728	S	378	35	413	0.00000
Streptomyces sp. NEAU-sy36	2751189	S	371	123	494	0.00000
Streptomyces sp. NBC_00536	2975769	S	369	52	421	0.00000
Streptomyces sp. WAC 01529	2203205	S	368	71	439	0.00000
Streptomyces sp. C1-1	3231173	S	354	76	430	0.00000
Streptomyces sp. cg40	3419764	S	351	72	423	0.00000
Streptomyces sp. Je 1-332	3231270	S	332	46	378	0.00000
Streptomyces sp. NBC_00690	2975808	S	326	22	348	0.00000
Streptomyces sp. A2-16	2781734	S	323	71	394	0.00000
Streptomyces sp. SirexAA-E	862751	S	319	61	380	0.00000
Streptomyces sp. CA-111067	3240046	S	317	32	349	0.00000
Streptomyces sp. Y1	3238634	S	316	99	415	0.00000
Streptomyces sp. Pv4-95	3049543	S	312	35	347	0.00000
Streptomyces sp. NBC_01198	2903769	S	306	38	344	0.00000
Streptomyces sp. NBC_01361	2903838	S	305	240	545	0.00000
Streptomyces sp. CB01881	2078691	S	303	95	398	0.00000
Streptomyces sp. HUAS TT11	3447508	S	295	20	315	0.00000
Streptomyces sp. NHF165	2175864	S	293	20	313	0.00000
Streptomyces sp. NBC_01788	2975940	S	292	42	334	0.00000
Streptomyces sp. NBC_01207	2903772	S	287	837	1124	0.00001
Streptomyces sp. SGAir0957	2109592	S	287	30	317	0.00000
Streptomyces sp. NBC_00996	2903710	S	285	43	328	0.00000
Streptomyces sp. NBC_00490	2903657	S	281	57	338	0.00000
Streptomyces sp. T12	477697	S	275	89	364	0.00000
Streptomyces sp. BB1-1-1	3074430	S	272	74	346	0.00000
Streptomyces sp. LZ34	3476642	S	270	34	304	0.00000
Streptomyces sp. NBC_01800	2975945	S	269	324	593	0.00000
Streptomyces sp. NBC_01276	2903808	S	266	65	331	0.00000
Streptomyces sp. L7	3423954	S	265	588	853	0.00001
Streptomyces sp. NBC_01268	2903806	S	261	46	307	0.00000
Streptomyces sp. NBC_01476	2903881	S	256	23	279	0.00000
Streptomyces sp. 11x1	3038642	S	254	53	307	0.00000
Streptomyces sp. BI20	3403460	S	254	31	285	0.00000
Streptomyces sp. CA-142005	3240052	S	250	50	300	0.00000
Streptomyces sp. NL15-2K	376149	S	248	29	277	0.00000
Streptomyces sp. NBC_00637	2903667	S	246	47	293	0.00000
Streptomyces sp. NBC_01237	2903790	S	242	32	274	0.00000
Streptomyces sp. Je 1-369	2966192	S	238	53	291	0.00000
Streptomyces sp. Go40/10	2825844	S	237	55	292	0.00000
Streptomyces sp. R44	3238633	S	236	71	307	0.00000
Streptomyces sp. NBC_01477	2976015	S	234	27	261	0.00000
Streptomyces sp. HUAS TT20	3447509	S	233	26	259	0.00000
Streptomyces sp. NBC_00258	2903642	S	226	62	288	0.00000
Streptomyces sp. CB09001	2083284	S	225	107	332	0.00000
Streptomyces sp. CMB-StM0423	2059884	S	225	68	293	0.00000
Streptomyces sp. WAC 01438	2203204	S	224	49	273	0.00000
Streptomyces sp. NBC_01314	2903821	S	224	46	270	0.00000
Streptomyces sp. FIT100	2837956	S	223	45	268	0.00000
Streptomyces sp. BYX5S	3679869	S	215	34	249	0.00000
Streptomyces sp. NBC_01341	2903831	S	213	43	256	0.00000
Streptomyces sp. NBC_01439	2903867	S	211	87	298	0.00000
Streptomyces sp. BPTC-684	3043734	S	210	81	291	0.00000
Streptomyces sp. NBC_01310	2903820	S	210	127	337	0.00000
Streptomyces sp. C11-1	3444503	S	209	53	262	0.00000
Streptomyces sp. NBC_01210	2903774	S	208	27	235	0.00000
Streptomyces sp. VNUA116	3062449	S	207	36	243	0.00000
Streptomyces sp. NBC_01235	2903788	S	207	42	249	0.00000
Streptomyces sp. R39	3238631	S	206	26	232	0.00000
Streptomyces sp. NBC_00829	2903679	S	205	23	228	0.00000
Streptomyces sp. 184	1827526	S	201	27	228	0.00000
Streptomyces sp. NBC_00158	2903627	S	200	45	245	0.00000
Streptomyces sp. NBC_00513	2975763	S	198	50	248	0.00000
Streptomyces sp. NBC_00234	2903638	S	198	32	230	0.00000
Streptomyces sp. NBC_01429	2903862	S	197	25	222	0.00000
Streptomyces sp. cg28	3403457	S	197	35	232	0.00000
Streptomyces sp. R-74717	2969820	S	196	92	288	0.00000
Streptomyces sp. NBC_00096	2975650	S	196	63	259	0.00000
Streptomyces sp. NBC_00028	2975624	S	194	42	236	0.00000
Streptomyces sp. P3	2135430	S	194	36	230	0.00000
Streptomyces sp. NBC_00435	2903649	S	194	49	243	0.00000
Streptomyces sp. WMMC500	3015154	S	193	24	217	0.00000
Streptomyces sp. R28	3238628	S	192	45	237	0.00000
Streptomyces sp. SAT1	1849967	S	190	32	222	0.00000
Streptomyces sp. NBC_01304	2903818	S	190	15	205	0.00000
Streptomyces sp. CG4	408783	S	189	40	229	0.00000
Streptomyces sp. LE64	3448653	S	189	25	214	0.00000
Streptomyces sp. Rer75	2750011	S	188	36	224	0.00000
Streptomyces sp. NBC_00287	2975702	S	187	28	215	0.00000
Streptomyces sp. NBC_01426	2975866	S	183	59	242	0.00000
Streptomyces sp. CY1	3388313	S	183	67	250	0.00000
Streptomyces sp. YIM 121038	2136401	S	182	26	208	0.00000
Streptomyces sp. ITFR-16	3075198	S	181	44	225	0.00000
Streptomyces sp. NBC_00631	2975793	S	180	24	204	0.00000
Streptomyces sp. BR1	1592323	S	179	31	210	0.00000
Streptomyces sp. NBC_00076	2975642	S	179	27	206	0.00000
Streptomyces sp. NBC_01353	2903835	S	179	28	207	0.00000
Streptomyces sp. NBC_01465	2903878	S	178	19	197	0.00000
Streptomyces sp. SX92	3158972	S	178	39	217	0.00000
Streptomyces sp. NBC_01431	2903863	S	177	22	199	0.00000
Streptomyces sp. NBC_00576	2903665	S	176	28	204	0.00000
Streptomyces sp. E-08	3404047	S	175	49	224	0.00000
Streptomyces sp. NBC_00259	2903643	S	171	24	195	0.00000
Streptomyces sp. WZ-12	3030210	S	171	20	191	0.00000
Streptomyces sp. NBC_01506	2903887	S	170	20	190	0.00000
Streptomyces sp. NBC_00525	2903660	S	169	34	203	0.00000
Streptomyces sp. NBC_00859	2903682	S	169	20	189	0.00000
Streptomyces sp. NBC_00289	2975703	S	168	21	189	0.00000
Streptomyces sp. NBC_01390	2903850	S	168	28	196	0.00000
Streptomyces sp. CA-294286	3240070	S	168	18	186	0.00000
Streptomyces sp. NBC_00696	2903672	S	167	161	328	0.00000
Streptomyces sp. NBC_00986	2903702	S	165	65	230	0.00000
Streptomyces sp. NBC_01518	2903891	S	164	83	247	0.00000
Streptomyces sp. NBC_01591	2975888	S	163	53	216	0.00000
Streptomyces sp. NBC_01255	2903798	S	160	40	200	0.00000
Streptomyces sp. 11-1-2	1851167	S	159	73	232	0.00000
Streptomyces sp. 71268	3002640	S	157	37	194	0.00000
Streptomyces sp. NBC_00400	2975737	S	156	37	193	0.00000
Streptomyces sp. 891-h	2720714	S	156	11	167	0.00000
Streptomyces sp. SCSIO ZS0520	2892996	S	155	17	172	0.00000
Streptomyces sp. C8S0	2585716	S	155	22	177	0.00000
Streptomyces sp. NBC_00691	2903671	S	153	41	194	0.00000
Streptomyces sp. HP-A2021	2927875	S	153	57	210	0.00000
Streptomyces sp. NBC_01537	2903896	S	153	24	177	0.00000
Streptomyces sp. NBC_00376	2975730	S	150	43	193	0.00000
Streptomyces sp. NBC_00704	2975809	S	149	28	177	0.00000
Streptomyces sp. NBC_00344	2975720	S	149	13	162	0.00000
Streptomyces sp. NBC_00316	2975710	S	149	28	177	0.00000
Streptomyces sp. DSM 118878	3425866	S	149	25	174	0.00000
Streptomyces sp. NBC_00683	2903670	S	148	35	183	0.00000
Streptomyces sp. Li-HN-5-11	3075432	S	147	20	167	0.00000
Streptomyces sp. SCSIO 30461	3118085	S	147	14	161	0.00000
Streptomyces sp. NBC_00989	2903705	S	144	44	188	0.00000
Streptomyces sp. NBC_01497	2903885	S	142	9	151	0.00000
Streptomyces sp. NBC_00448	2903652	S	141	69	210	0.00000
Streptomyces sp. FXJ1.172	710705	S	141	27	168	0.00000
Streptomyces sp. GS7	2692234	S	140	20	160	0.00000
Streptomyces sp. ACT015	3134807	S	140	24	164	0.00000
Streptomyces sp. NBC_00075	2975641	S	139	26	165	0.00000
Streptomyces sp. MST-110588	2833628	S	135	14	149	0.00000
Streptomyces sp. NBC_01622	2975903	S	134	26	160	0.00000
Streptomyces sp. cg36	3238798	S	134	22	156	0.00000
Streptomyces sp. SUK 48	2582831	S	134	44	178	0.00000
Streptomyces sp. NBC_01723	2975921	S	134	34	168	0.00000
Streptomyces sp. NBC_01715	2975916	S	133	6483	6616	0.00005
Streptomyces sp. NBC_00385	2975733	S	132	61	193	0.00000
Streptomyces sp. R41	3238632	S	132	25	157	0.00000
Streptomyces sp. NBC_01003	2903714	S	131	73	204	0.00000
Streptomyces sp. NBC_00670	2975804	S	130	23	153	0.00000
Streptomyces sp. NBC_00178	2975672	S	129	30	159	0.00000
Streptomyces sp. NBC_01224	2903783	S	128	46	174	0.00000
Streptomyces sp. JB150	2714844	S	126	26	152	0.00000
Streptomyces sp. BBFR51	3372856	S	125	30	155	0.00000
Streptomyces sp. A5-4	3384771	S	124	15	139	0.00000
Streptomyces sp. NBC_01803	2975946	S	124	8	132	0.00000
Streptomyces sp. NBC_01317	2903822	S	124	16	140	0.00000
Streptomyces sp. PCS3-D2	1460244	S	123	26	149	0.00000
Streptomyces sp. NBC_00663	2975801	S	123	27	150	0.00000
Streptomyces sp. NBC_00280	2975699	S	123	44	167	0.00000
Streptomyces sp. W1SF4	2305220	S	122	29	151	0.00000
Streptomyces sp. NBC_00015	2903611	S	119	80	199	0.00000
Streptomyces sp. NBC_01288	2903814	S	119	55	174	0.00000
Streptomyces sp. FZ201	3057122	S	119	22	141	0.00000
Streptomyces sp. NBC_00009	2975620	S	119	69	188	0.00000
Streptomyces sp. NBC_01485	2903884	S	118	21	139	0.00000
Streptomyces sp. NBC_00820	2975842	S	118	20	138	0.00000
Streptomyces sp. NBC_01089	2903747	S	118	17	135	0.00000
Streptomyces sp. NBC_00286	2975701	S	118	10	128	0.00000
Streptomyces sp. NBC_00872	2903686	S	118	10	128	0.00000
Streptomyces sp. NBC_00442	2903651	S	117	20	137	0.00000
Streptomyces sp. CA-146814	3240053	S	115	48	163	0.00000
Streptomyces sp. CdTB01	1725411	S	115	21	136	0.00000
Streptomyces sp. JNUCC 64	3467596	S	114	14	128	0.00000
Streptomyces sp. Qhu-G9	3452799	S	114	14	128	0.00000
Streptomyces sp. R-07	3404052	S	114	33	147	0.00000
Streptomyces sp. AM 4-1-1	3028710	S	113	14	127	0.00000
Streptomyces sp. RTd22	1841249	S	112	19	131	0.00000
Streptomyces sp. NBC_01478	2903882	S	112	25	137	0.00000
Streptomyces sp. NBC_01754	2975930	S	112	15	127	0.00000
Streptomyces sp. NBC_00425	2975740	S	112	27	139	0.00000
Streptomyces sp. NBC_01435	2903865	S	111	26	137	0.00000
Streptomyces sp. GMY02	1333528	S	111	9	120	0.00000
Streptomyces sp. SDT5-1	3406418	S	110	15	125	0.00000
Streptomyces sp. ITFR-6	3075197	S	109	39	148	0.00000
Streptomyces sp. EMB26	3390036	S	109	180	289	0.00000
Streptomyces sp. NBC_01725	2975923	S	108	127	235	0.00000
Streptomyces sp. NBC_01298	2903817	S	108	26	134	0.00000
Streptomyces sp. P1-3	3421658	S	107	19	126	0.00000
Streptomyces sp. NBC_00162	2903629	S	107	134	241	0.00000
Streptomyces sp. NBC_01283	2903812	S	107	15	122	0.00000
Streptomyces sp. NBC_00876	2975853	S	106	24	130	0.00000
Streptomyces sp. NBC_00019	2975623	S	105	20	125	0.00000
Streptomyces sp. NBC_01244	2903797	S	105	27	132	0.00000
Streptomyces sp. NBC_01334	2903827	S	104	56	160	0.00000
Streptomyces sp. VNUA24	3031131	S	104	40	144	0.00000
Streptomyces sp. BBFR2	3372854	S	104	17	121	0.00000
Streptomyces sp. LRE541	2931983	S	104	51	155	0.00000
Streptomyces sp. JL2001	3342488	S	103	19	122	0.00000
Streptomyces sp. NBC_00727	2903675	S	102	38	140	0.00000
Streptomyces sp. NBC_00887	2975859	S	102	21	123	0.00000
Streptomyces sp. CLCI03	3468841	S	102	96	198	0.00000
Streptomyces sp. f51	1827742	S	102	19	121	0.00000
Streptomyces sp. NBC_00212	2975684	S	101	20	121	0.00000
Streptomyces sp. NBC_01451	2903872	S	100	17	117	0.00000
Streptomyces sp. ST1015	1848900	S	100	15	115	0.00000
Streptomyces sp. GD-15H	3129112	S	99	14	113	0.00000
Streptomyces sp. HM190	2695266	S	98	16	114	0.00000
Streptomyces sp. HUAS TT7	3447507	S	97	17	114	0.00000
Streptomyces sp. NBC_01092	2903748	S	97	15	112	0.00000
Streptomyces sp. NBC_01483	2903883	S	97	71	168	0.00000
Streptomyces sp. YPW6	2840373	S	95	31	126	0.00000
Streptomyces sp. NBC_00250	2903641	S	95	27	122	0.00000
Streptomyces sp. DSM 40750	2801030	S	94	17	111	0.00000
Streptomyces sp. MUM 178J	2791991	S	94	12	106	0.00000
Streptomyces sp. NBC_00647	2975796	S	94	25	119	0.00000
Streptomyces sp. NBC_01012	2903717	S	94	14	108	0.00000
Streptomyces sp. NBC_00247	2975689	S	93	16	109	0.00000
Streptomyces sp. KMM 9044	2744474	S	93	18	111	0.00000
Streptomyces sp. NBC_01538	2903897	S	93	18	111	0.00000
Streptomyces sp. RerS4	2942449	S	93	17	110	0.00000
Streptomyces sp. NBC_00388	2975735	S	92	13	105	0.00000
Streptomyces sp. HUAS TT3	3447510	S	89	13	102	0.00000
Streptomyces sp. M92	2944250	S	89	24	113	0.00000
Streptomyces sp. QHH-9511	2684468	S	89	13	102	0.00000
Streptomyces sp. NBC_00838	2903680	S	88	18	106	0.00000
Streptomyces sp. TN58	234612	S	88	24	112	0.00000
Streptomyces sp. DSM 40868	2721173	S	88	124	212	0.00000
Streptomyces sp. NBC_00467	2975752	S	88	41	129	0.00000
Streptomyces sp. NBC_01178	2903762	S	87	24	111	0.00000
Streptomyces sp. S186	3434395	S	87	19	106	0.00000
Streptomyces sp. NBC_01176	2903760	S	87	21	108	0.00000
Streptomyces sp. NBC_00588	2975784	S	86	16	102	0.00000
Streptomyces sp. P9-2	3423201	S	85	61	146	0.00000
Streptomyces sp. MOE7	1961713	S	84	143	227	0.00000
Streptomyces sp. WAC 06738	2203210	S	84	48	132	0.00000
Streptomyces sp. NBC_01343	2903832	S	84	22	106	0.00000
Streptomyces sp. NBC_01013	2903718	S	83	17	100	0.00000
Streptomyces sp. CA-210063	2801029	S	81	17	98	0.00000
Streptomyces sp. NBC_01455	2903874	S	80	236	316	0.00000
Streptomyces sp. NBC_00645	2975795	S	79	24	103	0.00000
Streptomyces sp. NBC_00285	2975700	S	79	11	90	0.00000
Streptomyces sp. NBC_01808	2975947	S	78	30	108	0.00000
Streptomyces sp. SCSIO 75703	3112165	S	78	13	91	0.00000
Streptomyces sp. MBT27	1488356	S	78	149	227	0.00000
Streptomyces sp. P11-1	3423221	S	78	212	290	0.00000
Streptomyces sp. 147326	3074379	S	78	35	113	0.00000
Streptomyces sp. SS7	3108485	S	78	13	91	0.00000
Streptomyces sp. NBC_00390	2975736	S	78	8	86	0.00000
Streptomyces sp. HNM1019	3424717	S	77	14	91	0.00000
Streptomyces sp. JNUCC 63	3469805	S	77	11	88	0.00000
Streptomyces sp. NC-S4	3484032	S	77	39	116	0.00000
Streptomyces sp. NBC_01217	2903779	S	76	15	91	0.00000
Streptomyces sp. AHU1	3377215	S	76	12	88	0.00000
Streptomyces sp. NA04227	2742136	S	76	7	83	0.00000
Streptomyces sp. NBC_01022	2903723	S	76	48	124	0.00000
Streptomyces sp. NBC_01171	2903757	S	75	22	97	0.00000
Streptomyces sp. NBC_01294	2903815	S	74	49	123	0.00000
Streptomyces sp. fd1-xmd	1812480	S	72	26	98	0.00000
Streptomyces sp. NBC_01716	2975917	S	71	9	80	0.00000
Streptomyces sp. NBC_00335	2975714	S	70	22	92	0.00000
Streptomyces sp. NBC_00443	2975743	S	70	20	90	0.00000
Streptomyces sp. NBC_01498	2975870	S	69	8	77	0.00000
Streptomyces sp. NEAU-S7GS2	2202000	S	69	107	176	0.00000
Streptomyces sp. NBC_01236	2903789	S	69	130	199	0.00000
Streptomyces sp. Go-475	2072505	S	69	26	95	0.00000
Streptomyces sp. NBC_00191	2975674	S	69	35	104	0.00000
Streptomyces sp. NBC_01216	2903778	S	68	8	76	0.00000
Streptomyces sp. KL2	3050126	S	68	33	101	0.00000
Streptomyces sp. CG1	1287523	S	68	14	82	0.00000
Streptomyces sp. DSM 41931	3418367	S	68	71	139	0.00000
Streptomyces sp. BBFR102	3448171	S	67	19	86	0.00000
Streptomyces sp. NBC_00523	2975765	S	67	32	99	0.00000
Streptomyces sp. NBC_00236	2903639	S	66	23	89	0.00000
Streptomyces sp. NBC_00203	2975680	S	66	43	109	0.00000
Streptomyces sp. Tu 2975	2676871	S	65	11	76	0.00000
Streptomyces sp. NBC_01351	2903833	S	65	12	77	0.00000
Streptomyces sp. HUAS 31	3020055	S	63	45	108	0.00000
Streptomyces sp. NBC_01233	2903787	S	63	23	86	0.00000
Streptomyces sp. XD-27	3062779	S	62	12	74	0.00000
Streptomyces sp. MMBL 11-1	3026420	S	62	22	84	0.00000
Streptomyces sp. FR-008	206662	S	61	603	664	0.00000
Streptomyces sp. NBC_01450	2903871	S	60	35	95	0.00000
Streptomyces sp. HSG2	2797167	S	60	5	65	0.00000
Streptomyces sp. NBC_00090	2903619	S	59	13	72	0.00000
Streptomyces sp. TLI_053	1855352	S	58	47	105	0.00000
Streptomyces sp. NBC_00459	2975749	S	58	21	79	0.00000
Streptomyces sp. NBC_00354	2975723	S	57	34	91	0.00000
Streptomyces sp. NBC_00299	2975705	S	56	24	80	0.00000
Streptomyces sp. NBC_01335	2903828	S	56	10	66	0.00000
Streptomyces sp. S465	2979468	S	55	45	100	0.00000
Streptomyces sp. NBC_00988	2903704	S	55	22	77	0.00000
Streptomyces sp. DG1A-41	3125779	S	54	17	71	0.00000
Streptomyces sp. Qhu_M48	3435889	S	54	12	66	0.00000
Streptomyces sp. NBC_00648	2975797	S	53	67	120	0.00000
Streptomyces sp. R02	3238623	S	53	312	365	0.00000
Streptomyces sp. 2-1	412710	S	53	22	75	0.00000
Streptomyces sp. SudanB91_2054	3035278	S	52	287	339	0.00000
Streptomyces sp. R08	3238624	S	52	54	106	0.00000
Streptomyces sp. NBC_01116	2903752	S	51	26	77	0.00000
Streptomyces sp. V17-9	2831149	S	51	214	265	0.00000
Streptomyces sp. ARC14	2724152	S	51	110	161	0.00000
Streptomyces sp. NBC_01520	2903892	S	50	297	347	0.00000
Streptomyces sp. NBC_01471	2903879	S	50	7	57	0.00000
Streptomyces sp. NBC_00080	2975645	S	48	33	81	0.00000
Streptomyces sp. R35	3238630	S	48	47	95	0.00000
Streptomyces sp. NBC_01077	2903746	S	48	12	60	0.00000
Streptomyces sp. NBC_01201	2903770	S	48	697	745	0.00001
Streptomyces sp. NBC_01525	2903893	S	47	7	54	0.00000
Streptomyces sp. NBC_01166	2903755	S	47	8	55	0.00000
Streptomyces sp. NBC_00483	2975756	S	47	22	69	0.00000
Streptomyces sp. NBC_01618	2975900	S	47	16	63	0.00000
Streptomyces sp. 2323.1	1938841	S	46	19	65	0.00000
Streptomyces sp. NBC_00659	2903669	S	46	29	75	0.00000
Streptomyces sp. INR7	2607753	S	46	477	523	0.00000
Streptomyces sp. 3214.6	1882757	S	45	8	53	0.00000
Streptomyces sp. NBC_01320	2903824	S	45	17	62	0.00000
Streptomyces sp. NBC_01356	2903836	S	45	62	107	0.00000
Streptomyces sp. G9	1684483	S	45	51	96	0.00000
Streptomyces sp. NBC_01445	2903869	S	45	32	77	0.00000
Streptomyces sp. R33	3238629	S	45	14	59	0.00000
Streptomyces sp. NBC_00723	2903673	S	44	39	83	0.00000
Streptomyces sp. NBC_00151	2975669	S	44	31	75	0.00000
Streptomyces sp. NBC_01546	2975872	S	44	56	100	0.00000
Streptomyces sp. NBC_01102	2903749	S	43	218	261	0.00000
Streptomyces sp. TG1A-60	3129111	S	42	6	48	0.00000
Streptomyces sp. NBC_00726	2903674	S	41	16	57	0.00000
Streptomyces sp. Inha503	3383314	S	41	14	55	0.00000
Streptomyces sp. NBC_00879	2975855	S	40	54	94	0.00000
Streptomyces sp. NBC_00885	2975857	S	40	53	93	0.00000
Streptomyces sp. FXY-T5	3064901	S	40	13	53	0.00000
Streptomyces sp. NBC_01378	2903844	S	39	21	60	0.00000
Streptomyces sp. NBC_00414	2975739	S	38	5	43	0.00000
Streptomyces sp. NBC_00503	2903659	S	37	13	50	0.00000
Streptomyces sp. VB1	2986803	S	36	102	138	0.00000
Streptomyces sp. R11	3238625	S	36	11	47	0.00000
Streptomyces sp. WA6-1-16	2879427	S	36	53	89	0.00000
Streptomyces sp. Sge12	1972846	S	36	37	73	0.00000
Streptomyces sp. BBFR25	3372855	S	36	13	49	0.00000
Streptomyces sp. NBC_00243	2975688	S	36	82	118	0.00000
Streptomyces sp. NBC_01717	2975918	S	36	20	56	0.00000
Streptomyces sp. NBC_00445	2975745	S	35	80	115	0.00000
Streptomyces sp. NBC_00454	2975747	S	35	15	50	0.00000
Streptomyces sp. NBC_00464	2975751	S	35	26	61	0.00000
Streptomyces sp. QH1-20	3240934	S	35	21	56	0.00000
Streptomyces sp. SH5	3041765	S	34	20	54	0.00000
Streptomyces sp. NBC_01383	2903846	S	34	222	256	0.00000
Streptomyces sp. NBC_00029	2903613	S	34	115	149	0.00000
Streptomyces sp. QTS52	3477385	S	34	5	39	0.00000
Streptomyces sp. JL1001	3078227	S	33	49	82	0.00000
Streptomyces sp. H49	3444117	S	33	73	106	0.00000
Streptomyces sp. NBC_00562	2975777	S	33	679	712	0.00001
Streptomyces sp. RK9	3239284	S	32	14	46	0.00000
Streptomyces sp. SYP-A7185	3040076	S	32	49	81	0.00000
Streptomyces sp. NBC_00057	2975634	S	32	13	45	0.00000
Streptomyces sp. AgN23	1188315	S	32	221	253	0.00000
Streptomyces sp. S4.7	2705439	S	32	35	67	0.00000
Streptomyces sp. 3211	1964449	S	31	25	56	0.00000
Streptomyces sp. SAI-25	1472664	S	31	304	335	0.00000
Streptomyces sp. VNUA74	3062685	S	30	170	200	0.00000
Streptomyces sp. BBFR109	3448172	S	30	47	77	0.00000
Streptomyces sp. EAS-AB2608	2779671	S	30	354	384	0.00000
Streptomyces sp. SudanB25_2051	3035275	S	30	120	150	0.00000
Streptomyces sp. NBC_00649	2975798	S	30	396	426	0.00000
Streptomyces sp. Caat 7-52	2949637	S	29	5	34	0.00000
Streptomyces sp. NBC_00322	2975712	S	29	9	38	0.00000
Streptomyces sp. VN1	1821625	S	29	37	66	0.00000
Streptomyces sp. NBC_01410	2903856	S	29	14	43	0.00000
Streptomyces sp. NBC_01707	2975914	S	28	33	61	0.00000
Streptomyces sp. QTS137	3476641	S	28	6	34	0.00000
Streptomyces sp. NBC_00882	2975856	S	28	294	322	0.00000
Streptomyces sp. CL7	3096006	S	28	28	56	0.00000
Streptomyces sp. CC0208	2306165	S	28	1092	1120	0.00001
Streptomyces sp. GQFP	2907545	S	27	5	32	0.00000
Streptomyces sp. NBC_00827	2903677	S	27	129	156	0.00000
Streptomyces sp. NBC_01579	2975885	S	27	251	278	0.00000
Streptomyces sp. AM 2-1-1	3028709	S	27	85	112	0.00000
Streptomyces sp. CB09030	2913412	S	26	110	136	0.00000
Streptomyces sp. N50	3081765	S	26	11	37	0.00000
Streptomyces sp. NBC_01462	2903876	S	26	66	92	0.00000
Streptomyces sp. S584	3096010	S	25	43	68	0.00000
Streptomyces sp. HUAS CX7	3062782	S	25	243	268	0.00000
Streptomyces sp. YH02	3256999	S	24	13	37	0.00000
Streptomyces sp. NBC_01136	2903754	S	24	310	334	0.00000
Streptomyces sp. NBC_01515	2903890	S	23	13	36	0.00000
Streptomyces sp. ADI95-16	1522758	S	23	15	38	0.00000
Streptomyces sp. SYP-A7193	2662065	S	23	97	120	0.00000
Streptomyces sp. BRB040	3142634	S	22	46	68	0.00000
Streptomyces sp. NBC_00334	2975713	S	22	92	114	0.00000
Streptomyces sp. NBC_01460	2903875	S	22	150	172	0.00000
Streptomyces sp. P9-2B-2	3057114	S	21	114	135	0.00000
Streptomyces sp. NA02536	2742133	S	21	47	68	0.00000
Streptomyces sp. NBC_01352	2903834	S	21	53	74	0.00000
Streptomyces sp. NBC_00005	2903609	S	20	57	77	0.00000
Streptomyces sp. S063	2005885	S	20	11	31	0.00000
Streptomyces sp. AM 3-1-1	3028711	S	20	21	41	0.00000
Streptomyces sp. NBC_00035	2903614	S	20	47	67	0.00000
Streptomyces sp. CA-251247	3240062	S	20	32	52	0.00000
Streptomyces sp. NBC_00208	2975681	S	19	411	430	0.00000
Streptomyces sp. NBC_01615	2975898	S	19	34	53	0.00000
Streptomyces sp. NBC_00444	2975744	S	19	57	76	0.00000
Streptomyces sp. NBUA17	3062275	S	19	21	40	0.00000
Streptomyces sp. SM18	1736046	S	19	16	35	0.00000
Streptomyces sp. NBC_00841	2975847	S	19	8	27	0.00000
Streptomyces sp. NBC_00853	2903681	S	19	95	114	0.00000
Streptomyces sp. NBC_01511	2903889	S	19	88	107	0.00000
Streptomyces sp. NBC_01220	2903781	S	19	79	98	0.00000
Streptomyces sp. YS-B37	3407669	S	19	49	68	0.00000
Streptomyces sp. S8	1837283	S	18	11	29	0.00000
Streptomyces sp. XC 2026	2782004	S	18	19	37	0.00000
Streptomyces sp. 769	1262452	S	18	45	63	0.00000
Streptomyces sp. PBH53	1577075	S	18	19	37	0.00000
Streptomyces sp. NBC_01613	2975896	S	18	49	67	0.00000
Streptomyces sp. NBC_01428	2903861	S	18	58	76	0.00000
Streptomyces sp. EMB24	2835531	S	18	29	47	0.00000
Streptomyces sp. FW42	3395371	S	18	132	150	0.00000
Streptomyces sp. NBC_01614	2975897	S	18	58	76	0.00000
Streptomyces sp. NBC_00016	2975622	S	17	18	35	0.00000
Streptomyces sp. CNQ-509	444103	S	17	9	26	0.00000
Streptomyces sp. NBC_01601	2975892	S	17	41	58	0.00000
Streptomyces sp. CFMR 7	1649184	S	17	29	46	0.00000
Streptomyces sp. NBC_00728	2903676	S	17	55	72	0.00000
Streptomyces sp. NBC_01438	2903866	S	16	14	30	0.00000
Streptomyces sp. JH002	2763259	S	16	14	30	0.00000
Streptomyces sp. AMCC400023	2056258	S	16	9	25	0.00000
Streptomyces sp. So13.3	2136173	S	16	112	128	0.00000
Streptomyces sp. BBFR115	3448173	S	16	26	42	0.00000
Streptomyces sp. NBC_00304	2975706	S	15	50	65	0.00000
Streptomyces sp. NBC_00963	2903697	S	15	42	57	0.00000
Streptomyces sp. PVA_94-07	1225337	S	15	196	211	0.00000
Streptomyces sp. CB04723	2748873	S	15	58	73	0.00000
Streptomyces sp. NBC_00984	2903700	S	14	4	18	0.00000
Streptomyces sp. M2	646637	S	14	60	74	0.00000
Streptomyces sp. NBC_00341	2975717	S	14	48	62	0.00000
Streptomyces sp. NBC_00209	2975682	S	14	33	47	0.00000
Streptomyces sp. JUS-F4	2951988	S	14	48	62	0.00000
Streptomyces sp. KN37	3090667	S	14	70	84	0.00000
Streptomyces sp. Tue 6075	1661694	S	13	12	25	0.00000
Streptomyces sp. NBC_01558	2975878	S	13	57	70	0.00000
Streptomyces sp. SCPE 10	3449273	S	13	30	43	0.00000
Streptomyces sp. HF10	2692233	S	13	41	54	0.00000
Streptomyces sp. NBC_00122	2903623	S	13	190	203	0.00000
Streptomyces sp. NBC_01794	2975942	S	13	77	90	0.00000
Streptomyces sp. NBC_00104	2903621	S	13	214	227	0.00000
Streptomyces sp. NBC_00273	2903644	S	13	96	109	0.00000
Streptomyces sp. NBC_00358	2975725	S	13	48	61	0.00000
Streptomyces sp. SudanB5_2050	3035274	S	13	55	68	0.00000
Streptomyces sp. SJL17-4	2967224	S	12	6	18	0.00000
Streptomyces sp. NBC_01527	2903894	S	12	79	91	0.00000
Streptomyces sp. RPA4-5	2721245	S	12	64	76	0.00000
Streptomyces sp. NBC_00441	2975742	S	12	24	36	0.00000
Streptomyces sp. NBC_01257	2903799	S	12	36	48	0.00000
Streptomyces sp. NBC_00353	2975722	S	12	12	24	0.00000
Streptomyces sp. cg35	3421650	S	11	41	52	0.00000
Streptomyces sp. NBC_01260	2903801	S	11	69	80	0.00000
Streptomyces sp. NBC_01508	2903888	S	11	50	61	0.00000
Streptomyces sp. NBC_01104	2903750	S	11	34	45	0.00000
Streptomyces sp. NBC_00328	2903646	S	11	7	18	0.00000
Streptomyces sp. NBU3104	2911367	S	11	73	84	0.00000
Streptomyces sp. NBC_01174	2903758	S	10	55	65	0.00000
Streptomyces sp. CA-256286	2801033	S	10	72	82	0.00000
Streptomyces sp. ICC1	2099583	S	10	466	476	0.00000
Streptomyces sp. NBC_01766	2975936	S	10	73	83	0.00000
Streptomyces sp. RPA4-2	2721244	S	10	47	57	0.00000
Streptomyces sp. NBC_00343	2975719	S	10	30	40	0.00000
Streptomyces sp. NA13	2996051	S	10	69	79	0.00000
Streptomyces sp. P6-2-1	3422591	S	10	39	49	0.00000
Streptomyces sp. NBC_01423	2903860	S	10	43	53	0.00000
Streptomyces sp. enrichment culture	1795815	S	2970	3395	6365	0.00005
Streptomyces anulatus	1892	S	639	861	1500	0.00001
Streptomyces bacillaris	68179	S	510	1276	1786	0.00001
Streptomyces graminofaciens	68212	S	177	27	204	0.00000
Streptomyces halstedii	1944	S	158	81	239	0.00000
Streptomyces cyaneofuscatus	66883	S	241	145	386	0.00000
Streptomyces griseus	1911	S	134	119	253	0.00000
Streptomyces sp. M54	2759525	S	10	22	32	0.00000
Streptomyces microflavus	1919	S	94	150	244	0.00000
Streptomyces globisporus	1908	S	74	105	179	0.00000
Streptomyces argenteolus	67274	S	12	63	75	0.00000
Streptomyces canus	58343	S	563	301	864	0.00001
Streptomyces cadmiisoli	2184053	S	284	33	317	0.00000
Streptomyces qaidamensis	1783515	S	170	70	240	0.00000
Streptomyces aurantiacus	47760	S	124	13	137	0.00000
Streptomyces alboniger	132473	S	117	23	140	0.00000
Streptomyces pseudovenezuelae	67350	S	106	24	130	0.00000
Streptomyces koyangensis	188770	S	100	72	172	0.00000
Streptomyces griseoaurantiacus	68213	S	97	238	335	0.00000
Streptomyces tauricus	68274	S	94	45	139	0.00000
Streptomyces phaeoluteigriseus	114686	S	85	16	101	0.00000
Streptomyces malaysiensis	92644	S	352	67	419	0.00000
Streptomyces yatensis	155177	S	267	110	377	0.00000
Streptomyces hygroscopicus	1912	S	184	48	232	0.00000
Streptomyces rapamycinicus	1226757	S	180	49	229	0.00000
Streptomyces violaceusniger	68280	S	145	57	202	0.00000
Streptomyces iranensis	576784	S	89	25	114	0.00000
Streptomyces antimycoticus	68175	S	16	63	79	0.00000
Streptomyces zaomyceticus	68286	S	1051	219	1270	0.00001
Streptomyces venezuelae	54571	S	872	217	1089	0.00001
Streptomyces nigra	1827580	S	473	93	566	0.00000
Streptomyces hydrogenans	1873719	S	456	90	546	0.00000
Streptomyces boninensis	2039455	S	441	24	465	0.00000
Streptomyces buecherae	2763006	S	412	80	492	0.00000
Streptomyces ambofaciens	1889	S	409	98	507	0.00000
Streptomyces fradiae	1906	S	391	282	673	0.00000
Streptomyces albus	1888	S	378	68	446	0.00000
Streptomyces longwoodensis	68231	S	364	71	435	0.00000
Streptomyces phaeochromogenes	1923	S	361	122	483	0.00000
Streptomyces niveus	193462	S	356	58	414	0.00000
Streptomyces virginiae	1961	S	353	272	625	0.00000
Streptomyces angustmyceticus	285578	S	349	88	437	0.00000
Streptomyces xanthophaeus	67385	S	346	87	433	0.00000
Streptomyces platensis	58346	S	343	199	542	0.00000
Streptomyces lavendulae	1914	S	329	98	427	0.00000
Streptomyces sirii	3127701	S	321	55	376	0.00000
Streptomyces olivoreticuli	68246	S	317	47	364	0.00000
Streptomyces collinus	42684	S	312	118	430	0.00000
Streptomyces armeniacus	83291	S	307	15	322	0.00000
Streptomyces tsukubensis	83656	S	306	28	334	0.00000
Streptomyces griseochromogenes	68214	S	304	44	348	0.00000
Streptomyces xinghaiensis	1038928	S	303	41	344	0.00000
Streptomyces noursei	1971	S	294	96	390	0.00000
Streptomyces kanamyceticus	1967	S	294	104	398	0.00000
Streptomyces fagopyri	2662397	S	291	62	353	0.00000
Streptomyces albidoflavus	1886	S	281	2054	2335	0.00002
Streptomyces europaeiscabiei	146819	S	287	62	349	0.00000
Streptomyces tubercidicus	47759	S	285	73	358	0.00000
Streptomyces decoyicus	249567	S	283	152	435	0.00000
Streptomyces ficellus	1977088	S	281	52	333	0.00000
Streptomyces formicae	1616117	S	271	52	323	0.00000
Streptomyces marincola	2878388	S	270	39	309	0.00000
Streptomyces acidiscabies	42234	S	267	44	311	0.00000
Streptomyces rosealbus	225049	S	267	419	686	0.00000
Streptomyces griseoviridis	45398	S	261	43	304	0.00000
Streptomyces rubrogriseus	194673	S	202	150	352	0.00000
Streptomyces violaceoruber	1935	S	25	149	174	0.00000
Streptomyces anthocyanicus	68174	S	22	166	188	0.00000
Streptomyces scabiei	1930	S	252	237	489	0.00000
Streptomyces chartreusis	1969	S	252	234	486	0.00000
Streptomyces scopuliridis	452529	S	247	30	277	0.00000
Streptomyces griseorubiginosus	67304	S	245	54	299	0.00000
Streptomyces tritici	2054410	S	243	54	297	0.00000
Streptomyces luteireticuli	173858	S	243	32	275	0.00000
Streptomyces lydicus	47763	S	242	169	411	0.00000
Streptomyces ferrugineus	1413221	S	241	45	286	0.00000
Streptomyces alfalfae	1642299	S	237	42	279	0.00000
Streptomyces roseirectus	2768066	S	233	26	259	0.00000
Streptomyces qinzhouensis	2599401	S	232	24	256	0.00000
Streptomyces mobaraensis	35621	S	229	273	502	0.00000
Streptomyces rimosus	1927	S	228	23	251	0.00000
Streptomyces luteoverticillatus	66425	S	227	38	265	0.00000
Streptomyces yaanensis	1142239	S	227	39	266	0.00000
Streptomyces hundungensis	1077946	S	224	37	261	0.00000
Streptomyces calvus	67282	S	217	50	267	0.00000
Streptomyces viridosporus	67581	S	216	59	275	0.00000
Streptomyces leeuwenhoekii	1437453	S	211	89	300	0.00000
Streptomyces cinnabarinus	67287	S	210	44	254	0.00000
Streptomyces antibioticus	1890	S	207	38	245	0.00000
Streptomyces actuosus	1885	S	205	43	248	0.00000
Streptomyces longhuiensis	2880933	S	204	81	285	0.00000
Streptomyces lincolnensis	1915	S	203	39	242	0.00000
Streptomyces rochei	1928	S	197	1406	1603	0.00001
Streptomyces halobius	2879846	S	197	16	213	0.00000
Streptomyces deccanensis	424188	S	197	58	255	0.00000
Streptomyces sclerotialus	1957	S	196	22	218	0.00000
Streptomyces sanyensis	568869	S	192	27	219	0.00000
Streptomyces profundus	2867410	S	190	8	198	0.00000
Streptomyces katrae	68223	S	189	37	226	0.00000
Streptomyces erythrochromogenes	285574	S	187	67	254	0.00000
Streptomyces clavifer	68188	S	183	32	215	0.00000
Streptomyces uncialis	1048205	S	182	14	196	0.00000
Streptomyces durmitorensis	319947	S	176	23	199	0.00000
Streptomyces griseofuscus	146922	S	175	120	295	0.00000
Streptomyces avidinii	1895	S	175	68	243	0.00000
Streptomyces genisteinicus	2768068	S	174	27	201	0.00000
Streptomyces xanthii	2768069	S	170	26	196	0.00000
Streptomyces nodosus	40318	S	165	16	181	0.00000
Streptomyces yangpuensis	1648182	S	163	48	211	0.00000
Streptomyces citrinus	3118173	S	162	20	182	0.00000
Streptomyces spectabilis	68270	S	159	26	185	0.00000
Streptomyces spongiicola	1690221	S	159	23	182	0.00000
Streptomyces mirabilis	68239	S	157	398	555	0.00000
Streptomyces gobiensis	2875706	S	156	9	165	0.00000
Streptomyces pactum	68249	S	156	36	192	0.00000
Streptomyces brevispora	887462	S	149	34	183	0.00000
Streptomyces gilvosporeus	553510	S	149	18	167	0.00000
Streptomyces roseicoloratus	2508722	S	147	30	177	0.00000
Streptomyces coeruleorubidus	116188	S	146	48	194	0.00000
Streptomyces murinus	33900	S	146	410	556	0.00000
Streptomyces rectiverticillatus	173860	S	145	25	170	0.00000
Streptomyces thermoviolaceus	1952	S	139	23	162	0.00000
Streptoverticillium reticulum	1433415	S	138	19	157	0.00000
Streptomyces chengbuensis	3053466	S	138	20	158	0.00000
Streptomyces solicamelliae	3231716	S	138	29	167	0.00000
Streptomyces prasinus	67345	S	136	33	169	0.00000
Streptomyces capitiformicae	2014920	S	135	14	149	0.00000
Streptomyces gardneri	66892	S	135	45	180	0.00000
Streptomyces atratus	1893	S	134	50	184	0.00000
Streptomyces huangiella	3228804	S	133	15	148	0.00000
Streptomyces avermitilis	33903	S	133	20	153	0.00000
Streptomyces okerensis	3344655	S	133	22	155	0.00000
Streptomyces liangshanensis	2717324	S	131	20	151	0.00000
Streptomyces cyaneogriseus	68192	S	130	62	192	0.00000
Streptomyces aureoverticillatus	66871	S	128	17	145	0.00000
Streptomyces broussonetiae	2686304	S	128	22	150	0.00000
Streptomyces akebiae	2865673	S	126	31	157	0.00000
Streptomyces asoensis	249586	S	125	54	179	0.00000
Streptomyces roseochromogenus	285450	S	125	26	151	0.00000
Streptomyces pluripotens	1355015	S	124	11	135	0.00000
Streptomyces cynarae	2981134	S	123	15	138	0.00000
Streptomyces violaceus	1936	S	123	65	188	0.00000
Streptomyces phaeolivaceus	2653200	S	122	22	144	0.00000
Streptomyces cyaneochromogenes	2496836	S	122	23	145	0.00000
Streptomyces celluloflavus	58344	S	122	15	137	0.00000
Streptomyces fodineus	1904616	S	122	24	146	0.00000
Streptomyces davaonensis	348043	S	121	24	145	0.00000
Streptomyces kronopolitis	1612435	S	121	27	148	0.00000
Streptomyces paludis	2282738	S	117	13	130	0.00000
Streptomyces reniochalinae	2250578	S	116	12	128	0.00000
Streptomyces clavuligerus	1901	S	115	9	124	0.00000
Streptomyces dengpaensis	2049881	S	114	17	131	0.00000
Streptomyces netropsis	55404	S	113	44	157	0.00000
Streptomyces tanashiensis	67367	S	112	36	148	0.00000
Streptomyces bathyalis	2710756	S	111	6	117	0.00000
Streptomyces secundicynarae	3231715	S	110	14	124	0.00000
Streptomyces alboflavus	67267	S	108	38	146	0.00000
Streptomyces subrutilus	36818	S	107	23	130	0.00000
Streptomyces solicathayae	3081768	S	107	20	127	0.00000
Streptomyces tabacisoli	3156398	S	105	21	126	0.00000
Streptomyces albidicamelliae	2981135	S	105	20	125	0.00000
Streptomyces glaucescens	1907	S	105	22	127	0.00000
Streptomyces camelliae	3004093	S	104	19	123	0.00000
Streptomyces goshikiensis	1942	S	103	336	439	0.00000
Streptomyces griseocarneus	51201	S	103	17	120	0.00000
Streptomyces tendae	1932	S	101	24	125	0.00000
Streptomyces dangxiongensis	1442032	S	100	16	116	0.00000
Streptomyces flavofungini	68200	S	99	25	124	0.00000
Streptomyces phytohabitans	1150371	S	97	9	106	0.00000
Streptomyces seoulensis	73044	S	96	40	136	0.00000
Streptomyces finlayi	67296	S	95	19	114	0.00000
Streptomyces caniferus	285557	S	91	24	115	0.00000
Streptomyces cyanogenus	80860	S	91	21	112	0.00000
Streptomyces vietnamensis	362257	S	89	26	115	0.00000
Streptomyces coelicoflavus	285562	S	89	130	219	0.00000
Streptomyces hypolithicus	479410	S	88	13	101	0.00000
Streptomyces hebeiensis	229486	S	88	8	96	0.00000
Streptomyces stoeckheimensis	3344656	S	87	24	111	0.00000
Streptomyces vinaceus	1960	S	87	26	113	0.00000
Streptomyces iakyrus	68219	S	86	35	121	0.00000
Streptomyces liliifuscus	2797636	S	85	29	114	0.00000
Streptomyces nigrescens	1920	S	85	143	228	0.00000
Streptomyces eurythermus	42237	S	83	39	122	0.00000
Streptomyces mutabilis	67332	S	81	28	109	0.00000
Streptomyces pratensis	1169025	S	80	17	97	0.00000
Streptomyces vilmorinianum	3051092	S	78	16	94	0.00000
Streptomyces pristinaespiralis	38300	S	78	14	92	0.00000
Streptomyces caniscabiei	2746961	S	76	46	122	0.00000
Streptomyces castrisilvae	3033811	S	76	15	91	0.00000
Streptomyces aquilus	2548456	S	76	14	90	0.00000
Streptomyces incarnatus	665007	S	75	15	90	0.00000
Streptomyces sudanensis	436397	S	74	18	92	0.00000
Streptomyces inhibens	2293571	S	73	12	85	0.00000
Streptomyces nojiriensis	66374	S	72	46	118	0.00000
Streptomyces xiamenensis	408015	S	72	76	148	0.00000
Streptomyces tubbatahanensis	2923272	S	71	8	79	0.00000
Streptomyces auratus	114687	S	71	31	102	0.00000
Streptomyces nitrosporeus	28894	S	71	11	82	0.00000
Streptomyces peucetius	1950	S	69	9	78	0.00000
Streptomyces ipomoeae	103232	S	67	7	74	0.00000
Streptomyces luteogriseus	68233	S	66	24	90	0.00000
Streptomyces chromofuscus	42881	S	57	10	67	0.00000
Streptomyces flavusporus	3385496	S	57	8	65	0.00000
Streptomyces melanogenes	67326	S	56	17	73	0.00000
Streptomyces bobili	67280	S	56	118	174	0.00000
Streptomyces kordofanensis	2898276	S	53	12	65	0.00000
Streptomyces rubiginosohelvolus	67362	S	51	63	114	0.00000
Streptomyces tirandamycinicus	2174846	S	51	8	59	0.00000
Streptomyces harbinensis	1176198	S	51	73	124	0.00000
Streptomyces filamentosus	67294	S	51	63	114	0.00000
Streptomyces changanensis	2964669	S	49	8	57	0.00000
Streptomyces graminifolii	1266771	S	48	33	81	0.00000
Streptomyces parvulus	146923	S	48	143	191	0.00000
Streptomyces endophytica	2991496	S	47	24	71	0.00000
Streptomyces hirsutus	35620	S	47	135	182	0.00000
Streptomyces tuirus	68278	S	44	16	60	0.00000
Streptomyces liliiviolaceus	2823109	S	44	1	45	0.00000
Streptomyces californicus	67351	S	44	155	199	0.00000
Streptomyces lunaelactis	1535768	S	43	5	48	0.00000
Streptomyces drozdowiczii	202862	S	43	18	61	0.00000
Streptomyces hawaiiensis	67305	S	42	12	54	0.00000
Streptomyces achromogenes	67255	S	42	17	59	0.00000
Streptomyces argyrophylli	2726118	S	36	9	45	0.00000
Streptomyces purpurascens	1924	S	36	18	54	0.00000
Streptomyces prunicolor	67348	S	34	10	44	0.00000
Streptomyces althioticus	83380	S	33	70	103	0.00000
Streptomyces luomodiensis	3026192	S	30	24	54	0.00000
Streptomyces olivaceus	47716	S	30	304	334	0.00000
Streptomyces laculatispora	887464	S	29	29	58	0.00000
Streptomyces lividans	1916	S	28	993	1021	0.00001
Streptomyces lydicamycinicus	1546107	S	28	12	40	0.00000
Streptomyces zhihengii	1818004	S	28	0	28	0.00000
Streptomyces thermocarboxydus	59299	S	25	94	119	0.00000
Streptomyces yunnanensis	156453	S	23	68	91	0.00000
Streptomyces cavourensis	67258	S	19	104	123	0.00000
Streptomyces thermolineatus	44033	S	18	69	87	0.00000
Streptomyces spinosirectus	2906474	S	18	80	98	0.00000
Streptomyces poriferorum	2798799	S	13	56	69	0.00000
Streptomyces carpaticus	285558	S	13	26	39	0.00000
Streptomyces violarus	67380	S	12	10	22	0.00000
Streptomyces lusitanus	68232	S	11	138	149	0.00000
Kitasatospora sp. MMS16-BH015	2018025	S	372	65	437	0.00000
Kitasatospora sp. NBC_01539	2903577	S	289	45	334	0.00000
Kitasatospora sp. NBC_01560	2975965	S	270	76	346	0.00000
Kitasatospora sp. NA04385	2742135	S	257	98	355	0.00000
Kitasatospora sp. KL5	3425125	S	257	53	310	0.00000
Kitasatospora sp. CMC57	3231513	S	208	36	244	0.00000
Kitasatospora sp. NBC_01300	2903574	S	206	47	253	0.00000
Kitasatospora sp. NBC_01266	2903572	S	176	29	205	0.00000
Kitasatospora sp. CM 4170	3075627	S	170	89	259	0.00000
Kitasatospora sp. McL0602	3439530	S	165	28	193	0.00000
Kitasatospora sp. NBC_00458	2903568	S	159	50	209	0.00000
Kitasatospora sp. NBC_01246	2903570	S	153	38	191	0.00000
Kitasatospora sp. YST-16	2998080	S	149	66	215	0.00000
Kitasatospora sp. NBC_01250	2903571	S	129	633	762	0.00001
Kitasatospora sp. NBC_00374	2975964	S	122	21	143	0.00000
Kitasatospora sp. NBC_00070	2975962	S	113	17	130	0.00000
Kitasatospora sp. cg17-2	3477065	S	98	152	250	0.00000
Kitasatospora sp. NBC_00315	2975963	S	85	15	100	0.00000
Kitasatospora purpeofusca	67352	S	805	679	1484	0.00001
Kitasatospora albolonga	68173	S	680	522	1202	0.00001
Kitasatospora setae	2066	S	471	162	633	0.00000
Kitasatospora aureofaciens	1894	S	254	96	350	0.00000
Kitasatospora papulosa	1464011	S	218	120	338	0.00000
Kitasatospora cathayae	3004092	S	196	66	262	0.00000
Kitasatospora hibisci	3369522	S	179	80	259	0.00000
Kitasatospora herbaricolor	68217	S	158	35	193	0.00000
Kitasatospora griseola	2064	S	137	30	167	0.00000
Kitasatospora camelliae	3156397	S	120	26	146	0.00000
Kitasatospora fiedleri	2991545	S	93	38	131	0.00000
Actinacidiphila glaucinigra	235986	S	409	71	480	0.00000
Actinacidiphila sp. ITFR-21	3075199	S	362	51	413	0.00000
Actinacidiphila reveromycinica	659352	S	227	39	266	0.00000
Actinacidiphila bryophytorum	1436133	S	214	37	251	0.00000
Embleya sp. NBC_00888	2975960	S	471	29	500	0.00000
Embleya sp. MST-111070	3398231	S	299	22	321	0.00000
Embleya sp. NBC_00896	2975961	S	239	20	259	0.00000
Streptacidiphilus sp. PB12-B1b	2705012	S	283	62	345	0.00000
Streptacidiphilus sp. P02-A3a	2704468	S	264	43	307	0.00000
Streptacidiphilus sp. PAMC 29251	3479768	S	237	23	260	0.00000
Peterkaempfera bronchialis	2126346	S	323	53	376	0.00000
Peterkaempfera podocarpi	3232308	S	224	26	250	0.00000
Yinghuangia sp. ASG 101	2896848	S	219	14	233	0.00000
Streptantibioticus cattleyicolor	29303	S	123	17	140	0.00000
Carbonactinospora thermoautotrophica	1469144	S	142	9	151	0.00000
Cutibacterium acnes	1747	S	9566	1208	10774	0.00008
Cutibacterium granulosum	33011	S	185	28	213	0.00000
Cutibacterium avidum	33010	S	93	29	122	0.00000
Cutibacterium equinum	3016342	S	90	4	94	0.00000
Cutibacterium modestum	2559073	S	54	6	60	0.00000
Cutibacterium sp. V947	3446480	S	32	6	38	0.00000
Tessaracoccus sp. Z1128	3569181	S	133	26	159	0.00000
Tessaracoccus sp. Y1736	3569182	S	125	40	165	0.00000
Tessaracoccus sp. G1721	3569183	S	82	28	110	0.00000
Tessaracoccus sp. MC1865	2760310	S	64	22	86	0.00000
Tessaracoccus sp. Y36	3569370	S	47	52	99	0.00000
Tessaracoccus palaemonis	2829499	S	175	100	275	0.00000
Tessaracoccus defluvii	1285901	S	153	55	208	0.00000
Tessaracoccus lacteus	3041766	S	149	146	295	0.00000
Tessaracoccus aquimaris	1332264	S	94	30	124	0.00000
Tessaracoccus flavus	1610493	S	81	23	104	0.00000
Tessaracoccus flavescens	399497	S	49	22	71	0.00000
Propionibacterium freudenreichii	1744	S	722	417	1139	0.00001
Propionibacterium acidifaciens	556499	S	192	6	198	0.00000
Propionibacterium australiense	119981	S	119	2	121	0.00000
Microlunatus sp. Gsoil 973	2672569	S	228	2	230	0.00000
Microlunatus elymi	2596828	S	179	3	182	0.00000
Microlunatus phosphovorus	29405	S	157	13	170	0.00000
Microlunatus sagamiharensis	546874	S	136	12	148	0.00000
Microlunatus soli	630515	S	121	4	125	0.00000
Propioniciclava coleopterorum	2714937	S	268	180	448	0.00000
Propioniciclava sp. MC1595	2760308	S	145	49	194	0.00000
Propioniciclava soli	2775081	S	140	58	198	0.00000
Acidipropionibacterium acidipropionici	1748	S	210	78	288	0.00000
Acidipropionibacterium jensenii	1749	S	108	62	170	0.00000
Acidipropionibacterium virtanenii	2057246	S	49	3	52	0.00000
Raineyella sp. W15-4	3081651	S	102	25	127	0.00000
Raineyella sp. LH-20	3081204	S	80	23	103	0.00000
Raineyella fluvialis	2662261	S	81	6	87	0.00000
Auraticoccus monumenti	675864	S	216	15	231	0.00000
Propionimicrobium sp. PCR01-08-3	3052086	S	210	13	223	0.00000
Arachnia propionica	1750	S	158	5	163	0.00000
Arachnia rubra	1547448	S	48	0	48	0.00000
Luteococcus sp. OSA5	3401630	S	167	9	176	0.00000
Naumannella halotolerans	993414	S	139	35	174	0.00000
Ammonicoccus fulvus	3138240	S	135	88	223	0.00000
Brooklawnia propionicigenes	3041175	S	85	25	110	0.00000
Nocardioides sp. W7	2931390	S	421	51	472	0.00000
Nocardioides sp. NBC_00163	2975999	S	289	61	350	0.00000
Nocardioides sp. S5-5	3462280	S	236	42	278	0.00000
Nocardioides sp. HDW12B	2714939	S	194	28	222	0.00000
Nocardioides sp. NBC_00850	2976001	S	187	46	233	0.00000
Nocardioides sp. S5	2017486	S	181	107	288	0.00000
Nocardioides sp. R1-1	3383502	S	171	24	195	0.00000
Nocardioides sp. cx-173	2898796	S	159	20	179	0.00000
Nocardioides sp. N13(2025)	3453405	S	155	26	181	0.00000
Nocardioides sp. TF02-7	2917724	S	146	27	173	0.00000
Nocardioides sp. WS12	2486272	S	143	9	152	0.00000
Nocardioides sp. L-11A	3043848	S	143	23	166	0.00000
Nocardioides sp. B-3	2895565	S	140	6	146	0.00000
Nocardioides sp. JS614	196162	S	139	56	195	0.00000
Nocardioides sp. QY071	3044187	S	137	32	169	0.00000
Nocardioides sp. InS609-2	2760705	S	134	9	143	0.00000
Nocardioides sp. YJ-D4	3477063	S	130	23	153	0.00000
Nocardioides sp. Kera G14	2884264	S	120	8	128	0.00000
Nocardioides sp. zg-1228	2763008	S	120	21	141	0.00000
Nocardioides sp. NBC_00368	2976000	S	115	15	130	0.00000
Nocardioides sp. T5	3400182	S	115	17	132	0.00000
Nocardioides sp. WG-D5	3476640	S	93	14	107	0.00000
Nocardioides sp. JQ2195	2592334	S	92	5	97	0.00000
Nocardioides sp. Arc9.136	2996826	S	81	19	100	0.00000
Nocardioides sp. LMS-CY	2840457	S	79	11	90	0.00000
Nocardioides sp. CF8	110319	S	78	24	102	0.00000
Nocardioides sp. dk884	2662361	S	54	23	77	0.00000
Nocardioides mesophilus	433659	S	318	39	357	0.00000
Nocardioides faecalis	2803858	S	312	67	379	0.00000
Nocardioides humi	449461	S	299	62	361	0.00000
Nocardioides scoriae	642780	S	290	44	334	0.00000
Nocardioides ochotonae	2685869	S	260	120	380	0.00000
Nocardioides sambongensis	2589074	S	251	31	282	0.00000
Nocardioides anomalus	2712223	S	240	27	267	0.00000
Nocardioides zeae	1457234	S	214	21	235	0.00000
Nocardioides lacus	3036374	S	208	22	230	0.00000
Nocardioides aromaticivorans	200618	S	207	43	250	0.00000
Nocardioides aquaticus	160826	S	198	25	223	0.00000
Nocardioides rotundus	1774216	S	195	51	246	0.00000
Nocardioides marmotae	2663857	S	185	50	235	0.00000
Nocardioides marinisabuli	419476	S	175	44	219	0.00000
Nocardioides yefusunii	2500546	S	175	29	204	0.00000
Nocardioides bizhenqiangii	3095076	S	171	14	185	0.00000
Nocardioides dongxiaopingii	2576036	S	166	26	192	0.00000
Nocardioides panacisoli	627624	S	152	10	162	0.00000
Nocardioides cynanchi	2558918	S	150	10	160	0.00000
Nocardioides renjunii	3095075	S	144	25	169	0.00000
Nocardioides piscis	2714938	S	140	35	175	0.00000
Nocardioides euryhalodurans	2518370	S	137	17	154	0.00000
Nocardioides campestrisoli	2736757	S	131	20	151	0.00000
Nocardioides dongkuii	2760089	S	127	25	152	0.00000
Nocardioides dokdonensis	450734	S	123	28	151	0.00000
Nocardioides okcheonensis	2894081	S	110	24	134	0.00000
Nocardioides pantholopis	2483798	S	98	20	118	0.00000
Nocardioides houyundeii	2045452	S	98	12	110	0.00000
Nocardioides seonyuensis	2518371	S	92	10	102	0.00000
Nocardioides panacis	2849501	S	90	10	100	0.00000
Nocardioides coralli	2872154	S	76	8	84	0.00000
Nocardioides terrisoli	3388267	S	67	8	75	0.00000
Nocardioides daphniae	402297	S	66	16	82	0.00000
Nocardioides jishulii	2575440	S	64	10	74	0.00000
Nocardioides ungokensis	1643322	S	46	7	53	0.00000
Nocardioides baekrokdamisoli	1804624	S	40	1	41	0.00000
Aeromicrobium sp. Leaf245	1736306	S	243	29	272	0.00000
Aeromicrobium sp. CTD01-1L150	3341830	S	113	12	125	0.00000
Aeromicrobium sp. A1-2	2107713	S	110	5	115	0.00000
Aeromicrobium sp. HA	3009077	S	107	25	132	0.00000
Aeromicrobium sp. JP4	3683031	S	48	27	75	0.00000
Aeromicrobium duanguangcaii	2968086	S	204	83	287	0.00000
Aeromicrobium senzhongii	2663859	S	150	61	211	0.00000
Aeromicrobium erythreum	2041	S	137	15	152	0.00000
Aeromicrobium wangtongii	2969247	S	125	13	138	0.00000
Aeromicrobium marinum	219314	S	120	10	130	0.00000
Aeromicrobium yanjiei	2662028	S	118	14	132	0.00000
Aeromicrobium chenweiae	2079793	S	112	14	126	0.00000
Aeromicrobium choanae	1736691	S	42	13	55	0.00000
Pimelobacter simplex	2045	S	758	253	1011	0.00001
Micropruina glycogenica	75385	S	315	72	387	0.00000
Mumia sp. ZJ1417	2708082	S	187	15	202	0.00000
Mumia qirimensis	3234852	S	93	9	102	0.00000
Friedmanniella luteola	546871	S	141	13	154	0.00000
Solicola gregarius	2908642	S	134	7	141	0.00000
Kribbella sp. NBC_00662	2975969	S	466	87	553	0.00000
Kribbella sp. NBC_01505	2903580	S	410	30	440	0.00000
Kribbella sp. NBC_00889	2975974	S	399	31	430	0.00000
Kribbella sp. NBC_01245	2903578	S	357	22	379	0.00000
Kribbella sp. HUAS MG21	3160966	S	350	46	396	0.00000
Kribbella sp. CA-245084	3239940	S	272	38	310	0.00000
Kribbella sp. WER1	3479441	S	214	30	244	0.00000
Kribbella sp. GL6	3419765	S	194	28	222	0.00000
Kribbella sp. NBC_00482	2975968	S	186	20	206	0.00000
Kribbella sp. CA-247076	3239941	S	181	19	200	0.00000
Kribbella sp. NBC_00382	2975967	S	141	14	155	0.00000
Kribbella sp. CA-294648	3239948	S	138	14	152	0.00000
Kribbella sp. CA-253562	3239942	S	127	14	141	0.00000
Kribbella sp. NBC_00709	2975972	S	118	17	135	0.00000
Kribbella sp. CA-293567	3002436	S	107	11	118	0.00000
Kribbella sp. NBC_00359	2975966	S	81	38	119	0.00000
Kribbella sp. CWNU-51	3469793	S	35	19	54	0.00000
Kribbella sp. NBC_01484	2903579	S	27	74	101	0.00000
Kribbella sp. NBC_01510	2903581	S	26	70	96	0.00000
Kribbella qitaiheensis	1544730	S	305	24	329	0.00000
Kribbella flavida	182640	S	170	24	194	0.00000
Actinopolymorpha singaporensis	117157	S	326	11	337	0.00000
Verrucosispora sp. WMMD1129	3016093	S	274	54	328	0.00000
Micromonospora sp. NBC_01813	2975988	S	243	30	273	0.00000
Verrucosispora sp. TAA-831	3422227	S	221	47	268	0.00000
Verrucosispora sp. WMMA2044	3016419	S	210	82	292	0.00000
Verrucosispora sp. NA02020	2742132	S	205	40	245	0.00000
Micromonospora sp. NBC_01699	2975984	S	186	17	203	0.00000
Micromonospora sp. SH-82	3132938	S	167	13	180	0.00000
Micromonospora sp. NBC_00898	2975981	S	165	57	222	0.00000
Micromonospora sp. NBC_01740	2975986	S	158	52	210	0.00000
Micromonospora sp. NBC_01796	2975987	S	154	14	168	0.00000
Micromonospora sp. FIMYZ51	3051832	S	150	18	168	0.00000
Micromonospora sp. CA-244673	3239958	S	147	60	207	0.00000
Micromonospora sp. NBC_00617	2903587	S	138	36	174	0.00000
Micromonospora sp. HUAS YX12	3156396	S	136	123	259	0.00000
Micromonospora sp. LA-10	3446364	S	132	97	229	0.00000
Micromonospora sp. NBC_01412	2903590	S	131	47	178	0.00000
Micromonospora sp. WMMD987	3016089	S	126	81	207	0.00000
Micromonospora sp. NBC_01392	2903588	S	115	45	160	0.00000
Micromonospora sp. KLBMP9576	3424769	S	109	23	132	0.00000
Micromonospora sp. NBC_01739	2975985	S	105	14	119	0.00000
Micromonospora sp. B006	2201999	S	103	87	190	0.00000
Micromonospora sp. NBC_00389	2903586	S	101	165	266	0.00000
Verrucosispora sp. WMMC514	3015156	S	98	37	135	0.00000
Micromonospora sp. CA-246542	3239959	S	97	61	158	0.00000
Micromonospora sp. CA-249363	3239963	S	95	34	129	0.00000
Micromonospora sp. NBC_01405	2903589	S	91	66	157	0.00000
Micromonospora sp. CA-263727	3239967	S	87	12	99	0.00000
Micromonospora sp. WMMD712	3016096	S	83	159	242	0.00000
Micromonospora sp. WMMD882	3015151	S	81	13	94	0.00000
Micromonospora sp. WMMD812	3015152	S	77	13	90	0.00000
Micromonospora sp. CA-248260	3239962	S	76	28	104	0.00000
Micromonospora sp. NBC_00421	2975976	S	73	20	93	0.00000
Micromonospora sp. NBC_00821	2975977	S	70	38	108	0.00000
Micromonospora sp. RB23	3447559	S	70	26	96	0.00000
Micromonospora sp. DPT	3142975	S	67	49	116	0.00000
Micromonospora sp. WMMD1076	3016103	S	66	57	123	0.00000
Micromonospora sp. CA-240977	3239957	S	63	12	75	0.00000
Micromonospora sp. HUAS LYJ1	3061626	S	63	38	101	0.00000
Micromonospora sp. CA-248212	3239961	S	63	41	104	0.00000
Micromonospora sp. NBC_01638	2975982	S	61	21	82	0.00000
Micromonospora sp. SCSIO 07396	3469969	S	55	32	87	0.00000
Micromonospora sp. IBHARD004	3457764	S	53	23	76	0.00000
Micromonospora sp. WMMD729	3404127	S	50	17	67	0.00000
Micromonospora sp. WMMD1128	3015150	S	50	243	293	0.00000
Micromonospora sp. CA-269861	3239968	S	49	18	67	0.00000
Verrucosispora sp. WMMD573	3015149	S	48	9	57	0.00000
Micromonospora sp. CA-111912	3239955	S	47	33	80	0.00000
Micromonospora sp. HM134	2583243	S	45	36	81	0.00000
Micromonospora sp. WMMD708	3403464	S	44	30	74	0.00000
Micromonospora sp. IBSANI012	3457761	S	41	34	75	0.00000
Micromonospora sp. WMMA1976	3014995	S	37	33	70	0.00000
Micromonospora sp. NBC_00858	2975979	S	32	52	84	0.00000
Micromonospora sp. LH3U1	3018339	S	29	9	38	0.00000
Micromonospora sp. WMMC264	3015158	S	29	113	142	0.00000
Micromonospora sp. WMMD1155	3016094	S	29	38	67	0.00000
Micromonospora sp. NBC_00860	2975980	S	28	15	43	0.00000
Micromonospora sp. WMMD964	3016091	S	26	39	65	0.00000
Micromonospora sp. WMMD975	3016087	S	25	121	146	0.00000
Micromonospora sp. WMMA1947	3015163	S	25	106	131	0.00000
Micromonospora sp. NBC_00330	2903585	S	21	14	35	0.00000
Micromonospora sp. WMMD1219	3404115	S	18	57	75	0.00000
Micromonospora sp. WMMD714	3016097	S	17	34	51	0.00000
Micromonospora sp. WMMD998	3016092	S	16	7	23	0.00000
Micromonospora sp. WMMA1998	3015167	S	16	17	33	0.00000
Micromonospora sp. WMMA2032	2039870	S	13	116	129	0.00000
Micromonospora sp. WMMC415	2675222	S	11	141	152	0.00000
Micromonospora sp. WMMD754	3404114	S	10	84	94	0.00000
Micromonospora globbae	1894969	S	705	105	810	0.00001
Micromonospora echinospora	1877	S	530	78	608	0.00000
Micromonospora saelicesensis	285676	S	506	347	853	0.00001
Micromonospora echinaurantiaca	47857	S	504	129	633	0.00000
Micromonospora maris	1003110	S	300	46	346	0.00000
Micromonospora krabiensis	307121	S	253	41	294	0.00000
Micromonospora zamorensis	709883	S	240	51	291	0.00000
Micromonospora sagamiensis	47875	S	216	37	253	0.00000
Micromonospora inositola	47865	S	213	80	293	0.00000
Micromonospora auratinigra	261654	S	209	53	262	0.00000
Micromonospora fluostatini	1629071	S	205	32	237	0.00000
Micromonospora haikouensis	686309	S	198	229	427	0.00000
Micromonospora ureilytica	709868	S	196	66	262	0.00000
Micromonospora narathiwatensis	299146	S	163	34	197	0.00000
Micromonospora soli	1530045	S	141	39	180	0.00000
Micromonospora matsumotoense	121616	S	138	41	179	0.00000
Micromonospora peucetia	47871	S	132	28	160	0.00000
Micromonospora cathayae	3028804	S	124	19	143	0.00000
Micromonospora viridifaciens	1881	S	124	25	149	0.00000
Micromonospora tulbaghiae	479978	S	123	331	454	0.00000
Micromonospora robiginosa	2749844	S	121	39	160	0.00000
Micromonospora coxensis	356852	S	109	30	139	0.00000
Micromonospora rifamycinica	291594	S	106	135	241	0.00000
Micromonospora trifolii	2911208	S	105	66	171	0.00000
Micromonospora chokoriensis	356851	S	102	23	125	0.00000
Micromonospora mangrovi	1182597	S	100	24	124	0.00000
Micromonospora terminaliae	1914461	S	96	34	130	0.00000
Micromonospora coriariae	285665	S	90	19	109	0.00000
Micromonospora echinofusca	47858	S	89	28	117	0.00000
Micromonospora profundi	1420889	S	83	10	93	0.00000
Micromonospora halotolerans	709879	S	79	29	108	0.00000
Micromonospora aurantiaca (nom. illeg.)	47850	S	78	280	358	0.00000
Micromonospora craniellae	2294034	S	75	11	86	0.00000
Micromonospora siamensis	299152	S	73	16	89	0.00000
Micromonospora purpureochromogenes	47872	S	64	43	107	0.00000
Micromonospora vinacea	709878	S	62	35	97	0.00000
Micromonospora carbonacea	47853	S	62	94	156	0.00000
Micromonospora endophytica	515350	S	55	7	62	0.00000
Micromonospora schwarzwaldensis	1296375	S	47	18	65	0.00000
Micromonospora oryzae	1530046	S	42	75	117	0.00000
Micromonospora chersina	47854	S	39	14	53	0.00000
Micromonospora harpali	1490225	S	14	26	40	0.00000
Actinoplanes sp. CA-252034	3239906	S	643	124	767	0.00001
Actinoplanes sp. CA-030573	3239898	S	456	86	542	0.00000
Actinoplanes sp. CA-142083	3239903	S	395	65	460	0.00000
Actinoplanes sp. CA-051413	3239899	S	391	56	447	0.00000
Actinoplanes sp. OR16	946334	S	381	87	468	0.00000
Actinoplanes sp. NBC_00393	2975953	S	336	58	394	0.00000
Actinoplanes sp. N902-109	649831	S	287	39	326	0.00000
Actinoplanes sp. HUAS TT8	3447453	S	273	73	346	0.00000
Actinoplanes sp. L3-i22	2836373	S	272	80	352	0.00000
Actinoplanes sp. CA-015351	3239897	S	206	33	239	0.00000
Actinoplanes derwentensis	113562	S	495	35	530	0.00000
Actinoplanes teichomyceticus	1867	S	478	109	587	0.00000
Actinoplanes ianthinogenes	122358	S	462	126	588	0.00000
Actinoplanes oblitus	3040509	S	384	101	485	0.00000
Actinoplanes friuliensis	196914	S	281	23	304	0.00000
Actinoplanes sichuanensis	512349	S	217	27	244	0.00000
Actinoplanes missouriensis	1866	S	186	33	219	0.00000
Dactylosporangium sp. CA-092794	3239929	S	591	54	645	0.00000
Dactylosporangium sp. AC04546	2862460	S	553	51	604	0.00000
Dactylosporangium sp. CA-233914	3239934	S	516	57	573	0.00000
Dactylosporangium sp. NBC_01737	2975959	S	394	36	430	0.00000
Dactylosporangium sp. CS-047395	3239936	S	371	146	517	0.00000
Dactylosporangium sp. McL0621	3415678	S	331	43	374	0.00000
Dactylosporangium sp. CS-033363	3239935	S	270	110	380	0.00000
Dactylosporangium sp. CA-139114	3239931	S	139	139	278	0.00000
Dactylosporangium sp. CA-052675	3239927	S	113	114	227	0.00000
Dactylosporangium aurantiacum	35754	S	354	48	402	0.00000
Dactylosporangium fulvum	53359	S	289	67	356	0.00000
Dactylosporangium vinaceum	53362	S	133	429	562	0.00000
Dactylosporangium roseum	47989	S	89	21	110	0.00000
Dactylosporangium matsuzakiense	53360	S	89	330	419	0.00000
Plantactinospora sp. KBS50	2024580	S	304	43	347	0.00000
Plantactinospora sp. BC1	2108470	S	160	226	386	0.00000
Plantactinospora sp. WMMC1484	3404122	S	85	9	94	0.00000
Plantactinospora sp. BB1	2071627	S	41	57	98	0.00000
Plantactinospora sp. DSM 117369	3448659	S	30	63	93	0.00000
Plantactinospora sp. ZYX-F-223	3144103	S	12	24	36	0.00000
Solwaraspora sp. WMMD937	3016090	S	252	67	319	0.00000
Solwaraspora sp. WMMD791	3016086	S	119	19	138	0.00000
Solwaraspora sp. WMMA2056	3015161	S	93	18	111	0.00000
Solwaraspora sp. WMMA2065	3015166	S	35	162	197	0.00000
Actinocatenispora thailandica	227318	S	377	56	433	0.00000
Actinocatenispora sera	390989	S	220	35	255	0.00000
Phytohabitans suffuscus	624315	S	250	32	282	0.00000
Phytohabitans flavus	1076124	S	246	20	266	0.00000
Polymorphospora rubra	338584	S	248	37	285	0.00000
Polymorphospora sp. A560	3040203	S	133	22	155	0.00000
Catellatospora sp. IY07-71	2728827	S	340	35	375	0.00000
Couchioplanes caeruleus	56438	S	274	40	314	0.00000
Natronosporangium hydrolyticum	2811111	S	270	6	276	0.00000
Longispora sp. K20-0274	3088255	S	216	15	231	0.00000
Krasilnikovia sp. MM14-A1004	3373541	S	190	23	213	0.00000
Salinispora tropica	168695	S	70	5	75	0.00000
Amycolatopsis sp. NBC_00345	2975955	S	412	64	476	0.00000
Amycolatopsis sp. CA-230715	2745196	S	349	21	370	0.00000
Amycolatopsis sp. cg5	3238802	S	331	29	360	0.00000
Amycolatopsis sp. NBC_01488	2903563	S	313	97	410	0.00000
Amycolatopsis sp. BJA-103	1911175	S	267	61	328	0.00000
Amycolatopsis sp. CA-161197	3239922	S	266	107	373	0.00000
Amycolatopsis sp. Hca4	2742131	S	253	68	321	0.00000
Amycolatopsis sp. YIM 10	2653857	S	195	30	225	0.00000
Amycolatopsis sp. FU40	2914159	S	167	49	216	0.00000
Amycolatopsis sp. NBC_01480	2903562	S	164	25	189	0.00000
Amycolatopsis sp. FDAARGOS 1241	2778070	S	150	16	166	0.00000
Amycolatopsis sp. QT-25	3034022	S	148	36	184	0.00000
Amycolatopsis sp. EV170708-02-1	2919322	S	140	129	269	0.00000
Amycolatopsis sp. cg9	3238801	S	137	77	214	0.00000
Amycolatopsis sp. DSM 110486	2865832	S	129	41	170	0.00000
Amycolatopsis sp. DG1A-15b	3052846	S	129	61	190	0.00000
Amycolatopsis sp. NBC_00348	2975956	S	108	315	423	0.00000
Amycolatopsis sp. FBCC-B4732	3079339	S	100	41	141	0.00000
Amycolatopsis sp. AA4	1896961	S	98	30	128	0.00000
Amycolatopsis sp. WQ 127309	2932773	S	98	97	195	0.00000
Amycolatopsis sp. WGS_07	3076764	S	79	18	97	0.00000
Amycolatopsis sp. NBC_00438	2903558	S	51	122	173	0.00000
Amycolatopsis sp. TNS106	2861750	S	37	27	64	0.00000
Amycolatopsis sp. NBC_01286	2903560	S	34	97	131	0.00000
Amycolatopsis sp. GA6-003	2652444	S	30	58	88	0.00000
Amycolatopsis sp. NBC_01307	2903561	S	28	75	103	0.00000
Amycolatopsis sp. VS8301801F10	2652442	S	22	44	66	0.00000
Amycolatopsis sp. NBC_00355	2975957	S	10	24	34	0.00000
Amycolatopsis bartoniae	941986	S	442	50	492	0.00000
Amycolatopsis cynarae	2995223	S	406	47	453	0.00000
Amycolatopsis orientalis	31958	S	362	93	455	0.00000
Amycolatopsis nalaikhensis	715472	S	349	141	490	0.00000
Amycolatopsis japonica	208439	S	200	177	377	0.00000
Amycolatopsis keratiniphila	129921	S	109	91	200	0.00000
Amycolatopsis aidingensis	2842453	S	299	10	309	0.00000
Amycolatopsis methanolica	1814	S	291	66	357	0.00000
Amycolatopsis acidiphila	715473	S	279	32	311	0.00000
Amycolatopsis mongoliensis	715475	S	256	102	358	0.00000
Amycolatopsis carbonis	715471	S	246	125	371	0.00000
Amycolatopsis rhabdoformis	1448059	S	226	45	271	0.00000
Amycolatopsis albispora	1804986	S	219	133	352	0.00000
Amycolatopsis thermalba	944492	S	206	50	256	0.00000
Amycolatopsis lexingtonensis	218822	S	139	101	240	0.00000
Amycolatopsis mediterranei	33910	S	127	234	361	0.00000
Amycolatopsis rhizosphaerihabitans	3238807	S	109	51	160	0.00000
Amycolatopsis roodepoortensis	700274	S	85	82	167	0.00000
Amycolatopsis coloradensis	76021	S	77	68	145	0.00000
Pseudonocardia sp. DSM 110487	2865833	S	487	37	524	0.00000
Pseudonocardia sp. CA-142604	3240024	S	465	54	519	0.00000
Pseudonocardia sp. Cha107L01	3457576	S	271	15	286	0.00000
Pseudonocardia sp. HH130630-07	1690815	S	254	188	442	0.00000
Pseudonocardia sp. HH130629-09	1641402	S	175	179	354	0.00000
Pseudonocardia sp. CA-138482	3240023	S	40	0	40	0.00000
Pseudonocardia halophobica	29401	S	335	46	381	0.00000
Pseudonocardia xinjiangensis	75289	S	314	39	353	0.00000
Pseudonocardia alni	33907	S	270	199	469	0.00000
Pseudonocardia dioxanivorans	240495	S	258	87	345	0.00000
Pseudonocardia broussonetiae	2736640	S	252	74	326	0.00000
Pseudonocardia petroleophila	37331	S	212	143	355	0.00000
Pseudonocardia saturnea	33909	S	177	77	254	0.00000
Pseudonocardia autotrophica	2074	S	174	61	235	0.00000
Pseudonocardia abyssalis	2792008	S	170	96	266	0.00000
Saccharothrix sp. DSM 118769	3425867	S	477	281	758	0.00001
Saccharothrix sp. 6-C	2781735	S	200	230	430	0.00000
Saccharothrix espanaensis	103731	S	339	84	423	0.00000
Saccharothrix syringae	103733	S	296	78	374	0.00000
Saccharothrix hoggarensis	913853	S	246	108	354	0.00000
Saccharothrix isguenensis	1816181	S	211	68	279	0.00000
Saccharopolyspora sp. SCSIO 74807	3118084	S	354	34	388	0.00000
Saccharopolyspora sp. CA-218241	3240027	S	271	40	311	0.00000
Saccharopolyspora sp. ID03-671	3073066	S	166	26	192	0.00000
Saccharopolyspora sp. ASAGF58	2719023	S	68	47	115	0.00000
Saccharopolyspora erythraea	1836	S	356	42	398	0.00000
Saccharopolyspora rosea	524884	S	323	38	361	0.00000
Saccharopolyspora gregorii	33914	S	228	29	257	0.00000
Saccharopolyspora gloriosae	455344	S	168	23	191	0.00000
Saccharopolyspora spinosa	60894	S	94	21	115	0.00000
Saccharopolyspora pogona	333966	S	43	27	70	0.00000
Kutzneria chonburiensis	1483604	S	516	58	574	0.00000
Kutzneria sp. CA-103260	2802641	S	343	44	387	0.00000
Kutzneria albida	43357	S	314	37	351	0.00000
Kutzneria buriramensis	1045776	S	293	34	327	0.00000
Lentzea sp. HUAS12	2951806	S	249	68	317	0.00000
Lentzea sp. HUAS TT2	3447454	S	168	52	220	0.00000
Lentzea sp. NBC_00516	2903582	S	167	45	212	0.00000
Lentzea sp. JNUCC 0626	3367513	S	155	29	184	0.00000
Lentzea sp. DG1S-22	3108822	S	122	35	157	0.00000
Lentzea xerophila	3435883	S	189	42	231	0.00000
Lentzea guizhouensis	1586287	S	163	28	191	0.00000
Actinokineospora sp. HUAS TT18	3447451	S	411	127	538	0.00000
Actinokineospora sp. UTMC 2448	2268449	S	229	39	268	0.00000
Actinokineospora sp. G85	3406626	S	185	34	219	0.00000
Actinokineospora sp. CA-119265	3239890	S	13	0	13	0.00000
Actinokineospora auranticolor	155976	S	274	41	315	0.00000
Saccharomonospora azurea	40988	S	256	30	286	0.00000
Saccharomonospora marina	632569	S	184	38	222	0.00000
Saccharomonospora cyanea	40989	S	151	47	198	0.00000
Saccharomonospora glauca	40990	S	104	29	133	0.00000
Saccharomonospora xinjiangensis	75294	S	54	3	57	0.00000
Saccharomonospora viridis	1852	S	52	3	55	0.00000
Crossiella sp. CA-258035	2981138	S	725	92	817	0.00001
Actinosynnema pretiosum	42197	S	205	149	354	0.00000
Actinosynnema sp. CS-041913	3239917	S	179	42	221	0.00000
Actinosynnema mirum	40567	S	149	104	253	0.00000
Kibdelosporangium phytohabitans	860235	S	661	39	700	0.00001
Actinoalloteichus hoggarensis	1470176	S	192	11	203	0.00000
Actinoalloteichus hymeniacidonis	340345	S	137	5	142	0.00000
Actinoalloteichus sp. GBA129-24	1612551	S	15	217	232	0.00000
Actinomycetospora sp. CA-084318	3239892	S	164	13	177	0.00000
Actinomycetospora sp. CA-101289	3239893	S	160	19	179	0.00000
Actinomycetospora sp. CA-053990	3239891	S	80	42	122	0.00000
Actinomycetospora sp. NBC_00405	2975952	S	56	29	85	0.00000
Umezawaea sp. Da 62-37	3075927	S	319	34	353	0.00000
Prauserella marina	530584	S	313	12	325	0.00000
Alloactinosynnema sp. L-07	1653480	S	235	56	291	0.00000
Allokutzneria albata	211114	S	211	27	238	0.00000
Allosaccharopolyspora coralli	2665642	S	129	21	150	0.00000
Salinifilum ghardaiensis	1293032	S	121	51	172	0.00000
Nonomuraea sp. NBC_01738	2976003	S	591	59	650	0.00000
Nonomuraea sp. CA-143628	3239997	S	529	49	578	0.00000
Nonomuraea sp. CA-141351	3239996	S	414	59	473	0.00000
Nonomuraea sp. NBC_00507	2976002	S	338	47	385	0.00000
Nonomuraea gerenzanensis	93944	S	819	172	991	0.00001
Nonomuraea fuscirosea	1291556	S	455	67	522	0.00000
Nonomuraea coxensis	404386	S	376	66	442	0.00000
Nonomuraea phyllanthi	2219224	S	309	48	357	0.00000
[Actinomadura] parvosata	1955412	S	271	53	324	0.00000
Nonomuraea glycinis	2047744	S	239	32	271	0.00000
Nonomuraea bangladeshensis	404385	S	28	2	30	0.00000
Nonomuraea fastidiosa	46173	S	10	371	381	0.00000
Streptosporangium sp. CA-115845	3240071	S	378	51	429	0.00000
Streptosporangium sp. CA-135522	3240072	S	172	25	197	0.00000
Streptosporangium sp. 'caverna'	2202249	S	147	109	256	0.00000
Streptosporangium sp. NBC_01495	2903899	S	57	241	298	0.00000
Streptosporangium sp. NBC_01756	2975950	S	40	38	78	0.00000
Streptosporangium sp. NBC_01469	2903898	S	36	184	220	0.00000
Streptosporangium sp. NBC_01639	2975948	S	25	24	49	0.00000
Streptosporangium sp. NBC_01755	2975949	S	15	174	189	0.00000
Streptosporangium sandarakinum	1260955	S	261	50	311	0.00000
Streptosporangium subroseum	106412	S	152	116	268	0.00000
Streptosporangium roseum	2001	S	150	32	182	0.00000
Microbispora sp. CA-135349	3239953	S	273	56	329	0.00000
Microbispora sp. NBC_01189	2903583	S	62	104	166	0.00000
Microbispora sp. NBC_01389	2903584	S	20	33	53	0.00000
Microbispora hainanensis	568844	S	316	68	384	0.00000
Microbispora maris	3144104	S	121	23	144	0.00000
Microbispora rosea	58117	S	99	25	124	0.00000
Microtetraspora malaysiensis	161358	S	622	94	716	0.00001
Sphaerisporangium sp. NBC_01403	2903599	S	40	95	135	0.00000
Sphaerisporangium sp. TRM90804	3031113	S	10	0	10	0.00000
Sphaerisporangium viridialbum	46189	S	48	112	160	0.00000
Sphaerimonospora sp. CA-214678	3240029	S	178	14	192	0.00000
Thermobispora bispora	2006	S	121	5	126	0.00000
Spongiactinospora sp. TRM90649	3031114	S	11	1	12	0.00000
Actinomadura sp. WMMB 499	1219491	S	1098	126	1224	0.00001
Actinomadura sp. WMMA1423	2591108	S	176	42	218	0.00000
Actinomadura sp. NAK00032	2742128	S	108	23	131	0.00000
Actinomadura verrucosospora	46165	S	426	123	549	0.00000
Actinomadura nitritigenes	134602	S	412	109	521	0.00000
Actinomadura madurae	1993	S	338	69	407	0.00000
Actinomadura graeca	2750812	S	289	32	321	0.00000
Actinomadura formosensis	60706	S	193	39	232	0.00000
Actinomadura citrea	46158	S	162	61	223	0.00000
Actinomadura luteofluorescens	46163	S	127	48	175	0.00000
Spirillospora sp. CA-294931	3240042	S	358	35	393	0.00000
Spirillospora sp. NBC_01491	2976007	S	291	51	342	0.00000
Spirillospora sp. CA-128828	3240033	S	95	88	183	0.00000
Spirillospora sp. CA-142024	3240036	S	58	58	116	0.00000
Actinoallomurus sp. CA-150999	3239887	S	393	32	425	0.00000
Actinoallomurus sp. NBC_01490	2903557	S	295	21	316	0.00000
Thermomonospora amylolytica	1411117	S	273	39	312	0.00000
Thermomonospora curvata	2020	S	162	13	175	0.00000
Nocardiopsis dassonvillei	2014	S	283	515	798	0.00001
Nocardiopsis alba	53437	S	146	11	157	0.00000
Nocardiopsis sp. HUAS JQ3	3061629	S	73	33	106	0.00000
Nocardiopsis sp. CA-288880	3239995	S	50	39	89	0.00000
Nocardiopsis sp. M1B1	3450454	S	14	10	24	0.00000
Nocardiopsis gilva	280236	S	96	4	100	0.00000
Nocardiopsis exhalans	163604	S	82	4	86	0.00000
Streptomonospora litoralis	2498135	S	353	14	367	0.00000
Streptomonospora nanhaiensis	1323731	S	53	43	96	0.00000
Thermobifida halotolerans	483545	S	148	23	171	0.00000
Thermobifida alba	53522	S	125	29	154	0.00000
Thermobifida fusca	2021	S	83	9	92	0.00000
Spiractinospora alimapuensis	2820884	S	141	2	143	0.00000
Actinomyces sp. Z16	2079536	S	115	15	130	0.00000
Actinomyces sp. oral taxon 414	712122	S	104	13	117	0.00000
Actinomyces sp. zg-332	2708340	S	78	4	82	0.00000
Actinomyces sp. Chiba101	1851395	S	72	11	83	0.00000
Actinomyces sp. 432	2057798	S	56	3	59	0.00000
Actinomyces sp. HMT897	2789424	S	53	68	121	0.00000
Actinomyces sp. oral taxon 171	706438	S	21	9	30	0.00000
Actinomyces sp. oral taxon 169	712116	S	16	15	31	0.00000
Actinomyces capricornis	2755559	S	321	16	337	0.00000
Actinomyces faecalis	2722820	S	288	12	300	0.00000
Actinomyces israelii	1659	S	220	9	229	0.00000
Actinomyces naeslundii	1655	S	154	37	191	0.00000
Actinomyces weissii	675090	S	154	6	160	0.00000
Actinomyces radicidentis	111015	S	120	27	147	0.00000
Actinomyces respiraculi	2744574	S	95	7	102	0.00000
Actinomyces urogenitalis	103621	S	91	20	111	0.00000
Actinomyces trachealis	2763540	S	85	6	91	0.00000
Actinomyces marmotae	2737173	S	75	16	91	0.00000
Actinomyces slackii	52774	S	73	2	75	0.00000
Actinomyces howellii	52771	S	72	2	74	0.00000
Actinomyces procaprae	2560010	S	66	9	75	0.00000
Actinomyces massiliensis	461393	S	64	17	81	0.00000
Actinomyces lilanjuaniae	2321394	S	53	3	56	0.00000
Actinomyces viscosus	1656	S	37	201	238	0.00000
Actinomyces oris	544580	S	28	128	156	0.00000
Actinomyces gaoshouyii	1960083	S	22	3	25	0.00000
Actinomyces qiguomingii	2057800	S	17	0	17	0.00000
Actinomyces timonensis	1288391	S	15	3	18	0.00000
Actinomyces wuliandei	2057743	S	11	0	11	0.00000
Schaalia sp. ZJ405	2709403	S	179	5	184	0.00000
Schaalia sp. JY-X169	2758572	S	89	0	89	0.00000
Schaalia sp. 19OD2882	2794089	S	89	2	91	0.00000
Schaalia sp. HMT-172	3059028	S	36	10	46	0.00000
Schaalia odontolytica	1660	S	153	25	178	0.00000
Schaalia radingae	131110	S	131	11	142	0.00000
Schaalia turicensis	131111	S	53	20	73	0.00000
Schaalia cardiffensis	181487	S	32	1	33	0.00000
Schaalia meyeri	52773	S	31	1	32	0.00000
Trueperella pyogenes	1661	S	208	67	275	0.00000
Trueperella abortisuis	445930	S	110	34	144	0.00000
Trueperella bernardiae	59561	S	61	90	151	0.00000
Trueperella bialowiezensis	312285	S	48	0	48	0.00000
Trueperella pecoris	2733571	S	47	28	75	0.00000
Changpingibacter yushuensis	2758440	S	221	81	302	0.00000
Flaviflexus equikiangi	2758573	S	67	18	85	0.00000
Flaviflexus salsibiostraticola	1282737	S	42	21	63	0.00000
Flaviflexus ciconiae	2496867	S	20	4	24	0.00000
Scrofimicrobium appendicitidis	3079930	S	151	1	152	0.00000
Arcanobacterium haemolyticum	28264	S	30	12	42	0.00000
Arcanobacterium wilhelmae	1803177	S	28	1	29	0.00000
Arcanobacterium buesumense	2722751	S	16	0	16	0.00000
Arcanobacterium hippocoleae	149017	S	15	0	15	0.00000
Arcanobacterium phocisimile	1302235	S	15	0	15	0.00000
Arcanobacterium pinnipediorum	1503041	S	14	0	14	0.00000
Arcanobacterium canis	999183	S	13	2	15	0.00000
Arcanobacterium phocae	131112	S	11	0	11	0.00000
Winkia neuii	33007	S	142	145	287	0.00000
Buchananella felis	3231492	S	140	7	147	0.00000
Actinotignum urinale	190146	S	73	12	85	0.00000
Actinotignum schaalii	59505	S	24	7	31	0.00000
Actinotignum timonense	1870995	S	22	14	36	0.00000
Gleimia europaea	66228	S	80	35	115	0.00000
Gleimia hominis	595468	S	28	32	60	0.00000
Pauljensenia hongkongensis	178339	S	68	22	90	0.00000
Boudabousia tangfeifanii	1912795	S	45	0	45	0.00000
Nanchangia anserum	2692125	S	34	0	34	0.00000
Actinobaculum sp. 313	2495645	S	29	0	29	0.00000
Varibaculum prostatecancerukia	2811781	S	14	2	16	0.00000
Mobiluncus curtisii	2051	S	11	1	12	0.00000
Bifidobacterium sp. ESL0827	3448583	S	122	15	137	0.00000
Bifidobacterium sp. ESL0704	2983219	S	96	60	156	0.00000
Bifidobacterium sp. ESL0682	2983212	S	95	1	96	0.00000
Bifidobacterium sp. ESL0764	2983228	S	91	104	195	0.00000
Bifidobacterium sp. ESL0728	2983220	S	84	1	85	0.00000
Bifidobacterium sp. ESL0690	2983214	S	31	0	31	0.00000
Bifidobacterium sp. ESL0790	2983233	S	20	0	20	0.00000
Bifidobacterium sp. ESL0798	2983235	S	19	13	32	0.00000
Bifidobacterium sp. ESL0769	2983229	S	16	0	16	0.00000
Bifidobacterium sp. ESL0819	3448589	S	11	24	35	0.00000
Bifidobacterium sp. ESL0775	2983230	S	10	0	10	0.00000
Bifidobacterium crudilactis	327277	S	574	36	610	0.00000
Bifidobacterium thermophilum	33905	S	494	6	500	0.00000
Bifidobacterium asteroides	1684	S	200	28	228	0.00000
Bifidobacterium pseudolongum	1694	S	167	12	179	0.00000
Bifidobacterium longum	216816	S	148	129	277	0.00000
Bifidobacterium catenulatum	1686	S	127	68	195	0.00000
Bifidobacterium pullorum	78448	S	126	9	135	0.00000
Bifidobacterium scardovii	158787	S	117	3	120	0.00000
Bifidobacterium aquikefiricola	3059038	S	99	6	105	0.00000
Bifidobacterium breve	1685	S	97	28	125	0.00000
Bifidobacterium adolescentis	1680	S	73	40	113	0.00000
Bifidobacterium subtile	77635	S	72	3	75	0.00000
Bifidobacterium lemurum	1603886	S	58	4	62	0.00000
Bifidobacterium dentium	1689	S	55	1	56	0.00000
Bifidobacterium choerinum	35760	S	49	9	58	0.00000
Bifidobacterium pseudocatenulatum	28026	S	46	13	59	0.00000
Bifidobacterium imperatoris	2020965	S	45	12	57	0.00000
Bifidobacterium fermentum	3059035	S	44	1	45	0.00000
Bifidobacterium angulatum	1683	S	42	5	47	0.00000
Bifidobacterium actinocoloniiforme	638619	S	29	0	29	0.00000
Bifidobacterium animalis	28025	S	21	179	200	0.00000
Bifidobacterium coryneforme	1687	S	17	0	17	0.00000
Bifidobacterium saguini	762210	S	15	4	19	0.00000
Bifidobacterium polysaccharolyticum	2750967	S	14	36	50	0.00000
Bifidobacterium bifidum	1681	S	13	13	26	0.00000
Bifidobacterium eulemuris	1765219	S	11	0	11	0.00000
Gardnerella sp. KA01002	2749082	S	58	158	216	0.00000
Gardnerella sp. KA00747	2749078	S	46	3	49	0.00000
Gardnerella sp. DNF00354	2749046	S	24	18	42	0.00000
Gardnerella sp. DNF00502	2749049	S	15	2	17	0.00000
Parascardovia denticolens	78258	S	83	7	90	0.00000
Scardovia wiggsiae	230143	S	23	0	23	0.00000
Scardovia inopinata	78259	S	20	1	21	0.00000
Bombiscardovia apis	2932182	S	33	1	34	0.00000
Alloscardovia omnicolens	419015	S	23	0	23	0.00000
Geodermatophilus sp. URMC 63	3423415	S	360	67	427	0.00000
Geodermatophilus sp. URMC 64	3423416	S	270	41	311	0.00000
Geodermatophilus sp. URMC 65	3423417	S	158	51	209	0.00000
Geodermatophilus sp. URMC 60	3423410	S	132	43	175	0.00000
Geodermatophilus sp. DSM 44513	1528104	S	84	16	100	0.00000
Geodermatophilus obscurus	1861	S	155	86	241	0.00000
Blastococcus sp. PRF04-17	2933797	S	329	53	382	0.00000
Blastococcus sp. HT6-30	3144843	S	141	25	166	0.00000
Blastococcus saxobsidens	138336	S	334	47	381	0.00000
Blastococcus montanus	3144973	S	165	29	194	0.00000
Blastococcus brunescens	1564165	S	143	16	159	0.00000
Modestobacter sp. L9-4	2851567	S	192	31	223	0.00000
Modestobacter sp. URMC 112	3423412	S	178	25	203	0.00000
Modestobacter italicus	2732864	S	310	42	352	0.00000
Georgenia sp. SUBG003	1497974	S	318	59	377	0.00000
Georgenia sp. TF02-10	2917725	S	272	129	401	0.00000
Georgenia sp. M64	3120520	S	244	206	450	0.00000
Georgenia yuyongxinii	2589797	S	517	70	587	0.00000
Georgenia wutianyii	2585135	S	221	44	265	0.00000
Georgenia phoenicis	554103	S	201	136	337	0.00000
Georgenia faecalis	2483799	S	176	29	205	0.00000
Georgenia muralis	154117	S	67	39	106	0.00000
Frankia sp. QA3	710111	S	140	40	180	0.00000
Frankia sp. ArI3	1858	S	67	35	102	0.00000
Frankia casuarinae	106370	S	126	14	140	0.00000
Frankia alni	1859	S	111	76	187	0.00000
Pseudofrankia inefficax	298654	S	406	34	440	0.00000
Candidatus Protofrankia datiscae	2716812	S	220	28	248	0.00000
Parafrankia sp. EAN1pec	298653	S	217	29	246	0.00000
Nakamurella sp. PAMC28650	2762325	S	292	18	310	0.00000
Nakamurella sp. A5-74	3158264	S	209	7	216	0.00000
Nakamurella multipartita	53461	S	253	20	273	0.00000
Nakamurella panacisegetis	1090615	S	172	13	185	0.00000
Nakamurella antarctica	1902245	S	58	2	60	0.00000
Kineococcus sp. DHX-1	3349638	S	287	36	323	0.00000
Kineococcus sp. NBC_00420	2903564	S	257	27	284	0.00000
Kineococcus radiotolerans	131568	S	218	33	251	0.00000
Angustibacter sp. McL0619	3415676	S	174	11	185	0.00000
Jiangella sp. DSM 45060	1798224	S	408	70	478	0.00000
Jiangella alkaliphila	419479	S	282	48	330	0.00000
Jatrophihabitans sp. DSM 45814	3448632	S	185	6	191	0.00000
Jatrophihabitans sp. GAS493	1907575	S	162	4	166	0.00000
Jatrophihabitans telluris	2038343	S	246	5	251	0.00000
Jatrophihabitans cynanchi	2944128	S	138	7	145	0.00000
Candidatus Planktophila dulcis	1884914	S	205	6	211	0.00000
Candidatus Planktophila sulfonica	1884904	S	98	3	101	0.00000
Candidatus Planktophila versatilis	1884905	S	46	1	47	0.00000
Candidatus Planktophila lacus	1884913	S	19	0	19	0.00000
Candidatus Nanopelagicus abundans	1884916	S	114	1	115	0.00000
Catenulispora acidiphila	304895	S	484	29	513	0.00000
Stackebrandtia nassauensis	283811	S	268	4	272	0.00000
Natronoglycomyces albus	2811108	S	49	0	49	0.00000
Epidermidibacterium keratini	1891644	S	149	122	271	0.00000
Actinopolyspora erythraea	414996	S	126	2	128	0.00000
Bounagaea algeriensis	1476748	S	79	34	113	0.00000
Acidothermus cellulolyticus	28049	S	55	0	55	0.00000
Aquihabitans sp. G128	2849779	S	263	14	277	0.00000
Aquihabitans sp. McL0605	3415671	S	192	9	201	0.00000
Aquihabitans daechungensis	1052257	S	154	7	161	0.00000
Iamia majanohamensis	467976	S	134	5	139	0.00000
Iamia sp. SCSIO 61187	2722752	S	84	2	86	0.00000
Dermatobacter hominis	2884263	S	183	6	189	0.00000
Actinospongiicola halichondriae	3236844	S	109	1	110	0.00000
Actinomarinicola tropica	2789776	S	67	4	71	0.00000
Candidatus Poriferisodalis sp.	3101277	S	1026	5	1031	0.00001
Candidatus Poriferisocius sp.	3101276	S	490	5	495	0.00000
Ilumatobacter sp.	1967498	S	211	2	213	0.00000
Ilumatobacter coccineus	467094	S	176	1	177	0.00000
Salinilacustrithrix flava	2957203	S	100	3	103	0.00000
Acidimicrobium ferrooxidans	53635	S	33	0	33	0.00000
Candidatus Spongiisocius sp.	3101273	S	36	0	36	0.00000
Baekduia alba	2997333	S	318	30	348	0.00000
Baekduia soli	496014	S	283	26	309	0.00000
Baekduia sp. Peel2402	3458296	S	191	14	205	0.00000
Svornostia abyssi	2898438	S	235	10	245	0.00000
Conexibacter sp. SYSU D00693	2812560	S	273	24	297	0.00000
Conexibacter sp. DBS9H8	2937801	S	79	1	80	0.00000
Conexibacter sp. S30A1	2937800	S	67	1	68	0.00000
Conexibacter woesei	191495	S	376	26	402	0.00000
Capillimicrobium parvum	2884022	S	507	37	544	0.00000
Paraconexibacter antarcticus	2949664	S	188	16	204	0.00000
Paraconexibacter sp. AEG42_29	2997339	S	141	10	151	0.00000
Miltoncostaea oceani	2843216	S	169	4	173	0.00000
Miltoncostaea marina	2843215	S	135	9	144	0.00000
Thermoleophilum album	29539	S	17	0	17	0.00000
Raoultibacter timonensis	1907662	S	351	60	411	0.00000
Berryella intestinalis	1531429	S	169	255	424	0.00000
Berryella wangjianweii	2734634	S	47	0	47	0.00000
Slackia exigua	84109	S	133	1	134	0.00000
Slackia heliotrinireducens	84110	S	70	0	70	0.00000
Gordonibacter pamelaeae	471189	S	98	38	136	0.00000
Gordonibacter urolithinfaciens	1335613	S	74	133	207	0.00000
Eggerthella lenta	84112	S	96	29	125	0.00000
Eggerthella guodeyinii	2690837	S	23	10	33	0.00000
Adlercreutzia equolifaciens	446660	S	58	22	80	0.00000
Adlercreutzia hattorii	2707299	S	39	28	67	0.00000
Xiamenia xianingshaonis	2682776	S	56	0	56	0.00000
Arabiibacter massiliensis	1870985	S	51	0	51	0.00000
Denitrobacterium detoxificans	79604	S	36	14	50	0.00000
Cryptobacterium curtum	84163	S	29	0	29	0.00000
Umbribacter vaginalis	3417040	S	10	5	15	0.00000
Fannyhessea vaginae	82135	S	175	61	236	0.00000
Atopobium sp. oral taxon 416	712157	S	99	2	101	0.00000
Thermophilibacter immobilis	2779519	S	48	5	53	0.00000
Thermophilibacter mediterraneus	1871031	S	35	5	40	0.00000
Parafannyhessea umbonata	604330	S	48	11	59	0.00000
Lancefieldella parvula	1382	S	41	0	41	0.00000
Olsenella uli	133926	S	13	0	13	0.00000
Olsenella sp. oral taxon 807	712411	S	13	0	13	0.00000
Collinsella sp. zg1085	2844380	S	94	0	94	0.00000
Collinsella sp. i05-0019-G5	3132705	S	36	40	76	0.00000
Collinsella aerofaciens	74426	S	90	62	152	0.00000
Collinsella stercoris	147206	S	17	0	17	0.00000
Enorma phocaeensis	1871019	S	121	12	133	0.00000
Coriobacterium glomerans	33871	S	54	0	54	0.00000
Leptogranulimonas caecicola	2894156	S	98	0	98	0.00000
Euzebya pacifica	1608957	S	233	2	235	0.00000
Egicoccus halophilus	1670830	S	193	4	197	0.00000
Egibacter rhizosphaerae	1670831	S	117	1	118	0.00000
Rubrobacter xylanophilus	49319	S	170	0	170	0.00000
Rubrobacter indicoceani	2051957	S	65	0	65	0.00000
Rubrobacter tropicus	2653851	S	49	0	49	0.00000
Rubrobacter radiotolerans	42256	S	44	0	44	0.00000
Rubrobacter marinus	2653852	S	32	0	32	0.00000
Nostoc sp. C117	3349875	S	827	199	1026	0.00001
Nostoc sp. TCL240-02	2572090	S	305	224	529	0.00000
Nostoc sp. 'Peltigera membranacea cyanobiont' N6	1261031	S	219	76	295	0.00000
Nostoc sp. 'Lobaria pulmonaria (5183) cyanobiont'	1618022	S	17	3	20	0.00000
Nostoc sp. UHCC 0870	2914041	S	162	15	177	0.00000
Nostoc sp. NIES-3756	1751286	S	126	10	136	0.00000
Nostoc sp. C052	2576902	S	122	45	167	0.00000
Nostoc sp. PCC 7524	28072	S	111	5	116	0.00000
Nostoc sp. MS1	2764711	S	77	6	83	0.00000
Nostoc sp. TCL26-01	2576904	S	57	1	58	0.00000
Nostoc sp. C110	3349876	S	52	196	248	0.00000
Nostoc sp. DSM 114161	3440143	S	49	2	51	0.00000
Nostoc sp. UHCC 0926	3025190	S	30	4	34	0.00000
Nostoc sp. PCC 7107	317936	S	28	0	28	0.00000
Nostoc sp. DSM 114167	3439050	S	27	3	30	0.00000
Nostoc sp. UHCC 0302	3134896	S	25	0	25	0.00000
Nostoc sp. FACHB-892	2692843	S	23	5	28	0.00000
Nostoc sphaeroides	446679	S	313	69	382	0.00000
Nostoc commune	1178	S	278	39	317	0.00000
Nostoc piscinale	224012	S	202	49	251	0.00000
Nostoc flagelliforme	1306274	S	115	29	144	0.00000
Nostoc punctiforme	272131	S	55	34	89	0.00000
Anabaena azotica	197653	S	177	130	307	0.00000
Anabaena sp. WA102	1647413	S	134	279	413	0.00000
Trichormus azollae	1164	S	95	12	107	0.00000
Cylindrospermum stagnale	142864	S	57	6	63	0.00000
Richelia sinica	1357545	S	16	0	16	0.00000
Nodularia spumigena	70799	S	378	76	454	0.00000
Nodularia sphaerocarpa	137816	S	12	0	12	0.00000
Halotia branconii	1620816	S	302	5	307	0.00000
Aliinostoc sp. HNIBRCY26	3418997	S	64	8	72	0.00000
Anabaenopsis elenkinii	156213	S	12	0	12	0.00000
Cylindrospermopsis raciborskii	77022	S	168	3	171	0.00000
Okeanomitos corallinicola	3231550	S	141	3	144	0.00000
Sphaerospermopsis torques-reginae	984207	S	127	4	131	0.00000
Dolichospermum sp. UHCC 0315A	1914871	S	71	151	222	0.00000
Dolichospermum heterosporum	747522	S	34	31	65	0.00000
Rivularia sp. PCC 7116	373994	S	352	0	352	0.00000
Calothrix sp. NIES-3974	2005462	S	112	0	112	0.00000
Calothrix sp. 336/3	1337936	S	90	0	90	0.00000
Calothrix sp. PCC 7507	99598	S	42	0	42	0.00000
Calothrix sp. PCC 6303	1170562	S	37	0	37	0.00000
Tolypothrix sp. PCC 7910	2099387	S	235	18	253	0.00000
Chlorogloeopsis fritschii	1124	S	170	0	170	0.00000
Fischerella sp. JS2	2597771	S	32	54	86	0.00000
Fischerella sp. NIES-3754	1752063	S	17	39	56	0.00000
Brasilonema sennae	1397703	S	76	0	76	0.00000
Gloeothece citriformis	2546356	S	1475	4	1479	0.00001
Gloeothece verrucosa	2546359	S	40	0	40	0.00000
Crocosphaera subtropica	2546360	S	214	52	266	0.00000
Candidatus Atelocyanobacterium thalassae	713887	S	108	110	218	0.00000
Rippkaea orientalis	2546366	S	13	0	13	0.00000
Cyanobacterium aponinum	379064	S	358	7	365	0.00000
Cyanobacterium sp. uoEpiScrs1	2976343	S	188	2	190	0.00000
Cyanobacterium sp. IPPAS B-1200	1562720	S	82	36	118	0.00000
Cyanobacterium sp. HL-69	2054282	S	27	13	40	0.00000
Geminocystis sp. NIES-3708	1615909	S	179	0	179	0.00000
Geminocystis sp. NIES-3709	1617448	S	21	0	21	0.00000
Geminocystis herdmanii	669359	S	131	0	131	0.00000
Picosynechococcus sp. PCC 8807	195248	S	87	34	121	0.00000
[Leptolyngbya] sp. PCC 7376	111781	S	68	0	68	0.00000
Picosynechococcus sp. PCC 7002	32049	S	52	14	66	0.00000
Microcystis aeruginosa	1126	S	108	72	180	0.00000
Microcystis sp. MC19	1967666	S	46	21	67	0.00000
Gloeocapsa sp. PCC 7428	1173026	S	142	0	142	0.00000
Gloeocapsopsis dulcis	2859516	S	78	1	79	0.00000
Halothece sp. PCC 7418	65093	S	51	0	51	0.00000
Capilliphycus salinus	2768948	S	875	9	884	0.00001
Limnospira platensis	118562	S	151	23	174	0.00000
Limnospira indica	147322	S	59	137	196	0.00000
Planktothrix tepida	1678309	S	130	301	431	0.00000
Planktothrix agardhii	1160	S	14	43	57	0.00000
Microcoleus vaginatus	119532	S	208	14	222	0.00000
Microcoleus anatoxicus	2705319	S	14	0	14	0.00000
Trichodesmium erythraeum	1206	S	77	0	77	0.00000
Oxynema aestuarii	2874213	S	123	0	123	0.00000
Oxynema acuminatum	118323	S	91	0	91	0.00000
Phormidium nigroviride	482564	S	99	10	109	0.00000
Phormidium yuhuli	2974039	S	86	1	87	0.00000
[Phormidium] sp. ETS-05	222819	S	153	1	154	0.00000
Planktothricoides raciborskii	132608	S	129	1	130	0.00000
Synechococcus sp. MEDNS5	1442554	S	275	21	296	0.00000
Synechococcus sp. M16.1	1442553	S	232	148	380	0.00000
Synechococcus sp. CBW1107	2789857	S	203	117	320	0.00000
Synechococcus sp. Cu2B8-bc1011	3093725	S	151	348	499	0.00000
Synechococcus sp. CB0101	232348	S	130	5	135	0.00000
Synechococcus sp. PCC 6312	195253	S	122	0	122	0.00000
Synechococcus sp. NOUM97013	1442555	S	110	4	114	0.00000
Synechococcus sp. JA-2-3B'a(2-13)	321332	S	107	5	112	0.00000
Synechococcus sp. MIT S9503	3082547	S	88	2	90	0.00000
Synechococcus sp. ROS8604	1442557	S	86	5	91	0.00000
Synechococcus sp. M16CYN	3103139	S	83	1	84	0.00000
Synechococcus sp. CBW1004	1353136	S	81	5	86	0.00000
Synechococcus sp. CBW1108	1353147	S	80	6	86	0.00000
Synechococcus sp. MIT S9451	3082543	S	80	2	82	0.00000
Synechococcus sp. KORDI-100	1280380	S	74	1	75	0.00000
Synechococcus sp. PROS-7-1	1442556	S	67	7	74	0.00000
Synechococcus sp. A15-127	1050624	S	58	8	66	0.00000
Synechococcus sp. A15-28	1050638	S	43	10	53	0.00000
Synechococcus sp. LTW-R	2751170	S	39	1	40	0.00000
Synechococcus sp. SynAce01	1916956	S	37	1	38	0.00000
Synechococcus sp. RS9909	221352	S	32	2	34	0.00000
Synechococcus sp. CC9902	316279	S	31	0	31	0.00000
Synechococcus sp. MIT S9452	3082546	S	30	0	30	0.00000
Synechococcus sp. PROS-U-1	1400866	S	29	1	30	0.00000
Synechococcus sp. RS9907	221350	S	28	14	42	0.00000
Synechococcus sp. PCC 7502	1173263	S	28	0	28	0.00000
Synechococcus sp. PROS-9-1	1968775	S	24	1	25	0.00000
Synechococcus sp. CC9311	64471	S	24	1	25	0.00000
Synechococcus sp. PCC 7336	195250	S	23	0	23	0.00000
Synechococcus sp. A10-1-5-1	2936507	S	22	24	46	0.00000
Synechococcus sp. KORDI-52	585425	S	22	1	23	0.00000
Synechococcus sp. A15-62	1050657	S	18	3	21	0.00000
Synechococcus sp. LA31	2741953	S	17	4	21	0.00000
Synechococcus sp. Minos11	221341	S	17	0	17	0.00000
Synechococcus sp. BIOS-U3-1	1400865	S	15	0	15	0.00000
Synechococcus sp. KORDI-49	585423	S	13	2	15	0.00000
Synechococcus sp. WH 8109	166314	S	13	1	14	0.00000
Synechococcus sp. WH 8101	59932	S	13	0	13	0.00000
Synechococcus sp. HK01-R	2751171	S	13	0	13	0.00000
Synechococcus sp. A15-24	1050635	S	13	4	17	0.00000
Synechococcus sp. JA-3-3Ab	321327	S	12	0	12	0.00000
Synechococcus sp. A15-44	1050646	S	12	4	16	0.00000
Synechococcus sp. RSCCF101	2511069	S	12	0	12	0.00000
Synechococcus sp. BIOS-E4-1	1400864	S	10	2	12	0.00000
Synechococcus sp. W4D4	3392294	S	10	11	21	0.00000
Synechococcus elongatus	32046	S	138	0	138	0.00000
Prochlorococcus marinus	1219	S	562	271	833	0.00001
Prochlorococcus sp. MIT 1341	3096221	S	73	1	74	0.00000
Prochlorococcus sp. MIT 1300	3096218	S	59	1	60	0.00000
Prochlorococcus sp. MIT 1011	3082520	S	22	20	42	0.00000
Prochlorococcus sp. MIT 1342	3082532	S	17	85	102	0.00000
Prochlorococcus sp. MIT 1223	3096217	S	14	0	14	0.00000
Prochlorococcus sp. MIT 1314	3096220	S	10	3	13	0.00000
Cyanobium sp. NS01	261284	S	175	31	206	0.00000
Cyanobium sp. ULC065	2137202	S	118	6	124	0.00000
Cyanobium sp. NIES-981	1851505	S	92	7	99	0.00000
Cyanobium sp. BSA11S	3108224	S	88	17	105	0.00000
Cyanobium sp. ULC084	2487359	S	18	76	94	0.00000
Cyanobium gracile	59930	S	222	24	246	0.00000
Cyanobium usitatum	2304190	S	155	27	182	0.00000
Parasynechococcus marenigrum	2881428	S	17	8	25	0.00000
Synechocystis sp. CACIAM 05	1933929	S	72	8	80	0.00000
Altericista sp. CCNU0014	3082949	S	31	0	31	0.00000
Leptolyngbya sp. O-77	1080068	S	611	98	709	0.00001
Leptolyngbya sp. BL0902	1115757	S	110	0	110	0.00000
Leptolyngbya sp. Cla-17	2803751	S	84	1	85	0.00000
Leptolyngbya sp. 7M	2812896	S	71	3	74	0.00000
Leptolyngbya sp. NK1-12	2547451	S	27	1	28	0.00000
Leptolyngbya iicbica	3161580	S	108	6	114	0.00000
Leptolyngbya boryana	1184	S	46	6	52	0.00000
Leptothermofonsia sp. ETS-13	3035696	S	48	0	48	0.00000
Leptothermofonsia sichuanensis	2917832	S	40	3	43	0.00000
Kovacikia minuta	2931930	S	22	0	22	0.00000
Leptodesmis sichuanensis	2906798	S	14	3	17	0.00000
Trichothermofontia sichuanensis	3045816	S	270	1	271	0.00000
Gloeobacter morelensis	2907343	S	156	62	218	0.00000
Gloeobacter violaceus	33072	S	150	67	217	0.00000
Gloeobacter kilaueensis	1416614	S	116	0	116	0.00000
Anthocerotibacter panamensis	2857077	S	46	0	46	0.00000
Pseudanabaena minima	890415	S	134	11	145	0.00000
Pseudanabaena sp. Chao 1811	2963092	S	117	4	121	0.00000
Pseudanabaena sp. ABRG5-3	685565	S	11	0	11	0.00000
Pseudanabaena galeata	1112103	S	19	1	20	0.00000
Limnothrix sp. CMB-01	3683845	S	82	0	82	0.00000
Thalassoporum mexicanum	3457544	S	142	0	142	0.00000
Thermosynechococcus sp. HN-54	2933959	S	10	296	306	0.00000
Parathermosynechococcus lividus	33070	S	42	0	42	0.00000
Acaryochloris marina	155978	S	57	19	76	0.00000
Acaryochloris sp. 'Moss Beach'	2740837	S	18	8	26	0.00000
Dactylococcopsis salina	292566	S	234	3	237	0.00000
Nodosilinea sp. E11	3037479	S	133	1	134	0.00000
Halomicronema hongdechloris	1209493	S	70	0	70	0.00000
Crinalium epipsammum	241425	S	353	1	354	0.00000
Chamaesiphon minutus	1173032	S	76	0	76	0.00000
Pleurocapsa sp. FMAR1	3040204	S	60	0	60	0.00000
Pleurocapsa sp. PCC 7327	118163	S	30	0	30	0.00000
Stanieria cyanosphaera	102116	S	88	0	88	0.00000
Thermoleptolyngbya oregonensis	2303529	S	45	55	100	0.00000
Egbenema bharatensis	3463334	S	26	0	26	0.00000
Thermocoleostomius sinensis	3065396	S	21	0	21	0.00000
Chroococcidiopsis sp. CCMEE 29	155894	S	79	0	79	0.00000
Chroococcidiopsis thermalis	54299	S	24	22	46	0.00000
Moorena producens	1155739	S	107	0	107	0.00000
Allocoleopsis franciscana	2886352	S	27	0	27	0.00000
Geitlerinema sp. PCC 7407	1173025	S	29	0	29	0.00000
Desertifilum tharense	1185873	S	28	0	28	0.00000
cyanobacterium endosymbiont of Epithemia clementina EcSB	3034674	S	96	3	99	0.00000
cyanobacterium endosymbiont of Rhopalodia gibberula	1763363	S	31	1	32	0.00000
Spiroplasma endosymbiont of Atherix ibis	3066291	S	290	13	303	0.00000
Spiroplasma endosymbiont of Dioctria linearis	3066290	S	187	11	198	0.00000
Spiroplasma sp. BIUS-1	216964	S	103	4	107	0.00000
Spiroplasma endosymbiont of Cantharis rufa	3066279	S	89	5	94	0.00000
Spiroplasma endosymbiont of Melieria omissa	3139324	S	88	130	218	0.00000
Spiroplasma endosymbiont of Phyllotreta cruciferae	2886375	S	81	8	89	0.00000
Spiroplasma endosymbiont of Virgichneumon dumeticola	3139323	S	66	4	70	0.00000
Spiroplasma endosymbiont of Clivina fossor	3066282	S	56	7	63	0.00000
Spiroplasma endosymbiont of Crioceris asparagi	3066286	S	52	0	52	0.00000
Spiroplasma sp. SV19	2570468	S	42	0	42	0.00000
Spiroplasma endosymbiont of Stenodema calcarata	3139328	S	41	3	44	0.00000
Spiroplasma endosymbiont of Polydrusus pterygomalis	3139327	S	38	1	39	0.00000
Spiroplasma endosymbiont of Agriotes lineatus	3077930	S	29	0	29	0.00000
Spiroplasma sp. TIUS-1	216963	S	20	0	20	0.00000
Spiroplasma endosymbiont of 'Nebria riversi'	2792084	S	13	0	13	0.00000
Spiroplasma turonicum	216946	S	566	10	576	0.00000
Spiroplasma clarkii	2139	S	319	4	323	0.00000
Spiroplasma platyhelix	301585	S	154	0	154	0.00000
Spiroplasma floricola	216937	S	138	6	144	0.00000
Spiroplasma citri	2133	S	101	39	140	0.00000
Spiroplasma helicoides	216938	S	96	2	98	0.00000
Spiroplasma poulsonii	2138	S	96	73	169	0.00000
Spiroplasma eriocheiris	315358	S	88	2	90	0.00000
Spiroplasma cantharicola	362837	S	60	2	62	0.00000
Spiroplasma gladiatoris	2143	S	58	2	60	0.00000
Spiroplasma culicicola	216935	S	55	0	55	0.00000
Spiroplasma taiwanense	2145	S	34	0	34	0.00000
Spiroplasma apis	2137	S	32	0	32	0.00000
Spiroplasma litorale	216942	S	22	0	22	0.00000
Spiroplasma chinense	216932	S	21	0	21	0.00000
Spiroplasma monobiae	2136	S	21	1	22	0.00000
Spiroplasma tabanidicola	324079	S	19	0	19	0.00000
Mesoplasma melaleucae	81459	S	90	3	93	0.00000
Mesoplasma entomophilum	2149	S	58	3	61	0.00000
Mesoplasma florum	2151	S	34	1	35	0.00000
Mesoplasma syrphidae	225999	S	18	0	18	0.00000
Williamsoniiplasma somnilux	215578	S	45	1	46	0.00000
Mycoplasma sp. 480	3440155	S	188	11	199	0.00000
Mycoplasma sp. Mirounga ES2805-ORL	754514	S	175	4	179	0.00000
Mycoplasma sp. 654	3398773	S	154	51	205	0.00000
Mycoplasma sp. VS42A	3398774	S	143	40	183	0.00000
Mycoplasma sp. 3686d	2967300	S	132	114	246	0.00000
Mycoplasma sp. NEAQ87857	2683967	S	38	1	39	0.00000
Mycoplasma sp. P36-A1	3252900	S	38	0	38	0.00000
Mycoplasma sp. 3341	3447506	S	35	0	35	0.00000
Mycoplasma sp. (ex Biomphalaria glabrata)	1749074	S	30	0	30	0.00000
Mycoplasma sp. 005V	3398776	S	25	3	28	0.00000
Mycoplasma sp. 48589B	3568880	S	20	2	22	0.00000
Mycoplasma sp. OR1901	2742195	S	19	1	20	0.00000
Mycoplasma sp. 1654_15	2725994	S	18	5	23	0.00000
Mycoplasma sp. E35C	2801918	S	16	0	16	0.00000
Mycoplasma sp. 1018B	2967302	S	14	1	15	0.00000
Mycoplasma mycoides	2102	S	470	376	846	0.00001
Mycoplasma feriruminatoris	1179777	S	84	5	89	0.00000
Mycoplasma capricolum	2095	S	67	77	144	0.00000
Mycoplasma corogypsi	2106	S	249	11	260	0.00000
Mycoplasma cottewii	51364	S	223	47	270	0.00000
Mycoplasma anserisalpingitidis	519450	S	207	23	230	0.00000
Mycoplasma ovis	171632	S	180	0	180	0.00000
Mycoplasma miroungirhinis	754516	S	46	0	46	0.00000
Mycoplasma nasistruthionis	353852	S	28	0	28	0.00000
Mycoplasma hafezii	525886	S	21	1	22	0.00000
Candidatus Mycoplasma mahonii	3004105	S	18	0	18	0.00000
Mycoplasma phocoeninasale	2726117	S	16	2	18	0.00000
Mycoplasma phocoenae	754517	S	15	0	15	0.00000
Mycoplasma crocodyli	50052	S	13	0	13	0.00000
Mycoplasma putrefaciens	2123	S	12	0	12	0.00000
symbiont of Argiope bruennichi	2810479	S	37	0	37	0.00000
Candidatus Hepatoplasma crinochetorum	295596	S	42	0	42	0.00000
Acholeplasma palmae	38986	S	397	1	398	0.00000
Acholeplasma laidlawii	2148	S	68	1	69	0.00000
Acholeplasma brassicae	61635	S	51	1	52	0.00000
Paulownia witches'-broom phytoplasma	39647	S	168	242	410	0.00000
Candidatus Phytoplasma solani	69896	S	70	4	74	0.00000
Phytoplasma sp.	2155	S	11	1	12	0.00000
Haploplasma axanthum	29552	S	105	0	105	0.00000
Mariniplasma anaerobium	2735436	S	24	0	24	0.00000
Candidatus Izimoplasma sp. HR1	1541959	S	85	0	85	0.00000
Candidatus Izemoplasma sp. B36	3242468	S	35	0	35	0.00000
Candidatus Xianfuyuplasma coldseepsis	2782163	S	34	0	34	0.00000
Hujiaoplasma nucleasis	2725268	S	94	0	94	0.00000
Mycoplasmopsis felis	33923	S	205	8	213	0.00000
Mycoplasmopsis anatis	171279	S	114	17	131	0.00000
Mycoplasmopsis phocirhinis	142650	S	87	3	90	0.00000
Mycoplasmopsis gallinacea	29556	S	80	8	88	0.00000
Mycoplasmopsis pulmonis	2107	S	68	0	68	0.00000
Mycoplasmopsis equigenitalium	114883	S	57	0	57	0.00000
Mycoplasmopsis edwardii	53558	S	56	7	63	0.00000
Mycoplasmopsis verecunda	171291	S	52	4	56	0.00000
Mycoplasmopsis pullorum	48003	S	45	1	46	0.00000
Mycoplasmopsis cynos	171284	S	42	1	43	0.00000
Mycoplasmopsis arginini	2094	S	25	5	30	0.00000
Mycoplasmopsis adleri	51362	S	24	3	27	0.00000
Mycoplasmopsis fermentans	2115	S	23	0	23	0.00000
Mycoplasmopsis agassizii	33922	S	23	0	23	0.00000
Mycoplasmopsis bovirhinis	29553	S	22	1	23	0.00000
Mycoplasmopsis felifaucium	35768	S	21	0	21	0.00000
Mycoplasmopsis canis	29555	S	20	3	23	0.00000
Mycoplasmopsis hyopharyngis	29558	S	15	0	15	0.00000
Mycoplasmopsis citelli	171281	S	14	0	14	0.00000
Mycoplasmopsis bovis	28903	S	13	1	14	0.00000
Mycoplasmopsis maculosa	114885	S	13	0	13	0.00000
Mesomycoplasma ovipneumoniae	29562	S	290	2	292	0.00000
Mesomycoplasma hyorhinis	2100	S	186	21	207	0.00000
Mesomycoplasma moatsii	171287	S	153	2	155	0.00000
Mesomycoplasma neurolyticum	2120	S	79	1	80	0.00000
Mesomycoplasma conjunctivae	45361	S	70	0	70	0.00000
Mesomycoplasma dispar	86660	S	19	0	19	0.00000
[Mycoplasma] mobile	2118	S	11	0	11	0.00000
Metamycoplasma faucium	56142	S	113	15	128	0.00000
Metamycoplasma hominis	2098	S	112	13	125	0.00000
Metamycoplasma alkalescens	45363	S	99	25	124	0.00000
Metamycoplasma cloacale	92401	S	69	11	80	0.00000
Metamycoplasma arthritidis	2111	S	31	1	32	0.00000
Metamycoplasma sualvi	2125	S	29	0	29	0.00000
Metamycoplasma hyosynoviae	29559	S	22	2	24	0.00000
Metamycoplasma equirhinis	92402	S	21	5	26	0.00000
Metamycoplasma buccale	55602	S	18	3	21	0.00000
Metamycoplasma orale	2121	S	16	1	17	0.00000
Malacoplasma muris	2119	S	99	5	104	0.00000
Ureaplasma diversum	42094	S	54	0	54	0.00000
Ureaplasma parvum	134821	S	13	1	14	0.00000
Mycoplasmoides gallisepticum	2096	S	20	3	23	0.00000
Chloroflexus aggregans	152260	S	160	6	166	0.00000
Chloroflexus aurantiacus	1108	S	101	3	104	0.00000
Roseiflexus sp. RS-1	357808	S	111	3	114	0.00000
Roseiflexus castenholzii	120962	S	43	1	44	0.00000
Thermobaculum terrenum	166501	S	196	2	198	0.00000
Candidatus Chlorohelix allophototropha	3003348	S	129	0	129	0.00000
Candidatus Leptofilum sp.	3241576	S	478	0	478	0.00000
Candidatus Promineifilum breve	1806508	S	220	0	220	0.00000
Pelolinea submarina	913107	S	221	0	221	0.00000
Anaerolinea thermophila	167964	S	182	0	182	0.00000
Dehalococcoides mccartyi	61435	S	253	6	259	0.00000
Dehalogenimonas formicexedens	1839801	S	69	0	69	0.00000
Dehalogenimonas sp. 4OHTPN	3166643	S	30	0	30	0.00000
Candidatus Dehalogenimonas loeffleri	3127115	S	15	0	15	0.00000
Candidatus Lucifugimonas marina	3038979	S	10	0	10	0.00000
Tepidiforma flava	3004094	S	195	1	196	0.00000
Tepidiforma bonchosmolovskayae	2601677	S	140	1	141	0.00000
Caldilinea aerophila	133453	S	318	0	318	0.00000
Ktedonosporobacter rubrisoli	2509675	S	256	0	256	0.00000
Phototrophicus methaneseepsis	2710758	S	132	0	132	0.00000
Thermoflexus hugenholtzii	1495650	S	56	0	56	0.00000
Fimbriimonas ginsengisoli	1005039	S	136	0	136	0.00000
Capsulimonas corticalis	2219043	S	133	0	133	0.00000
Chthonomonas calidirosea	454171	S	55	0	55	0.00000
Vulcanimicrobium alpinum	3016050	S	66	0	66	0.00000
Fusobacterium sp. SB021	2744227	S	432	0	432	0.00000
Fusobacterium sp. THCT1E1	3144696	S	73	14	87	0.00000
Fusobacterium pseudoperiodonticum	2663009	S	366	76	442	0.00000
Fusobacterium polymorphum	76857	S	267	83	350	0.00000
Fusobacterium varium	856	S	168	76	244	0.00000
Fusobacterium animalis	76859	S	160	220	380	0.00000
Fusobacterium ulcerans	861	S	118	178	296	0.00000
Fusobacterium nucleatum	851	S	117	144	261	0.00000
Fusobacterium necrophorum	859	S	102	0	102	0.00000
Fusobacterium mortiferum	850	S	99	0	99	0.00000
Fusobacterium gonidiaformans	849	S	65	1	66	0.00000
Fusobacterium hwasookii	1583098	S	59	44	103	0.00000
Fusobacterium watanabei	2686067	S	55	935	990	0.00001
Fusobacterium canifelinum	285729	S	51	17	68	0.00000
Fusobacterium hominis	2764326	S	24	0	24	0.00000
Cetobacterium somerae	188913	S	1176	4	1180	0.00001
Cetobacterium ceti	180163	S	77	0	77	0.00000
Cetobacterium sp. SF1	3417654	S	55	0	55	0.00000
uncultured Ilyobacter sp.	544433	S	672	89	761	0.00001
Leptotrichia sp. oral taxon 218	712361	S	78	79	157	0.00000
Leptotrichia sp. oral taxon 221	712362	S	66	34	100	0.00000
Leptotrichia sp. oral taxon 847	1785996	S	47	29	76	0.00000
Leptotrichia sp. oral taxon 212	712357	S	25	2	27	0.00000
Leptotrichia sp. HMT-225	3058373	S	19	28	47	0.00000
Leptotrichia wadei	157687	S	167	178	345	0.00000
Leptotrichia hongkongensis	554406	S	64	110	174	0.00000
Leptotrichia trevisanii	109328	S	51	33	84	0.00000
Leptotrichia mesophila	3239303	S	36	60	96	0.00000
Leptotrichia shahii	157691	S	34	38	72	0.00000
Leptotrichia alba	3239304	S	32	25	57	0.00000
Sebaldella termitidis	826	S	735	0	735	0.00001
Streptobacillus moniliformis	34105	S	308	2	310	0.00000
Sneathia sanguinegens	40543	S	209	1	210	0.00000
Sneathia vaginalis	187101	S	21	0	21	0.00000
Pseudoleptotrichia goodfellowii	157692	S	50	0	50	0.00000
Haliovirga abyssi	2996794	S	48	0	48	0.00000
Deinococcus sp.	47478	S	439	2	441	0.00000
Deinococcus sp. QL22	2939437	S	251	2	253	0.00000
Deinococcus sp. KNUC1210	2917691	S	199	0	199	0.00000
Deinococcus sp. AB2017081	3093660	S	159	24	183	0.00000
Deinococcus sp. AJ005	2652443	S	93	1	94	0.00000
Deinococcus sp. NW-56	2080419	S	67	4	71	0.00000
Deinococcus sp. VB343	3385567	S	47	311	358	0.00000
Deinococcus sp. RM	2316359	S	17	15	32	0.00000
Deinococcus aquaticus	328692	S	290	7	297	0.00000
Deinococcus deserti	310783	S	273	5	278	0.00000
Deinococcus irradiatisoli	2202254	S	217	3	220	0.00000
Deinococcus geothermalis	68909	S	211	33	244	0.00000
Deinococcus gobiensis	502394	S	182	4	186	0.00000
Deinococcus peraridilitoris	432329	S	161	0	161	0.00000
Deinococcus sonorensis	309891	S	136	0	136	0.00000
Deinococcus radiopugnans	57497	S	134	2	136	0.00000
Deinococcus aetherius	200252	S	132	1	133	0.00000
Deinococcus yunweiensis	367282	S	120	16	136	0.00000
Deinococcus altitudinis	468914	S	117	2	119	0.00000
Deinococcus radiomollis	468916	S	101	1	102	0.00000
Deinococcus actinosclerus	1768108	S	100	51	151	0.00000
Deinococcus rubellus	1889240	S	85	1	86	0.00000
Deinococcus ficus	317577	S	76	1	77	0.00000
Deinococcus metallilatus	1211322	S	72	4	76	0.00000
Deinococcus soli (ex Cha et al. 2016)	1309411	S	69	71	140	0.00000
Deinococcus wulumuqiensis	980427	S	68	62	130	0.00000
Deinococcus psychrotolerans	2489213	S	61	1	62	0.00000
Deinococcus proteolyticus	55148	S	59	14	73	0.00000
Deinococcus maricopensis	309887	S	50	0	50	0.00000
Deinococcus taeanensis	2737050	S	45	1	46	0.00000
Deinococcus radiophilus	32062	S	37	8	45	0.00000
Deinococcus puniceus	1182568	S	21	0	21	0.00000
Deinococcus radiodurans	1299	S	20	42	62	0.00000
Thermus sp. CCB_US3_UF1	1111069	S	243	3	246	0.00000
Thermus sp. PS18	2849039	S	116	21	137	0.00000
Thermus brockianus	56956	S	50	2	52	0.00000
Thermus thermophilus	274	S	36	3	39	0.00000
Thermus oshimai	56957	S	35	1	36	0.00000
Thermus aquaticus	271	S	10	0	10	0.00000
Meiothermus ruber	277	S	94	35	129	0.00000
Meiothermus taiwanensis	172827	S	18	6	24	0.00000
Allomeiothermus silvanus	52022	S	108	4	112	0.00000
Oceanithermus profundus	187137	S	60	0	60	0.00000
Marinithermus hydrothermalis	186192	S	18	0	18	0.00000
Truepera radiovictrix	332249	S	82	0	82	0.00000
Thermosipho africanus	2421	S	160	0	160	0.00000
Thermosipho ferrireducens	2571116	S	92	0	92	0.00000
Thermosipho melanesiensis	46541	S	74	0	74	0.00000
Fervidobacterium gondwanense	44754	S	160	11	171	0.00000
Fervidobacterium nodosum	2424	S	93	8	101	0.00000
Fervidobacterium thailandense	1008305	S	53	0	53	0.00000
Fervidobacterium pennivorans	93466	S	16	35	51	0.00000
Pseudothermotoga hypogea	57487	S	54	75	129	0.00000
Marinitoga aeolica	2809031	S	22	0	22	0.00000
Marinitoga sp. 1137	1545835	S	13	286	299	0.00000
Oceanotoga sp. DSM 15011	2984951	S	190	0	190	0.00000
Defluviitoga tunisiensis	1006576	S	103	1	104	0.00000
Tepiditoga spiralis	2108365	S	90	0	90	0.00000
Petrotoga mobilis	69499	S	13	0	13	0.00000
Kosmotoga pacifica	1330330	S	304	0	304	0.00000
Mesotoga prima	1184387	S	55	1	56	0.00000
Aminomonas paucivorans	81412	S	172	0	172	0.00000
Cloacibacillus porcorum	1197717	S	39	0	39	0.00000
Cloacibacillus evryensis	508460	S	21	0	21	0.00000
Pyramidobacter sp. YE332	3068894	S	51	7	58	0.00000
Pyramidobacter piscolens	638849	S	39	5	44	0.00000
Aminithiophilus ramosus	3029084	S	63	34	97	0.00000
Aminobacterium sp. MB27-C1	3070661	S	33	2	35	0.00000
unidentified bacterial endosymbiont	2355	S	576	14	590	0.00000
Persicimonas caeni	2292766	S	372	0	372	0.00000
Bradymonas sediminis	1548548	S	170	0	170	0.00000
Candidatus Nanosynbacter sp. TM7-008	2902632	S	76	20	96	0.00000
Minisyncoccus archaeiphilus	3238481	S	102	0	102	0.00000
Fervidibacter sacchari	1448929	S	20	0	20	0.00000
Candidatus Babela massiliensis	673862	S	12	0	12	0.00000
Candidatus Bipolaricaulis anaerobius	2026885	S	12	0	12	0.00000
Lathyrus oleraceus	3888	S	16114	922	17036	0.00012
Vicia villosa	3911	S	14709	772	15481	0.00011
Medicago truncatula	3880	S	5474	322	5796	0.00004
Trifolium pratense	57577	S	4668	2492	7160	0.00005
Cicer arietinum	3827	S	6736	315	7051	0.00005
Lotus japonicus	34305	S	5589	406	5995	0.00004
Vigna radiata	157791	S	7651	644	8295	0.00006
Vigna unguiculata	3917	S	6857	1311	8168	0.00006
Vigna angularis	3914	S	5373	523	5896	0.00004
Glycine soja	3848	S	951	5620	6571	0.00005
Glycine max	3847	S	691	4509	5200	0.00004
Cajanus cajan	3821	S	8337	473	8810	0.00006
Phaseolus vulgaris	3885	S	7642	385	8027	0.00006
Arachis stenosperma	217475	S	3616	1588	5204	0.00004
Arachis hypogaea	3818	S	3581	10524	14105	0.00010
Arachis duranensis	130453	S	2694	3454	6148	0.00004
Arachis ipaensis	130454	S	366	4505	4871	0.00004
Lupinus angustifolius	3871	S	9472	462	9934	0.00007
Malus sylvestris	3752	S	2188	2398	4586	0.00003
Malus domestica	3750	S	1390	1331	2721	0.00002
Pyrus communis	23211	S	2893	656	3549	0.00003
Prunus mume	102107	S	1196	227	1423	0.00001
Prunus dulcis	3755	S	808	359	1167	0.00001
Prunus persica	3760	S	767	347	1114	0.00001
Rosa chinensis	74649	S	2519	533	3052	0.00002
Rosa rugosa	74645	S	2062	723	2785	0.00002
Argentina anserina	57926	S	2203	521	2724	0.00002
Fragaria vesca	57918	S	2096	210	2306	0.00002
Humulus lupulus	3486	S	14082	2268	16350	0.00012
Cannabis sativa	3483	S	6152	311	6463	0.00005
Ziziphus jujuba	326968	S	4410	1094	5504	0.00004
Hevea brasiliensis	3981	S	9891	389	10280	0.00007
Manihot esculenta	3983	S	5298	876	6174	0.00004
Ricinus communis	3988	S	5464	577	6041	0.00004
Mercurialis annua	3986	S	5151	1708	6859	0.00005
Euphorbia lathyris	212925	S	6888	477	7365	0.00005
Populus alba	43335	S	4624	467	5091	0.00004
Populus trichocarpa	3694	S	3860	1137	4997	0.00004
Populus nigra	3691	S	3792	5573	9365	0.00007
Quercus robur	38942	S	4486	3012	7498	0.00005
Quercus lobata	97700	S	4447	1782	6229	0.00005
Castanea sativa	21020	S	6234	918	7152	0.00005
Juglans microcarpa x Juglans regia	2249226	S	4132	960	5092	0.00004
Juglans regia	51240	S	4119	1354	5473	0.00004
Carya illinoinensis	32201	S	6251	1170	7421	0.00005
Alnus glutinosa	3517	S	4892	2053	6945	0.00005
Corylus avellana	13451	S	3540	175	3715	0.00003
Benincasa hispida	102211	S	10225	198	10423	0.00008
Cucumis melo	3656	S	5387	11464	16851	0.00012
Cucumis sativus	3659	S	3132	271	3403	0.00002
Cucurbita pepo	3663	S	3425	398	3823	0.00003
Tripterygium wilfordii	458696	S	2753	760	3513	0.00003
Gossypium hirsutum	3635	S	9032	6338	15370	0.00011
Gossypium raimondii	29730	S	5623	3216	8839	0.00006
Gossypium arboreum	29729	S	4945	3273	8218	0.00006
Theobroma cacao	3641	S	4152	168	4320	0.00003
Brassica napus	3708	S	3197	7335	10532	0.00008
Brassica oleracea	3712	S	1528	1930	3458	0.00003
Brassica rapa	3711	S	891	1683	2574	0.00002
Raphanus sativus	3726	S	4130	4725	8855	0.00006
Camelina sativa	90675	S	6671	182	6853	0.00005
Arabidopsis thaliana	3702	S	1856	157	2013	0.00001
Mangifera indica	29780	S	6763	626	7389	0.00005
Citrus sinensis	2711	S	4838	506	5344	0.00004
Eucalyptus grandis	71139	S	5301	910	6211	0.00005
Rhodamnia argentea	178133	S	1228	88	1316	0.00001
Punica granatum	22663	S	3067	317	3384	0.00002
Vitis vinifera	29760	S	2984	1973	4957	0.00004
Vitis riparia	96939	S	2312	1430	3742	0.00003
Solanum pennellii	28526	S	8599	1697	10296	0.00007
Solanum lycopersicum	4081	S	7336	7032	14368	0.00010
Solanum dulcamara	45834	S	8852	1952	10804	0.00008
Solanum stenotomum	172797	S	8120	1106	9226	0.00007
Capsicum annuum	4072	S	28335	512	28847	0.00021
Lycium barbarum	112863	S	7866	2011	9877	0.00007
Lycium ferocissimum	112874	S	6239	2186	8425	0.00006
Nicotiana attenuata	49451	S	8758	1248	10006	0.00007
Nicotiana tabacum	4097	S	3900	9547	13447	0.00010
Nicotiana tomentosiformis	4098	S	2811	4261	7072	0.00005
Nicotiana sylvestris	4096	S	1602	5745	7347	0.00005
Ipomoea triloba	35885	S	4436	565	5001	0.00004
Primulina huaijiensis	1492673	S	7981	1172	9153	0.00007
Primulina eburnea	1245227	S	4991	459	5450	0.00004
Primulina tabacum	48773	S	4281	889	5170	0.00004
Henckelia pumila	405737	S	6121	325	6446	0.00005
Salvia hispanica	49212	S	4591	610	5201	0.00004
Salvia miltiorrhiza	226208	S	4474	159	4633	0.00003
Salvia splendens	180675	S	7232	569	7801	0.00006
Olea europaea	4146	S	10057	198	10255	0.00007
Sesamum indicum	4182	S	2959	179	3138	0.00002
Coffea arabica	13443	S	3754	5952	9706	0.00007
Coffea eugenioides	49369	S	953	1402	2355	0.00002
Lactuca virosa	75947	S	12113	4091	16204	0.00012
Lactuca saligna	75948	S	11738	7723	19461	0.00014
Lactuca serriola	75943	S	4824	5883	10707	0.00008
Lactuca sativa	4236	S	4581	7050	11631	0.00008
Rutidosis leptorrhynchoides	125765	S	15488	1081	16569	0.00012
Helianthus annuus	4232	S	12118	368	12486	0.00009
Erigeron canadensis	72917	S	5848	559	6407	0.00005
Cynara cardunculus	4265	S	7155	215	7370	0.00005
Apium graveolens	4045	S	18301	324	18625	0.00014
Daucus carota	4039	S	4441	398	4839	0.00004
Impatiens glandulifera	253017	S	7683	352	8035	0.00006
Actinidia eriantha	165200	S	6791	202	6993	0.00005
Diospyros lotus	55363	S	6039	163	6202	0.00005
Rhododendron vialii	182163	S	3642	211	3853	0.00003
Silene latifolia	37657	S	11338	92	11430	0.00008
Spinacia oleracea	3562	S	5398	7370	12768	0.00009
Beta vulgaris	161934	S	4684	121	4805	0.00003
Amaranthus tricolor	29722	S	5798	1887	7685	0.00006
Malania oleifera	397392	S	12345	183	12528	0.00009
Triticum aestivum	4565	S	6523	9698	16221	0.00012
Triticum dicoccoides	85692	S	6023	7902	13925	0.00010
Triticum urartu	4572	S	3445	2746	6191	0.00005
Aegilops tauschii	37682	S	1034	2586	3620	0.00003
Hordeum vulgare	4513	S	10581	1348	11929	0.00009
Lolium rigidum	89674	S	6496	1452	7948	0.00006
Lolium perenne	4522	S	3487	1637	5124	0.00004
Brachypodium distachyon	15368	S	1592	63	1655	0.00001
Oryza brachyantha	4533	S	2166	132	2298	0.00002
Oryza glaberrima	4538	S	1170	1083	2253	0.00002
Oryza sativa	4530	S	792	1076	1868	0.00001
Miscanthus floridulus	154761	S	10001	296	10297	0.00007
Zea mays	4577	S	6270	604	6874	0.00005
Sorghum bicolor	4558	S	3332	416	3748	0.00003
Panicum virgatum	38727	S	5084	282	5366	0.00004
Panicum hallii	206008	S	3199	166	3365	0.00002
Setaria viridis	4556	S	753	721	1474	0.00001
Setaria italica	4555	S	617	587	1204	0.00001
Phragmites australis	29695	S	7101	405	7506	0.00005
Typha latifolia	4733	S	2587	452	3039	0.00002
Typha angustifolia	59011	S	2183	403	2586	0.00002
Ananas comosus	4615	S	3863	357	4220	0.00003
Carex rostrata	241230	S	3470	1028	4498	0.00003
Zingiber officinale	94328	S	14826	422	15248	0.00011
Curcuma longa	136217	S	3035	359	3394	0.00002
Musa acuminata	4641	S	7191	4976	12167	0.00009
Elaeis guineensis	51953	S	11168	511	11679	0.00009
Phoenix dactylifera	42345	S	5338	248	5586	0.00004
Asparagus officinalis	4686	S	8392	155	8547	0.00006
Dioscorea cayenensis	29710	S	6014	153	6167	0.00004
Wolffia australiana	161112	S	2966	88	3054	0.00002
Papaver somniferum	3469	S	14883	237	15120	0.00011
Telopea speciosissima	54955	S	7588	572	8160	0.00006
Macadamia integrifolia	60698	S	5153	486	5639	0.00004
Magnolia sinica	86752	S	10789	99	10888	0.00008
Nymphaea colorata	210225	S	3421	201	3622	0.00003
Cryptomeria japonica	3369	S	52968	5890	58858	0.00043
Physcomitrium patens	3218	S	4484	185	4669	0.00003
Chlamydomonas reinhardtii	3055	S	1689	5	1694	0.00001
Ostreococcus tauri	70448	S	94	5	99	0.00000
Ostreococcus sp. 'lucimarinus'	242159	S	90	5	95	0.00000
Bathycoccus prasinos	41875	S	100	4	104	0.00000
Micromonas commoda	296587	S	176	4	180	0.00000
Homo sapiens	9606	S	494803	30089	524892	0.00382
Fusarium graminearum	5518	S	457	433	890	0.00001
Fusarium poae	36050	S	340	210	550	0.00000
Fusarium pseudograminearum	101028	S	195	120	315	0.00000
Fusarium falciforme	195108	S	425	261	686	0.00000
Fusarium keratoplasticum	1328300	S	325	246	571	0.00000
Fusarium fujikuroi	5127	S	304	20	324	0.00000
Fusarium verticillioides	117187	S	224	569	793	0.00001
Fusarium oxysporum	5507	S	509	57	566	0.00000
Fusarium musae	1042133	S	102	251	353	0.00000
Drechmeria coniospora	98403	S	1099	74	1173	0.00001
Purpureocillium takamizusanense	2060973	S	735	200	935	0.00001
Trichoderma breve	2034170	S	587	185	772	0.00001
Trichoderma atroviride	63577	S	553	265	818	0.00001
Trichoderma asperellum	101201	S	332	223	555	0.00000
Metarhizium brunneum	500148	S	613	36	649	0.00000
Ustilaginoidea virens	1159556	S	595	78	673	0.00000
Pochonia chlamydosporia	280754	S	342	24	366	0.00000
Akanthomyces muscarius	2231603	S	802	96	898	0.00001
Colletotrichum higginsianum	80884	S	359	947	1306	0.00001
Colletotrichum destructivum	34406	S	285	390	675	0.00000
Colletotrichum lupini	145971	S	1352	180	1532	0.00001
Neurospora crassa	5141	S	1279	222	1501	0.00001
Sordaria macrospora	5147	S	586	321	907	0.00001
Remersonia thermophila	72144	S	672	123	795	0.00001
Thermothielavioides terrestris	2587410	S	477	97	574	0.00000
Thermothelomyces thermophilus	78579	S	407	47	454	0.00000
Podospora bellae-mahoneyi	2093777	S	97	104	201	0.00000
Podospora pseudopauciseta	2093780	S	94	573	667	0.00000
Podospora pseudoanserina	2609844	S	41	305	346	0.00000
Podospora pseudocomata	2093779	S	33	53	86	0.00000
Pyricularia pennisetigena	1578925	S	564	78	642	0.00000
Pyricularia grisea	148305	S	423	50	473	0.00000
Pyricularia oryzae	318829	S	360	83	443	0.00000
Botrytis cinerea	40559	S	465	24	489	0.00000
Aspergillus luchuensis	1069201	S	599	51	650	0.00000
Aspergillus oryzae	5062	S	32	286	318	0.00000
Aspergillus flavus	5059	S	16	151	167	0.00000
Aspergillus puulaauensis	1220207	S	403	20	423	0.00000
Aspergillus nidulans	162425	S	308	2	310	0.00000
Aspergillus chevalieri	182096	S	142	19	161	0.00000
Aspergillus fumigatus	746128	S	109	10	119	0.00000
Penicillium digitatum	36651	S	383	25	408	0.00000
Penicillium psychrofluorescens	3158075	S	174	19	193	0.00000
Penicillium oxalicum	69781	S	100	20	120	0.00000
Talaromyces rugulosus	121627	S	461	51	512	0.00000
Talaromyces marneffei	37727	S	152	6	158	0.00000
Coccidioides posadasii	199306	S	269	31	300	0.00000
Ascochyta rabiei	5454	S	684	23	707	0.00001
Alternaria dauci	48095	S	326	15	341	0.00000
Pyrenophora tritici-repentis	45151	S	286	111	397	0.00000
Zymoseptoria tritici	1047171	S	259	6	265	0.00000
Cercospora beticola	122368	S	243	27	270	0.00000
Fulvia fulva	5499	S	196	6	202	0.00000
Saccharomyces mikatae	114525	S	420	14	434	0.00000
Saccharomyces eubayanus	1080349	S	170	4	174	0.00000
Saccharomyces kudriavzevii	114524	S	145	10	155	0.00000
Saccharomyces paradoxus	27291	S	114	12	126	0.00000
Saccharomyces cerevisiae	4932	S	31	4	35	0.00000
Zygosaccharomyces rouxii	4956	S	595	19	614	0.00000
Naumovozyma dairenensis	27289	S	419	7	426	0.00000
Naumovozyma castellii	27288	S	48	1	49	0.00000
Tetrapisispora phaffii	113608	S	430	5	435	0.00000
Henningerozyma blattae	1071379	S	364	9	373	0.00000
Eremothecium gossypii	33169	S	162	92	254	0.00000
Eremothecium cymbalariae	45285	S	83	5	88	0.00000
Eremothecium sinecaudum	45286	S	60	17	77	0.00000
Torulaspora delbrueckii	4950	S	125	8	133	0.00000
Torulaspora globosa	48254	S	118	3	121	0.00000
Kluyveromyces marxianus	4911	S	176	14	190	0.00000
Kluyveromyces lactis	28985	S	52	2	54	0.00000
Nakaseomyces glabratus	5478	S	173	14	187	0.00000
Lachancea thermotolerans	381046	S	146	4	150	0.00000
Huiozyma naganishii	588726	S	45	1	46	0.00000
Kazachstania africana	432096	S	31	0	31	0.00000
Zygotorulaspora mrakii	42260	S	20	1	21	0.00000
Saccharomycodes ludwigii	36035	S	182	22	204	0.00000
Lodderomyces elongisporus	36914	S	466	42	508	0.00000
Lodderomyces beijingensis	1775926	S	120	11	131	0.00000
Candida albicans	5476	S	246	7	253	0.00000
Candida dubliniensis	42374	S	126	4	130	0.00000
Candida orthopsilosis	273371	S	50	0	50	0.00000
Debaryomyces hansenii	4959	S	363	1	364	0.00000
Yamadazyma tenuis	2315449	S	173	8	181	0.00000
Scheffersomyces stipitis	4924	S	85	1	86	0.00000
Australozyma saopauloensis	291208	S	43	1	44	0.00000
Candidozyma auris	498019	S	28	2	30	0.00000
Brettanomyces bruxellensis	5007	S	162	3	165	0.00000
Brettanomyces nanus	13502	S	86	8	94	0.00000
Pichia kudriavzevii	4909	S	202	9	211	0.00000
Komagataella phaffii	460519	S	151	0	151	0.00000
Ogataea parapolymorpha	1005962	S	99	3	102	0.00000
Yarrowia lipolytica	4952	S	389	0	389	0.00000
Sugiyamaella lignohabitans	796027	S	287	9	296	0.00000
Schizosaccharomyces pombe	4896	S	113	2	115	0.00000
Schizosaccharomyces osmophilus	2545709	S	69	7	76	0.00000
Kwoniella dendrophila	4975	S	393	327	720	0.00001
Kwoniella shivajii	564305	S	248	93	341	0.00000
Kwoniella dejecticola	324770	S	219	105	324	0.00000
Kwoniella pini	453459	S	151	91	242	0.00000
Kwoniella shandongensis	1734106	S	106	76	182	0.00000
Kwoniella newhampshirensis	1651941	S	63	29	92	0.00000
Kwoniella mangrovensis	463800	S	57	204	261	0.00000
Kwoniella botswanensis	1268659	S	46	364	410	0.00000
Kwoniella europaea	1247712	S	32	216	248	0.00000
Kwoniella bestiolae	324769	S	31	12	43	0.00000
Cryptococcus tetragattii	1859121	S	178	205	383	0.00000
Cryptococcus gattii	37769	S	51	97	148	0.00000
Cryptococcus deuterogattii	1859096	S	11	5	16	0.00000
Cryptococcus depauperatus	5208	S	247	9	256	0.00000
Cryptococcus deneoformans	40410	S	63	0	63	0.00000
Cryptococcus neoformans	5207	S	18	4	22	0.00000
Vanrija pseudolonga	143232	S	198	13	211	0.00000
Cutaneotrichosporon cavernicola	279322	S	123	2	125	0.00000
Psilocybe cubensis	181762	S	383	3	386	0.00000
Marasmius oreades	181124	S	184	2	186	0.00000
Rhizoctonia solani	456999	S	65	0	65	0.00000
Puccinia triticina	208348	S	1174	2	1176	0.00001
Puccinia striiformis	27350	S	454	21	475	0.00000
Malassezia restricta	76775	S	398	50	448	0.00000
Malassezia japonica	223818	S	336	22	358	0.00000
Malassezia vespertilionis	2020962	S	73	3	76	0.00000
Mycosarcoma maydis	5270	S	389	0	389	0.00000
Sporisorium graminicola	280036	S	158	7	165	0.00000
Rhizophagus irregularis	588596	S	1991	69	2060	0.00001
Vairimorpha necatrix	6039	S	329	2	331	0.00000
Encephalitozoon romaleae	571949	S	19	0	19	0.00000
Plasmodium chabaudi	5825	S	1225	149	1374	0.00001
Plasmodium vinckei	5860	S	512	69	581	0.00000
Plasmodium berghei	5821	S	384	57	441	0.00000
Plasmodium yoelii	5861	S	270	37	307	0.00000
Plasmodium cynomolgi	5827	S	616	28	644	0.00000
Plasmodium vivax	5855	S	358	14	372	0.00000
Plasmodium knowlesi	5850	S	238	10	248	0.00000
Plasmodium brasilianum	5824	S	132	470	602	0.00000
Plasmodium malariae	5858	S	14	35	49	0.00000
Plasmodium reichenowi	5854	S	288	173	461	0.00000
Plasmodium adleri (nom. inval.)	880535	S	272	184	456	0.00000
Plasmodium falciparum	5833	S	123	62	185	0.00000
Plasmodium gaboni	647221	S	111	85	196	0.00000
Plasmodium relictum	85471	S	542	21	563	0.00000
Plasmodium coatneyi	208452	S	95	6	101	0.00000
Theileria annulata	5874	S	786	1	787	0.00001
Theileria parva	5875	S	100	0	100	0.00000
Theileria equi	5872	S	87	0	87	0.00000
Theileria orientalis	68886	S	39	0	39	0.00000
Babesia bovis	5865	S	178	23	201	0.00000
Babesia microti	5868	S	102	13	115	0.00000
Babesia duncani	323732	S	50	12	62	0.00000
Babesia bigemina	5866	S	37	3	40	0.00000
Besnoitia besnoiti	94643	S	195	1	196	0.00000
Neospora caninum	29176	S	166	0	166	0.00000
Toxoplasma gondii	5811	S	100	8	108	0.00000
Cryptosporidium parvum	5807	S	95	0	95	0.00000
Thalassiosira pseudonana	35128	S	208	12	220	0.00000
Phaeodactylum tricornutum	2850	S	202	6	208	0.00000
Bremia lactucae	4779	S	227	0	227	0.00000
Trichomonas vaginalis	5722	S	3292	2	3294	0.00002
Giardia duodenalis	5741	S	115	0	115	0.00000
Spironucleus salmonicida	348837	S	57	0	57	0.00000
Leishmania martiniquensis	1580590	S	386	18	404	0.00000
Leishmania donovani	5661	S	20	169	189	0.00000
Leishmania infantum	5671	S	15	125	140	0.00000
Leishmania major	5664	S	195	70	265	0.00000
Leishmania mexicana	5665	S	71	8	79	0.00000
Leishmania sp. Ghana 2012 LV757	2803181	S	97	85	182	0.00000
Leishmania sp. Namibia	2802991	S	71	21	92	0.00000
Leishmania enriettii	5663	S	141	19	160	0.00000
Leishmania orientalis	2249476	S	20	23	43	0.00000
Leishmania braziliensis	5660	S	36	49	85	0.00000
Leishmania panamensis	5679	S	32	45	77	0.00000
Porcisia hertigi	2761500	S	114	0	114	0.00000
Trypanosoma brucei	5691	S	169	0	169	0.00000
Dictyostelium discoideum	44689	S	694	6	700	0.00001
Cyanidioschyzon merolae	45157	S	187	0	187	0.00000
Guillardia theta	55529	S	24	0	24	0.00000
Halorubrum sp. PV6	634157	S	175	5	180	0.00000
Halorubrum sp. DM2	2527867	S	157	10	167	0.00000
Halorubrum sp. AS12	3409687	S	103	33	136	0.00000
Halorubrum sp. CBA1229	1853699	S	35	5	40	0.00000
Halorubrum sp. 2020YC2	2836432	S	15	1	16	0.00000
Halorubrum trapanicum	29284	S	41	31	72	0.00000
Halorubrum lacusprofundi	2247	S	29	4	33	0.00000
Halorubrum ezzemoulense	337243	S	22	2	24	0.00000
Halorubrum xinjiangense	261291	S	19	10	29	0.00000
Halorubrum hochsteinianum	2949307	S	19	3	22	0.00000
Halorubrum ruber	2982524	S	15	12	27	0.00000
Halobaculum sp. CBA1158	2904243	S	143	19	162	0.00000
Halobaculum roseum	2175149	S	119	84	203	0.00000
Halobaculum lipolyticum	3032001	S	87	2	89	0.00000
Halobaculum marinum	3031996	S	73	1	74	0.00000
Halobaculum rarum	3075122	S	32	1	33	0.00000
Halobaculum litoreum	3031998	S	26	1	27	0.00000
Halobaculum limi	3031916	S	18	0	18	0.00000
Halobaculum halobium	3032281	S	17	2	19	0.00000
Haloplanus halophilus	2949993	S	187	23	210	0.00000
Haloplanus pelagicus	2949995	S	94	43	137	0.00000
Haloplanus salilacus	2949994	S	47	1	48	0.00000
Haloplanus aerogenes	660522	S	32	1	33	0.00000
Haloplanus litoreus	767515	S	26	5	31	0.00000
Haloplanus rubicundus	1547898	S	25	1	26	0.00000
Haloferax sp. S1W	3377110	S	29	226	255	0.00000
Haloferax mediterranei	2252	S	16	6	22	0.00000
Haloferax gibbonsii	35746	S	13	60	73	0.00000
Halorarum salinum	2743089	S	159	3	162	0.00000
Halorarum halobium	3075121	S	116	21	137	0.00000
Halorarum halophilum	2743090	S	39	0	39	0.00000
Haloprofundus salinisoli	2876193	S	161	5	166	0.00000
Haloprofundus halobius	2876194	S	30	1	31	0.00000
Haloprofundus sp. MHR1	2572921	S	14	1	15	0.00000
Haloprofundus salilacus	2876190	S	10	0	10	0.00000
Salinigranum marinum	1515595	S	171	0	171	0.00000
Salinigranum rubrum	755307	S	19	0	19	0.00000
Halobellus inordinatus	1126236	S	59	2	61	0.00000
Halobellus limi	699433	S	31	5	36	0.00000
Halohasta litchfieldiae	1073996	S	85	10	95	0.00000
Haloquadratum walsbyi	293091	S	44	0	44	0.00000
Halopenitus persicus	1048396	S	40	0	40	0.00000
Halogeometricum borinquense	60847	S	16	0	16	0.00000
Salinirarus marinus	3068310	S	16	2	18	0.00000
Halolamina sp. CBA1230	1853690	S	14	1	15	0.00000
Halomicrobium sp. HM KBTZ05	3242663	S	761	106	867	0.00001
Halomicrobium urmianum	1586233	S	99	6	105	0.00000
Halomicrobium salinisoli	2878391	S	48	2	50	0.00000
Haloarcula sp. NS06	3409688	S	109	43	152	0.00000
Haloarcula sp. JP-L23	2716717	S	40	1	41	0.00000
Haloarcula pelagica	3033389	S	147	5	152	0.00000
Haloarcula marina	2961574	S	93	2	95	0.00000
Haloarcula salina	1429914	S	90	12	102	0.00000
Haloarcula rara	3033387	S	66	1	67	0.00000
Haloarcula litorea	3032579	S	52	12	64	0.00000
Haloarcula marismortui	2238	S	38	20	58	0.00000
Haloarcula regularis	3033392	S	28	5	33	0.00000
Haloarcula montana	3111776	S	19	4	23	0.00000
Haloarcula ordinaria	3033390	S	15	0	15	0.00000
Haloarcula halophila	3032584	S	14	3	17	0.00000
Halosimplex pelagicum	869886	S	76	9	85	0.00000
Halosimplex rarum	3396619	S	44	2	46	0.00000
Halosimplex aquaticum	3026162	S	36	22	58	0.00000
Halosimplex litoreum	1198301	S	30	1	31	0.00000
Halosimplex rubrum	869889	S	23	4	27	0.00000
Halorientalis pallida	2479928	S	57	22	79	0.00000
Halorientalis marina	2931976	S	37	30	67	0.00000
Halorientalis litorea	2931977	S	25	24	49	0.00000
Halorientalis sp. IM1011	1932360	S	15	6	21	0.00000
Halorhabdus sp. CBA1104	1380432	S	16	66	82	0.00000
Halorhabdus tiamatea	430914	S	23	10	33	0.00000
Halapricum desulfuricans	2841257	S	74	2	76	0.00000
Halapricum salinum	1457250	S	33	3	36	0.00000
Salinibaculum rarum	3058903	S	35	1	36	0.00000
Salinibaculum marinum	3131993	S	19	2	21	0.00000
Halococcoides cellulosivorans	1679096	S	13	0	13	0.00000
Natrinema pallidum	69527	S	223	18	241	0.00000
Natrinema halophilum	1699371	S	194	3	197	0.00000
Natrinema thermotolerans	121872	S	101	20	121	0.00000
Natrinema zhouii	1710539	S	95	9	104	0.00000
Natrinema sp. 74	3384159	S	57	2	59	0.00000
Natrinema sp. SYSU A 869	2871694	S	19	0	19	0.00000
Natrinema caseinilyticum	2961570	S	28	0	28	0.00000
Natrinema pellirubrum	69525	S	14	7	21	0.00000
Natrinema marinum	2961598	S	13	0	13	0.00000
Natrinema salinisoli	2878535	S	11	0	11	0.00000
Natrinema gelatinilyticum	2961571	S	10	0	10	0.00000
Halovivax ruber	387341	S	83	2	85	0.00000
Halovivax cerinus	1487865	S	52	1	53	0.00000
Halovivax limisalsi	1453760	S	25	0	25	0.00000
Halovivax gelatinilyticus	2961597	S	23	0	23	0.00000
Haloterrigena alkaliphila	2816475	S	78	7	85	0.00000
Haloterrigena salifodinae	2675099	S	31	3	34	0.00000
Haloterrigena turkmenica	62320	S	17	1	18	0.00000
Haloterrigena salinisoli	3132747	S	14	1	15	0.00000
Natronorubrum bangense	61858	S	51	9	60	0.00000
Natronorubrum aibiense	348826	S	39	4	43	0.00000
Natronorubrum halobium	3447018	S	18	0	18	0.00000
Natronorubrum daqingense	588898	S	17	0	17	0.00000
Natronosalvus halobius	2953746	S	42	5	47	0.00000
Natronosalvus vescus	2953881	S	38	0	38	0.00000
Natronosalvus amylolyticus	2961994	S	15	0	15	0.00000
Natronococcus occultus	29288	S	79	2	81	0.00000
Natronococcus wangiae	3068275	S	18	0	18	0.00000
Natronococcus zhouii	2951804	S	15	0	15	0.00000
Salinilacihabitans rarus	2961596	S	101	4	105	0.00000
Natrarchaeobaculum sulfurireducens	2044521	S	55	2	57	0.00000
Natrialbaceae archaeon AArc-T1-2	3053904	S	23	2	25	0.00000
Natrarchaeobaculum aegyptiacum	745377	S	11	0	11	0.00000
Natrialba aegyptia	129789	S	65	7	72	0.00000
Natrialba magadii	13769	S	23	1	24	0.00000
Natronobeatus ordinarius	2963433	S	85	10	95	0.00000
Halosolutus gelatinilyticus	2931975	S	50	8	58	0.00000
Natronobacterium lacisalsi	229731	S	51	7	58	0.00000
Natronobacterium gregoryi	44930	S	11	0	11	0.00000
Halomontanus rarus	3034020	S	57	0	57	0.00000
Halovalidus salilacus	3075124	S	52	1	53	0.00000
Natribaculum luteum	1586232	S	37	3	40	0.00000
Halopiger xanaduensis	387343	S	35	2	37	0.00000
Natrononativus amylolyticus	2963434	S	28	0	28	0.00000
Halorarius halobius	2962671	S	345	37	382	0.00000
Halorarius litoreus	2962676	S	48	2	50	0.00000
Haloglomus halophilum	2962672	S	103	28	131	0.00000
Haloglomus litoreum	3034026	S	37	0	37	0.00000
Haloglomus salinum	2962673	S	20	1	21	0.00000
Natronomonas salina	1710540	S	49	0	49	0.00000
Natronomonas gomsonensis	1046043	S	41	8	49	0.00000
Natronomonas marina	2961939	S	37	4	41	0.00000
Natronomonas halophila	2747817	S	26	0	26	0.00000
Salinirubellus salinus	1364945	S	109	1	110	0.00000
Salinirubellus litoreus	3131999	S	33	0	33	0.00000
Halocatena halophila	2814576	S	63	0	63	0.00000
Halocatena salina	2934340	S	21	0	21	0.00000
Halocatena marina	2934937	S	13	0	13	0.00000
Halomarina litorea	2961595	S	43	1	44	0.00000
Halomarina pelagica	2961599	S	17	2	19	0.00000
Halomarina halobia	3033386	S	17	2	19	0.00000
Halosegnis marinus	3034023	S	75	0	75	0.00000
Halorussus gelatinilyticus	2937524	S	162	24	186	0.00000
Halorussus salilacus	2953750	S	130	6	136	0.00000
Halorussus pelagicus	2505977	S	66	1	67	0.00000
Halorussus vallis	2953749	S	66	12	78	0.00000
Halorussus caseinilyticus	3034025	S	39	0	39	0.00000
Halorussus aquaticus	2953748	S	18	5	23	0.00000
Halorussus halophilus	2650975	S	17	0	17	0.00000
Halorussus lipolyticus	3034024	S	16	0	16	0.00000
Halorussus limi	2938695	S	13	5	18	0.00000
Haladaptatus sp. SPP-AMP-3	3121295	S	35	3	38	0.00000
Haladaptatus caseinilyticus	2993314	S	31	5	36	0.00000
Haladaptatus pallidirubidus	1008152	S	28	10	38	0.00000
Haladaptatus halobius	2884875	S	15	6	21	0.00000
Halomicrococcus gelatinilyticus	1702103	S	114	3	117	0.00000
Halobacterium noricense	223182	S	48	124	172	0.00000
Halobacterium litoreum	2039234	S	36	3	39	0.00000
Halobacterium wangiae	2902623	S	25	2	27	0.00000
Halobacterium zhouii	2902624	S	10	3	13	0.00000
Halodesulfurarchaeum formicicum	1873524	S	68	0	68	0.00000
Halanaeroarchaeum sulfurireducens	1604004	S	30	0	30	0.00000
Halanaeroarchaeum sp. HSR-CO	2866382	S	19	0	19	0.00000
Salarchaeum sp. JOR-1	2599399	S	30	4	34	0.00000
Salarchaeum japonicum	555573	S	10	6	16	0.00000
Halarchaeum sp. CBA1220	1853682	S	42	0	42	0.00000
Halospeciosus flavus	3032283	S	11	1	12	0.00000
Halalkalicoccus jeotgali	413810	S	151	0	151	0.00000
Halalkalicoccus salilacus	3117459	S	59	0	59	0.00000
Halococcus qingdaonensis	224402	S	17	0	17	0.00000
Halococcus dombrowskii	179637	S	14	4	18	0.00000
Halococcus morrhuae	2250	S	11	5	16	0.00000
Halococcus saccharolyticus	62319	S	10	0	10	0.00000
Salinarchaeum sp. Harcht-Bsk1	1333523	S	39	0	39	0.00000
Salinarchaeum laminariae	869888	S	40	0	40	0.00000
Haloarchaeobius sp. DT45	3446116	S	76	0	76	0.00000
Natronorarus salvus	3117733	S	17	0	17	0.00000
Methanosarcina barkeri	2208	S	257	1	258	0.00000
Methanosarcina vacuolata	2215	S	257	386	643	0.00000
Methanosarcina mazei	2209	S	246	6	252	0.00000
Methanosarcina mangrovi	3439062	S	153	4	157	0.00000
Methanosarcina siciliae	38027	S	122	1	123	0.00000
Methanosarcina horonobensis	418008	S	113	0	113	0.00000
Methanosarcina sp. MTP4	1434100	S	75	35	110	0.00000
Methanosarcina acetivorans	2214	S	76	4	80	0.00000
Methanosarcina hadiensis	3078083	S	56	3	59	0.00000
Methanosarcina sediminis	3439063	S	21	2	23	0.00000
Methanolapillus millepedarum	3028296	S	319	19	338	0.00000
Methanolobus sp. WCC4	3125784	S	70	0	70	0.00000
Methanolobus sp. WCC5	3125785	S	68	0	68	0.00000
Methanolobus sp. ZRKC5	3136295	S	44	15	59	0.00000
Methanolobus sediminis	3072978	S	93	0	93	0.00000
Methanococcoides burtonii	29291	S	120	0	120	0.00000
Methanococcoides orientis	2822137	S	81	0	81	0.00000
Methanococcoides methylutens	2226	S	33	0	33	0.00000
Methanomethylovorans hollandica	101192	S	94	0	94	0.00000
Methanimicrococcus hongohii	3028295	S	55	0	55	0.00000
Methanimicrococcus stummii	3028294	S	30	0	30	0.00000
Methanohalobium evestigatum	2322	S	84	0	84	0.00000
Methanosalsum zhilinae	39669	S	54	0	54	0.00000
Methanohalophilus portucalensis	39664	S	21	0	21	0.00000
Methanohalophilus mahii	2176	S	11	0	11	0.00000
Methanofollis liminatans	2201	S	90	13	103	0.00000
Methanofollis formosanus	299308	S	29	78	107	0.00000
Methanoplanus limicola	2315	S	67	67	134	0.00000
Methanochimaera problematica	2609417	S	136	0	136	0.00000
Methanoculleus bourgensis	83986	S	10	2	12	0.00000
Methanomicrobium antiquum	487686	S	11	0	11	0.00000
Methanospirillum purgamenti	2834276	S	153	0	153	0.00000
Methanospirillum stamsii	1277351	S	48	0	48	0.00000
Methanospirillum hungatei	2203	S	13	0	13	0.00000
Methanosphaerula palustris	475088	S	116	0	116	0.00000
Methanosphaerula subterraneus	3350244	S	52	0	52	0.00000
Methanoregula formicica	882104	S	16	0	16	0.00000
Methanoregula boonei	358766	S	11	0	11	0.00000
Methanocorpusculum labreanum	83984	S	60	0	60	0.00000
Methanothrix harundinacea	301375	S	230	1	231	0.00000
Methanocella sp. MCL-LM	3412035	S	21	1	22	0.00000
Methanocella conradii	1175444	S	17	0	17	0.00000
Methanocella paludicola	570267	S	12	0	12	0.00000
Methanobrevibacter sp. YE315	1609968	S	119	0	119	0.00000
Methanobrevibacter sp. AbM4	224719	S	88	0	88	0.00000
Methanobrevibacter sp. DSM 116169	3242727	S	34	0	34	0.00000
Methanobrevibacter smithii	2173	S	167	44	211	0.00000
Methanobrevibacter olleyae	294671	S	115	0	115	0.00000
Methanobrevibacter arboriphilus	39441	S	41	0	41	0.00000
Methanobrevibacter millerae	230361	S	37	0	37	0.00000
Methanobrevibacter ruminantium	83816	S	30	0	30	0.00000
Methanobrevibacter acididurans	120963	S	19	0	19	0.00000
Methanobacterium sp. ACI-7	3240853	S	120	0	120	0.00000
Methanobacterium sp. BAmetb5	2025351	S	19	0	19	0.00000
Methanobacterium sp. MZ-A1	1911685	S	17	31	48	0.00000
Methanobacterium formicicum	2162	S	86	2	88	0.00000
Methanobacterium congolense	118062	S	50	0	50	0.00000
Methanobacterium ferruginis	710191	S	35	0	35	0.00000
Methanobacterium alkalithermotolerans	2731220	S	33	0	33	0.00000
Methanobacterium lacus	877455	S	22	0	22	0.00000
Methanosphaera stadtmanae	2317	S	137	2	139	0.00000
Methanosphaera sp. BMS	1789762	S	45	0	45	0.00000
Methanosphaera sp. ISO3-F5	1452353	S	44	0	44	0.00000
Methanothermobacter tenebrarum	680118	S	33	11	44	0.00000
Methanococcus maripaludis	39152	S	141	30	171	0.00000
Methanococcus aeolicus	42879	S	130	0	130	0.00000
Methanothermococcus sp. Ax23	3156486	S	110	0	110	0.00000
Methanocaldococcus fervens	83171	S	114	34	148	0.00000
Methanocaldococcus infernus	67760	S	78	5	83	0.00000
Methanocaldococcus vulcanius	73913	S	21	6	27	0.00000
Methanocaldococcus indicus	213231	S	19	1	20	0.00000
Methanocaldococcus jannaschii	2190	S	10	3	13	0.00000
Methanotorris igneus	2189	S	11	0	11	0.00000
Methanofervidicoccus sp. A16	2607662	S	139	0	139	0.00000
Methanopyrus kandleri	2320	S	34	1	35	0.00000
Thermococcus litoralis	2265	S	31	12	43	0.00000
Thermococcus indicus	2586643	S	31	41	72	0.00000
Thermococcus thioreducens	277988	S	13	8	21	0.00000
Thermococcus cleftensis	163003	S	10	2	12	0.00000
Pyrococcus sp. ST04	1183377	S	136	1	137	0.00000
Pyrococcus sp. NA2	342949	S	14	0	14	0.00000
Palaeococcus pacificus	971279	S	42	0	42	0.00000
Archaeoglobus sulfaticallidus	1316941	S	88	0	88	0.00000
Archaeoglobus profundus	84156	S	11	0	11	0.00000
Geoglobus ahangari	113653	S	18	0	18	0.00000
Methanonatronarchaeum sp. AMET6-2	2933293	S	61	5	66	0.00000
Methanonatronarchaeum sp. AMET-Sl	3037654	S	19	1	20	0.00000
Acidiplasma sp.	1872114	S	218	0	218	0.00000
Ferroplasma acidiphilum	74969	S	17	71	88	0.00000
Oxyplasma meridianum	3073602	S	74	0	74	0.00000
Picrophilus oshimae	46632	S	80	0	80	0.00000
Candidatus Methanomassiliicoccus intestinalis	1406512	S	60	0	60	0.00000
Candidatus Methanoplasma termitum	1577791	S	20	0	20	0.00000
Acidianus sp. HS-5	2886040	S	259	0	259	0.00000
Acidianus sulfidivorans	312539	S	227	1	228	0.00000
Acidianus manzaensis	282676	S	135	0	135	0.00000
Acidianus ambivalens	2283	S	11	9	20	0.00000
Saccharolobus solfataricus	2287	S	126	6	132	0.00000
Saccharolobus islandicus	43080	S	96	20	116	0.00000
Saccharolobus caldissimus	1702097	S	61	0	61	0.00000
Saccharolobus sp. A20	1891280	S	25	0	25	0.00000
Sulfurisphaera javensis	2049879	S	133	0	133	0.00000
Sulfurisphaera tokodaii	111955	S	44	46	90	0.00000
Sulfurisphaera ohwakuensis	69656	S	17	12	29	0.00000
Sulfuracidifex metallicus	47303	S	244	0	244	0.00000
Sulfolobus sp. E11-6	2663020	S	32	16	48	0.00000
Sulfolobus acidocaldarius	2285	S	26	0	26	0.00000
Stygiolobus azoricus	41675	S	17	0	17	0.00000
Thermoproteus tenax	2271	S	77	0	77	0.00000
Thermoproteus uzoniensis	184117	S	58	0	58	0.00000
Vulcanisaeta souniana	164452	S	85	0	85	0.00000
Pyrobaculum ferrireducens	1104324	S	39	0	39	0.00000
Pyrobaculum neutrophilum	70771	S	24	0	24	0.00000
Pyrobaculum islandicum	2277	S	10	0	10	0.00000
Thermogladius sp. 4427co	3450718	S	51	0	51	0.00000
Staphylothermus marinus	2280	S	11	0	11	0.00000
Aeropyrum pernix	56636	S	12	0	12	0.00000
Hyperthermus butylicus	54248	S	39	0	39	0.00000
Fervidicoccus fontis	683846	S	22	0	22	0.00000
Caldisphaera lagunensis	200415	S	12	0	12	0.00000
Nitrosopumilus sp. K4	2795383	S	318	20	338	0.00000
Candidatus Nitrosopumilus sp.	2024843	S	138	86	224	0.00000
Nitrosopumilus sp. S4	3569261	S	94	19	113	0.00000
Candidatus Nitrosopumilus sp. SW	2508726	S	40	35	75	0.00000
Nitrosopumilus maritimus	338192	S	29	42	71	0.00000
Nitrosopumilus cobalaminigenes	1470066	S	21	11	32	0.00000
Nitrosopumilus oxyclinae	1959104	S	11	3	14	0.00000
Candidatus Nitrosopumilus sediminis	1229909	S	10	4	14	0.00000
Nitrosarchaeum sp. AC2	2259673	S	208	0	208	0.00000
Candidatus Nitrosocosmicus franklandianus	1798806	S	200	0	200	0.00000
Candidatus Nitrosocosmicus sp. R	3141786	S	73	0	73	0.00000
Candidatus Nitrosocosmicus sp. T	3141785	S	18	0	18	0.00000
Candidatus Nitrosocosmicus hydrocola	1826872	S	58	0	58	0.00000
Candidatus Nitrosocosmicus oleophilus	1353260	S	28	0	28	0.00000
Candidatus Nitrososphaera gargensis	497727	S	29	0	29	0.00000
Nitrososphaera viennensis	1034015	S	12	0	12	0.00000
Candidatus Nitrosotenuis cloacae	1603555	S	103	0	103	0.00000
Candidatus Nitrosotenuis aquarius	1846278	S	16	0	16	0.00000
Candidatus Nitrosopelagicus brevis	1410606	S	25	0	25	0.00000
Candidatus Lokiarchaeum ossiferum	2951803	S	335	0	335	0.00000
Promethearchaeum syntrophicum	2594042	S	86	0	86	0.00000
Nanobdella aerobiophila	2586965	S	140	0	140	0.00000
Kanagawavirus pei20	2844109	S	1968	67	2035	0.00001
Kanagawavirus threeohfive	3060062	S	326	92	418	0.00000
Kanagawavirus cipnine	2844119	S	256	67	323	0.00000
Kanagawavirus mime	3060061	S	235	90	325	0.00000
Kanagawavirus eclm	3060060	S	227	98	325	0.00000
Dhakavirus vr5	1914195	S	25	7	32	0.00000
Dhakavirus JS98	2004457	S	14	22	36	0.00000
Dhakavirus ecom005	2955757	S	12	13	25	0.00000
Dhakavirus ime281	2955758	S	11	30	41	0.00000
Gaprivervirus vr25	1913685	S	101	24	125	0.00000
Winklervirus chi14	2560752	S	42	33	75	0.00000
Winklervirus xtwenty	2956680	S	18	13	31	0.00000
Karamvirus mypsh1140	2956050	S	16	32	48	0.00000
Karamvirus cc31	1913656	S	11	22	33	0.00000
Moonvirus kayemsixteen	3060391	S	10	38	48	0.00000
Jiaodavirus kp179	2956011	S	19	23	42	0.00000
Tegunavirus fheyen901	2956491	S	17	13	30	0.00000
Kagamiyamavirus ecs1	2956045	S	28	0	28	0.00000
Mosugukvirus pm2	2956206	S	24	0	24	0.00000
Cronobacter phage S13	1327935	S	17	7	24	0.00000
Ormenosvirus syn9	2956240	S	42	1	43	0.00000
Sedonavirus tusconh	2956426	S	37	2	39	0.00000
Scappvirus scapp	3060680	S	586	0	586	0.00000
Hafyongvirus yong1	3429141	S	263	1	264	0.00000
Faustvirus faust	3059994	S	216	0	216	0.00000
Samistivirus bmoc	2956391	S	11	0	11	0.00000
Bacillus phage SP-10	941058	S	163	0	163	0.00000
Gamaleyavirus Zq2	3060013	S	155	0	155	0.00000
Tlsvirus LL5	2734010	S	62	0	62	0.00000
Sauletekiovirus AAS23	2734030	S	32	0	32	0.00000
Montyvirus jellybones	2844667	S	81	0	81	0.00000
Ahduovirus AH2	3425998	S	43	0	43	0.00000
Zhonglingvirus SAP012	2956710	S	12	0	12	0.00000
Donnerlittchenvirus donnerlittchenvirus	3428316	S	20	0	20	0.00000
Pamexvirus phiH2	3431348	S	16	9	25	0.00000
Muminvirus filifjonk	2844286	S	14	58	72	0.00000
Wroclawvirus PA5oct	3060806	S	52	0	52	0.00000
Mollymurvirus mollymur	3060390	S	42	0	42	0.00000
Hongcheonvirus DUPPV	2733994	S	35	0	35	0.00000
Immutovirus immuto	2955989	S	37	0	37	0.00000
Snuvirus SNUABM7	3060715	S	34	0	34	0.00000
Plateaulakevirus pv4L372XY	2843650	S	29	0	29	0.00000
Phabquatrovirus PHB04	2734129	S	26	0	26	0.00000
Halohivirus suolae	3429162	S	23	0	23	0.00000
Graikaemvirus YenM3117	3429098	S	12	0	12	0.00000
Stormageddonvirus Stormageddon	2956470	S	22	0	22	0.00000
Nanhaivirus D5C	2560407	S	21	0	21	0.00000
Galvastonvirus tweety19	3060007	S	19	0	19	0.00000
Dhillonvirus PNS1	3428277	S	18	0	18	0.00000
Labanvirus laban	2844289	S	11	0	11	0.00000
Sansavirus sansa	3432252	S	14	0	14	0.00000
Mooglevirus moogle	1985304	S	13	0	13	0.00000
Shandongvirus H101	2845949	S	12	0	12	0.00000
Jahgtovirus intestinihominis	2955997	S	142	1	143	0.00000
Afonbuvirus coli	2955232	S	149	2	151	0.00000
Brucella phage BiPBO1	1718278	S	251	0	251	0.00000
Kalppathivirus P26059B	2733926	S	11	0	11	0.00000
Foussvirus S46C10	2733906	S	10	0	10	0.00000
Aminayvirus aminay	2955329	S	27	0	27	0.00000
Anayavirus chris	2955338	S	16	0	16	0.00000
Seunavirus 4MG	1914894	S	39	1	40	0.00000
Baxterfoxvirus baxterfox	3426655	S	28	22	50	0.00000
Imvubuvirus imvubu	2955990	S	14	0	14	0.00000
Quesadillavirus quesadilla	2956353	S	11	0	11	0.00000
Tsamsavirus tsamsa	3060755	S	24	0	24	0.00000
Hawkeyevirus hawkeye	2169910	S	21	0	21	0.00000
Iltovirus gallidalpha1	3050286	S	671	0	671	0.00000
Varicellovirus monodontidalpha1	3050322	S	22	0	22	0.00000
Varicellovirus equidalpha3	3050277	S	19	1	20	0.00000
Elephant endotheliotropic herpesvirus 4	548914	S	51	0	51	0.00000
Cytomegalovirus paninebeta2	3050334	S	23	0	23	0.00000
Ostreavirus ostreidmalaco1	3050331	S	51	0	51	0.00000
Mimivirus bradfordmassiliense	3047343	S	133	20	153	0.00000
Mimivirus terra2	1128151	S	81	38	119	0.00000
Megavirus powaiense	3060302	S	177	0	177	0.00000
Cotonvirus japonicum	3059904	S	132	0	132	0.00000
Moumouvirus moumou	1128137	S	21	7	28	0.00000
Tupanvirus altamarinense	3060757	S	29	0	29	0.00000
Theiavirus salishense	3060737	S	185	0	185	0.00000
Fadolivirus algeromassiliense	3060017	S	13	0	13	0.00000
Kratosvirus quantuckense	3060070	S	291	0	291	0.00000
Biavirus raunefjordenense	3059777	S	66	0	66	0.00000
Chrysochromulina ericina virus	455364	S	105	0	105	0.00000
Chlorovirus conductrix	3427928	S	43	0	43	0.00000
Yellowstone lake phycodnavirus 2	1586714	S	17	0	17	0.00000
Iridovirus chilo1	3429985	S	46	0	46	0.00000
Losannavirus tunisense	1255301	S	11	1	12	0.00000
Asfivirus haemorrhagiae	3426474	S	564	0	564	0.00000
Cervidpoxvirus muledeerpox	3427847	S	100	0	100	0.00000
Pteropopoxvirus pteropox	3432027	S	38	0	38	0.00000
Sciuripoxvirus squirrelpox	3432296	S	35	0	35	0.00000
Orthopoxvirus raccoonpox	3431484	S	20	0	20	0.00000
Parapoxvirus orf	3431389	S	14	1	15	0.00000
Barthadenovirus bosquartum	3426626	S	20	0	20	0.00000
Human astrovirus	1868658	S	39	0	39	0.00000
Potyvirus araujiae	3240467	S	18	0	18	0.00000
Betafusarivirus sclerotiniae	2955454	S	26	0	26	0.00000
Alphanucleorhabdovirus zeairanense	2953667	S	25	0	25	0.00000
Arlivirus ningboense	3059737	S	11	0	11	0.00000
Goukovirus cumutoense	3052210	S	34	0	34	0.00000
Macrophomina phaseolina tobamo-like virus	1527523	S	26	0	26	0.00000
Rubivirus ruteetense	2846072	S	26	0	26	0.00000
Ruflodivirus deformatiorudbeckiae	3048307	S	51	0	51	0.00000
Betabaculovirus cryleucotretae	3047776	S	63	0	63	0.00000
Pandoravirus macleodensis	2107707	S	23	2	25	0.00000
