name	taxonomy_id	taxonomy_lvl	kraken_assigned_reads	added_reads	new_est_reads	fraction_total_reads
Citrobacter	544	G	11595151	568937	12164088	0.16759
Buttiauxella	82976	G	1134739	6800	1141539	0.01573
Enterobacter	547	G	321329	38892	360221	0.00496
Klebsiella	570	G	188134	36723	224857	0.00310
Escherichia	561	G	126315	237586	363901	0.00501
Dryocola	3021684	G	58068	569	58637	0.00081
Cedecea	158483	G	45052	350	45402	0.00063
Salmonella	590	G	40193	36593	76786	0.00106
Kosakonia	1330547	G	37721	575	38296	0.00053
Leclercia	83654	G	23344	1316	24660	0.00034
Cronobacter	413496	G	22336	261	22597	0.00031
Kluyvera	579	G	20992	658	21650	0.00030
Lelliottia	1330545	G	13776	366	14142	0.00019
Pseudocitrobacter	1504576	G	8643	430	9073	0.00013
Phytobacter	447792	G	7735	1230	8965	0.00012
Atlantibacter	1903434	G	7055	163	7218	0.00010
Siccibacter	1649298	G	6400	55	6455	0.00009
Franconibacter	1649295	G	5907	21	5928	0.00008
Scandinavium	2726810	G	5610	48	5658	0.00008
Plesiomonas	702	G	5297	82	5379	0.00007
Mangrovibacter	451512	G	3986	186	4172	0.00006
Superficieibacter	2303321	G	3706	38	3744	0.00005
Pluralibacter	1330546	G	3699	72	3771	0.00005
Yokenella	158876	G	3037	84	3121	0.00004
Symbiopectobacterium	801	G	1709	8	1717	0.00002
Candidatus Williamhamiltonella	568987	G	197	0	197	0.00000
Candidatus Regiella	568988	G	108	162	270	0.00000
Candidatus Blochmanniella	203804	G	372	0	372	0.00001
Candidatus Westeberhardia	1699619	G	24	0	24	0.00000
Candidatus Hartigia	1449912	G	71	0	71	0.00000
Candidatus Hoaglandella	1906659	G	51	0	51	0.00000
Candidatus Doolittlea	1906657	G	47	0	47	0.00000
Candidatus Mikella	1906660	G	37	1	38	0.00000
Candidatus Tachikawaea	1682492	G	31	2	33	0.00000
Candidatus Gullanella	1906661	G	29	0	29	0.00000
Candidatus Purcelliella	472825	G	20	0	20	0.00000
Candidatus Annandia	1302410	G	17	7	24	0.00000
Trabulsiella	158851	G	2384	89	2473	0.00003
Pseudescherichia	2055880	G	2127	106	2233	0.00003
Shimwellia	1335483	G	2018	14	2032	0.00003
Jejuibacter	2815296	G	1970	4	1974	0.00003
Shigella	620	G	991	4920	5911	0.00008
Candidatus Profftia	1177214	G	131	0	131	0.00000
Candidatus Ishikawella	409304	G	91	0	91	0.00000
Candidatus Gillettellia	1177217	G	63	0	63	0.00000
Candidatus Curculioniphilus	690591	G	38	0	38	0.00000
Candidatus Moranella	1048757	G	26	0	26	0.00000
Candidatus Psyllophila	3682497	G	15	0	15	0.00000
Candidatus Riesia	401618	G	13	0	13	0.00000
Serratia	613	G	606757	13405	620162	0.00854
Yersinia	629	G	43515	1015	44530	0.00061
Rahnella	34037	G	16699	222	16921	0.00023
Chania	1745211	G	4318	53	4371	0.00006
Rouxiella	1565532	G	2148	27	2175	0.00003
Gibbsiella	929812	G	2060	22	2082	0.00003
Ewingella	41201	G	1586	23	1609	0.00002
Chimaeribacter	2716544	G	711	15	726	0.00001
Nissabacter	1964366	G	670	6	676	0.00001
Candidatus Fukatsuia	1927833	G	164	0	164	0.00000
Providencia	586	G	215708	27966	243674	0.00336
Xenorhabdus	626	G	7365	15	7380	0.00010
Proteus	583	G	5897	192	6089	0.00008
Morganella	581	G	3465	110	3575	0.00005
Photorhabdus	29487	G	2927	2	2929	0.00004
Moellerella	158848	G	1055	52	1107	0.00002
Arsenophonus	637	G	628	1	629	0.00001
Pantoea	53335	G	37332	1564	38896	0.00054
Erwinia	551	G	15790	932	16722	0.00023
Mixta	2100764	G	1702	247	1949	0.00003
Buchnera	32199	G	1633	51	1684	0.00002
Winslowiella	2997349	G	1485	59	1544	0.00002
Paramixta	3231896	G	1327	48	1375	0.00002
Tatumella	82986	G	1200	18	1218	0.00002
Duffyella	3026546	G	1130	153	1283	0.00002
Izhakiella	1780190	G	73	42	115	0.00000
Wigglesworthia	51228	G	19	0	19	0.00000
Pectobacterium	122277	G	16341	292	16633	0.00023
Dickeya	204037	G	13116	365	13481	0.00019
Brenneria	71655	G	2500	218	2718	0.00004
Musicola	2884243	G	666	5	671	0.00001
Lonsdalea	1082702	G	647	11	658	0.00001
Prodigiosinella	3059405	G	178	322	500	0.00001
Hafnia	568	G	7362	611	7973	0.00011
Edwardsiella	635	G	4330	93	4423	0.00006
Obesumbacterium	82982	G	651	232	883	0.00001
Sodalis	84565	G	3747	7	3754	0.00005
Leminorella	82980	G	1277	4	1281	0.00002
Limnobaculum	2172100	G	1241	12	1253	0.00002
Pragia	82984	G	654	8	662	0.00001
Gallaecimonas	745410	G	367	4	371	0.00001
Pseudomonas	286	G	1917923	25426	1943349	0.02677
Stutzerimonas	2901164	G	7150	480	7630	0.00011
Metapseudomonas	3236656	G	4285	282	4567	0.00006
Halopseudomonas	2901189	G	2141	69	2210	0.00003
Ectopseudomonas	3236654	G	1723	362	2085	0.00003
Aquipseudomonas	3236652	G	1595	105	1700	0.00002
Azotobacter	352	G	606	37	643	0.00001
Azorhizophilus	157913	G	137	33	170	0.00000
Entomomonas	2758906	G	533	0	533	0.00001
Thiopseudomonas	1654787	G	347	2	349	0.00000
Phytopseudomonas	3236657	G	317	15	332	0.00000
Geopseudomonas	3236655	G	223	11	234	0.00000
Permianibacter	1649479	G	174	0	174	0.00000
Denitrificimonas	2901261	G	57	1	58	0.00000
Marinobacter	2742	G	4197	14	4211	0.00006
Candidatus Njordibacter	3457297	G	141	0	141	0.00000
Ketobacter	2025617	G	46	0	46	0.00000
Pseudohongiella	1524249	G	43	0	43	0.00000
Acinetobacter	469	G	1530859	82342	1613201	0.02223
Psychrobacter	497	G	1771	8	1779	0.00002
Moraxella	475	G	889	3	892	0.00001
Faucicola	1604696	G	314	8	322	0.00000
Aquirhabdus	2824158	G	94	0	94	0.00000
Lwoffella	3444169	G	21	0	21	0.00000
Stenotrophomonas	40323	G	269898	11989	281887	0.00388
Xanthomonas	338	G	14382	364	14746	0.00020
Lysobacter	68	G	6762	82	6844	0.00009
Pseudoxanthomonas	83618	G	4517	84	4601	0.00006
Luteimonas	83614	G	2954	21	2975	0.00004
Thermomonas	141948	G	1243	13	1256	0.00002
Marilutibacter	3382698	G	532	4	536	0.00001
Agrilutibacter	3382696	G	294	3	297	0.00000
Novilysobacter	3382699	G	211	43	254	0.00000
Solilutibacter	3382695	G	167	2	169	0.00000
Arenimonas	490567	G	141	0	141	0.00000
Xylella	2370	G	134	1	135	0.00000
Pseudoluteimonas	3382694	G	99	0	99	0.00000
Dyella	231454	G	3494	129	3623	0.00005
Luteibacter	242605	G	2838	59	2897	0.00004
Rhodanobacter	75309	G	2461	124	2585	0.00004
Frateuria	70411	G	625	55	680	0.00001
Tahibacter	1453544	G	576	3	579	0.00001
Dokdonella	323413	G	427	6	433	0.00001
Pseudolysobacter	2709666	G	401	1	402	0.00001
Aerosticca	2707020	G	318	56	374	0.00001
Ahniella	2233801	G	93	0	93	0.00000
Marinicella	863253	G	208	0	208	0.00000
Cellvibrio	10	G	91731	714	92445	0.00127
Teredinibacter	2425	G	1251	29	1280	0.00002
Gilvimarinus	940550	G	857	23	880	0.00001
Simiduia	447467	G	838	4	842	0.00001
Agarilytica	2036021	G	556	12	568	0.00001
Saccharophagus	316625	G	527	27	554	0.00001
Marinimicrobium	359337	G	396	13	409	0.00001
Maricurvus	1122283	G	265	1	266	0.00000
Marinagarivorans	1792291	G	225	14	239	0.00000
Agaribacterium	2038244	G	183	5	188	0.00000
Microbulbifer	48073	G	4511	103	4614	0.00006
Halioglobus	1217416	G	355	9	364	0.00001
Congregibacter	393661	G	293	68	361	0.00000
Kineobactrum	2678529	G	151	1	152	0.00000
Luminiphilus	1341118	G	98	0	98	0.00000
Candidatus Paraluminiphilus	3040948	G	87	2	89	0.00000
Aequoribacter	2847769	G	42	0	42	0.00000
Spongiibacter	630749	G	512	103	615	0.00001
Oceanicoccus	1084558	G	163	1	164	0.00000
Zhongshania	1434050	G	97	4	101	0.00000
Porticoccus	1123967	G	78	1	79	0.00000
Shewanella	22	G	10005	118	10123	0.00014
Parashewanella	2547964	G	90	0	90	0.00000
Psychrobium	1573826	G	23	0	23	0.00000
Alteromonas	226	G	3286	108	3394	0.00005
Salinimonas	288793	G	292	13	305	0.00000
Paraglaciecola	1621534	G	1010	23	1033	0.00001
Agarivorans	261825	G	947	4	951	0.00001
Catenovulum	1172191	G	700	5	705	0.00001
Alishewanella	111142	G	199	3	202	0.00000
Alkalimarinus	1858563	G	189	0	189	0.00000
Hydrocarboniclastica	2650549	G	178	0	178	0.00000
Halioxenophilus	2108524	G	152	2	154	0.00000
Planctobacterium	2200736	G	145	3	148	0.00000
Saccharobesus	2894574	G	144	0	144	0.00000
Paraneptunicella	2905123	G	120	1	121	0.00000
Saliniradius	2661818	G	115	2	117	0.00000
Lacimicrobium	1751872	G	100	1	101	0.00000
Aliiglaciecola	1406885	G	77	4	81	0.00000
Neptunicella	2125985	G	53	1	54	0.00000
Ningiella	2751156	G	33	0	33	0.00000
Brumicola	3160924	G	25	0	25	0.00000
Pseudoalteromonas	53246	G	6987	903	7890	0.00011
Psychrosphaera	907197	G	208	4	212	0.00000
Flocculibacter	2834759	G	135	0	135	0.00000
Thalassotalea	1518149	G	1734	26	1760	0.00002
Colwellia	28228	G	766	18	784	0.00001
Thalassomonas	137583	G	542	4	546	0.00001
Cognaticolwellia	2848171	G	342	35	377	0.00001
Pseudocolwellia	2848177	G	284	3	287	0.00000
Litorilituus	1407056	G	52	0	52	0.00000
Idiomarina	135575	G	589	20	609	0.00001
Pseudidiomarina	2800384	G	431	7	438	0.00001
Psychromonas	67572	G	940	2	942	0.00001
Aegicerorhabdus	3614798	G	831	2	833	0.00001
Ferrimonas	44011	G	503	3	506	0.00001
Moritella	58050	G	371	7	378	0.00001
Motilimonas	1914248	G	85	0	85	0.00000
Vibrio	662	G	25467	474	25941	0.00036
Photobacterium	657	G	3714	174	3888	0.00005
Aliivibrio	511678	G	711	54	765	0.00001
Grimontia	246861	G	452	7	459	0.00001
Thaumasiovibrio	2014233	G	321	10	331	0.00000
Parasalinivibrio	3378804	G	218	3	221	0.00000
Salinivibrio	51366	G	212	3	215	0.00000
Enterovibrio	188143	G	193	3	196	0.00000
Paraphotobacterium	2042066	G	123	2	125	0.00000
Halomonas	2745	G	7733	940	8673	0.00012
Vreelandella	3137766	G	2215	871	3086	0.00004
Salinicola	404432	G	1099	51	1150	0.00002
Kushneria	504090	G	564	1	565	0.00001
Cobetia	204286	G	543	7	550	0.00001
Zymobacter	33073	G	307	8	315	0.00000
Candidatus Carsonella	114185	G	90	3	93	0.00000
Bisbaumannia	3137762	G	309	17	326	0.00000
Billgrantia	3137761	G	308	157	465	0.00001
Chromohalobacter	42054	G	278	22	300	0.00000
Halotalea	376488	G	134	1	135	0.00000
Pistricoccus	1897649	G	62	0	62	0.00000
Marinomonas	28253	G	1906	42	1948	0.00003
Neptuniibacter	459520	G	908	18	926	0.00001
Marinobacterium	48075	G	794	27	821	0.00001
Thalassolituus	187492	G	525	44	569	0.00001
Bermanella	599651	G	430	2	432	0.00001
Aliamphritea	3018276	G	406	8	414	0.00001
Bacterioplanoides	2066071	G	395	10	405	0.00001
Amphritea	515417	G	370	6	376	0.00001
Venatoribacter	2893036	G	340	89	429	0.00001
Nitrincola	267849	G	184	4	188	0.00000
Neptunomonas	75687	G	164	3	167	0.00000
Motiliproteus	1775292	G	109	2	111	0.00000
Marinospirillum	64968	G	84	2	86	0.00000
Bacterioplanes	1537406	G	68	3	71	0.00000
Alcanivorax	59753	G	875	21	896	0.00001
Alloalcanivorax	3020832	G	399	15	414	0.00001
Isoalcanivorax	3020833	G	295	9	304	0.00000
Hahella	158481	G	809	10	819	0.00001
Thermohahella	3449104	G	72	2	74	0.00000
Allohahella	1855402	G	61	0	61	0.00000
Endozoicomonas	305899	G	925	21	946	0.00001
Gynuella	1445504	G	375	2	377	0.00001
Saccharospirillum	231683	G	102	1	103	0.00000
Salinispirillum	1649491	G	82	0	82	0.00000
Reinekea	230494	G	36	0	36	0.00000
Aliikangiella	1920241	G	227	0	227	0.00000
Pleionea	1502941	G	26	0	26	0.00000
Spartinivicinus	2768738	G	218	4	222	0.00000
Pokkaliibacter	2301194	G	134	0	134	0.00000
Marinicellulosiphila	3414216	G	130	0	130	0.00000
Oleiphilus	141450	G	103	1	104	0.00000
Litorivicinus	418700	G	45	0	45	0.00000
Aeromonas	642	G	19645	314	19959	0.00027
Zobellella	347533	G	612	19	631	0.00001
Oceanisphaera	225143	G	413	0	413	0.00001
Oceanimonas	129577	G	352	18	370	0.00001
Tolumonas	43947	G	193	2	195	0.00000
Pseudaeromonas	1929090	G	143	1	144	0.00000
Dongshaea	2802288	G	73	0	73	0.00000
Succinivibrio	83770	G	107	0	107	0.00000
Rheinheimera	67575	G	1090	7	1097	0.00002
Allochromatium	85072	G	600	13	613	0.00001
Thiocapsa	1056	G	483	6	489	0.00001
Thiorhodovibrio	61593	G	480	4	484	0.00001
Nitrosococcus	1227	G	283	0	283	0.00000
Thiodictyon	53392	G	142	0	142	0.00000
Thioflavicoccus	156885	G	141	1	142	0.00000
Thiocystis	13724	G	129	2	131	0.00000
Marichromatium	85076	G	112	3	115	0.00000
Thermochromatium	85073	G	95	1	96	0.00000
Candidatus Nitrosacidococcus	2796146	G	65	0	65	0.00000
Caldichromatium	2828366	G	58	0	58	0.00000
Candidatus Nitrosoglobus	1980513	G	30	0	30	0.00000
Spiribacter	1335745	G	1300	6	1306	0.00002
Thioalkalivibrio	106633	G	664	4	668	0.00001
Acidihalobacter	1765964	G	502	3	505	0.00001
Ectothiorhodospira	1051	G	248	2	250	0.00000
Sediminicurvatus	3383961	G	194	0	194	0.00000
Halorhodospira	85108	G	137	0	137	0.00000
Alkalilimnicola	133193	G	131	1	132	0.00000
Aquisalimonas	406099	G	78	0	78	0.00000
Ectothiorhodosinus	233099	G	16	0	16	0.00000
Magnetovirga	3425870	G	183	0	183	0.00000
Candidatus Thiodiazotropha	1913444	G	180	0	180	0.00000
Sedimenticola	349742	G	153	0	153	0.00000
Thiosocius	2780488	G	98	0	98	0.00000
Candidatus Endoriftia	393764	G	64	0	64	0.00000
Thiolapillus	1608298	G	62	0	62	0.00000
Granulosicoccus	437504	G	286	0	286	0.00000
Sulfuriflexus	1860077	G	69	0	69	0.00000
Halothiobacillus	109262	G	354	2	356	0.00000
Guyparkeria	2035712	G	333	3	336	0.00000
Wenzhouxiangella	1676142	G	276	0	276	0.00000
Haemophilus	724	G	1389	51	1440	0.00002
Mannheimia	75984	G	1330	56	1386	0.00002
Actinobacillus	713	G	1117	98	1215	0.00002
Pasteurella	745	G	519	80	599	0.00001
Avibacterium	292486	G	481	36	517	0.00001
Aggregatibacter	416916	G	398	21	419	0.00001
Lonepinella	53416	G	285	1	286	0.00000
Frederiksenia	1649317	G	207	5	212	0.00000
Gallibacterium	155493	G	197	14	211	0.00000
Histophilus	214906	G	179	12	191	0.00000
Rodentibacter	1960084	G	149	2	151	0.00000
Testudinibacter	1755672	G	140	0	140	0.00000
Bibersteinia	476528	G	139	29	168	0.00000
Otariodibacter	1249016	G	118	1	119	0.00000
Glaesserella	2094023	G	112	16	128	0.00000
Mergibacter	2899790	G	99	0	99	0.00000
Bisgaardia	109471	G	71	1	72	0.00000
Basfia	697331	G	64	0	64	0.00000
Vespertiliibacter	1520333	G	63	1	64	0.00000
Phocoenobacter	146805	G	59	27	86	0.00000
Methylomonas	416	G	2311	8	2319	0.00003
Methylobacter	429	G	1017	19	1036	0.00001
Methylococcus	413	G	827	6	833	0.00001
Methylocaldum	73778	G	662	5	667	0.00001
Methylomicrobium	39773	G	565	8	573	0.00001
Methylogaea	1295378	G	378	3	381	0.00001
Methylotuvimicrobium	2822410	G	377	3	380	0.00001
Candidatus Methylocalor	3135206	G	145	0	145	0.00000
Methylomagnum	1760987	G	144	0	144	0.00000
Methylovulum	762296	G	125	0	125	0.00000
Candidatus Methylospira	1808977	G	112	1	113	0.00000
Methylomarinum	1221209	G	89	1	90	0.00000
Methyloprofundus	1565313	G	41	0	41	0.00000
Methylomarinovum	1486720	G	78	0	78	0.00000
Methylophaga	40222	G	688	7	695	0.00001
Thiomicrorhabdus	2039723	G	615	9	624	0.00001
Thiomicrospira	933	G	344	26	370	0.00001
Hydrogenovibrio	28884	G	192	16	208	0.00000
Piscirickettsia	1237	G	122	0	122	0.00000
Cycloclasticus	34067	G	107	0	107	0.00000
Thiosulfativibrio	2781120	G	54	0	54	0.00000
Thiosulfatimonas	2781121	G	45	1	46	0.00000
Francisella	262	G	1687	19	1706	0.00002
Allofrancisella	1869285	G	295	0	295	0.00000
Thiothrix	1030	G	647	0	647	0.00001
Beggiatoa	1021	G	49	0	49	0.00000
Cysteiniphilum	2056696	G	31	0	31	0.00000
Legionella	445	G	2530	11	2541	0.00004
Fluoribacter	461	G	20	0	20	0.00000
Rickettsiella	59195	G	275	0	275	0.00000
Aquicella	254245	G	158	148	306	0.00000
Coxiella	776	G	126	0	126	0.00000
Hydrocarboniphaga	243627	G	1048	26	1074	0.00001
Solimonas	413435	G	713	10	723	0.00001
Nevskia	64001	G	350	14	364	0.00001
Sinimarinibacterium	1861863	G	306	6	312	0.00000
Flagellatimonas	2893022	G	242	8	250	0.00000
Algiphilus	1266053	G	227	2	229	0.00000
Gilliamella	1193503	G	524	2	526	0.00001
Frischella	1335631	G	389	5	394	0.00001
Orbus	743714	G	300	0	300	0.00000
Utexia	3373510	G	32	0	32	0.00000
Zophobihabitans	2894762	G	28	805	833	0.00001
Candidatus Pseudothioglobus	2841677	G	149	0	149	0.00000
Candidatus Thiodubiliella	2738885	G	53	0	53	0.00000
Candidatus Thioglobus	655184	G	33	0	33	0.00000
Candidatus Vesicomyidisocius	2732587	G	33	0	33	0.00000
Candidatus Ruthturnera	1541743	G	13	191	204	0.00000
Candidatus Vondammii	2686004	G	16	0	16	0.00000
Candidatus Reidiella	2738850	G	58	0	58	0.00000
Candidatus Palibaumannia	198346	G	56	0	56	0.00000
Celerinatantimonas	412033	G	56	0	56	0.00000
Candidatus Steffania	1076625	G	21	0	21	0.00000
Candidatus Nardonella	204619	G	20	0	20	0.00000
Sulfurivermis	2034504	G	560	14	574	0.00001
Sulfurifustis	1692042	G	217	1	218	0.00000
Acidiferrobacter	986106	G	134	0	134	0.00000
Sulfuricaulis	1744881	G	109	0	109	0.00000
Cardiobacterium	2717	G	178	0	178	0.00000
Dichelobacter	869	G	36	0	36	0.00000
Suttonella	13275	G	21	0	21	0.00000
Ignatzschineria	112008	G	134	2	136	0.00000
Wohlfahrtiimonas	582472	G	21	0	21	0.00000
Kangiella	261963	G	261	0	261	0.00000
Thiohalobacter	1273155	G	253	0	253	0.00000
Salinisphaera	180541	G	251	0	251	0.00000
Steroidobacter	469322	G	189	1	190	0.00000
Immundisolibacter	1934947	G	166	0	166	0.00000
Candidatus Rariloculus ( ex Nguyen 2022)	2978114	G	98	0	98	0.00000
Candidatus Spongiihabitans	3033996	G	89	0	89	0.00000
Woeseia	1738655	G	76	0	76	0.00000
Candidatus Foliamicus	3023563	G	22	0	22	0.00000
Candidatus Portiera	235572	G	10	0	10	0.00000
Microvirgula	57479	G	11999237	54083	12053320	0.16606
Laribacter	168470	G	8344	486	8830	0.00012
Aquaspirillum	187	G	1478	6	1484	0.00002
Chromobacterium	535	G	19786	1304	21090	0.00029
Aquitalea	407217	G	9314	1052	10366	0.00014
Paludibacterium	400060	G	5639	354	5993	0.00008
Vogesella	57739	G	4458	244	4702	0.00006
Pseudogulbenkiania	568394	G	1829	186	2015	0.00003
Jeongeupia	885864	G	2827	337	3164	0.00004
Chitiniphilus	585890	G	1851	217	2068	0.00003
Chitinimonas	240411	G	1832	46	1878	0.00003
Chitinibacter	230666	G	1764	351	2115	0.00003
Iodobacter	32014	G	1316	35	1351	0.00002
Silvimonas	300264	G	947	46	993	0.00001
Chitinolyticbacter	1055692	G	757	141	898	0.00001
Deefgea	400947	G	581	127	708	0.00001
Chitinirhabdus	3683957	G	543	74	617	0.00001
Neisseria	482	G	4573	299	4872	0.00007
Crenobacter	1654931	G	1689	18	1707	0.00002
Vitreoscilla	59	G	460	5	465	0.00001
Snodgrassella	1193515	G	387	3	390	0.00001
Kingella	32257	G	315	17	332	0.00000
Eikenella	538	G	254	9	263	0.00000
Uruburuella	299568	G	219	3	222	0.00000
Paralysiella	2898489	G	191	2	193	0.00000
Aquella	2593687	G	150	0	150	0.00000
Alysiella	194195	G	138	3	141	0.00000
Simonsiella	71	G	90	2	92	0.00000
Conchiformibius	334107	G	78	0	78	0.00000
Bergeriella	334108	G	59	3	62	0.00000
Wielerella	2944815	G	46	0	46	0.00000
Comamonas	283	G	4137851	78372	4216223	0.05809
Acidovorax	12916	G	903628	11074	914702	0.01260
Variovorax	34072	G	375711	4935	380646	0.00524
Delftia	80865	G	277011	20674	297685	0.00410
Hydrogenophaga	47420	G	33934	882	34816	0.00048
Rhodoferax	28065	G	7163	112	7275	0.00010
Diaphorobacter	238749	G	5894	554	6448	0.00009
Ottowia	219181	G	4912	169	5081	0.00007
Alicycliphilus	201096	G	4347	539	4886	0.00007
Polaromonas	52972	G	3703	16	3719	0.00005
Ramlibacter	174951	G	3199	31	3230	0.00004
Paracidovorax	3051137	G	2887	124	3011	0.00004
Limnohabitans	665874	G	1586	10	1596	0.00002
Paenacidovorax	3051138	G	1566	37	1603	0.00002
Melaminivora	1649468	G	1207	50	1257	0.00002
Vandammella	2919468	G	941	3	944	0.00001
Verminephrobacter	364316	G	870	3	873	0.00001
Pulveribacter	2678886	G	823	14	837	0.00001
Brachymonas	28219	G	692	8	700	0.00001
Serpentinimonas	2490452	G	673	6	679	0.00001
Hylemonella	232523	G	579	3	582	0.00001
Candidatus Symbiobacter	1436289	G	528	0	528	0.00001
Simplicispira	352450	G	408	12	420	0.00001
Curvibacter	281915	G	167	5	172	0.00000
Duganella	75654	G	110714	6193	116907	0.00161
Massilia	149698	G	19780	1502	21282	0.00029
Pseudoduganella	1522432	G	15450	1131	16581	0.00023
Rugamonas	212744	G	1742	199	1941	0.00003
Telluria	34069	G	928	275	1203	0.00002
Herbaspirillum	963	G	8797	174	8971	0.00012
Janthinobacterium	29580	G	8217	275	8492	0.00012
Collimonas	202907	G	3074	43	3117	0.00004
Noviherbaspirillum	1344552	G	1989	31	2020	0.00003
Undibacterium	401469	G	925	12	937	0.00001
Herminiimonas	303379	G	662	8	670	0.00001
Actimicrobium	1051898	G	502	13	515	0.00001
Neoundibacterium	3078232	G	345	8	353	0.00000
Oxalobacter	846	G	168	1	169	0.00000
Affinundibacterium	3078230	G	167	1	168	0.00000
Glaciimonas	1229970	G	147	2	149	0.00000
Achromobacter	222	G	142025	5924	147949	0.00204
Alcaligenes	507	G	12295	361	12656	0.00017
Bordetella	517	G	11086	3512	14598	0.00020
Pigmentiphaga	152267	G	2359	31	2390	0.00003
Castellaniella	359336	G	1869	45	1914	0.00003
Advenella	290425	G	1110	20	1130	0.00002
Kerstersia	257820	G	1058	32	1090	0.00002
Orrella	1921582	G	818	32	850	0.00001
Neopusillimonas	2987605	G	619	34	653	0.00001
Pollutimonas	2987599	G	468	48	516	0.00001
Parapusillimonas	1403714	G	282	31	313	0.00000
Pusillimonas	305976	G	279	11	290	0.00000
Paralcaligenes	1148163	G	183	1	184	0.00000
Basilea	1472344	G	143	1	144	0.00000
Oligella	90243	G	141	2	143	0.00000
Ampullimonas	1920247	G	108	1	109	0.00000
Pelistega	106146	G	94	1	95	0.00000
Taylorella	29574	G	72	10	82	0.00000
Paenalcaligenes	1100891	G	68	2	70	0.00000
Cupriavidus	106589	G	28165	2132	30297	0.00042
Burkholderia	32008	G	26408	2671	29079	0.00040
Paraburkholderia	1822464	G	15838	602	16440	0.00023
Ralstonia	48736	G	12664	961	13625	0.00019
Pandoraea	93217	G	5084	244	5328	0.00007
Caballeronia	1827195	G	4269	348	4617	0.00006
Polynucleobacter	44013	G	2728	5	2733	0.00004
Trinickia	2571160	G	824	27	851	0.00001
Mycetohabitans	2571159	G	448	4	452	0.00001
Robbsia	2038280	G	429	8	437	0.00001
Lautropia	47670	G	284	3	287	0.00000
Pararobbsia	2718863	G	284	5	289	0.00000
Limnobacter	131079	G	217	3	220	0.00000
Imbroritus	3422601	G	209	15	224	0.00000
Mycoavidus	1810868	G	133	0	133	0.00000
Ephemeroptericola	2680021	G	64	0	64	0.00000
Candidatus Vallotiella	2018044	G	63	0	63	0.00000
Roseateles	93681	G	22947	1051	23998	0.00033
Piscinibacter	1114981	G	3411	104	3515	0.00005
Rubrivivax	28067	G	2485	212	2697	0.00004
Methylibium	316612	G	2114	150	2264	0.00003
Sphaerotilus	34102	G	1777	165	1942	0.00003
Caldimonas	196013	G	1661	119	1780	0.00002
Leptothrix	88	G	1444	52	1496	0.00002
Ideonella	36862	G	1221	144	1365	0.00002
Aquincola	391952	G	1208	264	1472	0.00002
Inhella	644355	G	644	31	675	0.00001
Azohydromonas	312063	G	13	0	13	0.00000
Aquabacterium	92793	G	1987	55	2042	0.00003
Xylophilus	54066	G	1353	25	1378	0.00002
Thiomonas	32012	G	1299	6	1305	0.00002
Rhizobacter	212743	G	1261	24	1285	0.00002
Tepidimonas	114248	G	965	161	1126	0.00002
Eleftheria	1597779	G	554	9	563	0.00001
Piscinibacterium	2066914	G	314	1	315	0.00000
Candidatus Ichthyocystis	2929841	G	27	0	27	0.00000
Sutterella	40544	G	256	2	258	0.00000
Duodenibacillus	1980697	G	68	0	68	0.00000
Turicimonas	1918598	G	16	0	16	0.00000
Fluviibacter	2808942	G	9604	152	9756	0.00013
Thauera	33057	G	2856	239	3095	0.00004
Azoarcus	12960	G	2454	363	2817	0.00004
Nitrogeniibacter	2891294	G	567	7	574	0.00001
Parazoarcus	2891322	G	353	19	372	0.00001
Pseudothauera	2891324	G	162	7	169	0.00000
Pseudazoarcus	2891323	G	158	5	163	0.00000
Dechloromonas	73029	G	2567	340	2907	0.00004
Azonexus	146936	G	547	185	732	0.00001
Ferribacterium	88875	G	390	10	400	0.00001
Quatrionicoccus	138117	G	177	19	196	0.00000
Azospira	146937	G	1108	134	1242	0.00002
Aromatoleum	551759	G	1073	148	1221	0.00002
Niveibacterium	1769726	G	689	9	698	0.00001
Oryzomicrobium	1911577	G	262	33	295	0.00000
Methyloversatilis	378210	G	703	6	709	0.00001
Sterolibacterium	157591	G	494	8	502	0.00001
Denitratisoma	311181	G	484	25	509	0.00001
Sulfuritalea	1054211	G	322	7	329	0.00000
Rugosibacter	1914449	G	301	7	308	0.00000
Sulfuricystis	3050898	G	204	5	209	0.00000
Candidatus Methylopumilus	1679002	G	664	48	712	0.00001
Methylophilus	16	G	594	26	620	0.00001
Methylovorus	81682	G	340	15	355	0.00000
Methylotenera	359407	G	249	24	273	0.00000
Methylobacillus	404	G	225	15	240	0.00000
Methyloradius	2872156	G	156	12	168	0.00000
Sideroxyarcus	2943286	G	474	19	493	0.00001
Sideroxydans	314343	G	335	8	343	0.00000
Candidatus Nitrotoga	453161	G	245	4	249	0.00000
Ferrigenium	2249462	G	245	5	250	0.00000
Ferriphaselus	1443590	G	73	1	74	0.00000
Gallionella	96	G	60	1	61	0.00000
Nitrosomonas	914	G	793	17	810	0.00001
Nitrosospira	35798	G	273	1	274	0.00000
Thiobacillus	919	G	778	18	796	0.00001
Sulfuritortus	1938335	G	82	5	87	0.00000
Sulfuriferula	1778653	G	494	6	500	0.00001
Sulfurimicrobium	2772198	G	193	2	195	0.00000
Sulfuricella	935200	G	85	1	86	0.00000
Usitatibacter	2803845	G	601	1	602	0.00001
Candidatus Accumulibacter	327159	G	1183	9	1192	0.00002
Chitinivorax	1433992	G	960	13	973	0.00001
Casimicrobium	2706000	G	398	7	405	0.00001
Candidatus Kinetoplastidibacterium	33055	G	256	1	257	0.00000
Candidatus Profftella	1381133	G	56	0	56	0.00000
Candidatus Vidania	1191175	G	41	0	41	0.00000
Ferrovum	416212	G	969	1	970	0.00001
Agrobacterium	357	G	455905	48990	504895	0.00696
Rhizobium	379	G	269591	39764	309355	0.00426
Neorhizobium	1525371	G	9428	146	9574	0.00013
Pararhizobium	1612611	G	5220	186	5406	0.00007
Pseudorhizobium	1903858	G	509	14	523	0.00001
Allorhizobium	78526	G	103	60	163	0.00000
Shinella	323620	G	47908	1172	49080	0.00068
Sinorhizobium	28105	G	15423	614	16037	0.00022
Ensifer	106591	G	10370	499	10869	0.00015
Hoeflea	274591	G	2756	24	2780	0.00004
Affinirhizobium	3070964	G	896	9	905	0.00001
Georhizobium	2661800	G	820	10	830	0.00001
Peteryoungia	2853332	G	728	5	733	0.00001
Terrirhizobium	3464117	G	653	4	657	0.00001
Paenirhizobium	3070963	G	509	15	524	0.00001
Ciceribacter	1648508	G	428	2	430	0.00001
Lentilitoribacter	1649463	G	75	0	75	0.00000
Liberibacter	34019	G	66	0	66	0.00000
Aminobacter	31988	G	298003	28301	326304	0.00450
Mesorhizobium	68287	G	248387	7594	255981	0.00353
Nitratireductor	245876	G	6981	126	7107	0.00010
Phyllobacterium	28100	G	4710	24	4734	0.00007
Terribium	3143704	G	4549	366	4915	0.00007
Aquibium	2911176	G	3173	42	3215	0.00004
Aquamicrobium	69278	G	1095	2	1097	0.00002
Chelativorans	449972	G	1048	32	1080	0.00001
Bosea	85413	G	326654	2369	329023	0.00453
Brucella	234	G	241183	33252	274435	0.00378
Ochrobactrum	528	G	5735	22749	28484	0.00039
Pseudochrobactrum	354349	G	7227	124	7351	0.00010
Devosia	46913	G	201587	1816	203403	0.00280
Paradevosia	1573407	G	3858	94	3952	0.00005
Pelagibacterium	1082930	G	3283	236	3519	0.00005
Mariluticola	3064792	G	374	1	375	0.00001
Maritalea	623276	G	157	0	157	0.00000
Methylobacterium	407	G	75776	2088	77864	0.00107
Methylorubrum	2282523	G	7099	806	7905	0.00011
Microvirga	186650	G	3910	11	3921	0.00005
Bradyrhizobium	374	G	39315	1008	40323	0.00056
Rhodopseudomonas	1073	G	3058	317	3375	0.00005
Tardiphaga	1395974	G	2346	106	2452	0.00003
Afipia	1033	G	1075	344	1419	0.00002
Nitrobacter	911	G	908	24	932	0.00001
Rugositalea	3466653	G	424	3	427	0.00001
Variibacter	1649510	G	317	1	318	0.00000
Roseibium	150830	G	3480	513	3993	0.00006
Stappia	152161	G	1979	50	2029	0.00003
Breoghania	1406135	G	1396	4	1400	0.00002
Pannonibacter	227873	G	949	96	1045	0.00001
Labrenzia	478070	G	736	294	1030	0.00001
Pseudovibrio	258255	G	177	0	177	0.00000
Ancylobacter	99	G	3350	188	3538	0.00005
Xanthobacter	279	G	1960	132	2092	0.00003
Labrys	204476	G	1810	32	1842	0.00003
Pseudolabrys	556257	G	594	2	596	0.00001
Starkeya	152053	G	585	5	590	0.00001
Azorhizobium	6	G	536	7	543	0.00001
Aquabacter	45402	G	368	2	370	0.00001
Aureimonas	414371	G	3767	132	3899	0.00005
Martelella	293088	G	2515	90	2605	0.00004
Antarcticirhabdus	3042730	G	558	21	579	0.00001
Jiella	1775688	G	489	7	496	0.00001
Aurantimonas	182269	G	415	14	429	0.00001
Phreatobacter	1632780	G	4972	17	4989	0.00007
Methylocystis	133	G	2137	32	2169	0.00003
Methylosinus	425	G	795	21	816	0.00001
Hyphomicrobium	81	G	1917	4	1921	0.00003
Rhodomicrobium	1068	G	323	1	324	0.00000
Methyloceanibacter	1484898	G	301	0	301	0.00000
Methyloligella	1485594	G	157	0	157	0.00000
Filomicrobium	119044	G	141	0	141	0.00000
Reyranella	445219	G	2612	4	2616	0.00004
Nordella	169055	G	1167	0	1167	0.00002
Pseudorhodoplanes	1734920	G	423	0	423	0.00001
Terrihabitans	2874214	G	344	0	344	0.00000
Enhydrobacter	212791	G	321	0	321	0.00000
Candidatus Endowatersipora	376743	G	87	0	87	0.00000
Candidatus Hodgkinia	573657	G	15	0	15	0.00000
Oricola	1594166	G	1145	17	1162	0.00002
Roseitalea	1915401	G	407	13	420	0.00001
Oceaniradius	2679892	G	388	40	428	0.00001
Ahrensia	152180	G	146	0	146	0.00000
Bartonella	773	G	1951	4	1955	0.00003
Pleomorphomonas	261933	G	1466	21	1487	0.00002
Hartmannibacter	1572860	G	389	7	396	0.00001
Kaistia	166953	G	1316	8	1324	0.00002
Bauldia	1145345	G	290	0	290	0.00000
Pyruvatibacter	1742974	G	473	4	477	0.00001
Kaustia	2838250	G	423	1	424	0.00001
Parvibaculum	256616	G	242	11	253	0.00000
Tepidicaulis	1742977	G	222	21	243	0.00000
Anderseniella	444432	G	122	0	122	0.00000
Candidatus Phaeomarinibacter	1541445	G	59	0	59	0.00000
Methylovirgula	1156568	G	754	3	757	0.00001
Methylocella	120652	G	331	1	332	0.00000
Beijerinckia	532	G	234	1	235	0.00000
Methylocapsa	184923	G	224	2	226	0.00000
Chelatococcus	28209	G	1140	7	1147	0.00002
Acuticoccus	1904377	G	898	1	899	0.00001
Salinarimonas	690086	G	638	3	641	0.00001
Blastochloris	59282	G	615	3	618	0.00001
Alsobacter	1502180	G	550	2	552	0.00001
Terrirubrum	3142786	G	459	0	459	0.00001
Cohaesibacter	655352	G	438	0	438	0.00001
Lichenihabitans	2723776	G	420	0	420	0.00001
Chenggangzhangella	2041902	G	389	1	390	0.00001
Methyloraptor	3382645	G	370	2	372	0.00001
Aestuariivirga	2650923	G	263	0	263	0.00000
Rhodoligotrophos	987053	G	261	0	261	0.00000
Afifella	643217	G	227	3	230	0.00000
Salaquimonas	2712688	G	164	0	164	0.00000
Coralliovum	3228940	G	128	0	128	0.00000
Sphingopyxis	165697	G	154447	4141	158588	0.00218
Sphingomonas	13687	G	55670	3848	59518	0.00082
Novosphingobium	165696	G	8135	529	8664	0.00012
Stakelama	1124625	G	497	21	518	0.00001
Sphingosinithalassobacter	2676233	G	304	8	312	0.00000
Hankyongella	1763827	G	176	4	180	0.00000
Parablastomonas	1654718	G	148	2	150	0.00000
Citromicrobium	72173	G	121	7	128	0.00000
Tardibacter	2685927	G	110	43	153	0.00000
Alterisphingorhabdus (ex Yan et al. 2024)	3382518	G	85	0	85	0.00000
Sphingobium	165695	G	17135	2048	19183	0.00026
Erythrobacter	1041	G	2628	148	2776	0.00004
Porphyrobacter	1111	G	1078	73	1151	0.00002
Qipengyuania	1855416	G	2743	134	2877	0.00004
Altererythrobacter	361177	G	1410	90	1500	0.00002
Croceicoccus	1295327	G	1054	124	1178	0.00002
Caenibius	2827482	G	649	28	677	0.00001
Pelagerythrobacter	2800685	G	646	55	701	0.00001
Croceibacterium	2676755	G	618	36	654	0.00001
Tsuneonella	2800686	G	600	19	619	0.00001
Aurantiacibacter	2800681	G	329	15	344	0.00000
Pseudoblastomonas	3423750	G	301	22	323	0.00000
Paraurantiacibacter	2800682	G	123	0	123	0.00000
Parerythrobacter	2800684	G	66	2	68	0.00000
Sphingorhabdus	1434046	G	817	16	833	0.00001
Parasphingorhabdus	2709685	G	548	14	562	0.00001
Novosphingopyxis	2709686	G	256	11	267	0.00000
Sphingosinicella	335405	G	843	28	871	0.00001
Glacieibacterium	2860235	G	277	39	316	0.00000
Polymorphobacter	1508451	G	254	31	285	0.00000
Sandaracinobacteroides	2883109	G	140	0	140	0.00000
Rhizorhabdus	1649486	G	1113	170	1283	0.00002
Alterirhizorhabdus	3423723	G	308	3	311	0.00000
Allosphingosinicella	2823232	G	485	6	491	0.00001
Sphingomicrobium	1227948	G	363	6	369	0.00001
Blastomonas	150203	G	501	4	505	0.00001
Parasphingopyxis	1234545	G	200	0	200	0.00000
Aquisediminimonas	2676781	G	139	0	139	0.00000
Zymomonas	541	G	124	5	129	0.00000
Paracoccus	265	G	23050	1000	24050	0.00033
Pseudooceanicola	1679449	G	1287	23	1310	0.00002
Cereibacter	1653176	G	1273	71	1344	0.00002
Thioclava	285107	G	1145	50	1195	0.00002
Rhodovulum	34008	G	1055	69	1124	0.00002
Marinibacterium	1931200	G	737	17	754	0.00001
Limimaricola	2211638	G	705	19	724	0.00001
Yoonia	2211641	G	670	14	684	0.00001
Pontivivens	1844015	G	659	10	669	0.00001
Tabrizicola	1443919	G	543	68	611	0.00001
Polymorphum	991903	G	508	44	552	0.00001
Tritonibacter	2083206	G	399	27	426	0.00001
Frigidibacter	1775705	G	372	39	411	0.00001
Paroceanicella	2683599	G	367	29	396	0.00001
Fuscovulum	2818469	G	363	45	408	0.00001
Gemmobacter	204456	G	362	31	393	0.00001
Paragemmobacter	3143992	G	350	24	374	0.00001
Pelagovum	2795377	G	325	9	334	0.00000
Gymnodinialimonas	2937410	G	323	1	324	0.00000
Arenibacterium	2824249	G	314	20	334	0.00000
Roseinatronobacter	121820	G	311	2	313	0.00000
Haematobacter	366614	G	311	85	396	0.00001
Pacificitalea	2846749	G	277	21	298	0.00000
Albidovulum	205889	G	245	2	247	0.00000
Pseudogemmobacter	2663134	G	218	4	222	0.00000
Neotabrizicola	2946607	G	212	28	240	0.00000
Nioella	1775424	G	210	1	211	0.00000
Cognatishimia	2211635	G	181	0	181	0.00000
Pikeienuella	2831955	G	173	4	177	0.00000
Aliiroseovarius	1658781	G	172	3	175	0.00000
Algicella	3050722	G	171	0	171	0.00000
Parasedimentitalea	2738399	G	165	1	166	0.00000
Marivivens	1759396	G	156	6	162	0.00000
Pukyongiella	2831925	G	148	12	160	0.00000
Amaricoccus	56999	G	145	2	147	0.00000
Planktomarina	1284657	G	141	0	141	0.00000
Pseudorhodobacter	238783	G	140	1	141	0.00000
Roseicitreum	1209946	G	139	0	139	0.00000
Qingshengfaniella	2816884	G	135	1	136	0.00000
Brevirhabdus	1855413	G	131	17	148	0.00000
Vannielia	2813041	G	119	0	119	0.00000
Pseudoroseicyclus	1813601	G	113	1	114	0.00000
Falsirhodobacter	1434002	G	110	3	113	0.00000
Silicimonas	1955420	G	106	0	106	0.00000
Pseudophaeobacter	1541822	G	101	8	109	0.00000
Abyssibius	3029205	G	87	1	88	0.00000
Profundibacter	2778525	G	85	0	85	0.00000
Fontisubflavum	3118803	G	72	0	72	0.00000
Aestuariibius	2109360	G	57	0	57	0.00000
Pseudopelagicola	1649483	G	37	0	37	0.00000
Amylibacter	1617805	G	36	0	36	0.00000
Sulfitobacter	60136	G	2895	54	2949	0.00004
Roseovarius	74030	G	2040	17	2057	0.00003
Leisingera	191028	G	1764	11	1775	0.00002
Ruegeria	97050	G	1162	38	1200	0.00002
Pseudosulfitobacter	2854186	G	1093	37	1130	0.00002
Celeribacter	875170	G	948	55	1003	0.00001
Salipiger	263377	G	864	39	903	0.00001
Phaeobacter	302485	G	861	16	877	0.00001
Shimia	573139	G	841	4	845	0.00001
Tateyamaria	299261	G	720	0	720	0.00001
Alloyangia	2919626	G	681	3	684	0.00001
Ketogulonicigenium	92944	G	670	19	689	0.00001
Roseicyclus	336277	G	627	1	628	0.00001
Roseobacter	2433	G	597	0	597	0.00001
Marinovum	367771	G	521	8	529	0.00001
Thalassovita	335927	G	519	1	520	0.00001
Jannaschia	188905	G	495	1	496	0.00001
Roseivivax	93682	G	385	3	388	0.00001
Mameliella	1434019	G	377	3	380	0.00001
Sagittula	58842	G	282	6	288	0.00000
Palleronia	315422	G	235	0	235	0.00000
Rhodophyticola	2680018	G	221	0	221	0.00000
Octadecabacter	53945	G	220	2	222	0.00000
Ponticoccus	983507	G	211	1	212	0.00000
Seohaeicola	481178	G	210	0	210	0.00000
Actibacterium	1433986	G	201	12	213	0.00000
Oceanicola	252301	G	182	0	182	0.00000
Marivita	659428	G	170	0	170	0.00000
Loktanella	245186	G	155	0	155	0.00000
Falsihalocynthiibacter	2854182	G	109	0	109	0.00000
Dinoroseobacter	309512	G	108	3157	3265	0.00004
Aliisedimentitalea	1697958	G	107	0	107	0.00000
Thalassococcus	436357	G	106	0	106	0.00000
Tropicibacter	599653	G	105	0	105	0.00000
Phycobium	3479963	G	103	0	103	0.00000
Antarctobacter	74032	G	95	0	95	0.00000
Lentibacter	1434014	G	66	0	66	0.00000
Pelagimonas	1434029	G	61	0	61	0.00000
Aliiphycobium	3479962	G	55	0	55	0.00000
Thalassobacter	266808	G	49	0	49	0.00000
Thalassovivens	3680327	G	47	0	47	0.00000
Algirhabdus	3412738	G	37	0	37	0.00000
Nereida	282198	G	23	0	23	0.00000
Rhodobacter	1060	G	1022	10	1032	0.00001
Brevundimonas	41275	G	24350	541	24891	0.00034
Caulobacter	75	G	14750	332	15082	0.00021
Phenylobacterium	20	G	14225	283	14508	0.00020
Asticcacaulis	76890	G	1041	26	1067	0.00001
Terricaulis	2768684	G	375	0	375	0.00001
Azospirillum	191	G	7045	132	7177	0.00010
Skermanella	204447	G	1085	34	1119	0.00002
Nitrospirillum	1543705	G	645	14	659	0.00001
Niveispirillum	1543704	G	626	14	640	0.00001
Indioceanicola	2478349	G	354	9	363	0.00001
Ferrovibrio	1231242	G	957	2	959	0.00001
Magnetospirillum	13134	G	478	107	585	0.00001
Rhodospirillum	1081	G	454	11	465	0.00001
Pararhodospirillum	1612157	G	260	2	262	0.00000
Aerophototrophica	2811387	G	176	2	178	0.00000
Defluviicoccus	111830	G	123	1	124	0.00000
Candidatus Endolissoclinum	1263978	G	45	0	45	0.00000
Thalassospira	168934	G	1436	17	1453	0.00002
Magnetospira	1182780	G	89	0	89	0.00000
Nisaea	390876	G	442	8	450	0.00001
Thalassobaculum	526215	G	383	7	390	0.00001
Pelagibius	643951	G	423	0	423	0.00001
Algihabitans	2821512	G	297	1	298	0.00000
Hypericibacter	2705399	G	661	3	664	0.00001
Allostella	93	G	597	3	600	0.00001
Caenispirillum	414051	G	297	2	299	0.00000
Haematospirillum	1804663	G	15	0	15	0.00000
Zavarzinia	204446	G	272	0	272	0.00000
Hwanghaeella	2605940	G	143	0	143	0.00000
Aestuariispira	1647175	G	100	0	100	0.00000
Paramagnetospirillum	3031148	G	146	91	237	0.00000
Terasakiella	196080	G	139	0	139	0.00000
Varunaivibrio	1866954	G	65	0	65	0.00000
Acetobacter	434	G	1549	92	1641	0.00002
Komagataeibacter	1434011	G	1142	82	1224	0.00002
Lichenicoccus	2781897	G	888	4	892	0.00001
Granulibacter	364409	G	506	3	509	0.00001
Nguyenibacter	1519186	G	481	1	482	0.00001
Lichenicola	2804525	G	446	1	447	0.00001
Gluconobacter	441	G	424	9	433	0.00001
Asaia	91914	G	351	16	367	0.00001
Rhodovastum	504465	G	335	1	336	0.00000
Pararoseomonas	2870712	G	312	26	338	0.00000
Gluconacetobacter	89583	G	203	3	206	0.00000
Rhodopila	1070	G	189	0	189	0.00000
Acidibrevibacterium	2603324	G	129	3	132	0.00000
Novacetimonas	2919364	G	88	10	98	0.00000
Kozakia	153497	G	85	5	90	0.00000
Entomobacter	2811380	G	75	0	75	0.00000
Neoasaia	320496	G	59	1	60	0.00000
Swingsia	1649499	G	57	1	58	0.00000
Candidatus Kirkpatrickella	3097638	G	39	0	39	0.00000
Aristophania	3027666	G	36	0	36	0.00000
Parasaccharibacter	1602345	G	35	0	35	0.00000
Commensalibacter	1079922	G	35	0	35	0.00000
Neokomagataea	1223423	G	34	0	34	0.00000
Oecophyllibacter	2791118	G	28	0	28	0.00000
Roseomonas	125216	G	3912	87	3999	0.00006
Sediminicoccus	1706033	G	688	25	713	0.00001
Muricoccus	3409995	G	421	9	430	0.00001
Dankookia	1940143	G	378	6	384	0.00001
Humitalea	1223303	G	311	2	313	0.00000
Roseococcus	35812	G	177	7	184	0.00000
Acidiphilium	522	G	669	1	670	0.00001
Acidisoma	512381	G	183	0	183	0.00000
Acidocella	50709	G	100	0	100	0.00000
Elioraea	457933	G	74	0	74	0.00000
Candidatus Tisiphia	2996317	G	1359	30	1389	0.00002
Rickettsia	780	G	693	14	707	0.00001
Orientia	69474	G	169	0	169	0.00000
Candidatus Trichorickettsia	1522201	G	40	0	40	0.00000
Candidatus Phycorickettsia	2115980	G	12	0	12	0.00000
Candidatus Megaera	1742636	G	11	0	11	0.00000
Wolbachia	953	G	980	13	993	0.00001
Ehrlichia	943	G	150	2	152	0.00000
Candidatus Neoehrlichia	467749	G	45	1	46	0.00000
Anaplasma	768	G	27	0	27	0.00000
Neorickettsia	33993	G	21	0	21	0.00000
Candidatus Mesenet	2883098	G	20	0	20	0.00000
Candidatus Bandiella	2716172	G	84	0	84	0.00000
Candidatus Lariskella	1175554	G	60	0	60	0.00000
Candidatus Fokinia	1802983	G	24	0	24	0.00000
Candidatus Deianiraea	2603321	G	16	0	16	0.00000
Tistrella	171436	G	1776	50	1826	0.00003
Marinivivus	3457535	G	715	1	716	0.00001
Oceanicaulis	153232	G	320	3	323	0.00000
Hyphobacterium	2004661	G	317	11	328	0.00000
Maricaulis	74317	G	294	2	296	0.00000
Marinicauda	1649466	G	212	6	218	0.00000
Glycocaulis	1433402	G	175	3	178	0.00000
Fretibacter	1649331	G	232	0	232	0.00000
Algimonas	1246884	G	68	0	68	0.00000
Litorimonas	1167830	G	66	0	66	0.00000
Candidatus Bodocaedibacter	3163645	G	1200	0	1200	0.00002
Candidatus Odyssella	84646	G	22	0	22	0.00000
Candidatus Paracaedibacter	1521255	G	10	0	10	0.00000
Candidatus Cytomitobacter	2601574	G	70	0	70	0.00000
Candidatus Bealeia	1920992	G	30	23	53	0.00000
Candidatus Nucleicultrix	1509243	G	43	0	43	0.00000
Candidatus Pelagibacter	198251	G	1219	1	1220	0.00002
Candidatus Fonsibacter	2045213	G	35	0	35	0.00000
Hyphomonas	85	G	605	5	610	0.00001
Hirschia	2723	G	182	0	182	0.00000
Candidatus Viadribacter	2892997	G	43	0	43	0.00000
Hyphococcus	2038635	G	446	1	447	0.00001
Aquisalinus	1795639	G	134	0	134	0.00000
Parvularcula	208215	G	127	2	129	0.00000
Gimibacter	3058346	G	142	0	142	0.00000
Temperatibacter	1549129	G	119	0	119	0.00000
Kordiimonas	288021	G	218	0	218	0.00000
Minwuia	2493629	G	447	0	447	0.00001
Radicibacter	3462474	G	381	1	382	0.00001
Paremcibacter	2813804	G	103	0	103	0.00000
Emcibacter	1602338	G	100	0	100	0.00000
Luteithermobacter	2813803	G	57	0	57	0.00000
Pseudemcibacter	2943291	G	54	0	54	0.00000
Sneathiella	510690	G	211	0	211	0.00000
Candidatus Ponderosibacter	3457287	G	64	0	64	0.00000
Candidatus Puniceispirillum	767891	G	25	0	25	0.00000
Candidatus Levibacter	3457288	G	29	5	34	0.00000
Acidithiobacillus	119977	G	1299	4	1303	0.00002
Thermithiobacillus	119979	G	228	3	231	0.00000
Hydrogenophilus	70774	G	70	0	70	0.00000
Mariprofundus	377315	G	68	0	68	0.00000
Magnetococcus	162171	G	60	0	60	0.00000
Flavobacterium	237	G	15170006	105518	15275524	0.21046
Polaribacter	52959	G	21525	433	21958	0.00030
Tenacibaculum	104267	G	14979	325	15304	0.00021
Flagellimonas	444459	G	12780	242	13022	0.00018
Winogradskyella	286104	G	11787	282	12069	0.00017
Maribacter	252356	G	9842	144	9986	0.00014
Myroides	76831	G	9382	230	9612	0.00013
Aquimarina	290174	G	8775	83	8858	0.00012
Capnocytophaga	1016	G	8064	73	8137	0.00011
Christiangramia	292691	G	6177	109	6286	0.00009
Formosa	225842	G	5755	99	5854	0.00008
Nonlabens	363408	G	5410	86	5496	0.00008
Cellulophaga	104264	G	5227	83	5310	0.00007
Leeuwenhoekiella	283735	G	4508	167	4675	0.00006
Kordia	221065	G	4332	31	4363	0.00006
Algibacter	261827	G	4271	101	4372	0.00006
Aequorivita	153265	G	4148	63	4211	0.00006
Lacinutrix	291183	G	4098	142	4240	0.00006
Mariniflexile	527198	G	3877	58	3935	0.00005
Zobellia	112040	G	3840	27	3867	0.00005
Zunongwangia	417127	G	2746	213	2959	0.00004
Olleya	336276	G	2672	116	2788	0.00004
Salegentibacter	143222	G	2533	215	2748	0.00004
Antarcticibacterium	2058174	G	2376	46	2422	0.00003
Lutibacter	358023	G	2297	14	2311	0.00003
Paenimyroides	3085669	G	2123	220	2343	0.00003
Galbibacter	379068	G	2062	80	2142	0.00003
Dokdonia	326319	G	2038	21	2059	0.00003
Salinimicrobium	561367	G	1968	28	1996	0.00003
Wenyingzhuangia	1518147	G	1966	30	1996	0.00003
Flavivirga	1209327	G	1862	11	1873	0.00003
Seonamhaeicola	1649495	G	1718	20	1738	0.00002
Psychroserpens	49277	G	1644	105	1749	0.00002
Mesoflavibacter	444051	G	1613	35	1648	0.00002
Mangrovimonas	1211036	G	1613	30	1643	0.00002
Allomuricauda	111500	G	1577	14	1591	0.00002
Arenibacter	178469	G	1401	65	1466	0.00002
Yeosuana	288018	G	1310	24	1334	0.00002
Bizionia	283785	G	1293	39	1332	0.00002
Imtechella	1165076	G	1279	9	1288	0.00002
Sinomicrobium	1434045	G	1187	1	1188	0.00002
Pontimicrobium	2918913	G	1141	29	1170	0.00002
Aureibaculum	2706948	G	1129	14	1143	0.00002
Patiriisocius	2822394	G	1128	18	1146	0.00002
Rasiella	2987594	G	1095	14	1109	0.00002
Psychroflexus	83612	G	1057	19	1076	0.00001
Aestuariibaculum	1386924	G	1046	11	1057	0.00001
Abyssalbus	2967089	G	984	5	989	0.00001
Euzebyella	1287916	G	960	74	1034	0.00001
Zhouia	561555	G	932	31	963	0.00001
Urechidicola	2700084	G	855	65	920	0.00001
Sediminicola	389486	G	814	3	817	0.00001
Changchengzhania	2049301	G	802	6	808	0.00001
Siansivirga	1204360	G	791	14	805	0.00001
Pseudalgibacter	2861660	G	719	18	737	0.00001
Costertonia	343334	G	701	32	733	0.00001
Ulvibacterium	2665910	G	695	0	695	0.00001
Marixanthomonas	387658	G	643	28	671	0.00001
Hwangdonia	1649460	G	621	20	641	0.00001
Croceiramulus	3568316	G	614	6	620	0.00001
Gillisia	244698	G	600	42	642	0.00001
Constantimarinum	2907134	G	599	10	609	0.00001
Lutimonas	449810	G	588	3	591	0.00001
Gilvibacter	379070	G	584	14	598	0.00001
Tamlana	393005	G	561	53	614	0.00001
Croceibacter	216431	G	550	18	568	0.00001
Amniculibacterium	2715289	G	550	145	695	0.00001
Robiginitalea	252306	G	518	3	521	0.00001
Daejeonia	2027867	G	510	105	615	0.00001
Allotamlana	3400365	G	484	4	488	0.00001
Oceanihabitans	2045416	G	465	25	490	0.00001
Aggregatimonas	2913017	G	427	1	428	0.00001
Candidatus Marifrigoribacter	3457289	G	427	7	434	0.00001
Pseudotamlana	3400368	G	415	34	449	0.00001
Pukyongia	2831916	G	395	5	400	0.00001
Candidatus Arcticimaribacter	2953860	G	355	4	359	0.00000
Aegicerativicinus	2893197	G	347	3	350	0.00000
Thalassobellus	3400333	G	313	5	318	0.00000
Flaviramulus	369400	G	303	7	310	0.00000
Vaginella	1935184	G	209	49	258	0.00000
Muriicola	762641	G	193	0	193	0.00000
Chryseobacterium	59732	G	109086	4528	113614	0.00157
Kaistella	2782231	G	4922	154	5076	0.00007
Epilithonimonas	2782229	G	2684	401	3085	0.00004
Empedobacter	59734	G	33138	3406	36544	0.00050
Elizabethkingia	308865	G	20457	1817	22274	0.00031
Cloacibacterium	501783	G	2255	324	2579	0.00004
Apibacter	1778601	G	1442	4	1446	0.00002
Riemerella	34084	G	1327	63	1390	0.00002
Faecalibacter	2766734	G	875	30	905	0.00001
Ornithobacterium	28250	G	678	15	693	0.00001
Marnyiella	3088764	G	674	27	701	0.00001
Bergeyella	59735	G	568	24	592	0.00001
Weeksella	1013	G	250	34	284	0.00000
Cruoricaptor	1433995	G	235	19	254	0.00000
Fluviicola	332102	G	36480	150	36630	0.00050
Paracrocinitomix	3024544	G	302	0	302	0.00000
Blattabacterium	34098	G	1550	8	1558	0.00002
Owenweeksia	267986	G	802	0	802	0.00001
Croceimicrobium	2828338	G	540	3	543	0.00001
Candidatus Karelsulcia	336809	G	408	6	414	0.00001
Candidatus Walczuchella	1940138	G	15	0	15	0.00000
Parvicella	2975260	G	251	1	252	0.00000
Sanyastnella	3228946	G	87	0	87	0.00000
Ichthyobacterium	1755829	G	32	0	32	0.00000
Sphingobacterium	28453	G	5919588	93873	6013461	0.08285
Pedobacter	84567	G	1093357	15421	1108778	0.01528
Mucilaginibacter	423349	G	115544	862	116406	0.00160
Olivibacter	376469	G	5581	142	5723	0.00008
Solitalea	929509	G	5310	24	5334	0.00007
Pseudopedobacter	1649482	G	3019	170	3189	0.00004
Arcticibacter	1288026	G	1297	16	1313	0.00002
Anseongella	1773450	G	1038	1	1039	0.00001
Aurantibacillus	3088889	G	712	6	718	0.00001
Dyadobacter	120831	G	301135	5113	306248	0.00422
Larkinella	332157	G	6571	484	7055	0.00010
Runella	105	G	6298	14	6312	0.00009
Fibrella	861914	G	831	68	899	0.00001
Hymenobacter	89966	G	12711	147	12858	0.00018
Pontibacter	323449	G	5627	212	5839	0.00008
Adhaeribacter	299566	G	2679	65	2744	0.00004
Rufibacter	1379908	G	1950	193	2143	0.00003
Nibribacter	1649474	G	726	183	909	0.00001
Spirosoma	107	G	19628	90	19718	0.00027
Cytophaga	978	G	943	20	963	0.00001
Algoriphagus	246875	G	6922	393	7315	0.00010
Echinicola	390846	G	5098	574	5672	0.00008
Cyclobacterium	68288	G	2197	232	2429	0.00003
Aquiflexum	280472	G	1165	80	1245	0.00002
Belliella	232244	G	664	121	785	0.00001
Mongoliitalea	1511649	G	238	4	242	0.00000
Emticicia	312278	G	2973	15	2988	0.00004
Marinilongibacter	2975149	G	936	17	953	0.00001
Arcticibacterium	2173039	G	852	37	889	0.00001
Leadbetterella	319458	G	429	26	455	0.00001
Jiulongibacter	2031119	G	344	25	369	0.00001
Flammeovirga	59739	G	2539	138	2677	0.00004
Chondrinema	3051458	G	1224	111	1335	0.00002
Imperialibacter	1649461	G	927	83	1010	0.00001
Fulvivirga	396811	G	2668	156	2824	0.00004
Chryseolinea	1433993	G	1444	7	1451	0.00002
Ekhidna	447678	G	2055	93	2148	0.00003
Reichenbachiella	156993	G	1422	29	1451	0.00002
Roseivirga	290180	G	2743	123	2866	0.00004
Bernardetia	1937972	G	2423	3	2426	0.00003
Catalinimonas	1522128	G	1117	6	1123	0.00002
Porifericola	1001222	G	821	18	839	0.00001
Tunicatimonas	1077254	G	449	0	449	0.00001
Marivirga	869806	G	2179	433	2612	0.00004
Persicobacter	59740	G	752	27	779	0.00001
Fulvitalea	1434007	G	467	12	479	0.00001
Aureibacter	1097443	G	388	7	395	0.00001
Rhodocytophaga	455076	G	1599	9	1608	0.00002
Aquirufa	2676247	G	1465	9	1474	0.00002
Mangrovivirga	2858886	G	521	4	525	0.00001
Candidatus Cardinium	273135	G	206	0	206	0.00000
Candidatus Amoebophilus	281119	G	36	0	36	0.00000
Chitinophaga	79328	G	29925	879	30804	0.00042
Niabella	379899	G	5867	416	6283	0.00009
Paraflavitalea	2698688	G	4353	249	4602	0.00006
Arachidicoccus	1769012	G	3753	136	3889	0.00005
Flavisolibacter	398041	G	2157	201	2358	0.00003
Filimonas	649460	G	2150	120	2270	0.00003
Lacibacter	649461	G	2012	76	2088	0.00003
Pseudobacter	1860196	G	1922	214	2136	0.00003
Flavihumibacter	1004301	G	1825	55	1880	0.00003
Phnomibacter	2836216	G	1735	168	1903	0.00003
Sediminibacterium	504481	G	1661	106	1767	0.00002
Niastella	354354	G	1658	163	1821	0.00003
Pseudocnuella	2812019	G	1421	137	1558	0.00002
Ferruginibacter	1004303	G	1394	55	1449	0.00002
Puia	2045098	G	1381	75	1456	0.00002
Panacibacter	1874621	G	915	15	930	0.00001
Rhizosphaericola	3114547	G	850	45	895	0.00001
Mycovorax	3389990	G	559	88	647	0.00001
Thermoflavifilum	1649506	G	531	5	536	0.00001
Bacteroides	816	G	14302	1000	15302	0.00021
Phocaeicola	909656	G	1108	126	1234	0.00002
Prevotella	838	G	4409	71	4480	0.00006
Segatella	2974251	G	1361	30	1391	0.00002
Hoylesella	2974257	G	239	33	272	0.00000
Paraprevotella	577309	G	232	19	251	0.00000
Xylanibacter	558436	G	83	0	83	0.00000
Pseudoprevotella	2884814	G	55	0	55	0.00000
Parabacteroides	375288	G	3003	346	3349	0.00005
Tannerella	195950	G	308	6	314	0.00000
Alistipes	239759	G	2257	169	2426	0.00003
Acetobacteroides	1647173	G	899	9	908	0.00001
Proteiniphilum	294702	G	797	20	817	0.00001
Dysgonomonas	156973	G	715	0	715	0.00001
Indolivaga	3680098	G	673	20	693	0.00001
Petrimonas	307628	G	561	45	606	0.00001
Limibacterium	3404873	G	234	1	235	0.00000
Butyricimonas	574697	G	939	127	1066	0.00001
Odoribacter	283168	G	254	22	276	0.00000
Porphyromonas	836	G	656	21	677	0.00001
Macellibacteroides	1159323	G	319	4	323	0.00000
Coprobacter	1348911	G	502	33	535	0.00001
Barnesiella	397864	G	351	23	374	0.00001
Muribaculum	1918540	G	202	8	210	0.00000
Sodaliphilus	2815786	G	160	5	165	0.00000
Duncaniella	2518495	G	149	1	150	0.00000
Paramuribaculum	2518497	G	58	1	59	0.00000
Salinivirga	1970191	G	434	0	434	0.00001
Tenuifilum	2760873	G	398	1	399	0.00001
Paludibacter	346096	G	368	0	368	0.00001
Candidatus Azobacteroides	511434	G	182	0	182	0.00000
Draconibacterium	1471399	G	2728	21	2749	0.00004
Aquipluma	2792393	G	1001	2	1003	0.00001
Mangrovibacterium	1573808	G	473	14	487	0.00001
Gaoshiqia	3045890	G	452	2	454	0.00001
Maribellus	2678352	G	428	3	431	0.00001
Halosquirtibacter	3374594	G	307	7	314	0.00000
Marinifilum	866673	G	1473	14	1487	0.00002
Labilibaculum	2060722	G	1197	7	1204	0.00002
Xiashengella	3129724	G	297	78	375	0.00001
Alkalitalea	1193324	G	148	0	148	0.00000
Aureispira	365032	G	2352	11	2363	0.00003
Saprospira	1007	G	567	1	568	0.00001
Haliscomenobacter	2349	G	1032	2	1034	0.00001
Phaeodactylibacter	1564515	G	455	0	455	0.00001
Lewinella	70994	G	409	1	410	0.00001
Neolewinella	2993541	G	304	4	308	0.00000
Candidatus Sulfidibacterium	2923290	G	252	0	252	0.00000
Rhodothermus	29548	G	290	1	291	0.00000
Rhodocaloribacter	2893090	G	166	1	167	0.00000
Rubrivirga	1434037	G	424	2	426	0.00001
Salinibacter	146918	G	222	0	222	0.00000
Prosthecochloris	1101	G	456	0	456	0.00001
Chlorobium	1091	G	220	1	221	0.00000
Pelodictyon	1099	G	75	0	75	0.00000
Chlorobaculum	256319	G	229	0	229	0.00000
Chloroherpeton	100715	G	39	0	39	0.00000
Gracilimonas	649462	G	316	0	316	0.00000
Cyclonatronum	2489367	G	159	4	163	0.00000
Ignavibacterium	795750	G	199	0	199	0.00000
Melioribacter	1134403	G	70	0	70	0.00000
Gemmatimonas	173479	G	469	0	469	0.00001
Gemmatirosa	1706036	G	327	1	328	0.00000
Pseudogemmatithrix	3237678	G	82	0	82	0.00000
Candidatus Palauibacter	3056650	G	270	0	270	0.00000
Gaopeijia	3381669	G	144	0	144	0.00000
Fibrobacter	832	G	211	3	214	0.00000
Candidatus Cloacimonas	456826	G	99	0	99	0.00000
Fidelibacter	3377528	G	53	0	53	0.00000
Luteolibacter	518753	G	275160	3096	278256	0.00383
Haloferula	574899	G	6276	174	6450	0.00009
Roseimicrobium	1348508	G	3823	3	3826	0.00005
Verrucomicrobium	2735	G	3601	308	3909	0.00005
Oceaniferula	2886881	G	903	12	915	0.00001
Sulfuriroseicoccus	2911469	G	665	15	680	0.00001
Roseibacillus	518755	G	644	9	653	0.00001
Akkermansia	239934	G	2355	362	2717	0.00004
Fontisphaera	3050007	G	123	0	123	0.00000
Horticoccus	2986286	G	2356	143	2499	0.00003
Opitutus	178440	G	1270	105	1375	0.00002
Oleiharenicola	2100741	G	854	215	1069	0.00001
Termitidicoccus	3126963	G	730	162	892	0.00001
Actomonas	3138693	G	575	18	593	0.00001
Nibricoccus	2576890	G	502	36	538	0.00001
Lacunisphaera	1961799	G	493	79	572	0.00001
Lotipaludicoccus	3685778	G	406	105	511	0.00001
Ereboglobus	2028344	G	399	85	484	0.00001
Synoicihabitans	2892920	G	372	17	389	0.00001
Congregicoccus	3458163	G	405	22	427	0.00001
Coraliomargarita	442430	G	715	0	715	0.00001
Ruficoccus	2175957	G	273	4	277	0.00000
Rubellicoccus	3138622	G	244	2	246	0.00000
Candidatus Pelagisphaera	3049269	G	303	2	305	0.00000
Methylacidimicrobium	1541670	G	196	111	307	0.00000
Methylacidiphilum (ex Ratnadevi et al. 2023)	511745	G	107	29	136	0.00000
Stieleria	2795973	G	1253	43	1296	0.00002
Rosistilla	2795779	G	507	10	517	0.00001
Anatilimnocola	2807414	G	420	8	428	0.00001
Bremerella	2714594	G	375	2	377	0.00001
Rhodopirellula	265488	G	330	12	342	0.00000
Roseimaritima	1579506	G	288	3	291	0.00000
Lignipirellula	2795775	G	278	16	294	0.00000
Novipirellula	2795426	G	240	5	245	0.00000
Aureliella	2795605	G	216	4	220	0.00000
Blastopirellula	265487	G	200	0	200	0.00000
Rubripirellula	1579505	G	157	14	171	0.00000
Pirellula	123	G	146	0	146	0.00000
Roseiconus	2814446	G	126	260	386	0.00001
Mariniblastus	2005380	G	88	0	88	0.00000
Lacipirellula	2691417	G	582	7	589	0.00001
Pirellulimonas	2795783	G	419	2	421	0.00001
Aeoliella	2795781	G	264	5	269	0.00000
Botrimarina	2795782	G	151	3	154	0.00000
Adhaeretor	2862451	G	57	1	58	0.00000
Bythopirellula	1400386	G	53	0	53	0.00000
Thermogutta	1676125	G	26	0	26	0.00000
Gimesia	1649453	G	1368	13	1381	0.00002
Planctomyces	118	G	1096	43	1139	0.00002
Planctomicrobium	1779141	G	381	2	383	0.00001
Alienimonas	2714737	G	338	5	343	0.00000
Caulifigura	2795778	G	301	0	301	0.00000
Schlesneria	656899	G	284	1	285	0.00000
Lacunimicrobium	3473513	G	247	1	248	0.00000
Maioricimonas	2795777	G	242	6	248	0.00000
Planctopirus	1649480	G	219	1	220	0.00000
Polystyrenella	2795774	G	217	3	220	0.00000
Symmachiella	2795780	G	208	2	210	0.00000
Planctellipticum	3132181	G	164	1	165	0.00000
Crateriforma	2714592	G	162	194	356	0.00000
Rubinisphaera	1649490	G	152	25	177	0.00000
Stratiformator	3076095	G	97	1	98	0.00000
Calycomorphotria	2795776	G	89	1	90	0.00000
Fuerstiella	1936111	G	72	0	72	0.00000
Thalassoglobus	2795865	G	66	0	66	0.00000
Urbifossiella	2807415	G	1698	26	1724	0.00002
Gemmata	113	G	954	41	995	0.00001
Limnoglobus	2731450	G	410	13	423	0.00001
Frigoriglobus	2774146	G	334	21	355	0.00000
Telmatocola	1382832	G	172	1	173	0.00000
Tuwongella	2051044	G	113	2	115	0.00000
Singulisphaera	466152	G	938	41	979	0.00001
Aquisphaera	1511635	G	585	21	606	0.00001
Tundrisphaera	2029859	G	484	22	506	0.00001
Tautonia	2680020	G	414	2	416	0.00001
Paludisphaera	1763521	G	285	18	303	0.00000
Isosphaera	127	G	117	2	119	0.00000
Saltatorellus	3405235	G	291	34	325	0.00000
Engelhardtia	3405233	G	177	8	185	0.00000
Rohdeia	3405237	G	115	0	115	0.00000
Kolteria	3405236	G	117	0	117	0.00000
Humisphaera	2807511	G	344	0	344	0.00000
Fontivita	2989683	G	77	0	77	0.00000
Phycisphaera	666508	G	153	1	154	0.00000
Poriferisphaera	2803301	G	149	0	149	0.00000
Mucisphaera	2913022	G	90	0	90	0.00000
Sedimentisphaera	2483368	G	48	104	152	0.00000
Limihaloglobus	2690160	G	16	0	16	0.00000
Anaerohalosphaera	2690159	G	46	0	46	0.00000
Candidatus Uabimicrobium	2897349	G	486	0	486	0.00001
Candidatus Kuenenia	380738	G	56	0	56	0.00000
Candidatus Protochlamydia	282132	G	161	0	161	0.00000
Parachlamydia	83551	G	114	0	114	0.00000
Neochlamydia	112987	G	64	0	64	0.00000
Candidatus Rhabdochlamydia	292833	G	67	9	76	0.00000
Simkania	34093	G	30	0	30	0.00000
Candidatus Neptunichlamydia	1891669	G	24	0	24	0.00000
Chlamydia	810	G	128	2	130	0.00000
Chlamydiifrater	2822114	G	10	0	10	0.00000
Lentisphaera	256846	G	259	0	259	0.00000
Tichowtungia	2907187	G	121	0	121	0.00000
Kiritimatiella	1921784	G	52	361	413	0.00001
Candidatus Velamenicoccus	2789201	G	46	0	46	0.00000
Sorangium	39643	G	7998	108	8106	0.00011
Chondromyces	50	G	327	1	328	0.00000
Polyangium	55	G	325	5	330	0.00000
Pajaroellobacter	1882917	G	53	0	53	0.00000
Sandaracinus	1055688	G	641	4	645	0.00001
Labilithrix	1524217	G	277	1	278	0.00000
Nannocystis	53	G	962	7	969	0.00001
Haliangium	162027	G	480	3	483	0.00001
Myxococcus	32	G	1685	164	1849	0.00003
Corallococcus	83461	G	1519	233	1752	0.00002
Pyxidicoccus	224458	G	340	20	360	0.00000
Pseudomyxococcus	3434272	G	306	82	388	0.00001
Archangium	47	G	1392	105	1497	0.00002
Cystobacter	42	G	572	138	710	0.00001
Melittangium	44	G	387	63	450	0.00001
Stigmatella	40	G	176	16	192	0.00000
Anaeromyxobacter	161492	G	932	12	944	0.00001
Vulgatibacter	1524214	G	98	0	98	0.00000
Pendulispora	3375062	G	644	2	646	0.00001
Arcobacter	28196	G	1553	182	1735	0.00002
Aliarcobacter	2321111	G	1249	76	1325	0.00002
Halarcobacter	2321115	G	1008	21	1029	0.00001
Malaciobacter	2321114	G	785	32	817	0.00001
Poseidonibacter	2321187	G	120	46	166	0.00000
Candidatus Marinarcus	2321204	G	28	0	28	0.00000
Campylobacter	194	G	4602	138	4740	0.00007
Helicobacter	209	G	2152	68	2220	0.00003
Sulfurospirillum	57665	G	1726	16	1742	0.00002
Sulfurimonas	202746	G	1439	86	1525	0.00002
Thiomicrolovo	3451667	G	97	4	101	0.00000
Sulfonitrofixus	3451668	G	27	0	27	0.00000
Hydrocurvibacter	3451669	G	20	0	20	0.00000
Sulfuricurvum	286130	G	17	0	17	0.00000
Sulfurovum	265570	G	277	5	282	0.00000
Nitratifractor	269260	G	68	2	70	0.00000
Hydrogenimonas	223785	G	275	6	281	0.00000
Caminibacter	191301	G	240	5	245	0.00000
Nautilia	191291	G	40	0	40	0.00000
Nitratiruptor	269258	G	101	0	101	0.00000
Nitrosophilus	2795692	G	88	2	90	0.00000
Pseudodesulfovibrio	2035811	G	1416	75	1491	0.00002
Desulfovibrio	872	G	907	22	929	0.00001
Nitratidesulfovibrio	2802295	G	619	7	626	0.00001
Maridesulfovibrio	2794998	G	518	7	525	0.00001
Solidesulfovibrio	2910984	G	309	3	312	0.00000
Desulfolutivibrio	2773294	G	190	3	193	0.00000
Oceanidesulfovibrio	2905722	G	138	0	138	0.00000
Salidesulfovibrio	2950010	G	110	4	114	0.00000
Desulfocurvibacter	2582840	G	108	0	108	0.00000
Oleidesulfovibrio	2909705	G	77	30	107	0.00000
Desulfobaculum	1433996	G	69	1	70	0.00000
Mailhella	1981028	G	61	13	74	0.00000
Megalodesulfovibrio	2910978	G	54	0	54	0.00000
Bilophila	35832	G	38	0	38	0.00000
Halodesulfovibrio	1912771	G	38	0	38	0.00000
Lawsonia	41707	G	27	0	27	0.00000
Taurinivorans	3126915	G	13	0	13	0.00000
Desulfomicrobium	898	G	693	2	695	0.00001
Thermodesulfomicrobium	2905949	G	10	0	10	0.00000
Desulfohalobium	45662	G	27	0	27	0.00000
Geobacter	28231	G	873	35	908	0.00001
Geomonas	2651583	G	575	36	611	0.00001
Geotalea	2910589	G	335	9	344	0.00000
Trichlorobacter	115782	G	161	9	170	0.00000
Citrifermentans	2883512	G	127	13	140	0.00000
Desulfuromonas	890	G	396	1	397	0.00001
Pelobacter	18	G	62	8	70	0.00000
Geoalkalibacter	392332	G	201	6	207	0.00000
Syntrophotalea	2812025	G	121	0	121	0.00000
Desulfobulbus	893	G	868	30	898	0.00001
Desulfolithobacter	3003266	G	220	0	220	0.00000
Desulfurivibrio	427922	G	171	0	171	0.00000
Candidatus Electrothrix	1859128	G	37	0	37	0.00000
Desulfomarina	2894767	G	25	0	25	0.00000
Desulfosediminicola	2886823	G	254	0	254	0.00000
Desulforhopalus	40413	G	198	0	198	0.00000
Desulfotalea	109168	G	95	0	95	0.00000
Desulfofustis	51194	G	68	0	68	0.00000
Desulfopila	429014	G	64	0	64	0.00000
Desulfocapsa	53318	G	53	0	53	0.00000
Thiovibrio	2991701	G	77	4	81	0.00000
Desulfosarcina	2299	G	889	6	895	0.00001
Desulfobacter	2289	G	270	1	271	0.00000
Desulfobacula	28222	G	213	0	213	0.00000
Desulforapulum	2904687	G	45	0	45	0.00000
Desulfonema	45654	G	209	0	209	0.00000
Desulfococcus	896	G	44	0	44	0.00000
Desulfatibacillum	218207	G	76	0	76	0.00000
Desulfosudis	2904716	G	53	0	53	0.00000
Desulfoluna	497721	G	23	0	23	0.00000
Desulfarculus	453229	G	485	28	513	0.00001
Desulfoferula	3093638	G	287	0	287	0.00000
Caldimicrobium	444090	G	88	0	88	0.00000
Thermosulfuriphilus	2033601	G	81	0	81	0.00000
Thermodesulfobacterium	1740	G	71	0	71	0.00000
Thermosulfurimonas	1522431	G	12	0	12	0.00000
Thermodesulfatator	241192	G	19	0	19	0.00000
Desulfobacca	60892	G	152	0	152	0.00000
Desulfoglaeba	361106	G	68	0	68	0.00000
Syntrophobacter	29526	G	57	1	58	0.00000
Candidatus Desulfofervidus	1902583	G	64	0	64	0.00000
Desulfomonile	2357	G	58	0	58	0.00000
Syntrophus	43773	G	56	0	56	0.00000
Dissulfuribacter	1433998	G	23	0	23	0.00000
Treponema	157	G	1449	4	1453	0.00002
Brucepastera	2967962	G	47	0	47	0.00000
Borreliella	64895	G	710	21	731	0.00001
Borrelia	138	G	634	4	638	0.00001
Thiospirochaeta	2792240	G	73	0	73	0.00000
Marispirochaeta	1911565	G	71	0	71	0.00000
Spirochaeta	146	G	61	0	61	0.00000
Oceanispirochaeta	2035349	G	50	0	50	0.00000
Salinispira	1616789	G	41	0	41	0.00000
Candidatus Haliotispira	3115661	G	38	0	38	0.00000
Sediminispirochaeta	1911556	G	36	1	37	0.00000
Entomospira	2834378	G	32	0	32	0.00000
Leadbettera	2951107	G	187	2	189	0.00000
Gracilinema	2951106	G	43	1	44	0.00000
Breznakiella	2845254	G	31	0	31	0.00000
Sphaerochaeta	399320	G	146	2	148	0.00000
Parasphaerochaeta	3062336	G	47	0	47	0.00000
Leptospira	171	G	1645	1	1646	0.00002
Turneriella	338321	G	15	0	15	0.00000
Brachyspira	29521	G	1075	8	1083	0.00001
Thermospira	3024226	G	62	0	62	0.00000
Winmispira	3457169	G	51	0	51	0.00000
Terriglobus	392733	G	582	14	596	0.00001
Tunturiibacter	3154218	G	570	21	591	0.00001
Granulicella	940557	G	464	12	476	0.00001
Edaphobacter	388463	G	341	11	352	0.00000
Telmatobacter	1078829	G	251	4	255	0.00000
Occallatibacter	1742983	G	185	2	187	0.00000
Silvibacterium	1775468	G	167	3	170	0.00000
Alloacidobacterium	2951993	G	93	2	95	0.00000
Acidobacterium	33973	G	78	2	80	0.00000
Acidisarcina	2608728	G	72	5	77	0.00000
Candidatus Korobacter	658061	G	128	0	128	0.00000
Paludibaculum	1649475	G	237	0	237	0.00000
Geothrix	44675	G	932	15	947	0.00001
Mesoterricola	3074468	G	253	8	261	0.00000
Sulfidibacter	2915177	G	216	0	216	0.00000
Acanthopleuribacter	442869	G	196	0	196	0.00000
Thermotomaculum	1172428	G	25	0	25	0.00000
Luteitalea	2004797	G	590	2	592	0.00001
Chloracidobacterium	458032	G	229	0	229	0.00000
Bdellovibrio	958	G	2278	6	2284	0.00003
Pseudobdellovibrio	2862745	G	267	1	268	0.00000
Micavibrio	213485	G	126	0	126	0.00000
Peredibacter	263370	G	573	0	573	0.00001
Bacteriovorax	146784	G	141	0	141	0.00000
Halobacteriovorax	1652133	G	66	0	66	0.00000
Pigmentibacter	2838409	G	249	4	253	0.00000
Fluviispira	2698753	G	137	1	138	0.00000
Silvanigrella	2024975	G	118	2	120	0.00000
Spirobacillus	495819	G	117	1	118	0.00000
Nitrospira	1234	G	988	1	989	0.00001
Leptospirillum	179	G	66	0	66	0.00000
Candidatus Magnetomonas	3459270	G	26	0	26	0.00000
Thermodesulfovibrio	28261	G	190	0	190	0.00000
Dissulfurispira	2811506	G	81	0	81	0.00000
Denitrovibrio	117999	G	405	0	405	0.00001
Geovibrio	46200	G	27	0	27	0.00000
Deferribacter	53572	G	118	0	118	0.00000
Mucispirillum	248038	G	107	0	107	0.00000
Flexistipes	2351	G	42	0	42	0.00000
Calditerrivibrio	545865	G	20	0	20	0.00000
Sulfurihydrogenibium	212790	G	198	1	199	0.00000
Persephonella	182899	G	185	0	185	0.00000
Thermocrinis	75905	G	66	0	66	0.00000
Hydrogenobaculum	168657	G	64	0	64	0.00000
Hydrogenobacter	939	G	33	0	33	0.00000
Pampinifervens	3453421	G	14	0	14	0.00000
Desulfurobacterium	64159	G	26	0	26	0.00000
Dictyoglomus	13	G	430	0	430	0.00001
Elusimicrobium	423604	G	334	0	334	0.00000
Endomicrobium	1408194	G	20	0	20	0.00000
Thermomicrobium	499	G	254	0	254	0.00000
Sphaerobacter	2056	G	74	0	74	0.00000
Caldithrix	187144	G	328	0	328	0.00000
Caldisericum	693074	G	267	0	267	0.00000
Zhurongbacter	3470744	G	126	0	126	0.00000
Thermodesulfobium	227388	G	108	0	108	0.00000
Candidatus Caldatribacterium	1454725	G	67	0	67	0.00000
Atribacter	2847777	G	22	0	22	0.00000
Thermatribacter	3240450	G	15	2	17	0.00000
Desulfurispirillum	393029	G	69	0	69	0.00000
Nitrospina	35800	G	56	0	56	0.00000
Coprothermobacter	68335	G	48	0	48	0.00000
Rhodococcus	1827	G	2063332	59104	2122436	0.02924
Prescottella	2979332	G	279981	13627	293608	0.00405
Nocardia	1817	G	25495	335	25830	0.00036
Rhodococcoides	3259750	G	1071	233	1304	0.00002
Williamsia	85043	G	249	2	251	0.00000
Mycobacterium	1763	G	667268	26604	693872	0.00956
Mycolicibacterium	1866885	G	180146	35500	215646	0.00297
Mycobacteroides	670516	G	8791	716	9507	0.00013
Mycolicibacter	1073531	G	2274	718	2992	0.00004
Mycolicibacillus	2126281	G	557	22	579	0.00001
Corynebacterium	1716	G	26898	1356	28254	0.00039
Tsukamurella	2060	G	15962	289	16251	0.00022
Gordonia	2053	G	14689	394	15083	0.00021
Skermania	59613	G	564	6	570	0.00001
Dietzia	37914	G	3753	177	3930	0.00005
Tomitella	741759	G	500	7	507	0.00001
Segniliparus	286801	G	138	0	138	0.00000
Hoyosella	697025	G	82	0	82	0.00000
Lawsonella	1847725	G	41	0	41	0.00000
Microbacterium	33882	G	691881	38275	730156	0.01006
Leucobacter	55968	G	13125	769	13894	0.00019
Agromyces	33877	G	8367	465	8832	0.00012
Curtobacterium	2034	G	7434	283	7717	0.00011
Leifsonia	110932	G	5641	274	5915	0.00008
Rathayibacter	33886	G	3086	118	3204	0.00004
Cryobacterium	69578	G	2806	72	2878	0.00004
Agrococcus	46352	G	2788	168	2956	0.00004
Clavibacter	1573	G	2582	156	2738	0.00004
Gulosibacter	256818	G	1875	202	2077	0.00003
Microcella	337004	G	1820	115	1935	0.00003
Salinibacterium	235888	G	1460	49	1509	0.00002
Herbiconiux	881616	G	1435	60	1495	0.00002
Plantibacter	190323	G	1275	30	1305	0.00002
Frigoribacterium	96492	G	1248	58	1306	0.00002
Protaetiibacter	2680004	G	1131	90	1221	0.00002
Frondihabitans	447237	G	1024	29	1053	0.00001
Microterricola	518733	G	904	45	949	0.00001
Paramicrobacterium	3110364	G	720	29	749	0.00001
Cnuibacter	1759331	G	697	40	737	0.00001
Mycetocola	76634	G	634	15	649	0.00001
Ruicaihuangia	3137419	G	564	19	583	0.00001
Humibacter	427753	G	485	44	529	0.00001
Subtercola	120212	G	474	5	479	0.00001
Homoserinibacter	1649457	G	408	26	434	0.00001
Gryllotalpicola	1195526	G	383	13	396	0.00001
Lacisediminihabitans	2740558	G	367	10	377	0.00001
Rhodoluna	529883	G	210	1	211	0.00000
Aquiluna	529881	G	130	0	130	0.00000
Naasia	1434022	G	300	10	310	0.00000
Diaminobutyricimonas	1433997	G	270	10	280	0.00000
Okibacterium	196084	G	255	17	272	0.00000
Orlajensenia	3440766	G	243	9	252	0.00000
Glaciihabitans	1649454	G	242	7	249	0.00000
Homoserinimonas	1434009	G	237	8	245	0.00000
Antiquaquibacter	3108736	G	217	3	220	0.00000
Agreia	110934	G	211	6	217	0.00000
Aurantimicrobium	1705353	G	210	1	211	0.00000
Marisediminicola	1230698	G	179	4	183	0.00000
Humidisolicoccus	3425211	G	162	3	165	0.00000
Lysinibacter	1857011	G	156	1	157	0.00000
Pontimonas	1434032	G	45	0	45	0.00000
Cellulomonas	1707	G	26811	1308	28119	0.00039
Oerskovia	162491	G	13249	987	14236	0.00020
Paraoerskovia	665568	G	2068	99	2167	0.00003
Actinotalea	458839	G	884	91	975	0.00001
Pseudactinotalea	1926259	G	450	7	457	0.00001
Sanguibacter	60919	G	39015	1324	40339	0.00056
Arthrobacter	1663	G	12677	1460	14137	0.00019
Glutamicibacter	1742989	G	4036	352	4388	0.00006
Pseudarthrobacter	1742993	G	3072	423	3495	0.00005
Kocuria	57493	G	2236	203	2439	0.00003
Sinomonas	596707	G	1574	27	1601	0.00002
Paenarthrobacter	1742992	G	1293	435	1728	0.00002
Micrococcus	1269	G	1184	171	1355	0.00002
Rothia	32207	G	1099	109	1208	0.00002
Citricoccus	169133	G	778	78	856	0.00001
Zhihengliuella	370735	G	368	218	586	0.00001
Auritidibacter	1160973	G	314	6	320	0.00000
Crystallibacter	3456524	G	295	12	307	0.00000
Neomicrococcus	1868332	G	218	11	229	0.00000
Nesterenkonia	57494	G	156	0	156	0.00000
Psychromicrobium	2078575	G	156	1	157	0.00000
Renibacterium	1645	G	89	1	90	0.00000
Paeniglutamicibacter	1742990	G	80	2	82	0.00000
Pseudoglutamicibacter	1742991	G	45	18	63	0.00000
Cellulosimicrobium	157920	G	10576	868	11444	0.00016
Isoptericola	254250	G	3864	943	4807	0.00007
Xylanimonas	186188	G	3034	260	3294	0.00005
Promicromonospora	43676	G	2402	121	2523	0.00003
Janibacter	53457	G	2266	182	2448	0.00003
Arsenicicoccus	267408	G	838	33	871	0.00001
Phycicoccus	367298	G	758	106	864	0.00001
Terrabacter	53355	G	596	36	632	0.00001
Pedococcus	2805645	G	455	22	477	0.00001
Oryzobacter	1849973	G	444	30	474	0.00001
Knoellia	136099	G	421	13	434	0.00001
Humibacillus	556178	G	400	19	419	0.00001
Intrasporangium	53357	G	316	10	326	0.00000
Nostocoides	99479	G	152	6	158	0.00000
Brevibacterium	1696	G	4581	366	4947	0.00007
Saxibacter	3162691	G	112	0	112	0.00000
Brachybacterium	43668	G	3658	133	3791	0.00005
Dermabacter	36739	G	408	107	515	0.00001
Devriesea	472568	G	96	0	96	0.00000
Helcobacillus	1161125	G	88	6	94	0.00000
Ornithinimicrobium	125287	G	1966	79	2045	0.00003
Serinicoccus	265976	G	1194	77	1271	0.00002
Pengzhenrongella	2888818	G	1863	54	1917	0.00003
Luteimicrobium	754249	G	927	41	968	0.00001
Timonella	1465824	G	124	3	127	0.00000
Allobranchiibius	2040262	G	680	14	694	0.00001
Dermacoccus	57495	G	418	31	449	0.00001
Barrientosiimonas	1535207	G	346	30	376	0.00001
Luteipulveratus	745364	G	227	4	231	0.00000
Yimella	908935	G	110	2	112	0.00000
Ruania	626119	G	1228	19	1247	0.00002
Occultella	2828348	G	474	14	488	0.00001
Beutenbergia	84756	G	658	15	673	0.00001
Miniimonas	947525	G	452	98	550	0.00001
Demequina	577469	G	924	26	950	0.00001
Gephyromycinifex	2885697	G	198	2	200	0.00000
Austwickia	1184606	G	139	1	140	0.00000
Dermatophilus	1862	G	52	0	52	0.00000
Kytococcus	57499	G	379	29	408	0.00001
Jonesia	43673	G	116	4	120	0.00000
Tropheryma	2038	G	10	0	10	0.00000
Streptomyces	1883	G	161033	5160	166193	0.00229
Kitasatospora	2063	G	10104	1205	11309	0.00016
Embleya	2699295	G	1535	34	1569	0.00002
Actinacidiphila	2995702	G	1316	137	1453	0.00002
Streptacidiphilus	228398	G	712	38	750	0.00001
Peterkaempfera	2995704	G	440	26	466	0.00001
Yinghuangia	2805681	G	220	5	225	0.00000
Streptantibioticus	2995706	G	196	15	211	0.00000
Carbonactinospora	2864378	G	151	3	154	0.00000
Micromonospora	1873	G	20098	993	21091	0.00029
Actinoplanes	1865	G	6584	211	6795	0.00009
Dactylosporangium	35753	G	6280	131	6411	0.00009
Plantactinospora	673534	G	1273	63	1336	0.00002
Solwaraspora	265431	G	984	58	1042	0.00001
Phytohabitans	907364	G	621	19	640	0.00001
Actinocatenispora	390988	G	457	6	463	0.00001
Polymorphospora	338583	G	444	31	475	0.00001
Catellatospora	53365	G	376	16	392	0.00001
Krasilnikovia	349312	G	341	23	364	0.00001
Longispora	203522	G	260	7	267	0.00000
Natronosporangium	2920401	G	258	1	259	0.00000
Couchioplanes	56433	G	201	17	218	0.00000
Salinispora	168694	G	45	2	47	0.00000
Amycolatopsis	1813	G	13019	440	13459	0.00019
Pseudonocardia	1847	G	5181	176	5357	0.00007
Saccharopolyspora	1835	G	2915	135	3050	0.00004
Lentzea	165301	G	2052	95	2147	0.00003
Saccharothrix	2071	G	1953	183	2136	0.00003
Kutzneria	43356	G	1912	86	1998	0.00003
Saccharomonospora	1851	G	1058	81	1139	0.00002
Actinokineospora	39845	G	1031	99	1130	0.00002
Actinomycetospora	402649	G	945	27	972	0.00001
Actinoalloteichus	65496	G	835	19	854	0.00001
Actinosynnema	40566	G	761	83	844	0.00001
Umezawaea	583360	G	584	33	617	0.00001
Crossiella	130795	G	460	27	487	0.00001
Alloactinosynnema	674734	G	321	46	367	0.00001
Allokutzneria	1137960	G	274	15	289	0.00000
Kibdelosporangium	2029	G	271	7	278	0.00000
Prauserella	142577	G	248	6	254	0.00000
Salinifilum	2040254	G	157	20	177	0.00000
Allosaccharopolyspora	2893576	G	132	12	144	0.00000
Nocardioides	1839	G	14160	572	14732	0.00020
Aeromicrobium	2040	G	2271	83	2354	0.00003
Pimelobacter	2044	G	905	168	1073	0.00001
Mumia	1546255	G	421	12	433	0.00001
Friedmanniella	53387	G	194	10	204	0.00000
Solicola	3024237	G	171	3	174	0.00000
Micropruina	116071	G	126	16	142	0.00000
Tessaracoccus	72763	G	2133	124	2257	0.00003
Microlunatus	29404	G	1299	37	1336	0.00002
Cutibacterium	1912216	G	1255	47	1302	0.00002
Propioniciclava	1085622	G	827	164	991	0.00001
Acidipropionibacterium	1912215	G	681	92	773	0.00001
Propionibacterium	1743	G	523	90	613	0.00001
Raineyella	1911549	G	451	42	493	0.00001
Arachnia	2801844	G	440	5	445	0.00001
Naumannella	1294511	G	346	27	373	0.00001
Propionimicrobium	203133	G	212	4	216	0.00000
Auraticoccus	1278221	G	205	8	213	0.00000
Ammonicoccus	3417658	G	91	18	109	0.00000
Brooklawnia	369926	G	88	8	96	0.00000
Luteococcus	33983	G	62	1	63	0.00000
Kribbella	182639	G	5110	120	5230	0.00007
Actinopolymorpha	117156	G	208	3	211	0.00000
Nonomuraea	83681	G	4171	164	4335	0.00006
Streptosporangium	2000	G	2356	106	2462	0.00003
Microbispora	2005	G	1401	69	1470	0.00002
Microtetraspora	1995	G	769	62	831	0.00001
Sphaerimonospora	1792303	G	671	30	701	0.00001
Sphaerisporangium	321315	G	419	21	440	0.00001
Thermobispora	147067	G	203	5	208	0.00000
Spongiactinospora	2871671	G	27	1	28	0.00000
Actinomadura	1988	G	3262	199	3461	0.00005
Spirillospora	58122	G	828	64	892	0.00001
Actinoallomurus	667113	G	699	22	721	0.00001
Thermomonospora	2019	G	426	22	448	0.00001
Nocardiopsis	2013	G	2030	109	2139	0.00003
Streptomonospora	104204	G	437	87	524	0.00001
Thermobifida	83677	G	371	7	378	0.00001
Spiractinospora	2913367	G	100	0	100	0.00000
Actinomyces	1654	G	3596	75	3671	0.00005
Schaalia	2529408	G	1147	41	1188	0.00002
Changpingibacter	2912996	G	667	70	737	0.00001
Trueperella	1069494	G	456	84	540	0.00001
Flaviflexus	1522056	G	336	17	353	0.00000
Arcanobacterium	28263	G	183	9	192	0.00000
Scrofimicrobium	2815785	G	115	0	115	0.00000
Nanchangia	2888879	G	89	0	89	0.00000
Actinobaculum	76833	G	79	0	79	0.00000
Pauljensenia	2740557	G	75	7	82	0.00000
Buchananella	2767323	G	71	1	72	0.00000
Actinotignum	1653174	G	56	7	63	0.00000
Boudabousia	2767318	G	48	0	48	0.00000
Winkia	2692118	G	47	15	62	0.00000
Mobiluncus	2050	G	45	4	49	0.00000
Gleimia	2692113	G	29	8	37	0.00000
Varibaculum	184869	G	16	0	16	0.00000
Georgenia	154116	G	3976	312	4288	0.00006
Bifidobacterium	1678	G	3331	48	3379	0.00005
Gardnerella	2701	G	272	20	292	0.00000
Scardovia	196081	G	71	1	72	0.00000
Parascardovia	196082	G	52	1	53	0.00000
Alloscardovia	419014	G	13	0	13	0.00000
Bombiscardovia	1159909	G	11	0	11	0.00000
Geodermatophilus	1860	G	1544	233	1777	0.00002
Blastococcus	38501	G	838	130	968	0.00001
Modestobacter	88138	G	600	90	690	0.00001
Frankia	1854	G	1255	13	1268	0.00002
Pseudofrankia	2994363	G	425	5	430	0.00001
Parafrankia	2994362	G	312	5	317	0.00000
Protofrankia	2994361	G	154	10	164	0.00000
Nakamurella	53460	G	1225	12	1237	0.00002
Kineococcus	33981	G	773	23	796	0.00001
Angustibacter	908626	G	234	4	238	0.00000
Jiangella	281472	G	906	19	925	0.00001
Jatrophihabitans	1434010	G	788	8	796	0.00001
Catenulispora	414878	G	384	6	390	0.00001
Candidatus Planktophila	622681	G	260	1	261	0.00000
Candidatus Nanopelagicus	2039639	G	111	1	112	0.00000
Stackebrandtia	283810	G	178	0	178	0.00000
Natronoglycomyces	2838311	G	22	0	22	0.00000
Actinopolyspora	1849	G	169	1	170	0.00000
Epidermidibacterium	2078948	G	112	25	137	0.00000
Bounagaea	1931219	G	91	11	102	0.00000
Acidothermus	28048	G	90	0	90	0.00000
Aquihabitans	1648491	G	1003	17	1020	0.00001
Iamia	467975	G	482	7	489	0.00001
Dermatobacter	3075137	G	195	2	197	0.00000
Actinomarinicola	2789775	G	175	5	180	0.00000
Actinospongiicola	3449744	G	130	1	131	0.00000
Candidatus Poriferisocius	2983186	G	1179	16	1195	0.00002
Candidatus Poriferisodalis	2983190	G	1084	6	1090	0.00002
Ilumatobacter	682522	G	339	0	339	0.00000
Salinilacustrithrix	3436875	G	96	2	98	0.00000
Acidimicrobium	53634	G	16	0	16	0.00000
Candidatus Spongiisocius	2983163	G	27	0	27	0.00000
Baekduia	2600304	G	1620	40	1660	0.00002
Svornostia	3231543	G	133	2	135	0.00000
Conexibacter	191494	G	616	13	629	0.00001
Paraconexibacter	2758920	G	436	7	443	0.00001
Capillimicrobium	2976759	G	385	12	397	0.00001
Miltoncostaea	2843200	G	326	2	328	0.00000
Thermoleophilum	192992	G	52	0	52	0.00000
Adlercreutzia	447020	G	354	52	406	0.00001
Eggerthella	84111	G	197	37	234	0.00000
Gordonibacter	644652	G	119	50	169	0.00000
Raoultibacter	1926677	G	111	5	116	0.00000
Berryella	2815775	G	108	9	117	0.00000
Slackia	84108	G	88	0	88	0.00000
Arabiibacter	2005386	G	78	2	80	0.00000
Xiamenia	2981344	G	52	0	52	0.00000
Denitrobacterium	79603	G	29	4	33	0.00000
Umbribacter	3472368	G	14	1	15	0.00000
Parafannyhessea	2847312	G	101	8	109	0.00000
Thermophilibacter	2847307	G	88	5	93	0.00000
Olsenella	133925	G	63	0	63	0.00000
Fannyhessea	2767327	G	30	2	32	0.00000
Lancefieldella	2767353	G	20	0	20	0.00000
Parolsenella	2082587	G	17	4	21	0.00000
Atopobium	1380	G	15	0	15	0.00000
Collinsella	102106	G	130	13	143	0.00000
Enorma	1472762	G	75	6	81	0.00000
Coriobacterium	33870	G	32	0	32	0.00000
Leptogranulimonas	2995122	G	34	0	34	0.00000
Euzebya	908623	G	225	0	225	0.00000
Egibacter	1747770	G	195	0	195	0.00000
Egicoccus	1755825	G	178	1	179	0.00000
Rubrobacter	42255	G	482	0	482	0.00001
Lacrimispora	2719231	G	189113	2101	191214	0.00263
Blautia	572511	G	16061	4368	20429	0.00028
Anaerocolumna	1843210	G	5778	16	5794	0.00008
Mediterraneibacter	2316020	G	4776	1509	6285	0.00009
Roseburia	841	G	3351	534	3885	0.00005
Enterocloster	2719313	G	2149	249	2398	0.00003
Hungatella	1649459	G	2135	457	2592	0.00004
Anaerostipes	207244	G	2028	221	2249	0.00003
Dorea	189330	G	1850	697	2547	0.00004
Lachnoclostridium	1506553	G	1783	184	1967	0.00003
Kineothrix	2163168	G	1519	15	1534	0.00002
Eisenbergiella	1432051	G	1217	222	1439	0.00002
Sellimonas	1769710	G	1104	241	1345	0.00002
Butyrivibrio	830	G	1052	8	1060	0.00001
Otoolea	2941495	G	873	126	999	0.00001
Marvinbryantia	248744	G	868	80	948	0.00001
Anaerobutyricum	2569097	G	817	227	1044	0.00001
Novisyntrophococcus	2888809	G	797	39	836	0.00001
Allocoprococcus	3569723	G	785	403	1188	0.00002
Faecalimonas	2005355	G	725	343	1068	0.00001
Claveliimonas	3076670	G	570	70	640	0.00001
Anaeromicropila	3024823	G	454	2	456	0.00001
Jutongia	2944194	G	429	42	471	0.00001
Pseudobutyrivibrio	46205	G	386	6	392	0.00001
Qiania	2944195	G	359	34	393	0.00001
Chakrabartyella	3088373	G	358	8	366	0.00001
Wansuia	2944198	G	319	20	339	0.00000
Lachnoanaerobaculum	1164882	G	296	9	305	0.00000
Anaeropeptidivorans	2997360	G	250	1	251	0.00000
Eshraghiella	3342669	G	245	60	305	0.00000
Lachnospira	28050	G	230	21	251	0.00000
Hominifimenecus	3073585	G	224	0	224	0.00000
Agathobacter	1766253	G	216	96	312	0.00000
Herbinix	1663717	G	187	28	215	0.00000
Simiaoa	2944193	G	175	48	223	0.00000
Candidatus Epulonipiscium	2383	G	174	2	176	0.00000
Coprococcus	33042	G	116	20	136	0.00000
Tyzzerella	1506577	G	87	1	88	0.00000
Wujia	2944152	G	85	24	109	0.00000
Chordicoccus	3031933	G	53	2	55	0.00000
Stomatobaculum	1213720	G	51	0	51	0.00000
Sporofaciens	2811390	G	39	0	39	0.00000
Cellulosilyticum	698776	G	935	8	943	0.00001
Vallitalea	1348611	G	537	1	538	0.00001
Petrocella	2603323	G	86	1	87	0.00000
Anaerotignum	2039240	G	306	33	339	0.00000
Defluviitalea	1185408	G	157	27	184	0.00000
Clostridium	1485	G	42259	1695	43954	0.00061
Lactonifactor	420345	G	1253	155	1408	0.00002
Wukongibacter	1884926	G	767	5	772	0.00001
Haloimpatiens	1755832	G	625	64	689	0.00001
Oceanirhabdus	1434026	G	594	4	598	0.00001
Crassaminicella	1848399	G	466	6	472	0.00001
Sarcina	1266	G	352	14	366	0.00001
Caloramator	44258	G	297	10	307	0.00000
Hathewaya	1769729	G	211	6	217	0.00000
Candidatus Neoarthromitus	49082	G	119	0	119	0.00000
Proteiniclasticum	1155385	G	77	3	80	0.00000
Ruminococcus	1263	G	1946	247	2193	0.00003
Faecalibacterium	216851	G	768	99	867	0.00001
Caproicibacterium	2834348	G	464	58	522	0.00001
Ruminiclostridium	1508657	G	342	36	378	0.00001
Petroclostridium	2304687	G	228	3	231	0.00000
Bengtsoniella	3389389	G	219	1	220	0.00000
Flavonifractor	946234	G	169	19	188	0.00000
Owariibacterium	3393728	G	143	42	185	0.00000
Thermoclostridium	2304691	G	140	19	159	0.00000
Thermocaproicibacter	3048127	G	130	32	162	0.00000
Subdoligranulum	292632	G	129	15	144	0.00000
Fastidiosipila	236752	G	127	25	152	0.00000
Ruthenibacterium	1905344	G	122	10	132	0.00000
Vescimonas	2892396	G	119	44	163	0.00000
Paludihabitans	2038676	G	110	0	110	0.00000
Hominenteromicrobium	3073575	G	109	49	158	0.00000
Anaerotruncus	244127	G	91	18	109	0.00000
Acidaminobacterium	3570270	G	80	0	80	0.00000
Dysosmobacter	2591381	G	78	167	245	0.00000
Oscillibacter	459786	G	67	11	78	0.00000
Lawsonibacter	2172004	G	66	3	69	0.00000
Pseudoflavonifractor	1017280	G	64	5	69	0.00000
Solibaculum	2842531	G	57	12	69	0.00000
Ethanoligenens	253238	G	56	4	60	0.00000
Pusillibacter	2892397	G	52	9	61	0.00000
Mageeibacillus	1637257	G	19	2	21	0.00000
Amygdalobacter	3079925	G	17	1	18	0.00000
Eubacterium	1730	G	1626	277	1903	0.00003
Acetobacterium	33951	G	789	9	798	0.00001
Pseudoramibacter	113286	G	99	1	100	0.00000
Anaerofustis	264995	G	58	4	62	0.00000
Alkalibacter	274470	G	26	0	26	0.00000
Desulfosporosinus	79206	G	555	6	561	0.00001
Desulfitobacterium	36853	G	361	11	372	0.00001
Dehalobacter	56112	G	218	30	248	0.00000
Syntrophobotulus	51196	G	67	0	67	0.00000
Sulfobacillus	28033	G	260	0	260	0.00000
Thermaerobacter	73918	G	204	0	204	0.00000
Proteiniborus	415014	G	383	27	410	0.00001
Fenollaria	1686313	G	148	8	156	0.00000
Intestinimonas	1392389	G	94	9	103	0.00000
Levyella	1715798	G	46	3	49	0.00000
Carboxydocella	178898	G	13	0	13	0.00000
Flintibacter	1918454	G	12	0	12	0.00000
Caproiciproducens	1738645	G	426	85	511	0.00001
Acutalibacter	1918385	G	222	7	229	0.00000
Caproicibacter	2576755	G	142	61	203	0.00000
Thermanaerosceptrum	2651578	G	147	2	149	0.00000
Desulforamulus	2916693	G	132	9	141	0.00000
Candidatus Formimonas	2840454	G	119	0	119	0.00000
Dehalobacterium	51514	G	61	7	68	0.00000
Phosphitispora	2903061	G	51	5	56	0.00000
Acididesulfobacillus	2924872	G	44	0	44	0.00000
Desulfofundulus	2282741	G	37	0	37	0.00000
Desulfofarcimen	2282742	G	28	0	28	0.00000
Caldinitratiruptor	1006480	G	296	0	296	0.00000
Symbiobacterium	2733	G	282	0	282	0.00000
Tianxiuia	3680000	G	249	1	250	0.00000
Helicovermis	3136917	G	169	0	169	0.00000
Fusibacter	76008	G	41	0	41	0.00000
Syntrophomonas	862	G	298	4	302	0.00000
Candidatus Syntrophocurvum	2293313	G	123	0	123	0.00000
Syntrophothermus	129001	G	26	0	26	0.00000
Agathobaculum	2048137	G	172	54	226	0.00000
Butyricicoccus	580596	G	146	23	169	0.00000
Intestinibacillus	1928820	G	17	28	45	0.00000
Desulfoscipio	2867376	G	272	1	273	0.00000
Alkalicella	2838170	G	120	0	120	0.00000
Proteinivorax	1491776	G	63	0	63	0.00000
Aristaeella	3046369	G	106	0	106	0.00000
Heliorestis	79598	G	41	0	41	0.00000
Heliomicrobium	2831443	G	14	0	14	0.00000
Thermincola	278993	G	22	0	22	0.00000
Romboutsia	1501226	G	5253	812	6065	0.00008
Paraclostridium	1849822	G	4352	243	4595	0.00006
Faecalimicrobium	3120164	G	3351	496	3847	0.00005
Clostridioides	1870884	G	3066	382	3448	0.00005
Terrisporobacter	1505652	G	2768	107	2875	0.00004
Peptacetobacter	2743582	G	682	35	717	0.00001
Intestinibacter	1505657	G	357	46	403	0.00001
Tepidibacter	214904	G	311	5	316	0.00000
Peptostreptococcus	1257	G	135	11	146	0.00000
Emergencia	1926556	G	670	48	718	0.00001
Aminipila	2060094	G	529	16	545	0.00001
Anoxybacterium	3408579	G	425	1	426	0.00001
Sinanaerobacter	2886866	G	220	2	222	0.00000
Mogibacterium	86331	G	97	6	103	0.00000
Ihubacter	1926667	G	67	1	68	0.00000
Alkaliphilus	114627	G	540	7	547	0.00001
Andreesenella	3685825	G	172	1	173	0.00000
Serpentinicella	1890059	G	99	0	99	0.00000
Acetoanaerobium	186831	G	349	4	353	0.00000
Filifactor	44259	G	64	17	81	0.00000
Geosporobacter	390805	G	266	5	271	0.00000
Caminicella	166484	G	66	1	67	0.00000
Peptoclostridium	1481960	G	44	1	45	0.00000
Thermoanaerobacterium	28895	G	751	11	762	0.00001
Thermoanaerobacter	1754	G	448	31	479	0.00001
Caldanaerobacter	249529	G	63	3	66	0.00000
Aceticella	3051499	G	54	0	54	0.00000
Thermacetogenium	140458	G	43	3	46	0.00000
Gelria	189326	G	31	0	31	0.00000
Desulfothermobacter	2079011	G	22	0	22	0.00000
Carboxydothermus	129957	G	14	0	14	0.00000
Candidatus Desulforudis	471826	G	248	0	248	0.00000
Halanaerobium	2330	G	523	0	523	0.00001
Halocella	46466	G	70	244	314	0.00000
Iocasia	2899804	G	30	109	139	0.00000
Natroniella	52003	G	132	0	132	0.00000
Halobacteroides	42417	G	54	0	54	0.00000
Acetohalobium	28186	G	16	0	16	0.00000
Anoxybacter	1769008	G	97	0	97	0.00000
Halothermothrix	32636	G	29	0	29	0.00000
Acetivibrio	35829	G	512	54	566	0.00001
Neomoorella	44260	G	165	1	166	0.00000
Zhaonella	2748674	G	138	0	138	0.00000
Metallumcola	3234175	G	60	0	60	0.00000
Tepidanaerobacter	499228	G	123	0	123	0.00000
Biomaibacter	2770094	G	39	0	39	0.00000
Natranaerofaba	2807497	G	86	0	86	0.00000
Natranaerobius	375928	G	48	0	48	0.00000
Monoglobus	2039302	G	101	16	117	0.00000
Christensenella	990721	G	97	7	104	0.00000
Mahella	252965	G	58	2	60	0.00000
Koleobacter	2786989	G	22	0	22	0.00000
Paenibacillus	44249	G	123252	1446	124698	0.00172
Brevibacillus	55080	G	1839	19	1858	0.00003
Cohnella	329857	G	623	11	634	0.00001
Pristimantibacillus (SeqCode)	2994560	G	397	9	406	0.00001
Aneurinibacillus	55079	G	340	4	344	0.00000
Saccharibacillus	456492	G	161	1	162	0.00000
Thermobacillus	76632	G	102	1	103	0.00000
Bacillus	1386	G	13550	1513	15063	0.00021
Lysinibacillus	400634	G	2925	211	3136	0.00004
Neobacillus	2675232	G	2848	114	2962	0.00004
Oceanobacillus	182709	G	2356	52	2408	0.00003
Priestia	2800373	G	2087	113	2200	0.00003
Peribacillus	2675229	G	1936	63	1999	0.00003
Cytobacillus	2675230	G	1519	218	1737	0.00002
Metabacillus	2675233	G	1116	63	1179	0.00002
Rossellomorea	2837508	G	1009	26	1035	0.00001
Virgibacillus	84406	G	1002	18	1020	0.00001
Niallia	2837506	G	842	50	892	0.00001
Heyndrickxia	2837504	G	827	59	886	0.00001
Psychrobacillus	1221880	G	765	26	791	0.00001
Mesobacillus	2675231	G	615	25	640	0.00001
Halobacillus	45667	G	607	18	625	0.00001
Gracilibacillus	74385	G	581	11	592	0.00001
Alkalihalobacillus	2675234	G	405	12	417	0.00001
Sutcliffiella	2837511	G	384	12	396	0.00001
Amphibacillus	29331	G	323	11	334	0.00000
Lederbergia	2804231	G	272	4	276	0.00000
Shouchella	2893057	G	258	4	262	0.00000
Terribacillus	459532	G	258	4	262	0.00000
Ornithinibacillus	484508	G	236	16	252	0.00000
Salipaludibacillus	1884449	G	236	3	239	0.00000
Alkalicoccus	2005375	G	216	2	218	0.00000
Lentibacillus	175304	G	199	1	200	0.00000
Halalkalibacter	2893056	G	196	14	210	0.00000
Salicibibacter	2685905	G	195	0	195	0.00000
Pontibacillus	289201	G	186	2	188	0.00000
Caldifermentibacillus	3034001	G	179	302	481	0.00001
Evansella	2837485	G	172	3	175	0.00000
Schinkia	2837509	G	165	4	169	0.00000
Siminovitchia	2837510	G	155	3	158	0.00000
Sediminibacillus	482460	G	151	2	153	0.00000
Alkalihalophilus	2893060	G	145	4	149	0.00000
Fervidibacillus	3033930	G	138	3	141	0.00000
Radiobacillus	2785518	G	136	3	139	0.00000
Robertmurraya	2837507	G	132	5	137	0.00000
Pseudobacillus	108525	G	129	15	144	0.00000
Aeribacillus	1055323	G	128	43	171	0.00000
Paraperibacillus	3450404	G	117	2	119	0.00000
Salisediminibacterium	1434042	G	108	1	109	0.00000
Cerasibacillus	227864	G	107	4	111	0.00000
Paraliobacillus	200903	G	91	1	92	0.00000
Tepidibacillus	1494427	G	85	2	87	0.00000
Anaerobacillus	704093	G	71	2	73	0.00000
Gottfriedia	2837503	G	70	1	71	0.00000
Falsibacillus	1270155	G	68	1	69	0.00000
Paenalkalicoccus	2944627	G	64	8	72	0.00000
Caldalkalibacillus	379065	G	57	8	65	0.00000
Domibacillus	1433999	G	55	2	57	0.00000
Pradoshia	2651279	G	50	1	51	0.00000
Halalkalibacterium (ex Joshi et al. 2022)	2893055	G	43	1	44	0.00000
Salimicrobium	351195	G	40	0	40	0.00000
Alkalibacillus	331654	G	40	0	40	0.00000
Ectobacillus	2837502	G	24	0	24	0.00000
Mangrovibacillus	2920444	G	15	0	15	0.00000
Aciduricibacillus	3158337	G	15	0	15	0.00000
Staphylococcus	1279	G	7996	598	8594	0.00012
Mammaliicoccus	2803850	G	954	51	1005	0.00001
Macrococcus	69965	G	581	34	615	0.00001
Macrococcoides	3076173	G	229	37	266	0.00000
Jeotgalicoccus	227979	G	160	5	165	0.00000
Nosocomiicoccus	489909	G	130	3	133	0.00000
Salinicoccus	45669	G	125	3	128	0.00000
Sporosarcina	1569	G	1877	64	1941	0.00003
Planococcus	1372	G	1156	32	1188	0.00002
Solibacillus	648800	G	719	57	776	0.00001
Kurthia	1649	G	375	154	529	0.00001
Ureibacillus	160795	G	368	58	426	0.00001
Paenisporosarcina	651660	G	197	13	210	0.00000
Rummeliibacillus	648802	G	168	11	179	0.00000
Chryseomicrobium	889388	G	81	6	87	0.00000
Viridibacillus	496496	G	74	4	78	0.00000
Jeotgalibacillus	157226	G	35	1	36	0.00000
Metasolibacillus	2703677	G	27	0	27	0.00000
Listeria	1637	G	1433	260	1693	0.00002
Brochothrix	2755	G	224	6	230	0.00000
Paenilisteria	3373705	G	38	0	38	0.00000
Geobacillus	129337	G	362	239	601	0.00001
Anoxybacillus	150247	G	180	17	197	0.00000
Parageobacillus	1906945	G	170	146	316	0.00000
Thermaerobacillus	3390020	G	165	17	182	0.00000
Saccharococcus	29395	G	133	40	173	0.00000
Anoxybacteroides	3389905	G	26	1	27	0.00000
Exiguobacterium	33986	G	675	19	694	0.00001
Hydrogenibacillus	1609627	G	109	1	110	0.00000
Alicyclobacillus	29330	G	430	1	431	0.00001
Tumebacillus	432330	G	111	2	113	0.00000
Kyrpidia	1129704	G	52	0	52	0.00000
Fodinisporobacter	3156481	G	41	0	41	0.00000
Effusibacillus	1502725	G	33	0	33	0.00000
Fictibacillus	1329200	G	454	18	472	0.00001
Pseudalkalibacillus	2893058	G	194	8	202	0.00000
Gemella	1378	G	265	10	275	0.00000
Sporolactobacillus	2077	G	178	1	179	0.00000
Pullulanibacillus	475230	G	86	1	87	0.00000
Guptibacillus	3421338	G	256	25	281	0.00000
Kroppenstedtia	1274351	G	82	0	82	0.00000
Thermoactinomyces	2023	G	39	0	39	0.00000
Polycladomyces	1348505	G	28	0	28	0.00000
Laceyella	292635	G	27	0	27	0.00000
Staphylospora	2689589	G	25	0	25	0.00000
Novibacillus	1677050	G	21	0	21	0.00000
Abyssicoccus	1955413	G	20	3	23	0.00000
Leuconostoc	1243	G	27715	646	28361	0.00039
Lactobacillus	1578	G	2427	101	2528	0.00003
Lacticaseibacillus	2759736	G	1015	55	1070	0.00001
Ligilactobacillus	2767887	G	787	31	818	0.00001
Lactiplantibacillus	2767842	G	786	51	837	0.00001
Pediococcus	1253	G	736	62	798	0.00001
Levilactobacillus	2767886	G	732	33	765	0.00001
Limosilactobacillus	2742598	G	412	41	453	0.00001
Companilactobacillus	2767879	G	396	10	406	0.00001
Weissella	46255	G	388	9	397	0.00001
Liquorilactobacillus	2767888	G	366	26	392	0.00001
Lentilactobacillus	2767893	G	322	12	334	0.00000
Latilactobacillus	2767885	G	314	14	328	0.00000
Loigolactobacillus	2767889	G	229	24	253	0.00000
Fructilactobacillus	2767881	G	218	4	222	0.00000
Bombilactobacillus	2767878	G	175	1	176	0.00000
Xylocopilactobacillus	3118928	G	174	0	174	0.00000
Apilactobacillus	2767877	G	116	0	116	0.00000
Furfurilactobacillus	2767882	G	114	14	128	0.00000
Oenococcus	46254	G	114	1	115	0.00000
Dellaglioa	2767880	G	94	3	97	0.00000
Paucilactobacillus	2767890	G	83	6	89	0.00000
Agrilactobacillus	2767875	G	53	0	53	0.00000
Secundilactobacillus	2767892	G	44	4	48	0.00000
Lapidilactobacillus	2767884	G	40	0	40	0.00000
Nicoliella	2978367	G	30	0	30	0.00000
Schleiferilactobacillus	2767891	G	29	0	29	0.00000
Holzapfeliella	2767883	G	28	0	28	0.00000
Periweissella	2930384	G	24	0	24	0.00000
Amylolactobacillus	2767876	G	20	2	22	0.00000
Lactococcus	1357	G	8775	1123	9898	0.00014
Streptococcus	1301	G	8254	289	8543	0.00012
Pseudolactococcus	3436058	G	101	3	104	0.00000
Floricoccus	1930830	G	51	0	51	0.00000
Enterococcus	1350	G	10923	1636	12559	0.00017
Vagococcus	2737	G	1888	122	2010	0.00003
Tetragenococcus	51668	G	213	31	244	0.00000
Melissococcus	33969	G	124	2	126	0.00000
Carnobacterium	2747	G	1065	34	1099	0.00002
Jeotgalibaca	1470540	G	323	29	352	0.00000
Trichococcus	82802	G	205	6	211	0.00000
Alkalibacterium	99906	G	166	2	168	0.00000
Marinilactibacillus	191769	G	134	7	141	0.00000
Alloiococcus	1651	G	112	2	114	0.00000
Granulicatella	117563	G	99	23	122	0.00000
Desemzia	82800	G	89	15	104	0.00000
Dolosigranulum	29393	G	80	1	81	0.00000
Aerococcus	1375	G	769	140	909	0.00001
Tuanshanicoccus	3465067	G	175	2	177	0.00000
Globicatella	13075	G	93	4	97	0.00000
Fundicoccus	2761542	G	72	1	73	0.00000
Ignavigranum	89092	G	43	0	43	0.00000
Ruoffia	2862144	G	42	4	46	0.00000
Abiotrophia	46123	G	25	0	25	0.00000
Suicoccus	2689587	G	18	0	18	0.00000
Sporomusa	2375	G	1065	14	1079	0.00001
Pelosinus	365348	G	289	2	291	0.00000
Anaerosinus	151037	G	154	1	155	0.00000
Methylomusa	2093783	G	130	3	133	0.00000
Megamonas	158846	G	782	3	785	0.00001
Selenomonas	970	G	329	0	329	0.00000
Pectinatus	864	G	163	0	163	0.00000
Mitsuokella	52225	G	105	2	107	0.00000
Veillonella	29465	G	499	2	501	0.00001
Megasphaera	906	G	496	8	504	0.00001
Dialister	39948	G	93	0	93	0.00000
Phascolarctobacterium	33024	G	402	2	404	0.00001
Acidaminococcus	904	G	249	11	260	0.00000
Anaerococcus	165779	G	429	111	540	0.00001
Parvimonas	543311	G	354	39	393	0.00001
Peptoniphilus	162289	G	298	79	377	0.00001
Helcococcus	31983	G	183	17	200	0.00000
Miniphocaeibacter	2126548	G	170	0	170	0.00000
Microaceticoccus	3421489	G	151	0	151	0.00000
Finegoldia	150022	G	105	21	126	0.00000
Aedoeadaptatus	2981628	G	73	1	74	0.00000
Murdochiella	1161127	G	18	7	25	0.00000
Tissierella	41273	G	691	7	698	0.00001
Gudongella	2692382	G	28	0	28	0.00000
Gottschalkia	1505664	G	235	3	238	0.00000
Acidilutibacter	2992720	G	164	15	179	0.00000
Keratinibaculum	1354809	G	68	5	73	0.00000
Schnuerera	2794837	G	66	6	72	0.00000
Caloranaerobacter	171003	G	73	1	74	0.00000
Sporanaerobacter	165812	G	42	4	46	0.00000
Sedimentibacter	190972	G	543	4	547	0.00001
Ezakiella	1582879	G	23	13	36	0.00000
Thomasclavelia	3025755	G	720	42	762	0.00001
Catenibacterium	135858	G	421	38	459	0.00001
Tannockella	2943184	G	300	3	303	0.00000
Faecalibacillus	2678885	G	175	34	209	0.00000
Erysipelothrix	1647	G	383	2	385	0.00001
Hoskinsella	3681505	G	129	53	182	0.00000
Allocoprobacillus	3059504	G	87	3	90	0.00000
Amedibacterium	2749267	G	69	22	91	0.00000
Intestinibaculum	2679910	G	62	1	63	0.00000
Holdemania	61170	G	58	13	71	0.00000
Allobaculum	174708	G	46	0	46	0.00000
Longicatena	1918536	G	45	19	64	0.00000
Solobacterium	123375	G	27	12	39	0.00000
Faecalibaculum	1729679	G	25	0	25	0.00000
Massilimicrobiota	1924110	G	23	194	217	0.00000
Bulleidia	118747	G	11	0	11	0.00000
Turicibacter	191303	G	418	16	434	0.00001
Caldicellulosiruptor	44000	G	551	49	600	0.00001
Anaerocellum	32631	G	33	32	65	0.00000
Carboxydichorda	3366853	G	71	0	71	0.00000
Geochorda	3366854	G	70	0	70	0.00000
Limnochorda	1676651	G	77	0	77	0.00000
Candidatus Contubernalis	338648	G	63	56	119	0.00000
Nostoc	1177	G	4056	134	4190	0.00006
Anabaena	1163	G	526	391	917	0.00001
Cylindrospermum	56106	G	60	3	63	0.00000
Trichormus	264688	G	40	3	43	0.00000
Richelia	98443	G	35	1	36	0.00000
Calothrix	1186	G	414	5	419	0.00001
Dolichospermum	748770	G	179	144	323	0.00000
Cylindrospermopsis	77021	G	69	4	73	0.00000
Sphaerospermopsis	752201	G	56	6	62	0.00000
Okeanomitos	3231549	G	44	3	47	0.00000
Halotia	1620790	G	116	2	118	0.00000
Nodularia	159191	G	99	10	109	0.00000
Anabaenopsis	110103	G	70	2	72	0.00000
Aliinostoc	2035978	G	37	6	43	0.00000
Fischerella	1190	G	285	36	321	0.00000
Tolypothrix	111782	G	275	6	281	0.00000
Rivularia	373984	G	121	0	121	0.00000
Chlorogloeopsis	1123	G	59	0	59	0.00000
Brasilonema	383614	G	47	0	47	0.00000
Synechococcus	1129	G	2286	56	2342	0.00003
Prochlorococcus	1218	G	1138	6	1144	0.00002
Cyanobium	167375	G	752	33	785	0.00001
Parasynechococcus	2881427	G	11	5	16	0.00000
Synechocystis	1142	G	190	2	192	0.00000
Altericista	2855430	G	14	0	14	0.00000
Geminocystis	669357	G	537	4	541	0.00001
Cyanobacterium	102234	G	519	11	530	0.00001
Picosynechococcus	3079908	G	381	6	387	0.00001
Gloeothece	28070	G	203	1	204	0.00000
Crocosphaera	263510	G	148	2	150	0.00000
Candidatus Atelocyanobacterium	1453359	G	87	2	89	0.00000
Rippkaea	2546365	G	41	0	41	0.00000
Microcystis	1125	G	321	10	331	0.00000
Halothece	76023	G	163	7	170	0.00000
Euhalothece	65097	G	14	0	14	0.00000
Gloeocapsa	102231	G	137	7	144	0.00000
Gloeocapsopsis	693222	G	29	2	31	0.00000
Microcoleus	44471	G	338	16	354	0.00000
Planktothrix	54304	G	291	1	292	0.00000
Trichodesmium	1205	G	169	0	169	0.00000
Planktothricoides	132607	G	102	0	102	0.00000
Oxynema	1492710	G	97	0	97	0.00000
Koinonema	2023214	G	89	0	89	0.00000
Phormidium	1198	G	82	4	86	0.00000
Limnospira	2596745	G	133	5	138	0.00000
Capilliphycus	2768926	G	82	0	82	0.00000
Leptolyngbya	47251	G	529	104	633	0.00001
Leptodesmis	2664261	G	442	36	478	0.00001
Leptothermofonsia	2917830	G	413	16	429	0.00001
Kovacikia	1874526	G	50	0	50	0.00000
Trichothermofontia	3045815	G	23	0	23	0.00000
Stanieria	102115	G	522	4	526	0.00001
Pleurocapsa	44474	G	242	3	245	0.00000
Gloeobacter	33071	G	442	0	442	0.00001
Anthocerotibacter	2857076	G	40	0	40	0.00000
Pseudanabaena	1152	G	390	3	393	0.00001
Limnothrix	132605	G	50	0	50	0.00000
Thalassoporum	2799719	G	33	0	33	0.00000
Nodosilinea	1120752	G	216	7	223	0.00000
Dactylococcopsis	13034	G	57	3	60	0.00000
Chroococcidiopsis	54298	G	268	6	274	0.00000
Thermosynechococcus	146785	G	144	1	145	0.00000
Acaryochloris	155977	G	115	0	115	0.00000
Moorena	1155738	G	134	0	134	0.00000
Allocoleopsis	2886347	G	81	1	82	0.00000
Crinalium	241421	G	160	2	162	0.00000
Chamaesiphon	217161	G	33	0	33	0.00000
Egbenema	3079668	G	68	1	69	0.00000
Thermoleptolyngbya	2303528	G	60	30	90	0.00000
Thermocoleostomius	3065395	G	21	0	21	0.00000
Geitlerinema	63132	G	76	2	78	0.00000
Desertifilum	1185872	G	66	1	67	0.00000
Gloeomargarita	1188227	G	37	316	353	0.00000
Spiroplasma	2132	G	3051	8	3059	0.00004
Mesoplasma	46239	G	307	3	310	0.00000
Entomoplasma	46238	G	13	0	13	0.00000
Williamsoniiplasma	2919614	G	33	0	33	0.00000
Mycoplasma	2093	G	2476	39	2515	0.00003
Candidatus Hepatoplasma	295595	G	119	4	123	0.00000
Acholeplasma	2147	G	412	2	414	0.00001
Candidatus Phytoplasma	33926	G	351	2	353	0.00000
Mariniplasma	2903100	G	33	0	33	0.00000
Haploplasma	2903106	G	29	0	29	0.00000
Candidatus Izemoplasma	2975549	G	443	0	443	0.00001
Candidatus Xianfuyuplasma	2975521	G	11	0	11	0.00000
Hujiaoplasma	3078171	G	30	0	30	0.00000
Mycoplasmopsis	2767358	G	1432	18	1450	0.00002
Mesomycoplasma	2923352	G	502	3	505	0.00001
Metamycoplasma	2895509	G	477	8	485	0.00001
Malacoplasma	2791001	G	338	2	340	0.00000
Ureaplasma	2129	G	191	1	192	0.00000
Mycoplasmoides	2995234	G	144	0	144	0.00000
Candidatus Leptofilum	3140596	G	365	0	365	0.00001
Candidatus Promineifilum	1988031	G	197	0	197	0.00000
Roseiflexus	120961	G	150	0	150	0.00000
Chloroflexus	1107	G	135	0	135	0.00000
Candidatus Chlorohelix	3139173	G	65	0	65	0.00000
Thermobaculum	262406	G	36	0	36	0.00000
Dehalococcoides	61434	G	141	0	141	0.00000
Dehalogenimonas	670486	G	79	0	79	0.00000
Tepidiforma	2682228	G	162	0	162	0.00000
Pelolinea	1649478	G	87	0	87	0.00000
Anaerolinea	233189	G	43	0	43	0.00000
Candidatus Brevifilum	2019482	G	22	0	22	0.00000
Caldilinea	233191	G	129	0	129	0.00000
Thermoflexus	1495649	G	80	0	80	0.00000
Ktedonosporobacter	2692417	G	51	0	51	0.00000
Phototrophicus	2922426	G	46	0	46	0.00000
Capsulimonas	2494209	G	190	0	190	0.00000
Chthonomonas	1077265	G	41	0	41	0.00000
Fimbriimonas	1005038	G	31	0	31	0.00000
Vulcanimicrobium	3016049	G	79	0	79	0.00000
Fusobacterium	848	G	3663	34	3697	0.00005
Cetobacterium	180162	G	687	4	691	0.00001
Ilyobacter	167639	G	448	0	448	0.00001
Leptotrichia	32067	G	1264	9	1273	0.00002
Sneathia	168808	G	260	1	261	0.00000
Sebaldella	32068	G	162	0	162	0.00000
Streptobacillus	34104	G	122	2	124	0.00000
Pseudoleptotrichia	2755140	G	40	0	40	0.00000
Haliovirga	3072462	G	52	0	52	0.00000
Deinococcus	1298	G	3418	2	3420	0.00005
Thermus	270	G	689	1	690	0.00001
Meiothermus	65551	G	81	0	81	0.00000
Oceanithermus	208447	G	64	0	64	0.00000
Allomeiothermus	2935559	G	45	0	45	0.00000
Marinithermus	186191	G	40	0	40	0.00000
Truepera	332248	G	93	0	93	0.00000
Thermosipho	2420	G	436	0	436	0.00001
Fervidobacterium	2422	G	198	1	199	0.00000
Thermotoga	2335	G	91	0	91	0.00000
Pseudothermotoga	1643951	G	56	0	56	0.00000
Marinitoga	160798	G	230	0	230	0.00000
Oceanotoga	1255275	G	187	0	187	0.00000
Petrotoga	28236	G	107	0	107	0.00000
Tepiditoga	2778400	G	63	0	63	0.00000
Defluviitoga	1511648	G	21	0	21	0.00000
Mesotoga	1184396	G	73	0	73	0.00000
Kosmotoga	651456	G	30	0	30	0.00000
Pyramidobacter	638847	G	92	0	92	0.00000
Jonquetella	428711	G	57	0	57	0.00000
Cloacibacillus	508459	G	69	3	72	0.00000
Aminomonas	81411	G	44	17	61	0.00000
Fretibacterium	1434006	G	48	0	48	0.00000
Aminobacterium	81466	G	24	1	25	0.00000
Persicimonas	2766927	G	145	0	145	0.00000
Bradymonas	1779136	G	88	0	88	0.00000
Allomicrovenator	2946507	G	28	0	28	0.00000
Candidatus Babela	1551504	G	45	0	45	0.00000
Minisyncoccus	3238478	G	31	0	31	0.00000
Candidatus Chazhemtobacterium	2715734	G	13	0	13	0.00000
Candidatus Saccharimonas	1331051	G	10	0	10	0.00000
Candidatus Nanosynbacter	2093823	G	10	9	19	0.00000
Candidatus Bipolaricaulis	2250122	G	14	0	14	0.00000
Fervidibacter	1448928	G	14	0	14	0.00000
Candidatus Absconditicoccus	2900570	G	13	0	13	0.00000
Lathyrus	3853	G	16855	556	17411	0.00024
Vicia	3904	G	16818	418	17236	0.00024
Medicago	3877	G	6778	313	7091	0.00010
Trifolium	3898	G	4835	2379	7214	0.00010
Cicer	3826	G	8061	349	8410	0.00012
Lotus	3867	G	6169	410	6579	0.00009
Vigna	3913	G	23556	2090	25646	0.00035
Glycine	3846	G	14586	695	15281	0.00021
Cajanus	3820	G	8997	463	9460	0.00013
Phaseolus	3883	G	8983	426	9409	0.00013
Arachis	3817	G	25215	1561	26776	0.00037
Lupinus	3869	G	10865	485	11350	0.00016
Hevea	3980	G	13233	536	13769	0.00019
Manihot	3982	G	5976	956	6932	0.00010
Euphorbia	3990	G	19002	1396	20398	0.00028
Mercurialis	3984	G	6875	2374	9249	0.00013
Ricinus	3987	G	4768	496	5264	0.00007
Populus	3689	G	14889	4166	19055	0.00026
Malus	3749	G	6676	1083	7759	0.00011
Pyrus	3766	G	3728	957	4685	0.00006
Prunus	3754	G	5467	503	5970	0.00008
Rosa	3764	G	6394	134	6528	0.00009
Argentina	3131914	G	2986	725	3711	0.00005
Fragaria	3746	G	2207	220	2427	0.00003
Humulus	3484	G	14797	2542	17339	0.00024
Cannabis	3482	G	7084	415	7499	0.00010
Ziziphus	72171	G	5970	1477	7447	0.00010
Quercus	3511	G	11571	2752	14323	0.00020
Castanea	21019	G	7574	1406	8980	0.00012
Juglans	16718	G	11100	1397	12497	0.00017
Carya	13402	G	6456	1065	7521	0.00010
Alnus	3515	G	5129	2184	7313	0.00010
Corylus	13450	G	3993	238	4231	0.00006
Cucumis	3655	G	12824	17382	30206	0.00042
Benincasa	102210	G	12029	221	12250	0.00017
Cucurbita	3660	G	3568	400	3968	0.00005
Tripterygium	123484	G	2339	619	2958	0.00004
Gossypium	3633	G	34671	1251	35922	0.00049
Theobroma	3640	G	4516	147	4663	0.00006
Brassica	3705	G	14208	4860	19068	0.00026
Raphanus	3725	G	4085	4937	9022	0.00012
Camelina	71323	G	7397	227	7624	0.00011
Arabidopsis	3701	G	2047	198	2245	0.00003
Mangifera	23461	G	6827	663	7490	0.00010
Citrus	2706	G	4685	578	5263	0.00007
Eucalyptus	3932	G	5219	992	6211	0.00009
Rhodamnia	178132	G	2244	206	2450	0.00003
Punica	22662	G	3928	459	4387	0.00006
Vitis	3603	G	9729	1364	11093	0.00015
Solanum	4107	G	39101	8416	47517	0.00065
Capsicum	4071	G	34779	618	35397	0.00049
Lycium	24646	G	21157	705	21862	0.00030
Nicotiana	4085	G	45088	1558	46646	0.00064
Ipomoea	4119	G	5525	659	6184	0.00009
Primulina	48772	G	19284	1014	20298	0.00028
Henckelia	199091	G	5960	305	6265	0.00009
Salvia	21880	G	16872	564	17436	0.00024
Olea	4145	G	13086	236	13322	0.00018
Sesamum	4181	G	4671	270	4941	0.00007
Coffea	13442	G	9769	4773	14542	0.00020
Lactuca	4235	G	52453	8738	61191	0.00084
Rutidosis	125764	G	18108	968	19076	0.00026
Helianthus	4231	G	16096	224	16320	0.00022
Erigeron	41574	G	6071	291	6362	0.00009
Cynara	4264	G	7343	166	7509	0.00010
Apium	4044	G	19357	314	19671	0.00027
Daucus	4038	G	5679	457	6136	0.00008
Impatiens	35939	G	10100	396	10496	0.00014
Diospyros	13492	G	8841	223	9064	0.00012
Actinidia	3624	G	8788	242	9030	0.00012
Rhododendron	4346	G	6154	333	6487	0.00009
Silene	3573	G	14156	112	14268	0.00020
Spinacia	3561	G	5839	8417	14256	0.00020
Beta	3554	G	5075	123	5198	0.00007
Amaranthus	3564	G	7198	2306	9504	0.00013
Malania	397391	G	14291	214	14505	0.00020
Triticum	4564	G	35059	7848	42907	0.00059
Aegilops	4480	G	2068	6481	8549	0.00012
Hordeum	4512	G	12428	1960	14388	0.00020
Lolium	4520	G	13879	426	14305	0.00020
Brachypodium	15367	G	2434	157	2591	0.00004
Oryza	4527	G	10559	1984	12543	0.00017
Miscanthus	62336	G	13046	744	13790	0.00019
Zea	4575	G	6421	1070	7491	0.00010
Sorghum	4557	G	4163	707	4870	0.00007
Panicum	4539	G	11259	825	12084	0.00017
Setaria	4554	G	4360	437	4797	0.00007
Phragmites	15745	G	7678	849	8527	0.00012
Carex	13398	G	6380	1672	8052	0.00011
Ananas	4614	G	6081	522	6603	0.00009
Typha	4732	G	4705	141	4846	0.00007
Zingiber	4650	G	17732	575	18307	0.00025
Curcuma	99568	G	3820	553	4373	0.00006
Musa	4640	G	7468	4984	12452	0.00017
Elaeis	51952	G	12924	846	13770	0.00019
Phoenix	4719	G	6715	354	7069	0.00010
Asparagus	4685	G	8485	142	8627	0.00012
Dioscorea	4672	G	6673	154	6827	0.00009
Wolffia	161109	G	5513	161	5674	0.00008
Papaver	3468	G	21383	312	21695	0.00030
Macadamia	4329	G	7135	630	7765	0.00011
Telopea	54954	G	6622	482	7104	0.00010
Magnolia	3402	G	12614	109	12723	0.00018
Nymphaea	4418	G	4279	221	4500	0.00006
Cryptomeria	3368	G	64122	5605	69727	0.00096
Physcomitrium	37414	G	6986	240	7226	0.00010
Chlamydomonas	3052	G	1369	40	1409	0.00002
Ostreococcus	70447	G	369	9	378	0.00001
Bathycoccus	41874	G	252	6	258	0.00000
Micromonas	38832	G	459	22	481	0.00001
Homo	9605	G	214548	64990	279538	0.00385
Fusarium	5506	G	5350	402	5752	0.00008
Trichoderma	5543	G	1591	205	1796	0.00002
Ustilaginoidea	124426	G	396	17	413	0.00001
Metarhizium	5529	G	394	15	409	0.00001
Pochonia	243023	G	265	11	276	0.00000
Purpureocillium	1052105	G	554	46	600	0.00001
Drechmeria	98402	G	315	9	324	0.00000
Akanthomyces	150366	G	347	19	366	0.00001
Colletotrichum	5455	G	1329	93	1422	0.00002
Thermothielavioides	2609811	G	635	56	691	0.00001
Remersonia	72143	G	439	33	472	0.00001
Thermothelomyces	1920207	G	381	16	397	0.00001
Neurospora	5140	G	590	38	628	0.00001
Sordaria	5146	G	292	73	365	0.00001
Podospora	5144	G	869	31	900	0.00001
Pyricularia	48558	G	1058	7	1065	0.00001
Botrytis	33196	G	585	33	618	0.00001
Aspergillus	5052	G	2593	131	2724	0.00004
Penicillium	5073	G	1152	118	1270	0.00002
Talaromyces	5094	G	1208	156	1364	0.00002
Coccidioides	5500	G	331	54	385	0.00001
Ascochyta	5453	G	465	47	512	0.00001
Pyrenophora	5027	G	276	113	389	0.00001
Alternaria	5598	G	165	14	179	0.00000
Zymoseptoria	1047167	G	345	6	351	0.00000
Cercospora	29002	G	220	24	244	0.00000
Fulvia	2897311	G	202	7	209	0.00000
Saccharomyces	4930	G	1139	40	1179	0.00002
Eremothecium	33170	G	776	312	1088	0.00001
Naumovozyma	278028	G	580	18	598	0.00001
Henningerozyma	3163253	G	512	27	539	0.00001
Kluyveromyces	4910	G	332	21	353	0.00000
Kazachstania	71245	G	289	9	298	0.00000
Zygosaccharomyces	4953	G	245	11	256	0.00000
Nakaseomyces	374468	G	214	26	240	0.00000
Huiozyma	3163251	G	170	6	176	0.00000
Tetrapisispora	113604	G	149	3	152	0.00000
Lachancea	300275	G	149	7	156	0.00000
Torulaspora	4948	G	114	7	121	0.00000
Zygotorulaspora	1196389	G	73	9	82	0.00000
Saccharomycodes	36034	G	240	52	292	0.00000
Candida	5475	G	1020	52	1072	0.00001
Lodderomyces	36913	G	702	117	819	0.00001
Debaryomyces	4958	G	256	2	258	0.00000
Yamadazyma	766765	G	207	28	235	0.00000
Scheffersomyces	766733	G	170	8	178	0.00000
Candidozyma	3303203	G	110	17	127	0.00000
Australozyma	3300567	G	107	4	111	0.00000
Pichia	4919	G	969	74	1043	0.00001
Brettanomyces	13366	G	498	51	549	0.00001
Komagataella	460517	G	204	1	205	0.00000
Ogataea	461281	G	107	6	113	0.00000
Sugiyamaella	410829	G	259	21	280	0.00000
Yarrowia	4951	G	240	0	240	0.00000
Schizosaccharomyces	4895	G	423	28	451	0.00001
Kwoniella	490731	G	2404	99	2503	0.00003
Cryptococcus	5206	G	763	31	794	0.00001
Vanrija	1851468	G	392	45	437	0.00001
Cutaneotrichosporon	1838142	G	118	4	122	0.00000
Psilocybe	71950	G	384	3	387	0.00001
Marasmius	34448	G	340	4	344	0.00000
Rhizoctonia	1322061	G	356	2	358	0.00000
Puccinia	5296	G	1407	56	1463	0.00002
Sporisorium	63265	G	501	93	594	0.00001
Mycosarcoma	2689624	G	189	2	191	0.00000
Malassezia	55193	G	349	47	396	0.00001
Rhizophagus	1129544	G	3642	282	3924	0.00005
Vairimorpha	6038	G	619	10	629	0.00001
Encephalitozoon	6033	G	112	0	112	0.00000
Plasmodium	5820	G	7316	278	7594	0.00010
Theileria	5873	G	591	17	608	0.00001
Babesia	5864	G	417	4	421	0.00001
Neospora	29175	G	415	0	415	0.00001
Besnoitia	94642	G	378	4	382	0.00001
Toxoplasma	5810	G	352	75	427	0.00001
Cryptosporidium	5806	G	235	1	236	0.00000
Paramecium	5884	G	27	0	27	0.00000
Bremia	4778	G	403	1	404	0.00001
Thalassiosira	35127	G	177	5	182	0.00000
Phaeodactylum	2849	G	170	3	173	0.00000
Bigelowiella	227085	G	25	0	25	0.00000
Leishmania	5658	G	2077	46	2123	0.00003
Porcisia	2761499	G	164	5	169	0.00000
Trypanosoma	5690	G	172	6	178	0.00000
Naegleria	5761	G	860	0	860	0.00001
Trichomonas	5721	G	1972	7	1979	0.00003
Spironucleus	39709	G	178	0	178	0.00000
Giardia	5740	G	41	0	41	0.00000
Dictyostelium	5782	G	688	27	715	0.00001
Cyanidioschyzon	45156	G	100	0	100	0.00000
Hemiselmis	77924	G	45	1	46	0.00000
Cryptomonas	3030	G	33	2	35	0.00000
Halorubrum	56688	G	779	48	827	0.00001
Halobaculum	43927	G	629	23	652	0.00001
Haloplanus	376170	G	570	38	608	0.00001
Halorarum	3163375	G	381	4	385	0.00001
Haloferax	2251	G	313	2	315	0.00000
Haloprofundus	1911573	G	187	2	189	0.00000
Halobellus	1073986	G	129	13	142	0.00000
Salinigranum	1644057	G	106	0	106	0.00000
Halolamina	1075397	G	84	6	90	0.00000
Halogeometricum	60846	G	83	0	83	0.00000
Haloquadratum	293431	G	75	0	75	0.00000
Halopenitus	1209988	G	45	0	45	0.00000
Halalkaliarchaeum	2678343	G	42	0	42	0.00000
Salinirarus	3415185	G	42	4	46	0.00000
Halohasta	1450140	G	35	3	38	0.00000
Natrinema	88723	G	774	47	821	0.00001
Haloterrigena	121871	G	370	21	391	0.00001
Natronococcus	29287	G	244	6	250	0.00000
Natronorubrum	134813	G	233	8	241	0.00000
Halovivax	332951	G	214	1	215	0.00000
Natronosalvus	3076685	G	182	2	184	0.00000
Natrarchaeobaculum	2765402	G	145	8	153	0.00000
Halovalidus	3383206	G	144	2	146	0.00000
Halomontanus	3125902	G	136	1	137	0.00000
Halopiger	387342	G	107	5	112	0.00000
Salinilacihabitans	3065676	G	107	4	111	0.00000
Natrononativus	3065677	G	100	1	101	0.00000
Halosolutus	2993618	G	90	2	92	0.00000
Natrialba	63742	G	71	5	76	0.00000
Natronobeatus	3065678	G	61	6	67	0.00000
Natronobacterium	2256	G	56	5	61	0.00000
Natribaculum	1699375	G	39	3	42	0.00000
Halostagnicola	353799	G	21	0	21	0.00000
Haloarcula	2237	G	1054	40	1094	0.00002
Halosimplex	171163	G	566	30	596	0.00001
Halococcoides	2907507	G	324	0	324	0.00000
Halorientalis	1073987	G	250	34	284	0.00000
Halomicrobium	203135	G	219	2	221	0.00000
Halapricum	1542963	G	194	2	196	0.00000
Halorhabdus	146825	G	140	1	141	0.00000
Salinibaculum	2732368	G	110	5	115	0.00000
Halovenus	1377992	G	47	0	47	0.00000
Halomarina	871740	G	250	1	251	0.00000
Natronomonas	63743	G	240	11	251	0.00000
Haloglomus	2806252	G	229	4	233	0.00000
Salinirubellus	2162630	G	225	2	227	0.00000
Halorarius	3056835	G	116	7	123	0.00000
Halosegnis	2841540	G	87	0	87	0.00000
Halocatena	2907493	G	87	0	87	0.00000
Halorussus	1070314	G	480	26	506	0.00001
Haladaptatus	367188	G	314	0	314	0.00000
Halomicrococcus	2614447	G	76	2	78	0.00000
Halobacterium	2239	G	440	26	466	0.00001
Salarchaeum	1075398	G	78	15	93	0.00000
Halospeciosus	3116496	G	65	6	71	0.00000
Halanaeroarchaeum	1656823	G	47	0	47	0.00000
Halarchaeum	744724	G	44	0	44	0.00000
Halodesulfurarchaeum	1980514	G	31	0	31	0.00000
Halococcus	2249	G	194	0	194	0.00000
Halalkalicoccus	332246	G	79	0	79	0.00000
Salinarchaeum	1269201	G	189	0	189	0.00000
Natranaeroarchaeum	2917705	G	57	0	57	0.00000
Natronorarus	3386557	G	73	0	73	0.00000
Haloarchaeobius	1269031	G	41	0	41	0.00000
Methanosarcina	2207	G	1004	0	1004	0.00001
Methanolobus	2220	G	356	0	356	0.00000
Methanococcoides	2225	G	257	0	257	0.00000
Methanohalophilus	2175	G	130	0	130	0.00000
Methanimicrococcus	91559	G	94	0	94	0.00000
Methanolapillus	3136068	G	94	2	96	0.00000
Methanohalobium	2321	G	50	0	50	0.00000
Methanomethylovorans	101191	G	47	0	47	0.00000
Methanosalsum	196136	G	29	0	29	0.00000
Methanomicrobium	2204	G	152	0	152	0.00000
Methanochimaera	3385476	G	110	0	110	0.00000
Methanogenium	2195	G	107	0	107	0.00000
Methanoculleus	45989	G	105	0	105	0.00000
Methanofollis	81416	G	78	0	78	0.00000
Methanoplanus	2314	G	68	0	68	0.00000
Methanolacinia	230355	G	29	0	29	0.00000
Methanospirillum	2202	G	310	0	310	0.00000
Methanosphaerula	475087	G	81	0	81	0.00000
Methanoregula	395331	G	36	0	36	0.00000
Methanocella	570266	G	166	4	170	0.00000
Methanothrix	2222	G	44	0	44	0.00000
Methanobrevibacter	2172	G	653	1	654	0.00001
Methanobacterium	2160	G	462	8	470	0.00001
Methanosphaera	2316	G	236	1	237	0.00000
Methanothermobacter	145260	G	53	0	53	0.00000
Methanococcus	2184	G	769	4	773	0.00001
Methanothermococcus	155862	G	72	0	72	0.00000
Methanocaldococcus	196118	G	395	5	400	0.00001
Methanotorris	196119	G	137	0	137	0.00000
Methanopyrus	2319	G	11	0	11	0.00000
Thermococcus	2263	G	301	1	302	0.00000
Pyrococcus	2260	G	52	0	52	0.00000
Palaeococcus	83867	G	40	0	40	0.00000
Archaeoglobus	2233	G	105	0	105	0.00000
Geoglobus	190818	G	59	0	59	0.00000
Ferroglobus	54260	G	11	0	11	0.00000
Picrophilus	46631	G	203	0	203	0.00000
Thermoplasma	2302	G	44	0	44	0.00000
Oxyplasma	3373586	G	22	0	22	0.00000
Acidiplasma	507753	G	27	1	28	0.00000
Ferroplasma	74968	G	19	0	19	0.00000
Cuniculiplasma	1747777	G	23	0	23	0.00000
Candidatus Methanoplasma	1607807	G	226	0	226	0.00000
Methanomassiliicoccus	1080709	G	56	0	56	0.00000
Methanomethylophilus	1291539	G	10	0	10	0.00000
Candidatus Aciduliprofundum	379546	G	141	0	141	0.00000
Acidianus	12914	G	391	1	392	0.00001
Saccharolobus	2100760	G	162	9	171	0.00000
Sulfuracidifex	2705406	G	153	0	153	0.00000
Sulfurisphaera	69655	G	79	0	79	0.00000
Metallosphaera	41980	G	62	0	62	0.00000
Sulfolobus	2284	G	56	1	57	0.00000
Stygiolobus	41674	G	33	0	33	0.00000
Thermoproteus	2270	G	166	1	167	0.00000
Pyrobaculum	2276	G	93	0	93	0.00000
Vulcanisaeta	164450	G	55	0	55	0.00000
Caldisphaera	200414	G	226	0	226	0.00000
Acidilobus	105850	G	43	0	43	0.00000
Thermogladius	477695	G	29	0	29	0.00000
Thermosphaera	54253	G	23	0	23	0.00000
Staphylothermus	2279	G	20	0	20	0.00000
Ignicoccus	54258	G	20	0	20	0.00000
Desulfurococcus	2273	G	10	0	10	0.00000
Hyperthermus	54247	G	16	0	16	0.00000
Thermofilum	2268	G	48	0	48	0.00000
Fervidicoccus	685950	G	42	0	42	0.00000
Nitrosopumilus	338191	G	543	1	544	0.00001
Nitrosarchaeum	1007082	G	106	0	106	0.00000
Candidatus Nitrosocosmicus	1826864	G	418	0	418	0.00001
Nitrososphaera	497726	G	25	0	25	0.00000
Nitrosotalea	1078904	G	21	0	21	0.00000
Candidatus Nitrosotenuis	1825023	G	49	0	49	0.00000
Candidatus Lokiarchaeum	1655637	G	158	0	158	0.00000
Promethearchaeum	3366645	G	105	0	105	0.00000
Nanobdella	2974824	G	225	1	226	0.00000
Minunavirus	2560178	G	6737	0	6737	0.00009
Derbicusvirus	2733102	G	137	0	137	0.00000
Risingsunvirus	2560216	G	14	0	14	0.00000
Meadowvirus	3044758	G	10	0	10	0.00000
Fletchervirus	1636618	G	127	2	129	0.00000
Donnerlittchenvirus	3152600	G	60	0	60	0.00000
Cinvestavvirus	3152598	G	14	0	14	0.00000
Woodruffvirus	1982745	G	81	0	81	0.00000
Shandongvirus	2843454	G	69	0	69	0.00000
Kozievirus	3152961	G	49	0	49	0.00000
Galvastonvirus	3044720	G	53	0	53	0.00000
Ittyvirus	3044742	G	60	0	60	0.00000
Mooglevirus	1985303	G	52	0	52	0.00000
Fromanvirus	186764	G	47	22	69	0.00000
Wroclawvirus	3044857	G	46	0	46	0.00000
Nyceiraevirus	2560192	G	42	0	42	0.00000
Trinevirus	2733218	G	40	0	40	0.00000
Sleepyheadvirus	2843457	G	38	0	38	0.00000
Uetakevirus	542960	G	37	0	37	0.00000
Dismasvirus	2560122	G	35	0	35	0.00000
Jujuvirus	2948772	G	35	0	35	0.00000
Takahashivirus	2843463	G	33	0	33	0.00000
Tlsvirus	1920865	G	16	0	16	0.00000
Yanchengvirus	3044859	G	18	0	18	0.00000
Pumpernickelvirus	3152625	G	17	0	17	0.00000
Dhillonvirus	1623289	G	17	3	20	0.00000
Rivsvirus	3044804	G	15	0	15	0.00000
Mimasvirus	2560176	G	15	0	15	0.00000
Typhavirus	2948937	G	15	1	16	0.00000
Cuauhnahuacvirus	3044696	G	15	0	15	0.00000
Innesvirus	3044739	G	14	0	14	0.00000
Bertelyvirus	2733152	G	10	0	10	0.00000
Kungbxnavirus	2843406	G	13	0	13	0.00000
Alcyoneusvirus	2560086	G	13	0	13	0.00000
Snuvirus	3044833	G	11	0	11	0.00000
Shirahamavirus	2843456	G	11	0	11	0.00000
Donellivirus	2843376	G	10	0	10	0.00000
Alexandravirus	2733088	G	10	0	10	0.00000
Kisquattuordecimvirus	2732982	G	10	0	10	0.00000
Gelderlandvirus	1913653	G	42	0	42	0.00000
Tegunavirus	1921704	G	17	0	17	0.00000
Kanagawavirus	2843399	G	10	0	10	0.00000
Slopekvirus	1985328	G	60	0	60	0.00000
Mylasvirus	2948831	G	11	1	12	0.00000
Bellamyvirus	2733096	G	21	1	22	0.00000
Anaposvirus	2733090	G	19	6	25	0.00000
Buchavirus	2942994	G	67	0	67	0.00000
Lenusvirus	2733160	G	112	103	215	0.00000
Daemvirus	2731672	G	26	0	26	0.00000
Aqualcavirus	2560093	G	17	0	17	0.00000
Timquatrovirus	1623306	G	44	0	44	0.00000
Anayavirus	2946797	G	28	0	28	0.00000
Hawkeyevirus	2169612	G	66	0	66	0.00000
Tsamsavirus	3044849	G	23	0	23	0.00000
Janusvirus	2948769	G	11	0	11	0.00000
Cheoctovirus	1623281	G	12	16	28	0.00000
Dpdavirus	2948682	G	14	0	14	0.00000
Suseptimavirus	3044836	G	13	0	13	0.00000
Proboscivirus	548689	G	84	0	84	0.00000
Quwivirus	2842996	G	19	0	19	0.00000
Rhadinovirus	10379	G	10	0	10	0.00000
Cyvirus	3044698	G	14	0	14	0.00000
Moumouvirus	3080801	G	399	0	399	0.00001
Mimivirus	315393	G	199	0	199	0.00000
Tupanvirus	2094720	G	84	0	84	0.00000
Megavirus	3044761	G	63	0	63	0.00000
Cotonvirus	3044693	G	51	0	51	0.00000
Fadolivirus	2763561	G	28	0	28	0.00000
Theiavirus	3044842	G	23	0	23	0.00000
Biavirus	3044674	G	68	0	68	0.00000
Kratosvirus	3044747	G	21	0	21	0.00000
Alphaorpheovirus	3153020	G	247	0	247	0.00000
Alphacedratvirus	3152632	G	13	0	13	0.00000
Lymphocystivirus	10494	G	25	0	25	0.00000
Chloriridovirus	10491	G	23	0	23	0.00000
Marseillevirus	1513458	G	34	0	34	0.00000
Ascovirus	43680	G	14	0	14	0.00000
Chlorovirus	181083	G	41	0	41	0.00000
Prasinovirus	181084	G	24	23	47	0.00000
Prymnesiovirus	181086	G	14	0	14	0.00000
Crocodylidpoxvirus	1285599	G	374	0	374	0.00001
Orthopoxvirus	10242	G	106	0	106	0.00000
Cervidpoxvirus	573055	G	18	0	18	0.00000
Pteropopoxvirus	2733298	G	10	0	10	0.00000
Capripoxvirus	10265	G	10	0	10	0.00000
Centapoxvirus	2005509	G	10	0	10	0.00000
Epsilonentomopoxvirus	3152696	G	25	0	25	0.00000
Betaentomopoxvirus	10286	G	15	0	15	0.00000
Mastadenovirus	10509	G	18	0	18	0.00000
Pandoravirus	2060084	G	204	121	325	0.00000
Nepovirus	12270	G	34	15	49	0.00000
Alphanucleorhabdovirus	2733245	G	61	0	61	0.00000
Sigmavirus	1308858	G	22	0	22	0.00000
Arlivirus	1884456	G	18	0	18	0.00000
Respirovirus	186938	G	13	0	13	0.00000
Bandavirus	2733256	G	18	0	18	0.00000
Alphabaculovirus	558016	G	123	0	123	0.00000
Gammabaculovirus	558018	G	29	0	29	0.00000
Betabaculovirus	558017	G	15	0	15	0.00000
Bracoviriform	2946836	G	39	0	39	0.00000
Ichnoviriform	2948762	G	11	0	11	0.00000
Epsilonpapillomavirus	325459	G	17	0	17	0.00000
