name	taxonomy_id	taxonomy_lvl	kraken_assigned_reads	added_reads	new_est_reads	fraction_total_reads
Citrobacter	544	G	44501298	1543511	46044809	0.34071
Buttiauxella	82976	G	2998845	11313	3010158	0.02227
Klebsiella	570	G	1165446	111233	1276679	0.00945
Escherichia	561	G	600642	658688	1259330	0.00932
Enterobacter	547	G	511358	49296	560654	0.00415
Dryocola	3021684	G	162680	955	163635	0.00121
Salmonella	590	G	155492	93488	248980	0.00184
Cedecea	158483	G	114741	547	115288	0.00085
Kosakonia	1330547	G	97624	862	98486	0.00073
Leclercia	83654	G	59063	2088	61151	0.00045
Cronobacter	413496	G	58064	400	58464	0.00043
Kluyvera	579	G	52230	946	53176	0.00039
Lelliottia	1330545	G	36186	597	36783	0.00027
Pseudocitrobacter	1504576	G	21124	626	21750	0.00016
Atlantibacter	1903434	G	18877	269	19146	0.00014
Phytobacter	447792	G	18798	2224	21022	0.00016
Siccibacter	1649298	G	16657	84	16741	0.00012
Franconibacter	1649295	G	15176	34	15210	0.00011
Scandinavium	2726810	G	14416	76	14492	0.00011
Plesiomonas	702	G	13322	118	13440	0.00010
Mangrovibacter	451512	G	11041	260	11301	0.00008
Pluralibacter	1330546	G	9250	109	9359	0.00007
Superficieibacter	2303321	G	8773	53	8826	0.00007
Yokenella	158876	G	8743	137	8880	0.00007
Jejuibacter	2815296	G	6498	6	6504	0.00005
Trabulsiella	158851	G	5689	131	5820	0.00004
Symbiopectobacterium	801	G	3459	10	3469	0.00003
Candidatus Williamhamiltonella	568987	G	443	1	444	0.00000
Candidatus Regiella	568988	G	351	484	835	0.00001
Candidatus Blochmanniella	203804	G	302	0	302	0.00000
Candidatus Westeberhardia	1699619	G	22	0	22	0.00000
Candidatus Hoaglandella	1906659	G	152	0	152	0.00000
Candidatus Doolittlea	1906657	G	135	0	135	0.00000
Candidatus Hartigia	1449912	G	60	0	60	0.00000
Candidatus Mikella	1906660	G	55	1	56	0.00000
Candidatus Gullanella	1906661	G	44	23	67	0.00000
Candidatus Annandia	1302410	G	22	0	22	0.00000
Candidatus Purcelliella	472825	G	20	0	20	0.00000
Pseudescherichia	2055880	G	5336	158	5494	0.00004
Shimwellia	1335483	G	4834	20	4854	0.00004
Shigella	620	G	4627	13963	18590	0.00014
Candidatus Ishikawella	409304	G	240	240	480	0.00000
Candidatus Gillettellia	1177217	G	171	0	171	0.00000
Candidatus Profftia	1177214	G	139	0	139	0.00000
Candidatus Moranella	1048757	G	45	0	45	0.00000
Candidatus Curculioniphilus	690591	G	38	0	38	0.00000
Candidatus Psyllophila	3682497	G	30	0	30	0.00000
Candidatus Riesia	401618	G	29	0	29	0.00000
Serratia	613	G	2934770	41419	2976189	0.02202
Yersinia	629	G	115686	2026	117712	0.00087
Rahnella	34037	G	45295	337	45632	0.00034
Chania	1745211	G	18199	130	18329	0.00014
Ewingella	41201	G	5664	47	5711	0.00004
Gibbsiella	929812	G	5430	33	5463	0.00004
Rouxiella	1565532	G	4300	30	4330	0.00003
Chimaeribacter	2716544	G	1502	18	1520	0.00001
Nissabacter	1964366	G	1249	6	1255	0.00001
Candidatus Fukatsuia	1927833	G	231	0	231	0.00000
Providencia	586	G	1749141	142129	1891270	0.01399
Xenorhabdus	626	G	24206	33	24239	0.00018
Proteus	583	G	23769	521	24290	0.00018
Morganella	581	G	11712	207	11919	0.00009
Photorhabdus	29487	G	6280	4	6284	0.00005
Moellerella	158848	G	4992	186	5178	0.00004
Arsenophonus	637	G	1044	1	1045	0.00001
Pantoea	53335	G	99445	2455	101900	0.00075
Erwinia	551	G	33038	1396	34434	0.00025
Mixta	2100764	G	3723	312	4035	0.00003
Winslowiella	2997349	G	3306	94	3400	0.00003
Paramixta	3231896	G	2739	57	2796	0.00002
Duffyella	3026546	G	2615	200	2815	0.00002
Tatumella	82986	G	1789	15	1804	0.00001
Buchnera	32199	G	839	29	868	0.00001
Izhakiella	1780190	G	283	93	376	0.00000
Pectobacterium	122277	G	45455	706	46161	0.00034
Dickeya	204037	G	36263	801	37064	0.00027
Brenneria	71655	G	6154	385	6539	0.00005
Musicola	2884243	G	1876	25	1901	0.00001
Lonsdalea	1082702	G	1257	17	1274	0.00001
Prodigiosinella	3059405	G	311	476	787	0.00001
Hafnia	568	G	18171	1519	19690	0.00015
Edwardsiella	635	G	14569	167	14736	0.00011
Obesumbacterium	82982	G	417	166	583	0.00000
Sodalis	84565	G	9203	12	9215	0.00007
Leminorella	82980	G	2994	9	3003	0.00002
Limnobaculum	2172100	G	2976	39	3015	0.00002
Pragia	82984	G	1255	22	1277	0.00001
Gallaecimonas	745410	G	871	3	874	0.00001
Stenotrophomonas	40323	G	27478677	1284039	28762716	0.21283
Xanthomonas	338	G	2641737	71892	2713629	0.02008
Pseudoxanthomonas	83618	G	1060719	38655	1099374	0.00813
Lysobacter	68	G	488644	20093	508737	0.00376
Luteimonas	83614	G	282038	4670	286708	0.00212
Thermomonas	141948	G	188563	4448	193011	0.00143
Marilutibacter	3382698	G	47798	890	48688	0.00036
Agrilutibacter	3382696	G	31862	859	32721	0.00024
Novilysobacter	3382699	G	24500	10723	35223	0.00026
Pseudoluteimonas	3382694	G	14978	238	15216	0.00011
Solilutibacter	3382695	G	11078	483	11561	0.00009
Arenimonas	490567	G	8190	95	8285	0.00006
Xylella	2370	G	3365	6	3371	0.00002
Rhodanobacter	75309	G	76964	4088	81052	0.00060
Dyella	231454	G	67130	3912	71042	0.00053
Luteibacter	242605	G	27341	771	28112	0.00021
Dokdonella	323413	G	10799	192	10991	0.00008
Frateuria	70411	G	9793	1840	11633	0.00009
Tahibacter	1453544	G	8939	77	9016	0.00007
Pseudolysobacter	2709666	G	698	2	700	0.00001
Ahniella	2233801	G	203	1	204	0.00000
Aerosticca	2707020	G	194	42	236	0.00000
Pseudomonas	286	G	14095035	190915	14285950	0.10571
Stutzerimonas	2901164	G	28350	693	29043	0.00021
Halopseudomonas	2901189	G	27135	1904	29039	0.00021
Ectopseudomonas	3236654	G	10638	1057	11695	0.00009
Metapseudomonas	3236656	G	9950	309	10259	0.00008
Azotobacter	352	G	5006	369	5375	0.00004
Azorhizophilus	157913	G	2012	64	2076	0.00002
Aquipseudomonas	3236652	G	5546	172	5718	0.00004
Geopseudomonas	3236655	G	1533	43	1576	0.00001
Thiopseudomonas	1654787	G	747	3	750	0.00001
Phytopseudomonas	3236657	G	590	12	602	0.00000
Entomomonas	2758906	G	296	0	296	0.00000
Permianibacter	1649479	G	36	0	36	0.00000
Denitrificimonas	2901261	G	27	0	27	0.00000
Marinobacter	2742	G	5171	13	5184	0.00004
Candidatus Njordibacter	3457297	G	130	0	130	0.00000
Ketobacter	2025617	G	29	0	29	0.00000
Pseudohongiella	1524249	G	18	0	18	0.00000
Acinetobacter	469	G	1033330	27803	1061133	0.00785
Psychrobacter	497	G	1002	4	1006	0.00001
Moraxella	475	G	994	4	998	0.00001
Faucicola	1604696	G	109	2	111	0.00000
Halomonas	2745	G	20262	511	20773	0.00015
Vreelandella	3137766	G	3637	4340	7977	0.00006
Cobetia	204286	G	3433	52	3485	0.00003
Salinicola	404432	G	2650	167	2817	0.00002
Chromohalobacter	42054	G	2217	138	2355	0.00002
Billgrantia	3137761	G	1022	298	1320	0.00001
Kushneria	504090	G	431	0	431	0.00000
Zymobacter	33073	G	404	9	413	0.00000
Candidatus Carsonella	114185	G	16	0	16	0.00000
Halotalea	376488	G	100	0	100	0.00000
Bisbaumannia	3137762	G	93	4	97	0.00000
Pistricoccus	1897649	G	40	0	40	0.00000
Marinomonas	28253	G	1619	17	1636	0.00001
Marinobacterium	48075	G	1103	25	1128	0.00001
Venatoribacter	2893036	G	1061	25	1086	0.00001
Thalassolituus	187492	G	463	2	465	0.00000
Neptunomonas	75687	G	441	0	441	0.00000
Neptuniibacter	459520	G	430	1	431	0.00000
Nitrincola	267849	G	395	5	400	0.00000
Aliamphritea	3018276	G	164	0	164	0.00000
Amphritea	515417	G	93	0	93	0.00000
Bacterioplanoides	2066071	G	87	0	87	0.00000
Bermanella	599651	G	80	0	80	0.00000
Marinospirillum	64968	G	36	0	36	0.00000
Motiliproteus	1775292	G	31	0	31	0.00000
Bacterioplanes	1537406	G	18	0	18	0.00000
Alloalcanivorax	3020832	G	2019	52	2071	0.00002
Alcanivorax	59753	G	1738	45	1783	0.00001
Isoalcanivorax	3020833	G	414	8	422	0.00000
Pokkaliibacter	2301194	G	1964	6	1970	0.00001
Hahella	158481	G	1031	9	1040	0.00001
Thermohahella	3449104	G	48	1	49	0.00000
Allohahella	1855402	G	13	0	13	0.00000
Endozoicomonas	305899	G	771	22	793	0.00001
Litorivicinus	418700	G	670	0	670	0.00000
Gynuella	1445504	G	592	2	594	0.00000
Saccharospirillum	231683	G	29	0	29	0.00000
Reinekea	230494	G	14	0	14	0.00000
Salinispirillum	1649491	G	11	0	11	0.00000
Aliikangiella	1920241	G	209	0	209	0.00000
Pleionea	1502941	G	17	0	17	0.00000
Spartinivicinus	2768738	G	138	1	139	0.00000
Oleiphilus	141450	G	131	1	132	0.00000
Marinicellulosiphila	3414216	G	72	0	72	0.00000
Vibrio	662	G	38122	744	38866	0.00029
Photobacterium	657	G	3919	223	4142	0.00003
Grimontia	246861	G	3050	58	3108	0.00002
Aliivibrio	511678	G	660	54	714	0.00001
Salinivibrio	51366	G	608	40	648	0.00000
Parasalinivibrio	3378804	G	600	10	610	0.00000
Enterovibrio	188143	G	219	4	223	0.00000
Thaumasiovibrio	2014233	G	162	6	168	0.00000
Paraphotobacterium	2042066	G	23	0	23	0.00000
Aeromonas	642	G	35172	4914	40086	0.00030
Zobellella	347533	G	5027	15	5042	0.00004
Oceanimonas	129577	G	1873	9	1882	0.00001
Tolumonas	43947	G	254	1	255	0.00000
Pseudaeromonas	1929090	G	218	0	218	0.00000
Oceanisphaera	225143	G	102	0	102	0.00000
Dongshaea	2802288	G	45	0	45	0.00000
Succinivibrio	83770	G	52	0	52	0.00000
Shewanella	22	G	9756	64	9820	0.00007
Parashewanella	2547964	G	106	0	106	0.00000
Psychrobium	1573826	G	13	0	13	0.00000
Pseudoalteromonas	53246	G	7229	213	7442	0.00006
Alteromonas	226	G	3602	126	3728	0.00003
Salinimonas	288793	G	446	7	453	0.00000
Agarivorans	261825	G	968	7	975	0.00001
Paraglaciecola	1621534	G	632	3	635	0.00000
Lacimicrobium	1751872	G	238	0	238	0.00000
Catenovulum	1172191	G	237	0	237	0.00000
Hydrocarboniclastica	2650549	G	208	0	208	0.00000
Alishewanella	111142	G	141	4	145	0.00000
Halioxenophilus	2108524	G	105	0	105	0.00000
Neptunicella	2125985	G	62	0	62	0.00000
Planctobacterium	2200736	G	59	0	59	0.00000
Saliniradius	2661818	G	40	0	40	0.00000
Alkalimarinus	1858563	G	23	0	23	0.00000
Saccharobesus	2894574	G	22	0	22	0.00000
Paraneptunicella	2905123	G	20	0	20	0.00000
Aliiglaciecola	1406885	G	18	0	18	0.00000
Brumicola	3160924	G	13	0	13	0.00000
Thalassotalea	1518149	G	739	9	748	0.00001
Colwellia	28228	G	398	10	408	0.00000
Thalassomonas	137583	G	194	1	195	0.00000
Pseudocolwellia	2848177	G	127	0	127	0.00000
Cognaticolwellia	2848171	G	42	2	44	0.00000
Litorilituus	1407056	G	28	0	28	0.00000
Idiomarina	135575	G	954	16	970	0.00001
Pseudidiomarina	2800384	G	192	2	194	0.00000
Ferrimonas	44011	G	825	5	830	0.00001
Psychromonas	67572	G	617	2	619	0.00000
Aegicerorhabdus	3614798	G	287	0	287	0.00000
Moritella	58050	G	197	7	204	0.00000
Motilimonas	1914248	G	78	0	78	0.00000
Thioalkalivibrio	106633	G	4335	4	4339	0.00003
Acidihalobacter	1765964	G	2071	1	2072	0.00002
Sediminicurvatus	3383961	G	535	0	535	0.00000
Aquisalimonas	406099	G	398	0	398	0.00000
Ectothiorhodospira	1051	G	342	0	342	0.00000
Spiribacter	1335745	G	186	0	186	0.00000
Halorhodospira	85108	G	105	0	105	0.00000
Alkalilimnicola	133193	G	52	0	52	0.00000
Thiocystis	13724	G	1218	8	1226	0.00001
Allochromatium	85072	G	1203	8	1211	0.00001
Thiorhodovibrio	61593	G	1007	2	1009	0.00001
Rheinheimera	67575	G	751	1	752	0.00001
Thiocapsa	1056	G	574	2	576	0.00000
Marichromatium	85076	G	518	5	523	0.00000
Thiodictyon	53392	G	477	1	478	0.00000
Thermochromatium	85073	G	461	3	464	0.00000
Nitrosococcus	1227	G	129	0	129	0.00000
Thioflavicoccus	156885	G	116	0	116	0.00000
Caldichromatium	2828366	G	31	0	31	0.00000
Candidatus Nitrosoglobus	1980513	G	21	0	21	0.00000
Candidatus Nitrosacidococcus	2796146	G	18	0	18	0.00000
Guyparkeria	2035712	G	1889	1	1890	0.00001
Magnetovirga	3425870	G	1111	0	1111	0.00001
Candidatus Thiodiazotropha	1913444	G	72	0	72	0.00000
Sedimenticola	349742	G	38	0	38	0.00000
Candidatus Endoriftia	393764	G	36	0	36	0.00000
Thiosocius	2780488	G	32	0	32	0.00000
Thiolapillus	1608298	G	22	0	22	0.00000
Wenzhouxiangella	1676142	G	379	0	379	0.00000
Halothiobacillus	109262	G	162	0	162	0.00000
Granulosicoccus	437504	G	95	0	95	0.00000
Sulfuriflexus	1860077	G	44	0	44	0.00000
Microbulbifer	48073	G	8120	8	8128	0.00006
Marinimicrobium	359337	G	1418	6	1424	0.00001
Teredinibacter	2425	G	1178	0	1178	0.00001
Cellvibrio	10	G	853	2	855	0.00001
Saccharophagus	316625	G	243	3	246	0.00000
Simiduia	447467	G	109	0	109	0.00000
Gilvimarinus	940550	G	50	0	50	0.00000
Agarilytica	2036021	G	40	0	40	0.00000
Maricurvus	1122283	G	33	0	33	0.00000
Marinagarivorans	1792291	G	20	0	20	0.00000
Agaribacterium	2038244	G	14	0	14	0.00000
Luminiphilus	1341118	G	1590	0	1590	0.00001
Congregibacter	393661	G	744	12	756	0.00001
Kineobactrum	2678529	G	643	0	643	0.00000
Halioglobus	1217416	G	210	0	210	0.00000
Candidatus Paraluminiphilus	3040948	G	15	0	15	0.00000
Spongiibacter	630749	G	327	0	327	0.00000
Oceanicoccus	1084558	G	25	0	25	0.00000
Zhongshania	1434050	G	13	0	13	0.00000
Methylomonas	416	G	4666	4	4670	0.00003
Methylocaldum	73778	G	3283	6	3289	0.00002
Methylococcus	413	G	1908	2	1910	0.00001
Methylobacter	429	G	1809	9	1818	0.00001
Methylomarinum	1221209	G	1467	6	1473	0.00001
Methylotuvimicrobium	2822410	G	428	1	429	0.00000
Methylomicrobium	39773	G	242	0	242	0.00000
Methylogaea	1295378	G	226	0	226	0.00000
Candidatus Methylocalor	3135206	G	62	0	62	0.00000
Methylomagnum	1760987	G	47	0	47	0.00000
Candidatus Methylospira	1808977	G	42	0	42	0.00000
Methyloprofundus	1565313	G	40	0	40	0.00000
Methylovulum	762296	G	33	0	33	0.00000
Methylomarinovum	1486720	G	716	0	716	0.00001
Mannheimia	75984	G	3754	106	3860	0.00003
Actinobacillus	713	G	1979	228	2207	0.00002
Haemophilus	724	G	1397	82	1479	0.00001
Histophilus	214906	G	608	49	657	0.00000
Avibacterium	292486	G	380	25	405	0.00000
Pasteurella	745	G	368	161	529	0.00000
Aggregatibacter	416916	G	285	31	316	0.00000
Bisgaardia	109471	G	276	5	281	0.00000
Mergibacter	2899790	G	234	2	236	0.00000
Lonepinella	53416	G	177	1	178	0.00000
Gallibacterium	155493	G	138	10	148	0.00000
Glaesserella	2094023	G	136	30	166	0.00000
Rodentibacter	1960084	G	126	2	128	0.00000
Frederiksenia	1649317	G	106	3	109	0.00000
Testudinibacter	1755672	G	97	0	97	0.00000
Vespertiliibacter	1520333	G	62	1	63	0.00000
Phocoenobacter	146805	G	57	29	86	0.00000
Otariodibacter	1249016	G	28	0	28	0.00000
Bibersteinia	476528	G	27	2	29	0.00000
Basfia	697331	G	20	0	20	0.00000
Solimonas	413435	G	4174	29	4203	0.00003
Nevskia	64001	G	1755	32	1787	0.00001
Hydrocarboniphaga	243627	G	1262	15	1277	0.00001
Flagellatimonas	2893022	G	275	5	280	0.00000
Sinimarinibacterium	1861863	G	110	1	111	0.00000
Algiphilus	1266053	G	173	1	174	0.00000
Thiothrix	1030	G	1408	0	1408	0.00001
Beggiatoa	1021	G	39	0	39	0.00000
Thiomicrorhabdus	2039723	G	592	4	596	0.00000
Methylophaga	40222	G	407	2	409	0.00000
Thiomicrospira	933	G	178	3	181	0.00000
Piscirickettsia	1237	G	62	0	62	0.00000
Cycloclasticus	34067	G	37	0	37	0.00000
Hydrogenovibrio	28884	G	28	8	36	0.00000
Thiosulfativibrio	2781120	G	25	0	25	0.00000
Thiosulfatimonas	2781121	G	20	0	20	0.00000
Francisella	262	G	232	11	243	0.00000
Allofrancisella	1869285	G	10	0	10	0.00000
Steroidobacter	469322	G	2742	12	2754	0.00002
Legionella	445	G	1527	3	1530	0.00001
Rickettsiella	59195	G	304	0	304	0.00000
Aquicella	254245	G	154	0	154	0.00000
Coxiella	776	G	50	12	62	0.00000
Candidiatus Paracoxiella	3405119	G	23	9	32	0.00000
Gilliamella	1193503	G	768	8	776	0.00001
Orbus	743714	G	429	3	432	0.00000
Frischella	1335631	G	113	4	117	0.00000
Utexia	3373510	G	103	0	103	0.00000
Zophobihabitans	2894762	G	49	0	49	0.00000
Thiohalobacter	1273155	G	1228	0	1228	0.00001
Immundisolibacter	1934947	G	674	2	676	0.00001
Salinisphaera	180541	G	604	0	604	0.00000
Sulfuricaulis	1744881	G	424	4	428	0.00000
Acidiferrobacter	986106	G	64	0	64	0.00000
Sulfurifustis	1692042	G	61	0	61	0.00000
Cardiobacterium	2717	G	329	1	330	0.00000
Dichelobacter	869	G	23	0	23	0.00000
Ignatzschineria	112008	G	113	2	115	0.00000
Wohlfahrtiimonas	582472	G	30	0	30	0.00000
Candidatus Pseudothioglobus	2841677	G	160	0	160	0.00000
Candidatus Thioglobus	655184	G	42	0	42	0.00000
Candidatus Ruthturnera	1541743	G	33	0	33	0.00000
Candidatus Vesicomyidisocius	2732587	G	13	0	13	0.00000
Candidatus Palibaumannia	198346	G	49	0	49	0.00000
Celerinatantimonas	412033	G	46	7	53	0.00000
Candidatus Reidiella	2738850	G	16	0	16	0.00000
Candidatus Nardonella	204619	G	13	0	13	0.00000
Woeseia	1738655	G	191	0	191	0.00000
Kangiella	261963	G	127	0	127	0.00000
Candidatus Rariloculus ( ex Nguyen 2022)	2978114	G	79	49	128	0.00000
Candidatus Spongiihabitans	3033996	G	48	0	48	0.00000
Sulfurivermis	2034504	G	45	0	45	0.00000
Delftia	80865	G	9697854	366881	10064735	0.07447
Comamonas	283	G	204043	1292	205335	0.00152
Variovorax	34072	G	203488	916	204404	0.00151
Acidovorax	12916	G	24447	238	24685	0.00018
Ottowia	219181	G	15860	321	16181	0.00012
Hydrogenophaga	47420	G	14649	206	14855	0.00011
Diaphorobacter	238749	G	10182	297	10479	0.00008
Rhodoferax	28065	G	6556	33	6589	0.00005
Ramlibacter	174951	G	6280	24	6304	0.00005
Alicycliphilus	201096	G	4907	216	5123	0.00004
Limnohabitans	665874	G	4738	12	4750	0.00004
Paracidovorax	3051137	G	4497	57	4554	0.00003
Vandammella	2919468	G	4082	6	4088	0.00003
Polaromonas	52972	G	2500	4	2504	0.00002
Brachymonas	28219	G	2247	13	2260	0.00002
Melaminivora	1649468	G	2118	36	2154	0.00002
Serpentinimonas	2490452	G	840	3	843	0.00001
Verminephrobacter	364316	G	546	1	547	0.00000
Pulveribacter	2678886	G	543	3	546	0.00000
Simplicispira	352450	G	389	4	393	0.00000
Paenacidovorax	3051138	G	323	2	325	0.00000
Hylemonella	232523	G	209	0	209	0.00000
Curvibacter	281915	G	157	1	158	0.00000
Candidatus Symbiobacter	1436289	G	66	0	66	0.00000
Achromobacter	222	G	386933	8746	395679	0.00293
Alcaligenes	507	G	123006	1975	124981	0.00092
Bordetella	517	G	31795	676	32471	0.00024
Kerstersia	257820	G	12882	210	13092	0.00010
Castellaniella	359336	G	8472	110	8582	0.00006
Orrella	1921582	G	6413	133	6546	0.00005
Pigmentiphaga	152267	G	4211	46	4257	0.00003
Neopusillimonas	2987605	G	2292	20	2312	0.00002
Advenella	290425	G	2158	28	2186	0.00002
Pollutimonas	2987599	G	1977	44	2021	0.00001
Parapusillimonas	1403714	G	983	59	1042	0.00001
Paralcaligenes	1148163	G	243	1	244	0.00000
Pusillimonas	305976	G	234	5	239	0.00000
Oligella	90243	G	79	0	79	0.00000
Pelistega	106146	G	75	0	75	0.00000
Ampullimonas	1920247	G	75	0	75	0.00000
Taylorella	29574	G	54	5	59	0.00000
Paenalcaligenes	1100891	G	39	0	39	0.00000
Basilea	1472344	G	19	0	19	0.00000
Burkholderia	32008	G	70331	3193	73524	0.00054
Cupriavidus	106589	G	58920	2225	61145	0.00045
Paraburkholderia	1822464	G	36100	1820	37920	0.00028
Ralstonia	48736	G	25823	1557	27380	0.00020
Caballeronia	1827195	G	11850	584	12434	0.00009
Pandoraea	93217	G	11406	366	11772	0.00009
Pararobbsia	2718863	G	3210	40	3250	0.00002
Polynucleobacter	44013	G	1909	2	1911	0.00001
Robbsia	2038280	G	1279	13	1292	0.00001
Lautropia	47670	G	1004	7	1011	0.00001
Trinickia	2571160	G	897	35	932	0.00001
Imbroritus	3422601	G	865	42	907	0.00001
Mycetohabitans	2571159	G	482	3	485	0.00000
Limnobacter	131079	G	257	2	259	0.00000
Mycoavidus	1810868	G	87	0	87	0.00000
Candidatus Vallotiella	2018044	G	32	0	32	0.00000
Ephemeroptericola	2680021	G	18	0	18	0.00000
Massilia	149698	G	43409	4376	47785	0.00035
Pseudoduganella	1522432	G	24102	1955	26057	0.00019
Duganella	75654	G	5410	307	5717	0.00004
Rugamonas	212744	G	3787	476	4263	0.00003
Telluria	34069	G	3255	906	4161	0.00003
Herminiimonas	303379	G	20225	238	20463	0.00015
Herbaspirillum	963	G	19591	299	19890	0.00015
Janthinobacterium	29580	G	18650	572	19222	0.00014
Collimonas	202907	G	6234	76	6310	0.00005
Undibacterium	401469	G	1250	11	1261	0.00001
Noviherbaspirillum	1344552	G	838	10	848	0.00001
Actimicrobium	1051898	G	466	10	476	0.00000
Glaciimonas	1229970	G	255	4	259	0.00000
Oxalobacter	846	G	236	1	237	0.00000
Affinundibacterium	3078230	G	185	1	186	0.00000
Neoundibacterium	3078232	G	183	4	187	0.00000
Roseateles	93681	G	15538	139	15677	0.00012
Rubrivivax	28067	G	11523	140	11663	0.00009
Caldimonas	196013	G	6113	131	6244	0.00005
Methylibium	316612	G	5210	47	5257	0.00004
Sphaerotilus	34102	G	4604	83	4687	0.00003
Piscinibacter	1114981	G	4158	18	4176	0.00003
Aquincola	391952	G	4030	126	4156	0.00003
Ideonella	36862	G	3301	103	3404	0.00003
Leptothrix	88	G	726	2	728	0.00001
Inhella	644355	G	720	6	726	0.00001
Xylophilus	54066	G	4695	26	4721	0.00003
Thiomonas	32012	G	4421	6	4427	0.00003
Rhizobacter	212743	G	2469	10	2479	0.00002
Eleftheria	1597779	G	1466	6	1472	0.00001
Aquabacterium	92793	G	1310	8	1318	0.00001
Tepidimonas	114248	G	376	9	385	0.00000
Piscinibacterium	2066914	G	126	0	126	0.00000
Candidatus Ichthyocystis	2929841	G	27	0	27	0.00000
Sutterella	40544	G	706	2	708	0.00001
Turicimonas	1918598	G	36	0	36	0.00000
Duodenibacillus	1980697	G	19	0	19	0.00000
Chromobacterium	535	G	17034	73	17107	0.00013
Vogesella	57739	G	2458	12	2470	0.00002
Paludibacterium	400060	G	1324	3	1327	0.00001
Aquitalea	407217	G	997	8	1005	0.00001
Pseudogulbenkiania	568394	G	365	3	368	0.00000
Neisseria	482	G	7367	84	7451	0.00006
Uruburuella	299568	G	1942	8	1950	0.00001
Aquella	2593687	G	1068	0	1068	0.00001
Vitreoscilla	59	G	1046	5	1051	0.00001
Crenobacter	1654931	G	908	9	917	0.00001
Paralysiella	2898489	G	827	5	832	0.00001
Snodgrassella	1193515	G	265	0	265	0.00000
Kingella	32257	G	233	3	236	0.00000
Eikenella	538	G	153	1	154	0.00000
Conchiformibius	334107	G	55	0	55	0.00000
Bergeriella	334108	G	45	0	45	0.00000
Alysiella	194195	G	16	0	16	0.00000
Wielerella	2944815	G	16	0	16	0.00000
Jeongeupia	885864	G	4282	23	4305	0.00003
Chitinimonas	240411	G	3043	17	3060	0.00002
Chitinolyticbacter	1055692	G	2100	12	2112	0.00002
Chitiniphilus	585890	G	1993	32	2025	0.00001
Chitinibacter	230666	G	312	3	315	0.00000
Chitinirhabdus	3683957	G	114	0	114	0.00000
Iodobacter	32014	G	73	1	74	0.00000
Deefgea	400947	G	67	0	67	0.00000
Silvimonas	300264	G	66	0	66	0.00000
Microvirgula	57479	G	2589	10	2599	0.00002
Laribacter	168470	G	1435	63	1498	0.00001
Aquaspirillum	187	G	394	1	395	0.00000
Azoarcus	12960	G	20278	1266	21544	0.00016
Thauera	33057	G	9122	480	9602	0.00007
Nitrogeniibacter	2891294	G	572	4	576	0.00000
Parazoarcus	2891322	G	547	8	555	0.00000
Pseudazoarcus	2891323	G	106	1	107	0.00000
Pseudothauera	2891324	G	94	2	96	0.00000
Niveibacterium	1769726	G	2251	19	2270	0.00002
Aromatoleum	551759	G	2179	209	2388	0.00002
Azospira	146937	G	1231	66	1297	0.00001
Oryzomicrobium	1911577	G	1063	69	1132	0.00001
Dechloromonas	73029	G	4571	167	4738	0.00004
Ferribacterium	88875	G	754	6	760	0.00001
Azonexus	146936	G	455	68	523	0.00000
Quatrionicoccus	138117	G	67	3	70	0.00000
Fluviibacter	2808942	G	95	0	95	0.00000
Methyloversatilis	378210	G	3713	9	3722	0.00003
Denitratisoma	311181	G	772	32	804	0.00001
Sterolibacterium	157591	G	452	3	455	0.00000
Sulfuritalea	1054211	G	245	1	246	0.00000
Sulfuricystis	3050898	G	138	0	138	0.00000
Rugosibacter	1914449	G	20	0	20	0.00000
Ferrigenium	2249462	G	1744	13	1757	0.00001
Sideroxydans	314343	G	969	11	980	0.00001
Sideroxyarcus	2943286	G	135	2	137	0.00000
Candidatus Nitrotoga	453161	G	80	0	80	0.00000
Gallionella	96	G	71	0	71	0.00000
Ferriphaselus	1443590	G	51	0	51	0.00000
Nitrosomonas	914	G	1133	18	1151	0.00001
Nitrosospira	35798	G	88	0	88	0.00000
Methylophilus	16	G	445	3	448	0.00000
Methylovorus	81682	G	240	1	241	0.00000
Candidatus Methylopumilus	1679002	G	51	0	51	0.00000
Methylotenera	359407	G	48	0	48	0.00000
Methylobacillus	404	G	41	0	41	0.00000
Methyloradius	2872156	G	41	0	41	0.00000
Thiobacillus	919	G	618	10	628	0.00000
Sulfuritortus	1938335	G	52	2	54	0.00000
Usitatibacter	2803845	G	644	0	644	0.00000
Sulfuriferula	1778653	G	303	1	304	0.00000
Sulfurimicrobium	2772198	G	174	0	174	0.00000
Sulfuricella	935200	G	28	0	28	0.00000
Chitinivorax	1433992	G	1005	12	1017	0.00001
Casimicrobium	2706000	G	411	5	416	0.00000
Candidatus Accumulibacter	327159	G	90	0	90	0.00000
Candidatus Kinetoplastidibacterium	33055	G	74	0	74	0.00000
Candidatus Vidania	1191175	G	38	0	38	0.00000
Candidatus Profftella	1381133	G	32	0	32	0.00000
Candidatus Nasuia	1301080	G	19	0	19	0.00000
Ferrovum	416212	G	32	0	32	0.00000
Brucella	234	G	780336	66299	846635	0.00626
Ochrobactrum	528	G	8782	29517	38299	0.00028
Pseudochrobactrum	354349	G	88966	1331	90297	0.00067
Agrobacterium	357	G	67492	11914	79406	0.00059
Rhizobium	379	G	57511	4352	61863	0.00046
Neorhizobium	1525371	G	3314	38	3352	0.00002
Pararhizobium	1612611	G	1874	24	1898	0.00001
Pseudorhizobium	1903858	G	237	5	242	0.00000
Allorhizobium	78526	G	31	10	41	0.00000
Shinella	323620	G	18700	527	19227	0.00014
Sinorhizobium	28105	G	5951	151	6102	0.00005
Ensifer	106591	G	5081	80	5161	0.00004
Hoeflea	274591	G	1860	24	1884	0.00001
Affinirhizobium	3070964	G	242	3	245	0.00000
Liberibacter	34019	G	165	1	166	0.00000
Georhizobium	2661800	G	149	1	150	0.00000
Terrirhizobium	3464117	G	140	1	141	0.00000
Peteryoungia	2853332	G	133	0	133	0.00000
Paenirhizobium	3070963	G	91	3	94	0.00000
Lentilitoribacter	1649463	G	62	0	62	0.00000
Ciceribacter	1648508	G	61	0	61	0.00000
Mesorhizobium	68287	G	69616	2373	71989	0.00053
Aminobacter	31988	G	38295	3097	41392	0.00031
Nitratireductor	245876	G	5453	123	5576	0.00004
Aquibium	2911176	G	2810	32	2842	0.00002
Terribium	3143704	G	1926	127	2053	0.00002
Phyllobacterium	28100	G	1860	7	1867	0.00001
Chelativorans	449972	G	1397	38	1435	0.00001
Aquamicrobium	69278	G	156	0	156	0.00000
Methylobacterium	407	G	67676	1173	68849	0.00051
Methylorubrum	2282523	G	6383	390	6773	0.00005
Microvirga	186650	G	5750	11	5761	0.00004
Bradyrhizobium	374	G	61401	1013	62414	0.00046
Rhodopseudomonas	1073	G	11039	380	11419	0.00008
Afipia	1033	G	3545	456	4001	0.00003
Nitrobacter	911	G	922	13	935	0.00001
Tardiphaga	1395974	G	765	13	778	0.00001
Rugositalea	3466653	G	108	0	108	0.00000
Variibacter	1649510	G	67	0	67	0.00000
Devosia	46913	G	35742	317	36059	0.00027
Pelagibacterium	1082930	G	1905	77	1982	0.00001
Paradevosia	1573407	G	631	10	641	0.00000
Mariluticola	3064792	G	67	0	67	0.00000
Maritalea	623276	G	50	0	50	0.00000
Bosea	85413	G	31052	411	31463	0.00023
Aureimonas	414371	G	10024	63	10087	0.00007
Antarcticirhabdus	3042730	G	2938	23	2961	0.00002
Martelella	293088	G	1332	16	1348	0.00001
Aurantimonas	182269	G	76	0	76	0.00000
Jiella	1775688	G	64	0	64	0.00000
Reyranella	445219	G	9110	11	9121	0.00007
Roseibium	150830	G	3866	535	4401	0.00003
Stappia	152161	G	1247	20	1267	0.00001
Breoghania	1406135	G	1054	2	1056	0.00001
Pseudovibrio	258255	G	667	0	667	0.00000
Pannonibacter	227873	G	430	42	472	0.00000
Labrenzia	478070	G	233	249	482	0.00000
Ancylobacter	99	G	3413	41	3454	0.00003
Xanthobacter	279	G	1544	17	1561	0.00001
Pseudolabrys	556257	G	958	2	960	0.00001
Labrys	204476	G	556	10	566	0.00000
Azorhizobium	6	G	190	2	192	0.00000
Starkeya	152053	G	129	0	129	0.00000
Aquabacter	45402	G	119	0	119	0.00000
Chelatococcus	28209	G	4103	30	4133	0.00003
Oricola	1594166	G	1932	21	1953	0.00001
Roseitalea	1915401	G	1137	5	1142	0.00001
Ahrensia	152180	G	64	0	64	0.00000
Oceaniradius	2679892	G	46	2	48	0.00000
Phreatobacter	1632780	G	2655	7	2662	0.00002
Methylovirgula	1156568	G	1232	1	1233	0.00001
Methylocapsa	184923	G	970	4	974	0.00001
Methylocella	120652	G	96	0	96	0.00000
Beijerinckia	532	G	37	0	37	0.00000
Afifella	643217	G	2045	24	2069	0.00002
Nordella	169055	G	1190	0	1190	0.00001
Enhydrobacter	212791	G	423	0	423	0.00000
Pseudorhodoplanes	1734920	G	161	0	161	0.00000
Terrihabitans	2874214	G	70	0	70	0.00000
Methylosinus	425	G	1010	8	1018	0.00001
Methylocystis	133	G	824	3	827	0.00001
Kaistia	166953	G	1306	6	1312	0.00001
Bauldia	1145345	G	49	0	49	0.00000
Bartonella	773	G	1255	1	1256	0.00001
Acuticoccus	1904377	G	1043	1	1044	0.00001
Pleomorphomonas	261933	G	902	11	913	0.00001
Hartmannibacter	1572860	G	66	1	67	0.00000
Hyphomicrobium	81	G	592	2	594	0.00000
Rhodomicrobium	1068	G	127	0	127	0.00000
Methyloceanibacter	1484898	G	53	0	53	0.00000
Methyloligella	1485594	G	43	0	43	0.00000
Filomicrobium	119044	G	16	0	16	0.00000
Alsobacter	1502180	G	663	2	665	0.00000
Pyruvatibacter	1742974	G	162	0	162	0.00000
Kaustia	2838250	G	95	0	95	0.00000
Anderseniella	444432	G	62	0	62	0.00000
Tepidicaulis	1742977	G	49	2	51	0.00000
Parvibaculum	256616	G	29	0	29	0.00000
Candidatus Phaeomarinibacter	1541445	G	11	0	11	0.00000
Lichenihabitans	2723776	G	269	0	269	0.00000
Methyloraptor	3382645	G	236	1	237	0.00000
Salinarimonas	690086	G	230	0	230	0.00000
Cohaesibacter	655352	G	163	0	163	0.00000
Chenggangzhangella	2041902	G	134	0	134	0.00000
Blastochloris	59282	G	132	0	132	0.00000
Rhodoligotrophos	987053	G	106	0	106	0.00000
Terrirubrum	3142786	G	72	0	72	0.00000
Aestuariivirga	2650923	G	70	0	70	0.00000
Coralliovum	3228940	G	49	0	49	0.00000
Salaquimonas	2712688	G	25	0	25	0.00000
Sphingomonas	13687	G	60163	3354	63517	0.00047
Novosphingobium	165696	G	22259	1364	23623	0.00017
Sphingosinithalassobacter	2676233	G	327	29	356	0.00000
Stakelama	1124625	G	273	21	294	0.00000
Citromicrobium	72173	G	240	20	260	0.00000
Hankyongella	1763827	G	168	6	174	0.00000
Parablastomonas	1654718	G	34	0	34	0.00000
Alterisphingorhabdus (ex Yan et al. 2024)	3382518	G	25	0	25	0.00000
Tardibacter	2685927	G	24	13	37	0.00000
Sphingobium	165695	G	27751	6024	33775	0.00025
Erythrobacter	1041	G	3993	109	4102	0.00003
Porphyrobacter	1111	G	555	12	567	0.00000
Altererythrobacter	361177	G	2488	28	2516	0.00002
Qipengyuania	1855416	G	2329	44	2373	0.00002
Aurantiacibacter	2800681	G	1901	9	1910	0.00001
Pelagerythrobacter	2800685	G	1585	78	1663	0.00001
Croceicoccus	1295327	G	1190	65	1255	0.00001
Croceibacterium	2676755	G	671	3	674	0.00000
Paraurantiacibacter	2800682	G	207	0	207	0.00000
Tsuneonella	2800686	G	166	4	170	0.00000
Caenibius	2827482	G	166	6	172	0.00000
Pseudoblastomonas	3423750	G	49	2	51	0.00000
Parerythrobacter	2800684	G	11	0	11	0.00000
Sphingopyxis	165697	G	14445	475	14920	0.00011
Rhizorhabdus	1649486	G	3274	735	4009	0.00003
Alterirhizorhabdus	3423723	G	1762	19	1781	0.00001
Novosphingopyxis	2709686	G	1160	79	1239	0.00001
Sphingorhabdus	1434046	G	340	1	341	0.00000
Parasphingorhabdus	2709685	G	186	0	186	0.00000
Parasphingopyxis	1234545	G	1507	3	1510	0.00001
Sphingosinicella	335405	G	1307	12	1319	0.00001
Glacieibacterium	2860235	G	61	41	102	0.00000
Sandaracinobacteroides	2883109	G	33	0	33	0.00000
Polymorphobacter	1508451	G	22	6	28	0.00000
Blastomonas	150203	G	840	12	852	0.00001
Allosphingosinicella	2823232	G	598	4	602	0.00000
Sphingomicrobium	1227948	G	69	0	69	0.00000
Zymomonas	541	G	149	3	152	0.00000
Aquisediminimonas	2676781	G	91	0	91	0.00000
Paracoccus	265	G	27549	816	28365	0.00021
Pseudooceanicola	1679449	G	2234	38	2272	0.00002
Rhodovulum	34008	G	2023	10	2033	0.00002
Frigidibacter	1775705	G	1763	166	1929	0.00001
Gemmobacter	204456	G	1677	110	1787	0.00001
Pikeienuella	2831955	G	1431	29	1460	0.00001
Pseudogemmobacter	2663134	G	1429	22	1451	0.00001
Cereibacter	1653176	G	1126	45	1171	0.00001
Thioclava	285107	G	1092	39	1131	0.00001
Polymorphum	991903	G	892	58	950	0.00001
Gymnodinialimonas	2937410	G	846	4	850	0.00001
Vannielia	2813041	G	834	5	839	0.00001
Albidovulum	205889	G	707	6	713	0.00001
Marinibacterium	1931200	G	666	17	683	0.00001
Yoonia	2211641	G	582	18	600	0.00000
Arenibacterium	2824249	G	572	40	612	0.00000
Pukyongiella	2831925	G	570	61	631	0.00000
Algicella	3050722	G	267	1	268	0.00000
Fuscovulum	2818469	G	259	21	280	0.00000
Tabrizicola	1443919	G	187	14	201	0.00000
Roseinatronobacter	121820	G	187	1	188	0.00000
Cognatishimia	2211635	G	178	1	179	0.00000
Haematobacter	366614	G	167	34	201	0.00000
Neotabrizicola	2946607	G	132	11	143	0.00000
Limimaricola	2211638	G	132	3	135	0.00000
Tritonibacter	2083206	G	131	18	149	0.00000
Paroceanicella	2683599	G	119	11	130	0.00000
Parasedimentitalea	2738399	G	105	0	105	0.00000
Planktomarina	1284657	G	96	0	96	0.00000
Brevirhabdus	1855413	G	94	20	114	0.00000
Pontivivens	1844015	G	76	2	78	0.00000
Pacificitalea	2846749	G	70	6	76	0.00000
Amaricoccus	56999	G	67	0	67	0.00000
Aliiroseovarius	1658781	G	62	1	63	0.00000
Paragemmobacter	3143992	G	61	3	64	0.00000
Nioella	1775424	G	50	0	50	0.00000
Pelagovum	2795377	G	49	1	50	0.00000
Qingshengfaniella	2816884	G	46	0	46	0.00000
Marivivens	1759396	G	45	1	46	0.00000
Falsirhodobacter	1434002	G	41	0	41	0.00000
Fontisubflavum	3118803	G	39	0	39	0.00000
Abyssibius	3029205	G	38	0	38	0.00000
Profundibacter	2778525	G	37	0	37	0.00000
Pseudoroseicyclus	1813601	G	36	0	36	0.00000
Pseudorhodobacter	238783	G	35	0	35	0.00000
Pseudophaeobacter	1541822	G	32	4	36	0.00000
Silicimonas	1955420	G	28	0	28	0.00000
Roseicitreum	1209946	G	27	0	27	0.00000
Aestuariibius	2109360	G	19	0	19	0.00000
Amylibacter	1617805	G	19	0	19	0.00000
Pseudopelagicola	1649483	G	16	0	16	0.00000
Roseovarius	74030	G	3633	120	3753	0.00003
Sulfitobacter	60136	G	2618	201	2819	0.00002
Jannaschia	188905	G	2414	17	2431	0.00002
Alloyangia	2919626	G	2103	37	2140	0.00002
Ruegeria	97050	G	1575	84	1659	0.00001
Leisingera	191028	G	1475	67	1542	0.00001
Roseicyclus	336277	G	1427	8	1435	0.00001
Aliiphycobium	3479962	G	1314	16	1330	0.00001
Mameliella	1434019	G	1227	16	1243	0.00001
Salipiger	263377	G	1187	39	1226	0.00001
Tropicibacter	599653	G	1124	11	1135	0.00001
Octadecabacter	53945	G	1024	93	1117	0.00001
Thalassovita	335927	G	883	10	893	0.00001
Phaeobacter	302485	G	799	87	886	0.00001
Sagittula	58842	G	772	268	1040	0.00001
Shimia	573139	G	665	23	688	0.00001
Antarctobacter	74032	G	656	4	660	0.00000
Roseobacter	2433	G	621	4	625	0.00000
Loktanella	245186	G	531	5	536	0.00000
Celeribacter	875170	G	498	101	599	0.00000
Aliisedimentitalea	1697958	G	491	19	510	0.00000
Pseudosulfitobacter	2854186	G	480	132	612	0.00000
Phycobium	3479963	G	355	2	357	0.00000
Roseivivax	93682	G	321	5	326	0.00000
Ketogulonicigenium	92944	G	221	8	229	0.00000
Tateyamaria	299261	G	207	1	208	0.00000
Oceanicola	252301	G	195	1	196	0.00000
Ponticoccus	983507	G	119	3	122	0.00000
Marinovum	367771	G	100	4	104	0.00000
Palleronia	315422	G	69	0	69	0.00000
Actibacterium	1433986	G	60	17	77	0.00000
Rhodophyticola	2680018	G	52	0	52	0.00000
Seohaeicola	481178	G	51	0	51	0.00000
Dinoroseobacter	309512	G	49	12	61	0.00000
Thalassobacter	266808	G	46	0	46	0.00000
Marivita	659428	G	45	0	45	0.00000
Pelagimonas	1434029	G	33	0	33	0.00000
Thalassococcus	436357	G	26	0	26	0.00000
Falsihalocynthiibacter	2854182	G	22	0	22	0.00000
Lentibacter	1434014	G	17	0	17	0.00000
Thalassovivens	3680327	G	15	0	15	0.00000
Algirhabdus	3412738	G	14	0	14	0.00000
Nereida	282198	G	13	0	13	0.00000
Rhodobacter	1060	G	2912	29	2941	0.00002
Brevundimonas	41275	G	40082	681	40763	0.00030
Caulobacter	75	G	18562	288	18850	0.00014
Phenylobacterium	20	G	8715	147	8862	0.00007
Asticcacaulis	76890	G	806	6	812	0.00001
Terricaulis	2768684	G	33	0	33	0.00000
Azospirillum	191	G	24205	167	24372	0.00018
Nitrospirillum	1543705	G	3139	24	3163	0.00002
Niveispirillum	1543704	G	2205	18	2223	0.00002
Skermanella	204447	G	2072	10	2082	0.00002
Indioceanicola	2478349	G	44	0	44	0.00000
Ferrovibrio	1231242	G	2052	3	2055	0.00002
Magnetospirillum	13134	G	1584	77	1661	0.00001
Rhodospirillum	1081	G	1378	6	1384	0.00001
Defluviicoccus	111830	G	88	0	88	0.00000
Pararhodospirillum	1612157	G	66	0	66	0.00000
Candidatus Endolissoclinum	1263978	G	61	0	61	0.00000
Aerophototrophica	2811387	G	54	0	54	0.00000
Nisaea	390876	G	1231	13	1244	0.00001
Thalassobaculum	526215	G	852	4	856	0.00001
Thalassospira	168934	G	2051	7	2058	0.00002
Magnetospira	1182780	G	16	0	16	0.00000
Allostella	93	G	1908	4	1912	0.00001
Hypericibacter	2705399	G	1661	6	1667	0.00001
Zavarzinia	204446	G	1434	2	1436	0.00001
Caenispirillum	414051	G	1064	5	1069	0.00001
Haematospirillum	1804663	G	11	0	11	0.00000
Pelagibius	643951	G	658	0	658	0.00000
Algihabitans	2821512	G	164	0	164	0.00000
Hwanghaeella	2605940	G	158	0	158	0.00000
Aestuariispira	1647175	G	87	0	87	0.00000
Terasakiella	196080	G	64	0	64	0.00000
Paramagnetospirillum	3031148	G	44	6	50	0.00000
Varunaivibrio	1866954	G	23	0	23	0.00000
Roseomonas	125216	G	10817	84	10901	0.00008
Sediminicoccus	1706033	G	3063	14	3077	0.00002
Roseococcus	35812	G	1800	13	1813	0.00001
Dankookia	1940143	G	1330	5	1335	0.00001
Humitalea	1223303	G	663	1	664	0.00000
Muricoccus	3409995	G	213	0	213	0.00000
Lichenicola	2804525	G	2792	8	2800	0.00002
Komagataeibacter	1434011	G	2659	266	2925	0.00002
Pararoseomonas	2870712	G	1110	11	1121	0.00001
Lichenicoccus	2781897	G	1026	2	1028	0.00001
Oecophyllibacter	2791118	G	989	2	991	0.00001
Granulibacter	364409	G	939	4	943	0.00001
Acetobacter	434	G	817	45	862	0.00001
Nguyenibacter	1519186	G	659	1	660	0.00000
Rhodovastum	504465	G	268	0	268	0.00000
Gluconobacter	441	G	191	6	197	0.00000
Asaia	91914	G	92	12	104	0.00000
Gluconacetobacter	89583	G	86	2	88	0.00000
Formicincola	2952773	G	84	0	84	0.00000
Acidibrevibacterium	2603324	G	62	0	62	0.00000
Rhodopila	1070	G	48	0	48	0.00000
Novacetimonas	2919364	G	29	4	33	0.00000
Kozakia	153497	G	28	3	31	0.00000
Neoasaia	320496	G	23	0	23	0.00000
Entomobacter	2811380	G	22	0	22	0.00000
Aristophania	3027666	G	15	0	15	0.00000
Swingsia	1649499	G	13	0	13	0.00000
Parasaccharibacter	1602345	G	11	0	11	0.00000
Acidiphilium	522	G	2026	7	2033	0.00002
Acidocella	50709	G	729	1	730	0.00001
Acidisoma	512381	G	43	0	43	0.00000
Elioraea	457933	G	36	0	36	0.00000
Tistrella	171436	G	3526	79	3605	0.00003
Marinivivus	3457535	G	1686	3	1689	0.00001
Hyphomonas	85	G	2642	5	2647	0.00002
Candidatus Viadribacter	2892997	G	246	0	246	0.00000
Hirschia	2723	G	236	0	236	0.00000
Maricaulis	74317	G	1071	1	1072	0.00001
Oceanicaulis	153232	G	510	0	510	0.00000
Glycocaulis	1433402	G	398	4	402	0.00000
Hyphobacterium	2004661	G	71	1	72	0.00000
Marinicauda	1649466	G	36	0	36	0.00000
Algimonas	1246884	G	705	0	705	0.00001
Fretibacter	1649331	G	32	0	32	0.00000
Litorimonas	1167830	G	10	0	10	0.00000
Emcibacter	1602338	G	1067	1	1068	0.00001
Paremcibacter	2813804	G	538	1	539	0.00000
Pseudemcibacter	2943291	G	18	0	18	0.00000
Luteithermobacter	2813803	G	17	0	17	0.00000
Rickettsia	780	G	345	4	349	0.00000
Candidatus Tisiphia	2996317	G	142	5	147	0.00000
Orientia	69474	G	43	0	43	0.00000
Candidatus Trichorickettsia	1522201	G	12	0	12	0.00000
Wolbachia	953	G	368	6	374	0.00000
Ehrlichia	943	G	88	0	88	0.00000
Candidatus Mesenet	2883098	G	28	0	28	0.00000
Candidatus Bandiella	2716172	G	110	0	110	0.00000
Candidatus Midichloria	411566	G	30	0	30	0.00000
Candidatus Lariskella	1175554	G	12	0	12	0.00000
Candidatus Fokinia	1802983	G	10	5	15	0.00000
Radicibacter	3462474	G	813	1	814	0.00001
Candidatus Bealeia	1920992	G	472	8	480	0.00000
Candidatus Gromoviella	2900571	G	73	0	73	0.00000
Candidatus Cytomitobacter	2601574	G	58	8	66	0.00000
Candidatus Nucleicultrix	1509243	G	86	2	88	0.00000
Candidatus Odyssella	84646	G	27	0	27	0.00000
Candidatus Bodocaedibacter	3163645	G	17	0	17	0.00000
Minwuia	2493629	G	755	0	755	0.00001
Candidatus Pelagibacter	198251	G	418	0	418	0.00000
Candidatus Fonsibacter	2045213	G	19	0	19	0.00000
Hyphococcus	2038635	G	254	1	255	0.00000
Aquisalinus	1795639	G	121	1	122	0.00000
Parvularcula	208215	G	41	0	41	0.00000
Gimibacter	3058346	G	202	0	202	0.00000
Temperatibacter	1549129	G	46	0	46	0.00000
Kordiimonas	288021	G	95	0	95	0.00000
Candidatus Puniceispirillum	767891	G	95	0	95	0.00000
Candidatus Ponderosibacter	3457287	G	27	0	27	0.00000
Sneathiella	510690	G	32	3	35	0.00000
Acidithiobacillus	119977	G	954	1	955	0.00001
Thermithiobacillus	119979	G	29	0	29	0.00000
Hydrogenophilus	70774	G	416	0	416	0.00000
Mariprofundus	377315	G	14	0	14	0.00000
Sphingobacterium	28453	G	6727016	12055	6739071	0.04987
Pedobacter	84567	G	37837	56	37893	0.00028
Mucilaginibacter	423349	G	8476	12	8488	0.00006
Olivibacter	376469	G	494	1	495	0.00000
Pseudopedobacter	1649482	G	474	3	477	0.00000
Solitalea	929509	G	340	0	340	0.00000
Anseongella	1773450	G	130	0	130	0.00000
Arcticibacter	1288026	G	117	0	117	0.00000
Aurantibacillus	3088889	G	55	0	55	0.00000
Flavobacterium	237	G	888411	5779	894190	0.00662
Polaribacter	52959	G	2144	51	2195	0.00002
Maribacter	252356	G	1885	22	1907	0.00001
Myroides	76831	G	1701	34	1735	0.00001
Tenacibaculum	104267	G	1596	38	1634	0.00001
Galbibacter	379068	G	1305	53	1358	0.00001
Winogradskyella	286104	G	1057	38	1095	0.00001
Aquimarina	290174	G	880	9	889	0.00001
Flagellimonas	444459	G	876	18	894	0.00001
Capnocytophaga	1016	G	805	3	808	0.00001
Christiangramia	292691	G	668	9	677	0.00001
Paenimyroides	3085669	G	605	55	660	0.00000
Mariniflexile	527198	G	577	6	583	0.00000
Nonlabens	363408	G	512	7	519	0.00000
Kordia	221065	G	493	4	497	0.00000
Algibacter	261827	G	484	13	497	0.00000
Formosa	225842	G	480	10	490	0.00000
Zobellia	112040	G	456	4	460	0.00000
Leeuwenhoekiella	283735	G	441	22	463	0.00000
Olleya	336276	G	387	29	416	0.00000
Flavivirga	1209327	G	382	2	384	0.00000
Wenyingzhuangia	1518147	G	349	6	355	0.00000
Cellulophaga	104264	G	338	6	344	0.00000
Zunongwangia	417127	G	309	39	348	0.00000
Lacinutrix	291183	G	302	12	314	0.00000
Mesoflavibacter	444051	G	293	2	295	0.00000
Aequorivita	153265	G	289	4	293	0.00000
Salegentibacter	143222	G	259	33	292	0.00000
Pontimicrobium	2918913	G	257	5	262	0.00000
Hwangdonia	1649460	G	251	8	259	0.00000
Aureibaculum	2706948	G	213	3	216	0.00000
Psychroserpens	49277	G	193	9	202	0.00000
Seonamhaeicola	1649495	G	192	2	194	0.00000
Mangrovimonas	1211036	G	163	3	166	0.00000
Antarcticibacterium	2058174	G	148	2	150	0.00000
Lutibacter	358023	G	147	0	147	0.00000
Dokdonia	326319	G	137	2	139	0.00000
Bizionia	283785	G	136	4	140	0.00000
Aestuariibaculum	1386924	G	127	1	128	0.00000
Psychroflexus	83612	G	122	1	123	0.00000
Euzebyella	1287916	G	119	10	129	0.00000
Arenibacter	178469	G	117	6	123	0.00000
Allomuricauda	111500	G	117	1	118	0.00000
Imtechella	1165076	G	101	0	101	0.00000
Rasiella	2987594	G	94	1	95	0.00000
Salinimicrobium	561367	G	93	1	94	0.00000
Robiginitalea	252306	G	88	0	88	0.00000
Amniculibacterium	2715289	G	86	3	89	0.00000
Gilvibacter	379070	G	83	2	85	0.00000
Gillisia	244698	G	83	6	89	0.00000
Daejeonia	2027867	G	80	2	82	0.00000
Changchengzhania	2049301	G	70	0	70	0.00000
Ulvibacterium	2665910	G	69	0	69	0.00000
Tamlana	393005	G	68	7	75	0.00000
Pukyongia	2831916	G	66	1	67	0.00000
Pseudalgibacter	2861660	G	65	1	66	0.00000
Candidatus Arcticimaribacter	2953860	G	64	0	64	0.00000
Candidatus Marifrigoribacter	3457289	G	61	1	62	0.00000
Sinomicrobium	1434045	G	59	0	59	0.00000
Zhouia	561555	G	59	2	61	0.00000
Aggregatimonas	2913017	G	51	0	51	0.00000
Patiriisocius	2822394	G	48	1	49	0.00000
Yeosuana	288018	G	47	0	47	0.00000
Vaginella	1935184	G	45	1	46	0.00000
Constantimarinum	2907134	G	44	0	44	0.00000
Thalassobellus	3400333	G	42	0	42	0.00000
Abyssalbus	2967089	G	42	0	42	0.00000
Allotamlana	3400365	G	40	0	40	0.00000
Pseudotamlana	3400368	G	37	3	40	0.00000
Croceiramulus	3568316	G	33	0	33	0.00000
Muriicola	762641	G	33	0	33	0.00000
Flaviramulus	369400	G	29	0	29	0.00000
Siansivirga	1204360	G	23	0	23	0.00000
Marixanthomonas	387658	G	23	1	24	0.00000
Sediminicola	389486	G	22	0	22	0.00000
Costertonia	343334	G	21	1	22	0.00000
Croceibacter	216431	G	21	0	21	0.00000
Aegicerativicinus	2893197	G	20	0	20	0.00000
Urechidicola	2700084	G	18	1	19	0.00000
Lutimonas	449810	G	17	0	17	0.00000
Oceanihabitans	2045416	G	16	0	16	0.00000
Empedobacter	59734	G	117456	1906	119362	0.00088
Chryseobacterium	59732	G	23769	221	23990	0.00018
Kaistella	2782231	G	700	5	705	0.00001
Epilithonimonas	2782229	G	292	26	318	0.00000
Elizabethkingia	308865	G	2897	194	3091	0.00002
Cloacibacterium	501783	G	448	18	466	0.00000
Riemerella	34084	G	397	3	400	0.00000
Faecalibacter	2766734	G	204	1	205	0.00000
Apibacter	1778601	G	116	0	116	0.00000
Ornithobacterium	28250	G	89	0	89	0.00000
Bergeyella	59735	G	88	0	88	0.00000
Marnyiella	3088764	G	69	0	69	0.00000
Cruoricaptor	1433995	G	22	0	22	0.00000
Weeksella	1013	G	19	0	19	0.00000
Fluviicola	332102	G	22335	25	22360	0.00017
Paracrocinitomix	3024544	G	126	0	126	0.00000
Blattabacterium	34098	G	203	0	203	0.00000
Croceimicrobium	2828338	G	121	0	121	0.00000
Owenweeksia	267986	G	79	0	79	0.00000
Candidatus Karelsulcia	336809	G	70	0	70	0.00000
Parvicella	2975260	G	41	0	41	0.00000
Sanyastnella	3228946	G	36	0	36	0.00000
Dyadobacter	120831	G	31465	426	31891	0.00024
Larkinella	332157	G	1514	87	1601	0.00001
Runella	105	G	540	0	540	0.00000
Fibrella	861914	G	235	15	250	0.00000
Hymenobacter	89966	G	9279	39	9318	0.00007
Rufibacter	1379908	G	1435	23	1458	0.00001
Pontibacter	323449	G	1100	9	1109	0.00001
Adhaeribacter	299566	G	201	1	202	0.00000
Nibribacter	1649474	G	32	1	33	0.00000
Spirosoma	107	G	2296	8	2304	0.00002
Cytophaga	978	G	99	1	100	0.00000
Algoriphagus	246875	G	866	46	912	0.00001
Echinicola	390846	G	425	32	457	0.00000
Cyclobacterium	68288	G	147	8	155	0.00000
Belliella	232244	G	133	8	141	0.00000
Aquiflexum	280472	G	110	2	112	0.00000
Mongoliitalea	1511649	G	42	0	42	0.00000
Fulvitalea	1434007	G	909	20	929	0.00001
Persicobacter	59740	G	86	2	88	0.00000
Aureibacter	1097443	G	71	1	72	0.00000
Fulvivirga	396811	G	936	35	971	0.00001
Chryseolinea	1433993	G	76	0	76	0.00000
Emticicia	312278	G	269	0	269	0.00000
Marinilongibacter	2975149	G	138	0	138	0.00000
Leadbetterella	319458	G	123	2	125	0.00000
Arcticibacterium	2173039	G	96	1	97	0.00000
Jiulongibacter	2031119	G	88	2	90	0.00000
Bernardetia	1937972	G	476	0	476	0.00000
Flammeovirga	59739	G	240	10	250	0.00000
Chondrinema	3051458	G	113	8	121	0.00000
Imperialibacter	1649461	G	80	4	84	0.00000
Marivirga	869806	G	379	51	430	0.00000
Ekhidna	447678	G	243	9	252	0.00000
Reichenbachiella	156993	G	89	1	90	0.00000
Catalinimonas	1522128	G	145	0	145	0.00000
Porifericola	1001222	G	55	0	55	0.00000
Tunicatimonas	1077254	G	51	0	51	0.00000
Roseivirga	290180	G	135	5	140	0.00000
Mangrovivirga	2858886	G	121	0	121	0.00000
Rhodocytophaga	455076	G	110	0	110	0.00000
Aquirufa	2676247	G	106	0	106	0.00000
Candidatus Cardinium	273135	G	47	0	47	0.00000
Alistipes	239759	G	3853	107	3960	0.00003
Acetobacteroides	1647173	G	101	1	102	0.00000
Bacteroides	816	G	2648	167	2815	0.00002
Phocaeicola	909656	G	112	12	124	0.00000
Muribaculum	1918540	G	2202	12	2214	0.00002
Duncaniella	2518495	G	27	0	27	0.00000
Paramuribaculum	2518497	G	16	0	16	0.00000
Sodaliphilus	2815786	G	11	0	11	0.00000
Parabacteroides	375288	G	2061	107	2168	0.00002
Tannerella	195950	G	45	0	45	0.00000
Prevotella	838	G	1014	20	1034	0.00001
Segatella	2974251	G	182	4	186	0.00000
Hoylesella	2974257	G	55	15	70	0.00000
Pseudoprevotella	2884814	G	45	0	45	0.00000
Paraprevotella	577309	G	28	0	28	0.00000
Proteiniphilum	294702	G	330	12	342	0.00000
Petrimonas	307628	G	249	14	263	0.00000
Indolivaga	3680098	G	99	1	100	0.00000
Dysgonomonas	156973	G	71	0	71	0.00000
Limibacterium	3404873	G	23	0	23	0.00000
Porphyromonas	836	G	159	4	163	0.00000
Macellibacteroides	1159323	G	72	1	73	0.00000
Butyricimonas	574697	G	130	4	134	0.00000
Odoribacter	283168	G	68	2	70	0.00000
Coprobacter	1348911	G	98	7	105	0.00000
Barnesiella	397864	G	57	2	59	0.00000
Candidatus Azobacteroides	511434	G	95	0	95	0.00000
Paludibacter	346096	G	57	0	57	0.00000
Salinivirga	1970191	G	27	0	27	0.00000
Tenuifilum	2760873	G	14	0	14	0.00000
Draconibacterium	1471399	G	490	2	492	0.00000
Aquipluma	2792393	G	132	0	132	0.00000
Maribellus	2678352	G	100	0	100	0.00000
Halosquirtibacter	3374594	G	69	2	71	0.00000
Mangrovibacterium	1573808	G	36	0	36	0.00000
Gaoshiqia	3045890	G	27	0	27	0.00000
Marinifilum	866673	G	351	13	364	0.00000
Labilibaculum	2060722	G	200	5	205	0.00000
Alkalitalea	1193324	G	70	0	70	0.00000
Xiashengella	3129724	G	34	19	53	0.00000
Chitinophaga	79328	G	2344	37	2381	0.00002
Arachidicoccus	1769012	G	880	19	899	0.00001
Paraflavitalea	2698688	G	390	13	403	0.00000
Niabella	379899	G	340	15	355	0.00000
Niastella	354354	G	207	12	219	0.00000
Flavihumibacter	1004301	G	168	2	170	0.00000
Sediminibacterium	504481	G	143	5	148	0.00000
Flavisolibacter	398041	G	140	8	148	0.00000
Rhizosphaericola	3114547	G	121	4	125	0.00000
Ferruginibacter	1004303	G	111	2	113	0.00000
Filimonas	649460	G	104	3	107	0.00000
Lacibacter	649461	G	103	2	105	0.00000
Pseudobacter	1860196	G	98	6	104	0.00000
Phnomibacter	2836216	G	98	5	103	0.00000
Thermoflavifilum	1649506	G	86	0	86	0.00000
Panacibacter	1874621	G	84	0	84	0.00000
Puia	2045098	G	81	2	83	0.00000
Pseudocnuella	2812019	G	78	4	82	0.00000
Mycovorax	3389990	G	61	4	65	0.00000
Aureispira	365032	G	113	0	113	0.00000
Saprospira	1007	G	24	0	24	0.00000
Haliscomenobacter	2349	G	69	0	69	0.00000
Phaeodactylibacter	1564515	G	66	0	66	0.00000
Neolewinella	2993541	G	56	2	58	0.00000
Lewinella	70994	G	17	0	17	0.00000
Candidatus Sulfidibacterium	2923290	G	33	0	33	0.00000
Rubrivirga	1434037	G	2191	1	2192	0.00002
Rhodothermus	29548	G	127	0	127	0.00000
Rhodocaloribacter	2893090	G	41	0	41	0.00000
Salinibacter	146918	G	94	0	94	0.00000
Chlorobaculum	256319	G	462	1	463	0.00000
Pelodictyon	1099	G	138	1	139	0.00000
Prosthecochloris	1101	G	85	0	85	0.00000
Chloroherpeton	100715	G	13	0	13	0.00000
Ignavibacterium	795750	G	87	0	87	0.00000
Melioribacter	1134403	G	19	0	19	0.00000
Gracilimonas	649462	G	50	0	50	0.00000
Cyclonatronum	2489367	G	28	0	28	0.00000
Gemmatirosa	1706036	G	632	2	634	0.00000
Gemmatimonas	173479	G	154	0	154	0.00000
Pseudogemmatithrix	3237678	G	19	0	19	0.00000
Candidatus Palauibacter	3056650	G	803	0	803	0.00001
Gaopeijia	3381669	G	377	0	377	0.00000
Candidatus Cloacimonas	456826	G	79	0	79	0.00000
Fibrobacter	832	G	23	0	23	0.00000
Urbifossiella	2807415	G	24490	897	25387	0.00019
Gemmata	113	G	2385	502	2887	0.00002
Limnoglobus	2731450	G	2194	238	2432	0.00002
Frigoriglobus	2774146	G	1282	265	1547	0.00001
Tuwongella	2051044	G	569	40	609	0.00000
Telmatocola	1382832	G	11	0	11	0.00000
Stieleria	2795973	G	1739	18	1757	0.00001
Roseimaritima	1579506	G	1480	1	1481	0.00001
Rubripirellula	1579505	G	1170	15	1185	0.00001
Pirellula	123	G	322	0	322	0.00000
Rosistilla	2795779	G	280	0	280	0.00000
Blastopirellula	265487	G	135	0	135	0.00000
Novipirellula	2795426	G	99	0	99	0.00000
Bremerella	2714594	G	80	0	80	0.00000
Anatilimnocola	2807414	G	77	0	77	0.00000
Rhodopirellula	265488	G	71	0	71	0.00000
Lignipirellula	2795775	G	55	0	55	0.00000
Aureliella	2795605	G	32	0	32	0.00000
Roseiconus	2814446	G	13	14	27	0.00000
Mariniblastus	2005380	G	10	0	10	0.00000
Botrimarina	2795782	G	895	5	900	0.00001
Lacipirellula	2691417	G	120	0	120	0.00000
Aeoliella	2795781	G	91	0	91	0.00000
Pirellulimonas	2795783	G	62	0	62	0.00000
Bythopirellula	1400386	G	21	0	21	0.00000
Adhaeretor	2862451	G	11	0	11	0.00000
Maioricimonas	2795777	G	818	10	828	0.00001
Crateriforma	2714592	G	739	17	756	0.00001
Planctomyces	118	G	718	6	724	0.00001
Gimesia	1649453	G	447	1	448	0.00000
Symmachiella	2795780	G	432	2	434	0.00000
Schlesneria	656899	G	230	0	230	0.00000
Planctomicrobium	1779141	G	90	0	90	0.00000
Alienimonas	2714737	G	71	0	71	0.00000
Caulifigura	2795778	G	62	0	62	0.00000
Planctellipticum	3132181	G	51	0	51	0.00000
Lacunimicrobium	3473513	G	35	0	35	0.00000
Rubinisphaera	1649490	G	32	0	32	0.00000
Calycomorphotria	2795776	G	17	0	17	0.00000
Fuerstiella	1936111	G	16	0	16	0.00000
Planctopirus	1649480	G	14	0	14	0.00000
Stratiformator	3076095	G	10	0	10	0.00000
Tundrisphaera	2029859	G	1654	41	1695	0.00001
Tautonia	2680020	G	685	2	687	0.00001
Singulisphaera	466152	G	678	5	683	0.00001
Aquisphaera	1511635	G	594	10	604	0.00000
Paludisphaera	1763521	G	48	1	49	0.00000
Isosphaera	127	G	15	0	15	0.00000
Engelhardtia	3405233	G	2524	12	2536	0.00002
Saltatorellus	3405235	G	134	1	135	0.00000
Rohdeia	3405237	G	111	0	111	0.00000
Kolteria	3405236	G	165	0	165	0.00000
Humisphaera	2807511	G	1546	0	1546	0.00001
Fontivita	2989683	G	114	0	114	0.00000
Mucisphaera	2913022	G	469	0	469	0.00000
Phycisphaera	666508	G	166	0	166	0.00000
Poriferisphaera	2803301	G	14	0	14	0.00000
Sedimentisphaera	2483368	G	141	7	148	0.00000
Anaerohalosphaera	2690159	G	77	0	77	0.00000
Candidatus Uabimicrobium	2897349	G	45	0	45	0.00000
Candidatus Kuenenia	380738	G	27	0	27	0.00000
Luteolibacter	518753	G	5395	18	5413	0.00004
Sulfuriroseicoccus	2911469	G	358	3	361	0.00000
Verrucomicrobium	2735	G	153	0	153	0.00000
Haloferula	574899	G	117	0	117	0.00000
Oceaniferula	2886881	G	52	0	52	0.00000
Roseimicrobium	1348508	G	45	0	45	0.00000
Roseibacillus	518755	G	20	0	20	0.00000
Akkermansia	239934	G	1589	7	1596	0.00001
Fontisphaera	3050007	G	14	0	14	0.00000
Termitidicoccus	3126963	G	985	8	993	0.00001
Opitutus	178440	G	431	3	434	0.00000
Lotipaludicoccus	3685778	G	121	2	123	0.00000
Synoicihabitans	2892920	G	76	0	76	0.00000
Horticoccus	2986286	G	76	0	76	0.00000
Actomonas	3138693	G	44	0	44	0.00000
Lacunisphaera	1961799	G	43	0	43	0.00000
Oleiharenicola	2100741	G	39	0	39	0.00000
Ereboglobus	2028344	G	29	0	29	0.00000
Nibricoccus	2576890	G	23	0	23	0.00000
Congregicoccus	3458163	G	37	0	37	0.00000
Coraliomargarita	442430	G	1545	4	1549	0.00001
Rubellicoccus	3138622	G	74	0	74	0.00000
Ruficoccus	2175957	G	19	0	19	0.00000
Candidatus Pelagisphaera	3049269	G	56	0	56	0.00000
Methylacidimicrobium	1541670	G	373	2	375	0.00000
Methylacidiphilum (ex Ratnadevi et al. 2023)	511745	G	73	0	73	0.00000
Kiritimatiella	1921784	G	989	49	1038	0.00001
Tichowtungia	2907187	G	15	0	15	0.00000
Neochlamydia	112987	G	37	0	37	0.00000
Parachlamydia	83551	G	21	0	21	0.00000
Candidatus Protochlamydia	282132	G	12	0	12	0.00000
Candidatus Rhabdochlamydia	292833	G	14	13	27	0.00000
Chlamydia	810	G	58	3	61	0.00000
Lentisphaera	256846	G	16	0	16	0.00000
Myxococcus	32	G	7918	494	8412	0.00006
Corallococcus	83461	G	5967	585	6552	0.00005
Pseudomyxococcus	3434272	G	596	65	661	0.00000
Pyxidicoccus	224458	G	177	4	181	0.00000
Archangium	47	G	5501	302	5803	0.00004
Cystobacter	42	G	1646	308	1954	0.00001
Melittangium	44	G	634	78	712	0.00001
Stigmatella	40	G	514	32	546	0.00000
Anaeromyxobacter	161492	G	4318	88	4406	0.00003
Vulgatibacter	1524214	G	39	0	39	0.00000
Pendulispora	3375062	G	3585	10	3595	0.00003
Sorangium	39643	G	20075	224	20299	0.00015
Polyangium	55	G	995	19	1014	0.00001
Chondromyces	50	G	59	0	59	0.00000
Sandaracinus	1055688	G	2028	10	2038	0.00002
Labilithrix	1524217	G	104	0	104	0.00000
Nannocystis	53	G	2402	7	2409	0.00002
Haliangium	162027	G	658	5	663	0.00000
Solidesulfovibrio	2910984	G	3982	7	3989	0.00003
Pseudodesulfovibrio	2035811	G	1916	16	1932	0.00001
Desulfovibrio	872	G	1112	2	1114	0.00001
Oceanidesulfovibrio	2905722	G	726	0	726	0.00001
Salidesulfovibrio	2950010	G	525	4	529	0.00000
Megalodesulfovibrio	2910978	G	452	0	452	0.00000
Desulfolutivibrio	2773294	G	349	2	351	0.00000
Maridesulfovibrio	2794998	G	303	1	304	0.00000
Nitratidesulfovibrio	2802295	G	274	0	274	0.00000
Oleidesulfovibrio	2909705	G	95	10	105	0.00000
Halodesulfovibrio	1912771	G	55	0	55	0.00000
Desulfobaculum	1433996	G	25	0	25	0.00000
Bilophila	35832	G	14	0	14	0.00000
Mailhella	1981028	G	14	0	14	0.00000
Desulfocurvibacter	2582840	G	13	0	13	0.00000
Taurinivorans	3126915	G	10	0	10	0.00000
Desulfomicrobium	898	G	1469	1	1470	0.00001
Thermodesulfomicrobium	2905949	G	10	0	10	0.00000
Trichlorobacter	115782	G	1127	11	1138	0.00001
Geomonas	2651583	G	881	14	895	0.00001
Geobacter	28231	G	518	4	522	0.00000
Geotalea	2910589	G	43	0	43	0.00000
Citrifermentans	2883512	G	37	1	38	0.00000
Geoalkalibacter	392332	G	543	12	555	0.00000
Desulfuromonas	890	G	331	0	331	0.00000
Syntrophotalea	2812025	G	58	0	58	0.00000
Desulfofustis	51194	G	1034	0	1034	0.00001
Desulforhopalus	40413	G	129	0	129	0.00000
Desulfosediminicola	2886823	G	25	0	25	0.00000
Desulfopila	429014	G	16	0	16	0.00000
Desulfocapsa	53318	G	13	0	13	0.00000
Desulfotalea	109168	G	12	0	12	0.00000
Desulfurivibrio	427922	G	250	0	250	0.00000
Desulfobulbus	893	G	238	3	241	0.00000
Desulfolithobacter	3003266	G	126	0	126	0.00000
Desulfococcus	896	G	668	1	669	0.00000
Desulfonema	45654	G	147	0	147	0.00000
Desulfobacter	2289	G	214	0	214	0.00000
Desulfobacula	28222	G	22	0	22	0.00000
Desulforapulum	2904687	G	11	0	11	0.00000
Desulfosarcina	2299	G	241	0	241	0.00000
Desulfatibacillum	218207	G	36	0	36	0.00000
Desulfosudis	2904716	G	33	0	33	0.00000
Desulfoluna	497721	G	12	0	12	0.00000
Syntrophobacter	29526	G	382	3	385	0.00000
Desulfoglaeba	361106	G	15	0	15	0.00000
Candidatus Desulfofervidus	1902583	G	85	0	85	0.00000
Thermodesulfobacterium	1740	G	49	0	49	0.00000
Desulfarculus	453229	G	29	0	29	0.00000
Desulfoferula	3093638	G	23	0	23	0.00000
Desulfomonile	2357	G	14	0	14	0.00000
Syntrophus	43773	G	13	0	13	0.00000
Geothrix	44675	G	2343	746	3089	0.00002
Mesoterricola	3074468	G	433	181	614	0.00000
Sulfidibacter	2915177	G	455	0	455	0.00000
Acanthopleuribacter	442869	G	50	0	50	0.00000
Terriglobus	392733	G	1198	5	1203	0.00001
Edaphobacter	388463	G	237	1	238	0.00000
Silvibacterium	1775468	G	173	0	173	0.00000
Tunturiibacter	3154218	G	125	0	125	0.00000
Granulicella	940557	G	113	0	113	0.00000
Acidobacterium	33973	G	99	0	99	0.00000
Telmatobacter	1078829	G	40	0	40	0.00000
Acidisarcina	2608728	G	21	0	21	0.00000
Occallatibacter	1742983	G	13	0	13	0.00000
Alloacidobacterium	2951993	G	10	0	10	0.00000
Candidatus Korobacter	658061	G	47	0	47	0.00000
Paludibaculum	1649475	G	58	0	58	0.00000
Luteitalea	2004797	G	2082	1	2083	0.00002
Chloracidobacterium	458032	G	99	0	99	0.00000
Aliarcobacter	2321111	G	495	75	570	0.00000
Arcobacter	28196	G	481	76	557	0.00000
Halarcobacter	2321115	G	217	6	223	0.00000
Malaciobacter	2321114	G	196	7	203	0.00000
Poseidonibacter	2321187	G	94	24	118	0.00000
Candidatus Marinarcus	2321204	G	56	2	58	0.00000
Campylobacter	194	G	1383	16	1399	0.00001
Sulfurimonas	202746	G	761	62	823	0.00001
Sulfuricurvum	286130	G	51	0	51	0.00000
Sulfonitrofixus	3451668	G	21	0	21	0.00000
Thiomicrolovo	3451667	G	16	0	16	0.00000
Helicobacter	209	G	476	64	540	0.00000
Sulfurospirillum	57665	G	250	0	250	0.00000
Sulfurovum	265570	G	122	0	122	0.00000
Hydrogenimonas	223785	G	54	1	55	0.00000
Nitratiruptor	269258	G	200	0	200	0.00000
Nitrosophilus	2795692	G	50	0	50	0.00000
Caminibacter	191301	G	22	0	22	0.00000
Nautilia	191291	G	10	0	10	0.00000
Hippea	84404	G	20	0	20	0.00000
Spirochaeta	146	G	1577	0	1577	0.00001
Entomospira	2834378	G	113	0	113	0.00000
Oceanispirochaeta	2035349	G	51	0	51	0.00000
Sediminispirochaeta	1911556	G	29	4	33	0.00000
Candidatus Haliotispira	3115661	G	19	0	19	0.00000
Thiospirochaeta	2792240	G	11	0	11	0.00000
Treponema	157	G	890	13	903	0.00001
Brucepastera	2967962	G	29	0	29	0.00000
Borrelia	138	G	267	3	270	0.00000
Borreliella	64895	G	219	7	226	0.00000
Sphaerochaeta	399320	G	67	5	72	0.00000
Parasphaerochaeta	3062336	G	46	0	46	0.00000
Gracilinema	2951106	G	48	3	51	0.00000
Brachyspira	29521	G	477	1	478	0.00000
Leptospira	171	G	400	0	400	0.00000
Turneriella	338321	G	16	0	16	0.00000
Nitrospira	1234	G	1716	2	1718	0.00001
Leptospirillum	179	G	14	0	14	0.00000
Thermodesulfovibrio	28261	G	51	0	51	0.00000
Dissulfurispira	2811506	G	28	0	28	0.00000
Bdellovibrio	958	G	947	0	947	0.00001
Pseudobdellovibrio	2862745	G	39	0	39	0.00000
Micavibrio	213485	G	20	0	20	0.00000
Pigmentibacter	2838409	G	58	0	58	0.00000
Silvanigrella	2024975	G	33	0	33	0.00000
Fluviispira	2698753	G	13	0	13	0.00000
Spirobacillus	495819	G	33	0	33	0.00000
Peredibacter	263370	G	30	0	30	0.00000
Bacteriovorax	146784	G	18	0	18	0.00000
Halobacteriovorax	1652133	G	47	0	47	0.00000
Sulfurihydrogenibium	212790	G	137	0	137	0.00000
Hydrogenobaculum	168657	G	38	0	38	0.00000
Pampinifervens	3453421	G	21	5	26	0.00000
Desulfurobacterium	64159	G	11	1	12	0.00000
Mucispirillum	248038	G	57	0	57	0.00000
Flexistipes	2351	G	37	0	37	0.00000
Calditerrivibrio	545865	G	23	0	23	0.00000
Deferribacter	53572	G	11	0	11	0.00000
Dictyoglomus	13	G	99	0	99	0.00000
Thermomicrobium	499	G	79	0	79	0.00000
Sphaerobacter	2056	G	14	0	14	0.00000
Nitrospina	35800	G	63	0	63	0.00000
Coprothermobacter	68335	G	56	0	56	0.00000
Candidatus Caldatribacterium	1454725	G	24	0	24	0.00000
Atribacter	2847777	G	11	0	11	0.00000
Elusimicrobium	423604	G	23	0	23	0.00000
Caldithrix	187144	G	29	0	29	0.00000
Desulfurispirillum	393029	G	18	0	18	0.00000
Thermodesulfobium	227388	G	15	0	15	0.00000
Microbacterium	33882	G	787439	53182	840621	0.00622
Leucobacter	55968	G	14711	1098	15809	0.00012
Curtobacterium	2034	G	11565	517	12082	0.00009
Agromyces	33877	G	7394	411	7805	0.00006
Leifsonia	110932	G	6316	435	6751	0.00005
Clavibacter	1573	G	6074	391	6465	0.00005
Rathayibacter	33886	G	3794	134	3928	0.00003
Agrococcus	46352	G	3697	545	4242	0.00003
Salinibacterium	235888	G	2367	46	2413	0.00002
Microcella	337004	G	2353	149	2502	0.00002
Cryobacterium	69578	G	2207	64	2271	0.00002
Plantibacter	190323	G	1420	32	1452	0.00001
Frondihabitans	447237	G	1389	43	1432	0.00001
Marisediminicola	1230698	G	1349	43	1392	0.00001
Homoserinibacter	1649457	G	1049	63	1112	0.00001
Frigoribacterium	96492	G	959	29	988	0.00001
Herbiconiux	881616	G	814	35	849	0.00001
Mycetocola	76634	G	690	20	710	0.00001
Lacisediminihabitans	2740558	G	675	13	688	0.00001
Microterricola	518733	G	476	22	498	0.00000
Protaetiibacter	2680004	G	472	33	505	0.00000
Paramicrobacterium	3110364	G	375	12	387	0.00000
Gulosibacter	256818	G	374	55	429	0.00000
Orlajensenia	3440766	G	356	16	372	0.00000
Glaciihabitans	1649454	G	324	6	330	0.00000
Rhodoluna	529883	G	230	3	233	0.00000
Aquiluna	529881	G	70	0	70	0.00000
Cnuibacter	1759331	G	293	18	311	0.00000
Humibacter	427753	G	252	37	289	0.00000
Subtercola	120212	G	201	3	204	0.00000
Aurantimicrobium	1705353	G	169	2	171	0.00000
Gryllotalpicola	1195526	G	168	6	174	0.00000
Okibacterium	196084	G	132	7	139	0.00000
Homoserinimonas	1434009	G	122	3	125	0.00000
Ruicaihuangia	3137419	G	121	5	126	0.00000
Naasia	1434022	G	116	5	121	0.00000
Diaminobutyricimonas	1433997	G	116	3	119	0.00000
Antiquaquibacter	3108736	G	113	1	114	0.00000
Agreia	110934	G	108	3	111	0.00000
Humidisolicoccus	3425211	G	80	2	82	0.00000
Lysinibacter	1857011	G	32	0	32	0.00000
Pontimonas	1434032	G	18	0	18	0.00000
Arthrobacter	1663	G	14897	1110	16007	0.00012
Pseudarthrobacter	1742993	G	5583	539	6122	0.00005
Kocuria	57493	G	3673	567	4240	0.00003
Sinomonas	596707	G	3345	150	3495	0.00003
Glutamicibacter	1742989	G	3197	350	3547	0.00003
Paenarthrobacter	1742992	G	1822	158	1980	0.00001
Citricoccus	169133	G	1684	228	1912	0.00001
Rothia	32207	G	1644	506	2150	0.00002
Micrococcus	1269	G	1530	669	2199	0.00002
Pseudoglutamicibacter	1742991	G	324	410	734	0.00001
Auritidibacter	1160973	G	112	4	116	0.00000
Crystallibacter	3456524	G	104	6	110	0.00000
Zhihengliuella	370735	G	102	27	129	0.00000
Nesterenkonia	57494	G	62	0	62	0.00000
Psychromicrobium	2078575	G	51	1	52	0.00000
Neomicrococcus	1868332	G	50	6	56	0.00000
Renibacterium	1645	G	47	1	48	0.00000
Paeniglutamicibacter	1742990	G	37	2	39	0.00000
Cellulomonas	1707	G	26983	3264	30247	0.00022
Paraoerskovia	665568	G	1873	202	2075	0.00002
Oerskovia	162491	G	1584	246	1830	0.00001
Actinotalea	458839	G	401	88	489	0.00000
Pseudactinotalea	1926259	G	316	10	326	0.00000
Sanguibacter	60919	G	21566	1693	23259	0.00017
Cellulosimicrobium	157920	G	7795	1305	9100	0.00007
Isoptericola	254250	G	5563	1778	7341	0.00005
Promicromonospora	43676	G	4001	110	4111	0.00003
Xylanimonas	186188	G	2892	318	3210	0.00002
Brachybacterium	43668	G	8847	576	9423	0.00007
Dermabacter	36739	G	145	138	283	0.00000
Devriesea	472568	G	54	0	54	0.00000
Helcobacillus	1161125	G	44	4	48	0.00000
Janibacter	53457	G	3217	384	3601	0.00003
Arsenicicoccus	267408	G	1538	148	1686	0.00001
Phycicoccus	367298	G	837	107	944	0.00001
Terrabacter	53355	G	594	60	654	0.00000
Pedococcus	2805645	G	401	34	435	0.00000
Intrasporangium	53357	G	324	18	342	0.00000
Knoellia	136099	G	210	12	222	0.00000
Humibacillus	556178	G	187	13	200	0.00000
Oryzobacter	1849973	G	182	19	201	0.00000
Nostocoides	99479	G	55	4	59	0.00000
Brevibacterium	1696	G	6754	1813	8567	0.00006
Saxibacter	3162691	G	39	0	39	0.00000
Pengzhenrongella	2888818	G	3323	208	3531	0.00003
Luteimicrobium	754249	G	873	81	954	0.00001
Timonella	1465824	G	50	3	53	0.00000
Ornithinimicrobium	125287	G	2946	175	3121	0.00002
Serinicoccus	265976	G	1069	91	1160	0.00001
Luteipulveratus	745364	G	1769	58	1827	0.00001
Barrientosiimonas	1535207	G	710	10	720	0.00001
Dermacoccus	57495	G	247	32	279	0.00000
Yimella	908935	G	58	3	61	0.00000
Allobranchiibius	2040262	G	51	2	53	0.00000
Ruania	626119	G	1238	54	1292	0.00001
Occultella	2828348	G	719	50	769	0.00001
Miniimonas	947525	G	1000	340	1340	0.00001
Beutenbergia	84756	G	427	24	451	0.00000
Demequina	577469	G	1415	52	1467	0.00001
Kytococcus	57499	G	480	76	556	0.00000
Gephyromycinifex	2885697	G	393	10	403	0.00000
Dermatophilus	1862	G	28	0	28	0.00000
Austwickia	1184606	G	27	0	27	0.00000
Jonesia	43673	G	48	3	51	0.00000
Tropheryma	2038	G	28	0	28	0.00000
Streptomyces	1883	G	466965	42673	509638	0.00377
Kitasatospora	2063	G	30476	4521	34997	0.00026
Embleya	2699295	G	4630	231	4861	0.00004
Streptacidiphilus	228398	G	2849	302	3151	0.00002
Actinacidiphila	2995702	G	2265	320	2585	0.00002
Peterkaempfera	2995704	G	2044	219	2263	0.00002
Yinghuangia	2805681	G	1899	121	2020	0.00001
Streptantibioticus	2995706	G	143	16	159	0.00000
Carbonactinospora	2864378	G	201	11	212	0.00000
Rhodococcus	1827	G	156268	13003	169271	0.00125
Prescottella	2979332	G	81286	8711	89997	0.00067
Nocardia	1817	G	30742	1238	31980	0.00024
Rhodococcoides	3259750	G	564	142	706	0.00001
Williamsia	85043	G	86	3	89	0.00000
Mycobacterium	1763	G	39465	3770	43235	0.00032
Mycolicibacterium	1866885	G	34721	4712	39433	0.00029
Mycobacteroides	670516	G	6563	855	7418	0.00005
Mycolicibacillus	2126281	G	1773	155	1928	0.00001
Mycolicibacter	1073531	G	1326	147	1473	0.00001
Corynebacterium	1716	G	47490	8745	56235	0.00042
Gordonia	2053	G	16141	826	16967	0.00013
Skermania	59613	G	1422	25	1447	0.00001
Tsukamurella	2060	G	8751	516	9267	0.00007
Dietzia	37914	G	5320	368	5688	0.00004
Tomitella	741759	G	1168	58	1226	0.00001
Segniliparus	286801	G	180	2	182	0.00000
Hoyosella	697025	G	99	2	101	0.00000
Lawsonella	1847725	G	54	3	57	0.00000
Micromonospora	1873	G	68160	6959	75119	0.00056
Actinoplanes	1865	G	22052	1478	23530	0.00017
Dactylosporangium	35753	G	12092	676	12768	0.00009
Actinocatenispora	390988	G	3608	151	3759	0.00003
Polymorphospora	338583	G	2728	357	3085	0.00002
Phytohabitans	907364	G	2088	116	2204	0.00002
Plantactinospora	673534	G	1940	180	2120	0.00002
Couchioplanes	56433	G	1396	221	1617	0.00001
Solwaraspora	265431	G	1138	18	1156	0.00001
Catellatospora	53365	G	870	92	962	0.00001
Krasilnikovia	349312	G	173	22	195	0.00000
Longispora	203522	G	116	8	124	0.00000
Natronosporangium	2920401	G	62	1	63	0.00000
Salinispora	168694	G	36	2	38	0.00000
Amycolatopsis	1813	G	35003	2267	37270	0.00028
Pseudonocardia	1847	G	15498	1125	16623	0.00012
Saccharothrix	2071	G	9044	1206	10250	0.00008
Kutzneria	43356	G	7537	689	8226	0.00006
Saccharopolyspora	1835	G	6282	558	6840	0.00005
Lentzea	165301	G	6279	485	6764	0.00005
Actinosynnema	40566	G	3284	733	4017	0.00003
Actinokineospora	39845	G	2781	411	3192	0.00002
Actinomycetospora	402649	G	2502	172	2674	0.00002
Kibdelosporangium	2029	G	2231	112	2343	0.00002
Umezawaea	583360	G	2180	189	2369	0.00002
Saccharomonospora	1851	G	1369	139	1508	0.00001
Salinifilum	2040254	G	1310	528	1838	0.00001
Prauserella	142577	G	975	31	1006	0.00001
Actinoalloteichus	65496	G	871	22	893	0.00001
Alloactinosynnema	674734	G	763	137	900	0.00001
Allokutzneria	1137960	G	448	49	497	0.00000
Allosaccharopolyspora	2893576	G	437	56	493	0.00000
Crossiella	130795	G	430	46	476	0.00000
Nocardioides	1839	G	42780	4283	47063	0.00035
Aeromicrobium	2040	G	6417	467	6884	0.00005
Pimelobacter	2044	G	2180	725	2905	0.00002
Mumia	1546255	G	684	51	735	0.00001
Solicola	3024237	G	619	32	651	0.00000
Friedmanniella	53387	G	100	9	109	0.00000
Micropruina	116071	G	74	17	91	0.00000
Cutibacterium	1912216	G	7018	1121	8139	0.00006
Tessaracoccus	72763	G	4278	842	5120	0.00004
Propionibacterium	1743	G	3111	867	3978	0.00003
Acidipropionibacterium	1912215	G	1736	643	2379	0.00002
Propioniciclava	1085622	G	1563	743	2306	0.00002
Microlunatus	29404	G	1187	47	1234	0.00001
Raineyella	1911549	G	1000	199	1199	0.00001
Arachnia	2801844	G	312	11	323	0.00000
Brooklawnia	369926	G	231	65	296	0.00000
Propionimicrobium	203133	G	217	13	230	0.00000
Naumannella	1294511	G	101	25	126	0.00000
Auraticoccus	1278221	G	86	6	92	0.00000
Ammonicoccus	3417658	G	27	17	44	0.00000
Luteococcus	33983	G	25	1	26	0.00000
Kribbella	182639	G	10343	548	10891	0.00008
Actinopolymorpha	117156	G	1390	49	1439	0.00001
Nonomuraea	83681	G	10972	797	11769	0.00009
Streptosporangium	2000	G	10386	875	11261	0.00008
Microtetraspora	1995	G	3697	403	4100	0.00003
Microbispora	2005	G	2660	200	2860	0.00002
Sphaerimonospora	1792303	G	479	32	511	0.00000
Sphaerisporangium	321315	G	133	6	139	0.00000
Thermobispora	147067	G	78	5	83	0.00000
Actinomadura	1988	G	6390	951	7341	0.00005
Spirillospora	58122	G	5497	698	6195	0.00005
Actinoallomurus	667113	G	2919	264	3183	0.00002
Thermomonospora	2019	G	1358	182	1540	0.00001
Nocardiopsis	2013	G	4142	639	4781	0.00004
Thermobifida	83677	G	1475	57	1532	0.00001
Spiractinospora	2913367	G	96	1	97	0.00000
Streptomonospora	104204	G	87	119	206	0.00000
Geodermatophilus	1860	G	3530	397	3927	0.00003
Blastococcus	38501	G	2980	194	3174	0.00002
Modestobacter	88138	G	2627	290	2917	0.00002
Actinomyces	1654	G	5778	308	6086	0.00005
Mobiluncus	2050	G	697	89	786	0.00001
Buchananella	2767323	G	678	33	711	0.00001
Trueperella	1069494	G	601	162	763	0.00001
Schaalia	2529408	G	530	31	561	0.00000
Flaviflexus	1522056	G	153	26	179	0.00000
Scrofimicrobium	2815785	G	112	0	112	0.00000
Arcanobacterium	28263	G	108	14	122	0.00000
Actinotignum	1653174	G	95	13	108	0.00000
Changpingibacter	2912996	G	65	23	88	0.00000
Pauljensenia	2740557	G	54	16	70	0.00000
Gleimia	2692113	G	49	27	76	0.00000
Nanchangia	2888879	G	47	0	47	0.00000
Winkia	2692118	G	40	38	78	0.00000
Boudabousia	2767318	G	24	0	24	0.00000
Georgenia	154116	G	4829	1547	6376	0.00005
Pseudofrankia	2994363	G	2592	157	2749	0.00002
Frankia	1854	G	1004	61	1065	0.00001
Parafrankia	2994362	G	964	84	1048	0.00001
Protofrankia	2994361	G	55	4	59	0.00000
Jiangella	281472	G	4102	280	4382	0.00003
Bifidobacterium	1678	G	3770	117	3887	0.00003
Gardnerella	2701	G	240	12	252	0.00000
Scardovia	196081	G	28	1	29	0.00000
Alloscardovia	419014	G	18	0	18	0.00000
Parascardovia	196082	G	10	0	10	0.00000
Nakamurella	53460	G	2682	99	2781	0.00002
Jatrophihabitans	1434010	G	2073	76	2149	0.00002
Stackebrandtia	283810	G	1869	32	1901	0.00001
Natronoglycomyces	2838311	G	18	0	18	0.00000
Catenulispora	414878	G	1254	75	1329	0.00001
Kineococcus	33981	G	800	79	879	0.00001
Angustibacter	908626	G	275	18	293	0.00000
Actinopolyspora	1849	G	340	6	346	0.00000
Candidatus Planktophila	622681	G	143	1	144	0.00000
Candidatus Nanopelagicus	2039639	G	27	0	27	0.00000
Epidermidibacterium	2078948	G	59	46	105	0.00000
Bounagaea	1931219	G	48	20	68	0.00000
Acidothermus	28048	G	29	0	29	0.00000
Aquihabitans	1648491	G	3769	135	3904	0.00003
Dermatobacter	3075137	G	1530	64	1594	0.00001
Iamia	467975	G	261	8	269	0.00000
Actinomarinicola	2789775	G	93	5	98	0.00000
Actinospongiicola	3449744	G	53	0	53	0.00000
Candidatus Poriferisodalis	2983190	G	1885	5	1890	0.00001
Ilumatobacter	682522	G	731	3	734	0.00001
Salinilacustrithrix	3436875	G	611	21	632	0.00000
Candidatus Poriferisocius	2983186	G	105	0	105	0.00000
Acidimicrobium	53634	G	10	0	10	0.00000
Candidatus Spongiisocius	2983163	G	13	0	13	0.00000
Baekduia	2600304	G	1896	81	1977	0.00001
Svornostia	3231543	G	1184	33	1217	0.00001
Conexibacter	191494	G	639	27	666	0.00000
Capillimicrobium	2976759	G	514	23	537	0.00000
Paraconexibacter	2758920	G	309	7	316	0.00000
Miltoncostaea	2843200	G	902	54	956	0.00001
Thermoleophilum	192992	G	21	0	21	0.00000
Gordonibacter	644652	G	1439	869	2308	0.00002
Eggerthella	84111	G	766	16	782	0.00001
Xiamenia	2981344	G	731	2	733	0.00001
Adlercreutzia	447020	G	487	66	553	0.00000
Raoultibacter	1926677	G	436	94	530	0.00000
Berryella	2815775	G	50	44	94	0.00000
Arabiibacter	2005386	G	25	0	25	0.00000
Slackia	84108	G	18	0	18	0.00000
Coriobacterium	33870	G	358	0	358	0.00000
Enorma	1472762	G	285	3	288	0.00000
Collinsella	102106	G	70	13	83	0.00000
Fannyhessea	2767327	G	52	23	75	0.00000
Thermophilibacter	2847307	G	25	2	27	0.00000
Olsenella	133925	G	23	0	23	0.00000
Atopobium	1380	G	15	0	15	0.00000
Rubrobacter	42255	G	1663	3	1666	0.00001
Egicoccus	1755825	G	1152	37	1189	0.00001
Euzebya	908623	G	191	2	193	0.00000
Egibacter	1747770	G	136	2	138	0.00000
Paenibacillus	44249	G	722767	6430	729197	0.00540
Brevibacillus	55080	G	966	7	973	0.00001
Cohnella	329857	G	402	1	403	0.00000
Saccharibacillus	456492	G	130	0	130	0.00000
Pristimantibacillus (SeqCode)	2994560	G	98	0	98	0.00000
Aneurinibacillus	55079	G	51	0	51	0.00000
Thermobacillus	76632	G	43	0	43	0.00000
Bacillus	1386	G	11977	1111	13088	0.00010
Lysinibacillus	400634	G	2936	124	3060	0.00002
Neobacillus	2675232	G	2665	106	2771	0.00002
Niallia	2837506	G	2606	180	2786	0.00002
Peribacillus	2675229	G	2326	71	2397	0.00002
Oceanobacillus	182709	G	2157	76	2233	0.00002
Cytobacillus	2675230	G	2050	214	2264	0.00002
Priestia	2800373	G	2003	85	2088	0.00002
Heyndrickxia	2837504	G	1514	194	1708	0.00001
Metabacillus	2675233	G	1352	66	1418	0.00001
Virgibacillus	84406	G	1288	19	1307	0.00001
Caldifermentibacillus	3034001	G	1093	2364	3457	0.00003
Psychrobacillus	1221880	G	1057	31	1088	0.00001
Halobacillus	45667	G	1003	15	1018	0.00001
Rossellomorea	2837508	G	902	25	927	0.00001
Shouchella	2893057	G	881	19	900	0.00001
Sutcliffiella	2837511	G	517	15	532	0.00000
Alkalihalobacillus	2675234	G	450	12	462	0.00000
Mesobacillus	2675231	G	415	20	435	0.00000
Gracilibacillus	74385	G	410	7	417	0.00000
Terribacillus	459532	G	265	4	269	0.00000
Amphibacillus	29331	G	263	9	272	0.00000
Cerasibacillus	227864	G	250	10	260	0.00000
Pontibacillus	289201	G	245	2	247	0.00000
Evansella	2837485	G	230	4	234	0.00000
Salipaludibacillus	1884449	G	225	3	228	0.00000
Pseudobacillus	108525	G	207	22	229	0.00000
Schinkia	2837509	G	172	4	176	0.00000
Alkalihalophilus	2893060	G	165	5	170	0.00000
Fervidibacillus	3033930	G	156	4	160	0.00000
Ornithinibacillus	484508	G	154	9	163	0.00000
Lentibacillus	175304	G	149	1	150	0.00000
Salicibibacter	2685905	G	146	0	146	0.00000
Gottfriedia	2837503	G	136	3	139	0.00000
Radiobacillus	2785518	G	136	2	138	0.00000
Aeribacillus	1055323	G	135	100	235	0.00000
Anaerobacillus	704093	G	131	3	134	0.00000
Falsibacillus	1270155	G	111	3	114	0.00000
Paraliobacillus	200903	G	103	1	104	0.00000
Paenalkalicoccus	2944627	G	99	16	115	0.00000
Lederbergia	2804231	G	98	1	99	0.00000
Robertmurraya	2837507	G	89	4	93	0.00000
Allobacillus	1400133	G	85	1	86	0.00000
Caldibacillus	1276290	G	82	895	977	0.00001
Siminovitchia	2837510	G	78	1	79	0.00000
Mangrovibacillus	2920444	G	72	2	74	0.00000
Alkalibacillus	331654	G	65	0	65	0.00000
Domibacillus	1433999	G	64	2	66	0.00000
Pradoshia	2651279	G	63	2	65	0.00000
Salisediminibacterium	1434042	G	60	0	60	0.00000
Halalkalibacter	2893056	G	58	4	62	0.00000
Alkalicoccus	2005375	G	53	0	53	0.00000
Sediminibacillus	482460	G	50	1	51	0.00000
Ectobacillus	2837502	G	40	1	41	0.00000
Paraperibacillus	3450404	G	36	0	36	0.00000
Aciduricibacillus	3158337	G	26	0	26	0.00000
Caldalkalibacillus	379065	G	25	3	28	0.00000
Salimicrobium	351195	G	25	0	25	0.00000
Tepidibacillus	1494427	G	20	0	20	0.00000
Halalkalibacterium (ex Joshi et al. 2022)	2893055	G	13	0	13	0.00000
Staphylococcus	1279	G	7267	494	7761	0.00006
Mammaliicoccus	2803850	G	1335	79	1414	0.00001
Macrococcus	69965	G	752	80	832	0.00001
Salinicoccus	45669	G	316	7	323	0.00000
Macrococcoides	3076173	G	212	45	257	0.00000
Jeotgalicoccus	227979	G	150	6	156	0.00000
Nosocomiicoccus	489909	G	17	0	17	0.00000
Listeria	1637	G	5757	583	6340	0.00005
Paenilisteria	3373705	G	345	21	366	0.00000
Brochothrix	2755	G	327	13	340	0.00000
Sporosarcina	1569	G	1270	48	1318	0.00001
Planococcus	1372	G	1138	46	1184	0.00001
Solibacillus	648800	G	801	53	854	0.00001
Ureibacillus	160795	G	427	45	472	0.00000
Paenisporosarcina	651660	G	369	37	406	0.00000
Rummeliibacillus	648802	G	216	26	242	0.00000
Kurthia	1649	G	170	24	194	0.00000
Jeotgalibacillus	157226	G	156	6	162	0.00000
Viridibacillus	496496	G	125	13	138	0.00000
Chryseomicrobium	889388	G	52	5	57	0.00000
Metasolibacillus	2703677	G	25	1	26	0.00000
Geobacillus	129337	G	381	219	600	0.00000
Anoxybacillus	150247	G	376	28	404	0.00000
Parageobacillus	1906945	G	226	67	293	0.00000
Anoxybacteroides	3389905	G	172	13	185	0.00000
Thermaerobacillus	3390020	G	45	6	51	0.00000
Saccharococcus	29395	G	15	7	22	0.00000
Fictibacillus	1329200	G	470	22	492	0.00000
Pseudalkalibacillus	2893058	G	238	8	246	0.00000
Exiguobacterium	33986	G	690	18	708	0.00001
Hydrogenibacillus	1609627	G	16	0	16	0.00000
Alicyclobacillus	29330	G	313	0	313	0.00000
Fodinisporobacter	3156481	G	95	0	95	0.00000
Tumebacillus	432330	G	78	0	78	0.00000
Kyrpidia	1129704	G	16	0	16	0.00000
Gemella	1378	G	404	11	415	0.00000
Sporolactobacillus	2077	G	166	1	167	0.00000
Pullulanibacillus	475230	G	103	1	104	0.00000
Novibacillus	1677050	G	60	1	61	0.00000
Kroppenstedtia	1274351	G	50	0	50	0.00000
Thermoactinomyces	2023	G	28	0	28	0.00000
Laceyella	292635	G	22	0	22	0.00000
Staphylospora	2689589	G	10	0	10	0.00000
Guptibacillus	3421338	G	139	11	150	0.00000
Abyssicoccus	1955413	G	92	13	105	0.00000
Enterococcus	1350	G	254107	56023	310130	0.00229
Vagococcus	2737	G	24511	2301	26812	0.00020
Tetragenococcus	51668	G	4405	730	5135	0.00004
Melissococcus	33969	G	1076	14	1090	0.00001
Lactobacillus	1578	G	4079	258	4337	0.00003
Leuconostoc	1243	G	2192	111	2303	0.00002
Ligilactobacillus	2767887	G	1973	142	2115	0.00002
Pediococcus	1253	G	1947	441	2388	0.00002
Companilactobacillus	2767879	G	1800	153	1953	0.00001
Latilactobacillus	2767885	G	1481	136	1617	0.00001
Lacticaseibacillus	2759736	G	1253	166	1419	0.00001
Lactiplantibacillus	2767842	G	1119	172	1291	0.00001
Liquorilactobacillus	2767888	G	954	204	1158	0.00001
Weissella	46255	G	910	58	968	0.00001
Fructilactobacillus	2767881	G	866	27	893	0.00001
Limosilactobacillus	2742598	G	782	129	911	0.00001
Levilactobacillus	2767886	G	780	108	888	0.00001
Loigolactobacillus	2767889	G	671	278	949	0.00001
Lentilactobacillus	2767893	G	624	58	682	0.00001
Apilactobacillus	2767877	G	467	7	474	0.00000
Dellaglioa	2767880	G	442	52	494	0.00000
Bombilactobacillus	2767878	G	383	4	387	0.00000
Furfurilactobacillus	2767882	G	328	43	371	0.00000
Agrilactobacillus	2767875	G	292	9	301	0.00000
Paucilactobacillus	2767890	G	286	62	348	0.00000
Secundilactobacillus	2767892	G	286	77	363	0.00000
Oenococcus	46254	G	274	13	287	0.00000
Holzapfeliella	2767883	G	156	1	157	0.00000
Xylocopilactobacillus	3118928	G	149	0	149	0.00000
Amylolactobacillus	2767876	G	81	13	94	0.00000
Lapidilactobacillus	2767884	G	60	1	61	0.00000
Nicoliella	2978367	G	52	0	52	0.00000
Fructobacillus	559173	G	33	0	33	0.00000
Schleiferilactobacillus	2767891	G	29	0	29	0.00000
Acetilactobacillus	2767874	G	24	0	24	0.00000
Periweissella	2930384	G	23	0	23	0.00000
Streptococcus	1301	G	17490	730	18220	0.00013
Lactococcus	1357	G	3571	639	4210	0.00003
Pseudolactococcus	3436058	G	1968	123	2091	0.00002
Floricoccus	1930830	G	275	3	278	0.00000
Carnobacterium	2747	G	6737	497	7234	0.00005
Jeotgalibaca	1470540	G	2274	200	2474	0.00002
Granulicatella	117563	G	1112	244	1356	0.00001
Trichococcus	82802	G	515	28	543	0.00000
Alkalibacterium	99906	G	387	18	405	0.00000
Desemzia	82800	G	299	69	368	0.00000
Dolosigranulum	29393	G	291	8	299	0.00000
Marinilactibacillus	191769	G	256	52	308	0.00000
Alloiococcus	1651	G	117	1	118	0.00000
Aerococcus	1375	G	953	74	1027	0.00001
Globicatella	13075	G	485	12	497	0.00000
Fundicoccus	2761542	G	413	12	425	0.00000
Tuanshanicoccus	3465067	G	195	3	198	0.00000
Ignavigranum	89092	G	114	2	116	0.00000
Ruoffia	2862144	G	96	15	111	0.00000
Abiotrophia	46123	G	83	2	85	0.00000
Suicoccus	2689587	G	77	6	83	0.00000
Blautia	572511	G	22995	5643	28638	0.00021
Lacrimispora	2719231	G	6638	71	6709	0.00005
Mediterraneibacter	2316020	G	6599	2951	9550	0.00007
Anaerocolumna	1843210	G	5298	13	5311	0.00004
Roseburia	841	G	4558	707	5265	0.00004
Anaerostipes	207244	G	2997	302	3299	0.00002
Hungatella	1649459	G	2725	514	3239	0.00002
Enterocloster	2719313	G	2474	287	2761	0.00002
Lachnoclostridium	1506553	G	2421	221	2642	0.00002
Dorea	189330	G	2165	851	3016	0.00002
Eisenbergiella	1432051	G	1790	294	2084	0.00002
Sellimonas	1769710	G	1604	346	1950	0.00001
Kineothrix	2163168	G	1397	12	1409	0.00001
Otoolea	2941495	G	1247	183	1430	0.00001
Marvinbryantia	248744	G	1164	74	1238	0.00001
Anaerobutyricum	2569097	G	1061	267	1328	0.00001
Allocoprococcus	3569723	G	1035	516	1551	0.00001
Butyrivibrio	830	G	1025	6	1031	0.00001
Faecalimonas	2005355	G	908	418	1326	0.00001
Claveliimonas	3076670	G	808	82	890	0.00001
Novisyntrophococcus	2888809	G	742	31	773	0.00001
Pseudobutyrivibrio	46205	G	623	9	632	0.00000
Jutongia	2944194	G	582	50	632	0.00000
Qiania	2944195	G	525	42	567	0.00000
Anaeromicropila	3024823	G	482	2	484	0.00000
Wansuia	2944198	G	469	25	494	0.00000
Lachnoanaerobaculum	1164882	G	359	8	367	0.00000
Eshraghiella	3342669	G	323	77	400	0.00000
Lachnospira	28050	G	291	22	313	0.00000
Agathobacter	1766253	G	259	116	375	0.00000
Anaeropeptidivorans	2997360	G	205	1	206	0.00000
Coprococcus	33042	G	204	25	229	0.00000
Herbinix	1663717	G	194	28	222	0.00000
Hominifimenecus	3073585	G	189	0	189	0.00000
Simiaoa	2944193	G	176	47	223	0.00000
Candidatus Epulonipiscium	2383	G	143	2	145	0.00000
Chakrabartyella	3088373	G	126	3	129	0.00000
Wujia	2944152	G	117	28	145	0.00000
Tyzzerella	1506577	G	100	1	101	0.00000
Stomatobaculum	1213720	G	74	0	74	0.00000
Chordicoccus	3031933	G	62	2	64	0.00000
Sporofaciens	2811390	G	41	0	41	0.00000
Cellulosilyticum	698776	G	665	4	669	0.00000
Vallitalea	1348611	G	499	2	501	0.00000
Petrocella	2603323	G	59	1	60	0.00000
Anaerotignum	2039240	G	186	21	207	0.00000
Defluviitalea	1185408	G	112	20	132	0.00000
Clostridium	1485	G	16282	649	16931	0.00013
Lactonifactor	420345	G	2078	196	2274	0.00002
Wukongibacter	1884926	G	278	1	279	0.00000
Crassaminicella	1848399	G	251	3	254	0.00000
Haloimpatiens	1755832	G	183	22	205	0.00000
Oceanirhabdus	1434026	G	99	0	99	0.00000
Proteiniclasticum	1155385	G	80	3	83	0.00000
Caloramator	44258	G	79	2	81	0.00000
Sarcina	1266	G	57	2	59	0.00000
Candidatus Neoarthromitus	49082	G	48	0	48	0.00000
Hathewaya	1769729	G	29	0	29	0.00000
Faecalibacterium	216851	G	4170	341	4511	0.00003
Ruminococcus	1263	G	2527	207	2734	0.00002
Flavonifractor	946234	G	1408	128	1536	0.00001
Caproicibacterium	2834348	G	547	27	574	0.00000
Ruminiclostridium	1508657	G	192	14	206	0.00000
Petroclostridium	2304687	G	155	1	156	0.00000
Lawsonibacter	2172004	G	107	4	111	0.00000
Paludihabitans	2038676	G	93	0	93	0.00000
Fastidiosipila	236752	G	85	11	96	0.00000
Thermoclostridium	2304691	G	79	6	85	0.00000
Owariibacterium	3393728	G	71	17	88	0.00000
Acidaminobacterium	3570270	G	59	0	59	0.00000
Ruthenibacterium	1905344	G	51	3	54	0.00000
Anaerotruncus	244127	G	44	6	50	0.00000
Amygdalobacter	3079925	G	43	3	46	0.00000
Ethanoligenens	253238	G	38	2	40	0.00000
Subdoligranulum	292632	G	32	3	35	0.00000
Pseudoflavonifractor	1017280	G	31	2	33	0.00000
Bengtsoniella	3389389	G	25	0	25	0.00000
Vescimonas	2892396	G	24	6	30	0.00000
Thermocaproicibacter	3048127	G	24	4	28	0.00000
Dysosmobacter	2591381	G	18	18	36	0.00000
Pusillibacter	2892397	G	18	2	20	0.00000
Solibaculum	2842531	G	12	2	14	0.00000
Caproicibacter	2576755	G	1682	126	1808	0.00001
Caproiciproducens	1738645	G	819	118	937	0.00001
Acutalibacter	1918385	G	74	1	75	0.00000
Eubacterium	1730	G	1716	274	1990	0.00001
Acetobacterium	33951	G	354	3	357	0.00000
Anaerofustis	264995	G	34	1	35	0.00000
Alkalibacter	274470	G	32	0	32	0.00000
Pseudoramibacter	113286	G	30	0	30	0.00000
Thermaerobacter	73918	G	1700	0	1700	0.00001
Sulfobacillus	28033	G	19	0	19	0.00000
Proteiniborus	415014	G	196	10	206	0.00000
Fenollaria	1686313	G	66	8	74	0.00000
Intestinimonas	1392389	G	32	2	34	0.00000
Levyella	1715798	G	15	0	15	0.00000
Flintibacter	1918454	G	15	0	15	0.00000
Caldinitratiruptor	1006480	G	816	0	816	0.00001
Symbiobacterium	2733	G	483	0	483	0.00000
Agathobaculum	2048137	G	314	38	352	0.00000
Butyricicoccus	580596	G	201	26	227	0.00000
Desulfosporosinus	79206	G	235	1	236	0.00000
Desulfitobacterium	36853	G	153	2	155	0.00000
Dehalobacter	56112	G	88	10	98	0.00000
Syntrophobotulus	51196	G	18	0	18	0.00000
Desulforamulus	2916693	G	102	3	105	0.00000
Dehalobacterium	51514	G	56	6	62	0.00000
Candidatus Formimonas	2840454	G	47	0	47	0.00000
Phosphitispora	2903061	G	31	2	33	0.00000
Acididesulfobacillus	2924872	G	29	0	29	0.00000
Thermanaerosceptrum	2651578	G	18	0	18	0.00000
Desulfofundulus	2282741	G	12	0	12	0.00000
Desulfofarcimen	2282742	G	11	0	11	0.00000
Syntrophomonas	862	G	204	1	205	0.00000
Syntrophothermus	129001	G	11	0	11	0.00000
Candidatus Syntrophocurvum	2293313	G	10	0	10	0.00000
Helicovermis	3136917	G	42	0	42	0.00000
Fusibacter	76008	G	39	0	39	0.00000
Tianxiuia	3680000	G	26	0	26	0.00000
Desulfoscipio	2867376	G	67	0	67	0.00000
Alkalicella	2838170	G	46	0	46	0.00000
Proteinivorax	1491776	G	18	0	18	0.00000
Aristaeella	3046369	G	58	0	58	0.00000
Heliomicrobium	2831443	G	13	0	13	0.00000
Heliorestis	79598	G	12	0	12	0.00000
Thermincola	278993	G	23	0	23	0.00000
Clostridioides	1870884	G	1705	1063	2768	0.00002
Paraclostridium	1849822	G	1642	61	1703	0.00001
Romboutsia	1501226	G	1414	156	1570	0.00001
Terrisporobacter	1505652	G	1030	29	1059	0.00001
Faecalimicrobium	3120164	G	1025	107	1132	0.00001
Peptacetobacter	2743582	G	246	11	257	0.00000
Tepidibacter	214904	G	141	1	142	0.00000
Intestinibacter	1505657	G	100	9	109	0.00000
Peptostreptococcus	1257	G	84	3	87	0.00000
Emergencia	1926556	G	428	24	452	0.00000
Aminipila	2060094	G	274	6	280	0.00000
Sinanaerobacter	2886866	G	109	1	110	0.00000
Anoxybacterium	3408579	G	99	0	99	0.00000
Mogibacterium	86331	G	66	6	72	0.00000
Ihubacter	1926667	G	62	1	63	0.00000
Alkaliphilus	114627	G	310	2	312	0.00000
Andreesenella	3685825	G	128	0	128	0.00000
Geosporobacter	390805	G	222	3	225	0.00000
Filifactor	44259	G	94	18	112	0.00000
Acetoanaerobium	186831	G	38	0	38	0.00000
Caminicella	166484	G	31	0	31	0.00000
Peptoclostridium	1481960	G	16	0	16	0.00000
Thermoanaerobacterium	28895	G	584	9	593	0.00000
Thermoanaerobacter	1754	G	319	15	334	0.00000
Thermacetogenium	140458	G	21	1	22	0.00000
Carboxydothermus	129957	G	19	0	19	0.00000
Gelria	189326	G	17	0	17	0.00000
Candidatus Desulforudis	471826	G	31	0	31	0.00000
Halocella	46466	G	84	132	216	0.00000
Halanaerobium	2330	G	64	0	64	0.00000
Anoxybacter	1769008	G	96	0	96	0.00000
Halothermothrix	32636	G	49	0	49	0.00000
Halobacteroides	42417	G	20	0	20	0.00000
Acetohalobium	28186	G	15	0	15	0.00000
Natroniella	52003	G	10	0	10	0.00000
Neomoorella	44260	G	244	0	244	0.00000
Metallumcola	3234175	G	75	0	75	0.00000
Zhaonella	2748674	G	52	0	52	0.00000
Acetivibrio	35829	G	228	17	245	0.00000
Christensenella	990721	G	136	10	146	0.00000
Monoglobus	2039302	G	94	12	106	0.00000
Biomaibacter	2770094	G	54	0	54	0.00000
Tepidanaerobacter	499228	G	37	0	37	0.00000
Natranaerobius	375928	G	29	1	30	0.00000
Natranaerofaba	2807497	G	18	0	18	0.00000
Koleobacter	2786989	G	24	0	24	0.00000
Mahella	252965	G	11	0	11	0.00000
Megamonas	158846	G	523	2	525	0.00000
Selenomonas	970	G	470	1	471	0.00000
Pectinatus	864	G	155	0	155	0.00000
Mitsuokella	52225	G	26	0	26	0.00000
Sporomusa	2375	G	511	9	520	0.00000
Pelosinus	365348	G	168	7	175	0.00000
Anaerosinus	151037	G	58	0	58	0.00000
Methylomusa	2093783	G	45	1	46	0.00000
Phascolarctobacterium	33024	G	322	3	325	0.00000
Acidaminococcus	904	G	136	6	142	0.00000
Megasphaera	906	G	257	4	261	0.00000
Dialister	39948	G	120	2	122	0.00000
Veillonella	29465	G	78	0	78	0.00000
Erysipelothrix	1647	G	584	11	595	0.00000
Faecalibaculum	1729679	G	239	0	239	0.00000
Hoskinsella	3681505	G	178	69	247	0.00000
Bulleidia	118747	G	124	5	129	0.00000
Amedibacterium	2749267	G	123	29	152	0.00000
Allocoprobacillus	3059504	G	110	5	115	0.00000
Allobaculum	174708	G	58	0	58	0.00000
Holdemania	61170	G	44	7	51	0.00000
Longicatena	1918536	G	42	14	56	0.00000
Intestinibaculum	2679910	G	32	0	32	0.00000
Massilimicrobiota	1924110	G	11	65	76	0.00000
Solobacterium	123375	G	10	3	13	0.00000
Thomasclavelia	3025755	G	313	18	331	0.00000
Faecalibacillus	2678885	G	223	36	259	0.00000
Catenibacterium	135858	G	97	1	98	0.00000
Tannockella	2943184	G	69	0	69	0.00000
Turicibacter	191303	G	543	13	556	0.00000
Anaerococcus	165779	G	347	10	357	0.00000
Microaceticoccus	3421489	G	164	0	164	0.00000
Peptoniphilus	162289	G	127	21	148	0.00000
Parvimonas	543311	G	112	9	121	0.00000
Helcococcus	31983	G	97	7	104	0.00000
Aedoeadaptatus	2981628	G	78	1	79	0.00000
Miniphocaeibacter	2126548	G	73	0	73	0.00000
Finegoldia	150022	G	41	5	46	0.00000
Murdochiella	1161127	G	15	4	19	0.00000
Tissierella	41273	G	379	4	383	0.00000
Gudongella	2692382	G	21	0	21	0.00000
Acidilutibacter	2992720	G	93	6	99	0.00000
Schnuerera	2794837	G	75	7	82	0.00000
Keratinibaculum	1354809	G	18	1	19	0.00000
Caloranaerobacter	171003	G	43	0	43	0.00000
Gottschalkia	1505664	G	28	0	28	0.00000
Sedimentibacter	190972	G	308	0	308	0.00000
Caldicellulosiruptor	44000	G	812	5	817	0.00001
Carboxydichorda	3366853	G	358	2	360	0.00000
Geochorda	3366854	G	29	0	29	0.00000
Limnochorda	1676651	G	26	21	47	0.00000
Candidatus Contubernalis	338648	G	12	0	12	0.00000
Cyanobium	167375	G	4923	23	4946	0.00004
Prochlorococcus	1218	G	666	0	666	0.00000
Parasynechococcus	2881427	G	263	6	269	0.00000
Synechococcus	1129	G	3797	9	3806	0.00003
Altericista	2855430	G	376	2	378	0.00000
Synechocystis	1142	G	39	0	39	0.00000
Anabaena	1163	G	551	69	620	0.00000
Nostoc	1177	G	538	33	571	0.00000
Trichormus	264688	G	27	10	37	0.00000
Cylindrospermum	56106	G	21	7	28	0.00000
Calothrix	1186	G	875	4	879	0.00001
Cylindrospermopsis	77021	G	65	3	68	0.00000
Okeanomitos	3231549	G	48	1	49	0.00000
Dolichospermum	748770	G	37	38	75	0.00000
Chlorogloeopsis	1123	G	135	0	135	0.00000
Brasilonema	383614	G	99	0	99	0.00000
Rivularia	373984	G	99	0	99	0.00000
Tolypothrix	111782	G	83	0	83	0.00000
Nodularia	159191	G	38	6	44	0.00000
Halotia	1620790	G	10	0	10	0.00000
Fischerella	1190	G	52	1	53	0.00000
Koinonema	2023214	G	599	3	602	0.00000
Oxynema	1492710	G	369	3	372	0.00000
Planktothricoides	132607	G	40	0	40	0.00000
Phormidium	1198	G	34	3	37	0.00000
Planktothrix	54304	G	530	8	538	0.00000
Microcoleus	44471	G	76	9	85	0.00000
Trichodesmium	1205	G	15	0	15	0.00000
Limnospira	2596745	G	37	4	41	0.00000
Cyanobacterium	102234	G	230	2	232	0.00000
Geminocystis	669357	G	123	0	123	0.00000
Picosynechococcus	3079908	G	72	0	72	0.00000
Microcystis	1125	G	133	1	134	0.00000
Gloeothece	28070	G	85	0	85	0.00000
Crocosphaera	263510	G	22	0	22	0.00000
Rippkaea	2546365	G	18	0	18	0.00000
Halothece	76023	G	49	1	50	0.00000
Euhalothece	65097	G	18	0	18	0.00000
Gloeocapsa	102231	G	27	0	27	0.00000
Gloeocapsopsis	693222	G	19	0	19	0.00000
Leptolyngbya	47251	G	221	32	253	0.00000
Leptodesmis	2664261	G	79	4	83	0.00000
Leptothermofonsia	2917830	G	39	1	40	0.00000
Kovacikia	1874526	G	23	0	23	0.00000
Trichothermofontia	3045815	G	18	0	18	0.00000
Nodosilinea	1120752	G	157	3	160	0.00000
Dactylococcopsis	13034	G	122	4	126	0.00000
Anthocerotibacter	2857076	G	168	0	168	0.00000
Gloeobacter	33071	G	55	0	55	0.00000
Pleurocapsa	44474	G	132	2	134	0.00000
Stanieria	102115	G	55	0	55	0.00000
Chroococcidiopsis	54298	G	156	2	158	0.00000
Pseudanabaena	1152	G	81	0	81	0.00000
Limnothrix	132605	G	18	0	18	0.00000
Thalassoporum	2799719	G	23	0	23	0.00000
Egbenema	3079668	G	63	1	64	0.00000
Thermoleptolyngbya	2303528	G	10	3	13	0.00000
Acaryochloris	155977	G	46	0	46	0.00000
Thermosynechococcus	146785	G	29	0	29	0.00000
Allocoleopsis	2886347	G	21	0	21	0.00000
Moorena	1155738	G	15	0	15	0.00000
Chamaesiphon	217161	G	30	0	30	0.00000
Spiroplasma	2132	G	2219	41	2260	0.00002
Mesoplasma	46239	G	179	6	185	0.00000
Williamsoniiplasma	2919614	G	22	1	23	0.00000
Mycoplasma	2093	G	747	101	848	0.00001
Acholeplasma	2147	G	119	1	120	0.00000
Candidatus Phytoplasma	33926	G	88	0	88	0.00000
Haploplasma	2903106	G	30	0	30	0.00000
Mariniplasma	2903100	G	22	0	22	0.00000
Candidatus Izemoplasma	2975549	G	16	0	16	0.00000
Hujiaoplasma	3078171	G	14	2	16	0.00000
Mycoplasmopsis	2767358	G	1021	18	1039	0.00001
Metamycoplasma	2895509	G	212	20	232	0.00000
Mesomycoplasma	2923352	G	184	1	185	0.00000
Ureaplasma	2129	G	55	0	55	0.00000
Mycoplasmoides	2995234	G	18	1	19	0.00000
Malacoplasma	2791001	G	13	5	18	0.00000
Chloroflexus	1107	G	818	0	818	0.00001
Roseiflexus	120961	G	25	0	25	0.00000
Thermobaculum	262406	G	40	0	40	0.00000
Candidatus Chlorohelix	3139173	G	34	0	34	0.00000
Tepidiforma	2682228	G	592	0	592	0.00000
Ktedonosporobacter	2692417	G	194	1	195	0.00000
Dehalococcoides	61434	G	56	0	56	0.00000
Dehalogenimonas	670486	G	22	0	22	0.00000
Candidatus Lucifugimonas	3143249	G	52	0	52	0.00000
Candidatus Promineifilum	1988031	G	50	0	50	0.00000
Candidatus Leptofilum	3140596	G	47	0	47	0.00000
Pelolinea	1649478	G	27	0	27	0.00000
Candidatus Brevifilum	2019482	G	17	0	17	0.00000
Anaerolinea	233189	G	15	0	15	0.00000
Phototrophicus	2922426	G	39	0	39	0.00000
Thermoflexus	1495649	G	20	0	20	0.00000
Caldilinea	233191	G	18	0	18	0.00000
Capsulimonas	2494209	G	66	0	66	0.00000
Fimbriimonas	1005038	G	18	0	18	0.00000
Vulcanimicrobium	3016049	G	31	0	31	0.00000
Deinococcus	1298	G	8701	16	8717	0.00006
Thermus	270	G	736	0	736	0.00001
Meiothermus	65551	G	209	2	211	0.00000
Oceanithermus	208447	G	65	0	65	0.00000
Allomeiothermus	2935559	G	18	0	18	0.00000
Truepera	332248	G	28	0	28	0.00000
Oceanotoga	1255275	G	212	0	212	0.00000
Marinitoga	160798	G	116	0	116	0.00000
Defluviitoga	1511648	G	24	0	24	0.00000
Thermosipho	2420	G	104	0	104	0.00000
Fervidobacterium	2422	G	67	0	67	0.00000
Pseudothermotoga	1643951	G	31	0	31	0.00000
Thermotoga	2335	G	17	0	17	0.00000
Mesotoga	1184396	G	13	0	13	0.00000
Kosmotoga	651456	G	11	0	11	0.00000
Athalassotoga	1769718	G	20	0	20	0.00000
Pyramidobacter	638847	G	155	0	155	0.00000
Jonquetella	428711	G	104	0	104	0.00000
Aminomonas	81411	G	79	7	86	0.00000
Cloacibacillus	508459	G	33	0	33	0.00000
Aminobacterium	81466	G	23	0	23	0.00000
Fretibacterium	1434006	G	12	0	12	0.00000
Fusobacterium	848	G	1740	43	1783	0.00001
Cetobacterium	180162	G	409	21	430	0.00000
Ilyobacter	167639	G	107	0	107	0.00000
Leptotrichia	32067	G	494	3	497	0.00000
Streptobacillus	34104	G	87	0	87	0.00000
Sebaldella	32068	G	86	0	86	0.00000
Sneathia	168808	G	73	0	73	0.00000
Pseudoleptotrichia	2755140	G	47	0	47	0.00000
Persicimonas	2766927	G	2016	0	2016	0.00001
Bradymonas	1779136	G	427	0	427	0.00000
Candidatus Nanosynbacter	2093823	G	24	6	30	0.00000
Candidatus Mycosynbacter	2831665	G	10	0	10	0.00000
Candidatus Absconditicoccus	2900570	G	23	0	23	0.00000
Minisyncoccus	3238478	G	20	0	20	0.00000
Candidatus Bipolaricaulis	2250122	G	15	0	15	0.00000
Vigna	3913	G	8447	674	9121	0.00007
Glycine	3846	G	3578	266	3844	0.00003
Cajanus	3820	G	2944	174	3118	0.00002
Phaseolus	3883	G	1796	109	1905	0.00001
Lathyrus	3853	G	6123	185	6308	0.00005
Vicia	3904	G	3934	85	4019	0.00003
Medicago	3877	G	1563	79	1642	0.00001
Trifolium	3898	G	1246	591	1837	0.00001
Cicer	3826	G	2280	99	2379	0.00002
Lotus	3867	G	1573	107	1680	0.00001
Arachis	3817	G	15887	1752	17639	0.00013
Lupinus	3869	G	2413	96	2509	0.00002
Pyrus	3766	G	2359	562	2921	0.00002
Malus	3749	G	1645	279	1924	0.00001
Prunus	3754	G	2089	180	2269	0.00002
Rosa	3764	G	1703	32	1735	0.00001
Fragaria	3746	G	622	58	680	0.00001
Argentina	3131914	G	289	64	353	0.00000
Humulus	3484	G	7461	1105	8566	0.00006
Cannabis	3482	G	1494	74	1568	0.00001
Ziziphus	72171	G	1450	331	1781	0.00001
Hevea	3980	G	4589	168	4757	0.00004
Manihot	3982	G	1565	230	1795	0.00001
Mercurialis	3984	G	1423	421	1844	0.00001
Ricinus	3987	G	1100	111	1211	0.00001
Euphorbia	3990	G	2438	162	2600	0.00002
Populus	3689	G	5419	1078	6497	0.00005
Quercus	3511	G	3064	1129	4193	0.00003
Castanea	21019	G	2229	1098	3327	0.00002
Juglans	16718	G	3196	474	3670	0.00003
Carya	13402	G	3090	483	3573	0.00003
Corylus	13450	G	1040	65	1105	0.00001
Alnus	3515	G	838	342	1180	0.00001
Benincasa	102210	G	3469	63	3532	0.00003
Cucumis	3655	G	2351	3129	5480	0.00004
Cucurbita	3660	G	872	93	965	0.00001
Tripterygium	123484	G	1459	373	1832	0.00001
Gossypium	3633	G	10216	394	10610	0.00008
Theobroma	3640	G	2200	68	2268	0.00002
Brassica	3705	G	5334	683	6017	0.00004
Raphanus	3725	G	1302	1704	3006	0.00002
Camelina	71323	G	3143	87	3230	0.00002
Arabidopsis	3701	G	566	53	619	0.00000
Eucalyptus	3932	G	3391	682	4073	0.00003
Rhodamnia	178132	G	656	54	710	0.00001
Punica	22662	G	1145	135	1280	0.00001
Mangifera	23461	G	2148	192	2340	0.00002
Citrus	2706	G	1350	155	1505	0.00001
Vitis	3603	G	2828	242	3070	0.00002
Solanum	4107	G	11091	2601	13692	0.00010
Capsicum	4071	G	9574	162	9736	0.00007
Lycium	24646	G	7429	256	7685	0.00006
Nicotiana	4085	G	15792	780	16572	0.00012
Ipomoea	4119	G	1292	160	1452	0.00001
Primulina	48772	G	4948	207	5155	0.00004
Henckelia	199091	G	2120	95	2215	0.00002
Salvia	21880	G	4547	140	4687	0.00003
Olea	4145	G	4216	71	4287	0.00003
Sesamum	4181	G	1542	78	1620	0.00001
Coffea	13442	G	3112	721	3833	0.00003
Lactuca	4235	G	18822	3097	21919	0.00016
Rutidosis	125764	G	6429	356	6785	0.00005
Helianthus	4231	G	3920	61	3981	0.00003
Erigeron	41574	G	1785	95	1880	0.00001
Cynara	4264	G	1688	44	1732	0.00001
Apium	4044	G	3953	58	4011	0.00003
Daucus	4038	G	1221	92	1313	0.00001
Actinidia	3624	G	3284	82	3366	0.00002
Impatiens	35939	G	3180	121	3301	0.00002
Diospyros	13492	G	1501	33	1534	0.00001
Rhododendron	4346	G	1452	72	1524	0.00001
Beta	3554	G	3100	76	3176	0.00002
Spinacia	3561	G	3031	4845	7876	0.00006
Silene	3573	G	4833	39	4872	0.00004
Amaranthus	3564	G	1393	454	1847	0.00001
Malania	397391	G	4642	73	4715	0.00003
Triticum	4564	G	34861	8235	43096	0.00032
Aegilops	4480	G	1049	2756	3805	0.00003
Hordeum	4512	G	5019	473	5492	0.00004
Lolium	4520	G	10636	107	10743	0.00008
Brachypodium	15367	G	875	21	896	0.00001
Oryza	4527	G	6586	961	7547	0.00006
Miscanthus	62336	G	8540	633	9173	0.00007
Sorghum	4557	G	2991	659	3650	0.00003
Zea	4575	G	2841	280	3121	0.00002
Panicum	4539	G	8547	262	8809	0.00007
Setaria	4554	G	2869	203	3072	0.00002
Phragmites	15745	G	2750	124	2874	0.00002
Carex	13398	G	3101	732	3833	0.00003
Ananas	4614	G	1177	92	1269	0.00001
Typha	4732	G	1141	29	1170	0.00001
Zingiber	4650	G	5169	119	5288	0.00004
Curcuma	99568	G	1017	94	1111	0.00001
Musa	4640	G	2510	1415	3925	0.00003
Elaeis	51952	G	5489	274	5763	0.00004
Phoenix	4719	G	1599	93	1692	0.00001
Asparagus	4685	G	3069	48	3117	0.00002
Dioscorea	4672	G	2646	55	2701	0.00002
Wolffia	161109	G	1683	42	1725	0.00001
Papaver	3468	G	5866	82	5948	0.00004
Telopea	54954	G	3118	152	3270	0.00002
Macadamia	4329	G	2124	146	2270	0.00002
Magnolia	3402	G	4734	39	4773	0.00004
Nymphaea	4418	G	2615	94	2709	0.00002
Cryptomeria	3368	G	20761	1908	22669	0.00017
Physcomitrium	37414	G	2085	52	2137	0.00002
Chlamydomonas	3052	G	2312	26	2338	0.00002
Micromonas	38832	G	1160	43	1203	0.00001
Ostreococcus	70447	G	87	3	90	0.00000
Bathycoccus	41874	G	71	3	74	0.00000
Homo	9605	G	382376	18970	401346	0.00297
Pichia	4919	G	16846	209	17055	0.00013
Brettanomyces	13366	G	406	12	418	0.00000
Komagataella	460517	G	54	0	54	0.00000
Ogataea	461281	G	27	0	27	0.00000
Candida	5475	G	186	5	191	0.00000
Lodderomyces	36913	G	105	8	113	0.00000
Debaryomyces	4958	G	94	0	94	0.00000
Yamadazyma	766765	G	63	7	70	0.00000
Scheffersomyces	766733	G	62	2	64	0.00000
Australozyma	3300567	G	81	2	83	0.00000
Candidozyma	3303203	G	19	1	20	0.00000
Saccharomyces	4930	G	326	11	337	0.00000
Lachancea	300275	G	200	10	210	0.00000
Tetrapisispora	113604	G	127	3	130	0.00000
Henningerozyma	3163253	G	123	4	127	0.00000
Naumovozyma	278028	G	116	5	121	0.00000
Kluyveromyces	4910	G	98	7	105	0.00000
Huiozyma	3163251	G	83	4	87	0.00000
Eremothecium	33170	G	68	24	92	0.00000
Torulaspora	4948	G	64	5	69	0.00000
Nakaseomyces	374468	G	61	12	73	0.00000
Zygosaccharomyces	4953	G	43	2	45	0.00000
Kazachstania	71245	G	33	1	34	0.00000
Zygotorulaspora	1196389	G	21	5	26	0.00000
Saccharomycodes	36034	G	57	3	60	0.00000
Sugiyamaella	410829	G	58	1	59	0.00000
Yarrowia	4951	G	21	0	21	0.00000
Remersonia	72143	G	1697	51	1748	0.00001
Thermothelomyces	1920207	G	390	6	396	0.00000
Thermothielavioides	2609811	G	326	12	338	0.00000
Neurospora	5140	G	677	34	711	0.00001
Sordaria	5146	G	57	8	65	0.00000
Podospora	5144	G	433	8	441	0.00000
Pyricularia	48558	G	1712	4	1716	0.00001
Fusarium	5506	G	1175	56	1231	0.00001
Trichoderma	5543	G	943	64	1007	0.00001
Purpureocillium	1052105	G	297	18	315	0.00000
Drechmeria	98402	G	88	1	89	0.00000
Ustilaginoidea	124426	G	171	5	176	0.00000
Pochonia	243023	G	122	2	124	0.00000
Metarhizium	5529	G	68	1	69	0.00000
Akanthomyces	150366	G	103	3	106	0.00000
Colletotrichum	5455	G	1431	42	1473	0.00001
Botrytis	33196	G	86	4	90	0.00000
Penicillium	5073	G	538	32	570	0.00000
Aspergillus	5052	G	478	9	487	0.00000
Talaromyces	5094	G	621	35	656	0.00000
Coccidioides	5500	G	32	1	33	0.00000
Ascochyta	5453	G	279	6	285	0.00000
Pyrenophora	5027	G	57	9	66	0.00000
Alternaria	5598	G	43	0	43	0.00000
Fulvia	2897311	G	62	0	62	0.00000
Cercospora	29002	G	44	1	45	0.00000
Zymoseptoria	1047167	G	39	0	39	0.00000
Schizosaccharomyces	4895	G	131	1	132	0.00000
Malassezia	55193	G	2828	64	2892	0.00002
Sporisorium	63265	G	544	29	573	0.00000
Mycosarcoma	2689624	G	443	2	445	0.00000
Kwoniella	490731	G	1134	16	1150	0.00001
Cryptococcus	5206	G	551	9	560	0.00000
Vanrija	1851468	G	1081	25	1106	0.00001
Cutaneotrichosporon	1838142	G	33	0	33	0.00000
Psilocybe	71950	G	101	0	101	0.00000
Marasmius	34448	G	24	0	24	0.00000
Rhizoctonia	1322061	G	99	0	99	0.00000
Puccinia	5296	G	248	3	251	0.00000
Rhizophagus	1129544	G	962	47	1009	0.00001
Vairimorpha	6038	G	65	0	65	0.00000
Encephalitozoon	6033	G	29	0	29	0.00000
Leishmania	5658	G	3496	514	4010	0.00003
Porcisia	2761499	G	657	364	1021	0.00001
Trypanosoma	5690	G	452	16	468	0.00000
Plasmodium	5820	G	2470	12	2482	0.00002
Theileria	5873	G	168	5	173	0.00000
Babesia	5864	G	55	0	55	0.00000
Toxoplasma	5810	G	105	5	110	0.00000
Besnoitia	94642	G	85	0	85	0.00000
Neospora	29175	G	71	0	71	0.00000
Cryptosporidium	5806	G	49	1	50	0.00000
Paramecium	5884	G	17	0	17	0.00000
Thalassiosira	35127	G	82	9	91	0.00000
Phaeodactylum	2849	G	74	4	78	0.00000
Bremia	4778	G	97	0	97	0.00000
Bigelowiella	227085	G	30	0	30	0.00000
Trichomonas	5721	G	318	0	318	0.00000
Giardia	5740	G	72	0	72	0.00000
Spironucleus	39709	G	19	0	19	0.00000
Dictyostelium	5782	G	197	1	198	0.00000
Hemiselmis	77924	G	37	0	37	0.00000
Halorubrum	56688	G	4229	119	4348	0.00003
Halobaculum	43927	G	3395	137	3532	0.00003
Haloplanus	376170	G	1378	67	1445	0.00001
Halorarum	3163375	G	323	31	354	0.00000
Salinigranum	1644057	G	284	0	284	0.00000
Halolamina	1075397	G	176	9	185	0.00000
Haloferax	2251	G	78	0	78	0.00000
Halogeometricum	60846	G	69	0	69	0.00000
Haloprofundus	1911573	G	68	0	68	0.00000
Halobellus	1073986	G	44	3	47	0.00000
Salinirarus	3415185	G	22	1	23	0.00000
Halalkaliarchaeum	2678343	G	12	0	12	0.00000
Halopenitus	1209988	G	11	0	11	0.00000
Natrinema	88723	G	1729	36	1765	0.00001
Salinilacihabitans	3065676	G	1077	13	1090	0.00001
Natronobeatus	3065678	G	799	22	821	0.00001
Halosolutus	2993618	G	525	3	528	0.00000
Halopiger	387342	G	371	6	377	0.00000
Halovalidus	3383206	G	211	1	212	0.00000
Halovivax	332951	G	109	0	109	0.00000
Haloterrigena	121871	G	65	1	66	0.00000
Natronococcus	29287	G	57	0	57	0.00000
Natronosalvus	3076685	G	57	0	57	0.00000
Natronorubrum	134813	G	34	0	34	0.00000
Natrarchaeobaculum	2765402	G	32	0	32	0.00000
Natrononativus	3065677	G	31	0	31	0.00000
Halomontanus	3125902	G	29	0	29	0.00000
Natrialba	63742	G	15	0	15	0.00000
Natronobacterium	2256	G	11	0	11	0.00000
Halostagnicola	353799	G	10	0	10	0.00000
Natronomonas	63743	G	1802	180	1982	0.00001
Salinirubellus	2162630	G	1611	16	1627	0.00001
Halorarius	3056835	G	261	12	273	0.00000
Halomarina	871740	G	71	0	71	0.00000
Haloglomus	2806252	G	50	2	52	0.00000
Halocatena	2907493	G	19	0	19	0.00000
Haloarcula	2237	G	1303	10	1313	0.00001
Halorhabdus	146825	G	636	32	668	0.00000
Halosimplex	171163	G	499	8	507	0.00000
Halapricum	1542963	G	172	1	173	0.00000
Halomicrobium	203135	G	83	0	83	0.00000
Halorientalis	1073987	G	76	11	87	0.00000
Salinibaculum	2732368	G	17	0	17	0.00000
Halococcoides	2907507	G	15	0	15	0.00000
Halobacterium	2239	G	2061	7	2068	0.00002
Halodesulfurarchaeum	1980514	G	105	0	105	0.00000
Halospeciosus	3116496	G	99	8	107	0.00000
Salarchaeum	1075398	G	27	7	34	0.00000
Halanaeroarchaeum	1656823	G	13	0	13	0.00000
Halorussus	1070314	G	844	8	852	0.00001
Haladaptatus	367188	G	83	0	83	0.00000
Halomicrococcus	2614447	G	27	0	27	0.00000
Salinarchaeum	1269201	G	609	1	610	0.00000
Halococcus	2249	G	39	0	39	0.00000
Halalkalicoccus	332246	G	32	0	32	0.00000
Natronorarus	3386557	G	23	0	23	0.00000
Methanosarcina	2207	G	1327	3	1330	0.00001
Methanolobus	2220	G	128	0	128	0.00000
Methanococcoides	2225	G	120	0	120	0.00000
Methanohalophilus	2175	G	55	0	55	0.00000
Methanomethylovorans	101191	G	16	0	16	0.00000
Methanosalsum	196136	G	15	0	15	0.00000
Methanolapillus	3136068	G	15	0	15	0.00000
Methanoculleus	45989	G	173	1	174	0.00000
Methanoplanus	2314	G	38	0	38	0.00000
Methanofollis	81416	G	24	0	24	0.00000
Methanosphaerula	475087	G	38	0	38	0.00000
Methanospirillum	2202	G	12	0	12	0.00000
Methanocella	570266	G	67	0	67	0.00000
Methanothrix	2222	G	54	0	54	0.00000
Methanothermococcus	155862	G	485	2	487	0.00000
Methanococcus	2184	G	95	0	95	0.00000
Methanocaldococcus	196118	G	240	1	241	0.00000
Methanotorris	196119	G	10	0	10	0.00000
Methanobrevibacter	2172	G	346	1	347	0.00000
Methanobacterium	2160	G	241	0	241	0.00000
Methanosphaera	2316	G	77	0	77	0.00000
Methanothermobacter	145260	G	76	0	76	0.00000
Thermococcus	2263	G	492	0	492	0.00000
Pyrococcus	2260	G	14	0	14	0.00000
Geoglobus	190818	G	401	0	401	0.00000
Archaeoglobus	2233	G	16	0	16	0.00000
Methanonatronarchaeum	2022711	G	10	0	10	0.00000
Methanomassiliicoccus	1080709	G	119	0	119	0.00000
Oxyplasma	3373586	G	15	0	15	0.00000
Saccharolobus	2100760	G	500	53	553	0.00000
Acidianus	12914	G	91	1	92	0.00000
Sulfuracidifex	2705406	G	68	1	69	0.00000
Metallosphaera	41980	G	40	0	40	0.00000
Sulfolobus	2284	G	31	1	32	0.00000
Sulfurisphaera	69655	G	22	0	22	0.00000
Vulcanisaeta	164450	G	63	1	64	0.00000
Thermogladius	477695	G	18	0	18	0.00000
Hyperthermus	54247	G	16	0	16	0.00000
Fervidicoccus	685950	G	44	0	44	0.00000
Caldisphaera	200414	G	38	0	38	0.00000
Thermofilum	2268	G	33	0	33	0.00000
Nitrosopumilus	338191	G	114	1	115	0.00000
Candidatus Nitrosocosmicus	1826864	G	74	0	74	0.00000
Promethearchaeum	3366645	G	190	0	190	0.00000
Candidatus Lokiarchaeum	1655637	G	74	0	74	0.00000
Candidatus Nanohalobium	2856051	G	25	0	25	0.00000
Minunavirus	2560178	G	923	0	923	0.00001
Skogvirus	2948911	G	445	10	455	0.00000
Woodruffvirus	1982745	G	265	0	265	0.00000
Hiroshimavirus	3044731	G	155	0	155	0.00000
Donnerlittchenvirus	3152600	G	102	0	102	0.00000
Uetakevirus	542960	G	85	0	85	0.00000
Copernicusvirus	2842616	G	82	0	82	0.00000
Galvastonvirus	3044720	G	64	0	64	0.00000
Harbinvirus	2732970	G	37	23	60	0.00000
Kozievirus	3152961	G	43	0	43	0.00000
Enhodamvirus	1922329	G	41	0	41	0.00000
Eneladusvirus	2560128	G	34	0	34	0.00000
Yanchengvirus	3044859	G	30	0	30	0.00000
Melbournevirus	3446599	G	29	0	29	0.00000
Wroclawvirus	3044857	G	24	0	24	0.00000
Syrbvirus	3044838	G	22	0	22	0.00000
Tlsvirus	1920865	G	19	0	19	0.00000
Bertelyvirus	2733152	G	10	0	10	0.00000
Otakuvirus	3152972	G	14	0	14	0.00000
Slashvirus	1921709	G	13	0	13	0.00000
Lillamyvirus	2843418	G	11	0	11	0.00000
Tegunavirus	1921704	G	74	0	74	0.00000
Kanagawavirus	2843399	G	13	0	13	0.00000
Slopekvirus	1985328	G	64	0	64	0.00000
Zhoulongquanvirus	3044869	G	74	0	74	0.00000
Leucotheavirus	2733109	G	30	3	33	0.00000
Daemvirus	2731672	G	29	0	29	0.00000
Afonbuvirus	2942989	G	11	0	11	0.00000
Denvervirus	2948677	G	11	0	11	0.00000
Proboscivirus	548689	G	189	0	189	0.00000
Pandoravirus	2060084	G	378	174	552	0.00000
Iridovirus	10487	G	53	0	53	0.00000
Losannavirus	3152990	G	10	0	10	0.00000
Chlorovirus	181083	G	15	0	15	0.00000
Mimivirus	315393	G	31	0	31	0.00000
Cotonvirus	3044693	G	15	0	15	0.00000
Pteropopoxvirus	2733298	G	51	0	51	0.00000
Asfivirus	39743	G	21	0	21	0.00000
Bracoviriform	2946836	G	41	0	41	0.00000
Alphabaculovirus	558016	G	31	0	31	0.00000
Alphanucleorhabdovirus	2733245	G	15	0	15	0.00000
