name	taxonomy_id	taxonomy_lvl	kraken_assigned_reads	added_reads	new_est_reads	fraction_total_reads
Bacteroides	816	G	2882879	258859	3141738	0.11893
Phocaeicola	909656	G	105472	12800	118272	0.00448
Parabacteroides	375288	G	785546	166878	952424	0.03605
Tannerella	195950	G	20634	860	21494	0.00081
Alistipes	239759	G	562831	33159	595990	0.02256
Acetobacteroides	1647173	G	7319	327	7646	0.00029
Odoribacter	283168	G	129988	10003	139991	0.00530
Butyricimonas	574697	G	104040	9496	113536	0.00430
Prevotella	838	G	105024	4470	109494	0.00414
Segatella	2974251	G	44540	2202	46742	0.00177
Paraprevotella	577309	G	18176	1590	19766	0.00075
Hoylesella	2974257	G	8398	2948	11346	0.00043
Xylanibacter	558436	G	6286	80	6366	0.00024
Pseudoprevotella	2884814	G	3347	41	3388	0.00013
Petrimonas	307628	G	16479	3249	19728	0.00075
Proteiniphilum	294702	G	14977	1600	16577	0.00063
Limibacterium	3404873	G	13544	534	14078	0.00053
Dysgonomonas	156973	G	9895	16	9911	0.00038
Indolivaga	3680098	G	8171	762	8933	0.00034
Porphyromonas	836	G	35657	1533	37190	0.00141
Macellibacteroides	1159323	G	28877	1171	30048	0.00114
Barnesiella	397864	G	31903	2483	34386	0.00130
Coprobacter	1348911	G	21504	1612	23116	0.00088
Muribaculum	1918540	G	10200	544	10744	0.00041
Duncaniella	2518495	G	10142	206	10348	0.00039
Paramuribaculum	2518497	G	5262	166	5428	0.00021
Sodaliphilus	2815786	G	4123	202	4325	0.00016
Paludibacter	346096	G	7984	8	7992	0.00030
Salinivirga	1970191	G	3844	2	3846	0.00015
Tenuifilum	2760873	G	2346	12	2358	0.00009
Candidatus Azobacteroides	511434	G	1303	0	1303	0.00005
Draconibacterium	1471399	G	28183	830	29013	0.00110
Gaoshiqia	3045890	G	7514	141	7655	0.00029
Aquipluma	2792393	G	6364	83	6447	0.00024
Halosquirtibacter	3374594	G	6102	265	6367	0.00024
Mangrovibacterium	1573808	G	6080	656	6736	0.00025
Maribellus	2678352	G	5483	192	5675	0.00021
Labilibaculum	2060722	G	14517	604	15121	0.00057
Marinifilum	866673	G	12032	544	12576	0.00048
Alkalitalea	1193324	G	4752	270	5022	0.00019
Xiashengella	3129724	G	3214	1463	4677	0.00018
Flavobacterium	237	G	170094	11670	181764	0.00688
Capnocytophaga	1016	G	27741	1027	28768	0.00109
Polaribacter	52959	G	26225	3400	29625	0.00112
Flagellimonas	444459	G	22716	3682	26398	0.00100
Tenacibaculum	104267	G	21050	2921	23971	0.00091
Maribacter	252356	G	15455	2515	17970	0.00068
Winogradskyella	286104	G	13300	2263	15563	0.00059
Aquimarina	290174	G	12966	718	13684	0.00052
Christiangramia	292691	G	9718	1178	10896	0.00041
Myroides	76831	G	8727	1521	10248	0.00039
Zobellia	112040	G	7606	446	8052	0.00030
Formosa	225842	G	7069	1118	8187	0.00031
Nonlabens	363408	G	6841	783	7624	0.00029
Leeuwenhoekiella	283735	G	6715	1452	8167	0.00031
Cellulophaga	104264	G	6529	695	7224	0.00027
Aequorivita	153265	G	5652	580	6232	0.00024
Mariniflexile	527198	G	5455	659	6114	0.00023
Algibacter	261827	G	5398	1053	6451	0.00024
Kordia	221065	G	4596	194	4790	0.00018
Lacinutrix	291183	G	4082	1200	5282	0.00020
Antarcticibacterium	2058174	G	3752	525	4277	0.00016
Lutibacter	358023	G	3500	149	3649	0.00014
Salegentibacter	143222	G	3479	2275	5754	0.00022
Allomuricauda	111500	G	3458	162	3620	0.00014
Robiginitalea	252306	G	3265	101	3366	0.00013
Zunongwangia	417127	G	3228	2035	5263	0.00020
Wenyingzhuangia	1518147	G	3170	273	3443	0.00013
Salinimicrobium	561367	G	3048	313	3361	0.00013
Dokdonia	326319	G	2990	171	3161	0.00012
Seonamhaeicola	1649495	G	2924	227	3151	0.00012
Arenibacter	178469	G	2803	1133	3936	0.00015
Flavivirga	1209327	G	2745	133	2878	0.00011
Aestuariibaculum	1386924	G	2718	253	2971	0.00011
Olleya	336276	G	2334	874	3208	0.00012
Sinomicrobium	1434045	G	2318	26	2344	0.00009
Psychroserpens	49277	G	2299	778	3077	0.00012
Paenimyroides	3085669	G	2086	1768	3854	0.00015
Galbibacter	379068	G	1961	666	2627	0.00010
Patiriisocius	2822394	G	1867	204	2071	0.00008
Zhouia	561555	G	1828	438	2266	0.00009
Thalassobellus	3400333	G	1811	264	2075	0.00008
Rasiella	2987594	G	1786	134	1920	0.00007
Psychroflexus	83612	G	1738	96	1834	0.00007
Mangrovimonas	1211036	G	1692	184	1876	0.00007
Abyssalbus	2967089	G	1612	51	1663	0.00006
Bizionia	283785	G	1554	322	1876	0.00007
Vaginella	1935184	G	1521	1459	2980	0.00011
Aggregatimonas	2913017	G	1510	30	1540	0.00006
Aureibaculum	2706948	G	1343	120	1463	0.00006
Ulvibacterium	2665910	G	1303	7	1310	0.00005
Pontimicrobium	2918913	G	1288	230	1518	0.00006
Daejeonia	2027867	G	1229	1087	2316	0.00009
Lutimonas	449810	G	1207	39	1246	0.00005
Mesoflavibacter	444051	G	1207	286	1493	0.00006
Muriicola	762641	G	1179	32	1211	0.00005
Changchengzhania	2049301	G	1166	74	1240	0.00005
Gilvibacter	379070	G	1149	136	1285	0.00005
Pseudalgibacter	2861660	G	1145	235	1380	0.00005
Flaviramulus	369400	G	1140	204	1344	0.00005
Euzebyella	1287916	G	1138	677	1815	0.00007
Costertonia	343334	G	1102	388	1490	0.00006
Croceiramulus	3568316	G	1063	59	1122	0.00004
Urechidicola	2700084	G	1057	597	1654	0.00006
Amniculibacterium	2715289	G	1045	1200	2245	0.00008
Yeosuana	288018	G	1001	137	1138	0.00004
Gillisia	244698	G	973	529	1502	0.00006
Imtechella	1165076	G	965	56	1021	0.00004
Pukyongia	2831916	G	917	74	991	0.00004
Croceibacter	216431	G	909	211	1120	0.00004
Pseudotamlana	3400368	G	908	583	1491	0.00006
Hwangdonia	1649460	G	903	211	1114	0.00004
Aegicerativicinus	2893197	G	875	40	915	0.00003
Marixanthomonas	387658	G	871	273	1144	0.00004
Constantimarinum	2907134	G	868	87	955	0.00004
Sediminicola	389486	G	811	31	842	0.00003
Oceanihabitans	2045416	G	805	326	1131	0.00004
Candidatus Marifrigoribacter	3457289	G	739	80	819	0.00003
Siansivirga	1204360	G	724	105	829	0.00003
Allotamlana	3400365	G	647	52	699	0.00003
Candidatus Arcticimaribacter	2953860	G	565	59	624	0.00002
Tamlana	393005	G	418	306	724	0.00003
Chryseobacterium	59732	G	85962	9710	95672	0.00362
Kaistella	2782231	G	7743	578	8321	0.00031
Epilithonimonas	2782229	G	4391	2199	6590	0.00025
Elizabethkingia	308865	G	11200	2268	13468	0.00051
Empedobacter	59734	G	3428	1501	4929	0.00019
Riemerella	34084	G	3384	780	4164	0.00016
Apibacter	1778601	G	3316	145	3461	0.00013
Cloacibacterium	501783	G	2252	775	3027	0.00011
Ornithobacterium	28250	G	2215	100	2315	0.00009
Faecalibacter	2766734	G	2053	128	2181	0.00008
Bergeyella	59735	G	1951	556	2507	0.00009
Cruoricaptor	1433995	G	1668	405	2073	0.00008
Marnyiella	3088764	G	766	54	820	0.00003
Weeksella	1013	G	732	386	1118	0.00004
Blattabacterium	34098	G	10823	432	11255	0.00043
Fluviicola	332102	G	2987	66	3053	0.00012
Paracrocinitomix	3024544	G	1238	6	1244	0.00005
Croceimicrobium	2828338	G	1945	39	1984	0.00008
Owenweeksia	267986	G	1300	9	1309	0.00005
Candidatus Karelsulcia	336809	G	1321	86	1407	0.00005
Candidatus Walczuchella	1940138	G	321	2	323	0.00001
Candidatus Shikimatogenerans	2926991	G	89	21	110	0.00000
Sanyastnella	3228946	G	1216	1	1217	0.00005
Parvicella	2975260	G	1121	12	1133	0.00004
Ichthyobacterium	1755829	G	938	2	940	0.00004
Hymenobacter	89966	G	45367	647	46014	0.00174
Pontibacter	323449	G	14378	680	15058	0.00057
Rufibacter	1379908	G	4062	473	4535	0.00017
Adhaeribacter	299566	G	4055	116	4171	0.00016
Nibribacter	1649474	G	970	259	1229	0.00005
Dyadobacter	120831	G	19738	539	20277	0.00077
Larkinella	332157	G	9521	419	9940	0.00038
Runella	105	G	8340	28	8368	0.00032
Fibrella	861914	G	1853	69	1922	0.00007
Fibrisoma	861913	G	29	0	29	0.00000
Spirosoma	107	G	27254	284	27538	0.00104
Cytophaga	978	G	1647	66	1713	0.00006
Algoriphagus	246875	G	10139	780	10919	0.00041
Echinicola	390846	G	9278	1513	10791	0.00041
Cyclobacterium	68288	G	4357	497	4854	0.00018
Aquiflexum	280472	G	1859	111	1970	0.00007
Mongoliitalea	1511649	G	1405	29	1434	0.00005
Belliella	232244	G	960	172	1132	0.00004
Flammeovirga	59739	G	6010	411	6421	0.00024
Imperialibacter	1649461	G	3009	354	3363	0.00013
Chondrinema	3051458	G	1979	286	2265	0.00009
Ekhidna	447678	G	6778	485	7263	0.00027
Reichenbachiella	156993	G	3208	349	3557	0.00013
Emticicia	312278	G	3275	48	3323	0.00013
Marinilongibacter	2975149	G	1543	14	1557	0.00006
Leadbetterella	319458	G	1448	76	1524	0.00006
Jiulongibacter	2031119	G	874	29	903	0.00003
Arcticibacterium	2173039	G	856	18	874	0.00003
Fulvivirga	396811	G	5505	522	6027	0.00023
Chryseolinea	1433993	G	2318	18	2336	0.00009
Bernardetia	1937972	G	5896	29	5925	0.00022
Fulvitalea	1434007	G	2554	114	2668	0.00010
Persicobacter	59740	G	1758	106	1864	0.00007
Aureibacter	1097443	G	1509	49	1558	0.00006
Marivirga	869806	G	5505	1904	7409	0.00028
Roseivirga	290180	G	4768	330	5098	0.00019
Catalinimonas	1522128	G	1403	13	1416	0.00005
Tunicatimonas	1077254	G	1384	1	1385	0.00005
Porifericola	1001222	G	998	36	1034	0.00004
Candidatus Cardinium	273135	G	2861	129	2990	0.00011
Candidatus Amoebophilus	281119	G	452	0	452	0.00002
Aquirufa	2676247	G	2842	32	2874	0.00011
Rhodocytophaga	455076	G	2698	28	2726	0.00010
Mangrovivirga	2858886	G	1283	20	1303	0.00005
Mucilaginibacter	423349	G	71828	2178	74006	0.00280
Pedobacter	84567	G	61128	2410	63538	0.00241
Sphingobacterium	28453	G	58984	5061	64045	0.00242
Olivibacter	376469	G	4975	1032	6007	0.00023
Solitalea	929509	G	3729	66	3795	0.00014
Anseongella	1773450	G	2236	7	2243	0.00008
Arcticibacter	1288026	G	2231	116	2347	0.00009
Pseudopedobacter	1649482	G	1725	197	1922	0.00007
Aurantibacillus	3088889	G	1143	15	1158	0.00004
Chitinophaga	79328	G	42320	1392	43712	0.00165
Niabella	379899	G	7115	550	7665	0.00029
Arachidicoccus	1769012	G	5919	264	6183	0.00023
Paraflavitalea	2698688	G	3718	233	3951	0.00015
Flavisolibacter	398041	G	2881	253	3134	0.00012
Niastella	354354	G	2495	264	2759	0.00010
Phnomibacter	2836216	G	2475	224	2699	0.00010
Pseudobacter	1860196	G	2426	291	2717	0.00010
Lacibacter	649461	G	2389	98	2487	0.00009
Flavihumibacter	1004301	G	2378	75	2453	0.00009
Ferruginibacter	1004303	G	2290	96	2386	0.00009
Puia	2045098	G	2056	120	2176	0.00008
Filimonas	649460	G	2006	156	2162	0.00008
Pseudocnuella	2812019	G	1714	177	1891	0.00007
Sediminibacterium	504481	G	1557	122	1679	0.00006
Thermoflavifilum	1649506	G	1487	18	1505	0.00006
Panacibacter	1874621	G	1477	29	1506	0.00006
Rhizosphaericola	3114547	G	1463	104	1567	0.00006
Mycovorax	3389990	G	1408	262	1670	0.00006
Haliscomenobacter	2349	G	2860	16	2876	0.00011
Phaeodactylibacter	1564515	G	2065	7	2072	0.00008
Aureispira	365032	G	2931	26	2957	0.00011
Saprospira	1007	G	1655	2	1657	0.00006
Lewinella	70994	G	1820	13	1833	0.00007
Neolewinella	2993541	G	1438	18	1456	0.00006
Candidatus Sulfidibacterium	2923290	G	3940	3	3943	0.00015
Chlorobium	1091	G	1713	77	1790	0.00007
Pelodictyon	1099	G	1475	59	1534	0.00006
Prosthecochloris	1101	G	2729	24	2753	0.00010
Chlorobaculum	256319	G	2230	6	2236	0.00008
Chloroherpeton	100715	G	774	0	774	0.00003
Rhodothermus	29548	G	1487	30	1517	0.00006
Rhodocaloribacter	2893090	G	874	28	902	0.00003
Rubrivirga	1434037	G	1646	28	1674	0.00006
Salinibacter	146918	G	631	0	631	0.00002
Ignavibacterium	795750	G	2103	21	2124	0.00008
Melioribacter	1134403	G	1100	12	1112	0.00004
Gracilimonas	649462	G	1500	12	1512	0.00006
Cyclonatronum	2489367	G	736	119	855	0.00003
Gemmatimonas	173479	G	1789	10	1799	0.00007
Gemmatirosa	1706036	G	858	109	967	0.00004
Pseudogemmatithrix	3237678	G	479	94	573	0.00002
Candidatus Palauibacter	3056650	G	1372	5	1377	0.00005
Gaopeijia	3381669	G	424	0	424	0.00002
Fibrobacter	832	G	1085	97	1182	0.00004
Fidelibacter	3377528	G	919	7	926	0.00004
Candidatus Cloacimonas	456826	G	745	0	745	0.00003
Hafnia	568	G	3381409	249812	3631221	0.13746
Edwardsiella	635	G	6177	1339	7516	0.00028
Obesumbacterium	82982	G	2001	319	2320	0.00009
Klebsiella	570	G	35102	62682	97784	0.00370
Citrobacter	544	G	31829	40132	71961	0.00272
Enterobacter	547	G	27612	21017	48629	0.00184
Salmonella	590	G	24761	87657	112418	0.00426
Escherichia	561	G	20779	72313	93092	0.00352
Buttiauxella	82976	G	19052	870	19922	0.00075
Kosakonia	1330547	G	7174	366	7540	0.00029
Candidatus Blochmanniella	203804	G	2564	24	2588	0.00010
Candidatus Westeberhardia	1699619	G	31	3	34	0.00000
Candidatus Williamhamiltonella	568987	G	413	47	460	0.00002
Candidatus Regiella	568988	G	212	276	488	0.00002
Symbiopectobacterium	801	G	812	19	831	0.00003
Candidatus Hartigia	1449912	G	519	11	530	0.00002
Candidatus Purcelliella	472825	G	301	28	329	0.00001
Candidatus Tachikawaea	1682492	G	247	46	293	0.00001
Candidatus Annandia	1302410	G	164	28	192	0.00001
Candidatus Doolittlea	1906657	G	127	1	128	0.00000
Candidatus Gullanella	1906661	G	126	3	129	0.00000
Candidatus Mikella	1906660	G	85	7	92	0.00000
Candidatus Hoaglandella	1906659	G	75	56	131	0.00000
Kluyvera	579	G	4598	955	5553	0.00021
Cronobacter	413496	G	4470	320	4790	0.00018
Leclercia	83654	G	3858	1859	5717	0.00022
Cedecea	158483	G	3353	170	3523	0.00013
Dryocola	3021684	G	3206	3313	6519	0.00025
Lelliottia	1330545	G	2318	295	2613	0.00010
Pluralibacter	1330546	G	1490	117	1607	0.00006
Plesiomonas	702	G	1329	183	1512	0.00006
Superficieibacter	2303321	G	1297	58	1355	0.00005
Pseudocitrobacter	1504576	G	1111	170	1281	0.00005
Jejuibacter	2815296	G	1064	29	1093	0.00004
Phytobacter	447792	G	1043	839	1882	0.00007
Shigella	620	G	1025	3924	4949	0.00019
Siccibacter	1649298	G	996	53	1049	0.00004
Atlantibacter	1903434	G	936	105	1041	0.00004
Scandinavium	2726810	G	879	50	929	0.00004
Franconibacter	1649295	G	852	84	936	0.00004
Trabulsiella	158851	G	522	119	641	0.00002
Pseudescherichia	2055880	G	479	147	626	0.00002
Shimwellia	1335483	G	474	16	490	0.00002
Mangrovibacter	451512	G	441	265	706	0.00003
Candidatus Profftia	1177214	G	435	21	456	0.00002
Yokenella	158876	G	284	49	333	0.00001
Candidatus Riesia	401618	G	283	3	286	0.00001
Candidatus Gillettellia	1177217	G	189	0	189	0.00001
Candidatus Curculioniphilus	690591	G	182	0	182	0.00001
Candidatus Schneideria	1081630	G	148	2	150	0.00001
Candidatus Ishikawella	409304	G	148	2	150	0.00001
Candidatus Moranella	1048757	G	142	0	142	0.00001
Candidatus Psyllophila	3682497	G	60	4	64	0.00000
Serratia	613	G	31171	5360	36531	0.00138
Yersinia	629	G	30353	6751	37104	0.00140
Rahnella	34037	G	7641	561	8202	0.00031
Rouxiella	1565532	G	1545	95	1640	0.00006
Chania	1745211	G	752	54	806	0.00003
Gibbsiella	929812	G	734	46	780	0.00003
Chimaeribacter	2716544	G	581	53	634	0.00002
Nissabacter	1964366	G	543	27	570	0.00002
Candidatus Fukatsuia	1927833	G	445	11	456	0.00002
Ewingella	41201	G	287	23	310	0.00001
Pantoea	53335	G	20555	1227	21782	0.00082
Buchnera	32199	G	11802	2462	14264	0.00054
Erwinia	551	G	9452	502	9954	0.00038
Mixta	2100764	G	1845	227	2072	0.00008
Tatumella	82986	G	853	41	894	0.00003
Winslowiella	2997349	G	622	33	655	0.00002
Paramixta	3231896	G	601	31	632	0.00002
Duffyella	3026546	G	561	60	621	0.00002
Wigglesworthia	51228	G	105	2	107	0.00000
Providencia	586	G	11150	7035	18185	0.00069
Proteus	583	G	6779	2521	9300	0.00035
Xenorhabdus	626	G	6321	175	6496	0.00025
Photorhabdus	29487	G	2878	25	2903	0.00011
Morganella	581	G	2835	1216	4051	0.00015
Arsenophonus	637	G	2296	30	2326	0.00009
Moellerella	158848	G	505	305	810	0.00003
Pectobacterium	122277	G	10434	449	10883	0.00041
Dickeya	204037	G	8812	1177	9989	0.00038
Brenneria	71655	G	2496	223	2719	0.00010
Lonsdalea	1082702	G	607	25	632	0.00002
Musicola	2884243	G	454	4	458	0.00002
Prodigiosinella	3059405	G	145	174	319	0.00001
Sodalis	84565	G	4742	86	4828	0.00018
Leminorella	82980	G	2069	55	2124	0.00008
Limnobaculum	2172100	G	952	30	982	0.00004
Pragia	82984	G	643	17	660	0.00002
Gallaecimonas	745410	G	960	178	1138	0.00004
Pseudomonas	286	G	135255	20686	155941	0.00590
Stutzerimonas	2901164	G	6732	1704	8436	0.00032
Halopseudomonas	2901189	G	3858	347	4205	0.00016
Ectopseudomonas	3236654	G	2296	1847	4143	0.00016
Metapseudomonas	3236656	G	1852	298	2150	0.00008
Azotobacter	352	G	1102	1315	2417	0.00009
Azorhizophilus	157913	G	239	9	248	0.00001
Thiopseudomonas	1654787	G	1071	84	1155	0.00004
Entomomonas	2758906	G	1001	10	1011	0.00004
Aquipseudomonas	3236652	G	798	243	1041	0.00004
Denitrificimonas	2901261	G	540	101	641	0.00002
Permianibacter	1649479	G	384	1	385	0.00001
Phytopseudomonas	3236657	G	365	51	416	0.00002
Geopseudomonas	3236655	G	163	29	192	0.00001
Marinobacter	2742	G	9769	502	10271	0.00039
Candidatus Njordibacter	3457297	G	846	12	858	0.00003
Pseudohongiella	1524249	G	419	2	421	0.00002
Ketobacter	2025617	G	396	5	401	0.00002
Shewanella	22	G	23779	1658	25437	0.00096
Parashewanella	2547964	G	874	12	886	0.00003
Psychrobium	1573826	G	438	12	450	0.00002
Alteromonas	226	G	7736	606	8342	0.00032
Salinimonas	288793	G	1457	185	1642	0.00006
Agarivorans	261825	G	2518	179	2697	0.00010
Paraglaciecola	1621534	G	1881	89	1970	0.00007
Catenovulum	1172191	G	1367	25	1392	0.00005
Alkalimarinus	1858563	G	1105	20	1125	0.00004
Ningiella	2751156	G	634	16	650	0.00002
Alishewanella	111142	G	621	51	672	0.00003
Lacimicrobium	1751872	G	578	17	595	0.00002
Paraneptunicella	2905123	G	431	11	442	0.00002
Saccharobesus	2894574	G	415	6	421	0.00002
Neptunicella	2125985	G	405	19	424	0.00002
Planctobacterium	2200736	G	346	14	360	0.00001
Brumicola	3160924	G	342	14	356	0.00001
Saliniradius	2661818	G	324	13	337	0.00001
Halioxenophilus	2108524	G	269	16	285	0.00001
Aliiglaciecola	1406885	G	265	32	297	0.00001
Hydrocarboniclastica	2650549	G	154	5	159	0.00001
Gayadomonas	1234605	G	21	0	21	0.00000
Pseudoalteromonas	53246	G	18253	886	19139	0.00072
Psychrosphaera	907197	G	529	57	586	0.00002
Flocculibacter	2834759	G	291	9	300	0.00001
Thalassotalea	1518149	G	5617	288	5905	0.00022
Colwellia	28228	G	4405	311	4716	0.00018
Thalassomonas	137583	G	1852	28	1880	0.00007
Pseudocolwellia	2848177	G	710	22	732	0.00003
Cognaticolwellia	2848171	G	432	44	476	0.00002
Litorilituus	1407056	G	296	6	302	0.00001
Psychromonas	67572	G	3135	48	3183	0.00012
Idiomarina	135575	G	2159	171	2330	0.00009
Pseudidiomarina	2800384	G	553	49	602	0.00002
Moritella	58050	G	1653	102	1755	0.00007
Ferrimonas	44011	G	1163	44	1207	0.00005
Aegicerorhabdus	3614798	G	368	8	376	0.00001
Motilimonas	1914248	G	226	7	233	0.00001
Vibrio	662	G	63479	3595	67074	0.00254
Photobacterium	657	G	8756	781	9537	0.00036
Aliivibrio	511678	G	2203	276	2479	0.00009
Salinivibrio	51366	G	1401	36	1437	0.00005
Grimontia	246861	G	1211	35	1246	0.00005
Enterovibrio	188143	G	707	18	725	0.00003
Parasalinivibrio	3378804	G	603	20	623	0.00002
Paraphotobacterium	2042066	G	385	16	401	0.00002
Thaumasiovibrio	2014233	G	279	14	293	0.00001
Halomonas	2745	G	13312	1632	14944	0.00057
Vreelandella	3137766	G	5342	2099	7441	0.00028
Salinicola	404432	G	1616	96	1712	0.00006
Kushneria	504090	G	1411	10	1421	0.00005
Cobetia	204286	G	1204	26	1230	0.00005
Zymobacter	33073	G	707	21	728	0.00003
Candidatus Carsonella	114185	G	367	114	481	0.00002
Billgrantia	3137761	G	837	345	1182	0.00004
Chromohalobacter	42054	G	773	72	845	0.00003
Halotalea	376488	G	448	15	463	0.00002
Bisbaumannia	3137762	G	282	15	297	0.00001
Pistricoccus	1897649	G	231	2	233	0.00001
Marinomonas	28253	G	7565	271	7836	0.00030
Marinobacterium	48075	G	2236	95	2331	0.00009
Neptuniibacter	459520	G	2234	54	2288	0.00009
Thalassolituus	187492	G	1414	129	1543	0.00006
Neptunomonas	75687	G	1061	20	1081	0.00004
Amphritea	515417	G	1034	30	1064	0.00004
Aliamphritea	3018276	G	945	37	982	0.00004
Bacterioplanoides	2066071	G	903	22	925	0.00004
Bermanella	599651	G	798	8	806	0.00003
Venatoribacter	2893036	G	594	134	728	0.00003
Nitrincola	267849	G	590	36	626	0.00002
Motiliproteus	1775292	G	446	11	457	0.00002
Marinospirillum	64968	G	323	9	332	0.00001
Bacterioplanes	1537406	G	228	8	236	0.00001
Endozoicomonas	305899	G	3836	59	3895	0.00015
Alcanivorax	59753	G	1676	76	1752	0.00007
Alloalcanivorax	3020832	G	1387	119	1506	0.00006
Isoalcanivorax	3020833	G	328	35	363	0.00001
Hahella	158481	G	1970	22	1992	0.00008
Thermohahella	3449104	G	393	30	423	0.00002
Allohahella	1855402	G	149	1	150	0.00001
Gynuella	1445504	G	956	11	967	0.00004
Salinispirillum	1649491	G	432	6	438	0.00002
Reinekea	230494	G	346	5	351	0.00001
Saccharospirillum	231683	G	300	5	305	0.00001
Aliikangiella	1920241	G	1162	2	1164	0.00004
Pleionea	1502941	G	360	3	363	0.00001
Spartinivicinus	2768738	G	786	12	798	0.00003
Oleiphilus	141450	G	530	10	540	0.00002
Pokkaliibacter	2301194	G	421	9	430	0.00002
Marinicellulosiphila	3414216	G	395	6	401	0.00002
Litorivicinus	418700	G	274	2	276	0.00001
Xanthomonas	338	G	14124	5280	19404	0.00073
Stenotrophomonas	40323	G	12048	3194	15242	0.00058
Lysobacter	68	G	6124	2161	8285	0.00031
Pseudoxanthomonas	83618	G	4601	581	5182	0.00020
Luteimonas	83614	G	3203	80	3283	0.00012
Thermomonas	141948	G	1462	53	1515	0.00006
Xylella	2370	G	718	29	747	0.00003
Agrilutibacter	3382696	G	494	14	508	0.00002
Marilutibacter	3382698	G	464	12	476	0.00002
Pseudoluteimonas	3382694	G	282	7	289	0.00001
Arenimonas	490567	G	246	6	252	0.00001
Solilutibacter	3382695	G	222	10	232	0.00001
Novilysobacter	3382699	G	208	60	268	0.00001
Dyella	231454	G	5141	293	5434	0.00021
Rhodanobacter	75309	G	3077	233	3310	0.00013
Luteibacter	242605	G	2738	115	2853	0.00011
Frateuria	70411	G	844	114	958	0.00004
Tahibacter	1453544	G	824	12	836	0.00003
Dokdonella	323413	G	636	19	655	0.00002
Pseudolysobacter	2709666	G	430	3	433	0.00002
Ahniella	2233801	G	302	2	304	0.00001
Aerosticca	2707020	G	217	165	382	0.00001
Marinicella	863253	G	525	1	526	0.00002
Acinetobacter	469	G	42335	36108	78443	0.00297
Psychrobacter	497	G	7611	391	8002	0.00030
Moraxella	475	G	4873	365	5238	0.00020
Faucicola	1604696	G	1309	213	1522	0.00006
Lwoffella	3444169	G	283	28	311	0.00001
Aquirhabdus	2824158	G	255	12	267	0.00001
Lonepinella	53416	G	12073	149	12222	0.00046
Haemophilus	724	G	5037	711	5748	0.00022
Actinobacillus	713	G	3871	850	4721	0.00018
Pasteurella	745	G	3805	1050	4855	0.00018
Mannheimia	75984	G	3179	308	3487	0.00013
Aggregatibacter	416916	G	2179	213	2392	0.00009
Gallibacterium	155493	G	1954	559	2513	0.00010
Avibacterium	292486	G	1785	308	2093	0.00008
Glaesserella	2094023	G	1429	385	1814	0.00007
Rodentibacter	1960084	G	1358	67	1425	0.00005
Testudinibacter	1755672	G	945	13	958	0.00004
Basfia	697331	G	760	42	802	0.00003
Bibersteinia	476528	G	752	193	945	0.00004
Phocoenobacter	146805	G	513	465	978	0.00004
Bisgaardia	109471	G	456	17	473	0.00002
Histophilus	214906	G	422	111	533	0.00002
Otariodibacter	1249016	G	361	14	375	0.00001
Mergibacter	2899790	G	309	9	318	0.00001
Frederiksenia	1649317	G	265	29	294	0.00001
Vespertiliibacter	1520333	G	239	11	250	0.00001
Aeromonas	642	G	17912	4630	22542	0.00085
Zobellella	347533	G	2020	337	2357	0.00009
Oceanimonas	129577	G	1174	251	1425	0.00005
Oceanisphaera	225143	G	873	10	883	0.00003
Pseudaeromonas	1929090	G	600	22	622	0.00002
Dongshaea	2802288	G	499	7	506	0.00002
Tolumonas	43947	G	496	41	537	0.00002
Succinivibrio	83770	G	1525	1	1526	0.00006
Microbulbifer	48073	G	11057	200	11257	0.00043
Cellvibrio	10	G	2712	40	2752	0.00010
Teredinibacter	2425	G	2369	36	2405	0.00009
Simiduia	447467	G	984	11	995	0.00004
Gilvimarinus	940550	G	796	11	807	0.00003
Agarilytica	2036021	G	580	5	585	0.00002
Saccharophagus	316625	G	473	12	485	0.00002
Marinimicrobium	359337	G	450	25	475	0.00002
Maricurvus	1122283	G	450	3	453	0.00002
Agaribacterium	2038244	G	372	5	377	0.00001
Marinagarivorans	1792291	G	240	7	247	0.00001
Halioglobus	1217416	G	884	16	900	0.00003
Congregibacter	393661	G	769	77	846	0.00003
Kineobactrum	2678529	G	339	4	343	0.00001
Luminiphilus	1341118	G	259	1	260	0.00001
Aequoribacter	2847769	G	221	13	234	0.00001
Candidatus Paraluminiphilus	3040948	G	187	2	189	0.00001
Spongiibacter	630749	G	1044	94	1138	0.00004
Zhongshania	1434050	G	407	13	420	0.00002
Oceanicoccus	1084558	G	334	1	335	0.00001
Porticoccus	1123967	G	205	3	208	0.00001
Rheinheimera	67575	G	1531	274	1805	0.00007
Thiorhodovibrio	61593	G	1497	50	1547	0.00006
Nitrosococcus	1227	G	1404	10	1414	0.00005
Thiocapsa	1056	G	1124	54	1178	0.00004
Thiodictyon	53392	G	676	18	694	0.00003
Thiocystis	13724	G	506	32	538	0.00002
Allochromatium	85072	G	495	38	533	0.00002
Marichromatium	85076	G	420	51	471	0.00002
Thioflavicoccus	156885	G	361	11	372	0.00001
Candidatus Nitrosacidococcus	2796146	G	359	6	365	0.00001
Caldichromatium	2828366	G	299	16	315	0.00001
Candidatus Nitrosoglobus	1980513	G	298	9	307	0.00001
Thermochromatium	85073	G	242	15	257	0.00001
Thioalkalivibrio	106633	G	1924	68	1992	0.00008
Ectothiorhodospira	1051	G	1527	46	1573	0.00006
Acidihalobacter	1765964	G	1085	28	1113	0.00004
Spiribacter	1335745	G	908	10	918	0.00003
Alkalilimnicola	133193	G	676	29	705	0.00003
Halorhodospira	85108	G	516	1	517	0.00002
Aquisalimonas	406099	G	515	3	518	0.00002
Ectothiorhodosinus	233099	G	245	7	252	0.00001
Sediminicurvatus	3383961	G	243	1	244	0.00001
Thiolapillus	1608298	G	706	2	708	0.00003
Magnetovirga	3425870	G	698	6	704	0.00003
Thiosocius	2780488	G	625	4	629	0.00002
Candidatus Thiodiazotropha	1913444	G	606	11	617	0.00002
Sedimenticola	349742	G	464	6	470	0.00002
Candidatus Endoriftia	393764	G	250	9	259	0.00001
Halothiobacillus	109262	G	862	27	889	0.00003
Granulosicoccus	437504	G	476	0	476	0.00002
Sulfuriflexus	1860077	G	190	2	192	0.00001
Wenzhouxiangella	1676142	G	619	6	625	0.00002
Guyparkeria	2035712	G	567	27	594	0.00002
Methylomonas	416	G	8081	99	8180	0.00031
Methylotuvimicrobium	2822410	G	2099	97	2196	0.00008
Methylobacter	429	G	2028	103	2131	0.00008
Methylocaldum	73778	G	2018	91	2109	0.00008
Methylococcus	413	G	1990	59	2049	0.00008
Methylomicrobium	39773	G	1194	47	1241	0.00005
Methylovulum	762296	G	849	9	858	0.00003
Methylomarinum	1221209	G	662	51	713	0.00003
Candidatus Methylospira	1808977	G	625	16	641	0.00002
Methylomagnum	1760987	G	606	5	611	0.00002
Methyloprofundus	1565313	G	582	10	592	0.00002
Methylogaea	1295378	G	537	15	552	0.00002
Candidatus Methylocalor	3135206	G	353	1	354	0.00001
Methylomarinovum	1486720	G	520	1	521	0.00002
Legionella	445	G	14858	240	15098	0.00057
Fluoribacter	461	G	510	49	559	0.00002
Rickettsiella	59195	G	3527	17	3544	0.00013
Coxiella	776	G	952	69	1021	0.00004
Aquicella	254245	G	778	652	1430	0.00005
Candidiatus Paracoxiella	3405119	G	235	3	238	0.00001
Thiomicrorhabdus	2039723	G	3485	45	3530	0.00013
Methylophaga	40222	G	1899	176	2075	0.00008
Thiomicrospira	933	G	1575	202	1777	0.00007
Hydrogenovibrio	28884	G	915	178	1093	0.00004
Piscirickettsia	1237	G	800	5	805	0.00003
Thiosulfativibrio	2781120	G	405	5	410	0.00002
Cycloclasticus	34067	G	268	14	282	0.00001
Thiosulfatimonas	2781121	G	189	4	193	0.00001
Francisella	262	G	5896	134	6030	0.00023
Allofrancisella	1869285	G	791	16	807	0.00003
Thiothrix	1030	G	3106	14	3120	0.00012
Beggiatoa	1021	G	662	0	662	0.00003
Cysteiniphilum	2056696	G	397	5	402	0.00002
Candidatus Pseudothioglobus	2841677	G	1433	82	1515	0.00006
Candidatus Thioglobus	655184	G	607	49	656	0.00002
Candidatus Vesicomyidisocius	2732587	G	464	3	467	0.00002
Candidatus Ruthturnera	1541743	G	310	4	314	0.00001
Candidatus Thiodubiliella	2738885	G	270	371	641	0.00002
Candidatus Vondammii	2686004	G	297	260	557	0.00002
Celerinatantimonas	412033	G	444	3	447	0.00002
Candidatus Reidiella	2738850	G	431	0	431	0.00002
Candidatus Palibaumannia	198346	G	278	2	280	0.00001
Candidatus Nardonella	204619	G	274	54	328	0.00001
Candidatus Steffania	1076625	G	219	0	219	0.00001
Candidatus Azoamicus	2817383	G	118	4	122	0.00000
Gilliamella	1193503	G	3434	348	3782	0.00014
Orbus	743714	G	1264	15	1279	0.00005
Zophobihabitans	2894762	G	306	5	311	0.00001
Utexia	3373510	G	288	8	296	0.00001
Frischella	1335631	G	252	25	277	0.00001
Hydrocarboniphaga	243627	G	881	52	933	0.00004
Solimonas	413435	G	664	23	687	0.00003
Nevskia	64001	G	576	57	633	0.00002
Sinimarinibacterium	1861863	G	468	64	532	0.00002
Flagellatimonas	2893022	G	302	23	325	0.00001
Algiphilus	1266053	G	540	33	573	0.00002
Cardiobacterium	2717	G	1200	38	1238	0.00005
Suttonella	13275	G	377	3	380	0.00001
Dichelobacter	869	G	287	67	354	0.00001
Ignatzschineria	112008	G	699	9	708	0.00003
Wohlfahrtiimonas	582472	G	489	69	558	0.00002
Kangiella	261963	G	1762	30	1792	0.00007
Acidiferrobacter	986106	G	530	0	530	0.00002
Sulfuricaulis	1744881	G	444	1	445	0.00002
Sulfurifustis	1692042	G	418	1	419	0.00002
Thiohalobacter	1273155	G	869	3	872	0.00003
Candidatus Spongiihabitans	3033996	G	821	648	1469	0.00006
Salinisphaera	180541	G	629	2	631	0.00002
Immundisolibacter	1934947	G	441	20	461	0.00002
Woeseia	1738655	G	368	0	368	0.00001
Sulfurivermis	2034504	G	289	144	433	0.00002
Candidatus Foliamicus	3023563	G	281	0	281	0.00001
Steroidobacter	469322	G	242	16	258	0.00001
Candidatus Rariloculus ( ex Nguyen 2022)	2978114	G	241	0	241	0.00001
Candidatus Portiera	235572	G	176	4	180	0.00001
Candidatus Comchoanobacter	2975286	G	55	0	55	0.00000
Bradyrhizobium	374	G	183727	9983	193710	0.00733
Rhodopseudomonas	1073	G	7117	900	8017	0.00030
Tardiphaga	1395974	G	4364	254	4618	0.00017
Afipia	1033	G	2945	1048	3993	0.00015
Nitrobacter	911	G	2438	100	2538	0.00010
Rugositalea	3466653	G	1859	44	1903	0.00007
Variibacter	1649510	G	536	12	548	0.00002
Rhizobium	379	G	26593	3737	30330	0.00115
Agrobacterium	357	G	12112	11716	23828	0.00090
Neorhizobium	1525371	G	3051	468	3519	0.00013
Pararhizobium	1612611	G	2126	283	2409	0.00009
Pseudorhizobium	1903858	G	336	120	456	0.00002
Allorhizobium	78526	G	30	52	82	0.00000
Sinorhizobium	28105	G	6942	974	7916	0.00030
Ensifer	106591	G	3241	323	3564	0.00013
Shinella	323620	G	3452	1838	5290	0.00020
Hoeflea	274591	G	2300	282	2582	0.00010
Liberibacter	34019	G	988	43	1031	0.00004
Peteryoungia	2853332	G	727	71	798	0.00003
Affinirhizobium	3070964	G	672	109	781	0.00003
Lentilitoribacter	1649463	G	625	9	634	0.00002
Georhizobium	2661800	G	462	56	518	0.00002
Terrirhizobium	3464117	G	337	34	371	0.00001
Ciceribacter	1648508	G	321	22	343	0.00001
Paenirhizobium	3070963	G	149	67	216	0.00001
Mesorhizobium	68287	G	23953	1742	25695	0.00097
Nitratireductor	245876	G	3027	811	3838	0.00015
Phyllobacterium	28100	G	2745	135	2880	0.00011
Aminobacter	31988	G	1623	941	2564	0.00010
Aquibium	2911176	G	912	98	1010	0.00004
Chelativorans	449972	G	405	101	506	0.00002
Terribium	3143704	G	274	201	475	0.00002
Aquamicrobium	69278	G	37	0	37	0.00000
Methylobacterium	407	G	13185	1141	14326	0.00054
Microvirga	186650	G	3521	141	3662	0.00014
Methylorubrum	2282523	G	3286	655	3941	0.00015
Devosia	46913	G	9326	302	9628	0.00036
Pelagibacterium	1082930	G	2510	351	2861	0.00011
Paradevosia	1573407	G	876	168	1044	0.00004
Maritalea	623276	G	561	8	569	0.00002
Mariluticola	3064792	G	390	7	397	0.00002
Roseibium	150830	G	5197	1043	6240	0.00024
Stappia	152161	G	2118	673	2791	0.00011
Breoghania	1406135	G	1054	51	1105	0.00004
Pannonibacter	227873	G	753	1307	2060	0.00008
Pseudovibrio	258255	G	678	30	708	0.00003
Labrenzia	478070	G	634	398	1032	0.00004
Bartonella	773	G	10830	382	11212	0.00042
Ancylobacter	99	G	2795	324	3119	0.00012
Labrys	204476	G	2351	628	2979	0.00011
Xanthobacter	279	G	1874	496	2370	0.00009
Pseudolabrys	556257	G	1661	92	1753	0.00007
Starkeya	152053	G	660	34	694	0.00003
Aquabacter	45402	G	552	19	571	0.00002
Azorhizobium	6	G	499	44	543	0.00002
Brucella	234	G	4871	3332	8203	0.00031
Ochrobactrum	528	G	634	257	891	0.00003
Pseudochrobactrum	354349	G	1571	301	1872	0.00007
Methylocystis	133	G	5116	251	5367	0.00020
Methylosinus	425	G	1630	93	1723	0.00007
Bosea	85413	G	6242	522	6764	0.00026
Aureimonas	414371	G	2959	685	3644	0.00014
Martelella	293088	G	1906	923	2829	0.00011
Antarcticirhabdus	3042730	G	438	63	501	0.00002
Jiella	1775688	G	429	29	458	0.00002
Aurantimonas	182269	G	380	52	432	0.00002
Methylovirgula	1156568	G	2370	99	2469	0.00009
Methylocapsa	184923	G	1297	76	1373	0.00005
Methylocella	120652	G	1134	40	1174	0.00004
Beijerinckia	532	G	299	13	312	0.00001
Reyranella	445219	G	5029	125	5154	0.00020
Hyphomicrobium	81	G	2863	70	2933	0.00011
Rhodomicrobium	1068	G	919	16	935	0.00004
Methyloceanibacter	1484898	G	464	7	471	0.00002
Methyloligella	1485594	G	236	6	242	0.00001
Filomicrobium	119044	G	153	2	155	0.00001
Enhydrobacter	212791	G	1419	50	1469	0.00006
Pseudorhodoplanes	1734920	G	713	16	729	0.00003
Nordella	169055	G	650	7	657	0.00002
Terrihabitans	2874214	G	366	13	379	0.00001
Candidatus Endowatersipora	376743	G	104	0	104	0.00000
Candidatus Hodgkinia	573657	G	92	0	92	0.00000
Pyruvatibacter	1742974	G	883	48	931	0.00004
Parvibaculum	256616	G	601	383	984	0.00004
Tepidicaulis	1742977	G	331	357	688	0.00003
Kaustia	2838250	G	322	11	333	0.00001
Candidatus Phaeomarinibacter	1541445	G	295	3	298	0.00001
Anderseniella	444432	G	278	15	293	0.00001
Pleomorphomonas	261933	G	1623	284	1907	0.00007
Hartmannibacter	1572860	G	555	119	674	0.00003
Oricola	1594166	G	935	95	1030	0.00004
Roseitalea	1915401	G	415	29	444	0.00002
Oceaniradius	2679892	G	383	385	768	0.00003
Ahrensia	152180	G	261	2	263	0.00001
Cohaesibacter	655352	G	1574	40	1614	0.00006
Phreatobacter	1632780	G	1478	85	1563	0.00006
Acuticoccus	1904377	G	1316	42	1358	0.00005
Kaistia	166953	G	689	69	758	0.00003
Bauldia	1145345	G	359	6	365	0.00001
Blastochloris	59282	G	998	77	1075	0.00004
Terrirubrum	3142786	G	902	19	921	0.00003
Chelatococcus	28209	G	894	88	982	0.00004
Alsobacter	1502180	G	611	46	657	0.00002
Lichenihabitans	2723776	G	553	9	562	0.00002
Salinarimonas	690086	G	536	42	578	0.00002
Rhodoligotrophos	987053	G	491	9	500	0.00002
Chenggangzhangella	2041902	G	448	19	467	0.00002
Coralliovum	3228940	G	427	9	436	0.00002
Methyloraptor	3382645	G	421	36	457	0.00002
Aestuariivirga	2650923	G	305	6	311	0.00001
Salaquimonas	2712688	G	294	5	299	0.00001
Afifella	643217	G	241	50	291	0.00001
Sphingomonas	13687	G	27099	7233	34332	0.00130
Novosphingobium	165696	G	8251	1530	9781	0.00037
Stakelama	1124625	G	389	45	434	0.00002
Parablastomonas	1654718	G	363	16	379	0.00001
Sphingosinithalassobacter	2676233	G	285	13	298	0.00001
Tardibacter	2685927	G	233	323	556	0.00002
Alterisphingorhabdus (ex Yan et al. 2024)	3382518	G	231	1	232	0.00001
Citromicrobium	72173	G	193	28	221	0.00001
Hankyongella	1763827	G	144	13	157	0.00001
Erythrobacter	1041	G	4568	536	5104	0.00019
Porphyrobacter	1111	G	821	171	992	0.00004
Qipengyuania	1855416	G	3825	574	4399	0.00017
Altererythrobacter	361177	G	2344	241	2585	0.00010
Tsuneonella	2800686	G	1368	135	1503	0.00006
Croceicoccus	1295327	G	1090	388	1478	0.00006
Aurantiacibacter	2800681	G	989	117	1106	0.00004
Croceibacterium	2676755	G	744	44	788	0.00003
Caenibius	2827482	G	593	111	704	0.00003
Pelagerythrobacter	2800685	G	577	99	676	0.00003
Pseudoblastomonas	3423750	G	371	47	418	0.00002
Paraurantiacibacter	2800682	G	317	9	326	0.00001
Parerythrobacter	2800684	G	106	9	115	0.00000
Sphingobium	165695	G	9870	5137	15007	0.00057
Sphingopyxis	165697	G	7386	1400	8786	0.00033
Parasphingorhabdus	2709685	G	2823	399	3222	0.00012
Sphingorhabdus	1434046	G	2707	331	3038	0.00012
Novosphingopyxis	2709686	G	505	64	569	0.00002
Sphingosinicella	335405	G	1000	313	1313	0.00005
Glacieibacterium	2860235	G	509	136	645	0.00002
Polymorphobacter	1508451	G	364	189	553	0.00002
Sandaracinobacteroides	2883109	G	308	8	316	0.00001
Rhizorhabdus	1649486	G	1089	509	1598	0.00006
Alterirhizorhabdus	3423723	G	504	35	539	0.00002
Zymomonas	541	G	1178	376	1554	0.00006
Allosphingosinicella	2823232	G	684	36	720	0.00003
Sphingomicrobium	1227948	G	440	26	466	0.00002
Blastomonas	150203	G	855	41	896	0.00003
Parasphingopyxis	1234545	G	753	15	768	0.00003
Aquisediminimonas	2676781	G	272	6	278	0.00001
Sulfitobacter	60136	G	7466	1326	8792	0.00033
Roseovarius	74030	G	4548	475	5023	0.00019
Leisingera	191028	G	2757	213	2970	0.00011
Phaeobacter	302485	G	2665	847	3512	0.00013
Roseobacter	2433	G	2061	39	2100	0.00008
Ruegeria	97050	G	2035	309	2344	0.00009
Pseudosulfitobacter	2854186	G	1514	742	2256	0.00009
Thalassovita	335927	G	1425	59	1484	0.00006
Octadecabacter	53945	G	1354	220	1574	0.00006
Alloyangia	2919626	G	1141	72	1213	0.00005
Jannaschia	188905	G	1010	29	1039	0.00004
Celeribacter	875170	G	966	381	1347	0.00005
Shimia	573139	G	954	67	1021	0.00004
Marinovum	367771	G	858	149	1007	0.00004
Ketogulonicigenium	92944	G	818	214	1032	0.00004
Salipiger	263377	G	816	467	1283	0.00005
Roseivivax	93682	G	811	139	950	0.00004
Tateyamaria	299261	G	776	17	793	0.00003
Rhodophyticola	2680018	G	756	11	767	0.00003
Falsihalocynthiibacter	2854182	G	701	18	719	0.00003
Sagittula	58842	G	605	264	869	0.00003
Mameliella	1434019	G	593	90	683	0.00003
Actibacterium	1433986	G	567	437	1004	0.00004
Roseicyclus	336277	G	556	13	569	0.00002
Aliisedimentitalea	1697958	G	488	50	538	0.00002
Thalassovivens	3680327	G	483	12	495	0.00002
Thalassobacter	266808	G	449	9	458	0.00002
Phycobium	3479963	G	399	7	406	0.00002
Palleronia	315422	G	353	7	360	0.00001
Lentibacter	1434014	G	329	29	358	0.00001
Oceanicola	252301	G	325	11	336	0.00001
Antarctobacter	74032	G	287	6	293	0.00001
Pelagimonas	1434029	G	281	15	296	0.00001
Ponticoccus	983507	G	266	26	292	0.00001
Algirhabdus	3412738	G	259	2	261	0.00001
Loktanella	245186	G	236	9	245	0.00001
Seohaeicola	481178	G	231	7	238	0.00001
Aliiphycobium	3479962	G	226	11	237	0.00001
Tropicibacter	599653	G	218	8	226	0.00001
Thalassococcus	436357	G	212	2	214	0.00001
Dinoroseobacter	309512	G	211	130	341	0.00001
Marivita	659428	G	199	6	205	0.00001
Nereida	282198	G	190	0	190	0.00001
Paracoccus	265	G	12146	3708	15854	0.00060
Pseudooceanicola	1679449	G	1969	142	2111	0.00008
Yoonia	2211641	G	1632	200	1832	0.00007
Thioclava	285107	G	1483	174	1657	0.00006
Cereibacter	1653176	G	1472	255	1727	0.00007
Tabrizicola	1443919	G	1155	160	1315	0.00005
Tritonibacter	2083206	G	1047	558	1605	0.00006
Limimaricola	2211638	G	945	131	1076	0.00004
Aliiroseovarius	1658781	G	915	59	974	0.00004
Pontivivens	1844015	G	762	86	848	0.00003
Rhodovulum	34008	G	740	81	821	0.00003
Roseinatronobacter	121820	G	622	13	635	0.00002
Gymnodinialimonas	2937410	G	569	16	585	0.00002
Parasedimentitalea	2738399	G	554	19	573	0.00002
Paroceanicella	2683599	G	497	153	650	0.00002
Pelagovum	2795377	G	479	57	536	0.00002
Pikeienuella	2831955	G	457	113	570	0.00002
Neotabrizicola	2946607	G	449	82	531	0.00002
Marinibacterium	1931200	G	410	29	439	0.00002
Fontisubflavum	3118803	G	403	6	409	0.00002
Vannielia	2813041	G	382	9	391	0.00001
Pseudophaeobacter	1541822	G	380	146	526	0.00002
Abyssibius	3029205	G	379	32	411	0.00002
Frigidibacter	1775705	G	378	190	568	0.00002
Amylibacter	1617805	G	367	5	372	0.00001
Pacificitalea	2846749	G	365	114	479	0.00002
Pukyongiella	2831925	G	362	112	474	0.00002
Amaricoccus	56999	G	353	29	382	0.00001
Nioella	1775424	G	345	11	356	0.00001
Gemmobacter	204456	G	340	54	394	0.00001
Polymorphum	991903	G	335	218	553	0.00002
Cognatishimia	2211635	G	328	11	339	0.00001
Planktomarina	1284657	G	322	12	334	0.00001
Pseudorhodobacter	238783	G	322	11	333	0.00001
Haematobacter	366614	G	305	439	744	0.00003
Aestuariibius	2109360	G	298	6	304	0.00001
Marivivens	1759396	G	298	29	327	0.00001
Arenibacterium	2824249	G	289	67	356	0.00001
Profundibacter	2778525	G	279	3	282	0.00001
Fuscovulum	2818469	G	274	40	314	0.00001
Roseicitreum	1209946	G	273	2	275	0.00001
Albidovulum	205889	G	264	7	271	0.00001
Brevirhabdus	1855413	G	259	197	456	0.00002
Algicella	3050722	G	246	4	250	0.00001
Falsirhodobacter	1434002	G	242	15	257	0.00001
Silicimonas	1955420	G	240	4	244	0.00001
Pseudopelagicola	1649483	G	239	4	243	0.00001
Pseudoroseicyclus	1813601	G	239	9	248	0.00001
Pseudogemmobacter	2663134	G	238	9	247	0.00001
Paragemmobacter	3143992	G	221	45	266	0.00001
Qingshengfaniella	2816884	G	172	5	177	0.00001
Rhodobacter	1060	G	2389	330	2719	0.00010
Azospirillum	191	G	12136	620	12756	0.00048
Skermanella	204447	G	1885	527	2412	0.00009
Niveispirillum	1543704	G	1153	170	1323	0.00005
Nitrospirillum	1543705	G	792	59	851	0.00003
Indioceanicola	2478349	G	490	29	519	0.00002
Magnetospirillum	13134	G	1779	222	2001	0.00008
Ferrovibrio	1231242	G	1269	30	1299	0.00005
Rhodospirillum	1081	G	996	62	1058	0.00004
Aerophototrophica	2811387	G	568	21	589	0.00002
Candidatus Endolissoclinum	1263978	G	433	2	435	0.00002
Defluviicoccus	111830	G	368	43	411	0.00002
Pararhodospirillum	1612157	G	338	15	353	0.00001
Thalassospira	168934	G	5076	234	5310	0.00020
Magnetospira	1182780	G	422	7	429	0.00002
Pelagibius	643951	G	1094	19	1113	0.00004
Algihabitans	2821512	G	783	11	794	0.00003
Thalassobaculum	526215	G	941	114	1055	0.00004
Nisaea	390876	G	790	86	876	0.00003
Terasakiella	196080	G	1628	6	1634	0.00006
Hypericibacter	2705399	G	1350	61	1411	0.00005
Hwanghaeella	2605940	G	440	6	446	0.00002
Aestuariispira	1647175	G	415	14	429	0.00002
Caenispirillum	414051	G	392	24	416	0.00002
Haematospirillum	1804663	G	319	7	326	0.00001
Paramagnetospirillum	3031148	G	572	187	759	0.00003
Allostella	93	G	532	16	548	0.00002
Zavarzinia	204446	G	362	8	370	0.00001
Varunaivibrio	1866954	G	276	5	281	0.00001
Acetobacter	434	G	4669	2132	6801	0.00026
Komagataeibacter	1434011	G	3504	3146	6650	0.00025
Gluconobacter	441	G	1674	611	2285	0.00009
Rhodovastum	504465	G	957	33	990	0.00004
Lichenicoccus	2781897	G	900	32	932	0.00004
Granulibacter	364409	G	868	54	922	0.00003
Asaia	91914	G	857	1170	2027	0.00008
Rhodopila	1070	G	641	16	657	0.00002
Pararoseomonas	2870712	G	624	184	808	0.00003
Lichenicola	2804525	G	616	16	632	0.00002
Gluconacetobacter	89583	G	480	83	563	0.00002
Novacetimonas	2919364	G	436	314	750	0.00003
Kozakia	153497	G	432	285	717	0.00003
Acidibrevibacterium	2603324	G	401	53	454	0.00002
Nguyenibacter	1519186	G	396	30	426	0.00002
Commensalibacter	1079922	G	346	16	362	0.00001
Neoasaia	320496	G	285	51	336	0.00001
Entomobacter	2811380	G	267	9	276	0.00001
Aristophania	3027666	G	253	13	266	0.00001
Oecophyllibacter	2791118	G	208	4	212	0.00001
Parasaccharibacter	1602345	G	202	1	203	0.00001
Swingsia	1649499	G	195	41	236	0.00001
Candidatus Kirkpatrickella	3097638	G	161	8	169	0.00001
Neokomagataea	1223423	G	141	17	158	0.00001
Formicincola	2952773	G	117	1	118	0.00000
Roseomonas	125216	G	4770	786	5556	0.00021
Sediminicoccus	1706033	G	1281	94	1375	0.00005
Dankookia	1940143	G	533	29	562	0.00002
Muricoccus	3409995	G	483	27	510	0.00002
Humitalea	1223303	G	439	11	450	0.00002
Roseococcus	35812	G	365	35	400	0.00002
Acidiphilium	522	G	598	18	616	0.00002
Acidocella	50709	G	342	12	354	0.00001
Acidisoma	512381	G	323	6	329	0.00001
Elioraea	457933	G	336	6	342	0.00001
Brevundimonas	41275	G	9600	1713	11313	0.00043
Caulobacter	75	G	5881	458	6339	0.00024
Asticcacaulis	76890	G	3071	134	3205	0.00012
Phenylobacterium	20	G	2180	155	2335	0.00009
Terricaulis	2768684	G	281	7	288	0.00001
Rickettsia	780	G	4442	258	4700	0.00018
Candidatus Tisiphia	2996317	G	1887	216	2103	0.00008
Candidatus Trichorickettsia	1522201	G	838	12	850	0.00003
Orientia	69474	G	647	1	648	0.00002
Candidatus Sneabacter	2601645	G	127	0	127	0.00000
Candidatus Megaera	1742636	G	212	4	216	0.00001
Candidatus Phycorickettsia	2115980	G	198	0	198	0.00001
Wolbachia	953	G	5142	448	5590	0.00021
Ehrlichia	943	G	1822	49	1871	0.00007
Anaplasma	768	G	545	14	559	0.00002
Neorickettsia	33993	G	381	50	431	0.00002
Candidatus Mesenet	2883098	G	273	18	291	0.00001
Candidatus Neoehrlichia	467749	G	268	15	283	0.00001
Candidatus Bandiella	2716172	G	366	2	368	0.00001
Candidatus Midichloria	411566	G	293	9	302	0.00001
Candidatus Fokinia	1802983	G	258	5	263	0.00001
Candidatus Lariskella	1175554	G	216	1	217	0.00001
Candidatus Deianiraea	2603321	G	476	441	917	0.00003
Candidatus Pelagibacter	198251	G	6662	79	6741	0.00026
Candidatus Fonsibacter	2045213	G	251	3	254	0.00001
Hyphobacterium	2004661	G	1280	478	1758	0.00007
Oceanicaulis	153232	G	994	33	1027	0.00004
Maricaulis	74317	G	932	34	966	0.00004
Glycocaulis	1433402	G	617	152	769	0.00003
Marinicauda	1649466	G	312	117	429	0.00002
Litorimonas	1167830	G	496	3	499	0.00002
Fretibacter	1649331	G	305	2	307	0.00001
Algimonas	1246884	G	212	1	213	0.00001
Tistrella	171436	G	2329	1029	3358	0.00013
Marinivivus	3457535	G	538	17	555	0.00002
Candidatus Cytomitobacter	2601574	G	591	5	596	0.00002
Candidatus Bealeia	1920992	G	365	350	715	0.00003
Candidatus Nesciobacter	2601651	G	154	0	154	0.00001
Candidatus Hydrogenosomobacter	2654634	G	142	0	142	0.00001
Candidatus Gromoviella	2900571	G	124	1	125	0.00000
Candidatus Odyssella	84646	G	303	1	304	0.00001
Candidatus Bodocaedibacter	3163645	G	236	0	236	0.00001
Candidatus Paracaedibacter	1521255	G	61	0	61	0.00000
Candidatus Nucleicultrix	1509243	G	299	7	306	0.00001
Hyphococcus	2038635	G	1392	12	1404	0.00005
Parvularcula	208215	G	976	206	1182	0.00004
Aquisalinus	1795639	G	250	6	256	0.00001
Kordiimonas	288021	G	1842	23	1865	0.00007
Temperatibacter	1549129	G	400	4	404	0.00002
Gimibacter	3058346	G	268	2	270	0.00001
Hyphomonas	85	G	1587	204	1791	0.00007
Hirschia	2723	G	354	2	356	0.00001
Candidatus Viadribacter	2892997	G	321	6	327	0.00001
Paremcibacter	2813804	G	746	17	763	0.00003
Luteithermobacter	2813803	G	479	30	509	0.00002
Pseudemcibacter	2943291	G	461	9	470	0.00002
Emcibacter	1602338	G	409	8	417	0.00002
Sneathiella	510690	G	1182	21	1203	0.00005
Candidatus Ponderosibacter	3457287	G	479	4	483	0.00002
Candidatus Puniceispirillum	767891	G	285	9	294	0.00001
Candidatus Levibacter	3457288	G	356	3	359	0.00001
Minwuia	2493629	G	564	14	578	0.00002
Radicibacter	3462474	G	543	270	813	0.00003
Burkholderia	32008	G	23803	4227	28030	0.00106
Paraburkholderia	1822464	G	19699	1704	21403	0.00081
Cupriavidus	106589	G	15640	3291	18931	0.00072
Polynucleobacter	44013	G	9925	159	10084	0.00038
Ralstonia	48736	G	5721	1048	6769	0.00026
Caballeronia	1827195	G	5589	891	6480	0.00025
Pandoraea	93217	G	4781	822	5603	0.00021
Mycoavidus	1810868	G	1055	34	1089	0.00004
Trinickia	2571160	G	924	72	996	0.00004
Robbsia	2038280	G	832	43	875	0.00003
Mycetohabitans	2571159	G	675	28	703	0.00003
Limnobacter	131079	G	661	86	747	0.00003
Candidatus Vallotiella	2018044	G	479	23	502	0.00002
Pararobbsia	2718863	G	373	17	390	0.00001
Lautropia	47670	G	364	67	431	0.00002
Imbroritus	3422601	G	266	87	353	0.00001
Ephemeroptericola	2680021	G	260	13	273	0.00001
Variovorax	34072	G	14409	3007	17416	0.00066
Comamonas	283	G	7811	2408	10219	0.00039
Acidovorax	12916	G	7052	2699	9751	0.00037
Rhodoferax	28065	G	5739	627	6366	0.00024
Hydrogenophaga	47420	G	5301	1225	6526	0.00025
Ottowia	219181	G	2842	831	3673	0.00014
Polaromonas	52972	G	2614	128	2742	0.00010
Delftia	80865	G	2552	2978	5530	0.00021
Diaphorobacter	238749	G	2202	1943	4145	0.00016
Limnohabitans	665874	G	1610	98	1708	0.00006
Ramlibacter	174951	G	1414	133	1547	0.00006
Alicycliphilus	201096	G	1138	1498	2636	0.00010
Paracidovorax	3051137	G	1085	367	1452	0.00005
Serpentinimonas	2490452	G	684	67	751	0.00003
Melaminivora	1649468	G	546	231	777	0.00003
Verminephrobacter	364316	G	535	19	554	0.00002
Vandammella	2919468	G	403	14	417	0.00002
Simplicispira	352450	G	386	119	505	0.00002
Curvibacter	281915	G	329	74	403	0.00002
Candidatus Symbiobacter	1436289	G	274	1	275	0.00001
Pulveribacter	2678886	G	235	37	272	0.00001
Brachymonas	28219	G	223	32	255	0.00001
Hylemonella	232523	G	220	13	233	0.00001
Paenacidovorax	3051138	G	216	43	259	0.00001
Massilia	149698	G	9290	1446	10736	0.00041
Pseudoduganella	1522432	G	5740	824	6564	0.00025
Duganella	75654	G	2103	254	2357	0.00009
Telluria	34069	G	759	309	1068	0.00004
Rugamonas	212744	G	548	131	679	0.00003
Oxalobacter	846	G	9688	1162	10850	0.00041
Janthinobacterium	29580	G	5289	575	5864	0.00022
Herbaspirillum	963	G	4655	427	5082	0.00019
Collimonas	202907	G	2124	100	2224	0.00008
Undibacterium	401469	G	1935	158	2093	0.00008
Noviherbaspirillum	1344552	G	1326	83	1409	0.00005
Affinundibacterium	3078230	G	580	25	605	0.00002
Neoundibacterium	3078232	G	449	39	488	0.00002
Herminiimonas	303379	G	447	20	467	0.00002
Actimicrobium	1051898	G	328	35	363	0.00001
Glaciimonas	1229970	G	220	12	232	0.00001
Candidatus Zinderia	884214	G	65	7	72	0.00000
Achromobacter	222	G	15095	4468	19563	0.00074
Bordetella	517	G	6688	1806	8494	0.00032
Alcaligenes	507	G	3788	900	4688	0.00018
Pigmentiphaga	152267	G	1887	233	2120	0.00008
Castellaniella	359336	G	1840	256	2096	0.00008
Advenella	290425	G	954	88	1042	0.00004
Oligella	90243	G	928	110	1038	0.00004
Orrella	1921582	G	840	143	983	0.00004
Neopusillimonas	2987605	G	791	337	1128	0.00004
Pollutimonas	2987599	G	534	143	677	0.00003
Paenalcaligenes	1100891	G	501	248	749	0.00003
Taylorella	29574	G	461	28	489	0.00002
Kerstersia	257820	G	456	77	533	0.00002
Paralcaligenes	1148163	G	450	18	468	0.00002
Pusillimonas	305976	G	367	47	414	0.00002
Pelistega	106146	G	357	28	385	0.00001
Parapusillimonas	1403714	G	280	169	449	0.00002
Ampullimonas	1920247	G	275	53	328	0.00001
Basilea	1472344	G	181	14	195	0.00001
Roseateles	93681	G	6513	623	7136	0.00027
Piscinibacter	1114981	G	2085	199	2284	0.00009
Methylibium	316612	G	1667	265	1932	0.00007
Rubrivivax	28067	G	1314	180	1494	0.00006
Sphaerotilus	34102	G	1303	370	1673	0.00006
Caldimonas	196013	G	1163	403	1566	0.00006
Leptothrix	88	G	837	55	892	0.00003
Aquincola	391952	G	628	217	845	0.00003
Ideonella	36862	G	429	344	773	0.00003
Inhella	644355	G	234	24	258	0.00001
Azohydromonas	312063	G	44	0	44	0.00000
Thiomonas	32012	G	1126	30	1156	0.00004
Tepidimonas	114248	G	1047	602	1649	0.00006
Aquabacterium	92793	G	836	118	954	0.00004
Rhizobacter	212743	G	834	105	939	0.00004
Xylophilus	54066	G	775	120	895	0.00003
Eleftheria	1597779	G	587	63	650	0.00002
Piscinibacterium	2066914	G	372	11	383	0.00001
Candidatus Ichthyocystis	2929841	G	314	1	315	0.00001
Sutterella	40544	G	1605	108	1713	0.00006
Turicimonas	1918598	G	583	28	611	0.00002
Duodenibacillus	1980697	G	377	27	404	0.00002
Neisseria	482	G	13704	1722	15426	0.00058
Snodgrassella	1193515	G	2066	104	2170	0.00008
Kingella	32257	G	2004	216	2220	0.00008
Vitreoscilla	59	G	1039	76	1115	0.00004
Uruburuella	299568	G	862	62	924	0.00003
Wielerella	2944815	G	828	65	893	0.00003
Alysiella	194195	G	789	70	859	0.00003
Eikenella	538	G	787	94	881	0.00003
Conchiformibius	334107	G	725	33	758	0.00003
Aquella	2593687	G	505	6	511	0.00002
Paralysiella	2898489	G	483	38	521	0.00002
Simonsiella	71	G	423	42	465	0.00002
Bergeriella	334108	G	344	60	404	0.00002
Crenobacter	1654931	G	325	40	365	0.00001
Morococcus	212742	G	21	156	177	0.00001
Chromobacterium	535	G	5243	402	5645	0.00021
Paludibacterium	400060	G	1422	68	1490	0.00006
Aquitalea	407217	G	1313	110	1423	0.00005
Vogesella	57739	G	851	61	912	0.00003
Pseudogulbenkiania	568394	G	319	35	354	0.00001
Chitinibacter	230666	G	1476	262	1738	0.00007
Jeongeupia	885864	G	1410	83	1493	0.00006
Deefgea	400947	G	1232	107	1339	0.00005
Chitinimonas	240411	G	873	48	921	0.00003
Silvimonas	300264	G	847	17	864	0.00003
Iodobacter	32014	G	726	165	891	0.00003
Chitiniphilus	585890	G	594	101	695	0.00003
Chitinolyticbacter	1055692	G	390	22	412	0.00002
Chitinirhabdus	3683957	G	239	13	252	0.00001
Aquaspirillum	187	G	604	36	640	0.00002
Laribacter	168470	G	494	498	992	0.00004
Microvirgula	57479	G	386	23	409	0.00002
Candidatus Methylopumilus	1679002	G	2432	110	2542	0.00010
Methylophilus	16	G	978	19	997	0.00004
Methylotenera	359407	G	858	31	889	0.00003
Methylobacillus	404	G	585	127	712	0.00003
Methylovorus	81682	G	566	9	575	0.00002
Methyloradius	2872156	G	400	15	415	0.00002
Nitrosomonas	914	G	4244	610	4854	0.00018
Nitrosospira	35798	G	1535	14	1549	0.00006
Candidatus Nitrotoga	453161	G	794	35	829	0.00003
Ferrigenium	2249462	G	758	45	803	0.00003
Sideroxydans	314343	G	550	29	579	0.00002
Ferriphaselus	1443590	G	415	30	445	0.00002
Sideroxyarcus	2943286	G	309	31	340	0.00001
Gallionella	96	G	302	17	319	0.00001
Denitratisoma	311181	G	723	353	1076	0.00004
Methyloversatilis	378210	G	563	28	591	0.00002
Sulfuricystis	3050898	G	507	201	708	0.00003
Rugosibacter	1914449	G	400	53	453	0.00002
Sulfuritalea	1054211	G	321	20	341	0.00001
Sterolibacterium	157591	G	292	50	342	0.00001
Sulfuriferula	1778653	G	1058	80	1138	0.00004
Sulfuricella	935200	G	505	15	520	0.00002
Sulfurimicrobium	2772198	G	277	9	286	0.00001
Thiobacillus	919	G	1102	189	1291	0.00005
Sulfuritortus	1938335	G	360	199	559	0.00002
Usitatibacter	2803845	G	832	11	843	0.00003
Thauera	33057	G	2563	1298	3861	0.00015
Azoarcus	12960	G	2280	453	2733	0.00010
Nitrogeniibacter	2891294	G	895	31	926	0.00004
Parazoarcus	2891322	G	610	123	733	0.00003
Pseudazoarcus	2891323	G	349	105	454	0.00002
Pseudothauera	2891324	G	279	69	348	0.00001
Dechloromonas	73029	G	2270	511	2781	0.00011
Azonexus	146936	G	956	470	1426	0.00005
Ferribacterium	88875	G	723	47	770	0.00003
Quatrionicoccus	138117	G	413	52	465	0.00002
Azospira	146937	G	1447	318	1765	0.00007
Aromatoleum	551759	G	1375	175	1550	0.00006
Niveibacterium	1769726	G	1239	68	1307	0.00005
Oryzomicrobium	1911577	G	340	35	375	0.00001
Fluviibacter	2808942	G	178	26	204	0.00001
Candidatus Kinetoplastidibacterium	33055	G	953	112	1065	0.00004
Candidatus Accumulibacter	327159	G	610	72	682	0.00003
Candidatus Profftella	1381133	G	307	31	338	0.00001
Casimicrobium	2706000	G	271	72	343	0.00001
Chitinivorax	1433992	G	269	51	320	0.00001
Candidatus Vidania	1191175	G	261	31	292	0.00001
Candidatus Nasuia	1301080	G	91	19	110	0.00000
Ferrovum	416212	G	436	7	443	0.00002
Acidithiobacillus	119977	G	4167	19	4186	0.00016
Thermithiobacillus	119979	G	350	91	441	0.00002
Mariprofundus	377315	G	978	3	981	0.00004
Hydrogenophilus	70774	G	688	28	716	0.00003
Magnetococcus	162171	G	429	0	429	0.00002
Desulfovibrio	872	G	53703	4176	57879	0.00219
Pseudodesulfovibrio	2035811	G	13205	2027	15232	0.00058
Bilophila	35832	G	10189	155	10344	0.00039
Maridesulfovibrio	2794998	G	8579	418	8997	0.00034
Nitratidesulfovibrio	2802295	G	8128	1940	10068	0.00038
Solidesulfovibrio	2910984	G	4000	199	4199	0.00016
Mailhella	1981028	G	2826	1396	4222	0.00016
Desulfolutivibrio	2773294	G	2374	108	2482	0.00009
Oleidesulfovibrio	2909705	G	1448	2238	3686	0.00014
Megalodesulfovibrio	2910978	G	1313	11	1324	0.00005
Salidesulfovibrio	2950010	G	1213	101	1314	0.00005
Taurinivorans	3126915	G	1209	59	1268	0.00005
Oceanidesulfovibrio	2905722	G	1197	9	1206	0.00005
Desulfocurvibacter	2582840	G	962	16	978	0.00004
Halodesulfovibrio	1912771	G	943	54	997	0.00004
Desulfobaculum	1433996	G	925	44	969	0.00004
Lawsonia	41707	G	633	45	678	0.00003
Desulfomicrobium	898	G	2820	166	2986	0.00011
Thermodesulfomicrobium	2905949	G	756	22	778	0.00003
Desulfohalobium	45662	G	565	8	573	0.00002
Geobacter	28231	G	5840	292	6132	0.00023
Geomonas	2651583	G	3334	259	3593	0.00014
Geotalea	2910589	G	2209	161	2370	0.00009
Trichlorobacter	115782	G	1737	225	1962	0.00007
Citrifermentans	2883512	G	976	112	1088	0.00004
Desulfuromonas	890	G	3544	77	3621	0.00014
Pelobacter	18	G	648	541	1189	0.00005
Syntrophotalea	2812025	G	2051	47	2098	0.00008
Geoalkalibacter	392332	G	1755	435	2190	0.00008
Desulfosarcina	2299	G	6079	227	6306	0.00024
Desulfobacter	2289	G	2242	118	2360	0.00009
Desulfobacula	28222	G	948	37	985	0.00004
Desulforapulum	2904687	G	705	58	763	0.00003
Desulfonema	45654	G	2739	32	2771	0.00010
Desulfococcus	896	G	662	79	741	0.00003
Desulfoluna	497721	G	2333	41	2374	0.00009
Desulfatibacillum	218207	G	1038	11	1049	0.00004
Desulfosudis	2904716	G	833	25	858	0.00003
Desulfobulbus	893	G	1973	269	2242	0.00008
Candidatus Electrothrix	1859128	G	842	38	880	0.00003
Desulfurivibrio	427922	G	753	6	759	0.00003
Desulfomarina	2894767	G	616	24	640	0.00002
Desulfolithobacter	3003266	G	523	23	546	0.00002
Desulfosediminicola	2886823	G	1558	41	1599	0.00006
Desulforhopalus	40413	G	836	22	858	0.00003
Desulfofustis	51194	G	748	7	755	0.00003
Desulfopila	429014	G	624	9	633	0.00002
Desulfotalea	109168	G	414	15	429	0.00002
Desulfocapsa	53318	G	371	5	376	0.00001
Thiovibrio	2991701	G	934	489	1423	0.00005
Thermodesulfobacterium	1740	G	1398	28	1426	0.00005
Thermosulfurimonas	1522431	G	452	1	453	0.00002
Thermosulfuriphilus	2033601	G	242	0	242	0.00001
Caldimicrobium	444090	G	207	0	207	0.00001
Thermodesulfatator	241192	G	318	1	319	0.00001
Desulfoglaeba	361106	G	1192	3	1195	0.00005
Syntrophobacter	29526	G	739	134	873	0.00003
Desulfoferula	3093638	G	856	2	858	0.00003
Desulfarculus	453229	G	815	243	1058	0.00004
Syntrophus	43773	G	1295	32	1327	0.00005
Candidatus Desulfofervidus	1902583	G	595	2	597	0.00002
Desulfobacca	60892	G	578	0	578	0.00002
Desulfomonile	2357	G	363	0	363	0.00001
Dissulfuribacter	1433998	G	281	1	282	0.00001
Singulisphaera	466152	G	6790	520	7310	0.00028
Tundrisphaera	2029859	G	5145	347	5492	0.00021
Aquisphaera	1511635	G	3293	210	3503	0.00013
Paludisphaera	1763521	G	2492	248	2740	0.00010
Tautonia	2680020	G	2142	17	2159	0.00008
Isosphaera	127	G	569	22	591	0.00002
Stieleria	2795973	G	3915	124	4039	0.00015
Rosistilla	2795779	G	1811	36	1847	0.00007
Anatilimnocola	2807414	G	1306	29	1335	0.00005
Bremerella	2714594	G	1198	6	1204	0.00005
Rhodopirellula	265488	G	949	32	981	0.00004
Roseimaritima	1579506	G	917	11	928	0.00004
Lignipirellula	2795775	G	897	52	949	0.00004
Novipirellula	2795426	G	588	10	598	0.00002
Mariniblastus	2005380	G	576	0	576	0.00002
Blastopirellula	265487	G	521	1	522	0.00002
Aureliella	2795605	G	442	9	451	0.00002
Rubripirellula	1579505	G	431	35	466	0.00002
Roseiconus	2814446	G	393	608	1001	0.00004
Pirellula	123	G	323	0	323	0.00001
Lacipirellula	2691417	G	1359	55	1414	0.00005
Aeoliella	2795781	G	1073	60	1133	0.00004
Pirellulimonas	2795783	G	971	36	1007	0.00004
Botrimarina	2795782	G	583	36	619	0.00002
Bythopirellula	1400386	G	552	10	562	0.00002
Adhaeretor	2862451	G	328	16	344	0.00001
Thermogutta	1676125	G	483	5	488	0.00002
Gimesia	1649453	G	4839	91	4930	0.00019
Planctomyces	118	G	2303	125	2428	0.00009
Planctomicrobium	1779141	G	1691	28	1719	0.00007
Crateriforma	2714592	G	908	856	1764	0.00007
Caulifigura	2795778	G	902	3	905	0.00003
Planctellipticum	3132181	G	860	16	876	0.00003
Maioricimonas	2795777	G	751	36	787	0.00003
Symmachiella	2795780	G	745	13	758	0.00003
Schlesneria	656899	G	706	6	712	0.00003
Rubinisphaera	1649490	G	542	81	623	0.00002
Planctopirus	1649480	G	513	7	520	0.00002
Fuerstiella	1936111	G	482	0	482	0.00002
Stratiformator	3076095	G	430	14	444	0.00002
Alienimonas	2714737	G	420	9	429	0.00002
Thalassoglobus	2795865	G	395	6	401	0.00002
Lacunimicrobium	3473513	G	387	4	391	0.00001
Polystyrenella	2795774	G	385	11	396	0.00001
Calycomorphotria	2795776	G	333	7	340	0.00001
Gemmata	113	G	2202	118	2320	0.00009
Urbifossiella	2807415	G	1467	27	1494	0.00006
Frigoriglobus	2774146	G	1386	122	1508	0.00006
Limnoglobus	2731450	G	995	45	1040	0.00004
Telmatocola	1382832	G	822	7	829	0.00003
Tuwongella	2051044	G	474	14	488	0.00002
Engelhardtia	3405233	G	730	29	759	0.00003
Rohdeia	3405237	G	402	2	404	0.00002
Saltatorellus	3405235	G	385	35	420	0.00002
Kolteria	3405236	G	719	0	719	0.00003
Sedimentisphaera	2483368	G	1032	449	1481	0.00006
Limihaloglobus	2690160	G	542	0	542	0.00002
Anaerohalosphaera	2690159	G	823	0	823	0.00003
Poriferisphaera	2803301	G	887	0	887	0.00003
Mucisphaera	2913022	G	456	5	461	0.00002
Phycisphaera	666508	G	347	24	371	0.00001
Fontivita	2989683	G	970	0	970	0.00004
Humisphaera	2807511	G	609	0	609	0.00002
Candidatus Uabimicrobium	2897349	G	1943	0	1943	0.00007
Candidatus Kuenenia	380738	G	985	0	985	0.00004
Akkermansia	239934	G	34528	2059	36587	0.00139
Luteolibacter	518753	G	5422	222	5644	0.00021
Verrucomicrobium	2735	G	1405	76	1481	0.00006
Haloferula	574899	G	1068	74	1142	0.00004
Oceaniferula	2886881	G	998	31	1029	0.00004
Roseimicrobium	1348508	G	939	4	943	0.00004
Sulfuriroseicoccus	2911469	G	924	99	1023	0.00004
Roseibacillus	518755	G	695	46	741	0.00003
Fontisphaera	3050007	G	1126	1	1127	0.00004
Opitutus	178440	G	1809	132	1941	0.00007
Horticoccus	2986286	G	1497	110	1607	0.00006
Termitidicoccus	3126963	G	1126	124	1250	0.00005
Nibricoccus	2576890	G	953	57	1010	0.00004
Ereboglobus	2028344	G	875	107	982	0.00004
Oleiharenicola	2100741	G	666	165	831	0.00003
Lacunisphaera	1961799	G	609	66	675	0.00003
Actomonas	3138693	G	566	19	585	0.00002
Synoicihabitans	2892920	G	475	26	501	0.00002
Lotipaludicoccus	3685778	G	219	48	267	0.00001
Congregicoccus	3458163	G	620	36	656	0.00002
Coraliomargarita	442430	G	2201	10	2211	0.00008
Ruficoccus	2175957	G	628	51	679	0.00003
Rubellicoccus	3138622	G	555	24	579	0.00002
Candidatus Pelagisphaera	3049269	G	865	37	902	0.00003
Methylacidiphilum (ex Ratnadevi et al. 2023)	511745	G	1656	63	1719	0.00007
Methylacidimicrobium	1541670	G	405	39	444	0.00002
Candidatus Xiphinematobacter	134550	G	87	2	89	0.00000
Candidatus Protochlamydia	282132	G	840	106	946	0.00004
Neochlamydia	112987	G	415	33	448	0.00002
Parachlamydia	83551	G	271	610	881	0.00003
Candidatus Rhabdochlamydia	292833	G	537	63	600	0.00002
Simkania	34093	G	373	14	387	0.00001
Candidatus Neptunichlamydia	1891669	G	241	16	257	0.00001
Waddlia	71666	G	154	23	177	0.00001
Chlamydia	810	G	2673	168	2841	0.00011
Chlamydiifrater	2822114	G	246	11	257	0.00001
Tichowtungia	2907187	G	1724	5	1729	0.00007
Kiritimatiella	1921784	G	989	1000	1989	0.00008
Lentisphaera	256846	G	1830	0	1830	0.00007
Candidatus Velamenicoccus	2789201	G	310	0	310	0.00001
Arcobacter	28196	G	10211	1508	11719	0.00044
Aliarcobacter	2321111	G	9838	1299	11137	0.00042
Halarcobacter	2321115	G	4360	150	4510	0.00017
Malaciobacter	2321114	G	4297	260	4557	0.00017
Poseidonibacter	2321187	G	744	561	1305	0.00005
Candidatus Marinarcus	2321204	G	547	28	575	0.00002
Campylobacter	194	G	30663	2459	33122	0.00125
Helicobacter	209	G	11508	454	11962	0.00045
Wolinella	843	G	435	6	441	0.00002
Sulfurimonas	202746	G	7267	629	7896	0.00030
Hydrocurvibacter	3451669	G	782	21	803	0.00003
Sulfuricurvum	286130	G	710	12	722	0.00003
Thiomicrolovo	3451667	G	556	148	704	0.00003
Sulfonitrofixus	3451668	G	320	3	323	0.00001
Sulfurospirillum	57665	G	5371	98	5469	0.00021
Sulfurovum	265570	G	2323	62	2385	0.00009
Nitratifractor	269260	G	325	6	331	0.00001
Hydrogenimonas	223785	G	1580	39	1619	0.00006
Nitratiruptor	269258	G	1545	887	2432	0.00009
Nitrosophilus	2795692	G	1366	67	1433	0.00005
Caminibacter	191301	G	1134	31	1165	0.00004
Nautilia	191291	G	839	9	848	0.00003
Hippea	84404	G	434	22	456	0.00002
Treponema	157	G	28037	639	28676	0.00109
Brucepastera	2967962	G	1489	15	1504	0.00006
Borreliella	64895	G	3819	389	4208	0.00016
Borrelia	138	G	3795	79	3874	0.00015
Marispirochaeta	1911565	G	1244	10	1254	0.00005
Thiospirochaeta	2792240	G	1069	8	1077	0.00004
Sediminispirochaeta	1911556	G	811	13	824	0.00003
Oceanispirochaeta	2035349	G	742	8	750	0.00003
Salinispira	1616789	G	670	1	671	0.00003
Entomospira	2834378	G	637	0	637	0.00002
Candidatus Haliotispira	3115661	G	545	0	545	0.00002
Spirochaeta	146	G	471	1	472	0.00002
Breznakiella	2845254	G	2142	45	2187	0.00008
Leadbettera	2951107	G	1130	19	1149	0.00004
Gracilinema	2951106	G	929	28	957	0.00004
Sphaerochaeta	399320	G	2699	51	2750	0.00010
Parasphaerochaeta	3062336	G	639	6	645	0.00002
Leptospira	171	G	9077	264	9341	0.00035
Turneriella	338321	G	319	0	319	0.00001
Brachyspira	29521	G	7227	144	7371	0.00028
Winmispira	3457169	G	541	0	541	0.00002
Thermospira	3024226	G	416	0	416	0.00002
Myxococcus	32	G	3577	434	4011	0.00015
Corallococcus	83461	G	3372	503	3875	0.00015
Pseudomyxococcus	3434272	G	806	210	1016	0.00004
Pyxidicoccus	224458	G	629	48	677	0.00003
Archangium	47	G	4079	372	4451	0.00017
Melittangium	44	G	1161	189	1350	0.00005
Cystobacter	42	G	1104	275	1379	0.00005
Stigmatella	40	G	878	116	994	0.00004
Anaeromyxobacter	161492	G	3065	103	3168	0.00012
Vulgatibacter	1524214	G	463	11	474	0.00002
Pendulispora	3375062	G	2294	24	2318	0.00009
Sorangium	39643	G	14807	457	15264	0.00058
Polyangium	55	G	765	28	793	0.00003
Chondromyces	50	G	758	7	765	0.00003
Pajaroellobacter	1882917	G	180	2	182	0.00001
Sandaracinus	1055688	G	1272	22	1294	0.00005
Labilithrix	1524217	G	549	6	555	0.00002
Nannocystis	53	G	1614	16	1630	0.00006
Haliangium	162027	G	669	10	679	0.00003
Tunturiibacter	3154218	G	3295	123	3418	0.00013
Terriglobus	392733	G	2177	50	2227	0.00008
Granulicella	940557	G	2039	55	2094	0.00008
Edaphobacter	388463	G	1920	61	1981	0.00007
Telmatobacter	1078829	G	1100	20	1120	0.00004
Occallatibacter	1742983	G	984	15	999	0.00004
Silvibacterium	1775468	G	698	15	713	0.00003
Alloacidobacterium	2951993	G	577	13	590	0.00002
Acidisarcina	2608728	G	433	31	464	0.00002
Acidobacterium	33973	G	371	11	382	0.00001
Candidatus Korobacter	658061	G	551	1	552	0.00002
Paludibaculum	1649475	G	988	0	988	0.00004
Geothrix	44675	G	2656	171	2827	0.00011
Mesoterricola	3074468	G	1083	175	1258	0.00005
Sulfidibacter	2915177	G	1008	14	1022	0.00004
Acanthopleuribacter	442869	G	740	3	743	0.00003
Thermotomaculum	1172428	G	633	4	637	0.00002
Chloracidobacterium	458032	G	1793	4	1797	0.00007
Luteitalea	2004797	G	1049	28	1077	0.00004
Bdellovibrio	958	G	8361	96	8457	0.00032
Micavibrio	213485	G	892	2	894	0.00003
Pseudobdellovibrio	2862745	G	842	12	854	0.00003
Pigmentibacter	2838409	G	1233	67	1300	0.00005
Fluviispira	2698753	G	754	7	761	0.00003
Silvanigrella	2024975	G	449	30	479	0.00002
Spirobacillus	495819	G	463	6	469	0.00002
Bacteriovorax	146784	G	731	72	803	0.00003
Peredibacter	263370	G	616	0	616	0.00002
Halobacteriovorax	1652133	G	927	1	928	0.00004
Nitrospira	1234	G	6421	258	6679	0.00025
Leptospirillum	179	G	783	5	788	0.00003
Candidatus Magnetomonas	3459270	G	465	0	465	0.00002
Thermodesulfovibrio	28261	G	1552	4	1556	0.00006
Dissulfurispira	2811506	G	486	0	486	0.00002
Denitrovibrio	117999	G	761	5	766	0.00003
Geovibrio	46200	G	727	4	731	0.00003
Mucispirillum	248038	G	1304	20	1324	0.00005
Deferribacter	53572	G	1032	12	1044	0.00004
Flexistipes	2351	G	790	5	795	0.00003
Calditerrivibrio	545865	G	508	2	510	0.00002
Hydrogenobaculum	168657	G	521	0	521	0.00002
Pampinifervens	3453421	G	327	0	327	0.00001
Thermocrinis	75905	G	292	1	293	0.00001
Aquifex	2713	G	228	0	228	0.00001
Hydrogenobacter	939	G	174	1	175	0.00001
Sulfurihydrogenibium	212790	G	1131	27	1158	0.00004
Persephonella	182899	G	408	0	408	0.00002
Desulfurobacterium	64159	G	487	0	487	0.00002
Thermovibrio	171868	G	224	3	227	0.00001
Elusimicrobium	423604	G	1597	23	1620	0.00006
Parelusimicrobium	3416099	G	614	15	629	0.00002
Endomicrobium	1408194	G	987	2	989	0.00004
Candidatus Endomicrobiellum	3238959	G	510	0	510	0.00002
Dictyoglomus	13	G	2284	1	2285	0.00009
Candidatus Caldatribacterium	1454725	G	691	0	691	0.00003
Atribacter	2847777	G	585	1	586	0.00002
Atrimonas	3149264	G	246	221	467	0.00002
Thermatribacter	3240450	G	129	113	242	0.00001
Caldithrix	187144	G	1394	1	1395	0.00005
Thermodesulfobium	227388	G	1051	1	1052	0.00004
Desulfurispirillum	393029	G	669	121	790	0.00003
Nitrospina	35800	G	602	1	603	0.00002
Sphaerobacter	2056	G	412	0	412	0.00002
Thermomicrobium	499	G	163	0	163	0.00001
Zhurongbacter	3470744	G	299	0	299	0.00001
Caldisericum	693074	G	285	0	285	0.00001
Thermosulfidibacter	412592	G	243	0	243	0.00001
Coprothermobacter	68335	G	87	6	93	0.00000
Blautia	572511	G	157585	65210	222795	0.00843
Roseburia	841	G	143176	39319	182495	0.00691
Lacrimispora	2719231	G	120798	3088	123886	0.00469
Anaerocolumna	1843210	G	104723	417	105140	0.00398
Mediterraneibacter	2316020	G	64448	32945	97393	0.00369
Enterocloster	2719313	G	62007	12857	74864	0.00283
Lachnoclostridium	1506553	G	50232	35762	85994	0.00326
Hungatella	1649459	G	42961	8083	51044	0.00193
Kineothrix	2163168	G	41502	504	42006	0.00159
Anaerostipes	207244	G	33467	5714	39181	0.00148
Sellimonas	1769710	G	27177	7964	35141	0.00133
Eisenbergiella	1432051	G	26110	5760	31870	0.00121
Dorea	189330	G	25272	13162	38434	0.00145
Butyrivibrio	830	G	20567	498	21065	0.00080
Anaeromicropila	3024823	G	19097	147	19244	0.00073
Agathobacter	1766253	G	18717	60236	78953	0.00299
Otoolea	2941495	G	18453	2980	21433	0.00081
Novisyntrophococcus	2888809	G	18297	1084	19381	0.00073
Anaerobutyricum	2569097	G	15319	4864	20183	0.00076
Claveliimonas	3076670	G	12150	3315	15465	0.00059
Marvinbryantia	248744	G	11401	1549	12950	0.00049
Faecalimonas	2005355	G	10379	6662	17041	0.00065
Qiania	2944195	G	10370	1611	11981	0.00045
Simiaoa	2944193	G	10109	4403	14512	0.00055
Allocoprococcus	3569723	G	9941	6968	16909	0.00064
Wansuia	2944198	G	9585	1115	10700	0.00041
Lachnospira	28050	G	8894	905	9799	0.00037
Pseudobutyrivibrio	46205	G	8800	324	9124	0.00035
Lachnoanaerobaculum	1164882	G	8289	733	9022	0.00034
Herbinix	1663717	G	7840	2149	9989	0.00038
Jutongia	2944194	G	7675	1333	9008	0.00034
Eshraghiella	3342669	G	7612	2091	9703	0.00037
Hominifimenecus	3073585	G	6478	17	6495	0.00025
Chakrabartyella	3088373	G	5996	223	6219	0.00024
Anaeropeptidivorans	2997360	G	5636	44	5680	0.00022
Coprococcus	33042	G	5021	1392	6413	0.00024
Chordicoccus	3031933	G	3721	368	4089	0.00015
Stomatobaculum	1213720	G	3508	42	3550	0.00013
Wujia	2944152	G	2747	1180	3927	0.00015
Tyzzerella	1506577	G	2227	97	2324	0.00009
Candidatus Epulonipiscium	2383	G	1975	43	2018	0.00008
Sporofaciens	2811390	G	1059	0	1059	0.00004
Anaerotignum	2039240	G	12991	3224	16215	0.00061
Vallitalea	1348611	G	8636	67	8703	0.00033
Petrocella	2603323	G	3066	164	3230	0.00012
Cellulosilyticum	698776	G	6226	103	6329	0.00024
Defluviitalea	1185408	G	4055	1025	5080	0.00019
Faecalibacterium	216851	G	62739	12802	75541	0.00286
Ruminococcus	1263	G	62709	7175	69884	0.00265
Flavonifractor	946234	G	60856	10450	71306	0.00270
Anaerotruncus	244127	G	47938	15941	63879	0.00242
Caproicibacterium	2834348	G	34354	5203	39557	0.00150
Ruthenibacterium	1905344	G	30393	3958	34351	0.00130
Paludihabitans	2038676	G	30286	173	30459	0.00115
Dysosmobacter	2591381	G	27536	45079	72615	0.00275
Pseudoflavonifractor	1017280	G	26572	4639	31211	0.00118
Vescimonas	2892396	G	17308	9664	26972	0.00102
Owariibacterium	3393728	G	16702	8554	25256	0.00096
Lawsonibacter	2172004	G	15733	1739	17472	0.00066
Oscillibacter	459786	G	15420	9076	24496	0.00093
Subdoligranulum	292632	G	13440	2536	15976	0.00060
Acidaminobacterium	3570270	G	12597	47	12644	0.00048
Ethanoligenens	253238	G	10662	2102	12764	0.00048
Hominenteromicrobium	3073575	G	10208	6819	17027	0.00064
Ruminiclostridium	1508657	G	10138	1334	11472	0.00043
Pusillibacter	2892397	G	9253	2733	11986	0.00045
Bengtsoniella	3389389	G	9218	94	9312	0.00035
Solibaculum	2842531	G	7946	3287	11233	0.00043
Thermocaproicibacter	3048127	G	5752	1969	7721	0.00029
Petroclostridium	2304687	G	5080	85	5165	0.00020
Thermoclostridium	2304691	G	2585	580	3165	0.00012
Amygdalobacter	3079925	G	2257	437	2694	0.00010
Mageeibacillus	1637257	G	1505	577	2082	0.00008
Fastidiosipila	236752	G	991	302	1293	0.00005
Clostridium	1485	G	286216	52056	338272	0.01281
Lactonifactor	420345	G	13129	2764	15893	0.00060
Haloimpatiens	1755832	G	6944	886	7830	0.00030
Crassaminicella	1848399	G	6854	178	7032	0.00027
Caloramator	44258	G	6226	492	6718	0.00025
Wukongibacter	1884926	G	4837	60	4897	0.00019
Proteiniclasticum	1155385	G	2698	372	3070	0.00012
Oceanirhabdus	1434026	G	2507	35	2542	0.00010
Candidatus Neoarthromitus	49082	G	1969	32	2001	0.00008
Hathewaya	1769729	G	1759	103	1862	0.00007
Sarcina	1266	G	1517	130	1647	0.00006
Caproiciproducens	1738645	G	40549	10464	51013	0.00193
Caproicibacter	2576755	G	14521	10691	25212	0.00095
Acutalibacter	1918385	G	12442	508	12950	0.00049
Intestinimonas	1392389	G	32070	5830	37900	0.00143
Flintibacter	1918454	G	11667	1323	12990	0.00049
Proteiniborus	415014	G	6019	594	6613	0.00025
Thermaerobacter	73918	G	2203	9	2212	0.00008
Sulfobacillus	28033	G	481	0	481	0.00002
Fenollaria	1686313	G	1570	433	2003	0.00008
Carboxydocella	178898	G	1146	13	1159	0.00004
Levyella	1715798	G	974	203	1177	0.00004
Eubacterium	1730	G	34981	8011	42992	0.00163
Acetobacterium	33951	G	12953	502	13455	0.00051
Anaerofustis	264995	G	2562	471	3033	0.00011
Alkalibacter	274470	G	1803	12	1815	0.00007
Pseudoramibacter	113286	G	1689	41	1730	0.00007
Desulfitobacterium	36853	G	18939	2072	21011	0.00080
Dehalobacter	56112	G	11784	2954	14738	0.00056
Desulfosporosinus	79206	G	8628	194	8822	0.00033
Syntrophobotulus	51196	G	7726	84	7810	0.00030
Agathobaculum	2048137	G	22165	7289	29454	0.00111
Butyricicoccus	580596	G	6352	1475	7827	0.00030
Intestinibacillus	1928820	G	661	5020	5681	0.00022
Dehalobacterium	51514	G	8191	1435	9626	0.00036
Desulforamulus	2916693	G	3697	466	4163	0.00016
Candidatus Formimonas	2840454	G	2913	33	2946	0.00011
Acididesulfobacillus	2924872	G	2692	23	2715	0.00010
Desulfofarcimen	2282742	G	2653	38	2691	0.00010
Thermanaerosceptrum	2651578	G	1175	25	1200	0.00005
Desulfofundulus	2282741	G	965	57	1022	0.00004
Phosphitispora	2903061	G	861	122	983	0.00004
Aristaeella	3046369	G	5683	6	5689	0.00022
Syntrophomonas	862	G	3537	243	3780	0.00014
Candidatus Syntrophocurvum	2293313	G	967	63	1030	0.00004
Syntrophothermus	129001	G	624	23	647	0.00002
Helicovermis	3136917	G	1871	12	1883	0.00007
Fusibacter	76008	G	1742	35	1777	0.00007
Tianxiuia	3680000	G	1407	235	1642	0.00006
Desulfoscipio	2867376	G	4101	34	4135	0.00016
Proteinivorax	1491776	G	1873	12	1885	0.00007
Alkalicella	2838170	G	1323	19	1342	0.00005
Heliomicrobium	2831443	G	1818	106	1924	0.00007
Heliorestis	79598	G	1279	3	1282	0.00005
Symbiobacterium	2733	G	928	3	931	0.00004
Caldinitratiruptor	1006480	G	690	6	696	0.00003
Thermincola	278993	G	924	54	978	0.00004
Desulfotomaculum	1562	G	731	319	1050	0.00004
Clostridioides	1870884	G	19184	7176	26360	0.00100
Paraclostridium	1849822	G	10273	754	11027	0.00042
Terrisporobacter	1505652	G	9054	509	9563	0.00036
Romboutsia	1501226	G	5804	1154	6958	0.00026
Peptacetobacter	2743582	G	3457	348	3805	0.00014
Tepidibacter	214904	G	3144	147	3291	0.00012
Peptostreptococcus	1257	G	2358	574	2932	0.00011
Faecalimicrobium	3120164	G	1860	310	2170	0.00008
Intestinibacter	1505657	G	1456	281	1737	0.00007
Aminipila	2060094	G	17802	951	18753	0.00071
Emergencia	1926556	G	9477	1702	11179	0.00042
Sinanaerobacter	2886866	G	9189	184	9373	0.00035
Anoxybacterium	3408579	G	8023	78	8101	0.00031
Ihubacter	1926667	G	3673	549	4222	0.00016
Mogibacterium	86331	G	2635	383	3018	0.00011
Alkaliphilus	114627	G	5687	236	5923	0.00022
Andreesenella	3685825	G	5413	106	5519	0.00021
Serpentinicella	1890059	G	1762	29	1791	0.00007
Geosporobacter	390805	G	3654	118	3772	0.00014
Acetoanaerobium	186831	G	1926	52	1978	0.00007
Filifactor	44259	G	1473	840	2313	0.00009
Peptoclostridium	1481960	G	2959	182	3141	0.00012
Caminicella	166484	G	1300	59	1359	0.00005
Thermoanaerobacterium	28895	G	8219	371	8590	0.00033
Thermoanaerobacter	1754	G	4139	396	4535	0.00017
Aceticella	3051499	G	1533	13	1546	0.00006
Gelria	189326	G	1444	6	1450	0.00005
Thermacetogenium	140458	G	1073	124	1197	0.00005
Carboxydothermus	129957	G	1042	4	1046	0.00004
Caldanaerobacter	249529	G	1034	60	1094	0.00004
Desulfothermobacter	2079011	G	451	0	451	0.00002
Ammonifex	42837	G	391	0	391	0.00001
Candidatus Desulforudis	471826	G	1326	7	1333	0.00005
Christensenella	990721	G	10561	1386	11947	0.00045
Halanaerobium	2330	G	2028	39	2067	0.00008
Iocasia	2899804	G	877	588	1465	0.00006
Halocella	46466	G	353	227	580	0.00002
Natroniella	52003	G	1258	49	1307	0.00005
Acetohalobium	28186	G	1126	9	1135	0.00004
Halobacteroides	42417	G	974	22	996	0.00004
Anoxybacter	1769008	G	1039	10	1049	0.00004
Halothermothrix	32636	G	852	15	867	0.00003
Neomoorella	44260	G	4998	22	5020	0.00019
Thermanaeromonas	202949	G	695	0	695	0.00003
Metallumcola	3234175	G	1374	5	1379	0.00005
Zhaonella	2748674	G	1117	29	1146	0.00004
Acetivibrio	35829	G	7980	1496	9476	0.00036
Monoglobus	2039302	G	6016	1468	7484	0.00028
Tepidanaerobacter	499228	G	2724	22	2746	0.00010
Biomaibacter	2770094	G	1320	4	1324	0.00005
Thermosediminibacter	291988	G	764	2	766	0.00003
Natranaerofaba	2807497	G	971	3	974	0.00004
Natranaerobius	375928	G	885	30	915	0.00003
Mahella	252965	G	1690	171	1861	0.00007
Koleobacter	2786989	G	1154	6	1160	0.00004
Bacillus	1386	G	112669	86866	199535	0.00755
Neobacillus	2675232	G	27452	3619	31071	0.00118
Lysinibacillus	400634	G	27095	6951	34046	0.00129
Peribacillus	2675229	G	19076	2433	21509	0.00081
Priestia	2800373	G	14557	5275	19832	0.00075
Oceanobacillus	182709	G	13950	954	14904	0.00056
Virgibacillus	84406	G	13199	681	13880	0.00053
Cytobacillus	2675230	G	12758	3719	16477	0.00062
Niallia	2837506	G	11905	2516	14421	0.00055
Metabacillus	2675233	G	10205	1577	11782	0.00045
Psychrobacillus	1221880	G	8151	999	9150	0.00035
Heyndrickxia	2837504	G	7069	1541	8610	0.00033
Mesobacillus	2675231	G	6944	980	7924	0.00030
Halobacillus	45667	G	6608	666	7274	0.00028
Rossellomorea	2837508	G	6443	746	7189	0.00027
Sutcliffiella	2837511	G	4874	575	5449	0.00021
Gracilibacillus	74385	G	3963	258	4221	0.00016
Alkalihalobacillus	2675234	G	3905	383	4288	0.00016
Salicibibacter	2685905	G	3588	17	3605	0.00014
Shouchella	2893057	G	3169	182	3351	0.00013
Terribacillus	459532	G	2383	100	2483	0.00009
Lentibacillus	175304	G	2296	77	2373	0.00009
Fervidibacillus	3033930	G	2278	170	2448	0.00009
Ornithinibacillus	484508	G	2197	368	2565	0.00010
Amphibacillus	29331	G	2029	196	2225	0.00008
Alkalihalophilus	2893060	G	1981	225	2206	0.00008
Salipaludibacillus	1884449	G	1953	82	2035	0.00008
Siminovitchia	2837510	G	1929	141	2070	0.00008
Caldifermentibacillus	3034001	G	1892	8018	9910	0.00038
Evansella	2837485	G	1880	107	1987	0.00008
Pontibacillus	289201	G	1847	47	1894	0.00007
Radiobacillus	2785518	G	1748	134	1882	0.00007
Gottfriedia	2837503	G	1703	169	1872	0.00007
Salisediminibacterium	1434042	G	1676	78	1754	0.00007
Pradoshia	2651279	G	1594	185	1779	0.00007
Paraperibacillus	3450404	G	1556	158	1714	0.00006
Anaerobacillus	704093	G	1362	146	1508	0.00006
Halalkalibacter	2893056	G	1248	292	1540	0.00006
Robertmurraya	2837507	G	1242	164	1406	0.00005
Aeribacillus	1055323	G	1224	927	2151	0.00008
Domibacillus	1433999	G	1205	191	1396	0.00005
Pseudobacillus	108525	G	1150	421	1571	0.00006
Tepidibacillus	1494427	G	1141	92	1233	0.00005
Ectobacillus	2837502	G	1104	128	1232	0.00005
Schinkia	2837509	G	1093	128	1221	0.00005
Paraliobacillus	200903	G	1085	55	1140	0.00004
Falsibacillus	1270155	G	982	100	1082	0.00004
Lederbergia	2804231	G	924	58	982	0.00004
Salimicrobium	351195	G	914	43	957	0.00004
Caldalkalibacillus	379065	G	866	420	1286	0.00005
Halalkalibacterium (ex Joshi et al. 2022)	2893055	G	765	115	880	0.00003
Cerasibacillus	227864	G	755	89	844	0.00003
Alkalicoccus	2005375	G	749	24	773	0.00003
Paenalkalicoccus	2944627	G	700	229	929	0.00004
Mangrovibacillus	2920444	G	687	127	814	0.00003
Sediminibacillus	482460	G	624	35	659	0.00002
Allobacillus	1400133	G	598	35	633	0.00002
Aciduricibacillus	3158337	G	579	53	632	0.00002
Alkalibacillus	331654	G	560	13	573	0.00002
Caldibacillus	1276290	G	58	1211	1269	0.00005
Paenibacillus	44249	G	230874	11285	242159	0.00917
Brevibacillus	55080	G	23461	1268	24729	0.00094
Cohnella	329857	G	6511	1108	7619	0.00029
Aneurinibacillus	55079	G	4657	267	4924	0.00019
Saccharibacillus	456492	G	1309	58	1367	0.00005
Pristimantibacillus (SeqCode)	2994560	G	1124	202	1326	0.00005
Thermobacillus	76632	G	885	84	969	0.00004
Staphylococcus	1279	G	50228	20961	71189	0.00269
Mammaliicoccus	2803850	G	5884	931	6815	0.00026
Macrococcus	69965	G	4625	974	5599	0.00021
Salinicoccus	45669	G	2376	190	2566	0.00010
Macrococcoides	3076173	G	2253	713	2966	0.00011
Jeotgalicoccus	227979	G	1189	85	1274	0.00005
Nosocomiicoccus	489909	G	1105	87	1192	0.00005
Sporosarcina	1569	G	16980	1902	18882	0.00071
Planococcus	1372	G	14410	1532	15942	0.00060
Solibacillus	648800	G	4894	1301	6195	0.00023
Ureibacillus	160795	G	3947	2883	6830	0.00026
Rummeliibacillus	648802	G	2572	517	3089	0.00012
Paenisporosarcina	651660	G	1971	411	2382	0.00009
Kurthia	1649	G	1794	415	2209	0.00008
Viridibacillus	496496	G	1120	208	1328	0.00005
Jeotgalibacillus	157226	G	861	159	1020	0.00004
Metasolibacillus	2703677	G	688	136	824	0.00003
Chryseomicrobium	889388	G	578	161	739	0.00003
Geobacillus	129337	G	7092	3290	10382	0.00039
Anoxybacillus	150247	G	3541	784	4325	0.00016
Parageobacillus	1906945	G	2212	1252	3464	0.00013
Saccharococcus	29395	G	999	387	1386	0.00005
Thermaerobacillus	3390020	G	905	185	1090	0.00004
Anoxybacteroides	3389905	G	715	71	786	0.00003
Listeria	1637	G	11866	3646	15512	0.00059
Brochothrix	2755	G	1491	195	1686	0.00006
Paenilisteria	3373705	G	1372	59	1431	0.00005
Alicyclobacillus	29330	G	7836	93	7929	0.00030
Tumebacillus	432330	G	2667	120	2787	0.00011
Fodinisporobacter	3156481	G	1411	25	1436	0.00005
Effusibacillus	1502725	G	1007	19	1026	0.00004
Kyrpidia	1129704	G	908	2	910	0.00003
Exiguobacterium	33986	G	7465	781	8246	0.00031
Hydrogenibacillus	1609627	G	438	11	449	0.00002
Kroppenstedtia	1274351	G	1701	59	1760	0.00007
Laceyella	292635	G	1451	70	1521	0.00006
Thermoactinomyces	2023	G	1094	72	1166	0.00004
Novibacillus	1677050	G	855	85	940	0.00004
Staphylospora	2689589	G	810	48	858	0.00003
Polycladomyces	1348505	G	652	20	672	0.00003
Fictibacillus	1329200	G	3943	692	4635	0.00018
Pseudalkalibacillus	2893058	G	1833	260	2093	0.00008
Gemella	1378	G	4612	826	5438	0.00021
Sporolactobacillus	2077	G	2409	72	2481	0.00009
Pullulanibacillus	475230	G	789	56	845	0.00003
Guptibacillus	3421338	G	2570	831	3401	0.00013
Abyssicoccus	1955413	G	752	418	1170	0.00004
Lactobacillus	1578	G	22193	2631	24824	0.00094
Ligilactobacillus	2767887	G	9659	1722	11381	0.00043
Limosilactobacillus	2742598	G	6631	2003	8634	0.00033
Companilactobacillus	2767879	G	6203	382	6585	0.00025
Leuconostoc	1243	G	6044	517	6561	0.00025
Lactiplantibacillus	2767842	G	5272	1234	6506	0.00025
Pediococcus	1253	G	5140	1223	6363	0.00024
Lacticaseibacillus	2759736	G	4826	1151	5977	0.00023
Weissella	46255	G	4789	340	5129	0.00019
Levilactobacillus	2767886	G	3854	829	4683	0.00018
Fructilactobacillus	2767881	G	3330	204	3534	0.00013
Lentilactobacillus	2767893	G	3156	407	3563	0.00013
Latilactobacillus	2767885	G	3117	654	3771	0.00014
Liquorilactobacillus	2767888	G	2867	687	3554	0.00013
Apilactobacillus	2767877	G	2224	65	2289	0.00009
Loigolactobacillus	2767889	G	1864	815	2679	0.00010
Bombilactobacillus	2767878	G	1788	46	1834	0.00007
Oenococcus	46254	G	1638	65	1703	0.00006
Paucilactobacillus	2767890	G	1569	362	1931	0.00007
Dellaglioa	2767880	G	1217	144	1361	0.00005
Xylocopilactobacillus	3118928	G	1122	4	1126	0.00004
Furfurilactobacillus	2767882	G	676	66	742	0.00003
Schleiferilactobacillus	2767891	G	631	13	644	0.00002
Agrilactobacillus	2767875	G	544	21	565	0.00002
Holzapfeliella	2767883	G	493	9	502	0.00002
Secundilactobacillus	2767892	G	474	145	619	0.00002
Periweissella	2930384	G	286	4	290	0.00001
Lapidilactobacillus	2767884	G	254	20	274	0.00001
Nicoliella	2978367	G	185	3	188	0.00001
Acetilactobacillus	2767874	G	183	0	183	0.00001
Amylolactobacillus	2767876	G	179	87	266	0.00001
Fructobacillus	559173	G	124	1	125	0.00000
Streptococcus	1301	G	60496	11052	71548	0.00271
Lactococcus	1357	G	9839	7067	16906	0.00064
Pseudolactococcus	3436058	G	2084	290	2374	0.00009
Floricoccus	1930830	G	890	41	931	0.00004
Enterococcus	1350	G	47933	40749	88682	0.00336
Vagococcus	2737	G	12451	2461	14912	0.00056
Tetragenococcus	51668	G	3437	2287	5724	0.00022
Melissococcus	33969	G	814	37	851	0.00003
Carnobacterium	2747	G	7730	1088	8818	0.00033
Jeotgalibaca	1470540	G	4871	1038	5909	0.00022
Trichococcus	82802	G	2151	217	2368	0.00009
Alloiococcus	1651	G	2065	68	2133	0.00008
Dolosigranulum	29393	G	1930	120	2050	0.00008
Granulicatella	117563	G	1485	679	2164	0.00008
Alkalibacterium	99906	G	1295	74	1369	0.00005
Marinilactibacillus	191769	G	1242	269	1511	0.00006
Desemzia	82800	G	649	354	1003	0.00004
Aerococcus	1375	G	4935	1096	6031	0.00023
Tuanshanicoccus	3465067	G	2042	138	2180	0.00008
Globicatella	13075	G	1983	268	2251	0.00009
Fundicoccus	2761542	G	1143	87	1230	0.00005
Ignavigranum	89092	G	890	56	946	0.00004
Abiotrophia	46123	G	568	202	770	0.00003
Ruoffia	2862144	G	444	146	590	0.00002
Suicoccus	2689587	G	417	103	520	0.00002
Selenomonas	970	G	38657	1898	40555	0.00154
Megamonas	158846	G	10767	610	11377	0.00043
Pectinatus	864	G	9401	600	10001	0.00038
Mitsuokella	52225	G	4612	1902	6514	0.00025
Sporomusa	2375	G	33938	2805	36743	0.00139
Anaerosinus	151037	G	18201	1322	19523	0.00074
Pelosinus	365348	G	8952	717	9669	0.00037
Methylomusa	2093783	G	2356	230	2586	0.00010
Megasphaera	906	G	12360	1446	13806	0.00052
Dialister	39948	G	4984	297	5281	0.00020
Veillonella	29465	G	4745	182	4927	0.00019
Phascolarctobacterium	33024	G	5222	878	6100	0.00023
Acidaminococcus	904	G	4651	478	5129	0.00019
Hoskinsella	3681505	G	15077	12199	27276	0.00103
Erysipelothrix	1647	G	11381	402	11783	0.00045
Amedibacterium	2749267	G	11119	7336	18455	0.00070
Allocoprobacillus	3059504	G	10987	1333	12320	0.00047
Longicatena	1918536	G	10155	8573	18728	0.00071
Holdemania	61170	G	4489	1655	6144	0.00023
Bulleidia	118747	G	2241	319	2560	0.00010
Intestinibaculum	2679910	G	2050	160	2210	0.00008
Solobacterium	123375	G	2042	1754	3796	0.00014
Allobaculum	174708	G	1544	26	1570	0.00006
Massilimicrobiota	1924110	G	1482	19217	20699	0.00078
Faecalibaculum	1729679	G	1464	111	1575	0.00006
Thomasclavelia	3025755	G	29796	4102	33898	0.00128
Tannockella	2943184	G	8676	277	8953	0.00034
Faecalibacillus	2678885	G	7858	3873	11731	0.00044
Catenibacterium	135858	G	5732	671	6403	0.00024
Turicibacter	191303	G	5932	616	6548	0.00025
Tissierella	41273	G	34306	539	34845	0.00132
Gudongella	2692382	G	958	37	995	0.00004
Anaerococcus	165779	G	5868	2804	8672	0.00033
Parvimonas	543311	G	4387	942	5329	0.00020
Peptoniphilus	162289	G	3687	1780	5467	0.00021
Helcococcus	31983	G	3397	685	4082	0.00015
Finegoldia	150022	G	2627	974	3601	0.00014
Miniphocaeibacter	2126548	G	1906	18	1924	0.00007
Aedoeadaptatus	2981628	G	1296	65	1361	0.00005
Microaceticoccus	3421489	G	1271	9	1280	0.00005
Murdochiella	1161127	G	954	634	1588	0.00006
Acidilutibacter	2992720	G	6347	873	7220	0.00027
Keratinibaculum	1354809	G	1345	154	1499	0.00006
Schnuerera	2794837	G	1297	124	1421	0.00005
Caloranaerobacter	171003	G	1438	47	1485	0.00006
Sporanaerobacter	165812	G	1398	155	1553	0.00006
Gottschalkia	1505664	G	1355	23	1378	0.00005
Sedimentibacter	190972	G	9067	70	9137	0.00035
Ezakiella	1582879	G	1106	1267	2373	0.00009
Caldicellulosiruptor	44000	G	6803	473	7276	0.00028
Anaerocellum	32631	G	545	374	919	0.00003
Geochorda	3366854	G	525	5	530	0.00002
Carboxydichorda	3366853	G	457	5	462	0.00002
Limnochorda	1676651	G	608	1	609	0.00002
Candidatus Contubernalis	338648	G	1158	897	2055	0.00008
Streptomyces	1883	G	225030	24339	249369	0.00944
Kitasatospora	2063	G	11996	2718	14714	0.00056
Actinacidiphila	2995702	G	2004	392	2396	0.00009
Streptacidiphilus	228398	G	1610	248	1858	0.00007
Embleya	2699295	G	1604	96	1700	0.00006
Peterkaempfera	2995704	G	928	138	1066	0.00004
Streptantibioticus	2995706	G	373	60	433	0.00002
Yinghuangia	2805681	G	372	31	403	0.00002
Carbonactinospora	2864378	G	239	18	257	0.00001
Microbacterium	33882	G	25154	4516	29670	0.00112
Curtobacterium	2034	G	5661	765	6426	0.00024
Leifsonia	110932	G	4542	1528	6070	0.00023
Agromyces	33877	G	3614	539	4153	0.00016
Leucobacter	55968	G	3548	747	4295	0.00016
Rathayibacter	33886	G	2480	246	2726	0.00010
Cryobacterium	69578	G	1992	163	2155	0.00008
Clavibacter	1573	G	1795	278	2073	0.00008
Agrococcus	46352	G	1585	322	1907	0.00007
Rhodoluna	529883	G	592	18	610	0.00002
Aquiluna	529881	G	508	14	522	0.00002
Microcella	337004	G	1101	217	1318	0.00005
Salinibacterium	235888	G	1069	79	1148	0.00004
Herbiconiux	881616	G	994	111	1105	0.00004
Subtercola	120212	G	952	33	985	0.00004
Frondihabitans	447237	G	876	62	938	0.00004
Paramicrobacterium	3110364	G	769	72	841	0.00003
Frigoribacterium	96492	G	738	92	830	0.00003
Mycetocola	76634	G	616	49	665	0.00003
Cnuibacter	1759331	G	591	94	685	0.00003
Microterricola	518733	G	562	75	637	0.00002
Protaetiibacter	2680004	G	546	106	652	0.00002
Plantibacter	190323	G	521	28	549	0.00002
Aurantimicrobium	1705353	G	373	13	386	0.00001
Lacisediminihabitans	2740558	G	330	21	351	0.00001
Gulosibacter	256818	G	304	92	396	0.00001
Naasia	1434022	G	275	29	304	0.00001
Ruicaihuangia	3137419	G	263	25	288	0.00001
Humibacter	427753	G	245	74	319	0.00001
Agreia	110934	G	242	19	261	0.00001
Glaciihabitans	1649454	G	228	15	243	0.00001
Marisediminicola	1230698	G	214	15	229	0.00001
Gryllotalpicola	1195526	G	207	19	226	0.00001
Lysinibacter	1857011	G	200	6	206	0.00001
Homoserinibacter	1649457	G	191	31	222	0.00001
Humidisolicoccus	3425211	G	176	10	186	0.00001
Antiquaquibacter	3108736	G	171	8	179	0.00001
Homoserinimonas	1434009	G	161	14	175	0.00001
Diaminobutyricimonas	1433997	G	133	12	145	0.00001
Okibacterium	196084	G	121	20	141	0.00001
Pontimonas	1434032	G	113	3	116	0.00000
Orlajensenia	3440766	G	105	11	116	0.00000
Arthrobacter	1663	G	18244	3268	21512	0.00081
Pseudarthrobacter	1742993	G	5399	1062	6461	0.00024
Glutamicibacter	1742989	G	3135	619	3754	0.00014
Paenarthrobacter	1742992	G	3091	1528	4619	0.00017
Kocuria	57493	G	3087	1055	4142	0.00016
Rothia	32207	G	2797	1010	3807	0.00014
Micrococcus	1269	G	1995	917	2912	0.00011
Sinomonas	596707	G	1276	81	1357	0.00005
Citricoccus	169133	G	817	248	1065	0.00004
Psychromicrobium	2078575	G	429	14	443	0.00002
Crystallibacter	3456524	G	392	36	428	0.00002
Nesterenkonia	57494	G	325	1	326	0.00001
Auritidibacter	1160973	G	252	17	269	0.00001
Pseudoglutamicibacter	1742991	G	171	300	471	0.00002
Renibacterium	1645	G	171	6	177	0.00001
Paeniglutamicibacter	1742990	G	145	13	158	0.00001
Neomicrococcus	1868332	G	119	28	147	0.00001
Zhihengliuella	370735	G	77	158	235	0.00001
Cellulomonas	1707	G	7555	1351	8906	0.00034
Paraoerskovia	665568	G	476	71	547	0.00002
Oerskovia	162491	G	288	62	350	0.00001
Pseudactinotalea	1926259	G	250	13	263	0.00001
Actinotalea	458839	G	245	59	304	0.00001
Janibacter	53457	G	2060	361	2421	0.00009
Arsenicicoccus	267408	G	805	140	945	0.00004
Phycicoccus	367298	G	613	144	757	0.00003
Terrabacter	53355	G	500	72	572	0.00002
Pedococcus	2805645	G	474	57	531	0.00002
Oryzobacter	1849973	G	432	70	502	0.00002
Knoellia	136099	G	323	22	345	0.00001
Intrasporangium	53357	G	306	27	333	0.00001
Humibacillus	556178	G	195	18	213	0.00001
Nostocoides	99479	G	120	12	132	0.00000
Brevibacterium	1696	G	5351	1295	6646	0.00025
Saxibacter	3162691	G	168	5	173	0.00001
Cellulosimicrobium	157920	G	1587	422	2009	0.00008
Isoptericola	254250	G	1333	2458	3791	0.00014
Xylanimonas	186188	G	1097	189	1286	0.00005
Promicromonospora	43676	G	1021	86	1107	0.00004
Brachybacterium	43668	G	3054	376	3430	0.00013
Dermabacter	36739	G	551	611	1162	0.00004
Devriesea	472568	G	334	8	342	0.00001
Helcobacillus	1161125	G	181	25	206	0.00001
Ornithinimicrobium	125287	G	2151	290	2441	0.00009
Serinicoccus	265976	G	958	179	1137	0.00004
Ruania	626119	G	943	54	997	0.00004
Occultella	2828348	G	352	38	390	0.00001
Barrientosiimonas	1535207	G	245	77	322	0.00001
Dermacoccus	57495	G	241	62	303	0.00001
Luteipulveratus	745364	G	216	12	228	0.00001
Allobranchiibius	2040262	G	181	13	194	0.00001
Yimella	908935	G	173	15	188	0.00001
Demequina	577469	G	1026	126	1152	0.00004
Sanguibacter	60919	G	888	103	991	0.00004
Pengzhenrongella	2888818	G	567	67	634	0.00002
Luteimicrobium	754249	G	161	28	189	0.00001
Timonella	1465824	G	146	17	163	0.00001
Miniimonas	947525	G	262	225	487	0.00002
Beutenbergia	84756	G	234	25	259	0.00001
Austwickia	1184606	G	200	8	208	0.00001
Dermatophilus	1862	G	188	7	195	0.00001
Gephyromycinifex	2885697	G	121	5	126	0.00000
Kytococcus	57499	G	291	90	381	0.00001
Jonesia	43673	G	225	33	258	0.00001
Tropheryma	2038	G	110	0	110	0.00000
Mycobacterium	1763	G	38240	3492	41732	0.00158
Mycolicibacterium	1866885	G	24884	3073	27957	0.00106
Mycobacteroides	670516	G	2038	230	2268	0.00009
Mycolicibacter	1073531	G	1662	723	2385	0.00009
Mycolicibacillus	2126281	G	587	79	666	0.00003
Nocardia	1817	G	21546	1564	23110	0.00087
Rhodococcus	1827	G	11893	1732	13625	0.00052
Prescottella	2979332	G	1019	226	1245	0.00005
Rhodococcoides	3259750	G	809	494	1303	0.00005
Williamsia	85043	G	140	10	150	0.00001
Corynebacterium	1716	G	30207	6756	36963	0.00140
Gordonia	2053	G	6569	1229	7798	0.00030
Skermania	59613	G	330	11	341	0.00001
Dietzia	37914	G	1463	580	2043	0.00008
Tsukamurella	2060	G	1356	146	1502	0.00006
Tomitella	741759	G	366	34	400	0.00002
Segniliparus	286801	G	269	6	275	0.00001
Hoyosella	697025	G	202	7	209	0.00001
Lawsonella	1847725	G	165	17	182	0.00001
Micromonospora	1873	G	26163	2978	29141	0.00110
Actinoplanes	1865	G	8944	649	9593	0.00036
Dactylosporangium	35753	G	7855	459	8314	0.00031
Plantactinospora	673534	G	2131	186	2317	0.00009
Phytohabitans	907364	G	1137	81	1218	0.00005
Solwaraspora	265431	G	915	71	986	0.00004
Actinocatenispora	390988	G	737	36	773	0.00003
Polymorphospora	338583	G	613	84	697	0.00003
Catellatospora	53365	G	588	73	661	0.00003
Couchioplanes	56433	G	531	85	616	0.00002
Longispora	203522	G	454	39	493	0.00002
Krasilnikovia	349312	G	381	51	432	0.00002
Natronosporangium	2920401	G	378	11	389	0.00001
Salinispora	168694	G	369	30	399	0.00002
Paractinoplanes	3240234	G	11	0	11	0.00000
Amycolatopsis	1813	G	17558	1463	19021	0.00072
Pseudonocardia	1847	G	7000	692	7692	0.00029
Saccharothrix	2071	G	3714	618	4332	0.00016
Saccharopolyspora	1835	G	3638	410	4048	0.00015
Lentzea	165301	G	2897	318	3215	0.00012
Kutzneria	43356	G	2565	294	2859	0.00011
Actinokineospora	39845	G	1651	325	1976	0.00007
Saccharomonospora	1851	G	1507	199	1706	0.00006
Actinoalloteichus	65496	G	1304	52	1356	0.00005
Actinosynnema	40566	G	1209	268	1477	0.00006
Actinomycetospora	402649	G	1147	101	1248	0.00005
Crossiella	130795	G	827	114	941	0.00004
Umezawaea	583360	G	584	65	649	0.00002
Kibdelosporangium	2029	G	574	36	610	0.00002
Allokutzneria	1137960	G	467	65	532	0.00002
Prauserella	142577	G	404	15	419	0.00002
Salinifilum	2040254	G	265	140	405	0.00002
Alloactinosynnema	674734	G	246	56	302	0.00001
Allosaccharopolyspora	2893576	G	120	19	139	0.00001
Nocardioides	1839	G	15470	1771	17241	0.00065
Aeromicrobium	2040	G	2294	217	2511	0.00010
Pimelobacter	2044	G	968	311	1279	0.00005
Micropruina	116071	G	313	72	385	0.00001
Friedmanniella	53387	G	270	25	295	0.00001
Mumia	1546255	G	269	22	291	0.00001
Solicola	3024237	G	204	13	217	0.00001
Cutibacterium	1912216	G	8227	3017	11244	0.00043
Tessaracoccus	72763	G	2913	606	3519	0.00013
Microlunatus	29404	G	1630	81	1711	0.00006
Acidipropionibacterium	1912215	G	1050	562	1612	0.00006
Propioniciclava	1085622	G	1032	650	1682	0.00006
Arachnia	2801844	G	983	38	1021	0.00004
Propionibacterium	1743	G	924	262	1186	0.00004
Raineyella	1911549	G	604	126	730	0.00003
Propionimicrobium	203133	G	355	30	385	0.00001
Ammonicoccus	3417658	G	348	293	641	0.00002
Naumannella	1294511	G	311	100	411	0.00002
Auraticoccus	1278221	G	302	22	324	0.00001
Luteococcus	33983	G	266	17	283	0.00001
Brooklawnia	369926	G	263	104	367	0.00001
Kribbella	182639	G	7333	383	7716	0.00029
Actinopolymorpha	117156	G	348	14	362	0.00001
Nonomuraea	83681	G	6808	646	7454	0.00028
Streptosporangium	2000	G	4460	470	4930	0.00019
Microbispora	2005	G	2117	210	2327	0.00009
Microtetraspora	1995	G	1010	157	1167	0.00004
Sphaerisporangium	321315	G	672	68	740	0.00003
Thermobispora	147067	G	333	21	354	0.00001
Sphaerimonospora	1792303	G	283	24	307	0.00001
Spongiactinospora	2871671	G	53	8	61	0.00000
Actinomadura	1988	G	4877	685	5562	0.00021
Spirillospora	58122	G	1725	293	2018	0.00008
Actinoallomurus	667113	G	1397	136	1533	0.00006
Thermomonospora	2019	G	1065	143	1208	0.00005
Nocardiopsis	2013	G	2667	682	3349	0.00013
Thermobifida	83677	G	625	47	672	0.00003
Streptomonospora	104204	G	445	143	588	0.00002
Spiractinospora	2913367	G	271	6	277	0.00001
Bifidobacterium	1678	G	15784	1207	16991	0.00064
Gardnerella	2701	G	3082	644	3726	0.00014
Scardovia	196081	G	943	72	1015	0.00004
Alloscardovia	419014	G	479	8	487	0.00002
Bombiscardovia	1159909	G	278	5	283	0.00001
Parascardovia	196082	G	214	17	231	0.00001
Actinomyces	1654	G	5846	437	6283	0.00024
Schaalia	2529408	G	2705	237	2942	0.00011
Trueperella	1069494	G	2072	729	2801	0.00011
Arcanobacterium	28263	G	1609	157	1766	0.00007
Actinotignum	1653174	G	865	162	1027	0.00004
Flaviflexus	1522056	G	607	115	722	0.00003
Winkia	2692118	G	475	582	1057	0.00004
Gleimia	2692113	G	420	367	787	0.00003
Nanchangia	2888879	G	324	7	331	0.00001
Scrofimicrobium	2815785	G	307	2	309	0.00001
Actinobaculum	76833	G	303	6	309	0.00001
Mobiluncus	2050	G	266	48	314	0.00001
Varibaculum	184869	G	262	65	327	0.00001
Buchananella	2767323	G	247	15	262	0.00001
Changpingibacter	2912996	G	149	69	218	0.00001
Pauljensenia	2740557	G	101	40	141	0.00001
Boudabousia	2767318	G	63	1	64	0.00000
Geodermatophilus	1860	G	1683	299	1982	0.00008
Blastococcus	38501	G	1189	205	1394	0.00005
Modestobacter	88138	G	815	146	961	0.00004
Frankia	1854	G	1085	69	1154	0.00004
Pseudofrankia	2994363	G	597	38	635	0.00002
Parafrankia	2994362	G	445	38	483	0.00002
Protofrankia	2994361	G	301	128	429	0.00002
Georgenia	154116	G	2313	896	3209	0.00012
Candidatus Planktophila	622681	G	1526	29	1555	0.00006
Candidatus Nanopelagicus	2039639	G	383	33	416	0.00002
Nakamurella	53460	G	1327	66	1393	0.00005
Jatrophihabitans	1434010	G	1156	49	1205	0.00005
Kineococcus	33981	G	835	116	951	0.00004
Angustibacter	908626	G	320	27	347	0.00001
Jiangella	281472	G	835	76	911	0.00003
Stackebrandtia	283810	G	406	10	416	0.00002
Natronoglycomyces	2838311	G	370	1	371	0.00001
Catenulispora	414878	G	472	37	509	0.00002
Actinopolyspora	1849	G	264	7	271	0.00001
Acidothermus	28048	G	252	4	256	0.00001
Bounagaea	1931219	G	203	113	316	0.00001
Epidermidibacterium	2078948	G	110	114	224	0.00001
Eggerthella	84111	G	6382	1685	8067	0.00031
Raoultibacter	1926677	G	2968	465	3433	0.00013
Gordonibacter	644652	G	2908	2548	5456	0.00021
Adlercreutzia	447020	G	2314	499	2813	0.00011
Arabiibacter	2005386	G	1954	76	2030	0.00008
Slackia	84108	G	1924	18	1942	0.00007
Berryella	2815775	G	1467	948	2415	0.00009
Xiamenia	2981344	G	1127	13	1140	0.00004
Denitrobacterium	79603	G	839	385	1224	0.00005
Phoenicibacter	1981050	G	445	198	643	0.00002
Cryptobacterium	84162	G	442	9	451	0.00002
Umbribacter	3472368	G	423	188	611	0.00002
Thermophilibacter	2847307	G	2011	375	2386	0.00009
Olsenella	133925	G	1020	31	1051	0.00004
Parafannyhessea	2847312	G	888	352	1240	0.00005
Lancefieldella	2767353	G	798	16	814	0.00003
Fannyhessea	2767327	G	625	213	838	0.00003
Parolsenella	2082587	G	568	531	1099	0.00004
Atopobium	1380	G	408	26	434	0.00002
Collinsella	102106	G	4100	896	4996	0.00019
Enorma	1472762	G	788	106	894	0.00003
Coriobacterium	33870	G	688	6	694	0.00003
Leptogranulimonas	2995122	G	527	7	534	0.00002
Aquihabitans	1648491	G	1215	63	1278	0.00005
Iamia	467975	G	690	31	721	0.00003
Actinospongiicola	3449744	G	472	11	483	0.00002
Actinomarinicola	2789775	G	253	23	276	0.00001
Dermatobacter	3075137	G	246	10	256	0.00001
Candidatus Poriferisodalis	2983190	G	2336	20	2356	0.00009
Candidatus Poriferisocius	2983186	G	1446	31	1477	0.00006
Ilumatobacter	682522	G	731	4	735	0.00003
Salinilacustrithrix	3436875	G	407	21	428	0.00002
Acidimicrobium	53634	G	225	0	225	0.00001
Candidatus Spongiisocius	2983163	G	211	0	211	0.00001
Baekduia	2600304	G	1668	128	1796	0.00007
Svornostia	3231543	G	354	19	373	0.00001
Conexibacter	191494	G	2014	112	2126	0.00008
Paraconexibacter	2758920	G	1221	65	1286	0.00005
Capillimicrobium	2976759	G	522	49	571	0.00002
Miltoncostaea	2843200	G	633	17	650	0.00002
Thermoleophilum	192992	G	282	5	287	0.00001
Rubrobacter	42255	G	2133	4	2137	0.00008
Euzebya	908623	G	669	5	674	0.00003
Egicoccus	1755825	G	362	7	369	0.00001
Egibacter	1747770	G	313	3	316	0.00001
Nostoc	1177	G	11748	393	12141	0.00046
Anabaena	1163	G	1715	2082	3797	0.00014
Richelia	98443	G	616	35	651	0.00002
Cylindrospermum	56106	G	413	14	427	0.00002
Trichormus	264688	G	194	11	205	0.00001
Dolichospermum	748770	G	745	831	1576	0.00006
Sphaerospermopsis	752201	G	643	30	673	0.00003
Cylindrospermopsis	77021	G	532	17	549	0.00002
Okeanomitos	3231549	G	456	24	480	0.00002
Calothrix	1186	G	2235	48	2283	0.00009
Tolypothrix	111782	G	1487	40	1527	0.00006
Nodularia	159191	G	684	51	735	0.00003
Halotia	1620790	G	331	15	346	0.00001
Anabaenopsis	110103	G	265	22	287	0.00001
Aliinostoc	2035978	G	182	35	217	0.00001
Fischerella	1190	G	895	108	1003	0.00004
Rivularia	373984	G	815	6	821	0.00003
Chlorogloeopsis	1123	G	761	1	762	0.00003
Brasilonema	383614	G	284	6	290	0.00001
Synechococcus	1129	G	11716	493	12209	0.00046
Prochlorococcus	1218	G	8948	92	9040	0.00034
Cyanobium	167375	G	1799	139	1938	0.00007
Parasynechococcus	2881427	G	51	29	80	0.00000
Synechocystis	1142	G	1302	29	1331	0.00005
Altericista	2855430	G	362	10	372	0.00001
Cyanobacterium	102234	G	2854	64	2918	0.00011
Geminocystis	669357	G	2267	56	2323	0.00009
Picosynechococcus	3079908	G	1487	30	1517	0.00006
Gloeothece	28070	G	1448	21	1469	0.00006
Crocosphaera	263510	G	1205	23	1228	0.00005
Rippkaea	2546365	G	674	20	694	0.00003
Candidatus Atelocyanobacterium	1453359	G	620	31	651	0.00002
Microcystis	1125	G	2533	130	2663	0.00010
Gloeocapsa	102231	G	412	23	435	0.00002
Gloeocapsopsis	693222	G	272	42	314	0.00001
Euhalothece	65097	G	359	11	370	0.00001
Halothece	76023	G	325	42	367	0.00001
Planktothrix	54304	G	2477	65	2542	0.00010
Microcoleus	44471	G	1317	110	1427	0.00005
Trichodesmium	1205	G	691	3	694	0.00003
Oxynema	1492710	G	1590	52	1642	0.00006
Phormidium	1198	G	878	187	1065	0.00004
Planktothricoides	132607	G	718	56	774	0.00003
Koinonema	2023214	G	375	36	411	0.00002
Limnospira	2596745	G	1080	96	1176	0.00004
Capilliphycus	2768926	G	549	16	565	0.00002
Leptolyngbya	47251	G	3904	748	4652	0.00018
Leptothermofonsia	2917830	G	747	77	824	0.00003
Kovacikia	1874526	G	639	24	663	0.00003
Leptodesmis	2664261	G	512	127	639	0.00002
Trichothermofontia	3045815	G	374	19	393	0.00001
Pseudanabaena	1152	G	2466	62	2528	0.00010
Limnothrix	132605	G	641	15	656	0.00002
Thalassoporum	2799719	G	272	5	277	0.00001
Thermosynechococcus	146785	G	1323	38	1361	0.00005
Parathermosynechococcus	3161592	G	675	32	707	0.00003
Acaryochloris	155977	G	1177	10	1187	0.00004
Gloeobacter	33071	G	1347	67	1414	0.00005
Anthocerotibacter	2857076	G	338	38	376	0.00001
Thermoleptolyngbya	2303528	G	740	379	1119	0.00004
Egbenema	3079668	G	500	34	534	0.00002
Thermocoleostomius	3065395	G	399	40	439	0.00002
Pleurocapsa	44474	G	877	48	925	0.00004
Stanieria	102115	G	546	14	560	0.00002
Moorena	1155738	G	652	8	660	0.00002
Allocoleopsis	2886347	G	503	25	528	0.00002
Crinalium	241421	G	617	29	646	0.00002
Chamaesiphon	217161	G	470	26	496	0.00002
Chroococcidiopsis	54298	G	1067	68	1135	0.00004
Nodosilinea	1120752	G	338	32	370	0.00001
Halomicronema	170610	G	331	3	334	0.00001
Dactylococcopsis	13034	G	273	44	317	0.00001
Gloeomargarita	1188227	G	552	3	555	0.00002
Desertifilum	1185872	G	481	27	508	0.00002
Geitlerinema	63132	G	333	805	1138	0.00004
Spiroplasma	2132	G	22521	657	23178	0.00088
Mesoplasma	46239	G	2500	410	2910	0.00011
Entomoplasma	46238	G	132	21	153	0.00001
Williamsoniiplasma	2919614	G	777	92	869	0.00003
Mycoplasma	2093	G	16852	2168	19020	0.00072
Candidatus Hepatoplasma	295595	G	313	175	488	0.00002
Acholeplasma	2147	G	4273	312	4585	0.00017
Candidatus Phytoplasma	33926	G	3135	149	3284	0.00012
Haploplasma	2903106	G	1390	123	1513	0.00006
Mariniplasma	2903100	G	1347	66	1413	0.00005
Candidatus Izemoplasma	2975549	G	2441	104	2545	0.00010
Candidatus Xianfuyuplasma	2975521	G	812	45	857	0.00003
Hujiaoplasma	3078171	G	914	156	1070	0.00004
Mycoplasmopsis	2767358	G	11817	879	12696	0.00048
Metamycoplasma	2895509	G	5695	610	6305	0.00024
Mesomycoplasma	2923352	G	4609	270	4879	0.00018
Malacoplasma	2791001	G	1626	57	1683	0.00006
Mycoplasmoides	2995234	G	1300	454	1754	0.00007
Ureaplasma	2129	G	972	47	1019	0.00004
Dehalococcoides	61434	G	1940	60	2000	0.00008
Dehalogenimonas	670486	G	1546	7	1553	0.00006
Candidatus Lucifugimonas	3143249	G	364	0	364	0.00001
Roseiflexus	120961	G	973	34	1007	0.00004
Chloroflexus	1107	G	861	0	861	0.00003
Candidatus Chlorohelix	3139173	G	427	11	438	0.00002
Thermobaculum	262406	G	383	18	401	0.00002
Candidatus Leptofilum	3140596	G	1339	5	1344	0.00005
Candidatus Promineifilum	1988031	G	484	0	484	0.00002
Pelolinea	1649478	G	718	2	720	0.00003
Anaerolinea	233189	G	535	0	535	0.00002
Candidatus Brevifilum	2019482	G	459	0	459	0.00002
Phototrophicus	2922426	G	646	0	646	0.00002
Ktedonosporobacter	2692417	G	625	15	640	0.00002
Tepidiforma	2682228	G	590	1	591	0.00002
Caldilinea	233191	G	589	38	627	0.00002
Thermoflexus	1495649	G	349	0	349	0.00001
Capsulimonas	2494209	G	1083	0	1083	0.00004
Fimbriimonas	1005038	G	394	0	394	0.00001
Chthonomonas	1077265	G	286	0	286	0.00001
Vulcanimicrobium	3016049	G	564	1	565	0.00002
Fusobacterium	848	G	29457	1612	31069	0.00118
Cetobacterium	180162	G	6095	256	6351	0.00024
Ilyobacter	167639	G	3113	15	3128	0.00012
Leptotrichia	32067	G	9336	411	9747	0.00037
Sebaldella	32068	G	1525	6	1531	0.00006
Sneathia	168808	G	1421	55	1476	0.00006
Pseudoleptotrichia	2755140	G	769	23	792	0.00003
Streptobacillus	34104	G	762	106	868	0.00003
Haliovirga	3072462	G	1262	15	1277	0.00005
Deinococcus	1298	G	14174	107	14281	0.00054
Thermus	270	G	2424	158	2582	0.00010
Meiothermus	65551	G	633	15	648	0.00002
Oceanithermus	208447	G	405	16	421	0.00002
Marinithermus	186191	G	355	5	360	0.00001
Allomeiothermus	2935559	G	198	10	208	0.00001
Truepera	332248	G	386	1	387	0.00001
Thermosipho	2420	G	2780	50	2830	0.00011
Fervidobacterium	2422	G	1854	243	2097	0.00008
Pseudothermotoga	1643951	G	1245	16	1261	0.00005
Thermotoga	2335	G	1170	1	1171	0.00004
Marinitoga	160798	G	1905	14	1919	0.00007
Tepiditoga	2778400	G	1098	29	1127	0.00004
Oceanotoga	1255275	G	1080	33	1113	0.00004
Defluviitoga	1511648	G	621	192	813	0.00003
Petrotoga	28236	G	340	34	374	0.00001
Kosmotoga	651456	G	686	0	686	0.00003
Mesotoga	1184396	G	660	0	660	0.00002
Athalassotoga	1769718	G	378	0	378	0.00001
Cloacibacillus	508459	G	4186	103	4289	0.00016
Aminomonas	81411	G	587	16	603	0.00002
Thermanaerovibrio	81461	G	559	22	581	0.00002
Pyramidobacter	638847	G	2580	11	2591	0.00010
Jonquetella	428711	G	758	28	786	0.00003
Fretibacterium	1434006	G	1059	0	1059	0.00004
Aminobacterium	81466	G	757	2	759	0.00003
Aminithiophilus	3029078	G	61	331	392	0.00001
Aminirod	3415218	G	46	5581	5627	0.00021
Candidatus Nanosynbacter	2093823	G	757	275	1032	0.00004
Candidatus Southlakia	3350975	G	164	3	167	0.00001
Candidatus Saccharimonas	1331051	G	84	0	84	0.00000
Candidatus Mycosynbacter	2831665	G	221	0	221	0.00001
Candidatus Minimicrobia	2905967	G	116	171	287	0.00001
Candidatus Chazhemtobacterium	2715734	G	282	0	282	0.00001
Minisyncoccus	3238478	G	196	0	196	0.00001
Candidatus Babela	1551504	G	239	2	241	0.00001
Candidatus Chromulinivorax	2953757	G	165	0	165	0.00001
Fervidibacter	1448928	G	265	0	265	0.00001
Candidatus Bipolaricaulis	2250122	G	248	0	248	0.00001
Candidatus Absconditicoccus	2900570	G	164	4	168	0.00001
Persicimonas	2766927	G	649	4	653	0.00002
Bradymonas	1779136	G	371	5	376	0.00001
Allomicrovenator	2946507	G	258	0	258	0.00001
Dissulfurimicrobium	1769732	G	384	1	385	0.00001
Lathyrus	3853	G	72197	3096	75293	0.00285
Vicia	3904	G	58397	1653	60050	0.00227
Medicago	3877	G	23146	1024	24170	0.00091
Trifolium	3898	G	19622	13715	33337	0.00126
Cicer	3826	G	29583	1324	30907	0.00117
Lotus	3867	G	18977	1535	20512	0.00078
Vigna	3913	G	81517	9183	90700	0.00343
Glycine	3846	G	55939	3299	59238	0.00224
Cajanus	3820	G	32179	2199	34378	0.00130
Phaseolus	3883	G	27846	1306	29152	0.00110
Arachis	3817	G	97716	5662	103378	0.00391
Lupinus	3869	G	36171	1742	37913	0.00144
Quercus	3511	G	219016	58050	277066	0.01049
Castanea	21019	G	62831	10898	73729	0.00279
Juglans	16718	G	38587	5914	44501	0.00168
Carya	13402	G	23880	5285	29165	0.00110
Alnus	3515	G	18879	10959	29838	0.00113
Corylus	13450	G	15921	889	16810	0.00064
Malus	3749	G	22698	4528	27226	0.00103
Pyrus	3766	G	13892	4152	18044	0.00068
Prunus	3754	G	21455	1708	23163	0.00088
Rosa	3764	G	22306	584	22890	0.00087
Argentina	3131914	G	8461	3701	12162	0.00046
Fragaria	3746	G	7119	693	7812	0.00030
Humulus	3484	G	59183	17560	76743	0.00291
Cannabis	3482	G	25058	2750	27808	0.00105
Ziziphus	72171	G	21606	7527	29133	0.00110
Hevea	3980	G	42853	1467	44320	0.00168
Manihot	3982	G	21548	4911	26459	0.00100
Mercurialis	3984	G	21757	15163	36920	0.00140
Ricinus	3987	G	18728	1704	20432	0.00077
Euphorbia	3990	G	31851	2160	34011	0.00129
Populus	3689	G	52021	33826	85847	0.00325
Benincasa	102210	G	41567	752	42319	0.00160
Cucumis	3655	G	38248	49203	87451	0.00331
Cucurbita	3660	G	11543	1352	12895	0.00049
Tripterygium	123484	G	12934	5182	18116	0.00069
Gossypium	3633	G	128165	3902	132067	0.00500
Theobroma	3640	G	16741	421	17162	0.00065
Brassica	3705	G	44568	38298	82866	0.00314
Raphanus	3725	G	17777	21499	39276	0.00149
Camelina	71323	G	25269	734	26003	0.00098
Arabidopsis	3701	G	7099	602	7701	0.00029
Eucalyptus	3932	G	21288	3325	24613	0.00093
Rhodamnia	178132	G	11131	820	11951	0.00045
Punica	22662	G	12658	1078	13736	0.00052
Mangifera	23461	G	24498	4024	28522	0.00108
Citrus	2706	G	15831	1753	17584	0.00067
Vitis	3603	G	34015	2837	36852	0.00140
Solanum	4107	G	150167	43321	193488	0.00732
Capsicum	4071	G	124958	2148	127106	0.00481
Lycium	24646	G	75746	2427	78173	0.00296
Nicotiana	4085	G	164653	6135	170788	0.00647
Ipomoea	4119	G	21667	2782	24449	0.00093
Primulina	48772	G	67068	3237	70305	0.00266
Henckelia	199091	G	25312	1234	26546	0.00100
Salvia	21880	G	64693	2252	66945	0.00253
Olea	4145	G	47816	895	48711	0.00184
Sesamum	4181	G	16487	963	17450	0.00066
Coffea	13442	G	33859	19763	53622	0.00203
Lactuca	4235	G	192977	45105	238082	0.00901
Rutidosis	125764	G	71134	4774	75908	0.00287
Helianthus	4231	G	61246	1018	62264	0.00236
Erigeron	41574	G	22088	1237	23325	0.00088
Cynara	4264	G	29176	635	29811	0.00113
Apium	4044	G	68221	1390	69611	0.00264
Daucus	4038	G	20510	2143	22653	0.00086
Impatiens	35939	G	37308	1571	38879	0.00147
Actinidia	3624	G	31231	803	32034	0.00121
Diospyros	13492	G	26996	637	27633	0.00105
Rhododendron	4346	G	17193	1217	18410	0.00070
Silene	3573	G	50049	389	50438	0.00191
Beta	3554	G	22508	571	23079	0.00087
Spinacia	3561	G	22459	27628	50087	0.00190
Amaranthus	3564	G	24614	9865	34479	0.00131
Malania	397391	G	56056	847	56903	0.00215
Triticum	4564	G	123177	23846	147023	0.00557
Aegilops	4480	G	5786	18891	24677	0.00093
Hordeum	4512	G	47990	11147	59137	0.00224
Lolium	4520	G	49987	964	50951	0.00193
Brachypodium	15367	G	6828	419	7247	0.00027
Oryza	4527	G	29333	6329	35662	0.00135
Miscanthus	62336	G	36332	1062	37394	0.00142
Zea	4575	G	24597	3536	28133	0.00106
Sorghum	4557	G	12413	2093	14506	0.00055
Panicum	4539	G	32055	1499	33554	0.00127
Setaria	4554	G	12298	782	13080	0.00050
Phragmites	15745	G	23772	3097	26869	0.00102
Carex	13398	G	21702	10685	32387	0.00123
Typha	4732	G	19206	732	19938	0.00075
Ananas	4614	G	16231	1249	17480	0.00066
Zingiber	4650	G	64507	1459	65966	0.00250
Curcuma	99568	G	16304	1515	17819	0.00067
Musa	4640	G	31263	39447	70710	0.00268
Elaeis	51952	G	49168	2581	51749	0.00196
Phoenix	4719	G	22165	1112	23277	0.00088
Asparagus	4685	G	32118	551	32669	0.00124
Dioscorea	4672	G	26224	556	26780	0.00101
Wolffia	161109	G	15260	404	15664	0.00059
Papaver	3468	G	65717	875	66592	0.00252
Macadamia	4329	G	25548	1735	27283	0.00103
Telopea	54954	G	25393	1276	26669	0.00101
Magnolia	3402	G	46226	345	46571	0.00176
Nymphaea	4418	G	15603	1852	17455	0.00066
Cryptomeria	3368	G	245479	22455	267934	0.01014
Physcomitrium	37414	G	25478	712	26190	0.00099
Ostreococcus	70447	G	1121	14	1135	0.00004
Bathycoccus	41874	G	1072	13	1085	0.00004
Micromonas	38832	G	901	13	914	0.00003
Chlamydomonas	3052	G	2760	37	2797	0.00011
Homo	9605	G	357899	88835	446734	0.01691
Fusarium	5506	G	7532	312	7844	0.00030
Trichoderma	5543	G	3003	194	3197	0.00012
Ustilaginoidea	124426	G	1107	17	1124	0.00004
Pochonia	243023	G	849	6	855	0.00003
Metarhizium	5529	G	677	5	682	0.00003
Purpureocillium	1052105	G	668	24	692	0.00003
Drechmeria	98402	G	656	9	665	0.00003
Akanthomyces	150366	G	717	21	738	0.00003
Colletotrichum	5455	G	3349	146	3495	0.00013
Thermothielavioides	2609811	G	776	97	873	0.00003
Thermothelomyces	1920207	G	775	34	809	0.00003
Remersonia	72143	G	649	44	693	0.00003
Neurospora	5140	G	1459	132	1591	0.00006
Sordaria	5146	G	659	333	992	0.00004
Podospora	5144	G	1519	64	1583	0.00006
Pyricularia	48558	G	3106	6	3112	0.00012
Botrytis	33196	G	2465	311	2776	0.00011
Aspergillus	5052	G	5464	190	5654	0.00021
Penicillium	5073	G	1847	230	2077	0.00008
Talaromyces	5094	G	2054	164	2218	0.00008
Coccidioides	5500	G	695	108	803	0.00003
Pyrenophora	5027	G	734	153	887	0.00003
Alternaria	5598	G	708	38	746	0.00003
Ascochyta	5453	G	769	46	815	0.00003
Cercospora	29002	G	798	63	861	0.00003
Fulvia	2897311	G	718	20	738	0.00003
Zymoseptoria	1047167	G	649	13	662	0.00003
Kluyveromyces	4910	G	3909	475	4384	0.00017
Saccharomyces	4930	G	2951	429	3380	0.00013
Naumovozyma	278028	G	2214	144	2358	0.00009
Henningerozyma	3163253	G	1395	74	1469	0.00006
Eremothecium	33170	G	1347	1062	2409	0.00009
Tetrapisispora	113604	G	1146	32	1178	0.00004
Zygotorulaspora	1196389	G	761	132	893	0.00003
Torulaspora	4948	G	724	113	837	0.00003
Nakaseomyces	374468	G	681	159	840	0.00003
Kazachstania	71245	G	618	27	645	0.00002
Zygosaccharomyces	4953	G	502	68	570	0.00002
Huiozyma	3163251	G	379	25	404	0.00002
Lachancea	300275	G	311	32	343	0.00001
Saccharomycodes	36034	G	1051	222	1273	0.00005
Candida	5475	G	3378	187	3565	0.00013
Lodderomyces	36913	G	989	259	1248	0.00005
Scheffersomyces	766733	G	871	53	924	0.00003
Debaryomyces	4958	G	870	4	874	0.00003
Yamadazyma	766765	G	349	41	390	0.00001
Australozyma	3300567	G	999	24	1023	0.00004
Candidozyma	3303203	G	259	23	282	0.00001
Brettanomyces	13366	G	1005	94	1099	0.00004
Pichia	4919	G	566	36	602	0.00002
Ogataea	461281	G	368	18	386	0.00001
Komagataella	460517	G	365	5	370	0.00001
Sugiyamaella	410829	G	590	81	671	0.00003
Yarrowia	4951	G	424	0	424	0.00002
Schizosaccharomyces	4895	G	2682	385	3067	0.00012
Kwoniella	490731	G	6413	554	6967	0.00026
Cryptococcus	5206	G	2806	416	3222	0.00012
Cutaneotrichosporon	1838142	G	1212	169	1381	0.00005
Vanrija	1851468	G	552	126	678	0.00003
Marasmius	34448	G	1198	180	1378	0.00005
Psilocybe	71950	G	1158	107	1265	0.00005
Rhizoctonia	1322061	G	2469	24	2493	0.00009
Puccinia	5296	G	5627	347	5974	0.00023
Mycosarcoma	2689624	G	1021	5	1026	0.00004
Sporisorium	63265	G	678	114	792	0.00003
Malassezia	55193	G	1586	337	1923	0.00007
Rhizophagus	1129544	G	18217	1198	19415	0.00073
Vairimorpha	6038	G	1836	36	1872	0.00007
Encephalitozoon	6033	G	411	0	411	0.00002
Plasmodium	5820	G	27170	874	28044	0.00106
Theileria	5873	G	2285	20	2305	0.00009
Babesia	5864	G	1631	45	1676	0.00006
Toxoplasma	5810	G	1500	271	1771	0.00007
Besnoitia	94642	G	1136	15	1151	0.00004
Neospora	29175	G	1016	2	1018	0.00004
Cryptosporidium	5806	G	1245	28	1273	0.00005
Paramecium	5884	G	380	0	380	0.00001
Thalassiosira	35127	G	1316	5	1321	0.00005
Phaeodactylum	2849	G	821	0	821	0.00003
Bremia	4778	G	1853	4	1857	0.00007
Bigelowiella	227085	G	50	0	50	0.00000
Trichomonas	5721	G	8247	26	8273	0.00031
Spironucleus	39709	G	2923	5	2928	0.00011
Giardia	5740	G	330	0	330	0.00001
Leishmania	5658	G	4852	66	4918	0.00019
Porcisia	2761499	G	800	19	819	0.00003
Trypanosoma	5690	G	1218	8	1226	0.00005
Dictyostelium	5782	G	3151	128	3279	0.00012
Cryptomonas	3030	G	91	10	101	0.00000
Hemiselmis	77924	G	76	2	78	0.00000
Guillardia	55528	G	92	16	108	0.00000
Cyanidioschyzon	45156	G	244	1	245	0.00001
Halorubrum	56688	G	1513	160	1673	0.00006
Halobaculum	43927	G	976	88	1064	0.00004
Haloplanus	376170	G	947	112	1059	0.00004
Haloferax	2251	G	944	10	954	0.00004
Haloprofundus	1911573	G	642	20	662	0.00003
Halorarum	3163375	G	459	40	499	0.00002
Salinigranum	1644057	G	310	6	316	0.00001
Halobellus	1073986	G	309	55	364	0.00001
Halogeometricum	60846	G	212	5	217	0.00001
Halolamina	1075397	G	177	26	203	0.00001
Halalkaliarchaeum	2678343	G	161	1	162	0.00001
Haloquadratum	293431	G	151	0	151	0.00001
Halopenitus	1209988	G	131	0	131	0.00000
Salinirarus	3415185	G	85	18	103	0.00000
Halohasta	1450140	G	84	17	101	0.00000
Natrinema	88723	G	1763	108	1871	0.00007
Natronorubrum	134813	G	766	30	796	0.00003
Natronococcus	29287	G	584	14	598	0.00002
Haloterrigena	121871	G	562	28	590	0.00002
Halovivax	332951	G	531	3	534	0.00002
Natronosalvus	3076685	G	433	5	438	0.00002
Natronobacterium	2256	G	364	30	394	0.00001
Natrarchaeobaculum	2765402	G	284	14	298	0.00001
Halomontanus	3125902	G	222	2	224	0.00001
Halosolutus	2993618	G	205	5	210	0.00001
Halopiger	387342	G	195	10	205	0.00001
Natrialba	63742	G	178	14	192	0.00001
Natronobeatus	3065678	G	167	16	183	0.00001
Natribaculum	1699375	G	161	12	173	0.00001
Salinilacihabitans	3065676	G	151	5	156	0.00001
Natrononativus	3065677	G	116	1	117	0.00000
Halostagnicola	353799	G	104	1	105	0.00000
Halovalidus	3383206	G	95	1	96	0.00000
Haloarcula	2237	G	2088	186	2274	0.00009
Halosimplex	171163	G	965	111	1076	0.00004
Halorientalis	1073987	G	611	120	731	0.00003
Halomicrobium	203135	G	504	16	520	0.00002
Halorhabdus	146825	G	398	14	412	0.00002
Halapricum	1542963	G	337	9	346	0.00001
Halovenus	1377992	G	277	10	287	0.00001
Salinibaculum	2732368	G	273	15	288	0.00001
Halococcoides	2907507	G	81	0	81	0.00000
Natronomonas	63743	G	870	108	978	0.00004
Halomarina	871740	G	455	5	460	0.00002
Halocatena	2907493	G	433	0	433	0.00002
Haloglomus	2806252	G	324	21	345	0.00001
Salinirubellus	2162630	G	261	4	265	0.00001
Halorarius	3056835	G	259	39	298	0.00001
Halosegnis	2841540	G	159	1	160	0.00001
Halorussus	1070314	G	1307	150	1457	0.00006
Haladaptatus	367188	G	832	4	836	0.00003
Halomicrococcus	2614447	G	130	8	138	0.00001
Halobacterium	2239	G	826	115	941	0.00004
Halodesulfurarchaeum	1980514	G	159	0	159	0.00001
Halanaeroarchaeum	1656823	G	152	0	152	0.00001
Halarchaeum	744724	G	121	2	123	0.00000
Salarchaeum	1075398	G	116	50	166	0.00001
Halospeciosus	3116496	G	82	18	100	0.00000
Halococcus	2249	G	399	0	399	0.00002
Halalkalicoccus	332246	G	286	1	287	0.00001
Salinarchaeum	1269201	G	406	1	407	0.00002
Natranaeroarchaeum	2917705	G	65	0	65	0.00000
Natronorarus	3386557	G	198	0	198	0.00001
Haloarchaeobius	1269031	G	162	0	162	0.00001
Methanosarcina	2207	G	5863	43	5906	0.00022
Methanolobus	2220	G	2808	97	2905	0.00011
Methanolapillus	3136068	G	785	49	834	0.00003
Methanococcoides	2225	G	774	68	842	0.00003
Methanimicrococcus	91559	G	732	40	772	0.00003
Methanomethylovorans	101191	G	491	8	499	0.00002
Methanohalobium	2321	G	447	2	449	0.00002
Methanohalophilus	2175	G	407	16	423	0.00002
Methanosalsum	196136	G	238	8	246	0.00001
Methanoculleus	45989	G	793	4	797	0.00003
Methanofollis	81416	G	613	4	617	0.00002
Methanoplanus	2314	G	591	9	600	0.00002
Methanogenium	2195	G	582	6	588	0.00002
Methanolacinia	230355	G	310	4	314	0.00001
Methanochimaera	3385476	G	250	12	262	0.00001
Methanomicrobium	2204	G	240	12	252	0.00001
Methanospirillum	2202	G	1267	15	1282	0.00005
Methanoregula	395331	G	365	0	365	0.00001
Methanosphaerula	475087	G	353	11	364	0.00001
Methanocorpusculum	2192	G	182	0	182	0.00001
Methanocella	570266	G	566	57	623	0.00002
Methanothrix	2222	G	446	1	447	0.00002
Candidatus Nanosalina	1051666	G	38	0	38	0.00000
Methanobrevibacter	2172	G	4497	93	4590	0.00017
Methanobacterium	2160	G	3858	339	4197	0.00016
Methanosphaera	2316	G	1172	34	1206	0.00005
Methanothermobacter	145260	G	383	0	383	0.00001
Methanocaldococcus	196118	G	1960	91	2051	0.00008
Methanotorris	196119	G	256	9	265	0.00001
Methanococcus	2184	G	1669	32	1701	0.00006
Methanothermococcus	155862	G	478	28	506	0.00002
Methanofervidicoccus	2607661	G	92	1	93	0.00000
Methanopyrus	2319	G	186	2	188	0.00001
Thermococcus	2263	G	2588	10	2598	0.00010
Pyrococcus	2260	G	559	4	563	0.00002
Palaeococcus	83867	G	121	0	121	0.00000
Archaeoglobus	2233	G	486	0	486	0.00002
Geoglobus	190818	G	310	0	310	0.00001
Ferroglobus	54260	G	212	0	212	0.00001
Methanonatronarchaeum	2022711	G	299	28	327	0.00001
Candidatus Methanoliparum	2545692	G	78	0	78	0.00000
Ferroplasma	74968	G	503	8	511	0.00002
Acidiplasma	507753	G	276	2	278	0.00001
Thermoplasma	2302	G	261	6	267	0.00001
Oxyplasma	3373586	G	113	0	113	0.00000
Picrophilus	46631	G	177	0	177	0.00001
Cuniculiplasma	1747777	G	163	4	167	0.00001
Methanomassiliicoccus	1080709	G	532	0	532	0.00002
Candidatus Methanoplasma	1607807	G	147	3	150	0.00001
Methanomethylophilus	1291539	G	124	2	126	0.00000
Candidatus Aciduliprofundum	379546	G	181	0	181	0.00001
Saccharolobus	2100760	G	1883	36	1919	0.00007
Acidianus	12914	G	1750	7	1757	0.00007
Sulfurisphaera	69655	G	673	5	678	0.00003
Sulfolobus	2284	G	627	173	800	0.00003
Metallosphaera	41980	G	503	0	503	0.00002
Sulfuracidifex	2705406	G	297	0	297	0.00001
Stygiolobus	41674	G	162	0	162	0.00001
Sulfodiicoccus	2017961	G	14	0	14	0.00000
Staphylothermus	2279	G	322	0	322	0.00001
Thermogladius	477695	G	135	0	135	0.00001
Aeropyrum	56635	G	107	2	109	0.00000
Ignicoccus	54258	G	76	1	77	0.00000
Thermosphaera	54253	G	57	0	57	0.00000
Desulfurococcus	2273	G	43	0	43	0.00000
Pyrodictium	2308	G	188	0	188	0.00001
Pyrofollis	3088728	G	115	0	115	0.00000
Pyrolobus	54251	G	58	7	65	0.00000
Hyperthermus	54247	G	32	0	32	0.00000
Pyrobaculum	2276	G	513	0	513	0.00002
Vulcanisaeta	164450	G	191	0	191	0.00001
Thermoproteus	2270	G	86	0	86	0.00000
Caldivirga	76886	G	38	0	38	0.00000
Caldisphaera	200414	G	262	5	267	0.00001
Acidilobus	105850	G	95	0	95	0.00000
Infirmifilum	2856573	G	149	0	149	0.00001
Thermofilum	2268	G	103	0	103	0.00000
Fervidicoccus	685950	G	121	2	123	0.00000
Tardisphaera	3471631	G	57	0	57	0.00000
Candidatus Korarchaeum	498845	G	28	0	28	0.00000
Nitrosopumilus	338191	G	3049	39	3088	0.00012
Nitrosarchaeum	1007082	G	252	5	257	0.00001
Candidatus Nitrosomarinus	1993653	G	148	4	152	0.00001
Candidatus Nitrosocosmicus	1826864	G	1307	1	1308	0.00005
Nitrososphaera	497726	G	345	0	345	0.00001
Nitrosotalea	1078904	G	157	0	157	0.00001
Candidatus Nitrosocaldus	498374	G	22	0	22	0.00000
Candidatus Nitrosotenuis	1825023	G	247	0	247	0.00001
Candidatus Nitrosopelagicus	1593364	G	166	0	166	0.00001
Conexivisphaera	2613912	G	16	0	16	0.00000
Candidatus Lokiarchaeum	1655637	G	962	0	962	0.00004
Promethearchaeum	3366645	G	454	5	459	0.00002
Candidatus Nanohalococcus	3157592	G	187	0	187	0.00001
Candidatus Nanohalovita	3157591	G	79	0	79	0.00000
Candidatus Nanohalobium	2856051	G	32	4	36	0.00000
Candidatus Micrarchaeum	662756	G	100	0	100	0.00000
Candidatus Mancarchaeum	2490204	G	53	0	53	0.00000
Nanobdella	2974824	G	79	3	82	0.00000
Junduvirus	2948774	G	6178	0	6178	0.00023
Kingevirus	2948785	G	29	0	29	0.00000
Kahucivirus	2948778	G	21	0	21	0.00000
Buchavirus	2942994	G	1571	1	1572	0.00006
Blohavirus	2942993	G	199	65	264	0.00001
Buorbuivirus	2948644	G	74	84	158	0.00001
Aurodevirus	2946811	G	277	9	286	0.00001
Birpovirus	2946830	G	100	23	123	0.00000
Besingivirus	2946821	G	83	0	83	0.00000
Afonbuvirus	2942989	G	138	0	138	0.00001
Burzaovirus	2948645	G	11	0	11	0.00000
Cohcovirus	2942991	G	21	0	21	0.00000
Canhaevirus	2942990	G	11	8	19	0.00000
Lahndsivirus	2948793	G	161	0	161	0.00001
Mahlunavirus	2948812	G	126	0	126	0.00000
Kehishuvirus	2942980	G	88	1	89	0.00000
Lebriduvirus	2948797	G	85	0	85	0.00000
Mahstovirus	2948813	G	65	0	65	0.00000
Kolpuevirus	2948787	G	63	0	63	0.00000
Pamirivirus	2948854	G	41	0	41	0.00000
Paundivirus	2942981	G	14	0	14	0.00000
Diorhovirus	2948680	G	82	0	82	0.00000
Carjivirus	2948652	G	66	0	66	0.00000
Delmidovirus	2948688	G	53	0	53	0.00000
Dabirmavirus	2948671	G	36	0	36	0.00000
Drivevirus	2948684	G	29	0	29	0.00000
Endlipuvirus	2948697	G	13	0	13	0.00000
Jahgtovirus	2948767	G	129	0	129	0.00000
Fohxhuevirus	2948709	G	69	0	69	0.00000
Wotdevirus	2948953	G	28	0	28	0.00000
Goettingenvirus	2842707	G	94	0	94	0.00000
Caeruleovirus	1911929	G	57	0	57	0.00000
Agatevirus	1910931	G	48	0	48	0.00000
Wphvirus	1922327	G	37	0	37	0.00000
Tsarbombavirus	1985181	G	31	0	31	0.00000
Eldridgevirus	2842662	G	31	6	37	0.00000
Bequatrovirus	1917990	G	20	0	20	0.00000
Bastillevirus	1918010	G	12	0	12	0.00000
Silviavirus	1857889	G	102	0	102	0.00000
Kayvirus	1857843	G	82	0	82	0.00000
Sciuriunavirus	2732971	G	72	0	72	0.00000
Sepunavirus	1980928	G	18	0	18	0.00000
Twortvirus	1857846	G	14	0	14	0.00000
Schiekvirus	2732968	G	126	3	129	0.00000
Kochikohdavirus	2560160	G	54	0	54	0.00000
Siminovitchvirus	1918721	G	20	0	20	0.00000
Mooreparkvirus	2842881	G	15	0	15	0.00000
Harbinvirus	2732970	G	11	1	12	0.00000
Pecentumvirus	1857844	G	10	0	10	0.00000
Ferozepurvirus	3044715	G	84	0	84	0.00000
Erskinevirus	2169623	G	58	0	58	0.00000
Meadowvirus	3044758	G	55	0	55	0.00000
Chaoshanvirus	3044686	G	37	0	37	0.00000
Phikzvirus	680115	G	23	41	64	0.00000
Aphroditevirus	2560092	G	22	0	22	0.00000
Petsuvirus	2733122	G	20	0	20	0.00000
Moabitevirus	2843422	G	16	0	16	0.00000
Eowynvirus	3044711	G	15	0	15	0.00000
Serwervirus	3044821	G	12	0	12	0.00000
Ripduovirus	2560215	G	11	0	11	0.00000
Nimduovirus	3044775	G	10	0	10	0.00000
Donellivirus	2843376	G	275	0	275	0.00001
Tunavirus	187217	G	109	0	109	0.00000
Tlsvirus	1920865	G	80	0	80	0.00000
Hanrivervirus	2560145	G	18	0	18	0.00000
Rogunavirus	1920866	G	16	0	16	0.00000
Webervirus	1920860	G	15	0	15	0.00000
Rtpvirus	1920864	G	11	2	13	0.00000
Alexandravirus	2733088	G	202	0	202	0.00001
Matsuvirus	2842857	G	57	0	57	0.00000
Petruschkyvirus	3044789	G	27	0	27	0.00000
Zicotriavirus	2843161	G	16	0	16	0.00000
Pollockvirus	2842973	G	10	0	10	0.00000
Eneladusvirus	2560128	G	191	0	191	0.00001
Gundelvirus	2948733	G	104	0	104	0.00000
Baltivirus	2946816	G	77	1	78	0.00000
Tequintavirus	187218	G	42	1	43	0.00000
Epseptimavirus	2732017	G	31	0	31	0.00000
Vipunavirus	2732016	G	32	2	34	0.00000
Hongcheonvirus	2732966	G	35	0	35	0.00000
Xooduovirus	2948956	G	66	12	78	0.00000
Ghuizhouvirus	3152602	G	29	0	29	0.00000
Vojvodinavirus	2733220	G	20	0	20	0.00000
Yuavirus	1299429	G	11	0	11	0.00000
Takahashivirus	2843463	G	165	0	165	0.00001
Hafyongvirus	3152967	G	118	15	133	0.00001
Salmondvirus	2733130	G	90	0	90	0.00000
Leonardvirus	2948800	G	57	0	57	0.00000
Kroosvirus	2948789	G	13	0	13	0.00000
Teubervirus	2843466	G	85	0	85	0.00000
Audreyjarvisvirus	2843351	G	76	0	76	0.00000
Brucesealvirus	2842570	G	63	0	63	0.00000
Fletchervirus	1636618	G	56	0	56	0.00000
Firehammervirus	1636617	G	16	0	16	0.00000
Efquatrovirus	2560124	G	72	3	75	0.00000
Polybotosvirus	2560207	G	70	0	70	0.00000
Fromanvirus	186764	G	69	17	86	0.00000
Rollinsvirus	3044806	G	40	0	40	0.00000
Innesvirus	3044739	G	20	0	20	0.00000
Carnodivirus	3044682	G	65	0	65	0.00000
Naesvirus	2733115	G	65	0	65	0.00000
Qingdaovirus	2733126	G	65	0	65	0.00000
Nonanavirus	1921122	G	65	26	91	0.00000
Shapirovirus	2733155	G	34	0	34	0.00000
Colossusvirus	2733153	G	15	0	15	0.00000
Bertelyvirus	2733152	G	12	0	12	0.00000
Kungbxnavirus	2843406	G	59	0	59	0.00000
Micavirus	2948822	G	56	0	56	0.00000
Asteriusvirus	2560094	G	54	0	54	0.00000
Carltongylesvirus	2732960	G	37	0	37	0.00000
Sextaecvirus	1922243	G	51	1	52	0.00000
Wakandavirus	3044854	G	16	0	16	0.00000
Gilsonvirus	2843386	G	15	0	15	0.00000
Dismasvirus	2560122	G	48	0	48	0.00000
Negarvirus	2560187	G	20	0	20	0.00000
Copernicusvirus	2842616	G	12	0	12	0.00000
Andhravirus	2732589	G	11	0	11	0.00000
Hungariovirus	2948761	G	47	0	47	0.00000
Aurunvirus	2733093	G	46	0	46	0.00000
Gediminasvirus	2943007	G	10	0	10	0.00000
Satomivirus	3152959	G	42	0	42	0.00000
Shirahamavirus	2843456	G	36	0	36	0.00000
Mimasvirus	2560176	G	35	0	35	0.00000
Skunavirus	1623305	G	34	0	34	0.00000
Freyavirus	2948713	G	34	0	34	0.00000
Holosalinivirus	2560147	G	33	0	33	0.00000
Krompvirus	3152997	G	31	0	31	0.00000
Mohonavirus	3044767	G	29	0	29	0.00000
Pakpunavirus	1921407	G	15	0	15	0.00000
Barbavirus	2733095	G	28	0	28	0.00000
Obolenskvirus	1915205	G	28	0	28	0.00000
Citrovirus	2842608	G	11	0	11	0.00000
Icepovirus	2842751	G	10	0	10	0.00000
Wroclawvirus	3044857	G	27	0	27	0.00000
Klausavirus	2843401	G	26	0	26	0.00000
Mooglevirus	1985303	G	10	0	10	0.00000
Alcyoneusvirus	2560086	G	25	0	25	0.00000
Llyrvirus	2733111	G	25	0	25	0.00000
Plateaulakevirus	2843436	G	24	0	24	0.00000
Barnyardvirus	1623276	G	23	0	23	0.00000
Jerseyvirus	1910991	G	17	0	17	0.00000
Ryyoungvirus	2733147	G	23	0	23	0.00000
Pbunavirus	1198980	G	15	0	15	0.00000
Ibantikvirus	3152969	G	22	0	22	0.00000
Nickievirus	2560188	G	21	0	21	0.00000
Mollyvirus	2948826	G	20	0	20	0.00000
Lightbulbvirus	1918522	G	19	0	19	0.00000
Trinavirus	2560242	G	18	0	18	0.00000
Cuauhnahuacvirus	3044696	G	18	0	18	0.00000
Eurybiavirus	2733104	G	17	0	17	0.00000
Unahavirus	2560245	G	13	51	64	0.00000
Chopinvirus	2843365	G	16	0	16	0.00000
Demosthenesvirus	1982106	G	16	0	16	0.00000
Saphexavirus	1623302	G	16	0	16	0.00000
Nevevirus	2843430	G	15	0	15	0.00000
Dhillonvirus	1623289	G	15	0	15	0.00000
Coetzeevirus	1623300	G	15	0	15	0.00000
Rowavirus	2733206	G	14	0	14	0.00000
Metrivirus	2560175	G	14	0	14	0.00000
Immutovirus	2948764	G	13	0	13	0.00000
Chakrabartyvirus	2560113	G	13	0	13	0.00000
Jarrellvirus	2843395	G	13	0	13	0.00000
Latrobevirus	2843415	G	13	0	13	0.00000
Thornevirus	2560237	G	12	0	12	0.00000
Privateervirus	2843440	G	12	0	12	0.00000
Mieseafarmvirus	1980921	G	12	0	12	0.00000
Terapinvirus	2733216	G	12	0	12	0.00000
Andromedavirus	1623275	G	12	0	12	0.00000
Microwolfvirus	2942894	G	11	0	11	0.00000
Saclayvirus	2733128	G	11	0	11	0.00000
Deseoctovirus	2948678	G	11	4	15	0.00000
Nanhaivirus	2560183	G	11	0	11	0.00000
Mollymurvirus	3044768	G	11	0	11	0.00000
Pahexavirus	1982251	G	11	0	11	0.00000
Silentrexvirus	3044830	G	10	0	10	0.00000
Leefvirus	2948798	G	10	0	10	0.00000
Typhavirus	2948937	G	10	0	10	0.00000
Ficleduovirus	2560131	G	10	0	10	0.00000
Gilgameshvirus	3152619	G	10	0	10	0.00000
Gaprivervirus	1913654	G	87	0	87	0.00000
Mosigvirus	1913652	G	47	9	56	0.00000
Tequatrovirus	10663	G	40	4	44	0.00000
Dhakavirus	1914165	G	30	0	30	0.00000
Centumtrigintavirus	3424971	G	25	0	25	0.00000
Moonvirus	1985329	G	15	0	15	0.00000
Winklervirus	2560256	G	15	0	15	0.00000
Kagamiyamavirus	2948777	G	13	0	13	0.00000
Jiaodavirus	1985325	G	12	0	12	0.00000
Gualtarvirus	2948732	G	123	0	123	0.00000
Bragavirus	2948639	G	50	0	50	0.00000
Schizotequatrovirus	1198137	G	34	0	34	0.00000
Lazarusvirus	2842820	G	12	5	17	0.00000
Tulanevirus	2560244	G	19	0	19	0.00000
Cinqassovirus	2948665	G	15	0	15	0.00000
Pseudotevenvirus	2842979	G	12	0	12	0.00000
Angelvirus	2946800	G	10	0	10	0.00000
Jiangsuvirus	2948770	G	10	0	10	0.00000
Neritesvirus	2948838	G	141	24	165	0.00001
Ronodorvirus	2843447	G	46	0	46	0.00000
Serangoonvirus	3044820	G	44	0	44	0.00000
Haifavirus	2948752	G	43	0	43	0.00000
Yellowseavirus	3044861	G	32	0	32	0.00000
Palaemonvirus	2733121	G	26	0	26	0.00000
Nilusvirus	2948839	G	22	0	22	0.00000
Shandvirus	2948904	G	16	0	16	0.00000
Charybdisvirus	2733100	G	15	0	15	0.00000
Zhoulongquanvirus	3044869	G	14	0	14	0.00000
Yushanluvirus	3044866	G	12	10	22	0.00000
Namakavirus	2733116	G	10	1	11	0.00000
Lipsvirus	2948803	G	10	0	10	0.00000
Kujavirus	2841277	G	42	0	42	0.00000
Kuttervirus	2169536	G	37	0	37	0.00000
Taipeivirus	2731621	G	12	0	12	0.00000
Unosvirus	3424968	G	52	0	52	0.00000
Apdecimavirus	2732676	G	33	0	33	0.00000
Kayfunavirus	2732686	G	25	0	25	0.00000
Votkovvirus	2731987	G	34	0	34	0.00000
Pelagivirus	2731966	G	23	0	23	0.00000
Chosvirus	2731934	G	20	0	20	0.00000
Aegirvirus	2731926	G	15	0	15	0.00000
Phikmvvirus	477967	G	21	0	21	0.00000
Waewaevirus	2731988	G	21	0	21	0.00000
Phimunavirus	2560202	G	10	0	10	0.00000
Coopervirus	1982898	G	32	0	32	0.00000
Quesadillavirus	2948877	G	19	2	21	0.00000
Yihwangvirus	3044863	G	94	0	94	0.00000
Basiliskvirus	3044670	G	11	0	11	0.00000
Hacavirus	2948735	G	44	0	44	0.00000
Laminvirus	2948796	G	35	0	35	0.00000
Hagravirus	2948738	G	21	0	21	0.00000
Kirovvirus	3044745	G	84	0	84	0.00000
Haetaevirus	3044726	G	12	0	12	0.00000
Keshuvirus	2948781	G	34	0	34	0.00000
Fionnbharthvirus	2948708	G	13	0	13	0.00000
Avunavirus	2560095	G	23	1	24	0.00000
Henunavirus	2842727	G	17	0	17	0.00000
Tsamsavirus	3044849	G	43	0	43	0.00000
Sophritavirus	3044834	G	11	0	11	0.00000
Lenusvirus	2733160	G	24	0	24	0.00000
Maenadvirus	2733162	G	24	0	24	0.00000
Suseptimavirus	3044836	G	32	0	32	0.00000
Cheoctovirus	1623281	G	41	12	53	0.00000
Myrnavirus	2948833	G	32	0	32	0.00000
Vipetofemvirus	2948949	G	35	0	35	0.00000
Beejeyvirus	2946818	G	26	0	26	0.00000
Phapecoctavirus	2733124	G	28	0	28	0.00000
Aobingvirus	3044659	G	31	0	31	0.00000
Kukulkanvirus	3044748	G	17	0	17	0.00000
Nymphadoravirus	2169636	G	14	1	15	0.00000
Carmenvirus	2842583	G	10	0	10	0.00000
Metforvirus	2948821	G	10	0	10	0.00000
Varicellovirus	10319	G	126	0	126	0.00000
Mardivirus	180252	G	23	0	23	0.00000
Simplexvirus	10294	G	20	0	20	0.00000
Roseolovirus	40272	G	60	0	60	0.00000
Cytomegalovirus	10358	G	39	0	39	0.00000
Muromegalovirus	10365	G	25	0	25	0.00000
Proboscivirus	548689	G	24	0	24	0.00000
Quwivirus	2842996	G	19	0	19	0.00000
Rhadinovirus	10379	G	17	0	17	0.00000
Percavirus	548688	G	12	0	12	0.00000
Batravirus	3044671	G	32	0	32	0.00000
Cyvirus	3044698	G	14	0	14	0.00000
Iridovirus	10487	G	4972	0	4972	0.00019
Chloriridovirus	10491	G	104	0	104	0.00000
Daphniairidovirus	2842631	G	16	0	16	0.00000
Megalocytivirus	308906	G	47	0	47	0.00000
Lymphocystivirus	10494	G	19	0	19	0.00000
Losannavirus	3152990	G	96	0	96	0.00000
Marseillevirus	1513458	G	62	0	62	0.00000
Ascovirus	43680	G	42	0	42	0.00000
Alphaorpheovirus	3153020	G	213	0	213	0.00001
Alphapithovirus	3153073	G	24	0	24	0.00000
Moumouvirus	3080801	G	499	21	520	0.00002
Tupanvirus	2094720	G	430	0	430	0.00002
Megavirus	3044761	G	425	2	427	0.00002
Mimivirus	315393	G	336	9	345	0.00001
Cotonvirus	3044693	G	153	2	155	0.00001
Fadolivirus	2763561	G	390	0	390	0.00001
Theiavirus	3044842	G	198	0	198	0.00001
Rheavirus	3044800	G	126	2	128	0.00000
Biavirus	3044674	G	120	0	120	0.00000
Kratosvirus	3044747	G	83	0	83	0.00000
Oceanusvirus	3044778	G	18	0	18	0.00000
Prasinovirus	181084	G	138	0	138	0.00001
Chlorovirus	181083	G	127	0	127	0.00000
Prymnesiovirus	181086	G	87	73	160	0.00001
Phaeovirus	181085	G	66	0	66	0.00000
Raphidovirus	573012	G	17	0	17	0.00000
Coccolithovirus	346673	G	10	0	10	0.00000
Avipoxvirus	10260	G	169	0	169	0.00001
Orthopoxvirus	10242	G	106	0	106	0.00000
Centapoxvirus	2005509	G	95	0	95	0.00000
Cervidpoxvirus	573055	G	59	0	59	0.00000
Oryzopoxvirus	2733297	G	47	0	47	0.00000
Vespertilionpoxvirus	2733301	G	42	0	42	0.00000
Molluscipoxvirus	10278	G	26	0	26	0.00000
Yatapoxvirus	10282	G	24	0	24	0.00000
Capripoxvirus	10265	G	20	0	20	0.00000
Parapoxvirus	10257	G	13	0	13	0.00000
Mustelpoxvirus	2733296	G	10	0	10	0.00000
Betaentomopoxvirus	10286	G	306	0	306	0.00001
Epsilonentomopoxvirus	3152696	G	89	0	89	0.00000
Alphaentomopoxvirus	62098	G	58	0	58	0.00000
Deltaentomopoxvirus	2733302	G	34	0	34	0.00000
Asfivirus	39743	G	25	0	25	0.00000
Siadenovirus	129876	G	141	0	141	0.00001
Mastadenovirus	10509	G	34	0	34	0.00000
Barthadenovirus	3152491	G	25	0	25	0.00000
Orthobunyavirus	11572	G	215	0	215	0.00001
Emaravirus	675845	G	12	0	12	0.00000
Phlebovirus	11584	G	85	0	85	0.00000
Tenuivirus	12329	G	29	0	29	0.00000
Pidchovirus	2501975	G	19	0	19	0.00000
Orthonairovirus	1980517	G	14	0	14	0.00000
Ephemerovirus	32613	G	22	0	22	0.00000
Sunrhavirus	2733254	G	14	0	14	0.00000
Alpharicinrhavirus	2842542	G	12	0	12	0.00000
Orthorubulavirus	2560195	G	34	0	34	0.00000
Henipavirus	260964	G	11	0	11	0.00000
Parajeilongvirus	3153023	G	11	0	11	0.00000
Stylovirus	2948916	G	23	0	23	0.00000
Orthobornavirus	186458	G	11	0	11	0.00000
Ophiovirus	88129	G	25	0	25	0.00000
Alphacoronavirus	693996	G	54	0	54	0.00000
Alphamesonivirus	1312873	G	29	0	29	0.00000
Vebetovirus	2948945	G	13	0	13	0.00000
Cheravirus	310684	G	24	0	24	0.00000
Torradovirus	675073	G	12	0	12	0.00000
Tropivirus	2733283	G	19	0	19	0.00000
Enterovirus	12059	G	10	0	10	0.00000
Potyvirus	12195	G	54	0	54	0.00000
Cucumovirus	12304	G	45	0	45	0.00000
Alphavirus	11019	G	31	11	42	0.00000
Crinivirus	67753	G	18	0	18	0.00000
Divavirus	1914293	G	14	0	14	0.00000
Marafivirus	12051	G	15	0	15	0.00000
Avenavirus	146761	G	15	0	15	0.00000
Orbivirus	10892	G	27	0	27	0.00000
Alphachrysovirus	2560087	G	23	5	28	0.00000
Palsdevirus	2842938	G	11	0	11	0.00000
Duamitovirus	2948686	G	22	0	22	0.00000
Badnavirus	10652	G	22	0	22	0.00000
Gammapapillomavirus	325455	G	1232	0	1232	0.00005
Pipapillomavirus	334211	G	72	0	72	0.00000
Xipapillomavirus	333921	G	12	0	12	0.00000
Alphapolyomavirus	1891713	G	28	0	28	0.00000
Bidensovirus	1285588	G	72	0	72	0.00000
Bocaparvovirus	1507401	G	11	0	11	0.00000
Mastrevirus	10812	G	33	0	33	0.00000
Begomovirus	10814	G	14	0	14	0.00000
Circovirus	39725	G	12	3	15	0.00000
Alphatorquevirus	687331	G	14	2	16	0.00000
Alphabaculovirus	558016	G	803	0	803	0.00003
Betabaculovirus	558017	G	175	0	175	0.00001
Gammabaculovirus	558018	G	24	0	24	0.00000
Alphanudivirus	1511853	G	95	0	95	0.00000
Betanudivirus	1511854	G	59	0	59	0.00000
Gammanudivirus	2842693	G	15	0	15	0.00000
Glossinavirus	1285591	G	23	0	23	0.00000
Bracoviriform	2946836	G	143	0	143	0.00001
Ichnoviriform	2948762	G	17	0	17	0.00000
Fabenesatellite	2169628	G	32	3	35	0.00000
Betasatellite	190729	G	20	0	20	0.00000
Cebaduodecimvirus	3425117	G	18	13	31	0.00000
Pandoravirus	2060084	G	266	336	602	0.00002
Hoswirudivirus	2842738	G	47	0	47	0.00000
Icerudivirus	2842752	G	34	0	34	0.00000
Japarudivirus	2842772	G	16	0	16	0.00000
Usarudivirus	2843109	G	14	0	14	0.00000
Yumkaaxvirus	3044865	G	23	0	23	0.00000
