name	taxonomy_id	taxonomy_lvl	kraken_assigned_reads	added_reads	new_est_reads	fraction_total_reads
Citrobacter	544	G	25158936	1426017	26584953	0.22707
Buttiauxella	82976	G	8004724	51033	8055757	0.06881
Enterobacter	547	G	959215	113511	1072726	0.00916
Klebsiella	570	G	410738	78325	489063	0.00418
Raoultella	160674	G	144754	51906	196660	0.00168
Escherichia	561	G	370361	733443	1103804	0.00943
Cedecea	158483	G	285614	2364	287978	0.00246
Dryocola	3021684	G	269774	3266	273040	0.00233
Kosakonia	1330547	G	196109	3409	199518	0.00170
Salmonella	590	G	146315	114147	260462	0.00222
Kluyvera	579	G	133487	5130	138617	0.00118
Cronobacter	413496	G	128841	1622	130463	0.00111
Leclercia	83654	G	120295	6075	126370	0.00108
Lelliottia	1330545	G	84361	2631	86992	0.00074
Franconibacter	1649295	G	40059	181	40240	0.00034
Atlantibacter	1903434	G	37059	1001	38060	0.00033
Siccibacter	1649298	G	33857	388	34245	0.00029
Scandinavium	2726810	G	32985	283	33268	0.00028
Pseudocitrobacter	1504576	G	32641	629	33270	0.00028
Phytobacter	447792	G	27454	5378	32832	0.00028
Superficieibacter	2303321	G	22652	273	22925	0.00020
Mangrovibacter	451512	G	22601	1060	23661	0.00020
Pluralibacter	1330546	G	20696	484	21180	0.00018
Yokenella	158876	G	17553	532	18085	0.00015
Trabulsiella	158851	G	14497	610	15107	0.00013
Pseudescherichia	2055880	G	13703	769	14472	0.00012
Jejubacter	2815296	G	12278	30	12308	0.00011
Symbiopectobacterium	801	G	7790	29	7819	0.00007
Candidatus Blochmanniella	203804	G	1358	0	1358	0.00001
Candidatus Westeberhardia	1699619	G	85	0	85	0.00000
Candidatus Williamhamiltonella	568987	G	468	522	990	0.00001
Candidatus Regiella	568988	G	113	0	113	0.00000
Candidatus Doolittlea	1906657	G	200	0	200	0.00000
Candidatus Tachikawaea	1682492	G	183	2	185	0.00000
Candidatus Purcelliella	472825	G	127	0	127	0.00000
Candidatus Hoaglandella	1906659	G	106	0	106	0.00000
Candidatus Gullanella	1906661	G	103	0	103	0.00000
Candidatus Mikella	1906660	G	83	0	83	0.00000
Candidatus Annandia	1302410	G	72	68	140	0.00000
Shimwellia	1335483	G	11107	84	11191	0.00010
Plesiomonas	702	G	5127	70	5197	0.00004
Shigella	620	G	4572	26895	31467	0.00027
Candidatus Profftia	1177214	G	588	0	588	0.00001
Candidatus Curculioniphilus	690591	G	154	0	154	0.00000
Candidatus Ishikawella	409304	G	115	0	115	0.00000
Candidatus Moranella	1048757	G	97	0	97	0.00000
Candidatus Schneideria	1081630	G	81	0	81	0.00000
Candidatus Riesia	401618	G	60	0	60	0.00000
Serratia	613	G	1752140	29693	1781833	0.01522
Yersinia	629	G	172713	16149	188862	0.00161
Rahnella	34037	G	65938	1062	67000	0.00057
Chania	1745211	G	17843	231	18074	0.00015
Rouxiella	1565532	G	11299	184	11483	0.00010
Ewingella	41201	G	7889	136	8025	0.00007
Gibbsiella	929812	G	5474	83	5557	0.00005
Chimaeribacter	2716544	G	3411	95	3506	0.00003
Nissabacter	1964366	G	2647	28	2675	0.00002
Candidatus Fukatsuia	1927833	G	690	0	690	0.00001
Providencia	586	G	767059	99581	866640	0.00740
Proteus	583	G	25889	785	26674	0.00023
Xenorhabdus	626	G	23484	47	23531	0.00020
Morganella	581	G	16260	414	16674	0.00014
Photorhabdus	29487	G	10928	10	10938	0.00009
Moellerella	158848	G	4907	230	5137	0.00004
Arsenophonus	637	G	3705	4	3709	0.00003
Pantoea	53335	G	197093	5947	203040	0.00173
Erwinia	551	G	71620	3007	74627	0.00064
Mixta	2100764	G	11061	1201	12262	0.00010
Buchnera	32199	G	7748	15	7763	0.00007
Paramixta	3231896	G	7609	220	7829	0.00007
Winslowiella	2997349	G	7168	194	7362	0.00006
Tatumella	82986	G	6818	86	6904	0.00006
Duffyella	3026546	G	5935	607	6542	0.00006
Wigglesworthia	51228	G	81	0	81	0.00000
Pectobacterium	122277	G	82577	1121	83698	0.00071
Dickeya	204037	G	49574	826	50400	0.00043
Brenneria	71655	G	11073	1061	12134	0.00010
Lonsdalea	1082702	G	3153	44	3197	0.00003
Musicola	2884243	G	2776	37	2813	0.00002
Prodigiosinella	3059405	G	1072	1343	2415	0.00002
Hafnia	568	G	42174	3775	45949	0.00039
Edwardsiella	635	G	11747	217	11964	0.00010
Obesumbacterium	82982	G	2241	935	3176	0.00003
Sodalis	84565	G	17487	24	17511	0.00015
Limnobaculum	2172100	G	8086	94	8180	0.00007
Leminorella	82980	G	4495	18	4513	0.00004
Pragia	82984	G	2733	42	2775	0.00002
Gallaecimonas	745410	G	1758	69	1827	0.00002
Acinetobacter	469	G	5825281	69616	5894897	0.05035
Psychrobacter	497	G	3872	9	3881	0.00003
Moraxella	475	G	2197	8	2205	0.00002
Faucicola	1604696	G	726	5	731	0.00001
Aquirhabdus	2824158	G	144	0	144	0.00000
Alkanindiges	222991	G	134	1	135	0.00000
Lwoffella	3444169	G	84	0	84	0.00000
Pseudomonas	286	G	4557925	137060	4694985	0.04010
Halopseudomonas	2901189	G	358846	60013	418859	0.00358
Stutzerimonas	2901164	G	14087	1068	15155	0.00013
Metapseudomonas	3236656	G	10876	769	11645	0.00010
Ectopseudomonas	3236654	G	5477	1414	6891	0.00006
Aquipseudomonas	3236652	G	3290	320	3610	0.00003
Azotobacter	352	G	2495	162	2657	0.00002
Azorhizophilus	157913	G	257	113	370	0.00000
Entomomonas	2758906	G	975	0	975	0.00001
Phytopseudomonas	3236657	G	968	63	1031	0.00001
Geopseudomonas	3236655	G	686	41	727	0.00001
Thiopseudomonas	1654787	G	343	2	345	0.00000
Permianibacter	1649479	G	244	0	244	0.00000
Denitrificimonas	2901261	G	241	4	245	0.00000
Marinobacter	2742	G	5760	26	5786	0.00005
Candidatus Njordibacter	3457297	G	629	0	629	0.00001
Ketobacter	2025617	G	135	0	135	0.00000
Pseudohongiella	1524249	G	134	0	134	0.00000
Stenotrophomonas	40323	G	381951	21576	403527	0.00345
Xanthomonas	338	G	41892	859	42751	0.00037
Pseudoxanthomonas	83618	G	13932	339	14271	0.00012
Lysobacter	68	G	13396	326	13722	0.00012
Luteimonas	83614	G	6286	70	6356	0.00005
Thermomonas	141948	G	3546	60	3606	0.00003
Marilutibacter	3382698	G	1091	14	1105	0.00001
Agrilutibacter	3382696	G	1081	18	1099	0.00001
Novilysobacter	3382699	G	482	173	655	0.00001
Pseudoluteimonas	3382694	G	392	4	396	0.00000
Solilutibacter	3382695	G	327	7	334	0.00000
Arenimonas	490567	G	284	2	286	0.00000
Xylella	2370	G	133	1	134	0.00000
Dyella	231454	G	6640	260	6900	0.00006
Luteibacter	242605	G	3432	85	3517	0.00003
Rhodanobacter	75309	G	3379	202	3581	0.00003
Tahibacter	1453544	G	1179	9	1188	0.00001
Frateuria	70411	G	892	99	991	0.00001
Dokdonella	323413	G	874	13	887	0.00001
Pseudolysobacter	2709666	G	337	1	338	0.00000
Aerosticca	2707020	G	159	31	190	0.00000
Ahniella	2233801	G	150	0	150	0.00000
Metallibacterium	1218803	G	22	0	22	0.00000
Marinicella	863253	G	162	0	162	0.00000
Cellvibrio	10	G	123853	838	124691	0.00107
Teredinibacter	2425	G	2046	41	2087	0.00002
Simiduia	447467	G	1327	6	1333	0.00001
Gilvimarinus	940550	G	1243	30	1273	0.00001
Saccharophagus	316625	G	1035	47	1082	0.00001
Maricurvus	1122283	G	564	2	566	0.00000
Marinagarivorans	1792291	G	487	26	513	0.00000
Marinimicrobium	359337	G	465	13	478	0.00000
Agarilytica	2036021	G	361	7	368	0.00000
Agaribacterium	2038244	G	296	7	303	0.00000
Microbulbifer	48073	G	8373	151	8524	0.00007
Halioglobus	1217416	G	487	12	499	0.00000
Congregibacter	393661	G	477	101	578	0.00000
Luminiphilus	1341118	G	339	1	340	0.00000
Kineobactrum	2678529	G	245	2	247	0.00000
Candidatus Paraluminiphilus	3040948	G	84	1	85	0.00000
Aequoribacter	2847769	G	48	0	48	0.00000
Spongiibacter	630749	G	762	127	889	0.00001
Oceanicoccus	1084558	G	266	1	267	0.00000
Zhongshania	1434050	G	134	5	139	0.00000
Porticoccus	1123967	G	82	1	83	0.00000
Vibrio	662	G	86122	1834	87956	0.00075
Photobacterium	657	G	12208	695	12903	0.00011
Aliivibrio	511678	G	1684	150	1834	0.00002
Grimontia	246861	G	1069	21	1090	0.00001
Enterovibrio	188143	G	931	14	945	0.00001
Salinivibrio	51366	G	832	13	845	0.00001
Parasalinivibrio	3378804	G	579	10	589	0.00001
Thaumasiovibrio	2014233	G	308	12	320	0.00000
Paraphotobacterium	2042066	G	196	4	200	0.00000
Shewanella	22	G	23942	274	24216	0.00021
Parashewanella	2547964	G	367	1	368	0.00000
Psychrobium	1573826	G	82	0	82	0.00000
Alteromonas	226	G	8002	194	8196	0.00007
Salinimonas	288793	G	746	24	770	0.00001
Agarivorans	261825	G	2524	23	2547	0.00002
Paraglaciecola	1621534	G	2290	29	2319	0.00002
Catenovulum	1172191	G	1926	9	1935	0.00002
Halioxenophilus	2108524	G	541	4	545	0.00000
Saliniradius	2661818	G	478	5	483	0.00000
Alkalimarinus	1858563	G	377	0	377	0.00000
Alishewanella	111142	G	341	4	345	0.00000
Saccharobesus	2894574	G	308	1	309	0.00000
Hydrocarboniclastica	2650549	G	300	0	300	0.00000
Paraneptunicella	2905123	G	272	2	274	0.00000
Planctobacterium	2200736	G	265	2	267	0.00000
Aliiglaciecola	1406885	G	231	8	239	0.00000
Ningiella	2751156	G	195	1	196	0.00000
Neptunicella	2125985	G	193	2	195	0.00000
Brumicola	3160924	G	114	1	115	0.00000
Lacimicrobium	1751872	G	111	0	111	0.00000
Gayadomonas	1234605	G	20	0	20	0.00000
Pseudoalteromonas	53246	G	16778	1719	18497	0.00016
Flocculibacter	2834759	G	501	4	505	0.00000
Psychrosphaera	907197	G	309	11	320	0.00000
Thalassotalea	1518149	G	4959	88	5047	0.00004
Colwellia	28228	G	2946	80	3026	0.00003
Thalassomonas	137583	G	1289	9	1298	0.00001
Pseudocolwellia	2848177	G	822	9	831	0.00001
Cognaticolwellia	2848171	G	335	20	355	0.00000
Litorilituus	1407056	G	109	1	110	0.00000
Psychromonas	67572	G	2858	10	2868	0.00002
Pseudidiomarina	2800384	G	1029	39	1068	0.00001
Idiomarina	135575	G	904	34	938	0.00001
Moritella	58050	G	1418	45	1463	0.00001
Ferrimonas	44011	G	926	8	934	0.00001
Motilimonas	1914248	G	178	1	179	0.00000
Halomonas	2745	G	14087	1022	15109	0.00013
Vreelandella	3137766	G	2651	988	3639	0.00003
Salinicola	404432	G	1454	45	1499	0.00001
Kushneria	504090	G	939	1	940	0.00001
Cobetia	204286	G	934	8	942	0.00001
Chromohalobacter	42054	G	440	19	459	0.00000
Zymobacter	33073	G	246	3	249	0.00000
Candidatus Carsonella	114185	G	162	0	162	0.00000
Billgrantia	3137761	G	402	111	513	0.00000
Halotalea	376488	G	289	1	290	0.00000
Pistricoccus	1897649	G	171	0	171	0.00000
Marinomonas	28253	G	5710	100	5810	0.00005
Neptuniibacter	459520	G	2062	27	2089	0.00002
Thalassolituus	187492	G	1337	194	1531	0.00001
Neptunomonas	75687	G	1246	24	1270	0.00001
Marinobacterium	48075	G	1243	35	1278	0.00001
Bacterioplanoides	2066071	G	1180	32	1212	0.00001
Amphritea	515417	G	867	18	885	0.00001
Bermanella	599651	G	800	4	804	0.00001
Venatoribacter	2893036	G	568	115	683	0.00001
Aliamphritea	3018276	G	536	16	552	0.00000
Nitrincola	267849	G	413	8	421	0.00000
Marinospirillum	64968	G	184	4	188	0.00000
Motiliproteus	1775292	G	135	2	137	0.00000
Bacterioplanes	1537406	G	102	4	106	0.00000
Alcanivorax	59753	G	1064	24	1088	0.00001
Alloalcanivorax	3020832	G	1020	25	1045	0.00001
Isoalcanivorax	3020833	G	309	6	315	0.00000
Endozoicomonas	305899	G	2329	19	2348	0.00002
Hahella	158481	G	1084	7	1091	0.00001
Thermohahella	3449104	G	237	5	242	0.00000
Allohahella	1855402	G	65	0	65	0.00000
Gynuella	1445504	G	978	4	982	0.00001
Salinispirillum	1649491	G	147	0	147	0.00000
Saccharospirillum	231683	G	102	0	102	0.00000
Reinekea	230494	G	97	0	97	0.00000
Aliikangiella	1920241	G	865	0	865	0.00001
Pleionea	1502941	G	80	0	80	0.00000
Spartinivicinus	2768738	G	412	4	416	0.00000
Marinicellulosiphila	3414216	G	359	1	360	0.00000
Pokkaliibacter	2301194	G	254	0	254	0.00000
Oleiphilus	141450	G	202	1	203	0.00000
Litorivicinus	418700	G	113	0	113	0.00000
Mannheimia	75984	G	4714	232	4946	0.00004
Haemophilus	724	G	4359	213	4572	0.00004
Actinobacillus	713	G	3101	243	3344	0.00003
Pasteurella	745	G	1915	444	2359	0.00002
Avibacterium	292486	G	1578	115	1693	0.00001
Gallibacterium	155493	G	903	77	980	0.00001
Histophilus	214906	G	890	75	965	0.00001
Aggregatibacter	416916	G	804	57	861	0.00001
Vespertiliibacter	1520333	G	779	16	795	0.00001
Glaesserella	2094023	G	583	85	668	0.00001
Lonepinella	53416	G	547	4	551	0.00000
Rodentibacter	1960084	G	495	6	501	0.00000
Basfia	697331	G	450	12	462	0.00000
Phocoenobacter	146805	G	439	268	707	0.00001
Bisgaardia	109471	G	431	8	439	0.00000
Mergibacter	2899790	G	354	3	357	0.00000
Otariodibacter	1249016	G	243	4	247	0.00000
Frederiksenia	1649317	G	208	6	214	0.00000
Bibersteinia	476528	G	118	8	126	0.00000
Testudinibacter	1755672	G	117	1	118	0.00000
Aeromonas	642	G	19404	309	19713	0.00017
Zobellella	347533	G	1222	61	1283	0.00001
Tolumonas	43947	G	894	25	919	0.00001
Oceanimonas	129577	G	625	36	661	0.00001
Oceanisphaera	225143	G	488	1	489	0.00000
Dongshaea	2802288	G	215	0	215	0.00000
Pseudaeromonas	1929090	G	213	2	215	0.00000
Succinivibrio	83770	G	268	0	268	0.00000
Rheinheimera	67575	G	2290	9	2299	0.00002
Thiorhodovibrio	61593	G	1232	10	1242	0.00001
Nitrosococcus	1227	G	676	1	677	0.00001
Allochromatium	85072	G	496	13	509	0.00000
Thiocapsa	1056	G	472	6	478	0.00000
Thiodictyon	53392	G	329	2	331	0.00000
Marichromatium	85076	G	318	11	329	0.00000
Thiocystis	13724	G	252	4	256	0.00000
Thioflavicoccus	156885	G	212	2	214	0.00000
Candidatus Nitrosacidococcus	2796146	G	188	1	189	0.00000
Thermochromatium	85073	G	159	3	162	0.00000
Caldichromatium	2828366	G	113	2	115	0.00000
Candidatus Nitrosoglobus	1980513	G	90	0	90	0.00000
Thioalkalivibrio	106633	G	931	7	938	0.00001
Acidihalobacter	1765964	G	707	3	710	0.00001
Spiribacter	1335745	G	496	3	499	0.00000
Ectothiorhodospira	1051	G	319	3	322	0.00000
Sediminicurvatus	3383961	G	298	1	299	0.00000
Alkalilimnicola	133193	G	212	2	214	0.00000
Halorhodospira	85108	G	199	0	199	0.00000
Aquisalimonas	406099	G	116	0	116	0.00000
Ectothiorhodosinus	233099	G	48	0	48	0.00000
Thiosocius	2780488	G	354	0	354	0.00000
Magnetovirga	3425870	G	287	0	287	0.00000
Sedimenticola	349742	G	258	0	258	0.00000
Candidatus Thiodiazotropha	1913444	G	240	1	241	0.00000
Candidatus Endoriftia	393764	G	154	1	155	0.00000
Thiolapillus	1608298	G	46	0	46	0.00000
Granulosicoccus	437504	G	476	0	476	0.00000
Sulfuriflexus	1860077	G	83	0	83	0.00000
Wenzhouxiangella	1676142	G	415	1	416	0.00000
Halothiobacillus	109262	G	342	2	344	0.00000
Guyparkeria	2035712	G	334	2	336	0.00000
Thiomicrorhabdus	2039723	G	2204	3	2207	0.00002
Methylophaga	40222	G	1293	10	1303	0.00001
Thiomicrospira	933	G	698	5	703	0.00001
Hydrogenovibrio	28884	G	688	31	719	0.00001
Piscirickettsia	1237	G	488	0	488	0.00000
Thiosulfatimonas	2781121	G	269	0	269	0.00000
Cycloclasticus	34067	G	156	0	156	0.00000
Thiosulfativibrio	2781120	G	120	0	120	0.00000
Francisella	262	G	4210	105	4315	0.00004
Allofrancisella	1869285	G	556	24	580	0.00000
Thiothrix	1030	G	1332	0	1332	0.00001
Beggiatoa	1021	G	135	0	135	0.00000
Cysteiniphilum	2056696	G	92	0	92	0.00000
Methylomonas	416	G	3724	17	3741	0.00003
Methylococcus	413	G	1334	13	1347	0.00001
Methylobacter	429	G	876	22	898	0.00001
Methylocaldum	73778	G	762	5	767	0.00001
Methylotuvimicrobium	2822410	G	686	10	696	0.00001
Methylomicrobium	39773	G	403	7	410	0.00000
Methylovulum	762296	G	355	1	356	0.00000
Methylomagnum	1760987	G	256	0	256	0.00000
Methylogaea	1295378	G	238	3	241	0.00000
Methyloprofundus	1565313	G	192	1	193	0.00000
Candidatus Methylocalor	3135206	G	190	0	190	0.00000
Candidatus Methylospira	1808977	G	176	2	178	0.00000
Methylomarinum	1221209	G	122	3	125	0.00000
Methylomarinovum	1486720	G	228	0	228	0.00000
Legionella	445	G	6854	10	6864	0.00006
Fluoribacter	461	G	175	1	176	0.00000
Rickettsiella	59195	G	1128	516	1644	0.00001
Coxiella	776	G	391	48	439	0.00000
Aquicella	254245	G	382	0	382	0.00000
Candidiatus Paracoxiella	3405119	G	46	0	46	0.00000
Gilliamella	1193503	G	3687	79	3766	0.00003
Orbus	743714	G	1788	28	1816	0.00002
Frischella	1335631	G	653	38	691	0.00001
Utexia	3373510	G	215	3	218	0.00000
Zophobihabitans	2894762	G	168	1	169	0.00000
Solimonas	413435	G	896	10	906	0.00001
Hydrocarboniphaga	243627	G	775	14	789	0.00001
Sinimarinibacterium	1861863	G	536	8	544	0.00000
Nevskia	64001	G	450	14	464	0.00000
Flagellatimonas	2893022	G	420	10	430	0.00000
Algiphilus	1266053	G	269	1	270	0.00000
Candidatus Pseudothioglobus	2841677	G	750	0	750	0.00001
Candidatus Thioglobus	655184	G	259	0	259	0.00000
Candidatus Thiodubiliella	2738885	G	257	3	260	0.00000
Candidatus Ruthturnera	1541743	G	106	0	106	0.00000
Candidatus Vesicomyidisocius	2732587	G	101	433	534	0.00000
Candidatus Vondammii	2686004	G	58	0	58	0.00000
Candidatus Palibaumannia	198346	G	410	0	410	0.00000
Candidatus Steffania	1076625	G	134	0	134	0.00000
Candidatus Reidiella	2738850	G	101	0	101	0.00000
Celerinatantimonas	412033	G	94	0	94	0.00000
Candidatus Nardonella	204619	G	70	0	70	0.00000
Candidatus Azoamicus	2817383	G	23	0	23	0.00000
Wohlfahrtiimonas	582472	G	574	6	580	0.00000
Ignatzschineria	112008	G	283	1	284	0.00000
Cardiobacterium	2717	G	310	1	311	0.00000
Dichelobacter	869	G	86	1	87	0.00000
Suttonella	13275	G	69	0	69	0.00000
Sulfurifustis	1692042	G	341	0	341	0.00000
Acidiferrobacter	986106	G	297	0	297	0.00000
Sulfuricaulis	1744881	G	244	0	244	0.00000
Salinisphaera	180541	G	741	0	741	0.00001
Kangiella	261963	G	579	360	939	0.00001
Candidatus Rariloculus ( ex Nguyen 2022)	2978114	G	272	0	272	0.00000
Thiohalobacter	1273155	G	268	0	268	0.00000
Immundisolibacter	1934947	G	250	1	251	0.00000
Candidatus Spongiihabitans	3033996	G	229	0	229	0.00000
Steroidobacter	469322	G	222	1	223	0.00000
Candidatus Portiera	235572	G	128	0	128	0.00000
Sulfurivermis	2034504	G	127	1	128	0.00000
Woeseia	1738655	G	104	0	104	0.00000
Candidatus Comchoanobacter	2975286	G	32	0	32	0.00000
Acidovorax	12916	G	2600478	67552	2668030	0.02279
Comamonas	283	G	2587649	47808	2635457	0.02251
Delftia	80865	G	993423	122105	1115528	0.00953
Variovorax	34072	G	376581	7797	384378	0.00328
Hydrogenophaga	47420	G	109925	5772	115697	0.00099
Rhodoferax	28065	G	38888	880	39768	0.00034
Diaphorobacter	238749	G	33358	5894	39252	0.00034
Paracidovorax	3051137	G	28050	3325	31375	0.00027
Alicycliphilus	201096	G	22663	6381	29044	0.00025
Paenacidovorax	3051138	G	19463	1108	20571	0.00018
Polaromonas	52972	G	19129	90	19219	0.00016
Ottowia	219181	G	17341	458	17799	0.00015
Ramlibacter	174951	G	16783	304	17087	0.00015
Melaminivora	1649468	G	8988	459	9447	0.00008
Verminephrobacter	364316	G	7779	45	7824	0.00007
Limnohabitans	665874	G	6501	69	6570	0.00006
Pulveribacter	2678886	G	4100	166	4266	0.00004
Simplicispira	352450	G	3536	199	3735	0.00003
Hylemonella	232523	G	3032	29	3061	0.00003
Vandammella	2919468	G	2197	15	2212	0.00002
Curvibacter	281915	G	1647	149	1796	0.00002
Serpentinimonas	2490452	G	1618	15	1633	0.00001
Brachymonas	28219	G	1137	18	1155	0.00001
Candidatus Symbiobacter	1436289	G	255	0	255	0.00000
Duganella	75654	G	194242	12226	206468	0.00176
Massilia	149698	G	38313	3428	41741	0.00036
Pseudoduganella	1522432	G	35081	2941	38022	0.00032
Rugamonas	212744	G	4531	549	5080	0.00004
Telluria	34069	G	3142	956	4098	0.00004
Undibacterium	401469	G	35113	339	35452	0.00030
Herminiimonas	303379	G	31644	400	32044	0.00027
Janthinobacterium	29580	G	16656	501	17157	0.00015
Herbaspirillum	963	G	14283	263	14546	0.00012
Collimonas	202907	G	5887	77	5964	0.00005
Noviherbaspirillum	1344552	G	1787	23	1810	0.00002
Actimicrobium	1051898	G	880	21	901	0.00001
Glaciimonas	1229970	G	540	9	549	0.00000
Oxalobacter	846	G	534	4	538	0.00000
Candidatus Zinderia	884214	G	12	0	12	0.00000
Alcaligenes	507	G	200659	3586	204245	0.00174
Achromobacter	222	G	88556	3211	91767	0.00078
Bordetella	517	G	13645	379	14024	0.00012
Pigmentiphaga	152267	G	4506	50	4556	0.00004
Castellaniella	359336	G	2415	46	2461	0.00002
Advenella	290425	G	1809	18	1827	0.00002
Orrella	1921582	G	1387	31	1418	0.00001
Pollutimonas	2987599	G	1132	69	1201	0.00001
Kerstersia	257820	G	1059	22	1081	0.00001
Neopusillimonas	2987605	G	874	38	912	0.00001
Parapusillimonas	1403714	G	722	53	775	0.00001
Paralcaligenes	1148163	G	461	2	463	0.00000
Ampullimonas	1920247	G	415	7	422	0.00000
Pusillimonas	305976	G	372	10	382	0.00000
Oligella	90243	G	285	3	288	0.00000
Basilea	1472344	G	226	1	227	0.00000
Taylorella	29574	G	219	2	221	0.00000
Pelistega	106146	G	141	0	141	0.00000
Paenalcaligenes	1100891	G	115	2	117	0.00000
Cupriavidus	106589	G	33806	2156	35962	0.00031
Burkholderia	32008	G	32359	2676	35035	0.00030
Paraburkholderia	1822464	G	23008	755	23763	0.00020
Ralstonia	48736	G	10976	758	11734	0.00010
Polynucleobacter	44013	G	7764	6	7770	0.00007
Pandoraea	93217	G	6871	156	7027	0.00006
Caballeronia	1827195	G	5784	639	6423	0.00005
Robbsia	2038280	G	1196	19	1215	0.00001
Trinickia	2571160	G	918	29	947	0.00001
Limnobacter	131079	G	654	1	655	0.00001
Pararobbsia	2718863	G	569	7	576	0.00000
Mycetohabitans	2571159	G	454	3	457	0.00000
Mycoavidus	1810868	G	344	1	345	0.00000
Imbroritus	3422601	G	321	22	343	0.00000
Lautropia	47670	G	311	2	313	0.00000
Candidatus Vallotiella	2018044	G	147	1	148	0.00000
Ephemeroptericola	2680021	G	65	0	65	0.00000
Roseateles	93681	G	23441	777	24218	0.00021
Piscinibacter	1114981	G	6706	184	6890	0.00006
Methylibium	316612	G	4924	261	5185	0.00004
Rubrivivax	28067	G	3723	221	3944	0.00003
Aquincola	391952	G	3321	469	3790	0.00003
Sphaerotilus	34102	G	3168	177	3345	0.00003
Caldimonas	196013	G	3142	182	3324	0.00003
Leptothrix	88	G	1477	90	1567	0.00001
Inhella	644355	G	1379	50	1429	0.00001
Ideonella	36862	G	1184	143	1327	0.00001
Azohydromonas	312063	G	27	0	27	0.00000
Xylophilus	54066	G	6679	140	6819	0.00006
Aquabacterium	92793	G	3286	92	3378	0.00003
Eleftheria	1597779	G	1722	31	1753	0.00001
Thiomonas	32012	G	1628	4	1632	0.00001
Tepidimonas	114248	G	938	36	974	0.00001
Rhizobacter	212743	G	869	19	888	0.00001
Piscinibacterium	2066914	G	404	1	405	0.00000
Candidatus Ichthyocystis	2929841	G	67	0	67	0.00000
Sutterella	40544	G	378	0	378	0.00000
Duodenibacillus	1980697	G	61	0	61	0.00000
Turicimonas	1918598	G	51	0	51	0.00000
Neisseria	482	G	5900	305	6205	0.00005
Snodgrassella	1193515	G	1403	15	1418	0.00001
Kingella	32257	G	955	62	1017	0.00001
Vitreoscilla	59	G	810	12	822	0.00001
Alysiella	194195	G	776	26	802	0.00001
Eikenella	538	G	323	17	340	0.00000
Aquella	2593687	G	317	0	317	0.00000
Uruburuella	299568	G	290	6	296	0.00000
Simonsiella	71	G	214	7	221	0.00000
Crenobacter	1654931	G	183	7	190	0.00000
Paralysiella	2898489	G	170	3	173	0.00000
Bergeriella	334108	G	120	10	130	0.00000
Conchiformibius	334107	G	113	1	114	0.00000
Wielerella	2944815	G	93	2	95	0.00000
Morococcus	212742	G	19	62	81	0.00000
Chromobacterium	535	G	5247	159	5406	0.00005
Paludibacterium	400060	G	1662	21	1683	0.00001
Vogesella	57739	G	947	27	974	0.00001
Aquitalea	407217	G	926	38	964	0.00001
Pseudogulbenkiania	568394	G	362	15	377	0.00000
Chitinibacter	230666	G	1515	71	1586	0.00001
Chitinimonas	240411	G	1408	19	1427	0.00001
Jeongeupia	885864	G	869	26	895	0.00001
Chitiniphilus	585890	G	784	28	812	0.00001
Silvimonas	300264	G	322	3	325	0.00000
Deefgea	400947	G	307	17	324	0.00000
Iodobacter	32014	G	287	9	296	0.00000
Chitinolyticbacter	1055692	G	199	8	207	0.00000
Laribacter	168470	G	578	57	635	0.00001
Microvirgula	57479	G	386	5	391	0.00000
Aquaspirillum	187	G	350	5	355	0.00000
Methylophilus	16	G	6142	118	6260	0.00005
Candidatus Methylopumilus	1679002	G	1351	44	1395	0.00001
Methylovorus	81682	G	956	26	982	0.00001
Methylotenera	359407	G	931	44	975	0.00001
Methyloradius	2872156	G	404	15	419	0.00000
Methylobacillus	404	G	377	17	394	0.00000
Methyloversatilis	378210	G	696	7	703	0.00001
Sterolibacterium	157591	G	563	9	572	0.00000
Denitratisoma	311181	G	492	26	518	0.00000
Sulfuritalea	1054211	G	426	11	437	0.00000
Sulfuricystis	3050898	G	369	9	378	0.00000
Rugosibacter	1914449	G	97	2	99	0.00000
Nitrosomonas	914	G	1235	20	1255	0.00001
Nitrosospira	35798	G	602	5	607	0.00001
Ferrigenium	2249462	G	434	11	445	0.00000
Sideroxydans	314343	G	405	10	415	0.00000
Candidatus Nitrotoga	453161	G	316	5	321	0.00000
Sideroxyarcus	2943286	G	165	6	171	0.00000
Gallionella	96	G	155	4	159	0.00000
Ferriphaselus	1443590	G	116	2	118	0.00000
Sulfuriferula	1778653	G	1375	20	1395	0.00001
Sulfurimicrobium	2772198	G	117	1	118	0.00000
Sulfuricella	935200	G	109	1	110	0.00000
Usitatibacter	2803845	G	1023	2	1025	0.00001
Thiobacillus	919	G	755	9	764	0.00001
Sulfuritortus	1938335	G	164	13	177	0.00000
Thauera	33057	G	4538	274	4812	0.00004
Azoarcus	12960	G	2257	128	2385	0.00002
Nitrogeniibacter	2891294	G	702	5	707	0.00001
Parazoarcus	2891322	G	681	24	705	0.00001
Pseudazoarcus	2891323	G	303	5	308	0.00000
Pseudothauera	2891324	G	117	4	121	0.00000
Aromatoleum	551759	G	1560	73	1633	0.00001
Niveibacterium	1769726	G	1318	10	1328	0.00001
Azospira	146937	G	1213	61	1274	0.00001
Oryzomicrobium	1911577	G	283	12	295	0.00000
Dechloromonas	73029	G	1755	354	2109	0.00002
Ferribacterium	88875	G	850	40	890	0.00001
Azonexus	146936	G	568	225	793	0.00001
Quatrionicoccus	138117	G	309	28	337	0.00000
Fluviibacter	2808942	G	119	1	120	0.00000
Chitinivorax	1433992	G	594	7	601	0.00001
Candidatus Kinetoplastidibacterium	33055	G	530	2	532	0.00000
Casimicrobium	2706000	G	363	6	369	0.00000
Candidatus Accumulibacter	327159	G	275	2	277	0.00000
Candidatus Profftella	1381133	G	62	0	62	0.00000
Candidatus Nasuia	1301080	G	42	0	42	0.00000
Ferrovum	416212	G	75	0	75	0.00000
Agrobacterium	357	G	1713573	122024	1835597	0.01568
Rhizobium	379	G	939430	106727	1046157	0.00894
Pararhizobium	1612611	G	59404	1433	60837	0.00052
Neorhizobium	1525371	G	18543	180	18723	0.00016
Allorhizobium	78526	G	1437	107	1544	0.00001
Pseudorhizobium	1903858	G	1015	22	1037	0.00001
Ensifer	106591	G	72020	3114	75134	0.00064
Sinorhizobium	28105	G	55095	754	55849	0.00048
Shinella	323620	G	86765	1850	88615	0.00076
Hoeflea	274591	G	4397	29	4426	0.00004
Terrirhizobium	3464117	G	1662	8	1670	0.00001
Peteryoungia	2853332	G	1310	5	1315	0.00001
Georhizobium	2661800	G	1200	10	1210	0.00001
Ciceribacter	1648508	G	1075	9	1084	0.00001
Liberibacter	34019	G	383	2	385	0.00000
Lentilitoribacter	1649463	G	144	0	144	0.00000
Aminobacter	31988	G	352540	31818	384358	0.00328
Mesorhizobium	68287	G	327666	11073	338739	0.00289
Nitratireductor	245876	G	9915	150	10065	0.00009
Phyllobacterium	28100	G	6983	30	7013	0.00006
Terribium	3143704	G	5375	278	5653	0.00005
Aquibium	2911176	G	4252	53	4305	0.00004
Chelativorans	449972	G	1355	42	1397	0.00001
Bosea	85413	G	469180	1407	470587	0.00402
Brucella	234	G	281658	57383	339041	0.00290
Ochrobactrum	528	G	13147	76554	89701	0.00077
Pseudochrobactrum	354349	G	28694	444	29138	0.00025
Devosia	46913	G	364791	4122	368913	0.00315
Paradevosia	1573407	G	7477	176	7653	0.00007
Pelagibacterium	1082930	G	6357	419	6776	0.00006
Mariluticola	3064792	G	747	3	750	0.00001
Maritalea	623276	G	247	0	247	0.00000
Bradyrhizobium	374	G	61979	1390	63369	0.00054
Rhodopseudomonas	1073	G	6706	767	7473	0.00006
Tardiphaga	1395974	G	5435	120	5555	0.00005
Afipia	1033	G	1580	412	1992	0.00002
Nitrobacter	911	G	1247	21	1268	0.00001
Rugositalea	3466653	G	1009	4	1013	0.00001
Variibacter	1649510	G	483	1	484	0.00000
Methylobacterium	407	G	68971	854	69825	0.00060
Microvirga	186650	G	6440	14	6454	0.00006
Methylorubrum	2282523	G	3555	385	3940	0.00003
Reyranella	445219	G	33658	45	33703	0.00029
Kaistia	166953	G	31373	157	31530	0.00027
Bauldia	1145345	G	623	0	623	0.00001
Roseibium	150830	G	6215	1128	7343	0.00006
Stappia	152161	G	3575	65	3640	0.00003
Breoghania	1406135	G	1677	4	1681	0.00001
Pannonibacter	227873	G	1444	128	1572	0.00001
Labrenzia	478070	G	888	289	1177	0.00001
Pseudovibrio	258255	G	387	1	388	0.00000
Ancylobacter	99	G	6045	182	6227	0.00005
Labrys	204476	G	2263	4	2267	0.00002
Xanthobacter	279	G	1845	118	1963	0.00002
Starkeya	152053	G	1120	11	1131	0.00001
Pseudolabrys	556257	G	1095	3	1098	0.00001
Aquabacter	45402	G	658	3	661	0.00001
Azorhizobium	6	G	639	9	648	0.00001
Aureimonas	414371	G	5575	213	5788	0.00005
Martelella	293088	G	3721	84	3805	0.00003
Antarcticirhabdus	3042730	G	864	43	907	0.00001
Aurantimonas	182269	G	723	32	755	0.00001
Jiella	1775688	G	703	13	716	0.00001
Bartonella	773	G	5558	9	5567	0.00005
Hyphomicrobium	81	G	3807	19	3826	0.00003
Rhodomicrobium	1068	G	469	5	474	0.00000
Methyloceanibacter	1484898	G	421	1	422	0.00000
Methyloligella	1485594	G	363	1	364	0.00000
Filomicrobium	119044	G	306	8	314	0.00000
Methylocystis	133	G	3347	43	3390	0.00003
Methylosinus	425	G	1086	22	1108	0.00001
Enhydrobacter	212791	G	1428	2	1430	0.00001
Nordella	169055	G	1081	0	1081	0.00001
Pseudorhodoplanes	1734920	G	821	1	822	0.00001
Terrihabitans	2874214	G	392	0	392	0.00000
Candidatus Hodgkinia	573657	G	65	0	65	0.00000
Candidatus Endowatersipora	376743	G	59	0	59	0.00000
Phreatobacter	1632780	G	3496	9	3505	0.00003
Pleomorphomonas	261933	G	2655	23	2678	0.00002
Hartmannibacter	1572860	G	527	7	534	0.00000
Oricola	1594166	G	1597	27	1624	0.00001
Roseitalea	1915401	G	737	31	768	0.00001
Oceaniradius	2679892	G	511	59	570	0.00000
Ahrensia	152180	G	211	0	211	0.00000
Methylovirgula	1156568	G	1091	7	1098	0.00001
Methylocella	120652	G	650	5	655	0.00001
Methylocapsa	184923	G	398	5	403	0.00000
Beijerinckia	532	G	361	4	365	0.00000
Pyruvatibacter	1742974	G	752	5	757	0.00001
Kaustia	2838250	G	664	1	665	0.00001
Tepidicaulis	1742977	G	413	37	450	0.00000
Parvibaculum	256616	G	242	9	251	0.00000
Candidatus Phaeomarinibacter	1541445	G	203	0	203	0.00000
Anderseniella	444432	G	199	0	199	0.00000
Acuticoccus	1904377	G	1836	3	1839	0.00002
Chelatococcus	28209	G	1674	9	1683	0.00001
Blastochloris	59282	G	1105	4	1109	0.00001
Alsobacter	1502180	G	965	3	968	0.00001
Salinarimonas	690086	G	869	2	871	0.00001
Methyloraptor	3382645	G	846	3	849	0.00001
Cohaesibacter	655352	G	844	1	845	0.00001
Terrirubrum	3142786	G	790	0	790	0.00001
Chenggangzhangella	2041902	G	651	1	652	0.00001
Lichenihabitans	2723776	G	588	0	588	0.00001
Rhodoligotrophos	987053	G	563	0	563	0.00000
Aestuariivirga	2650923	G	552	0	552	0.00000
Afifella	643217	G	467	6	473	0.00000
Salaquimonas	2712688	G	287	0	287	0.00000
Coralliovum	3228940	G	219	0	219	0.00000
Brevundimonas	41275	G	396398	8153	404551	0.00346
Phenylobacterium	20	G	70219	1184	71403	0.00061
Caulobacter	75	G	58224	1111	59335	0.00051
Asticcacaulis	76890	G	2654	32	2686	0.00002
Terricaulis	2768684	G	289	0	289	0.00000
Sphingomonas	13687	G	93620	6589	100209	0.00086
Novosphingobium	165696	G	14863	911	15774	0.00013
Stakelama	1124625	G	910	27	937	0.00001
Sphingosinithalassobacter	2676233	G	478	9	487	0.00000
Hankyongella	1763827	G	312	7	319	0.00000
Tardibacter	2685927	G	248	84	332	0.00000
Parablastomonas	1654718	G	232	2	234	0.00000
Citromicrobium	72173	G	227	11	238	0.00000
Alterisphingorhabdus (ex Yan et al. 2024)	3382518	G	168	0	168	0.00000
Sphingopyxis	165697	G	56038	1347	57385	0.00049
Erythrobacter	1041	G	4640	494	5134	0.00004
Porphyrobacter	1111	G	1137	137	1274	0.00001
Qipengyuania	1855416	G	3882	321	4203	0.00004
Altererythrobacter	361177	G	2335	214	2549	0.00002
Croceicoccus	1295327	G	1589	286	1875	0.00002
Tsuneonella	2800686	G	1409	54	1463	0.00001
Croceibacterium	2676755	G	1340	99	1439	0.00001
Aurantiacibacter	2800681	G	1135	72	1207	0.00001
Caenibius	2827482	G	1011	61	1072	0.00001
Pelagerythrobacter	2800685	G	689	100	789	0.00001
Pseudoblastomonas	3423750	G	475	50	525	0.00000
Paraurantiacibacter	2800682	G	193	1	194	0.00000
Parerythrobacter	2800684	G	117	6	123	0.00000
Sphingobium	165695	G	20178	2509	22687	0.00019
Sphingorhabdus	1434046	G	1658	14	1672	0.00001
Parasphingorhabdus	2709685	G	1271	15	1286	0.00001
Novosphingopyxis	2709686	G	470	14	484	0.00000
Sphingosinicella	335405	G	1267	24	1291	0.00001
Glacieibacterium	2860235	G	494	118	612	0.00001
Polymorphobacter	1508451	G	434	97	531	0.00000
Sandaracinobacteroides	2883109	G	304	0	304	0.00000
Rhizorhabdus	1649486	G	1960	358	2318	0.00002
Alterirhizorhabdus	3423723	G	692	7	699	0.00001
Allosphingosinicella	2823232	G	707	2	709	0.00001
Sphingomicrobium	1227948	G	657	5	662	0.00001
Blastomonas	150203	G	863	7	870	0.00001
Parasphingopyxis	1234545	G	391	0	391	0.00000
Aquisediminimonas	2676781	G	333	0	333	0.00000
Zymomonas	541	G	313	20	333	0.00000
Paracoccus	265	G	21462	1006	22468	0.00019
Cereibacter	1653176	G	1867	125	1992	0.00002
Pseudooceanicola	1679449	G	1767	38	1805	0.00002
Thioclava	285107	G	1724	62	1786	0.00002
Tabrizicola	1443919	G	1048	134	1182	0.00001
Rhodovulum	34008	G	910	49	959	0.00001
Yoonia	2211641	G	835	22	857	0.00001
Limimaricola	2211638	G	823	32	855	0.00001
Tritonibacter	2083206	G	700	67	767	0.00001
Marinibacterium	1931200	G	621	16	637	0.00001
Paroceanicella	2683599	G	588	60	648	0.00001
Gymnodinialimonas	2937410	G	585	3	588	0.00001
Roseinatronobacter	121820	G	551	4	555	0.00000
Polymorphum	991903	G	544	49	593	0.00001
Pelagovum	2795377	G	531	16	547	0.00000
Frigidibacter	1775705	G	506	60	566	0.00000
Neotabrizicola	2946607	G	488	70	558	0.00000
Albidovulum	205889	G	454	5	459	0.00000
Gemmobacter	204456	G	453	43	496	0.00000
Pontivivens	1844015	G	429	14	443	0.00000
Paragemmobacter	3143992	G	404	30	434	0.00000
Pukyongiella	2831925	G	385	41	426	0.00000
Fuscovulum	2818469	G	375	51	426	0.00000
Aliiroseovarius	1658781	G	352	6	358	0.00000
Pseudogemmobacter	2663134	G	344	8	352	0.00000
Cognatishimia	2211635	G	332	1	333	0.00000
Pikeienuella	2831955	G	328	8	336	0.00000
Haematobacter	366614	G	317	93	410	0.00000
Pacificitalea	2846749	G	293	28	321	0.00000
Amaricoccus	56999	G	285	5	290	0.00000
Vannielia	2813041	G	279	2	281	0.00000
Parasedimentitalea	2738399	G	270	2	272	0.00000
Arenibacterium	2824249	G	251	19	270	0.00000
Pseudoroseicyclus	1813601	G	247	3	250	0.00000
Nioella	1775424	G	226	1	227	0.00000
Marivivens	1759396	G	224	8	232	0.00000
Falsirhodobacter	1434002	G	221	7	228	0.00000
Qingshengfaniella	2816884	G	213	3	216	0.00000
Brevirhabdus	1855413	G	211	39	250	0.00000
Silicimonas	1955420	G	187	1	188	0.00000
Pseudophaeobacter	1541822	G	166	20	186	0.00000
Roseicitreum	1209946	G	161	0	161	0.00000
Algicella	3050722	G	161	0	161	0.00000
Fontisubflavum	3118803	G	156	0	156	0.00000
Pseudorhodobacter	238783	G	151	2	153	0.00000
Planktomarina	1284657	G	148	1	149	0.00000
Profundibacter	2778525	G	147	0	147	0.00000
Aestuariibius	2109360	G	122	0	122	0.00000
Aquicoccus	2055850	G	121	1	122	0.00000
Pseudopelagicola	1649483	G	119	0	119	0.00000
Abyssibius	3029205	G	89	1	90	0.00000
Amylibacter	1617805	G	22	0	22	0.00000
Sulfitobacter	60136	G	5012	211	5223	0.00004
Roseovarius	74030	G	3169	47	3216	0.00003
Leisingera	191028	G	2619	31	2650	0.00002
Ruegeria	97050	G	1715	182	1897	0.00002
Phaeobacter	302485	G	1501	54	1555	0.00001
Celeribacter	875170	G	1373	100	1473	0.00001
Alloyangia	2919626	G	1101	8	1109	0.00001
Jannaschia	188905	G	1009	3	1012	0.00001
Salipiger	263377	G	969	65	1034	0.00001
Roseicyclus	336277	G	865	1	866	0.00001
Sagittula	58842	G	856	23	879	0.00001
Roseobacter	2433	G	828	3	831	0.00001
Thalassovita	335927	G	775	4	779	0.00001
Pseudosulfitobacter	2854186	G	770	55	825	0.00001
Roseivivax	93682	G	760	30	790	0.00001
Ketogulonicigenium	92944	G	643	18	661	0.00001
Mameliella	1434019	G	546	9	555	0.00000
Loktanella	245186	G	461	2	463	0.00000
Rhodophyticola	2680018	G	446	0	446	0.00000
Octadecabacter	53945	G	441	6	447	0.00000
Oceanicola	252301	G	393	1	394	0.00000
Marinovum	367771	G	386	10	396	0.00000
Ponticoccus	983507	G	363	4	367	0.00000
Tateyamaria	299261	G	350	1	351	0.00000
Palleronia	315422	G	260	0	260	0.00000
Seohaeicola	481178	G	259	0	259	0.00000
Shimia	573139	G	259	1	260	0.00000
Dinoroseobacter	309512	G	233	3483	3716	0.00003
Tropicibacter	599653	G	186	0	186	0.00000
Aliisedimentitalea	1697958	G	182	2	184	0.00000
Actibacterium	1433986	G	177	23	200	0.00000
Falsihalocynthiibacter	2854182	G	175	0	175	0.00000
Antarctobacter	74032	G	151	0	151	0.00000
Marivita	659428	G	150	0	150	0.00000
Thalassococcus	436357	G	121	0	121	0.00000
Pelagimonas	1434029	G	95	0	95	0.00000
Nereida	282198	G	82	0	82	0.00000
Lentibacter	1434014	G	72	0	72	0.00000
Algirhabdus	3412738	G	60	0	60	0.00000
Thalassobacter	266808	G	44	0	44	0.00000
Rhodobacter	1060	G	1626	24	1650	0.00001
Azospirillum	191	G	12012	156	12168	0.00010
Skermanella	204447	G	2635	99	2734	0.00002
Niveispirillum	1543704	G	1199	25	1224	0.00001
Nitrospirillum	1543705	G	836	13	849	0.00001
Indioceanicola	2478349	G	508	9	517	0.00000
Ferrovibrio	1231242	G	1203	3	1206	0.00001
Rhodospirillum	1081	G	927	15	942	0.00001
Magnetospirillum	13134	G	896	135	1031	0.00001
Aerophototrophica	2811387	G	309	2	311	0.00000
Defluviicoccus	111830	G	278	3	281	0.00000
Pararhodospirillum	1612157	G	243	1	244	0.00000
Candidatus Endolissoclinum	1263978	G	168	0	168	0.00000
Thalassospira	168934	G	3366	28	3394	0.00003
Magnetospira	1182780	G	185	0	185	0.00000
Thalassobaculum	526215	G	763	15	778	0.00001
Nisaea	390876	G	640	12	652	0.00001
Hypericibacter	2705399	G	1267	6	1273	0.00001
Pelagibius	643951	G	690	1	691	0.00001
Algihabitans	2821512	G	521	1	522	0.00000
Stella	93	G	830	3	833	0.00001
Zavarzinia	204446	G	529	1	530	0.00000
Aestuariispira	1647175	G	240	8	248	0.00000
Hwanghaeella	2605940	G	224	3	227	0.00000
Caenispirillum	414051	G	404	3	407	0.00000
Haematospirillum	1804663	G	26	0	26	0.00000
Terasakiella	196080	G	362	0	362	0.00000
Paramagnetospirillum	3031148	G	344	145	489	0.00000
Varunaivibrio	1866954	G	215	0	215	0.00000
Roseomonas	125216	G	5759	207	5966	0.00005
Sediminicoccus	1706033	G	1765	111	1876	0.00002
Roseococcus	35812	G	1046	80	1126	0.00001
Humitalea	1223303	G	811	11	822	0.00001
Muricoccus	3409995	G	809	27	836	0.00001
Dankookia	1940143	G	789	24	813	0.00001
Acetobacter	434	G	1852	74	1926	0.00002
Komagataeibacter	1434011	G	1257	76	1333	0.00001
Pararoseomonas	2870712	G	940	92	1032	0.00001
Rhodovastum	504465	G	883	5	888	0.00001
Gluconobacter	441	G	855	18	873	0.00001
Lichenicola	2804525	G	823	4	827	0.00001
Granulibacter	364409	G	560	4	564	0.00000
Lichenicoccus	2781897	G	530	3	533	0.00000
Asaia	91914	G	445	13	458	0.00000
Nguyenibacter	1519186	G	428	2	430	0.00000
Rhodopila	1070	G	386	1	387	0.00000
Gluconacetobacter	89583	G	327	4	331	0.00000
Acidibrevibacterium	2603324	G	202	5	207	0.00000
Novacetimonas	2919364	G	187	64	251	0.00000
Entomobacter	2811380	G	176	1	177	0.00000
Kozakia	153497	G	166	8	174	0.00000
Neoasaia	320496	G	121	1	122	0.00000
Commensalibacter	1079922	G	89	0	89	0.00000
Candidatus Kirkpatrickella	3097638	G	80	0	80	0.00000
Parasaccharibacter	1602345	G	69	0	69	0.00000
Oecophyllibacter	2791118	G	63	0	63	0.00000
Formicincola	2952773	G	62	0	62	0.00000
Neokomagataea	1223423	G	60	0	60	0.00000
Swingsia	1649499	G	56	1	57	0.00000
Aristophania	3027666	G	35	0	35	0.00000
Acidiphilium	522	G	573	2	575	0.00000
Acidisoma	512381	G	320	1	321	0.00000
Acidocella	50709	G	271	2	273	0.00000
Elioraea	457933	G	179	0	179	0.00000
Rickettsia	780	G	3311	251	3562	0.00003
Candidatus Tisiphia	2996317	G	1651	108	1759	0.00002
Orientia	69474	G	458	0	458	0.00000
Candidatus Trichorickettsia	1522201	G	237	0	237	0.00000
Candidatus Sneabacter	2601645	G	59	0	59	0.00000
Candidatus Megaera	1742636	G	102	0	102	0.00000
Candidatus Phycorickettsia	2115980	G	84	0	84	0.00000
Wolbachia	953	G	3129	26	3155	0.00003
Ehrlichia	943	G	999	18	1017	0.00001
Candidatus Neoehrlichia	467749	G	212	2	214	0.00000
Candidatus Mesenet	2883098	G	186	2	188	0.00000
Anaplasma	768	G	110	0	110	0.00000
Neorickettsia	33993	G	64	2	66	0.00000
Candidatus Bandiella	2716172	G	402	0	402	0.00000
Candidatus Lariskella	1175554	G	229	0	229	0.00000
Candidatus Fokinia	1802983	G	123	0	123	0.00000
Candidatus Midichloria	411566	G	111	141	252	0.00000
Candidatus Deianiraea	2603321	G	109	0	109	0.00000
Candidatus Bodocaedibacter	3163645	G	4684	0	4684	0.00004
Candidatus Odyssella	84646	G	205	0	205	0.00000
Candidatus Paracaedibacter	1521255	G	26	0	26	0.00000
Candidatus Bealeia	1920992	G	332	2	334	0.00000
Candidatus Cytomitobacter	2601574	G	154	151	305	0.00000
Candidatus Nesciobacter	2601651	G	75	0	75	0.00000
Candidatus Gromoviella	2900571	G	57	0	57	0.00000
Candidatus Hydrogenosomobacter	2654634	G	18	0	18	0.00000
Candidatus Nucleicultrix	1509243	G	100	1	101	0.00000
Tistrella	171436	G	3176	89	3265	0.00003
Marinivivus	3457535	G	885	1	886	0.00001
Candidatus Pelagibacter	198251	G	3772	3	3775	0.00003
Candidatus Fonsibacter	2045213	G	176	0	176	0.00000
Oceanicaulis	153232	G	678	11	689	0.00001
Maricaulis	74317	G	621	6	627	0.00001
Hyphobacterium	2004661	G	599	24	623	0.00001
Glycocaulis	1433402	G	420	8	428	0.00000
Marinicauda	1649466	G	337	11	348	0.00000
Algimonas	1246884	G	190	2	192	0.00000
Litorimonas	1167830	G	108	1	109	0.00000
Fretibacter	1649331	G	43	0	43	0.00000
Hyphomonas	85	G	1325	10	1335	0.00001
Hirschia	2723	G	673	0	673	0.00001
Candidatus Viadribacter	2892997	G	150	0	150	0.00000
Hyphococcus	2038635	G	689	0	689	0.00001
Aquisalinus	1795639	G	489	0	489	0.00000
Parvularcula	208215	G	259	2	261	0.00000
Gimibacter	3058346	G	525	1	526	0.00000
Temperatibacter	1549129	G	217	0	217	0.00000
Kordiimonas	288021	G	436	1	437	0.00000
Minwuia	2493629	G	973	1	974	0.00001
Radicibacter	3462474	G	794	2	796	0.00001
Pseudemcibacter	2943291	G	163	4	167	0.00000
Luteithermobacter	2813803	G	145	3	148	0.00000
Emcibacter	1602338	G	79	1	80	0.00000
Paremcibacter	2813804	G	66	2	68	0.00000
Sneathiella	510690	G	418	0	418	0.00000
Candidatus Levibacter	3457288	G	174	0	174	0.00000
Candidatus Puniceispirillum	767891	G	49	0	49	0.00000
Candidatus Ponderosibacter	3457287	G	33	104	137	0.00000
Acidithiobacillus	119977	G	1220	5	1225	0.00001
Thermithiobacillus	119979	G	300	3	303	0.00000
Hydrogenophilus	70774	G	113	0	113	0.00000
Mariprofundus	377315	G	71	0	71	0.00000
Magnetococcus	162171	G	55	0	55	0.00000
Flavobacterium	237	G	19029489	119255	19148744	0.16356
Polaribacter	52959	G	39223	952	40175	0.00034
Tenacibaculum	104267	G	30278	692	30970	0.00026
Flagellimonas	444459	G	18895	484	19379	0.00017
Aquimarina	290174	G	18314	177	18491	0.00016
Myroides	76831	G	17689	624	18313	0.00016
Maribacter	252356	G	16973	438	17411	0.00015
Winogradskyella	286104	G	16494	514	17008	0.00015
Capnocytophaga	1016	G	13832	157	13989	0.00012
Christiangramia	292691	G	11228	225	11453	0.00010
Cellulophaga	104264	G	9209	190	9399	0.00008
Formosa	225842	G	8836	246	9082	0.00008
Kordia	221065	G	7867	52	7919	0.00007
Nonlabens	363408	G	7668	170	7838	0.00007
Algibacter	261827	G	7109	213	7322	0.00006
Aequorivita	153265	G	6682	114	6796	0.00006
Mariniflexile	527198	G	6505	127	6632	0.00006
Zobellia	112040	G	6171	58	6229	0.00005
Lacinutrix	291183	G	5877	221	6098	0.00005
Leeuwenhoekiella	283735	G	5810	257	6067	0.00005
Lutibacter	358023	G	4433	33	4466	0.00004
Salegentibacter	143222	G	4007	465	4472	0.00004
Flavivirga	1209327	G	3958	31	3989	0.00003
Zunongwangia	417127	G	3952	480	4432	0.00004
Mangrovimonas	1211036	G	3482	64	3546	0.00003
Antarcticibacterium	2058174	G	3381	76	3457	0.00003
Aestuariibaculum	1386924	G	3325	44	3369	0.00003
Seonamhaeicola	1649495	G	3262	45	3307	0.00003
Dokdonia	326319	G	3254	41	3295	0.00003
Arenibacter	178469	G	3200	205	3405	0.00003
Olleya	336276	G	3115	192	3307	0.00003
Salinimicrobium	561367	G	2602	44	2646	0.00002
Allomuricauda	111500	G	2442	36	2478	0.00002
Mesoflavibacter	444051	G	2390	61	2451	0.00002
Imtechella	1165076	G	2163	21	2184	0.00002
Psychroserpens	49277	G	2048	220	2268	0.00002
Aureibaculum	2706948	G	2025	30	2055	0.00002
Rasiella	2987594	G	1969	27	1996	0.00002
Thalassobellus	3400333	G	1934	45	1979	0.00002
Ulvibacterium	2665910	G	1892	1	1893	0.00002
Pontimicrobium	2918913	G	1864	54	1918	0.00002
Psychroflexus	83612	G	1833	30	1863	0.00002
Abyssalbus	2967089	G	1710	9	1719	0.00001
Zhouia	561555	G	1637	71	1708	0.00001
Hwangdonia	1649460	G	1589	70	1659	0.00001
Patiriisocius	2822394	G	1566	28	1594	0.00001
Siansivirga	1204360	G	1441	34	1475	0.00001
Euzebyella	1287916	G	1340	144	1484	0.00001
Paenimyroides	3085669	G	1248	509	1757	0.00002
Allotamlana	3400365	G	1236	16	1252	0.00001
Urechidicola	2700084	G	1229	124	1353	0.00001
Bizionia	283785	G	1199	43	1242	0.00001
Vaginella	1935184	G	1148	236	1384	0.00001
Pseudalgibacter	2861660	G	1139	38	1177	0.00001
Sediminicola	389486	G	1116	7	1123	0.00001
Galbibacter	379068	G	1062	11	1073	0.00001
Candidatus Marifrigoribacter	3457289	G	1038	20	1058	0.00001
Wenyingzhuangia	1518147	G	1020	19	1039	0.00001
Robiginitalea	252306	G	987	5	992	0.00001
Pseudotamlana	3400368	G	971	110	1081	0.00001
Marixanthomonas	387658	G	954	53	1007	0.00001
Gilvibacter	379070	G	946	12	958	0.00001
Tamlana	393005	G	943	122	1065	0.00001
Sinomicrobium	1434045	G	926	1	927	0.00001
Aegicerativicinus	2893197	G	915	7	922	0.00001
Muriicola	762641	G	914	4	918	0.00001
Gillisia	244698	G	901	86	987	0.00001
Amniculibacterium	2715289	G	869	166	1035	0.00001
Oceanihabitans	2045416	G	835	63	898	0.00001
Changchengzhania	2049301	G	832	8	840	0.00001
Constantimarinum	2907134	G	831	15	846	0.00001
Flaviramulus	369400	G	754	23	777	0.00001
Daejeonia	2027867	G	743	119	862	0.00001
Lutimonas	449810	G	658	3	661	0.00001
Croceibacter	216431	G	644	25	669	0.00001
Pukyongia	2831916	G	597	8	605	0.00001
Candidatus Arcticimaribacter	2953860	G	494	8	502	0.00000
Aggregatimonas	2913017	G	471	1	472	0.00000
Costertonia	343334	G	433	26	459	0.00000
Chryseobacterium	59732	G	1832615	32692	1865307	0.01593
Kaistella	2782231	G	9282	105	9387	0.00008
Epilithonimonas	2782229	G	5023	346	5369	0.00005
Empedobacter	59734	G	158719	12243	170962	0.00146
Elizabethkingia	308865	G	36395	3429	39824	0.00034
Cloacibacterium	501783	G	3509	234	3743	0.00003
Riemerella	34084	G	2974	164	3138	0.00003
Apibacter	1778601	G	2756	6	2762	0.00002
Ornithobacterium	28250	G	2134	48	2182	0.00002
Faecalibacter	2766734	G	2128	38	2166	0.00002
Bergeyella	59735	G	1014	33	1047	0.00001
Marnyiella	3088764	G	865	15	880	0.00001
Weeksella	1013	G	766	91	857	0.00001
Cruoricaptor	1433995	G	345	11	356	0.00000
Fluviicola	332102	G	6895	21	6916	0.00006
Paracrocinitomix	3024544	G	570	0	570	0.00000
Blattabacterium	34098	G	5363	15	5378	0.00005
Owenweeksia	267986	G	1082	0	1082	0.00001
Croceimicrobium	2828338	G	589	4	593	0.00001
Candidatus Karelsulcia	336809	G	646	3	649	0.00001
Candidatus Walczuchella	1940138	G	84	0	84	0.00000
Parvicella	2975260	G	323	1	324	0.00000
Ichthyobacterium	1755829	G	127	0	127	0.00000
Sanyastnella	3228946	G	98	0	98	0.00000
Sphingobacterium	28453	G	8055734	141165	8196899	0.07001
Pedobacter	84567	G	2573831	22711	2596542	0.02218
Mucilaginibacter	423349	G	198645	1113	199758	0.00171
Solitalea	929509	G	10151	55	10206	0.00009
Olivibacter	376469	G	8716	297	9013	0.00008
Pseudopedobacter	1649482	G	5938	443	6381	0.00005
Arcticibacter	1288026	G	2209	27	2236	0.00002
Anseongella	1773450	G	1356	1	1357	0.00001
Aurantibacillus	3088889	G	1328	14	1342	0.00001
Dyadobacter	120831	G	157966	2568	160534	0.00137
Runella	105	G	7528	16	7544	0.00006
Larkinella	332157	G	3422	223	3645	0.00003
Tellurirhabdus	2674996	G	2051	254	2305	0.00002
Fibrella	861914	G	626	48	674	0.00001
Hymenobacter	89966	G	15041	156	15197	0.00013
Pontibacter	323449	G	8056	288	8344	0.00007
Adhaeribacter	299566	G	4495	96	4591	0.00004
Rufibacter	1379908	G	2329	191	2520	0.00002
Nibribacter	1649474	G	697	150	847	0.00001
Algoriphagus	246875	G	10026	585	10611	0.00009
Echinicola	390846	G	7671	789	8460	0.00007
Cyclobacterium	68288	G	3406	318	3724	0.00003
Aquiflexum	280472	G	2104	122	2226	0.00002
Belliella	232244	G	1175	190	1365	0.00001
Mongoliitalea	1511649	G	698	11	709	0.00001
Spirosoma	107	G	21802	126	21928	0.00019
Cytophaga	978	G	1171	24	1195	0.00001
Flammeovirga	59739	G	5097	248	5345	0.00005
Chondrinema	3051458	G	2746	237	2983	0.00003
Imperialibacter	1649461	G	1372	109	1481	0.00001
Emticicia	312278	G	4296	20	4316	0.00004
Arcticibacterium	2173039	G	1253	44	1297	0.00001
Marinilongibacter	2975149	G	1195	18	1213	0.00001
Leadbetterella	319458	G	1171	70	1241	0.00001
Jiulongibacter	2031119	G	708	40	748	0.00001
Fulvivirga	396811	G	4554	257	4811	0.00004
Chryseolinea	1433993	G	1472	7	1479	0.00001
Ekhidna	447678	G	3664	194	3858	0.00003
Reichenbachiella	156993	G	1985	40	2025	0.00002
Bernardetia	1937972	G	5608	7	5615	0.00005
Marivirga	869806	G	5577	1103	6680	0.00006
Roseivirga	290180	G	4352	193	4545	0.00004
Aquirufa	2676247	G	4320	25	4345	0.00004
Catalinimonas	1522128	G	1524	11	1535	0.00001
Porifericola	1001222	G	1223	29	1252	0.00001
Tunicatimonas	1077254	G	734	0	734	0.00001
Persicobacter	59740	G	1342	48	1390	0.00001
Aureibacter	1097443	G	1174	20	1194	0.00001
Fulvitalea	1434007	G	934	27	961	0.00001
Rhodocytophaga	455076	G	2258	10	2268	0.00002
Mangrovivirga	2858886	G	1061	9	1070	0.00001
Candidatus Cardinium	273135	G	530	0	530	0.00000
Candidatus Amoebophilus	281119	G	42	0	42	0.00000
Bacteroides	816	G	26825	2099	28924	0.00025
Phocaeicola	909656	G	2208	232	2440	0.00002
Prevotella	838	G	7990	177	8167	0.00007
Segatella	2974251	G	2656	63	2719	0.00002
Hoylesella	2974257	G	447	61	508	0.00000
Pseudoprevotella	2884814	G	268	1	269	0.00000
Xylanibacter	558436	G	250	0	250	0.00000
Paraprevotella	577309	G	217	18	235	0.00000
Parabacteroides	375288	G	6660	785	7445	0.00006
Tannerella	195950	G	551	16	567	0.00000
Dysgonomonas	156973	G	4098	50	4148	0.00004
Proteiniphilum	294702	G	1274	30	1304	0.00001
Petrimonas	307628	G	1114	114	1228	0.00001
Limibacterium	3404873	G	502	3	505	0.00000
Alistipes	239759	G	2477	153	2630	0.00002
Acetobacteroides	1647173	G	1345	9	1354	0.00001
Butyricimonas	574697	G	1824	171	1995	0.00002
Odoribacter	283168	G	515	26	541	0.00000
Coprobacter	1348911	G	1215	70	1285	0.00001
Barnesiella	397864	G	708	60	768	0.00001
Porphyromonas	836	G	1215	44	1259	0.00001
Macellibacteroides	1159323	G	641	13	654	0.00001
Muribaculum	1918540	G	658	9	667	0.00001
Duncaniella	2518495	G	491	6	497	0.00000
Sodaliphilus	2815786	G	210	9	219	0.00000
Paramuribaculum	2518497	G	78	1	79	0.00000
Paludibacter	346096	G	949	0	949	0.00001
Salinivirga	1970191	G	744	0	744	0.00001
Tenuifilum	2760873	G	391	1	392	0.00000
Candidatus Azobacteroides	511434	G	358	0	358	0.00000
Draconibacterium	1471399	G	4900	30	4930	0.00004
Maribellus	2678352	G	1439	7	1446	0.00001
Halosquirtibacter	3374594	G	1191	28	1219	0.00001
Aquipluma	2792393	G	1031	2	1033	0.00001
Mangrovibacterium	1573808	G	795	17	812	0.00001
Gaoshiqia	3045890	G	585	2	587	0.00001
Marinifilum	866673	G	3479	44	3523	0.00003
Labilibaculum	2060722	G	2000	17	2017	0.00002
Alkalitalea	1193324	G	552	4	556	0.00000
Xiashengella	3129724	G	535	179	714	0.00001
Chitinophaga	79328	G	35237	450	35687	0.00030
Niabella	379899	G	7338	214	7552	0.00006
Arachidicoccus	1769012	G	5956	102	6058	0.00005
Paraflavitalea	2698688	G	5667	136	5803	0.00005
Lacibacter	649461	G	3041	49	3090	0.00003
Flavisolibacter	398041	G	2994	119	3113	0.00003
Filimonas	649460	G	2778	74	2852	0.00002
Niastella	354354	G	2742	115	2857	0.00002
Pseudobacter	1860196	G	2464	115	2579	0.00002
Sediminibacterium	504481	G	2290	68	2358	0.00002
Ferruginibacter	1004303	G	1992	33	2025	0.00002
Phnomibacter	2836216	G	1968	84	2052	0.00002
Flavihumibacter	1004301	G	1585	19	1604	0.00001
Rhizosphaericola	3114547	G	1495	12	1507	0.00001
Mycovorax	3389990	G	1366	147	1513	0.00001
Panacibacter	1874621	G	1344	9	1353	0.00001
Pseudocnuella	2812019	G	966	40	1006	0.00001
Thermoflavifilum	1649506	G	588	2	590	0.00001
Puia	2045098	G	585	13	598	0.00001
Aureispira	365032	G	2464	6	2470	0.00002
Saprospira	1007	G	848	0	848	0.00001
Haliscomenobacter	2349	G	1265	1	1266	0.00001
Phaeodactylibacter	1564515	G	537	0	537	0.00000
Neolewinella	2993541	G	483	2	485	0.00000
Lewinella	70994	G	212	0	212	0.00000
Candidatus Sulfidibacterium	2923290	G	557	0	557	0.00000
Rhodocaloribacter	2893090	G	474	0	474	0.00000
Rhodothermus	29548	G	341	0	341	0.00000
Rubrivirga	1434037	G	770	0	770	0.00001
Salinibacter	146918	G	321	0	321	0.00000
Pelodictyon	1099	G	519	4	523	0.00000
Chlorobium	1091	G	228	1	229	0.00000
Prosthecochloris	1101	G	620	2	622	0.00001
Chlorobaculum	256319	G	330	1	331	0.00000
Chloroherpeton	100715	G	123	0	123	0.00000
Ignavibacterium	795750	G	985	0	985	0.00001
Melioribacter	1134403	G	250	0	250	0.00000
Gracilimonas	649462	G	384	0	384	0.00000
Cyclonatronum	2489367	G	145	4	149	0.00000
Gemmatimonas	173479	G	739	0	739	0.00001
Gemmatirosa	1706036	G	570	7	577	0.00000
Pseudogemmatithrix	3237678	G	129	1	130	0.00000
Candidatus Palauibacter	3056650	G	734	0	734	0.00001
Gaopeijia	3381669	G	281	0	281	0.00000
Candidatus Cloacimonas	456826	G	242	0	242	0.00000
Fibrobacter	832	G	164	2	166	0.00000
Fidelibacter	3377528	G	52	0	52	0.00000
Luteolibacter	518753	G	313116	3101	316217	0.00270
Haloferula	574899	G	7117	146	7263	0.00006
Verrucomicrobium	2735	G	4292	246	4538	0.00004
Roseimicrobium	1348508	G	3648	3	3651	0.00003
Oceaniferula	2886881	G	1059	14	1073	0.00001
Sulfuriroseicoccus	2911469	G	747	16	763	0.00001
Roseibacillus	518755	G	727	10	737	0.00001
Akkermansia	239934	G	3137	411	3548	0.00003
Fontisphaera	3050007	G	219	0	219	0.00000
Opitutus	178440	G	866	41	907	0.00001
Nibricoccus	2576890	G	665	56	721	0.00001
Termitidicoccus	3126963	G	638	30	668	0.00001
Oleiharenicola	2100741	G	564	82	646	0.00001
Actomonas	3138693	G	468	9	477	0.00000
Ereboglobus	2028344	G	433	46	479	0.00000
Lacunisphaera	1961799	G	416	40	456	0.00000
Horticoccus	2986286	G	394	25	419	0.00000
Synoicihabitans	2892920	G	379	11	390	0.00000
Congregicoccus	3458163	G	447	15	462	0.00000
Coraliomargarita	442430	G	509	0	509	0.00000
Candidatus Pelagisphaera	3049269	G	463	7	470	0.00000
Ruficoccus	2175957	G	290	7	297	0.00000
Rubellicoccus	3138622	G	107	1	108	0.00000
Methylacidiphilum (ex Ratnadevi et al. 2023)	511745	G	475	84	559	0.00000
Methylacidimicrobium	1541670	G	240	91	331	0.00000
Candidatus Xiphinematobacter	134550	G	113	17	130	0.00000
Urbifossiella	2807415	G	179659	1971	181630	0.00155
Gemmata	113	G	7817	288	8105	0.00007
Limnoglobus	2731450	G	3866	86	3952	0.00003
Frigoriglobus	2774146	G	3714	158	3872	0.00003
Telmatocola	1382832	G	342	1	343	0.00000
Tuwongella	2051044	G	196	2	198	0.00000
Stieleria	2795973	G	1539	59	1598	0.00001
Anatilimnocola	2807414	G	695	8	703	0.00001
Novipirellula	2795426	G	687	11	698	0.00001
Bremerella	2714594	G	669	4	673	0.00001
Rosistilla	2795779	G	482	9	491	0.00000
Rhodopirellula	265488	G	476	18	494	0.00000
Lignipirellula	2795775	G	439	21	460	0.00000
Roseimaritima	1579506	G	360	3	363	0.00000
Rubripirellula	1579505	G	306	20	326	0.00000
Pirellula	123	G	240	0	240	0.00000
Blastopirellula	265487	G	220	0	220	0.00000
Aureliella	2795605	G	124	3	127	0.00000
Mariniblastus	2005380	G	74	0	74	0.00000
Roseiconus	2814446	G	71	189	260	0.00000
Lacipirellula	2691417	G	876	14	890	0.00001
Pirellulimonas	2795783	G	524	3	527	0.00000
Botrimarina	2795782	G	407	12	419	0.00000
Aeoliella	2795781	G	358	10	368	0.00000
Bythopirellula	1400386	G	40	0	40	0.00000
Adhaeretor	2862451	G	37	2	39	0.00000
Thermogutta	1676125	G	46	0	46	0.00000
Gimesia	1649453	G	1941	28	1969	0.00002
Planctomyces	118	G	1601	79	1680	0.00001
Alienimonas	2714737	G	645	12	657	0.00001
Planctomicrobium	1779141	G	548	5	553	0.00000
Maioricimonas	2795777	G	474	16	490	0.00000
Caulifigura	2795778	G	446	1	447	0.00000
Planctopirus	1649480	G	356	3	359	0.00000
Crateriforma	2714592	G	319	518	837	0.00001
Polystyrenella	2795774	G	293	6	299	0.00000
Planctellipticum	3132181	G	260	3	263	0.00000
Stratiformator	3076095	G	205	4	209	0.00000
Symmachiella	2795780	G	201	2	203	0.00000
Schlesneria	656899	G	201	1	202	0.00000
Rubinisphaera	1649490	G	177	28	205	0.00000
Fuerstiella	1936111	G	152	0	152	0.00000
Calycomorphotria	2795776	G	130	2	132	0.00000
Thalassoglobus	2795865	G	92	1	93	0.00000
Singulisphaera	466152	G	1815	135	1950	0.00002
Aquisphaera	1511635	G	1202	70	1272	0.00001
Tundrisphaera	2029859	G	1178	83	1261	0.00001
Tautonia	2680020	G	877	7	884	0.00001
Paludisphaera	1763521	G	483	47	530	0.00000
Isosphaera	127	G	216	6	222	0.00000
Engelhardtia	3405233	G	461	31	492	0.00000
Saltatorellus	3405235	G	324	45	369	0.00000
Rohdeia	3405237	G	207	2	209	0.00000
Kolteria	3405236	G	239	0	239	0.00000
Humisphaera	2807511	G	533	0	533	0.00000
Fontivita	2989683	G	222	0	222	0.00000
Phycisphaera	666508	G	355	10	365	0.00000
Mucisphaera	2913022	G	189	0	189	0.00000
Poriferisphaera	2803301	G	147	0	147	0.00000
Sedimentisphaera	2483368	G	320	552	872	0.00001
Limihaloglobus	2690160	G	49	0	49	0.00000
Anaerohalosphaera	2690159	G	254	0	254	0.00000
Candidatus Uabimicrobium	2897349	G	1435	0	1435	0.00001
Candidatus Kuenenia	380738	G	232	0	232	0.00000
Chlamydia	810	G	1376	0	1376	0.00001
Chlamydiifrater	2822114	G	64	0	64	0.00000
Candidatus Protochlamydia	282132	G	238	0	238	0.00000
Parachlamydia	83551	G	148	0	148	0.00000
Neochlamydia	112987	G	123	270	393	0.00000
Candidatus Rhabdochlamydia	292833	G	61	0	61	0.00000
Simkania	34093	G	131	0	131	0.00000
Waddlia	71666	G	77	0	77	0.00000
Tichowtungia	2907187	G	193	0	193	0.00000
Kiritimatiella	1921784	G	84	254	338	0.00000
Lentisphaera	256846	G	200	0	200	0.00000
Candidatus Velamenicoccus	2789201	G	109	0	109	0.00000
Aliarcobacter	2321111	G	6306	216	6522	0.00006
Arcobacter	28196	G	5616	403	6019	0.00005
Malaciobacter	2321114	G	3509	42	3551	0.00003
Halarcobacter	2321115	G	2785	21	2806	0.00002
Poseidonibacter	2321187	G	770	524	1294	0.00001
Candidatus Marinarcus	2321204	G	225	3	228	0.00000
Campylobacter	194	G	14308	152	14460	0.00012
Sulfurimonas	202746	G	4367	144	4511	0.00004
Thiomicrolovo	3451667	G	187	140	327	0.00000
Sulfonitrofixus	3451668	G	181	0	181	0.00000
Sulfuricurvum	286130	G	76	0	76	0.00000
Hydrocurvibacter	3451669	G	65	0	65	0.00000
Helicobacter	209	G	4605	21	4626	0.00004
Wolinella	843	G	36	0	36	0.00000
Sulfurospirillum	57665	G	1740	2	1742	0.00001
Sulfurovum	265570	G	852	3	855	0.00001
Nitratifractor	269260	G	61	0	61	0.00000
Hydrogenimonas	223785	G	397	2	399	0.00000
Nitrosophilus	2795692	G	650	3	653	0.00001
Nitratiruptor	269258	G	514	1	515	0.00000
Caminibacter	191301	G	623	4	627	0.00001
Nautilia	191291	G	218	0	218	0.00000
Hippea	84404	G	67	8	75	0.00000
Sorangium	39643	G	13239	165	13404	0.00011
Polyangium	55	G	594	12	606	0.00001
Chondromyces	50	G	317	1	318	0.00000
Pajaroellobacter	1882917	G	107	0	107	0.00000
Sandaracinus	1055688	G	1152	7	1159	0.00001
Labilithrix	1524217	G	411	1	412	0.00000
Nannocystis	53	G	1679	4	1683	0.00001
Haliangium	162027	G	670	4	674	0.00001
Myxococcus	32	G	3087	218	3305	0.00003
Corallococcus	83461	G	2764	343	3107	0.00003
Pseudomyxococcus	3434272	G	592	94	686	0.00001
Pyxidicoccus	224458	G	533	24	557	0.00000
Archangium	47	G	3184	164	3348	0.00003
Cystobacter	42	G	1268	176	1444	0.00001
Melittangium	44	G	1046	92	1138	0.00001
Stigmatella	40	G	582	45	627	0.00001
Anaeromyxobacter	161492	G	1916	28	1944	0.00002
Vulgatibacter	1524214	G	171	2	173	0.00000
Pendulispora	3375062	G	1070	6	1076	0.00001
Borreliella	64895	G	3230	80	3310	0.00003
Borrelia	138	G	2599	18	2617	0.00002
Treponema	157	G	4861	11	4872	0.00004
Brucepastera	2967962	G	75	0	75	0.00000
Candidatus Haliotispira	3115661	G	274	0	274	0.00000
Thiospirochaeta	2792240	G	257	0	257	0.00000
Entomospira	2834378	G	194	0	194	0.00000
Oceanispirochaeta	2035349	G	137	0	137	0.00000
Sediminispirochaeta	1911556	G	124	0	124	0.00000
Spirochaeta	146	G	103	0	103	0.00000
Salinispira	1616789	G	65	0	65	0.00000
Marispirochaeta	1911565	G	44	0	44	0.00000
Leadbettera	2951107	G	437	2	439	0.00000
Gracilinema	2951106	G	150	1	151	0.00000
Breznakiella	2845254	G	67	0	67	0.00000
Sphaerochaeta	399320	G	324	1	325	0.00000
Parasphaerochaeta	3062336	G	145	0	145	0.00000
Leptospira	171	G	5448	2	5450	0.00005
Turneriella	338321	G	41	0	41	0.00000
Brachyspira	29521	G	3367	1	3368	0.00003
Thermospira	3024226	G	165	0	165	0.00000
Winmispira	3457169	G	60	0	60	0.00000
Desulfovibrio	872	G	1760	51	1811	0.00002
Pseudodesulfovibrio	2035811	G	1739	41	1780	0.00002
Maridesulfovibrio	2794998	G	1726	7	1733	0.00001
Nitratidesulfovibrio	2802295	G	740	4	744	0.00001
Solidesulfovibrio	2910984	G	698	2	700	0.00001
Desulfolutivibrio	2773294	G	366	2	368	0.00000
Oleidesulfovibrio	2909705	G	234	48	282	0.00000
Salidesulfovibrio	2950010	G	233	2	235	0.00000
Mailhella	1981028	G	180	9	189	0.00000
Oceanidesulfovibrio	2905722	G	162	0	162	0.00000
Desulfobaculum	1433996	G	154	0	154	0.00000
Desulfocurvibacter	2582840	G	115	0	115	0.00000
Megalodesulfovibrio	2910978	G	115	0	115	0.00000
Lawsonia	41707	G	112	0	112	0.00000
Bilophila	35832	G	102	0	102	0.00000
Taurinivorans	3126915	G	80	0	80	0.00000
Halodesulfovibrio	1912771	G	43	0	43	0.00000
Desulfomicrobium	898	G	481	1	482	0.00000
Thermodesulfomicrobium	2905949	G	68	0	68	0.00000
Desulfohalobium	45662	G	22	0	22	0.00000
Desulfobacter	2289	G	824	4	828	0.00001
Desulfobacula	28222	G	584	3	587	0.00001
Desulforapulum	2904687	G	420	2	422	0.00000
Desulfosarcina	2299	G	1306	9	1315	0.00001
Desulfonema	45654	G	597	1	598	0.00001
Desulfococcus	896	G	70	0	70	0.00000
Desulfosudis	2904716	G	158	1	159	0.00000
Desulfoluna	497721	G	144	0	144	0.00000
Desulfatibacillum	218207	G	140	0	140	0.00000
Geobacter	28231	G	1145	40	1185	0.00001
Geomonas	2651583	G	661	58	719	0.00001
Geotalea	2910589	G	507	14	521	0.00000
Trichlorobacter	115782	G	371	21	392	0.00000
Citrifermentans	2883512	G	219	31	250	0.00000
Desulfuromonas	890	G	604	5	609	0.00001
Pelobacter	18	G	102	15	117	0.00000
Geoalkalibacter	392332	G	260	10	270	0.00000
Syntrophotalea	2812025	G	178	2	180	0.00000
Desulfosediminicola	2886823	G	307	0	307	0.00000
Desulfopila	429014	G	289	0	289	0.00000
Desulfocapsa	53318	G	188	0	188	0.00000
Desulfotalea	109168	G	119	0	119	0.00000
Desulfofustis	51194	G	111	0	111	0.00000
Desulfobulbus	893	G	239	6	245	0.00000
Desulfurivibrio	427922	G	123	0	123	0.00000
Desulfomarina	2894767	G	107	0	107	0.00000
Candidatus Electrothrix	1859128	G	75	0	75	0.00000
Desulfolithobacter	3003266	G	26	0	26	0.00000
Thermodesulfobacterium	1740	G	264	8	272	0.00000
Caldimicrobium	444090	G	133	0	133	0.00000
Thermosulfuriphilus	2033601	G	93	0	93	0.00000
Thermosulfurimonas	1522431	G	52	0	52	0.00000
Thermodesulfatator	241192	G	59	0	59	0.00000
Desulfarculus	453229	G	170	10	180	0.00000
Desulfoferula	3093638	G	170	0	170	0.00000
Candidatus Desulfofervidus	1902583	G	289	0	289	0.00000
Syntrophus	43773	G	213	0	213	0.00000
Syntrophobacter	29526	G	123	3	126	0.00000
Desulfoglaeba	361106	G	73	0	73	0.00000
Desulfobacca	60892	G	171	0	171	0.00000
Desulfomonile	2357	G	131	0	131	0.00000
Tunturiibacter	3154218	G	968	3	971	0.00001
Granulicella	940557	G	794	2	796	0.00001
Terriglobus	392733	G	747	1	748	0.00001
Edaphobacter	388463	G	507	1	508	0.00000
Chloracidobacterium	458032	G	303	0	303	0.00000
Telmatobacter	1078829	G	282	0	282	0.00000
Occallatibacter	1742983	G	267	0	267	0.00000
Silvibacterium	1775468	G	174	2	176	0.00000
Alloacidobacterium	2951993	G	127	0	127	0.00000
Acidobacterium	33973	G	119	2	121	0.00000
Acidisarcina	2608728	G	76	0	76	0.00000
Candidatus Korobacter	658061	G	83	0	83	0.00000
Paludibaculum	1649475	G	271	0	271	0.00000
Geothrix	44675	G	1137	19	1156	0.00001
Mesoterricola	3074468	G	495	19	514	0.00000
Sulfidibacter	2915177	G	278	1	279	0.00000
Thermotomaculum	1172428	G	278	0	278	0.00000
Luteitalea	2004797	G	940	10	950	0.00001
Bdellovibrio	958	G	3182	0	3182	0.00003
Pseudobdellovibrio	2862745	G	329	0	329	0.00000
Micavibrio	213485	G	180	0	180	0.00000
Pigmentibacter	2838409	G	585	0	585	0.00000
Fluviispira	2698753	G	391	0	391	0.00000
Silvanigrella	2024975	G	344	0	344	0.00000
Spirobacillus	495819	G	563	0	563	0.00000
Peredibacter	263370	G	582	0	582	0.00000
Bacteriovorax	146784	G	259	1	260	0.00000
Halobacteriovorax	1652133	G	375	0	375	0.00000
Pampinifervens	3453421	G	534	2	536	0.00000
Hydrogenobaculum	168657	G	412	0	412	0.00000
Thermocrinis	75905	G	107	0	107	0.00000
Hydrogenobacter	939	G	56	0	56	0.00000
Aquifex	2713	G	45	0	45	0.00000
Sulfurihydrogenibium	212790	G	512	0	512	0.00000
Persephonella	182899	G	222	0	222	0.00000
Desulfurobacterium	64159	G	164	1	165	0.00000
Nitrospira	1234	G	754	0	754	0.00001
Leptospirillum	179	G	124	0	124	0.00000
Candidatus Magnetomonas	3459270	G	132	0	132	0.00000
Thermodesulfovibrio	28261	G	561	0	561	0.00000
Dissulfurispira	2811506	G	122	0	122	0.00000
Geovibrio	46200	G	340	0	340	0.00000
Denitrovibrio	117999	G	307	0	307	0.00000
Deferribacter	53572	G	341	0	341	0.00000
Mucispirillum	248038	G	214	0	214	0.00000
Calditerrivibrio	545865	G	192	0	192	0.00000
Flexistipes	2351	G	129	0	129	0.00000
Candidatus Endomicrobiellum	3238959	G	690	0	690	0.00001
Endomicrobium	1408194	G	109	0	109	0.00000
Elusimicrobium	423604	G	472	0	472	0.00000
Parelusimicrobium	3416099	G	57	0	57	0.00000
Thermodesulfobium	227388	G	540	0	540	0.00000
Dictyoglomus	13	G	414	0	414	0.00000
Atribacter	2847777	G	206	0	206	0.00000
Candidatus Caldatribacterium	1454725	G	36	0	36	0.00000
Atrimonas	3149264	G	25	17	42	0.00000
Caldithrix	187144	G	265	0	265	0.00000
Thermomicrobium	499	G	179	0	179	0.00000
Sphaerobacter	2056	G	85	0	85	0.00000
Caldisericum	693074	G	139	0	139	0.00000
Coprothermobacter	68335	G	114	0	114	0.00000
Desulfurispirillum	393029	G	74	0	74	0.00000
Nitrospina	35800	G	68	0	68	0.00000
Thermosulfidibacter	412592	G	41	0	41	0.00000
Microbacterium	33882	G	335343	43923	379266	0.00324
Leucobacter	55968	G	20787	3164	23951	0.00020
Agromyces	33877	G	12080	1597	13677	0.00012
Curtobacterium	2034	G	12046	1215	13261	0.00011
Leifsonia	110932	G	8576	1017	9593	0.00008
Agrococcus	46352	G	4831	796	5627	0.00005
Rathayibacter	33886	G	4719	402	5121	0.00004
Clavibacter	1573	G	4265	553	4818	0.00004
Cryobacterium	69578	G	4116	236	4352	0.00004
Microcella	337004	G	2741	442	3183	0.00003
Salinibacterium	235888	G	2567	206	2773	0.00002
Herbiconiux	881616	G	2215	168	2383	0.00002
Frigoribacterium	96492	G	2102	231	2333	0.00002
Plantibacter	190323	G	1930	98	2028	0.00002
Frondihabitans	447237	G	1811	117	1928	0.00002
Protaetiibacter	2680004	G	1739	289	2028	0.00002
Microterricola	518733	G	1630	192	1822	0.00002
Paramicrobacterium	3110364	G	1329	146	1475	0.00001
Mycetocola	76634	G	1278	84	1362	0.00001
Gulosibacter	256818	G	1103	292	1395	0.00001
Cnuibacter	1759331	G	1026	148	1174	0.00001
Subtercola	120212	G	801	24	825	0.00001
Rhodoluna	529883	G	553	11	564	0.00000
Aquiluna	529881	G	142	2	144	0.00000
Humibacter	427753	G	597	158	755	0.00001
Homoserinibacter	1649457	G	547	79	626	0.00001
Gryllotalpicola	1195526	G	509	42	551	0.00000
Naasia	1434022	G	504	45	549	0.00000
Aurantimicrobium	1705353	G	466	10	476	0.00000
Homoserinimonas	1434009	G	451	36	487	0.00000
Glaciihabitans	1649454	G	447	13	460	0.00000
Diaminobutyricimonas	1433997	G	412	36	448	0.00000
Okibacterium	196084	G	391	60	451	0.00000
Humidisolicoccus	3425211	G	368	20	388	0.00000
Ruicaihuangia	3137419	G	363	31	394	0.00000
Agreia	110934	G	347	25	372	0.00000
Orlajensenia	3440766	G	330	32	362	0.00000
Marisediminicola	1230698	G	327	19	346	0.00000
Antiquaquibacter	3108736	G	310	11	321	0.00000
Lysinibacter	1857011	G	274	7	281	0.00000
Pontimonas	1434032	G	53	1	54	0.00000
Sanguibacter	60919	G	82424	9615	92039	0.00079
Cellulomonas	1707	G	45838	7490	53328	0.00046
Oerskovia	162491	G	9658	1970	11628	0.00010
Paraoerskovia	665568	G	4271	590	4861	0.00004
Actinotalea	458839	G	1756	422	2178	0.00002
Pseudactinotalea	1926259	G	1013	47	1060	0.00001
Arthrobacter	1663	G	18839	2944	21783	0.00019
Glutamicibacter	1742989	G	5668	875	6543	0.00006
Pseudarthrobacter	1742993	G	5222	1008	6230	0.00005
Kocuria	57493	G	3504	871	4375	0.00004
Sinomonas	596707	G	2783	114	2897	0.00002
Rothia	32207	G	2659	564	3223	0.00003
Micrococcus	1269	G	2110	841	2951	0.00003
Paenarthrobacter	1742992	G	2108	936	3044	0.00003
Citricoccus	169133	G	1566	450	2016	0.00002
Auritidibacter	1160973	G	445	26	471	0.00000
Crystallibacter	3456524	G	302	26	328	0.00000
Zhihengliuella	370735	G	288	638	926	0.00001
Psychromicrobium	2078575	G	264	7	271	0.00000
Nesterenkonia	57494	G	241	1	242	0.00000
Neomicrococcus	1868332	G	193	27	220	0.00000
Paeniglutamicibacter	1742990	G	183	14	197	0.00000
Pseudoglutamicibacter	1742991	G	107	145	252	0.00000
Renibacterium	1645	G	97	2	99	0.00000
Cellulosimicrobium	157920	G	19002	3547	22549	0.00019
Isoptericola	254250	G	7648	2358	10006	0.00009
Xylanimonas	186188	G	6253	1074	7327	0.00006
Promicromonospora	43676	G	4352	400	4752	0.00004
Janibacter	53457	G	4180	801	4981	0.00004
Arsenicicoccus	267408	G	1327	206	1533	0.00001
Phycicoccus	367298	G	1140	314	1454	0.00001
Terrabacter	53355	G	1118	162	1280	0.00001
Oryzobacter	1849973	G	904	153	1057	0.00001
Humibacillus	556178	G	759	80	839	0.00001
Knoellia	136099	G	730	57	787	0.00001
Pedococcus	2805645	G	726	87	813	0.00001
Intrasporangium	53357	G	543	43	586	0.00001
Nostocoides	99479	G	237	24	261	0.00000
Brachybacterium	43668	G	9976	1424	11400	0.00010
Dermabacter	36739	G	548	503	1051	0.00001
Helcobacillus	1161125	G	225	40	265	0.00000
Devriesea	472568	G	203	5	208	0.00000
Brevibacterium	1696	G	9276	2050	11326	0.00010
Saxibacter	3162691	G	178	4	182	0.00000
Ornithinimicrobium	125287	G	3723	346	4069	0.00003
Serinicoccus	265976	G	1728	221	1949	0.00002
Pengzhenrongella	2888818	G	3028	305	3333	0.00003
Luteimicrobium	754249	G	1737	265	2002	0.00002
Timonella	1465824	G	218	22	240	0.00000
Ruania	626119	G	2474	123	2597	0.00002
Occultella	2828348	G	857	76	933	0.00001
Beutenbergia	84756	G	1540	118	1658	0.00001
Miniimonas	947525	G	893	687	1580	0.00001
Dermacoccus	57495	G	566	141	707	0.00001
Barrientosiimonas	1535207	G	455	99	554	0.00000
Luteipulveratus	745364	G	411	26	437	0.00000
Allobranchiibius	2040262	G	268	20	288	0.00000
Yimella	908935	G	224	18	242	0.00000
Demequina	577469	G	1823	183	2006	0.00002
Kytococcus	57499	G	610	166	776	0.00001
Gephyromycinifex	2885697	G	294	10	304	0.00000
Austwickia	1184606	G	115	4	119	0.00000
Dermatophilus	1862	G	105	3	108	0.00000
Jonesia	43673	G	236	30	266	0.00000
Tropheryma	2038	G	44	0	44	0.00000
Rhodococcus	1827	G	113713	9319	123032	0.00105
Prescottella	2979332	G	87463	9200	96663	0.00083
Nocardia	1817	G	25376	1005	26381	0.00023
Rhodococcoides	3259750	G	1650	444	2094	0.00002
Williamsia	85043	G	318	11	329	0.00000
Mycobacterium	1763	G	43497	2632	46129	0.00039
Mycolicibacterium	1866885	G	33586	5313	38899	0.00033
Mycobacteroides	670516	G	7145	891	8036	0.00007
Mycolicibacter	1073531	G	1411	294	1705	0.00001
Mycolicibacillus	2126281	G	482	33	515	0.00000
Tsukamurella	2060	G	68653	4156	72809	0.00062
Corynebacterium	1716	G	61752	11913	73665	0.00063
Gordonia	2053	G	12872	1006	13878	0.00012
Skermania	59613	G	429	7	436	0.00000
Dietzia	37914	G	4849	612	5461	0.00005
Tomitella	741759	G	724	37	761	0.00001
Segniliparus	286801	G	187	2	189	0.00000
Hoyosella	697025	G	47	0	47	0.00000
Lawsonella	1847725	G	46	2	48	0.00000
Streptomyces	1883	G	263159	18870	282029	0.00241
Kitasatospora	2063	G	13483	2726	16209	0.00014
Embleya	2699295	G	1901	91	1992	0.00002
Actinacidiphila	2995702	G	1901	347	2248	0.00002
Streptacidiphilus	228398	G	980	148	1128	0.00001
Peterkaempfera	2995704	G	845	111	956	0.00001
Yinghuangia	2805681	G	450	30	480	0.00000
Streptantibioticus	2995706	G	328	48	376	0.00000
Carbonactinospora	2864378	G	294	20	314	0.00000
Micromonospora	1873	G	34033	2955	36988	0.00032
Actinoplanes	1865	G	11533	634	12167	0.00010
Dactylosporangium	35753	G	10151	420	10571	0.00009
Plantactinospora	673534	G	2068	176	2244	0.00002
Phytohabitans	907364	G	1338	74	1412	0.00001
Solwaraspora	265431	G	1286	83	1369	0.00001
Polymorphospora	338583	G	1066	109	1175	0.00001
Couchioplanes	56433	G	900	112	1012	0.00001
Actinocatenispora	390988	G	892	30	922	0.00001
Catellatospora	53365	G	650	61	711	0.00001
Longispora	203522	G	585	37	622	0.00001
Krasilnikovia	349312	G	439	44	483	0.00000
Natronosporangium	2920401	G	344	7	351	0.00000
Salinispora	168694	G	141	9	150	0.00000
Paractinoplanes	3240234	G	20	0	20	0.00000
Amycolatopsis	1813	G	20427	1373	21800	0.00019
Pseudonocardia	1847	G	7775	607	8382	0.00007
Saccharopolyspora	1835	G	4836	468	5304	0.00005
Lentzea	165301	G	3596	279	3875	0.00003
Saccharothrix	2071	G	2851	347	3198	0.00003
Kutzneria	43356	G	2606	218	2824	0.00002
Actinomycetospora	402649	G	1991	124	2115	0.00002
Actinokineospora	39845	G	1943	285	2228	0.00002
Saccharomonospora	1851	G	1593	158	1751	0.00001
Actinosynnema	40566	G	1535	225	1760	0.00002
Actinoalloteichus	65496	G	1415	54	1469	0.00001
Crossiella	130795	G	768	80	848	0.00001
Alloactinosynnema	674734	G	675	120	795	0.00001
Umezawaea	583360	G	622	51	673	0.00001
Kibdelosporangium	2029	G	522	25	547	0.00000
Allokutzneria	1137960	G	416	44	460	0.00000
Prauserella	142577	G	304	9	313	0.00000
Allosaccharopolyspora	2893576	G	167	20	187	0.00000
Nocardioides	1839	G	21373	1888	23261	0.00020
Aeromicrobium	2040	G	3634	254	3888	0.00003
Pimelobacter	2044	G	1354	299	1653	0.00001
Mumia	1546255	G	768	48	816	0.00001
Friedmanniella	53387	G	485	36	521	0.00000
Solicola	3024237	G	327	15	342	0.00000
Micropruina	116071	G	244	41	285	0.00000
Cutibacterium	1912216	G	3697	1217	4914	0.00004
Tessaracoccus	72763	G	2961	490	3451	0.00003
Microlunatus	29404	G	2061	94	2155	0.00002
Propionibacterium	1743	G	1159	510	1669	0.00001
Acidipropionibacterium	1912215	G	1125	386	1511	0.00001
Propioniciclava	1085622	G	1112	522	1634	0.00001
Arachnia	2801844	G	756	23	779	0.00001
Raineyella	1911549	G	653	112	765	0.00001
Propionimicrobium	203133	G	533	33	566	0.00000
Auraticoccus	1278221	G	346	19	365	0.00000
Luteococcus	33983	G	344	17	361	0.00000
Ammonicoccus	3417658	G	225	139	364	0.00000
Naumannella	1294511	G	206	49	255	0.00000
Brooklawnia	369926	G	172	49	221	0.00000
Vaginimicrobium	2919589	G	20	7	27	0.00000
Kribbella	182639	G	8068	339	8407	0.00007
Actinopolymorpha	117156	G	456	14	470	0.00000
Nonomuraea	83681	G	8368	603	8971	0.00008
Streptosporangium	2000	G	4109	351	4460	0.00004
Microbispora	2005	G	2122	159	2281	0.00002
Microtetraspora	1995	G	868	109	977	0.00001
Sphaerisporangium	321315	G	662	62	724	0.00001
Sphaerimonospora	1792303	G	306	21	327	0.00000
Thermobispora	147067	G	285	16	301	0.00000
Spongiactinospora	2871671	G	27	3	30	0.00000
Actinomadura	1988	G	5707	661	6368	0.00005
Spirillospora	58122	G	1881	275	2156	0.00002
Actinoallomurus	667113	G	1672	124	1796	0.00002
Thermomonospora	2019	G	838	100	938	0.00001
Nocardiopsis	2013	G	2938	359	3297	0.00003
Thermobifida	83677	G	806	48	854	0.00001
Streptomonospora	104204	G	501	133	634	0.00001
Spiractinospora	2913367	G	240	4	244	0.00000
Actinomyces	1654	G	7079	468	7547	0.00006
Schaalia	2529408	G	1475	121	1596	0.00001
Trueperella	1069494	G	787	262	1049	0.00001
Flaviflexus	1522056	G	780	132	912	0.00001
Arcanobacterium	28263	G	323	36	359	0.00000
Winkia	2692118	G	298	307	605	0.00001
Nanchangia	2888879	G	227	3	230	0.00000
Pauljensenia	2740557	G	157	50	207	0.00000
Actinotignum	1653174	G	153	44	197	0.00000
Buchananella	2767323	G	128	6	134	0.00000
Scrofimicrobium	2815785	G	122	0	122	0.00000
Boudabousia	2767318	G	95	1	96	0.00000
Changpingibacter	2912996	G	93	32	125	0.00000
Actinobaculum	76833	G	90	2	92	0.00000
Gleimia	2692113	G	89	74	163	0.00000
Mobiluncus	2050	G	74	19	93	0.00000
Varibaculum	184869	G	36	7	43	0.00000
Bifidobacterium	1678	G	6144	172	6316	0.00005
Gardnerella	2701	G	764	155	919	0.00001
Scardovia	196081	G	209	9	218	0.00000
Alloscardovia	419014	G	90	1	91	0.00000
Parascardovia	196082	G	72	2	74	0.00000
Bombiscardovia	1159909	G	33	0	33	0.00000
Georgenia	154116	G	6738	1140	7878	0.00007
Blastococcus	38501	G	1790	229	2019	0.00002
Geodermatophilus	1860	G	1109	161	1270	0.00001
Modestobacter	88138	G	987	135	1122	0.00001
Frankia	1854	G	1819	86	1905	0.00002
Pseudofrankia	2994363	G	534	26	560	0.00000
Parafrankia	2994362	G	431	27	458	0.00000
Protofrankia	2994361	G	318	26	344	0.00000
Kineococcus	33981	G	1538	155	1693	0.00001
Angustibacter	908626	G	451	28	479	0.00000
Nakamurella	53460	G	1887	64	1951	0.00002
Jiangella	281472	G	1570	111	1681	0.00001
Jatrophihabitans	1434010	G	803	25	828	0.00001
Catenulispora	414878	G	751	43	794	0.00001
Candidatus Planktophila	622681	G	400	2	402	0.00000
Candidatus Nanopelagicus	2039639	G	180	1	181	0.00000
Stackebrandtia	283810	G	447	7	454	0.00000
Natronoglycomyces	2838311	G	55	0	55	0.00000
Epidermidibacterium	2078948	G	314	245	559	0.00000
Actinopolyspora	1849	G	184	3	187	0.00000
Acidothermus	28048	G	92	1	93	0.00000
Aquihabitans	1648491	G	1060	50	1110	0.00001
Iamia	467975	G	975	42	1017	0.00001
Dermatobacter	3075137	G	859	38	897	0.00001
Actinomarinicola	2789775	G	342	31	373	0.00000
Actinospongicola	3449744	G	210	4	214	0.00000
Candidatus Poriferisodalis	2983190	G	1155	7	1162	0.00001
Candidatus Poriferisocius	2983186	G	784	12	796	0.00001
Ilumatobacter	682522	G	653	3	656	0.00001
Salinilacustrithrix	3436875	G	291	13	304	0.00000
Acidimicrobium	53634	G	46	0	46	0.00000
Candidatus Spongiisocius	2983163	G	56	0	56	0.00000
Baekduia	2600304	G	1670	76	1746	0.00001
Svornostia	3231543	G	294	9	303	0.00000
Conexibacter	191494	G	1217	50	1267	0.00001
Paraconexibacter	2758920	G	717	21	738	0.00001
Capillimicrobium	2976759	G	607	33	640	0.00001
Miltoncostaea	2843200	G	601	16	617	0.00001
Thermoleophilum	192992	G	107	0	107	0.00000
Eggerthella	84111	G	341	65	406	0.00000
Gordonibacter	644652	G	244	156	400	0.00000
Slackia	84108	G	199	1	200	0.00000
Adlercreutzia	447020	G	193	36	229	0.00000
Arabiibacter	2005386	G	122	4	126	0.00000
Raoultibacter	1926677	G	121	12	133	0.00000
Berryella	2815775	G	98	28	126	0.00000
Xiamenia	2981344	G	90	0	90	0.00000
Denitrobacterium	79603	G	49	19	68	0.00000
Phoenicibacter	1981050	G	44	20	64	0.00000
Olsenella	133925	G	289	3	292	0.00000
Thermophilibacter	2847307	G	144	16	160	0.00000
Fannyhessea	2767327	G	68	23	91	0.00000
Parolsenella	2082587	G	63	32	95	0.00000
Lancefieldella	2767353	G	28	0	28	0.00000
Parafannyhessea	2847312	G	26	5	31	0.00000
Atopobium	1380	G	22	0	22	0.00000
Collinsella	102106	G	344	85	429	0.00000
Enorma	1472762	G	73	6	79	0.00000
Coriobacterium	33870	G	46	0	46	0.00000
Leptogranulimonas	2995122	G	17	0	17	0.00000
Euzebya	908623	G	658	6	664	0.00001
Egibacter	1747770	G	405	5	410	0.00000
Egicoccus	1755825	G	271	6	277	0.00000
Rubrobacter	42255	G	937	1	938	0.00001
Paenibacillus	44249	G	930884	5547	936431	0.00800
Brevibacillus	55080	G	3804	19	3823	0.00003
Cohnella	329857	G	1800	9	1809	0.00002
Aneurinibacillus	55079	G	785	6	791	0.00001
Pristimantibacillus (SeqCode)	2994560	G	651	6	657	0.00001
Saccharibacillus	456492	G	188	1	189	0.00000
Thermobacillus	76632	G	168	1	169	0.00000
Bacillus	1386	G	41761	4126	45887	0.00039
Lysinibacillus	400634	G	10380	391	10771	0.00009
Neobacillus	2675232	G	8071	206	8277	0.00007
Priestia	2800373	G	6392	229	6621	0.00006
Peribacillus	2675229	G	6079	145	6224	0.00005
Oceanobacillus	182709	G	4090	73	4163	0.00004
Metabacillus	2675233	G	3727	121	3848	0.00003
Virgibacillus	84406	G	3420	32	3452	0.00003
Niallia	2837506	G	3293	192	3485	0.00003
Cytobacillus	2675230	G	3141	395	3536	0.00003
Psychrobacillus	1221880	G	2757	67	2824	0.00002
Halobacillus	45667	G	2471	61	2532	0.00002
Heyndrickxia	2837504	G	2427	105	2532	0.00002
Sutcliffiella	2837511	G	2095	36	2131	0.00002
Alkalihalobacillus	2675234	G	1777	33	1810	0.00002
Rossellomorea	2837508	G	1696	32	1728	0.00001
Mesobacillus	2675231	G	1613	40	1653	0.00001
Shouchella	2893057	G	1216	20	1236	0.00001
Gracilibacillus	74385	G	1060	10	1070	0.00001
Pontibacillus	289201	G	805	4	809	0.00001
Fervidibacillus	3033930	G	715	12	727	0.00001
Terribacillus	459532	G	700	5	705	0.00001
Salipaludibacillus	1884449	G	698	5	703	0.00001
Ornithinibacillus	484508	G	646	25	671	0.00001
Amphibacillus	29331	G	606	10	616	0.00001
Aeribacillus	1055323	G	597	185	782	0.00001
Caldifermentibacillus	3034001	G	594	566	1160	0.00001
Evansella	2837485	G	573	5	578	0.00000
Lentibacillus	175304	G	570	2	572	0.00000
Gottfriedia	2837503	G	564	10	574	0.00000
Paraliobacillus	200903	G	536	4	540	0.00000
Radiobacillus	2785518	G	500	7	507	0.00000
Lederbergia	2804231	G	421	4	425	0.00000
Paenalkalicoccus	2944627	G	401	29	430	0.00000
Domibacillus	1433999	G	398	10	408	0.00000
Paraperibacillus	3450404	G	391	6	397	0.00000
Salicibibacter	2685905	G	382	0	382	0.00000
Robertmurraya	2837507	G	371	9	380	0.00000
Alkalihalophilus	2893060	G	367	8	375	0.00000
Pseudobacillus	108525	G	335	22	357	0.00000
Anaerobacillus	704093	G	335	6	341	0.00000
Sediminibacillus	482460	G	291	3	294	0.00000
Salisediminibacterium	1434042	G	275	2	277	0.00000
Siminovitchia	2837510	G	269	3	272	0.00000
Ectobacillus	2837502	G	256	4	260	0.00000
Tepidibacillus	1494427	G	255	5	260	0.00000
Halalkalibacter	2893056	G	242	11	253	0.00000
Alkalibacillus	331654	G	242	0	242	0.00000
Pradoshia	2651279	G	210	4	214	0.00000
Salimicrobium	351195	G	195	2	197	0.00000
Halalkalibacterium (ex Joshi et al. 2022)	2893055	G	165	3	168	0.00000
Caldalkalibacillus	379065	G	161	13	174	0.00000
Falsibacillus	1270155	G	135	2	137	0.00000
Alkalicoccus	2005375	G	106	0	106	0.00000
Mangrovibacillus	2920444	G	99	2	101	0.00000
Aciduricibacillus	3158337	G	88	1	89	0.00000
Allobacillus	1400133	G	67	0	67	0.00000
Caldibacillus	1276290	G	13	61	74	0.00000
Staphylococcus	1279	G	23660	2734	26394	0.00023
Mammaliicoccus	2803850	G	5459	231	5690	0.00005
Macrococcus	69965	G	1630	122	1752	0.00001
Macrococcoides	3076173	G	1394	163	1557	0.00001
Salinicoccus	45669	G	390	8	398	0.00000
Nosocomiicoccus	489909	G	352	4	356	0.00000
Jeotgalicoccus	227979	G	342	6	348	0.00000
Sporosarcina	1569	G	4488	95	4583	0.00004
Planococcus	1372	G	3282	66	3348	0.00003
Ureibacillus	160795	G	1575	160	1735	0.00001
Solibacillus	648800	G	1497	57	1554	0.00001
Paenisporosarcina	651660	G	718	37	755	0.00001
Kurthia	1649	G	569	23	592	0.00001
Rummeliibacillus	648802	G	433	24	457	0.00000
Viridibacillus	496496	G	289	13	302	0.00000
Metasolibacillus	2703677	G	289	6	295	0.00000
Jeotgalibacillus	157226	G	226	6	232	0.00000
Chryseomicrobium	889388	G	168	7	175	0.00000
Listeria	1637	G	4357	116	4473	0.00004
Brochothrix	2755	G	395	8	403	0.00000
Geobacillus	129337	G	1413	465	1878	0.00002
Parageobacillus	1906945	G	1054	296	1350	0.00001
Anoxybacillus	150247	G	565	49	614	0.00001
Thermaerobacillus	3390020	G	456	24	480	0.00000
Saccharococcus	29395	G	186	29	215	0.00000
Anoxybacteroides	3389905	G	118	3	121	0.00000
Alicyclobacillus	29330	G	1262	1	1263	0.00001
Tumebacillus	432330	G	347	3	350	0.00000
Kyrpidia	1129704	G	241	0	241	0.00000
Fodinisporobacter	3156481	G	143	0	143	0.00000
Effusibacillus	1502725	G	31	0	31	0.00000
Exiguobacterium	33986	G	1631	32	1663	0.00001
Hydrogenibacillus	1609627	G	130	0	130	0.00000
Fictibacillus	1329200	G	1105	33	1138	0.00001
Pseudalkalibacillus	2893058	G	369	8	377	0.00000
Gemella	1378	G	1445	41	1486	0.00001
Kroppenstedtia	1274351	G	188	0	188	0.00000
Polycladomyces	1348505	G	147	0	147	0.00000
Staphylospora	2689589	G	117	0	117	0.00000
Laceyella	292635	G	87	0	87	0.00000
Thermoactinomyces	2023	G	74	0	74	0.00000
Novibacillus	1677050	G	56	0	56	0.00000
Guptibacillus	3421338	G	544	30	574	0.00000
Pullulanibacillus	475230	G	209	2	211	0.00000
Sporolactobacillus	2077	G	124	0	124	0.00000
Abyssicoccus	1955413	G	166	15	181	0.00000
Enterococcus	1350	G	246430	20488	266918	0.00228
Vagococcus	2737	G	5330	173	5503	0.00005
Tetragenococcus	51668	G	1210	108	1318	0.00001
Melissococcus	33969	G	659	5	664	0.00001
Lactobacillus	1578	G	8075	363	8438	0.00007
Lacticaseibacillus	2759736	G	3444	242	3686	0.00003
Ligilactobacillus	2767887	G	2771	130	2901	0.00002
Leuconostoc	1243	G	2678	77	2755	0.00002
Companilactobacillus	2767879	G	2384	50	2434	0.00002
Lactiplantibacillus	2767842	G	2054	155	2209	0.00002
Pediococcus	1253	G	1828	150	1978	0.00002
Weissella	46255	G	1675	31	1706	0.00001
Levilactobacillus	2767886	G	1427	96	1523	0.00001
Limosilactobacillus	2742598	G	1282	211	1493	0.00001
Liquorilactobacillus	2767888	G	1024	76	1100	0.00001
Lentilactobacillus	2767893	G	972	38	1010	0.00001
Fructilactobacillus	2767881	G	933	26	959	0.00001
Latilactobacillus	2767885	G	793	36	829	0.00001
Paucilactobacillus	2767890	G	647	43	690	0.00001
Bombilactobacillus	2767878	G	618	5	623	0.00001
Loigolactobacillus	2767889	G	577	66	643	0.00001
Apilactobacillus	2767877	G	518	5	523	0.00000
Xylocopilactobacillus	3118928	G	301	0	301	0.00000
Dellaglioa	2767880	G	282	19	301	0.00000
Oenococcus	46254	G	276	4	280	0.00000
Periweissella	2930384	G	147	0	147	0.00000
Furfurilactobacillus	2767882	G	122	10	132	0.00000
Agrilactobacillus	2767875	G	110	1	111	0.00000
Acetilactobacillus	2767874	G	87	0	87	0.00000
Fructobacillus	559173	G	84	0	84	0.00000
Amylolactobacillus	2767876	G	67	5	72	0.00000
Secundilactobacillus	2767892	G	57	6	63	0.00000
Schleiferilactobacillus	2767891	G	56	0	56	0.00000
Lapidilactobacillus	2767884	G	53	1	54	0.00000
Nicoliella	2978367	G	37	0	37	0.00000
Streptococcus	1301	G	18864	668	19532	0.00017
Lactococcus	1357	G	4192	749	4941	0.00004
Pseudolactococcus	3436058	G	547	23	570	0.00000
Floricoccus	1930830	G	142	1	143	0.00000
Carnobacterium	2747	G	2861	73	2934	0.00003
Jeotgalibaca	1470540	G	1106	41	1147	0.00001
Alloiococcus	1651	G	584	7	591	0.00001
Dolosigranulum	29393	G	433	10	443	0.00000
Trichococcus	82802	G	424	10	434	0.00000
Granulicatella	117563	G	337	46	383	0.00000
Desemzia	82800	G	296	35	331	0.00000
Alkalibacterium	99906	G	275	5	280	0.00000
Marinilactibacillus	191769	G	81	3	84	0.00000
Aerococcus	1375	G	800	52	852	0.00001
Tuanshanicoccus	3465067	G	309	6	315	0.00000
Fundicoccus	2761542	G	233	4	237	0.00000
Ignavigranum	89092	G	214	3	217	0.00000
Globicatella	13075	G	206	6	212	0.00000
Facklamia	66831	G	158	21	179	0.00000
Ruoffia	2862144	G	153	23	176	0.00000
Abiotrophia	46123	G	96	3	99	0.00000
Suicoccus	2689587	G	81	3	84	0.00000
Clostridium	1485	G	111857	2754	114611	0.00098
Lactonifactor	420345	G	2617	249	2866	0.00002
Haloimpatiens	1755832	G	1799	104	1903	0.00002
Wukongibacter	1884926	G	1610	9	1619	0.00001
Crassaminicella	1848399	G	1447	18	1465	0.00001
Caloramator	44258	G	1184	25	1209	0.00001
Oceanirhabdus	1434026	G	1115	2	1117	0.00001
Candidatus Neoarthromitus	49082	G	505	0	505	0.00000
Sarcina	1266	G	474	6	480	0.00000
Hathewaya	1769729	G	405	3	408	0.00000
Proteiniclasticum	1155385	G	50	1	51	0.00000
Ruminococcus	1263	G	4307	553	4860	0.00004
Ruminiclostridium	1508657	G	1873	148	2021	0.00002
Acetivibrio	35829	G	1285	128	1413	0.00001
Faecalibacterium	216851	G	1248	136	1384	0.00001
Caproicibacterium	2834348	G	556	68	624	0.00001
Petroclostridium	2304687	G	491	4	495	0.00000
Paludihabitans	2038676	G	302	0	302	0.00000
Ruthenibacterium	1905344	G	281	18	299	0.00000
Thermoclostridium	2304691	G	272	20	292	0.00000
Flavonifractor	946234	G	248	18	266	0.00000
Vescimonas	2892396	G	243	73	316	0.00000
Oscillibacter	459786	G	229	111	340	0.00000
Subdoligranulum	292632	G	228	22	250	0.00000
Anaerotruncus	244127	G	175	22	197	0.00000
Ethanoligenens	253238	G	158	7	165	0.00000
Owariibacterium	3393728	G	156	36	192	0.00000
Lawsonibacter	2172004	G	118	4	122	0.00000
Pusillibacter	2892397	G	115	16	131	0.00000
Bengtsoniella	3389389	G	112	0	112	0.00000
Solibaculum	2842531	G	103	19	122	0.00000
Thermocaproicibacter	3048127	G	98	3	101	0.00000
Pseudoflavonifractor	1017280	G	92	5	97	0.00000
Fastidiosipila	236752	G	84	11	95	0.00000
Amygdalobacter	3079925	G	66	4	70	0.00000
Dysosmobacter	2591381	G	50	106	156	0.00000
Mageeibacillus	1637257	G	36	3	39	0.00000
Eubacterium	1730	G	3521	538	4059	0.00003
Acetobacterium	33951	G	1368	14	1382	0.00001
Anaerofustis	264995	G	278	14	292	0.00000
Pseudoramibacter	113286	G	156	1	157	0.00000
Alkalibacter	274470	G	109	0	109	0.00000
Proteiniborus	415014	G	983	45	1028	0.00001
Thermaerobacter	73918	G	538	0	538	0.00000
Sulfobacillus	28033	G	27	0	27	0.00000
Fusibacter	76008	G	535	1	536	0.00000
Fenollaria	1686313	G	233	7	240	0.00000
Flintibacter	1918454	G	156	7	163	0.00000
Intestinimonas	1392389	G	116	6	122	0.00000
Levyella	1715798	G	82	3	85	0.00000
Carboxydocella	178898	G	60	0	60	0.00000
Desulfoscipio	2867376	G	2601	9	2610	0.00002
Desulfosporosinus	79206	G	1142	5	1147	0.00001
Desulfitobacterium	36853	G	704	15	719	0.00001
Dehalobacter	56112	G	400	30	430	0.00000
Syntrophobotulus	51196	G	50	0	50	0.00000
Desulforamulus	2916693	G	333	16	349	0.00000
Candidatus Formimonas	2840454	G	230	0	230	0.00000
Desulfofarcimen	2282742	G	191	0	191	0.00000
Dehalobacterium	51514	G	146	12	158	0.00000
Desulfofundulus	2282741	G	121	0	121	0.00000
Acididesulfobacillus	2924872	G	102	0	102	0.00000
Thermanaerosceptrum	2651578	G	76	0	76	0.00000
Phosphitispora	2903061	G	66	4	70	0.00000
Caproiciproducens	1738645	G	344	172	516	0.00000
Acutalibacter	1918385	G	238	5	243	0.00000
Caproicibacter	2576755	G	183	46	229	0.00000
Proteinivorax	1491776	G	418	0	418	0.00000
Alkalicella	2838170	G	327	1	328	0.00000
Butyricicoccus	580596	G	334	42	376	0.00000
Agathobaculum	2048137	G	210	153	363	0.00000
Candidatus Syntrophocurvum	2293313	G	258	0	258	0.00000
Syntrophomonas	862	G	249	1	250	0.00000
Syntrophothermus	129001	G	95	0	95	0.00000
Caldinitratiruptor	1006480	G	204	0	204	0.00000
Symbiobacterium	2733	G	124	0	124	0.00000
Aristaeella	3046369	G	287	0	287	0.00000
Heliorestis	79598	G	161	0	161	0.00000
Heliomicrobium	2831443	G	65	2	67	0.00000
Thermincola	278993	G	82	2	84	0.00000
Desulfotomaculum	1562	G	11	2	13	0.00000
Blautia	572511	G	36262	9307	45569	0.00039
Mediterraneibacter	2316020	G	11053	3335	14388	0.00012
Anaerocolumna	1843210	G	9898	23	9921	0.00008
Lacrimispora	2719231	G	9446	98	9544	0.00008
Roseburia	841	G	7803	1178	8981	0.00008
Anaerostipes	207244	G	4985	512	5497	0.00005
Hungatella	1649459	G	4562	840	5402	0.00005
Dorea	189330	G	4331	1659	5990	0.00005
Enterocloster	2719313	G	4289	461	4750	0.00004
Lachnoclostridium	1506553	G	4110	360	4470	0.00004
Coprococcus	33042	G	3011	1252	4263	0.00004
Butyrivibrio	830	G	2733	17	2750	0.00002
Eisenbergiella	1432051	G	2714	450	3164	0.00003
Sellimonas	1769710	G	2660	502	3162	0.00003
Kineothrix	2163168	G	2286	20	2306	0.00002
Anaerobutyricum	2569097	G	2082	564	2646	0.00002
Marvinbryantia	248744	G	1849	115	1964	0.00002
Otoolea	2941495	G	1837	260	2097	0.00002
Faecalimonas	2005355	G	1636	728	2364	0.00002
Claveliimonas	3076670	G	1591	162	1753	0.00001
Novisyntrophococcus	2888809	G	1287	57	1344	0.00001
Anaeromicropila	3024823	G	1159	6	1165	0.00001
Lachnoanaerobaculum	1164882	G	814	16	830	0.00001
Qiania	2944195	G	772	63	835	0.00001
Wansuia	2944198	G	753	39	792	0.00001
Agathobacter	1766253	G	696	322	1018	0.00001
Eshraghiella	3342669	G	606	140	746	0.00001
Pseudobutyrivibrio	46205	G	604	9	613	0.00001
Anaeropeptidivorans	2997360	G	594	2	596	0.00001
Lachnospira	28050	G	564	41	605	0.00001
Tyzzerella	1506577	G	540	6	546	0.00000
Herbinix	1663717	G	508	67	575	0.00000
Hominifimenecus	3073585	G	485	0	485	0.00000
Simiaoa	2944193	G	417	112	529	0.00000
Candidatus Epulonipiscium	2383	G	394	4	398	0.00000
Chakrabartyella	3088373	G	370	7	377	0.00000
Wujia	2944152	G	179	45	224	0.00000
Chordicoccus	3031933	G	141	5	146	0.00000
Stomatobaculum	1213720	G	120	1	121	0.00000
Sporofaciens	2811390	G	64	0	64	0.00000
Vallitalea	1348611	G	1603	4	1607	0.00001
Petrocella	2603323	G	273	5	278	0.00000
Cellulosilyticum	698776	G	818	4	822	0.00001
Anaerotignum	2039240	G	655	60	715	0.00001
Defluviitalea	1185408	G	441	64	505	0.00000
Paraclostridium	1849822	G	6410	274	6684	0.00006
Romboutsia	1501226	G	6401	539	6940	0.00006
Clostridioides	1870884	G	5306	426	5732	0.00005
Terrisporobacter	1505652	G	4628	159	4787	0.00004
Peptacetobacter	2743582	G	1111	55	1166	0.00001
Tepidibacter	214904	G	793	8	801	0.00001
Intestinibacter	1505657	G	658	60	718	0.00001
Peptostreptococcus	1257	G	488	28	516	0.00000
Emergencia	1926556	G	1009	59	1068	0.00001
Aminipila	2060094	G	698	16	714	0.00001
Sinanaerobacter	2886866	G	379	4	383	0.00000
Anoxybacterium	3408579	G	258	1	259	0.00000
Mogibacterium	86331	G	165	12	177	0.00000
Ihubacter	1926667	G	95	4	99	0.00000
Alkaliphilus	114627	G	1007	9	1016	0.00001
Serpentinicella	1890059	G	246	1	247	0.00000
Acetoanaerobium	186831	G	573	3	576	0.00000
Filifactor	44259	G	223	43	266	0.00000
Geosporobacter	390805	G	681	11	692	0.00001
Caminicella	166484	G	435	7	442	0.00000
Peptoclostridium	1481960	G	72	1	73	0.00000
Thermoanaerobacterium	28895	G	2684	36	2720	0.00002
Thermoanaerobacter	1754	G	1405	57	1462	0.00001
Aceticella	3051499	G	243	1	244	0.00000
Caldanaerobacter	249529	G	180	9	189	0.00000
Carboxydothermus	129957	G	85	0	85	0.00000
Desulfothermobacter	2079011	G	79	0	79	0.00000
Thermacetogenium	140458	G	48	3	51	0.00000
Gelria	189326	G	41	0	41	0.00000
Ammonifex	42837	G	31	0	31	0.00000
Mahella	252965	G	234	8	242	0.00000
Candidatus Desulforudis	471826	G	94	0	94	0.00000
Halanaerobium	2330	G	844	0	844	0.00001
Iocasia	2899804	G	148	319	467	0.00000
Halocella	46466	G	146	303	449	0.00000
Natroniella	52003	G	328	0	328	0.00000
Halobacteroides	42417	G	199	0	199	0.00000
Acetohalobium	28186	G	170	0	170	0.00000
Anoxybacter	1769008	G	394	0	394	0.00000
Halothermothrix	32636	G	102	0	102	0.00000
Tepidanaerobacter	499228	G	791	3	794	0.00001
Biomaibacter	2770094	G	233	0	233	0.00000
Thermosediminibacter	291988	G	35	0	35	0.00000
Metallumcola	3234175	G	322	0	322	0.00000
Neomoorella	44260	G	219	1	220	0.00000
Thermanaeromonas	202949	G	40	0	40	0.00000
Zhaonella	2748674	G	187	0	187	0.00000
Natranaerobius	375928	G	258	3	261	0.00000
Natranaerofaba	2807497	G	227	0	227	0.00000
Helicovermis	3136917	G	353	0	353	0.00000
Christensenella	990721	G	299	18	317	0.00000
Monoglobus	2039302	G	275	37	312	0.00000
Koleobacter	2786989	G	166	0	166	0.00000
Anaerococcus	165779	G	1883	109	1992	0.00002
Helcococcus	31983	G	1105	74	1179	0.00001
Parvimonas	543311	G	998	91	1089	0.00001
Peptoniphilus	162289	G	827	163	990	0.00001
Finegoldia	150022	G	521	88	609	0.00001
Miniphocaeibacter	2126548	G	327	0	327	0.00000
Microaceticoccus	3421489	G	299	0	299	0.00000
Aedoeadaptatus	2981628	G	231	4	235	0.00000
Murdochiella	1161127	G	46	13	59	0.00000
Tissierella	41273	G	2507	23	2530	0.00002
Gudongella	2692382	G	64	1	65	0.00000
Schnuerera	2794837	G	772	44	816	0.00001
Keratinibaculum	1354809	G	248	12	260	0.00000
Gottschalkia	1505664	G	478	4	482	0.00000
Acidilutibacter	2992720	G	399	23	422	0.00000
Caloranaerobacter	171003	G	251	3	254	0.00000
Sporanaerobacter	165812	G	97	6	103	0.00000
Sedimentibacter	190972	G	1278	5	1283	0.00001
Ezakiella	1582879	G	181	79	260	0.00000
Megamonas	158846	G	1336	6	1342	0.00001
Selenomonas	970	G	733	2	735	0.00001
Pectinatus	864	G	567	1	568	0.00000
Selenobaculum	3074372	G	360	1	361	0.00000
Mitsuokella	52225	G	144	4	148	0.00000
Sporomusa	2375	G	2142	23	2165	0.00002
Pelosinus	365348	G	440	7	447	0.00000
Methylomusa	2093783	G	185	3	188	0.00000
Megasphaera	906	G	973	14	987	0.00001
Veillonella	29465	G	809	3	812	0.00001
Dialister	39948	G	220	2	222	0.00000
Colibacter	1980675	G	49	0	49	0.00000
Phascolarctobacterium	33024	G	1181	11	1192	0.00001
Acidaminococcus	904	G	462	7	469	0.00000
Thomasclavelia	3025755	G	1874	122	1996	0.00002
Faecalibacillus	2678885	G	858	129	987	0.00001
Catenibacterium	135858	G	451	8	459	0.00000
Tannockella	2943184	G	250	1	251	0.00000
Erysipelothrix	1647	G	924	8	932	0.00001
Amedibacterium	2749267	G	390	98	488	0.00000
Amedibacillus	2749846	G	322	103	425	0.00000
Allocoprobacillus	3059504	G	292	12	304	0.00000
Longicatena	1918536	G	260	81	341	0.00000
Holdemania	61170	G	169	26	195	0.00000
Allobaculum	174708	G	169	0	169	0.00000
Intestinibaculum	2679910	G	145	2	147	0.00000
Bulleidia	118747	G	64	3	67	0.00000
Solobacterium	123375	G	59	18	77	0.00000
Faecalibaculum	1729679	G	46	0	46	0.00000
Massilimicrobiota	1924110	G	29	164	193	0.00000
Turicibacter	191303	G	1213	49	1262	0.00001
Caldicellulosiruptor	44000	G	2389	118	2507	0.00002
Anaerocellum	32631	G	152	78	230	0.00000
Geochorda	3366854	G	157	0	157	0.00000
Carboxydichorda	3366853	G	104	0	104	0.00000
Limnochorda	1676651	G	196	0	196	0.00000
Candidatus Contubernalis	338648	G	235	153	388	0.00000
Ndongobacter	1930845	G	20	3	23	0.00000
Nostoc	1177	G	9055	381	9436	0.00008
Anabaena	1163	G	1127	622	1749	0.00001
Cylindrospermum	56106	G	178	16	194	0.00000
Trichormus	264688	G	161	18	179	0.00000
Richelia	98443	G	46	1	47	0.00000
Dolichospermum	748770	G	414	412	826	0.00001
Cylindrospermopsis	77021	G	412	25	437	0.00000
Okeanomitos	3231549	G	396	12	408	0.00000
Sphaerospermopsis	752201	G	355	10	365	0.00000
Calothrix	1186	G	969	9	978	0.00001
Halotia	1620790	G	537	12	549	0.00000
Anabaenopsis	110103	G	155	7	162	0.00000
Nodularia	159191	G	139	12	151	0.00000
Aliinostoc	2035978	G	113	15	128	0.00000
Tolypothrix	111782	G	824	11	835	0.00001
Fischerella	1190	G	677	34	711	0.00001
Rivularia	373984	G	662	1	663	0.00001
Chlorogloeopsis	1123	G	311	2	313	0.00000
Brasilonema	383614	G	110	0	110	0.00000
Cyanobacterium	102234	G	1652	28	1680	0.00001
Geminocystis	669357	G	1179	7	1186	0.00001
Picosynechococcus	3079908	G	637	9	646	0.00001
Gloeothece	28070	G	1698	12	1710	0.00001
Candidatus Atelocyanobacterium	1453359	G	421	11	432	0.00000
Crocosphaera	263510	G	395	4	399	0.00000
Rippkaea	2546365	G	127	1	128	0.00000
Microcystis	1125	G	1329	49	1378	0.00001
Gloeocapsa	102231	G	291	5	296	0.00000
Gloeocapsopsis	693222	G	97	4	101	0.00000
Halothece	76023	G	241	11	252	0.00000
Euhalothece	65097	G	78	1	79	0.00000
Planktothrix	54304	G	721	7	728	0.00001
Microcoleus	44471	G	586	150	736	0.00001
Trichodesmium	1205	G	321	0	321	0.00000
Oxynema	1492710	G	418	6	424	0.00000
Koinonema	2023214	G	360	6	366	0.00000
Phormidium	1198	G	286	133	419	0.00000
Planktothricoides	132607	G	213	6	219	0.00000
Limnospira	2596745	G	993	129	1122	0.00001
Capilliphycus	2768926	G	203	2	205	0.00000
Prochlorococcus	1218	G	5000	39	5039	0.00004
Cyanobium	167375	G	775	55	830	0.00001
Parasynechococcus	2881427	G	19	10	29	0.00000
Synechococcus	1129	G	4184	115	4299	0.00004
Synechocystis	1142	G	351	5	356	0.00000
Altericista	2855430	G	104	1	105	0.00000
Leptolyngbya	47251	G	855	185	1040	0.00001
Kovacikia	1874526	G	367	5	372	0.00000
Leptothermofonsia	2917830	G	273	10	283	0.00000
Leptodesmis	2664261	G	249	22	271	0.00000
Trichothermofontia	3045815	G	128	2	130	0.00000
Trichocoleus	450526	G	77	2	79	0.00000
Chroococcidiopsis	54298	G	1196	15	1211	0.00001
Stanieria	102115	G	654	6	660	0.00001
Pleurocapsa	44474	G	527	9	536	0.00000
Pseudanabaena	1152	G	833	9	842	0.00001
Thalassoporum	2799719	G	120	0	120	0.00000
Nodosilinea	1120752	G	452	16	468	0.00000
Halomicronema	170610	G	31	0	31	0.00000
Dactylococcopsis	13034	G	107	6	113	0.00000
Gloeobacter	33071	G	489	0	489	0.00000
Anthocerotibacter	2857076	G	78	0	78	0.00000
Thermosynechococcus	146785	G	245	2	247	0.00000
Parathermosynechococcus	3161592	G	27	0	27	0.00000
Acaryochloris	155977	G	255	1	256	0.00000
Crinalium	241421	G	302	5	307	0.00000
Chamaesiphon	217161	G	207	2	209	0.00000
Thermoleptolyngbya	2303528	G	159	70	229	0.00000
Egbenema	3079668	G	138	3	141	0.00000
Thermocoleostomius	3065395	G	59	2	61	0.00000
Moorena	1155738	G	292	1	293	0.00000
Allocoleopsis	2886347	G	50	0	50	0.00000
Desertifilum	1185872	G	210	4	214	0.00000
Geitlerinema	63132	G	28	0	28	0.00000
Gloeomargarita	1188227	G	23	517	540	0.00000
Spiroplasma	2132	G	10541	14	10555	0.00009
Mesoplasma	46239	G	1164	8	1172	0.00001
Entomoplasma	46238	G	30	0	30	0.00000
Williamsoniiplasma	2919614	G	336	1	337	0.00000
Mycoplasma	2093	G	8269	359	8628	0.00007
Candidatus Hepatoplasma	295595	G	89	0	89	0.00000
Candidatus Phytoplasma	33926	G	1589	0	1589	0.00001
Acholeplasma	2147	G	1304	7	1311	0.00001
Haploplasma	2903106	G	360	2	362	0.00000
Mariniplasma	2903100	G	279	0	279	0.00000
Candidatus Izemoplasma	2975549	G	377	0	377	0.00000
Candidatus Xianfuyuplasma	2975521	G	27	0	27	0.00000
Hujiaoplasma	3078171	G	355	5	360	0.00000
Mycoplasmopsis	2767358	G	6100	125	6225	0.00005
Metamycoplasma	2895509	G	3661	120	3781	0.00003
Mesomycoplasma	2923352	G	2560	23	2583	0.00002
Ureaplasma	2129	G	471	3	474	0.00000
Mycoplasmoides	2995234	G	395	4	399	0.00000
Malacoplasma	2791001	G	372	1	373	0.00000
Candidatus Promineifilum	1988031	G	438	0	438	0.00000
Candidatus Leptofilum	3140596	G	398	0	398	0.00000
Roseiflexus	120961	G	273	0	273	0.00000
Chloroflexus	1107	G	209	0	209	0.00000
Candidatus Chlorohelix	3139173	G	193	0	193	0.00000
Thermobaculum	262406	G	62	1	63	0.00000
Tepidiforma	2682228	G	295	0	295	0.00000
Dehalococcoides	61434	G	180	8	188	0.00000
Dehalogenimonas	670486	G	97	0	97	0.00000
Caldilinea	233191	G	273	0	273	0.00000
Pelolinea	1649478	G	163	0	163	0.00000
Anaerolinea	233189	G	46	0	46	0.00000
Candidatus Brevifilum	2019482	G	45	0	45	0.00000
Thermanaerothrix	1077886	G	10	0	10	0.00000
Ktedonosporobacter	2692417	G	210	0	210	0.00000
Phototrophicus	2922426	G	143	0	143	0.00000
Thermoflexus	1495649	G	82	0	82	0.00000
Capsulimonas	2494209	G	231	0	231	0.00000
Fimbriimonas	1005038	G	108	0	108	0.00000
Chthonomonas	1077265	G	64	0	64	0.00000
Vulcanimicrobium	3016049	G	138	0	138	0.00000
Fusobacterium	848	G	11134	48	11182	0.00010
Cetobacterium	180162	G	2155	4	2159	0.00002
Ilyobacter	167639	G	974	0	974	0.00001
Leptotrichia	32067	G	4842	21	4863	0.00004
Sebaldella	32068	G	645	0	645	0.00001
Sneathia	168808	G	376	1	377	0.00000
Streptobacillus	34104	G	297	3	300	0.00000
Pseudoleptotrichia	2755140	G	278	0	278	0.00000
Haliovirga	3072462	G	444	0	444	0.00000
Deinococcus	1298	G	6318	4	6322	0.00005
Thermus	270	G	579	3	582	0.00000
Meiothermus	65551	G	235	1	236	0.00000
Oceanithermus	208447	G	161	0	161	0.00000
Allomeiothermus	2935559	G	62	0	62	0.00000
Marinithermus	186191	G	30	0	30	0.00000
Truepera	332248	G	102	0	102	0.00000
Marinitoga	160798	G	1089	0	1089	0.00001
Oceanotoga	1255275	G	586	2	588	0.00001
Tepiditoga	2778400	G	559	1	560	0.00000
Defluviitoga	1511648	G	516	14	530	0.00000
Petrotoga	28236	G	225	1	226	0.00000
Thermosipho	2420	G	914	17	931	0.00001
Fervidobacterium	2422	G	699	5	704	0.00001
Thermotoga	2335	G	917	2	919	0.00001
Pseudothermotoga	1643951	G	301	2	303	0.00000
Mesotoga	1184396	G	132	0	132	0.00000
Kosmotoga	651456	G	122	0	122	0.00000
Athalassotoga	1769718	G	168	0	168	0.00000
Aminobacterium	81466	G	648	0	648	0.00001
Fretibacterium	1434006	G	38	0	38	0.00000
Pyramidobacter	638847	G	234	0	234	0.00000
Jonquetella	428711	G	44	0	44	0.00000
Cloacibacillus	508459	G	123	0	123	0.00000
Aminomonas	81411	G	80	0	80	0.00000
Thermanaerovibrio	81461	G	20	0	20	0.00000
Aminirod	3415218	G	16	85	101	0.00000
Candidatus Absconditicoccus	2900570	G	288	0	288	0.00000
Candidatus Bipolaricaulis	2250122	G	163	0	163	0.00000
Candidatus Nanosynbacter	2093823	G	95	38	133	0.00000
Candidatus Chromulinivorax	2953757	G	75	0	75	0.00000
Candidatus Babela	1551504	G	61	0	61	0.00000
Minisyncoccus	3238478	G	82	0	82	0.00000
Candidatus Chazhemtobacterium	2715734	G	25	0	25	0.00000
Candidatus Fervidibacter	1448928	G	72	0	72	0.00000
Persicimonas	2766927	G	294	0	294	0.00000
Bradymonas	1779136	G	182	0	182	0.00000
Microvenator	2946507	G	65	0	65	0.00000
Dissulfurimicrobium	1769732	G	23	0	23	0.00000
Homo	9605	G	8994148	104038	9098186	0.07771
Fusarium	5506	G	11355	1005	12360	0.00011
Trichoderma	5543	G	3848	427	4275	0.00004
Ustilaginoidea	124426	G	1420	48	1468	0.00001
Pochonia	243023	G	1282	17	1299	0.00001
Metarhizium	5529	G	780	8	788	0.00001
Purpureocillium	1052105	G	1084	87	1171	0.00001
Drechmeria	98402	G	877	17	894	0.00001
Akanthomyces	150366	G	904	45	949	0.00001
Colletotrichum	5455	G	4575	524	5099	0.00004
Neurospora	5140	G	2643	129	2772	0.00002
Sordaria	5146	G	1180	269	1449	0.00001
Podospora	5144	G	2249	71	2320	0.00002
Thermothelomyces	1920207	G	1101	35	1136	0.00001
Thermothielavioides	2609811	G	1063	64	1127	0.00001
Remersonia	72143	G	1201	58	1259	0.00001
Pyricularia	48558	G	4464	16	4480	0.00004
Botrytis	33196	G	9482	320	9802	0.00008
Aspergillus	5052	G	6450	117	6567	0.00006
Penicillium	5073	G	2765	165	2930	0.00003
Talaromyces	5094	G	2759	155	2914	0.00002
Coccidioides	5500	G	1096	95	1191	0.00001
Pyrenophora	5027	G	1074	160	1234	0.00001
Alternaria	5598	G	587	17	604	0.00001
Ascochyta	5453	G	1191	71	1262	0.00001
Fulvia	2897311	G	679	38	717	0.00001
Zymoseptoria	1047167	G	613	25	638	0.00001
Cercospora	29002	G	591	112	703	0.00001
Saccharomyces	4930	G	4395	173	4568	0.00004
Naumovozyma	278028	G	2920	111	3031	0.00003
Henningerozyma	3163253	G	2228	164	2392	0.00002
Eremothecium	33170	G	1656	851	2507	0.00002
Kazachstania	71245	G	1446	49	1495	0.00001
Kluyveromyces	4910	G	1445	134	1579	0.00001
Tetrapisispora	113604	G	1345	49	1394	0.00001
Zygosaccharomyces	4953	G	1294	107	1401	0.00001
Torulaspora	4948	G	984	79	1063	0.00001
Nakaseomyces	374468	G	896	157	1053	0.00001
Huiozyma	3163251	G	827	38	865	0.00001
Zygotorulaspora	1196389	G	780	142	922	0.00001
Lachancea	300275	G	607	46	653	0.00001
Saccharomycodes	36034	G	1750	375	2125	0.00002
Candida	5475	G	6006	240	6246	0.00005
Lodderomyces	36913	G	3815	1163	4978	0.00004
Scheffersomyces	766733	G	912	51	963	0.00001
Debaryomyces	4958	G	905	5	910	0.00001
Yamadazyma	766765	G	726	239	965	0.00001
Australozyma	3300567	G	1413	26	1439	0.00001
Candidozyma	3303203	G	377	42	419	0.00000
Pichia	4919	G	1687	175	1862	0.00002
Brettanomyces	13366	G	1488	249	1737	0.00001
Komagataella	460517	G	631	1	632	0.00001
Ogataea	461281	G	439	34	473	0.00000
Sugiyamaella	410829	G	906	287	1193	0.00001
Yarrowia	4951	G	510	1	511	0.00000
Schizosaccharomyces	4895	G	2848	350	3198	0.00003
Kwoniella	490731	G	13724	1861	15585	0.00013
Cryptococcus	5206	G	4509	810	5319	0.00005
Cutaneotrichosporon	1838142	G	965	54	1019	0.00001
Vanrija	1851468	G	569	53	622	0.00001
Psilocybe	71950	G	1856	57	1913	0.00002
Marasmius	34448	G	1203	57	1260	0.00001
Rhizoctonia	1322061	G	2014	41	2055	0.00002
Puccinia	5296	G	7872	466	8338	0.00007
Mycosarcoma	2689624	G	892	13	905	0.00001
Sporisorium	63265	G	486	185	671	0.00001
Malassezia	55193	G	1420	142	1562	0.00001
Rhizophagus	1129544	G	18427	1097	19524	0.00017
Vairimorpha	6038	G	1632	19	1651	0.00001
Encephalitozoon	6033	G	411	0	411	0.00000
Plasmodium	5820	G	36823	1192	38015	0.00032
Theileria	5873	G	3094	256	3350	0.00003
Babesia	5864	G	2383	64	2447	0.00002
Toxoplasma	5810	G	1551	494	2045	0.00002
Neospora	29175	G	1374	4	1378	0.00001
Besnoitia	94642	G	1203	65	1268	0.00001
Cryptosporidium	5806	G	1323	189	1512	0.00001
Paramecium	5884	G	96	0	96	0.00000
Bremia	4778	G	2068	0	2068	0.00002
Thalassiosira	35127	G	1067	79	1146	0.00001
Phaeodactylum	2849	G	660	10	670	0.00001
Bigelowiella	227085	G	132	0	132	0.00000
Leishmania	5658	G	13931	1988	15919	0.00014
Porcisia	2761499	G	1310	330	1640	0.00001
Trypanosoma	5690	G	2460	344	2804	0.00002
Naegleria	5761	G	41	0	41	0.00000
Trichomonas	5721	G	8044	0	8044	0.00007
Spironucleus	39709	G	1611	0	1611	0.00001
Giardia	5740	G	236	0	236	0.00000
Dictyostelium	5782	G	5747	9	5756	0.00005
Hemiselmis	77924	G	383	0	383	0.00000
Cryptomonas	3030	G	80	0	80	0.00000
Guillardia	55528	G	399	14	413	0.00000
Halorubrum	56688	G	1358	117	1475	0.00001
Halobaculum	43927	G	1184	77	1261	0.00001
Haloplanus	376170	G	832	90	922	0.00001
Haloferax	2251	G	456	2	458	0.00000
Haloprofundus	1911573	G	396	11	407	0.00000
Halorarum	3163375	G	343	15	358	0.00000
Haloquadratum	293431	G	247	0	247	0.00000
Halobellus	1073986	G	212	28	240	0.00000
Salinigranum	1644057	G	206	3	209	0.00000
Halogeometricum	60846	G	159	1	160	0.00000
Salinirarus	3415185	G	143	25	168	0.00000
Halolamina	1075397	G	121	15	136	0.00000
Halalkaliarchaeum	2678343	G	111	1	112	0.00000
Halohasta	1450140	G	82	23	105	0.00000
Halopenitus	1209988	G	78	0	78	0.00000
Natrinema	88723	G	1058	141	1199	0.00001
Haloterrigena	121871	G	405	71	476	0.00000
Halovivax	332951	G	391	9	400	0.00000
Natronococcus	29287	G	346	26	372	0.00000
Natronorubrum	134813	G	318	54	372	0.00000
Natronosalvus	3076685	G	306	14	320	0.00000
Halosolutus	2993618	G	260	26	286	0.00000
Halovalidus	3383206	G	259	15	274	0.00000
Natrarchaeobaculum	2765402	G	232	37	269	0.00000
Halomontanus	3125902	G	221	7	228	0.00000
Salinilacihabitans	3065676	G	195	24	219	0.00000
Natronobacterium	2256	G	137	54	191	0.00000
Natronobeatus	3065678	G	135	52	187	0.00000
Natrialba	63742	G	132	26	158	0.00000
Halopiger	387342	G	126	23	149	0.00000
Natribaculum	1699375	G	79	23	102	0.00000
Natrononativus	3065677	G	79	3	82	0.00000
Halostagnicola	353799	G	31	1	32	0.00000
Haloarcula	2237	G	1438	60	1498	0.00001
Halosimplex	171163	G	732	45	777	0.00001
Halorientalis	1073987	G	443	54	497	0.00000
Halomicrobium	203135	G	415	5	420	0.00000
Halorhabdus	146825	G	217	4	221	0.00000
Halapricum	1542963	G	207	3	210	0.00000
Salinibaculum	2732368	G	138	9	147	0.00000
Halococcoides	2907507	G	131	0	131	0.00000
Halovenus	1377992	G	82	1	83	0.00000
Natronomonas	63743	G	776	44	820	0.00001
Haloglomus	2806252	G	481	37	518	0.00000
Halorarius	3056835	G	345	39	384	0.00000
Halomarina	871740	G	324	1	325	0.00000
Salinirubellus	2162630	G	313	3	316	0.00000
Halosegnis	2841540	G	101	0	101	0.00000
Halocatena	2907493	G	94	0	94	0.00000
Halorussus	1070314	G	741	52	793	0.00001
Haladaptatus	367188	G	460	0	460	0.00000
Halomicrococcus	2614447	G	140	2	142	0.00000
Halobacterium	2239	G	564	60	624	0.00001
Halanaeroarchaeum	1656823	G	138	0	138	0.00000
Halospeciosus	3116496	G	84	10	94	0.00000
Salarchaeum	1075398	G	74	10	84	0.00000
Halodesulfurarchaeum	1980514	G	70	0	70	0.00000
Halarchaeum	744724	G	54	0	54	0.00000
Halococcus	2249	G	426	0	426	0.00000
Halalkalicoccus	332246	G	111	0	111	0.00000
Salinarchaeum	1269201	G	211	0	211	0.00000
Natranaeroarchaeum	2917705	G	54	0	54	0.00000
Natronorarus	3386557	G	202	0	202	0.00000
Haloarchaeobius	1269031	G	71	0	71	0.00000
Methanosarcina	2207	G	4585	4	4589	0.00004
Methanolobus	2220	G	1206	5	1211	0.00001
Methanolapillus	3136068	G	504	11	515	0.00000
Methanomethylovorans	101191	G	414	0	414	0.00000
Methanimicrococcus	91559	G	409	2	411	0.00000
Methanococcoides	2225	G	253	2	255	0.00000
Methanohalobium	2321	G	211	0	211	0.00000
Methanohalophilus	2175	G	210	1	211	0.00000
Methanosalsum	196136	G	73	0	73	0.00000
Methanoplanus	2314	G	482	0	482	0.00000
Methanofollis	81416	G	336	1	337	0.00000
Methanoculleus	45989	G	200	0	200	0.00000
Methanomicrobium	2204	G	195	1	196	0.00000
Methanogenium	2195	G	113	0	113	0.00000
Methanochimaera	3385476	G	107	1	108	0.00000
Methanolacinia	230355	G	38	0	38	0.00000
Methanospirillum	2202	G	265	2	267	0.00000
Methanosphaerula	475087	G	104	1	105	0.00000
Methanoregula	395331	G	56	0	56	0.00000
Methanocorpusculum	2192	G	40	0	40	0.00000
Methanocella	570266	G	321	3	324	0.00000
Methanothrix	2222	G	83	0	83	0.00000
Methanobrevibacter	2172	G	2499	7	2506	0.00002
Methanobacterium	2160	G	1755	7	1762	0.00002
Methanosphaera	2316	G	1067	2	1069	0.00001
Methanothermobacter	145260	G	103	0	103	0.00000
Methanocaldococcus	196118	G	1486	21	1507	0.00001
Methanotorris	196119	G	86	0	86	0.00000
Methanococcus	2184	G	849	35	884	0.00001
Methanothermococcus	155862	G	508	43	551	0.00000
Methanofervidicoccus	2607661	G	29	0	29	0.00000
Methanopyrus	2319	G	79	0	79	0.00000
Thermococcus	2263	G	1225	0	1225	0.00001
Pyrococcus	2260	G	314	0	314	0.00000
Palaeococcus	83867	G	10	0	10	0.00000
Archaeoglobus	2233	G	371	0	371	0.00000
Geoglobus	190818	G	78	0	78	0.00000
Ferroglobus	54260	G	30	0	30	0.00000
Methanonatronarchaeum	2022711	G	146	4	150	0.00000
Candidatus Methanoliparum	2545692	G	106	0	106	0.00000
Ferroplasma	74968	G	371	0	371	0.00000
Acidiplasma	507753	G	115	0	115	0.00000
Picrophilus	46631	G	309	0	309	0.00000
Oxyplasma	3373586	G	95	0	95	0.00000
Thermoplasma	2302	G	66	0	66	0.00000
Cuniculiplasma	1747777	G	129	0	129	0.00000
Methanomassiliicoccus	1080709	G	398	0	398	0.00000
Candidatus Methanoplasma	1607807	G	92	0	92	0.00000
Methanomethylophilus	1291539	G	29	0	29	0.00000
Candidatus Aciduliprofundum	379546	G	186	0	186	0.00000
Acidianus	12914	G	1350	7	1357	0.00001
Saccharolobus	2100760	G	1319	53	1372	0.00001
Sulfurisphaera	69655	G	818	7	825	0.00001
Sulfolobus	2284	G	230	35	265	0.00000
Stygiolobus	41674	G	186	0	186	0.00000
Metallosphaera	41980	G	177	8	185	0.00000
Sulfuracidifex	2705406	G	46	0	46	0.00000
Sulfodiicoccus	2017961	G	17	0	17	0.00000
Staphylothermus	2279	G	137	0	137	0.00000
Thermogladius	477695	G	133	2	135	0.00000
Ignicoccus	54258	G	118	0	118	0.00000
Aeropyrum	56635	G	26	0	26	0.00000
Desulfurococcus	2273	G	19	0	19	0.00000
Thermosphaera	54253	G	11	0	11	0.00000
Hyperthermus	54247	G	50	0	50	0.00000
Pyrolobus	54251	G	44	0	44	0.00000
Pyrodictium	2308	G	37	0	37	0.00000
Pyrobaculum	2276	G	232	6	238	0.00000
Vulcanisaeta	164450	G	180	1	181	0.00000
Thermoproteus	2270	G	140	4	144	0.00000
Thermofilum	2268	G	147	0	147	0.00000
Infirmifilum	2856573	G	110	0	110	0.00000
Caldisphaera	200414	G	169	1	170	0.00000
Acidilobus	105850	G	31	0	31	0.00000
Fervidicoccus	685950	G	161	2	163	0.00000
Candidatus Korarchaeum	498845	G	23	0	23	0.00000
Nitrosopumilus	338191	G	1440	1	1441	0.00001
Nitrosarchaeum	1007082	G	262	0	262	0.00000
Candidatus Nitrosocosmicus	1826864	G	817	0	817	0.00001
Nitrososphaera	497726	G	206	0	206	0.00000
Nitrosotalea	1078904	G	41	0	41	0.00000
Candidatus Nitrosocaldus	498374	G	30	0	30	0.00000
Candidatus Nitrosopelagicus	1593364	G	124	0	124	0.00000
Candidatus Nitrosotenuis	1825023	G	68	0	68	0.00000
Conexivisphaera	2613912	G	35	0	35	0.00000
Candidatus Lokiarchaeum	1655637	G	563	0	563	0.00000
Promethearchaeum	3366645	G	466	0	466	0.00000
Candidatus Nanohalobium	2856051	G	43	2	45	0.00000
Nanobdella	2974824	G	34	0	34	0.00000
Candidatus Mancarchaeum	2490204	G	21	0	21	0.00000
Minunavirus	2560178	G	2075	0	2075	0.00002
Gaprivervirus	1913654	G	168	8	176	0.00000
Tegunavirus	1921704	G	94	0	94	0.00000
Tequatrovirus	10663	G	60	9	69	0.00000
Kanagawavirus	2843399	G	41	0	41	0.00000
Gelderlandvirus	1913653	G	14	0	14	0.00000
Jiaodavirus	1985325	G	10	0	10	0.00000
Lazarusvirus	2842820	G	25	0	25	0.00000
Zedzedvirus	2843159	G	19	0	19	0.00000
Jiangsuvirus	2948770	G	45	0	45	0.00000
Bragavirus	2948639	G	32	0	32	0.00000
Schizotequatrovirus	1198137	G	24	0	24	0.00000
Tulanevirus	2560244	G	18	0	18	0.00000
Mylasvirus	2948831	G	16	0	16	0.00000
Scyllavirus	3044815	G	91	13	104	0.00000
Galenevirus	2948714	G	44	0	44	0.00000
Mazuvirus	2733113	G	35	0	35	0.00000
Tamkungvirus	2733133	G	32	0	32	0.00000
Ormenosvirus	2948849	G	29	0	29	0.00000
Alisovirus	2946789	G	29	0	29	0.00000
Shandvirus	2948904	G	26	0	26	0.00000
Vellamovirus	2733139	G	23	0	23	0.00000
Makaravirus	3044754	G	22	1	23	0.00000
Neritesvirus	2948838	G	19	4	23	0.00000
Thaumasvirus	2733136	G	18	0	18	0.00000
Ronodorvirus	2843447	G	15	0	15	0.00000
Nodensvirus	2733120	G	15	0	15	0.00000
Serangoonvirus	3044820	G	14	0	14	0.00000
Anaposvirus	2733090	G	14	0	14	0.00000
Brizovirus	2733098	G	11	0	11	0.00000
Kujavirus	2841277	G	38	0	38	0.00000
Campanilevirus	2841276	G	24	0	24	0.00000
Kozievirus	3152961	G	656	0	656	0.00001
Afonbuvirus	2942989	G	223	0	223	0.00000
Buchavirus	2942994	G	39	0	39	0.00000
Burzaovirus	2948645	G	33	0	33	0.00000
Cohcovirus	2942991	G	21	0	21	0.00000
Birpovirus	2946830	G	20	0	20	0.00000
Paundivirus	2942981	G	52	1	53	0.00000
Mahlunavirus	2948812	G	24	0	24	0.00000
Mahstovirus	2948813	G	22	0	22	0.00000
Wulfhauvirus	2942982	G	14	0	14	0.00000
Kolpuevirus	2948787	G	14	0	14	0.00000
Whopevirus	2948952	G	40	0	40	0.00000
Donnerlittchenvirus	3152600	G	267	0	267	0.00000
Xooduovirus	2948956	G	22	1	23	0.00000
Wphvirus	1922327	G	54	0	54	0.00000
Caeruleovirus	1911929	G	19	0	19	0.00000
Matervirus	2842856	G	16	0	16	0.00000
Baoshanvirus	2732969	G	27	0	27	0.00000
Siminovitchvirus	1918721	G	19	0	19	0.00000
Schiekvirus	2732968	G	34	0	34	0.00000
Pecentumvirus	1857844	G	30	0	30	0.00000
Watanabevirus	2843129	G	25	0	25	0.00000
Efquatrovirus	2560124	G	189	0	189	0.00000
Faustvirus	3044714	G	143	1	144	0.00000
Samistivirus	2560220	G	30	0	30	0.00000
Daemvirus	2731672	G	21	0	21	0.00000
Chosvirus	2731934	G	32	0	32	0.00000
Votkovvirus	2731987	G	31	0	31	0.00000
Berlinvirus	2732677	G	16	0	16	0.00000
Foussvirus	2731939	G	18	0	18	0.00000
Voetvirus	2731986	G	11	0	11	0.00000
Fletchervirus	1636618	G	140	0	140	0.00000
Firehammervirus	1636617	G	20	0	20	0.00000
Alexandravirus	2733088	G	157	0	157	0.00000
Woodruffvirus	1982745	G	146	0	146	0.00000
Wroclawvirus	3044857	G	121	0	121	0.00000
Agricanvirus	1984776	G	40	0	40	0.00000
Meadowvirus	3044758	G	18	0	18	0.00000
Ferozepurvirus	3044715	G	16	0	16	0.00000
Machinavirus	2169624	G	11	0	11	0.00000
Tequintavirus	187218	G	79	1	80	0.00000
Jacunavirus	2943009	G	54	0	54	0.00000
Dunedinvirus	2943004	G	13	0	13	0.00000
Sophritavirus	3044834	G	41	10	51	0.00000
Natevirus	3044772	G	18	1	19	0.00000
Tsamsavirus	3044849	G	15	0	15	0.00000
Rogunavirus	1920866	G	27	0	27	0.00000
Tlsvirus	1920865	G	28	0	28	0.00000
Moineauvirus	1623304	G	37	15	52	0.00000
Brussowvirus	1623303	G	25	8	33	0.00000
Hawkeyevirus	2169612	G	79	0	79	0.00000
Vividuovirus	2560251	G	61	0	61	0.00000
Mooglevirus	1985303	G	66	0	66	0.00000
Pacinivirus	2842934	G	15	0	15	0.00000
Pylasvirus	2842993	G	12	0	12	0.00000
Polybotosvirus	2560207	G	63	0	63	0.00000
Haetaevirus	3044726	G	50	0	50	0.00000
Kirovvirus	3044745	G	11	0	11	0.00000
Rockefellervirus	2843445	G	58	4	62	0.00000
Shandongvirus	2843454	G	58	0	58	0.00000
Audreyjarvisvirus	2843351	G	55	0	55	0.00000
Anayavirus	2946797	G	25	0	25	0.00000
Fionnbharthvirus	2948708	G	10	0	10	0.00000
Dismasvirus	2560122	G	50	0	50	0.00000
Northamptonvirus	3044777	G	44	0	44	0.00000
Caelumvirus	2948647	G	19	0	19	0.00000
Janusvirus	2948769	G	16	0	16	0.00000
Takahashivirus	2843463	G	43	0	43	0.00000
Quhwahvirus	2733202	G	24	0	24	0.00000
Metamorphoovirus	2733195	G	11	0	11	0.00000
Skunavirus	1623305	G	40	0	40	0.00000
Bertelyvirus	2733152	G	28	0	28	0.00000
Sashavirus	2733210	G	37	1	38	0.00000
Attisvirus	2169652	G	34	0	34	0.00000
Latrobevirus	2843415	G	34	0	34	0.00000
Gesputvirus	2560138	G	17	0	17	0.00000
Nekkelsvirus	2948836	G	21	0	21	0.00000
Cellubavirus	2948657	G	10	0	10	0.00000
Jujuvirus	2948772	G	32	0	32	0.00000
Fromanvirus	186764	G	31	0	31	0.00000
Yangvirus	2733221	G	24	0	24	0.00000
Mimasvirus	2560176	G	29	0	29	0.00000
Roslyckyvirus	3044807	G	29	0	29	0.00000
Veracruzvirus	2948946	G	27	0	27	0.00000
Cheoctovirus	1623281	G	17	2	19	0.00000
Plateaulakevirus	2843436	G	27	0	27	0.00000
Aobingvirus	3044659	G	26	0	26	0.00000
Rivsvirus	3044804	G	26	0	26	0.00000
Ravarandavirus	2843444	G	26	0	26	0.00000
Aceathervirus	3153001	G	25	0	25	0.00000
Midgardsormrvirus	3044764	G	24	0	24	0.00000
Fipvunavirus	2560132	G	24	0	24	0.00000
Sextaecvirus	1922243	G	24	0	24	0.00000
Homburgvirus	1921125	G	24	0	24	0.00000
Chakrabartyvirus	2560113	G	23	0	23	0.00000
Piorkowskivirus	3044792	G	23	2	25	0.00000
Ittyvirus	3044742	G	22	0	22	0.00000
Immutovirus	2948764	G	22	0	22	0.00000
Kenyattavirus	3044744	G	22	0	22	0.00000
Eurybiavirus	2733104	G	22	0	22	0.00000
Wildcatvirus	1993858	G	12	0	12	0.00000
Vipetofemvirus	2948949	G	12	0	12	0.00000
Turbidovirus	2948936	G	20	0	20	0.00000
Wbetavirus	1623308	G	20	0	20	0.00000
Ceduovirus	186532	G	18	0	18	0.00000
Muminvirus	2843426	G	18	38	56	0.00000
Lightbulbvirus	1918522	G	18	0	18	0.00000
Obolenskvirus	1915205	G	17	0	17	0.00000
Squashvirus	2733215	G	17	0	17	0.00000
Eneladusvirus	2560128	G	16	0	16	0.00000
Cuauhnahuacvirus	3044696	G	16	0	16	0.00000
Certrevirus	1914850	G	10	0	10	0.00000
Dpdavirus	2948682	G	15	0	15	0.00000
Nevevirus	2843430	G	14	0	14	0.00000
Trinevirus	2733218	G	14	0	14	0.00000
Omegavirus	1623292	G	14	0	14	0.00000
Cinunavirus	2560117	G	14	0	14	0.00000
Hafyongvirus	3152967	G	14	0	14	0.00000
Efemunavirus	3153270	G	13	0	13	0.00000
Terapinvirus	2733216	G	12	0	12	0.00000
Skogvirus	2948911	G	12	0	12	0.00000
Pavtokvirus	3044786	G	12	0	12	0.00000
Justusliebigvirus	2948775	G	11	0	11	0.00000
Rimavirus	2560214	G	11	0	11	0.00000
Saintgironsvirus	2843448	G	10	0	10	0.00000
Pepyhexavirus	1982367	G	10	0	10	0.00000
Slashvirus	1921709	G	10	0	10	0.00000
Proboscivirus	548689	G	305	0	305	0.00000
Roseolovirus	40272	G	52	0	52	0.00000
Cytomegalovirus	10358	G	29	0	29	0.00000
Muromegalovirus	10365	G	11	0	11	0.00000
Percavirus	548688	G	35	27	62	0.00000
Lymphocryptovirus	10375	G	26	0	26	0.00000
Macavirus	548687	G	24	0	24	0.00000
Rhadinovirus	10379	G	19	0	19	0.00000
Varicellovirus	10319	G	50	0	50	0.00000
Simplexvirus	10294	G	45	0	45	0.00000
Mardivirus	180252	G	24	0	24	0.00000
Cyvirus	3044698	G	18	0	18	0.00000
Ostreavirus	548686	G	17	0	17	0.00000
Mimivirus	315393	G	730	12	742	0.00001
Moumouvirus	3080801	G	397	9	406	0.00000
Tupanvirus	2094720	G	337	0	337	0.00000
Megavirus	3044761	G	238	1	239	0.00000
Cotonvirus	3044693	G	190	1	191	0.00000
Fadolivirus	2763561	G	162	0	162	0.00000
Theiavirus	3044842	G	70	0	70	0.00000
Rheavirus	3044800	G	22	14	36	0.00000
Biavirus	3044674	G	258	0	258	0.00000
Kratosvirus	3044747	G	49	0	49	0.00000
Marseillevirus	1513458	G	273	0	273	0.00000
Losannavirus	3152990	G	89	0	89	0.00000
Iridovirus	10487	G	155	0	155	0.00000
Chloriridovirus	10491	G	28	0	28	0.00000
Decapodiridovirus	2560120	G	24	0	24	0.00000
Megalocytivirus	308906	G	17	0	17	0.00000
Ranavirus	10492	G	12	0	12	0.00000
Ascovirus	43680	G	18	0	18	0.00000
Alphaorpheovirus	3153020	G	205	0	205	0.00000
Prasinovirus	181084	G	82	0	82	0.00000
Prymnesiovirus	181086	G	58	0	58	0.00000
Coccolithovirus	346673	G	58	0	58	0.00000
Chlorovirus	181083	G	53	12	65	0.00000
Orthopoxvirus	10242	G	146	1	147	0.00000
Parapoxvirus	10257	G	80	0	80	0.00000
Avipoxvirus	10260	G	66	0	66	0.00000
Cervidpoxvirus	573055	G	49	0	49	0.00000
Oryzopoxvirus	2733297	G	46	42	88	0.00000
Yatapoxvirus	10282	G	35	0	35	0.00000
Centapoxvirus	2005509	G	35	0	35	0.00000
Pteropopoxvirus	2733298	G	24	0	24	0.00000
Capripoxvirus	10265	G	20	0	20	0.00000
Crocodylidpoxvirus	1285599	G	17	0	17	0.00000
Vespertilionpoxvirus	2733301	G	14	0	14	0.00000
Betaentomopoxvirus	10286	G	58	50	108	0.00000
Alphaentomopoxvirus	62098	G	24	0	24	0.00000
Epsilonentomopoxvirus	3152696	G	23	0	23	0.00000
Deltaentomopoxvirus	2733302	G	14	0	14	0.00000
Asfivirus	39743	G	447	0	447	0.00000
Barthadenovirus	3152491	G	107	0	107	0.00000
Mastadenovirus	10509	G	85	0	85	0.00000
Siadenovirus	129876	G	51	0	51	0.00000
Sputnikvirus	1932924	G	21	1	22	0.00000
Alphaturrivirus	1511859	G	18	0	18	0.00000
Betabaculovirus	558017	G	757	0	757	0.00001
Alphabaculovirus	558016	G	625	0	625	0.00001
Gammanudivirus	2842693	G	72	0	72	0.00000
Alphanudivirus	1511853	G	48	0	48	0.00000
Betanudivirus	1511854	G	35	0	35	0.00000
Deltanudivirus	2842638	G	35	0	35	0.00000
Muscavirus	1285593	G	54	0	54	0.00000
Glossinavirus	1285591	G	13	0	13	0.00000
Bracoviriform	2946836	G	217	0	217	0.00000
Ledantevirus	1978532	G	96	0	96	0.00000
Sigmavirus	1308858	G	28	0	28	0.00000
Siniperhavirus	2948908	G	18	0	18	0.00000
Betanucleorhabdovirus	2733248	G	20	0	20	0.00000
Alphanucleorhabdovirus	2733245	G	10	0	10	0.00000
Arlivirus	1884456	G	41	0	41	0.00000
Demapteravirus	2842640	G	11	0	11	0.00000
Goukovirus	1980420	G	131	0	131	0.00000
Orthobunyavirus	11572	G	60	0	60	0.00000
Orthophasmavirus	1980538	G	17	16	33	0.00000
Megrivirus	1330069	G	36	0	36	0.00000
Kobuvirus	194960	G	28	0	28	0.00000
Gruhelivirus	2733273	G	11	0	11	0.00000
Nepovirus	12270	G	79	0	79	0.00000
Kusarnavirus	2560164	G	21	0	21	0.00000
Norovirus	142786	G	19	7	26	0.00000
Vebetovirus	2948945	G	21	0	21	0.00000
Infratovirus	2508243	G	12	0	12	0.00000
Alphacoronavirus	693996	G	15	14	29	0.00000
Amalgavirus	1511861	G	21	0	21	0.00000
Betafusarivirus	2946823	G	20	0	20	0.00000
Potyvirus	12195	G	28	91	119	0.00000
Alphaendornavirus	2003394	G	36	0	36	0.00000
Velarivirus	1513308	G	24	0	24	0.00000
Trichovirus	40276	G	36	0	36	0.00000
Vitivirus	184751	G	21	0	21	0.00000
Allexivirus	140568	G	16	0	16	0.00000
Rotavirus	10912	G	20	0	20	0.00000
Fijivirus	10988	G	13	0	13	0.00000
Chrysovirus	11014	G	16	0	16	0.00000
Hodnevirus	3153200	G	37	0	37	0.00000
Cavemovirus	186533	G	33	0	33	0.00000
Caulimovirus	10639	G	25	0	25	0.00000
Soymovirus	187214	G	13	0	13	0.00000
Lentivirus	11646	G	51	0	51	0.00000
Pandoravirus	2060084	G	527	0	527	0.00000
Alphapithovirus	3153073	G	46	0	46	0.00000
Nanovirus	104766	G	37	0	37	0.00000
Circovirus	39725	G	24	6	30	0.00000
Begomovirus	10814	G	32	0	32	0.00000
Citlodavirus	2842607	G	17	0	17	0.00000
Epsilonpapillomavirus	325459	G	50	0	50	0.00000
Alphapapillomavirus	333750	G	24	0	24	0.00000
Protoambidensovirus	2733228	G	18	2	20	0.00000
Betapleolipovirus	1911605	G	24	0	24	0.00000
Japarudivirus	2842772	G	33	0	33	0.00000
Usarudivirus	2843109	G	15	0	15	0.00000
