name	taxonomy_id	taxonomy_lvl	kraken_assigned_reads	added_reads	new_est_reads	fraction_total_reads
Citrobacter	544	G	49305822	1313116	50618938	0.64592
Buttiauxella	82976	G	1563281	4137	1567418	0.02000
Klebsiella	570	G	1289728	77265	1366993	0.01744
Escherichia	561	G	575395	704820	1280215	0.01634
Enterobacter	547	G	399458	33772	433230	0.00553
Salmonella	590	G	142970	75885	218855	0.00279
Dryocola	3021684	G	86598	438	87036	0.00111
Cedecea	158483	G	68796	257	69053	0.00088
Kosakonia	1330547	G	66142	603	66745	0.00085
Leclercia	83654	G	38902	1127	40029	0.00051
Cronobacter	413496	G	36631	219	36850	0.00047
Kluyvera	579	G	34604	594	35198	0.00045
Lelliottia	1330545	G	24701	360	25061	0.00032
Pseudocitrobacter	1504576	G	13271	372	13643	0.00017
Phytobacter	447792	G	12925	1837	14762	0.00019
Siccibacter	1649298	G	11391	50	11441	0.00015
Atlantibacter	1903434	G	10847	135	10982	0.00014
Franconibacter	1649295	G	9269	17	9286	0.00012
Scandinavium	2726810	G	8361	32	8393	0.00011
Mangrovibacter	451512	G	7662	121	7783	0.00010
Pluralibacter	1330546	G	7537	82	7619	0.00010
Plesiomonas	702	G	7473	36	7509	0.00010
Superficieibacter	2303321	G	6476	35	6511	0.00008
Yokenella	158876	G	6085	86	6171	0.00008
Symbiopectobacterium	801	G	2965	10	2975	0.00004
Candidatus Williamhamiltonella	568987	G	310	0	310	0.00000
Candidatus Regiella	568988	G	224	327	551	0.00001
Candidatus Blochmanniella	203804	G	393	0	393	0.00001
Candidatus Westeberhardia	1699619	G	34	0	34	0.00000
Candidatus Doolittlea	1906657	G	178	1	179	0.00000
Candidatus Hartigia	1449912	G	112	0	112	0.00000
Candidatus Hoaglandella	1906659	G	94	0	94	0.00000
Candidatus Gullanella	1906661	G	88	0	88	0.00000
Candidatus Mikella	1906660	G	58	2	60	0.00000
Candidatus Annandia	1302410	G	42	28	70	0.00000
Candidatus Purcelliella	472825	G	26	0	26	0.00000
Candidatus Tachikawaea	1682492	G	11	0	11	0.00000
Trabulsiella	158851	G	4641	88	4729	0.00006
Pseudescherichia	2055880	G	4355	106	4461	0.00006
Shigella	620	G	3820	12815	16635	0.00021
Jejuibacter	2815296	G	3546	4	3550	0.00005
Shimwellia	1335483	G	3458	478	3936	0.00005
Candidatus Gillettellia	1177217	G	179	0	179	0.00000
Candidatus Profftia	1177214	G	164	0	164	0.00000
Candidatus Ishikawella	409304	G	152	0	152	0.00000
Candidatus Moranella	1048757	G	57	0	57	0.00000
Candidatus Curculioniphilus	690591	G	37	0	37	0.00000
Candidatus Riesia	401618	G	30	0	30	0.00000
Candidatus Schneideria	1081630	G	25	0	25	0.00000
Candidatus Psyllophila	3682497	G	15	0	15	0.00000
Serratia	613	G	4313220	53488	4366708	0.05572
Yersinia	629	G	110606	1924	112530	0.00144
Rahnella	34037	G	40919	309	41228	0.00053
Chania	1745211	G	27309	189	27498	0.00035
Gibbsiella	929812	G	7458	39	7497	0.00010
Rouxiella	1565532	G	4279	29	4308	0.00005
Ewingella	41201	G	3314	28	3342	0.00004
Nissabacter	1964366	G	1688	8	1696	0.00002
Chimaeribacter	2716544	G	1573	20	1593	0.00002
Candidatus Fukatsuia	1927833	G	256	0	256	0.00000
Providencia	586	G	941499	49284	990783	0.01264
Xenorhabdus	626	G	22949	19	22968	0.00029
Proteus	583	G	19171	248	19419	0.00025
Morganella	581	G	11543	139	11682	0.00015
Photorhabdus	29487	G	6188	2	6190	0.00008
Moellerella	158848	G	4601	85	4686	0.00006
Arsenophonus	637	G	1156	0	1156	0.00001
Pantoea	53335	G	70713	2057	72770	0.00093
Erwinia	551	G	28535	1291	29826	0.00038
Mixta	2100764	G	3297	294	3591	0.00005
Winslowiella	2997349	G	2868	85	2953	0.00004
Duffyella	3026546	G	2689	242	2931	0.00004
Paramixta	3231896	G	2195	51	2246	0.00003
Tatumella	82986	G	1487	13	1500	0.00002
Buchnera	32199	G	991	14	1005	0.00001
Izhakiella	1780190	G	168	65	233	0.00000
Pectobacterium	122277	G	37673	580	38253	0.00049
Dickeya	204037	G	35193	746	35939	0.00046
Brenneria	71655	G	5353	360	5713	0.00007
Musicola	2884243	G	1504	45	1549	0.00002
Lonsdalea	1082702	G	1363	23	1386	0.00002
Prodigiosinella	3059405	G	228	395	623	0.00001
Hafnia	568	G	46792	1602	48394	0.00062
Edwardsiella	635	G	10737	78	10815	0.00014
Obesumbacterium	82982	G	581	158	739	0.00001
Limnobaculum	2172100	G	3650	25	3675	0.00005
Leminorella	82980	G	2855	5	2860	0.00004
Pragia	82984	G	1079	10	1089	0.00001
Sodalis	84565	G	6876	6	6882	0.00009
Gallaecimonas	745410	G	351	0	351	0.00000
Acinetobacter	469	G	4297700	52472	4350172	0.05551
Psychrobacter	497	G	1325	2	1327	0.00002
Moraxella	475	G	1028	2	1030	0.00001
Faucicola	1604696	G	174	1	175	0.00000
Lwoffella	3444169	G	21	0	21	0.00000
Aquirhabdus	2824158	G	15	0	15	0.00000
Stenotrophomonas	40323	G	343098	7748	350846	0.00448
Lysobacter	68	G	157531	873	158404	0.00202
Xanthomonas	338	G	11739	877	12616	0.00016
Pseudoxanthomonas	83618	G	3524	40	3564	0.00005
Luteimonas	83614	G	2158	11	2169	0.00003
Thermomonas	141948	G	950	7	957	0.00001
Marilutibacter	3382698	G	664	4	668	0.00001
Agrilutibacter	3382696	G	445	3	448	0.00001
Novilysobacter	3382699	G	175	21	196	0.00000
Pseudoluteimonas	3382694	G	122	0	122	0.00000
Xylella	2370	G	118	1	119	0.00000
Arenimonas	490567	G	114	0	114	0.00000
Solilutibacter	3382695	G	112	1	113	0.00000
Dyella	231454	G	1583	79	1662	0.00002
Luteibacter	242605	G	1346	31	1377	0.00002
Rhodanobacter	75309	G	1140	80	1220	0.00002
Tahibacter	1453544	G	298	2	300	0.00000
Dokdonella	323413	G	245	4	249	0.00000
Frateuria	70411	G	160	18	178	0.00000
Pseudolysobacter	2709666	G	65	0	65	0.00000
Aerosticca	2707020	G	58	11	69	0.00000
Ahniella	2233801	G	40	0	40	0.00000
Metallibacterium	1218803	G	21	0	21	0.00000
Marinicella	863253	G	14	0	14	0.00000
Pseudomonas	286	G	469253	4904	474157	0.00605
Stutzerimonas	2901164	G	1561	95	1656	0.00002
Ectopseudomonas	3236654	G	798	228	1026	0.00001
Metapseudomonas	3236656	G	755	44	799	0.00001
Halopseudomonas	2901189	G	646	22	668	0.00001
Aquipseudomonas	3236652	G	614	45	659	0.00001
Azotobacter	352	G	351	14	365	0.00000
Azorhizophilus	157913	G	22	6	28	0.00000
Entomomonas	2758906	G	298	0	298	0.00000
Phytopseudomonas	3236657	G	188	13	201	0.00000
Thiopseudomonas	1654787	G	134	0	134	0.00000
Geopseudomonas	3236655	G	86	4	90	0.00000
Permianibacter	1649479	G	41	0	41	0.00000
Denitrificimonas	2901261	G	29	0	29	0.00000
Marinobacter	2742	G	1441	3	1444	0.00002
Candidatus Njordibacter	3457297	G	247	0	247	0.00000
Ketobacter	2025617	G	28	0	28	0.00000
Pseudohongiella	1524249	G	26	0	26	0.00000
Vibrio	662	G	32726	583	33309	0.00043
Photobacterium	657	G	3638	127	3765	0.00005
Parasalinivibrio	3378804	G	777	9	786	0.00001
Aliivibrio	511678	G	602	37	639	0.00001
Grimontia	246861	G	304	3	307	0.00000
Enterovibrio	188143	G	209	3	212	0.00000
Salinivibrio	51366	G	191	3	194	0.00000
Thaumasiovibrio	2014233	G	122	3	125	0.00000
Paraphotobacterium	2042066	G	80	1	81	0.00000
Alteromonas	226	G	2827	119	2946	0.00004
Salinimonas	288793	G	166	6	172	0.00000
Agarivorans	261825	G	916	6	922	0.00001
Catenovulum	1172191	G	449	0	449	0.00001
Paraglaciecola	1621534	G	420	2	422	0.00001
Halioxenophilus	2108524	G	227	0	227	0.00000
Alishewanella	111142	G	191	10	201	0.00000
Hydrocarboniclastica	2650549	G	156	0	156	0.00000
Lacimicrobium	1751872	G	152	0	152	0.00000
Saccharobesus	2894574	G	100	0	100	0.00000
Planctobacterium	2200736	G	67	0	67	0.00000
Alkalimarinus	1858563	G	47	0	47	0.00000
Paraneptunicella	2905123	G	43	0	43	0.00000
Neptunicella	2125985	G	41	0	41	0.00000
Aliiglaciecola	1406885	G	23	0	23	0.00000
Saliniradius	2661818	G	20	0	20	0.00000
Brumicola	3160924	G	15	0	15	0.00000
Ningiella	2751156	G	12	0	12	0.00000
Shewanella	22	G	5487	53	5540	0.00007
Parashewanella	2547964	G	215	1	216	0.00000
Psychrobium	1573826	G	12	0	12	0.00000
Pseudoalteromonas	53246	G	5043	236	5279	0.00007
Flocculibacter	2834759	G	80	0	80	0.00000
Psychrosphaera	907197	G	20	0	20	0.00000
Thalassotalea	1518149	G	1238	18	1256	0.00002
Colwellia	28228	G	695	26	721	0.00001
Thalassomonas	137583	G	146	0	146	0.00000
Pseudocolwellia	2848177	G	113	1	114	0.00000
Cognaticolwellia	2848171	G	60	3	63	0.00000
Litorilituus	1407056	G	39	0	39	0.00000
Psychromonas	67572	G	651	2	653	0.00001
Idiomarina	135575	G	483	20	503	0.00001
Pseudidiomarina	2800384	G	118	1	119	0.00000
Ferrimonas	44011	G	533	4	537	0.00001
Moritella	58050	G	186	6	192	0.00000
Aegicerorhabdus	3614798	G	67	0	67	0.00000
Motilimonas	1914248	G	53	0	53	0.00000
Halomonas	2745	G	4387	136	4523	0.00006
Vreelandella	3137766	G	1540	658	2198	0.00003
Salinicola	404432	G	488	12	500	0.00001
Cobetia	204286	G	306	2	308	0.00000
Kushneria	504090	G	259	0	259	0.00000
Billgrantia	3137761	G	178	21	199	0.00000
Bisbaumannia	3137762	G	157	4	161	0.00000
Chromohalobacter	42054	G	124	4	128	0.00000
Halotalea	376488	G	70	0	70	0.00000
Candidatus Carsonella	114185	G	42	0	42	0.00000
Zymobacter	33073	G	22	0	22	0.00000
Pistricoccus	1897649	G	40	0	40	0.00000
Marinomonas	28253	G	1271	13	1284	0.00002
Marinobacterium	48075	G	302	5	307	0.00000
Neptuniibacter	459520	G	283	1	284	0.00000
Neptunomonas	75687	G	196	1	197	0.00000
Bermanella	599651	G	180	0	180	0.00000
Thalassolituus	187492	G	170	11	181	0.00000
Venatoribacter	2893036	G	149	12	161	0.00000
Aliamphritea	3018276	G	148	2	150	0.00000
Nitrincola	267849	G	90	1	91	0.00000
Bacterioplanoides	2066071	G	85	1	86	0.00000
Amphritea	515417	G	66	0	66	0.00000
Motiliproteus	1775292	G	28	0	28	0.00000
Marinospirillum	64968	G	23	0	23	0.00000
Endozoicomonas	305899	G	811	7	818	0.00001
Alloalcanivorax	3020832	G	289	3	292	0.00000
Alcanivorax	59753	G	227	3	230	0.00000
Isoalcanivorax	3020833	G	169	1	170	0.00000
Hahella	158481	G	306	1	307	0.00000
Thermohahella	3449104	G	59	0	59	0.00000
Allohahella	1855402	G	14	0	14	0.00000
Gynuella	1445504	G	128	0	128	0.00000
Saccharospirillum	231683	G	54	0	54	0.00000
Salinispirillum	1649491	G	10	0	10	0.00000
Aliikangiella	1920241	G	136	0	136	0.00000
Pleionea	1502941	G	15	0	15	0.00000
Oleiphilus	141450	G	146	0	146	0.00000
Marinicellulosiphila	3414216	G	137	0	137	0.00000
Pokkaliibacter	2301194	G	95	0	95	0.00000
Spartinivicinus	2768738	G	84	0	84	0.00000
Litorivicinus	418700	G	15	0	15	0.00000
Mannheimia	75984	G	3229	54	3283	0.00004
Actinobacillus	713	G	1875	128	2003	0.00003
Haemophilus	724	G	1296	35	1331	0.00002
Avibacterium	292486	G	491	25	516	0.00001
Pasteurella	745	G	453	290	743	0.00001
Aggregatibacter	416916	G	376	39	415	0.00001
Lonepinella	53416	G	362	1	363	0.00000
Gallibacterium	155493	G	320	16	336	0.00000
Bisgaardia	109471	G	297	3	300	0.00000
Mergibacter	2899790	G	238	1	239	0.00000
Glaesserella	2094023	G	237	35	272	0.00000
Testudinibacter	1755672	G	209	0	209	0.00000
Phocoenobacter	146805	G	196	62	258	0.00000
Rodentibacter	1960084	G	128	1	129	0.00000
Histophilus	214906	G	92	4	96	0.00000
Frederiksenia	1649317	G	78	1	79	0.00000
Otariodibacter	1249016	G	56	0	56	0.00000
Vespertiliibacter	1520333	G	49	0	49	0.00000
Basfia	697331	G	44	0	44	0.00000
Bibersteinia	476528	G	42	1	43	0.00000
Aeromonas	642	G	8396	51	8447	0.00011
Zobellella	347533	G	338	7	345	0.00000
Tolumonas	43947	G	238	1	239	0.00000
Oceanimonas	129577	G	235	5	240	0.00000
Oceanisphaera	225143	G	142	0	142	0.00000
Dongshaea	2802288	G	78	0	78	0.00000
Pseudaeromonas	1929090	G	61	0	61	0.00000
Succinivibrio	83770	G	51	0	51	0.00000
Cellvibrio	10	G	1227	4	1231	0.00002
Teredinibacter	2425	G	162	1	163	0.00000
Saccharophagus	316625	G	130	3	133	0.00000
Simiduia	447467	G	95	0	95	0.00000
Marinagarivorans	1792291	G	57	1	58	0.00000
Gilvimarinus	940550	G	51	0	51	0.00000
Marinimicrobium	359337	G	36	0	36	0.00000
Agarilytica	2036021	G	27	0	27	0.00000
Agaribacterium	2038244	G	25	0	25	0.00000
Maricurvus	1122283	G	19	0	19	0.00000
Microbulbifer	48073	G	1172	3	1175	0.00001
Congregibacter	393661	G	227	3	230	0.00000
Luminiphilus	1341118	G	66	0	66	0.00000
Halioglobus	1217416	G	56	0	56	0.00000
Kineobactrum	2678529	G	33	0	33	0.00000
Spongiibacter	630749	G	106	2	108	0.00000
Oceanicoccus	1084558	G	22	0	22	0.00000
Zhongshania	1434050	G	21	0	21	0.00000
Rheinheimera	67575	G	947	0	947	0.00001
Nitrosococcus	1227	G	241	0	241	0.00000
Thiocapsa	1056	G	177	1	178	0.00000
Thiorhodovibrio	61593	G	135	0	135	0.00000
Allochromatium	85072	G	77	1	78	0.00000
Thiodictyon	53392	G	68	0	68	0.00000
Marichromatium	85076	G	68	1	69	0.00000
Thioflavicoccus	156885	G	46	0	46	0.00000
Caldichromatium	2828366	G	28	0	28	0.00000
Candidatus Nitrosoglobus	1980513	G	25	0	25	0.00000
Candidatus Nitrosacidococcus	2796146	G	25	0	25	0.00000
Thermochromatium	85073	G	21	0	21	0.00000
Thiocystis	13724	G	17	0	17	0.00000
Acidihalobacter	1765964	G	204	0	204	0.00000
Thioalkalivibrio	106633	G	162	1	163	0.00000
Halorhodospira	85108	G	127	0	127	0.00000
Sediminicurvatus	3383961	G	73	0	73	0.00000
Ectothiorhodospira	1051	G	72	1	73	0.00000
Aquisalimonas	406099	G	59	0	59	0.00000
Spiribacter	1335745	G	58	0	58	0.00000
Alkalilimnicola	133193	G	52	0	52	0.00000
Ectothiorhodosinus	233099	G	16	0	16	0.00000
Candidatus Thiodiazotropha	1913444	G	99	0	99	0.00000
Sedimenticola	349742	G	85	0	85	0.00000
Thiosocius	2780488	G	45	0	45	0.00000
Magnetovirga	3425870	G	24	0	24	0.00000
Candidatus Endoriftia	393764	G	21	0	21	0.00000
Thiolapillus	1608298	G	12	0	12	0.00000
Halothiobacillus	109262	G	125	0	125	0.00000
Granulosicoccus	437504	G	62	0	62	0.00000
Sulfuriflexus	1860077	G	27	0	27	0.00000
Guyparkeria	2035712	G	79	0	79	0.00000
Wenzhouxiangella	1676142	G	55	0	55	0.00000
Methylomonas	416	G	1265	4	1269	0.00002
Methylobacter	429	G	348	5	353	0.00000
Methylocaldum	73778	G	295	4	299	0.00000
Methylococcus	413	G	166	0	166	0.00000
Methyloprofundus	1565313	G	121	0	121	0.00000
Methylomicrobium	39773	G	109	1	110	0.00000
Methylotuvimicrobium	2822410	G	91	0	91	0.00000
Methylogaea	1295378	G	90	0	90	0.00000
Methylomagnum	1760987	G	83	0	83	0.00000
Candidatus Methylocalor	3135206	G	77	0	77	0.00000
Methylovulum	762296	G	63	0	63	0.00000
Methylomarinum	1221209	G	21	0	21	0.00000
Candidatus Methylospira	1808977	G	19	0	19	0.00000
Methylomarinovum	1486720	G	26	0	26	0.00000
Gilliamella	1193503	G	1642	2	1644	0.00002
Utexia	3373510	G	381	0	381	0.00000
Orbus	743714	G	338	0	338	0.00000
Zophobihabitans	2894762	G	151	0	151	0.00000
Frischella	1335631	G	96	0	96	0.00000
Legionella	445	G	2115	1	2116	0.00003
Fluoribacter	461	G	23	0	23	0.00000
Rickettsiella	59195	G	275	0	275	0.00000
Coxiella	776	G	58	12	70	0.00000
Aquicella	254245	G	53	0	53	0.00000
Candidiatus Paracoxiella	3405119	G	34	35	69	0.00000
Thiomicrorhabdus	2039723	G	392	9	401	0.00001
Methylophaga	40222	G	336	0	336	0.00000
Piscirickettsia	1237	G	157	0	157	0.00000
Cycloclasticus	34067	G	86	0	86	0.00000
Thiomicrospira	933	G	58	3	61	0.00000
Hydrogenovibrio	28884	G	29	23	52	0.00000
Thiosulfativibrio	2781120	G	18	0	18	0.00000
Thiosulfatimonas	2781121	G	14	0	14	0.00000
Thiothrix	1030	G	637	0	637	0.00001
Beggiatoa	1021	G	60	0	60	0.00000
Francisella	262	G	603	13	616	0.00001
Allofrancisella	1869285	G	41	1	42	0.00000
Hydrocarboniphaga	243627	G	245	1	246	0.00000
Solimonas	413435	G	147	0	147	0.00000
Flagellatimonas	2893022	G	129	1	130	0.00000
Nevskia	64001	G	100	1	101	0.00000
Sinimarinibacterium	1861863	G	35	0	35	0.00000
Algiphilus	1266053	G	99	0	99	0.00000
Candidatus Pseudothioglobus	2841677	G	168	2	170	0.00000
Candidatus Ruthturnera	1541743	G	122	1	123	0.00000
Candidatus Thioglobus	655184	G	44	2	46	0.00000
Candidatus Vesicomyidisocius	2732587	G	21	0	21	0.00000
Celerinatantimonas	412033	G	179	0	179	0.00000
Candidatus Reidiella	2738850	G	70	0	70	0.00000
Candidatus Palibaumannia	198346	G	52	41	93	0.00000
Candidatus Steffania	1076625	G	16	0	16	0.00000
Candidatus Nardonella	204619	G	14	0	14	0.00000
Ignatzschineria	112008	G	268	1	269	0.00000
Wohlfahrtiimonas	582472	G	28	0	28	0.00000
Cardiobacterium	2717	G	139	0	139	0.00000
Dichelobacter	869	G	21	0	21	0.00000
Suttonella	13275	G	13	0	13	0.00000
Salinisphaera	180541	G	263	0	263	0.00000
Kangiella	261963	G	161	0	161	0.00000
Sulfurifustis	1692042	G	73	0	73	0.00000
Acidiferrobacter	986106	G	42	0	42	0.00000
Sulfuricaulis	1744881	G	14	106	120	0.00000
Thiohalobacter	1273155	G	106	0	106	0.00000
Candidatus Rariloculus ( ex Nguyen 2022)	2978114	G	87	0	87	0.00000
Immundisolibacter	1934947	G	84	0	84	0.00000
Candidatus Spongiihabitans	3033996	G	73	0	73	0.00000
Steroidobacter	469322	G	51	0	51	0.00000
Woeseia	1738655	G	44	0	44	0.00000
Candidatus Portiera	235572	G	39	0	39	0.00000
Sulfurivermis	2034504	G	28	0	28	0.00000
Candidatus Foliamicus	3023563	G	23	0	23	0.00000
Aminobacter	31988	G	471110	39053	510163	0.00651
Mesorhizobium	68287	G	395632	11780	407412	0.00520
Nitratireductor	245876	G	8715	142	8857	0.00011
Terribium	3143704	G	6182	586	6768	0.00009
Phyllobacterium	28100	G	5900	29	5929	0.00008
Aquibium	2911176	G	4010	57	4067	0.00005
Chelativorans	449972	G	1204	34	1238	0.00002
Aquamicrobium	69278	G	1132	2	1134	0.00001
Agrobacterium	357	G	240689	35102	275791	0.00352
Rhizobium	379	G	154479	21726	176205	0.00225
Pararhizobium	1612611	G	8577	315	8892	0.00011
Neorhizobium	1525371	G	7318	118	7436	0.00009
Pseudorhizobium	1903858	G	466	15	481	0.00001
Allorhizobium	78526	G	167	94	261	0.00000
Sinorhizobium	28105	G	16812	986	17798	0.00023
Ensifer	106591	G	11285	529	11814	0.00015
Shinella	323620	G	21286	719	22005	0.00028
Hoeflea	274591	G	3295	25	3320	0.00004
Georhizobium	2661800	G	776	4	780	0.00001
Peteryoungia	2853332	G	600	6	606	0.00001
Affinirhizobium	3070964	G	600	9	609	0.00001
Terrirhizobium	3464117	G	462	4	466	0.00001
Paenirhizobium	3070963	G	430	24	454	0.00001
Ciceribacter	1648508	G	340	2	342	0.00000
Liberibacter	34019	G	74	0	74	0.00000
Lentilitoribacter	1649463	G	62	0	62	0.00000
Brucella	234	G	271568	27921	299489	0.00382
Ochrobactrum	528	G	4411	21444	25855	0.00033
Pseudochrobactrum	354349	G	30342	441	30783	0.00039
Methylobacterium	407	G	96972	1370	98342	0.00125
Methylorubrum	2282523	G	2996	183	3179	0.00004
Microvirga	186650	G	2045	5	2050	0.00003
Bosea	85413	G	33493	347	33840	0.00043
Bradyrhizobium	374	G	27247	583	27830	0.00036
Rhodopseudomonas	1073	G	1708	184	1892	0.00002
Tardiphaga	1395974	G	1100	32	1132	0.00001
Nitrobacter	911	G	687	18	705	0.00001
Afipia	1033	G	656	158	814	0.00001
Rugositalea	3466653	G	377	2	379	0.00000
Variibacter	1649510	G	99	0	99	0.00000
Devosia	46913	G	20460	224	20684	0.00026
Pelagibacterium	1082930	G	1320	85	1405	0.00002
Paradevosia	1573407	G	1239	21	1260	0.00002
Maritalea	623276	G	192	0	192	0.00000
Mariluticola	3064792	G	130	0	130	0.00000
Reyranella	445219	G	20046	29	20075	0.00026
Roseibium	150830	G	2685	424	3109	0.00004
Stappia	152161	G	1654	38	1692	0.00002
Breoghania	1406135	G	890	2	892	0.00001
Pannonibacter	227873	G	751	60	811	0.00001
Labrenzia	478070	G	481	297	778	0.00001
Pseudovibrio	258255	G	150	0	150	0.00000
Ancylobacter	99	G	2118	129	2247	0.00003
Labrys	204476	G	1531	19	1550	0.00002
Xanthobacter	279	G	1000	102	1102	0.00001
Pseudolabrys	556257	G	390	1	391	0.00000
Starkeya	152053	G	384	6	390	0.00000
Azorhizobium	6	G	314	7	321	0.00000
Aquabacter	45402	G	168	1	169	0.00000
Aureimonas	414371	G	2374	69	2443	0.00003
Martelella	293088	G	2078	58	2136	0.00003
Antarcticirhabdus	3042730	G	603	34	637	0.00001
Aurantimonas	182269	G	350	18	368	0.00000
Jiella	1775688	G	281	6	287	0.00000
Enhydrobacter	212791	G	1136	2	1138	0.00001
Nordella	169055	G	384	0	384	0.00000
Pseudorhodoplanes	1734920	G	358	0	358	0.00000
Terrihabitans	2874214	G	154	0	154	0.00000
Candidatus Endowatersipora	376743	G	13	0	13	0.00000
Oricola	1594166	G	1197	16	1213	0.00002
Roseitalea	1915401	G	418	13	431	0.00001
Oceaniradius	2679892	G	238	17	255	0.00000
Ahrensia	152180	G	80	0	80	0.00000
Bartonella	773	G	1890	3	1893	0.00002
Methylocystis	133	G	1330	14	1344	0.00002
Methylosinus	425	G	350	5	355	0.00000
Hyphomicrobium	81	G	1329	6	1335	0.00002
Rhodomicrobium	1068	G	135	0	135	0.00000
Methyloceanibacter	1484898	G	90	0	90	0.00000
Methyloligella	1485594	G	89	0	89	0.00000
Filomicrobium	119044	G	38	0	38	0.00000
Phreatobacter	1632780	G	1500	5	1505	0.00002
Kaistia	166953	G	1014	6	1020	0.00001
Bauldia	1145345	G	203	0	203	0.00000
Methylovirgula	1156568	G	364	1	365	0.00000
Methylocapsa	184923	G	346	3	349	0.00000
Methylocella	120652	G	290	2	292	0.00000
Beijerinckia	532	G	83	0	83	0.00000
Pleomorphomonas	261933	G	890	14	904	0.00001
Hartmannibacter	1572860	G	161	1	162	0.00000
Acuticoccus	1904377	G	723	1	724	0.00001
Chelatococcus	28209	G	666	4	670	0.00001
Kaustia	2838250	G	212	0	212	0.00000
Pyruvatibacter	1742974	G	171	1	172	0.00000
Tepidicaulis	1742977	G	65	3	68	0.00000
Anderseniella	444432	G	63	0	63	0.00000
Parvibaculum	256616	G	62	1	63	0.00000
Candidatus Phaeomarinibacter	1541445	G	53	0	53	0.00000
Salinarimonas	690086	G	391	2	393	0.00001
Alsobacter	1502180	G	384	2	386	0.00000
Blastochloris	59282	G	372	2	374	0.00000
Terrirubrum	3142786	G	323	0	323	0.00000
Chenggangzhangella	2041902	G	299	0	299	0.00000
Methyloraptor	3382645	G	269	1	270	0.00000
Cohaesibacter	655352	G	254	0	254	0.00000
Rhodoligotrophos	987053	G	254	0	254	0.00000
Afifella	643217	G	242	2	244	0.00000
Lichenihabitans	2723776	G	226	0	226	0.00000
Aestuariivirga	2650923	G	163	0	163	0.00000
Salaquimonas	2712688	G	139	0	139	0.00000
Coralliovum	3228940	G	125	0	125	0.00000
Brevundimonas	41275	G	50295	876	51171	0.00065
Caulobacter	75	G	3704	37	3741	0.00005
Phenylobacterium	20	G	753	6	759	0.00001
Asticcacaulis	76890	G	610	3	613	0.00001
Terricaulis	2768684	G	68	0	68	0.00000
Sphingomonas	13687	G	11062	641	11703	0.00015
Novosphingobium	165696	G	2555	214	2769	0.00004
Stakelama	1124625	G	237	8	245	0.00000
Sphingosinithalassobacter	2676233	G	89	1	90	0.00000
Citromicrobium	72173	G	56	3	59	0.00000
Hankyongella	1763827	G	54	1	55	0.00000
Alterisphingorhabdus (ex Yan et al. 2024)	3382518	G	41	0	41	0.00000
Parablastomonas	1654718	G	31	0	31	0.00000
Tardibacter	2685927	G	23	9	32	0.00000
Sphingopyxis	165697	G	8913	227	9140	0.00012
Erythrobacter	1041	G	916	51	967	0.00001
Porphyrobacter	1111	G	216	12	228	0.00000
Qipengyuania	1855416	G	855	32	887	0.00001
Altererythrobacter	361177	G	523	24	547	0.00001
Croceicoccus	1295327	G	311	34	345	0.00000
Tsuneonella	2800686	G	251	6	257	0.00000
Caenibius	2827482	G	247	8	255	0.00000
Pseudoblastomonas	3423750	G	132	9	141	0.00000
Aurantiacibacter	2800681	G	124	5	129	0.00000
Pelagerythrobacter	2800685	G	114	5	119	0.00000
Croceibacterium	2676755	G	111	2	113	0.00000
Parerythrobacter	2800684	G	38	1	39	0.00000
Paraurantiacibacter	2800682	G	16	0	16	0.00000
Sphingobium	165695	G	3443	522	3965	0.00005
Parasphingorhabdus	2709685	G	451	2	453	0.00001
Sphingorhabdus	1434046	G	414	2	416	0.00001
Novosphingopyxis	2709686	G	65	3	68	0.00000
Sphingosinicella	335405	G	223	4	227	0.00000
Glacieibacterium	2860235	G	204	49	253	0.00000
Polymorphobacter	1508451	G	134	10	144	0.00000
Sandaracinobacteroides	2883109	G	71	0	71	0.00000
Rhizorhabdus	1649486	G	415	76	491	0.00001
Alterirhizorhabdus	3423723	G	114	0	114	0.00000
Zymomonas	541	G	352	3	355	0.00000
Allosphingosinicella	2823232	G	213	1	214	0.00000
Sphingomicrobium	1227948	G	112	1	113	0.00000
Blastomonas	150203	G	184	0	184	0.00000
Parasphingopyxis	1234545	G	105	0	105	0.00000
Aquisediminimonas	2676781	G	100	0	100	0.00000
Paracoccus	265	G	11871	704	12575	0.00016
Pseudooceanicola	1679449	G	846	27	873	0.00001
Thioclava	285107	G	636	42	678	0.00001
Cereibacter	1653176	G	610	51	661	0.00001
Yoonia	2211641	G	502	34	536	0.00001
Gymnodinialimonas	2937410	G	362	3	365	0.00000
Tabrizicola	1443919	G	352	63	415	0.00001
Limimaricola	2211638	G	347	18	365	0.00000
Roseinatronobacter	121820	G	295	2	297	0.00000
Polymorphum	991903	G	281	23	304	0.00000
Planktomarina	1284657	G	249	4	253	0.00000
Albidovulum	205889	G	244	3	247	0.00000
Tritonibacter	2083206	G	231	64	295	0.00000
Marinibacterium	1931200	G	216	11	227	0.00000
Pseudogemmobacter	2663134	G	206	6	212	0.00000
Frigidibacter	1775705	G	191	31	222	0.00000
Cognatishimia	2211635	G	178	1	179	0.00000
Neotabrizicola	2946607	G	166	28	194	0.00000
Rhodovulum	34008	G	165	18	183	0.00000
Fuscovulum	2818469	G	154	25	179	0.00000
Fontisubflavum	3118803	G	129	0	129	0.00000
Pontivivens	1844015	G	125	10	135	0.00000
Haematobacter	366614	G	123	39	162	0.00000
Paroceanicella	2683599	G	122	23	145	0.00000
Pelagovum	2795377	G	120	4	124	0.00000
Roseicitreum	1209946	G	116	1	117	0.00000
Pacificitalea	2846749	G	113	19	132	0.00000
Amaricoccus	56999	G	113	2	115	0.00000
Aliiroseovarius	1658781	G	112	3	115	0.00000
Pukyongiella	2831925	G	106	23	129	0.00000
Silicimonas	1955420	G	101	0	101	0.00000
Abyssibius	3029205	G	99	2	101	0.00000
Parasedimentitalea	2738399	G	92	1	93	0.00000
Pikeienuella	2831955	G	91	2	93	0.00000
Gemmobacter	204456	G	86	11	97	0.00000
Marivivens	1759396	G	84	4	88	0.00000
Arenibacterium	2824249	G	82	11	93	0.00000
Paragemmobacter	3143992	G	81	7	88	0.00000
Brevirhabdus	1855413	G	79	34	113	0.00000
Qingshengfaniella	2816884	G	77	1	78	0.00000
Pseudorhodobacter	238783	G	74	1	75	0.00000
Vannielia	2813041	G	60	0	60	0.00000
Nioella	1775424	G	58	0	58	0.00000
Pseudophaeobacter	1541822	G	54	14	68	0.00000
Pseudoroseicyclus	1813601	G	53	0	53	0.00000
Falsirhodobacter	1434002	G	50	2	52	0.00000
Profundibacter	2778525	G	38	0	38	0.00000
Aestuariibius	2109360	G	34	0	34	0.00000
Algicella	3050722	G	26	0	26	0.00000
Pseudopelagicola	1649483	G	21	0	21	0.00000
Sulfitobacter	60136	G	1347	242	1589	0.00002
Roseovarius	74030	G	1301	79	1380	0.00002
Leisingera	191028	G	631	28	659	0.00001
Ruegeria	97050	G	572	132	704	0.00001
Roseobacter	2433	G	489	10	499	0.00001
Phaeobacter	302485	G	430	60	490	0.00001
Celeribacter	875170	G	413	133	546	0.00001
Alloyangia	2919626	G	366	9	375	0.00000
Jannaschia	188905	G	348	2	350	0.00000
Mameliella	1434019	G	315	32	347	0.00000
Roseivivax	93682	G	310	15	325	0.00000
Salipiger	263377	G	298	55	353	0.00000
Ponticoccus	983507	G	263	12	275	0.00000
Thalassovita	335927	G	259	4	263	0.00000
Pseudosulfitobacter	2854186	G	256	95	351	0.00000
Roseicyclus	336277	G	254	1	255	0.00000
Marinovum	367771	G	200	14	214	0.00000
Ketogulonicigenium	92944	G	187	5	192	0.00000
Sagittula	58842	G	174	26	200	0.00000
Oceanicola	252301	G	162	1	163	0.00000
Rhodophyticola	2680018	G	158	0	158	0.00000
Tateyamaria	299261	G	153	2	155	0.00000
Shimia	573139	G	146	5	151	0.00000
Palleronia	315422	G	136	0	136	0.00000
Octadecabacter	53945	G	130	6	136	0.00000
Actibacterium	1433986	G	116	58	174	0.00000
Seohaeicola	481178	G	112	0	112	0.00000
Tropicibacter	599653	G	97	1	98	0.00000
Antarctobacter	74032	G	91	1	92	0.00000
Phycobium	3479963	G	89	0	89	0.00000
Aliisedimentitalea	1697958	G	82	5	87	0.00000
Aliiphycobium	3479962	G	63	1	64	0.00000
Thalassobacter	266808	G	58	0	58	0.00000
Marivita	659428	G	56	0	56	0.00000
Loktanella	245186	G	55	0	55	0.00000
Falsihalocynthiibacter	2854182	G	54	0	54	0.00000
Dinoroseobacter	309512	G	50	21	71	0.00000
Thalassococcus	436357	G	47	0	47	0.00000
Pelagimonas	1434029	G	37	1	38	0.00000
Nereida	282198	G	19	0	19	0.00000
Algirhabdus	3412738	G	17	0	17	0.00000
Thalassovivens	3680327	G	16	0	16	0.00000
Lentibacter	1434014	G	12	0	12	0.00000
Rhodobacter	1060	G	586	21	607	0.00001
Azospirillum	191	G	4022	31	4053	0.00005
Skermanella	204447	G	530	11	541	0.00001
Niveispirillum	1543704	G	343	4	347	0.00000
Nitrospirillum	1543705	G	243	2	245	0.00000
Indioceanicola	2478349	G	67	0	67	0.00000
Ferrovibrio	1231242	G	465	0	465	0.00001
Magnetospirillum	13134	G	292	24	316	0.00000
Rhodospirillum	1081	G	268	2	270	0.00000
Pararhodospirillum	1612157	G	116	0	116	0.00000
Defluviicoccus	111830	G	68	0	68	0.00000
Aerophototrophica	2811387	G	59	0	59	0.00000
Candidatus Endolissoclinum	1263978	G	32	0	32	0.00000
Thalassospira	168934	G	763	1	764	0.00001
Magnetospira	1182780	G	25	0	25	0.00000
Algihabitans	2821512	G	271	0	271	0.00000
Pelagibius	643951	G	196	0	196	0.00000
Hypericibacter	2705399	G	334	1	335	0.00000
Nisaea	390876	G	174	1	175	0.00000
Thalassobaculum	526215	G	158	0	158	0.00000
Allostella	93	G	285	0	285	0.00000
Caenispirillum	414051	G	90	0	90	0.00000
Haematospirillum	1804663	G	19	0	19	0.00000
Aestuariispira	1647175	G	74	0	74	0.00000
Hwanghaeella	2605940	G	31	0	31	0.00000
Zavarzinia	204446	G	99	0	99	0.00000
Paramagnetospirillum	3031148	G	99	19	118	0.00000
Terasakiella	196080	G	77	0	77	0.00000
Varunaivibrio	1866954	G	22	0	22	0.00000
Acetobacter	434	G	521	51	572	0.00001
Komagataeibacter	1434011	G	401	37	438	0.00001
Gluconobacter	441	G	256	3	259	0.00000
Lichenicola	2804525	G	233	1	234	0.00000
Nguyenibacter	1519186	G	185	0	185	0.00000
Lichenicoccus	2781897	G	180	0	180	0.00000
Rhodovastum	504465	G	174	1	175	0.00000
Pararoseomonas	2870712	G	142	15	157	0.00000
Granulibacter	364409	G	136	1	137	0.00000
Asaia	91914	G	136	6	142	0.00000
Gluconacetobacter	89583	G	114	2	116	0.00000
Rhodopila	1070	G	77	0	77	0.00000
Acidibrevibacterium	2603324	G	73	2	75	0.00000
Novacetimonas	2919364	G	40	5	45	0.00000
Candidatus Kirkpatrickella	3097638	G	30	0	30	0.00000
Kozakia	153497	G	29	2	31	0.00000
Parasaccharibacter	1602345	G	20	0	20	0.00000
Commensalibacter	1079922	G	18	0	18	0.00000
Entomobacter	2811380	G	14	0	14	0.00000
Swingsia	1649499	G	13	0	13	0.00000
Oecophyllibacter	2791118	G	13	0	13	0.00000
Formicincola	2952773	G	13	0	13	0.00000
Neoasaia	320496	G	12	0	12	0.00000
Aristophania	3027666	G	11	0	11	0.00000
Roseomonas	125216	G	1524	44	1568	0.00002
Sediminicoccus	1706033	G	232	11	243	0.00000
Muricoccus	3409995	G	210	6	216	0.00000
Humitalea	1223303	G	173	1	174	0.00000
Dankookia	1940143	G	149	3	152	0.00000
Roseococcus	35812	G	101	5	106	0.00000
Acidiphilium	522	G	183	0	183	0.00000
Acidisoma	512381	G	102	0	102	0.00000
Acidocella	50709	G	40	0	40	0.00000
Elioraea	457933	G	61	0	61	0.00000
Wolbachia	953	G	803	9	812	0.00001
Ehrlichia	943	G	256	1	257	0.00000
Candidatus Mesenet	2883098	G	98	0	98	0.00000
Candidatus Neoehrlichia	467749	G	26	0	26	0.00000
Anaplasma	768	G	25	0	25	0.00000
Rickettsia	780	G	424	3	427	0.00001
Candidatus Tisiphia	2996317	G	327	6	333	0.00000
Candidatus Trichorickettsia	1522201	G	65	0	65	0.00000
Orientia	69474	G	44	0	44	0.00000
Candidatus Megaera	1742636	G	21	0	21	0.00000
Candidatus Phycorickettsia	2115980	G	15	0	15	0.00000
Candidatus Midichloria	411566	G	109	0	109	0.00000
Candidatus Bandiella	2716172	G	96	0	96	0.00000
Candidatus Lariskella	1175554	G	20	0	20	0.00000
Candidatus Deianiraea	2603321	G	14	9	23	0.00000
Candidatus Bealeia	1920992	G	842	9	851	0.00001
Candidatus Gromoviella	2900571	G	161	0	161	0.00000
Candidatus Cytomitobacter	2601574	G	31	9	40	0.00000
Candidatus Nucleicultrix	1509243	G	176	2	178	0.00000
Candidatus Bodocaedibacter	3163645	G	65	0	65	0.00000
Candidatus Odyssella	84646	G	51	0	51	0.00000
Tistrella	171436	G	837	11	848	0.00001
Marinivivus	3457535	G	214	0	214	0.00000
Oceanicaulis	153232	G	218	1	219	0.00000
Maricaulis	74317	G	176	0	176	0.00000
Hyphobacterium	2004661	G	92	1	93	0.00000
Glycocaulis	1433402	G	81	0	81	0.00000
Marinicauda	1649466	G	52	0	52	0.00000
Fretibacter	1649331	G	58	0	58	0.00000
Litorimonas	1167830	G	20	0	20	0.00000
Algimonas	1246884	G	10	0	10	0.00000
Candidatus Pelagibacter	198251	G	635	1	636	0.00001
Candidatus Fonsibacter	2045213	G	37	0	37	0.00000
Hyphomonas	85	G	452	1	453	0.00001
Hirschia	2723	G	136	0	136	0.00000
Candidatus Viadribacter	2892997	G	48	0	48	0.00000
Hyphococcus	2038635	G	219	1	220	0.00000
Aquisalinus	1795639	G	125	1	126	0.00000
Parvularcula	208215	G	117	2	119	0.00000
Temperatibacter	1549129	G	124	0	124	0.00000
Gimibacter	3058346	G	114	0	114	0.00000
Kordiimonas	288021	G	222	0	222	0.00000
Emcibacter	1602338	G	118	0	118	0.00000
Paremcibacter	2813804	G	51	0	51	0.00000
Luteithermobacter	2813803	G	40	0	40	0.00000
Pseudemcibacter	2943291	G	27	0	27	0.00000
Radicibacter	3462474	G	208	0	208	0.00000
Minwuia	2493629	G	186	0	186	0.00000
Candidatus Puniceispirillum	767891	G	35	0	35	0.00000
Candidatus Ponderosibacter	3457287	G	19	0	19	0.00000
Candidatus Levibacter	3457288	G	19	0	19	0.00000
Sneathiella	510690	G	65	15	80	0.00000
Comamonas	283	G	949338	9155	958493	0.01223
Variovorax	34072	G	162137	2672	164809	0.00210
Delftia	80865	G	137183	10919	148102	0.00189
Acidovorax	12916	G	23783	418	24201	0.00031
Hydrogenophaga	47420	G	3459	73	3532	0.00005
Rhodoferax	28065	G	2869	30	2899	0.00004
Diaphorobacter	238749	G	2595	226	2821	0.00004
Ottowia	219181	G	1693	52	1745	0.00002
Polaromonas	52972	G	1591	6	1597	0.00002
Vandammella	2919468	G	1399	7	1406	0.00002
Limnohabitans	665874	G	1165	7	1172	0.00001
Ramlibacter	174951	G	840	10	850	0.00001
Alicycliphilus	201096	G	837	133	970	0.00001
Paracidovorax	3051137	G	746	38	784	0.00001
Melaminivora	1649468	G	344	10	354	0.00000
Paenacidovorax	3051138	G	315	8	323	0.00000
Verminephrobacter	364316	G	298	1	299	0.00000
Pulveribacter	2678886	G	210	4	214	0.00000
Serpentinimonas	2490452	G	175	1	176	0.00000
Hylemonella	232523	G	165	1	166	0.00000
Brachymonas	28219	G	137	1	138	0.00000
Simplicispira	352450	G	134	3	137	0.00000
Curvibacter	281915	G	85	2	87	0.00000
Candidatus Symbiobacter	1436289	G	80	0	80	0.00000
Alcaligenes	507	G	111673	2731	114404	0.00146
Achromobacter	222	G	26704	1101	27805	0.00035
Advenella	290425	G	23277	233	23510	0.00030
Bordetella	517	G	9074	409	9483	0.00012
Castellaniella	359336	G	1780	44	1824	0.00002
Pigmentiphaga	152267	G	1548	29	1577	0.00002
Pollutimonas	2987599	G	924	107	1031	0.00001
Neopusillimonas	2987605	G	760	68	828	0.00001
Orrella	1921582	G	642	35	677	0.00001
Kerstersia	257820	G	510	22	532	0.00001
Pusillimonas	305976	G	507	31	538	0.00001
Parapusillimonas	1403714	G	493	67	560	0.00001
Paralcaligenes	1148163	G	443	5	448	0.00001
Oligella	90243	G	168	3	171	0.00000
Taylorella	29574	G	123	8	131	0.00000
Ampullimonas	1920247	G	108	2	110	0.00000
Pelistega	106146	G	67	0	67	0.00000
Basilea	1472344	G	60	0	60	0.00000
Paenalcaligenes	1100891	G	45	1	46	0.00000
Duganella	75654	G	45253	2630	47883	0.00061
Massilia	149698	G	7361	582	7943	0.00010
Pseudoduganella	1522432	G	5933	427	6360	0.00008
Rugamonas	212744	G	562	65	627	0.00001
Telluria	34069	G	435	108	543	0.00001
Janthinobacterium	29580	G	3650	115	3765	0.00005
Herminiimonas	303379	G	3506	49	3555	0.00005
Herbaspirillum	963	G	2959	60	3019	0.00004
Collimonas	202907	G	1368	19	1387	0.00002
Undibacterium	401469	G	593	7	600	0.00001
Oxalobacter	846	G	392	4	396	0.00001
Glaciimonas	1229970	G	338	6	344	0.00000
Noviherbaspirillum	1344552	G	335	5	340	0.00000
Actimicrobium	1051898	G	186	5	191	0.00000
Neoundibacterium	3078232	G	109	3	112	0.00000
Affinundibacterium	3078230	G	108	1	109	0.00000
Burkholderia	32008	G	10601	890	11491	0.00015
Cupriavidus	106589	G	8468	373	8841	0.00011
Paraburkholderia	1822464	G	7874	253	8127	0.00010
Ralstonia	48736	G	2750	227	2977	0.00004
Caballeronia	1827195	G	2599	156	2755	0.00004
Pandoraea	93217	G	2226	80	2306	0.00003
Polynucleobacter	44013	G	1895	2	1897	0.00002
Robbsia	2038280	G	409	5	414	0.00001
Trinickia	2571160	G	386	12	398	0.00001
Mycetohabitans	2571159	G	274	1	275	0.00000
Limnobacter	131079	G	213	1	214	0.00000
Lautropia	47670	G	188	2	190	0.00000
Imbroritus	3422601	G	139	10	149	0.00000
Mycoavidus	1810868	G	108	0	108	0.00000
Pararobbsia	2718863	G	92	1	93	0.00000
Ephemeroptericola	2680021	G	38	0	38	0.00000
Candidatus Vallotiella	2018044	G	11	0	11	0.00000
Roseateles	93681	G	2619	125	2744	0.00004
Piscinibacter	1114981	G	820	21	841	0.00001
Caldimonas	196013	G	552	49	601	0.00001
Rubrivivax	28067	G	504	44	548	0.00001
Sphaerotilus	34102	G	490	45	535	0.00001
Methylibium	316612	G	334	26	360	0.00000
Leptothrix	88	G	333	14	347	0.00000
Aquincola	391952	G	213	47	260	0.00000
Ideonella	36862	G	157	24	181	0.00000
Inhella	644355	G	108	5	113	0.00000
Xylophilus	54066	G	471	9	480	0.00001
Thiomonas	32012	G	351	1	352	0.00000
Rhizobacter	212743	G	334	5	339	0.00000
Eleftheria	1597779	G	272	3	275	0.00000
Aquabacterium	92793	G	266	5	271	0.00000
Tepidimonas	114248	G	213	12	225	0.00000
Piscinibacterium	2066914	G	101	0	101	0.00000
Candidatus Ichthyocystis	2929841	G	28	0	28	0.00000
Sutterella	40544	G	82	0	82	0.00000
Turicimonas	1918598	G	24	0	24	0.00000
Neisseria	482	G	1666	73	1739	0.00002
Eikenella	538	G	347	13	360	0.00000
Uruburuella	299568	G	272	4	276	0.00000
Vitreoscilla	59	G	271	3	274	0.00000
Kingella	32257	G	264	12	276	0.00000
Snodgrassella	1193515	G	186	1	187	0.00000
Paralysiella	2898489	G	141	2	143	0.00000
Alysiella	194195	G	137	3	140	0.00000
Crenobacter	1654931	G	65	2	67	0.00000
Conchiformibius	334107	G	32	0	32	0.00000
Aquella	2593687	G	22	0	22	0.00000
Simonsiella	71	G	16	0	16	0.00000
Bergeriella	334108	G	16	0	16	0.00000
Wielerella	2944815	G	11	0	11	0.00000
Chromobacterium	535	G	1810	84	1894	0.00002
Paludibacterium	400060	G	486	16	502	0.00001
Aquitalea	407217	G	263	17	280	0.00000
Vogesella	57739	G	170	8	178	0.00000
Pseudogulbenkiania	568394	G	55	3	58	0.00000
Chitinimonas	240411	G	458	7	465	0.00001
Jeongeupia	885864	G	412	13	425	0.00001
Chitinibacter	230666	G	271	10	281	0.00000
Chitiniphilus	585890	G	233	13	246	0.00000
Iodobacter	32014	G	123	4	127	0.00000
Silvimonas	300264	G	64	0	64	0.00000
Deefgea	400947	G	47	2	49	0.00000
Chitinolyticbacter	1055692	G	42	1	43	0.00000
Chitinirhabdus	3683957	G	19	0	19	0.00000
Microvirgula	57479	G	146	2	148	0.00000
Laribacter	168470	G	137	15	152	0.00000
Aquaspirillum	187	G	74	1	75	0.00000
Thauera	33057	G	1048	64	1112	0.00001
Azoarcus	12960	G	628	31	659	0.00001
Parazoarcus	2891322	G	190	5	195	0.00000
Pseudazoarcus	2891323	G	92	1	93	0.00000
Nitrogeniibacter	2891294	G	91	0	91	0.00000
Pseudothauera	2891324	G	27	1	28	0.00000
Aromatoleum	551759	G	702	48	750	0.00001
Azospira	146937	G	390	37	427	0.00001
Niveibacterium	1769726	G	235	3	238	0.00000
Oryzomicrobium	1911577	G	73	6	79	0.00000
Dechloromonas	73029	G	644	115	759	0.00001
Ferribacterium	88875	G	206	7	213	0.00000
Azonexus	146936	G	158	33	191	0.00000
Quatrionicoccus	138117	G	63	4	67	0.00000
Fluviibacter	2808942	G	46	0	46	0.00000
Methylophilus	16	G	351	11	362	0.00000
Candidatus Methylopumilus	1679002	G	177	5	182	0.00000
Methylovorus	81682	G	152	6	158	0.00000
Methyloradius	2872156	G	59	3	62	0.00000
Methylotenera	359407	G	47	3	50	0.00000
Methylobacillus	404	G	44	2	46	0.00000
Denitratisoma	311181	G	159	13	172	0.00000
Methyloversatilis	378210	G	154	2	156	0.00000
Sulfuritalea	1054211	G	124	6	130	0.00000
Sterolibacterium	157591	G	89	1	90	0.00000
Sulfuricystis	3050898	G	57	1	58	0.00000
Rugosibacter	1914449	G	32	1	33	0.00000
Nitrosomonas	914	G	453	3	456	0.00001
Nitrosospira	35798	G	107	0	107	0.00000
Ferrigenium	2249462	G	149	4	153	0.00000
Sideroxydans	314343	G	113	2	115	0.00000
Candidatus Nitrotoga	453161	G	56	1	57	0.00000
Sideroxyarcus	2943286	G	50	1	51	0.00000
Gallionella	96	G	44	1	45	0.00000
Ferriphaselus	1443590	G	25	0	25	0.00000
Sulfuriferula	1778653	G	281	3	284	0.00000
Sulfurimicrobium	2772198	G	47	0	47	0.00000
Sulfuricella	935200	G	25	0	25	0.00000
Thiobacillus	919	G	193	3	196	0.00000
Sulfuritortus	1938335	G	25	2	27	0.00000
Usitatibacter	2803845	G	189	0	189	0.00000
Candidatus Accumulibacter	327159	G	123	1	124	0.00000
Chitinivorax	1433992	G	115	2	117	0.00000
Casimicrobium	2706000	G	103	1	104	0.00000
Candidatus Kinetoplastidibacterium	33055	G	71	0	71	0.00000
Candidatus Vidania	1191175	G	62	0	62	0.00000
Candidatus Profftella	1381133	G	34	0	34	0.00000
Candidatus Nasuia	1301080	G	16	0	16	0.00000
Ferrovum	416212	G	11	0	11	0.00000
Acidithiobacillus	119977	G	427	0	427	0.00001
Thermithiobacillus	119979	G	75	0	75	0.00000
Hydrogenophilus	70774	G	33	0	33	0.00000
Mariprofundus	377315	G	18	0	18	0.00000
Magnetococcus	162171	G	15	0	15	0.00000
Flavobacterium	237	G	487632	2240	489872	0.00625
Paenimyroides	3085669	G	188144	3881	192025	0.00245
Polaribacter	52959	G	3830	57	3887	0.00005
Tenacibaculum	104267	G	2841	41	2882	0.00004
Myroides	76831	G	2745	65	2810	0.00004
Maribacter	252356	G	1888	21	1909	0.00002
Winogradskyella	286104	G	1507	38	1545	0.00002
Aquimarina	290174	G	1358	9	1367	0.00002
Capnocytophaga	1016	G	1089	4	1093	0.00001
Flagellimonas	444459	G	923	14	937	0.00001
Formosa	225842	G	792	15	807	0.00001
Galbibacter	379068	G	785	22	807	0.00001
Algibacter	261827	G	708	13	721	0.00001
Christiangramia	292691	G	676	6	682	0.00001
Mariniflexile	527198	G	642	7	649	0.00001
Zobellia	112040	G	494	2	496	0.00001
Wenyingzhuangia	1518147	G	452	4	456	0.00001
Cellulophaga	104264	G	444	5	449	0.00001
Kordia	221065	G	434	2	436	0.00001
Lacinutrix	291183	G	429	10	439	0.00001
Pontimicrobium	2918913	G	418	7	425	0.00001
Olleya	336276	G	414	12	426	0.00001
Nonlabens	363408	G	350	4	354	0.00000
Psychroserpens	49277	G	318	11	329	0.00000
Leeuwenhoekiella	283735	G	305	10	315	0.00000
Lutibacter	358023	G	304	1	305	0.00000
Amniculibacterium	2715289	G	301	10	311	0.00000
Bizionia	283785	G	281	6	287	0.00000
Zunongwangia	417127	G	271	25	296	0.00000
Seonamhaeicola	1649495	G	270	2	272	0.00000
Aequorivita	153265	G	267	4	271	0.00000
Salegentibacter	143222	G	228	24	252	0.00000
Flavivirga	1209327	G	197	1	198	0.00000
Mangrovimonas	1211036	G	180	2	182	0.00000
Dokdonia	326319	G	175	1	176	0.00000
Gilvibacter	379070	G	158	4	162	0.00000
Psychroflexus	83612	G	158	1	159	0.00000
Thalassobellus	3400333	G	140	2	142	0.00000
Daejeonia	2027867	G	138	4	142	0.00000
Aestuariibaculum	1386924	G	120	1	121	0.00000
Rasiella	2987594	G	119	1	120	0.00000
Arenibacter	178469	G	113	4	117	0.00000
Antarcticibacterium	2058174	G	110	2	112	0.00000
Candidatus Arcticimaribacter	2953860	G	106	1	107	0.00000
Patiriisocius	2822394	G	102	1	103	0.00000
Vaginella	1935184	G	96	5	101	0.00000
Gillisia	244698	G	87	5	92	0.00000
Allomuricauda	111500	G	86	0	86	0.00000
Mesoflavibacter	444051	G	85	1	86	0.00000
Abyssalbus	2967089	G	84	0	84	0.00000
Aureibaculum	2706948	G	83	0	83	0.00000
Salinimicrobium	561367	G	80	0	80	0.00000
Pseudalgibacter	2861660	G	78	1	79	0.00000
Flaviramulus	369400	G	71	1	72	0.00000
Croceibacter	216431	G	71	1	72	0.00000
Tamlana	393005	G	68	5	73	0.00000
Imtechella	1165076	G	66	0	66	0.00000
Marixanthomonas	387658	G	57	2	59	0.00000
Robiginitalea	252306	G	57	0	57	0.00000
Pseudotamlana	3400368	G	56	4	60	0.00000
Ulvibacterium	2665910	G	51	0	51	0.00000
Aggregatimonas	2913017	G	51	0	51	0.00000
Urechidicola	2700084	G	50	3	53	0.00000
Hwangdonia	1649460	G	46	1	47	0.00000
Oceanihabitans	2045416	G	44	2	46	0.00000
Aegicerativicinus	2893197	G	43	0	43	0.00000
Allotamlana	3400365	G	38	0	38	0.00000
Zhouia	561555	G	38	1	39	0.00000
Siansivirga	1204360	G	37	0	37	0.00000
Constantimarinum	2907134	G	33	0	33	0.00000
Pukyongia	2831916	G	33	0	33	0.00000
Costertonia	343334	G	32	1	33	0.00000
Changchengzhania	2049301	G	32	0	32	0.00000
Muriicola	762641	G	31	0	31	0.00000
Candidatus Marifrigoribacter	3457289	G	31	0	31	0.00000
Euzebyella	1287916	G	31	2	33	0.00000
Yeosuana	288018	G	31	0	31	0.00000
Lutimonas	449810	G	30	0	30	0.00000
Sinomicrobium	1434045	G	26	0	26	0.00000
Croceiramulus	3568316	G	26	0	26	0.00000
Sediminicola	389486	G	16	0	16	0.00000
Empedobacter	59734	G	162709	3516	166225	0.00212
Chryseobacterium	59732	G	11576	222	11798	0.00015
Kaistella	2782231	G	743	16	759	0.00001
Epilithonimonas	2782229	G	377	40	417	0.00001
Elizabethkingia	308865	G	3195	341	3536	0.00005
Cloacibacterium	501783	G	463	12	475	0.00001
Riemerella	34084	G	418	7	425	0.00001
Apibacter	1778601	G	345	0	345	0.00000
Faecalibacter	2766734	G	245	2	247	0.00000
Ornithobacterium	28250	G	126	1	127	0.00000
Marnyiella	3088764	G	122	1	123	0.00000
Bergeyella	59735	G	113	1	114	0.00000
Weeksella	1013	G	93	2	95	0.00000
Cruoricaptor	1433995	G	42	1	43	0.00000
Blattabacterium	34098	G	754	0	754	0.00001
Fluviicola	332102	G	311	0	311	0.00000
Paracrocinitomix	3024544	G	155	0	155	0.00000
Candidatus Karelsulcia	336809	G	174	0	174	0.00000
Croceimicrobium	2828338	G	89	0	89	0.00000
Owenweeksia	267986	G	34	0	34	0.00000
Ichthyobacterium	1755829	G	37	0	37	0.00000
Parvicella	2975260	G	20	0	20	0.00000
Sphingobacterium	28453	G	235880	3304	239184	0.00305
Pedobacter	84567	G	8154	98	8252	0.00011
Mucilaginibacter	423349	G	3714	18	3732	0.00005
Pseudopedobacter	1649482	G	581	21	602	0.00001
Olivibacter	376469	G	430	15	445	0.00001
Solitalea	929509	G	230	0	230	0.00000
Anseongella	1773450	G	86	0	86	0.00000
Arcticibacter	1288026	G	78	0	78	0.00000
Aurantibacillus	3088889	G	70	1	71	0.00000
Dysgonomonas	156973	G	2784	19	2803	0.00004
Indolivaga	3680098	G	2028	96	2124	0.00003
Proteiniphilum	294702	G	233	245	478	0.00001
Petrimonas	307628	G	180	149	329	0.00000
Limibacterium	3404873	G	128	45	173	0.00000
Bacteroides	816	G	4564	577	5141	0.00007
Phocaeicola	909656	G	376	87	463	0.00001
Prevotella	838	G	1408	55	1463	0.00002
Segatella	2974251	G	551	22	573	0.00001
Hoylesella	2974257	G	100	20	120	0.00000
Xylanibacter	558436	G	52	0	52	0.00000
Paraprevotella	577309	G	49	2	51	0.00000
Pseudoprevotella	2884814	G	32	0	32	0.00000
Parabacteroides	375288	G	1184	164	1348	0.00002
Tannerella	195950	G	108	4	112	0.00000
Porphyromonas	836	G	488	33	521	0.00001
Macellibacteroides	1159323	G	136	18	154	0.00000
Alistipes	239759	G	438	49	487	0.00001
Acetobacteroides	1647173	G	48	1	49	0.00000
Coprobacter	1348911	G	320	45	365	0.00000
Barnesiella	397864	G	156	9	165	0.00000
Muribaculum	1918540	G	308	10	318	0.00000
Sodaliphilus	2815786	G	35	0	35	0.00000
Duncaniella	2518495	G	27	0	27	0.00000
Paramuribaculum	2518497	G	12	0	12	0.00000
Butyricimonas	574697	G	177	15	192	0.00000
Odoribacter	283168	G	63	6	69	0.00000
Candidatus Azobacteroides	511434	G	136	0	136	0.00000
Paludibacter	346096	G	127	0	127	0.00000
Salinivirga	1970191	G	53	0	53	0.00000
Tenuifilum	2760873	G	33	0	33	0.00000
Draconibacterium	1471399	G	748	23	771	0.00001
Halosquirtibacter	3374594	G	205	27	232	0.00000
Aquipluma	2792393	G	157	1	158	0.00000
Maribellus	2678352	G	101	4	105	0.00000
Mangrovibacterium	1573808	G	44	7	51	0.00000
Gaoshiqia	3045890	G	32	0	32	0.00000
Labilibaculum	2060722	G	493	14	507	0.00001
Marinifilum	866673	G	436	20	456	0.00001
Alkalitalea	1193324	G	138	4	142	0.00000
Xiashengella	3129724	G	56	90	146	0.00000
Dyadobacter	120831	G	3181	18	3199	0.00004
Runella	105	G	345	0	345	0.00000
Larkinella	332157	G	209	5	214	0.00000
Fibrella	861914	G	21	0	21	0.00000
Hymenobacter	89966	G	1452	4	1456	0.00002
Pontibacter	323449	G	536	5	541	0.00001
Rufibacter	1379908	G	78	1	79	0.00000
Adhaeribacter	299566	G	66	0	66	0.00000
Nibribacter	1649474	G	21	1	22	0.00000
Algoriphagus	246875	G	910	16	926	0.00001
Echinicola	390846	G	347	10	357	0.00000
Belliella	232244	G	294	7	301	0.00000
Cyclobacterium	68288	G	206	3	209	0.00000
Aquiflexum	280472	G	162	1	163	0.00000
Mongoliitalea	1511649	G	21	0	21	0.00000
Spirosoma	107	G	1196	2	1198	0.00002
Cytophaga	978	G	51	0	51	0.00000
Bernardetia	1937972	G	954	0	954	0.00001
Flammeovirga	59739	G	513	8	521	0.00001
Chondrinema	3051458	G	277	7	284	0.00000
Imperialibacter	1649461	G	115	3	118	0.00000
Arcticibacterium	2173039	G	245	4	249	0.00000
Emticicia	312278	G	233	0	233	0.00000
Jiulongibacter	2031119	G	208	6	214	0.00000
Leadbetterella	319458	G	142	3	145	0.00000
Marinilongibacter	2975149	G	26	0	26	0.00000
Marivirga	869806	G	696	25	721	0.00001
Ekhidna	447678	G	438	6	444	0.00001
Reichenbachiella	156993	G	79	0	79	0.00000
Fulvivirga	396811	G	303	5	308	0.00000
Chryseolinea	1433993	G	26	0	26	0.00000
Mangrovivirga	2858886	G	306	0	306	0.00000
Persicobacter	59740	G	145	1	146	0.00000
Aureibacter	1097443	G	54	0	54	0.00000
Fulvitalea	1434007	G	37	0	37	0.00000
Candidatus Cardinium	273135	G	182	0	182	0.00000
Candidatus Amoebophilus	281119	G	19	0	19	0.00000
Roseivirga	290180	G	174	2	176	0.00000
Catalinimonas	1522128	G	84	0	84	0.00000
Tunicatimonas	1077254	G	31	0	31	0.00000
Porifericola	1001222	G	29	0	29	0.00000
Aquirufa	2676247	G	96	0	96	0.00000
Rhodocytophaga	455076	G	76	0	76	0.00000
Chitinophaga	79328	G	1446	23	1469	0.00002
Arachidicoccus	1769012	G	324	7	331	0.00000
Rhizosphaericola	3114547	G	279	9	288	0.00000
Sediminibacterium	504481	G	274	10	284	0.00000
Niabella	379899	G	173	8	181	0.00000
Panacibacter	1874621	G	172	1	173	0.00000
Lacibacter	649461	G	120	2	122	0.00000
Flavisolibacter	398041	G	118	7	125	0.00000
Paraflavitalea	2698688	G	98	3	101	0.00000
Ferruginibacter	1004303	G	95	2	97	0.00000
Mycovorax	3389990	G	89	8	97	0.00000
Niastella	354354	G	69	4	73	0.00000
Pseudobacter	1860196	G	68	4	72	0.00000
Flavihumibacter	1004301	G	64	1	65	0.00000
Thermoflavifilum	1649506	G	53	0	53	0.00000
Filimonas	649460	G	53	1	54	0.00000
Phnomibacter	2836216	G	44	2	46	0.00000
Pseudocnuella	2812019	G	36	2	38	0.00000
Puia	2045098	G	34	1	35	0.00000
Aureispira	365032	G	203	2	205	0.00000
Saprospira	1007	G	21	0	21	0.00000
Haliscomenobacter	2349	G	97	0	97	0.00000
Phaeodactylibacter	1564515	G	29	0	29	0.00000
Lewinella	70994	G	30	0	30	0.00000
Neolewinella	2993541	G	30	1	31	0.00000
Candidatus Sulfidibacterium	2923290	G	47	0	47	0.00000
Chlorobaculum	256319	G	177	0	177	0.00000
Prosthecochloris	1101	G	165	0	165	0.00000
Pelodictyon	1099	G	80	0	80	0.00000
Chlorobium	1091	G	22	0	22	0.00000
Chloroherpeton	100715	G	19	0	19	0.00000
Rubrivirga	1434037	G	244	0	244	0.00000
Rhodothermus	29548	G	74	0	74	0.00000
Rhodocaloribacter	2893090	G	27	0	27	0.00000
Salinibacter	146918	G	58	0	58	0.00000
Ignavibacterium	795750	G	130	0	130	0.00000
Melioribacter	1134403	G	28	0	28	0.00000
Gracilimonas	649462	G	30	0	30	0.00000
Cyclonatronum	2489367	G	23	0	23	0.00000
Gemmatimonas	173479	G	116	0	116	0.00000
Gemmatirosa	1706036	G	102	0	102	0.00000
Pseudogemmatithrix	3237678	G	31	0	31	0.00000
Candidatus Palauibacter	3056650	G	155	0	155	0.00000
Gaopeijia	3381669	G	63	0	63	0.00000
Candidatus Cloacimonas	456826	G	89	0	89	0.00000
Fibrobacter	832	G	19	0	19	0.00000
Urbifossiella	2807415	G	18297	171	18468	0.00024
Gemmata	113	G	1334	48	1382	0.00002
Frigoriglobus	2774146	G	694	28	722	0.00001
Limnoglobus	2731450	G	644	13	657	0.00001
Tuwongella	2051044	G	55	0	55	0.00000
Telmatocola	1382832	G	42	0	42	0.00000
Planctomyces	118	G	1938	45	1983	0.00003
Gimesia	1649453	G	501	7	508	0.00001
Planctomicrobium	1779141	G	178	3	181	0.00000
Schlesneria	656899	G	153	2	155	0.00000
Alienimonas	2714737	G	126	2	128	0.00000
Planctellipticum	3132181	G	118	2	120	0.00000
Caulifigura	2795778	G	101	0	101	0.00000
Maioricimonas	2795777	G	89	4	93	0.00000
Lacunimicrobium	3473513	G	50	0	50	0.00000
Polystyrenella	2795774	G	33	1	34	0.00000
Rubinisphaera	1649490	G	33	3	36	0.00000
Calycomorphotria	2795776	G	30	0	30	0.00000
Crateriforma	2714592	G	30	49	79	0.00000
Stratiformator	3076095	G	30	1	31	0.00000
Fuerstiella	1936111	G	29	0	29	0.00000
Planctopirus	1649480	G	20	0	20	0.00000
Symmachiella	2795780	G	18	0	18	0.00000
Thalassoglobus	2795865	G	18	0	18	0.00000
Pirellula	123	G	481	1	482	0.00001
Stieleria	2795973	G	300	8	308	0.00000
Roseimaritima	1579506	G	267	2	269	0.00000
Anatilimnocola	2807414	G	246	4	250	0.00000
Lignipirellula	2795775	G	106	4	110	0.00000
Rosistilla	2795779	G	99	1	100	0.00000
Rubripirellula	1579505	G	80	4	84	0.00000
Bremerella	2714594	G	80	0	80	0.00000
Novipirellula	2795426	G	76	1	77	0.00000
Rhodopirellula	265488	G	36	1	37	0.00000
Blastopirellula	265487	G	28	0	28	0.00000
Aureliella	2795605	G	11	0	11	0.00000
Roseiconus	2814446	G	11	25	36	0.00000
Mariniblastus	2005380	G	10	0	10	0.00000
Lacipirellula	2691417	G	109	1	110	0.00000
Pirellulimonas	2795783	G	76	0	76	0.00000
Aeoliella	2795781	G	66	1	67	0.00000
Botrimarina	2795782	G	65	1	66	0.00000
Bythopirellula	1400386	G	16	0	16	0.00000
Singulisphaera	466152	G	282	19	301	0.00000
Tundrisphaera	2029859	G	253	15	268	0.00000
Aquisphaera	1511635	G	186	9	195	0.00000
Tautonia	2680020	G	153	1	154	0.00000
Paludisphaera	1763521	G	86	7	93	0.00000
Saltatorellus	3405235	G	155	9	164	0.00000
Rohdeia	3405237	G	95	1	96	0.00000
Engelhardtia	3405233	G	81	3	84	0.00000
Kolteria	3405236	G	126	0	126	0.00000
Phycisphaera	666508	G	119	0	119	0.00000
Poriferisphaera	2803301	G	34	0	34	0.00000
Mucisphaera	2913022	G	26	0	26	0.00000
Anaerohalosphaera	2690159	G	115	0	115	0.00000
Sedimentisphaera	2483368	G	31	8	39	0.00000
Limihaloglobus	2690160	G	24	0	24	0.00000
Humisphaera	2807511	G	65	0	65	0.00000
Fontivita	2989683	G	47	0	47	0.00000
Candidatus Uabimicrobium	2897349	G	95	0	95	0.00000
Candidatus Kuenenia	380738	G	26	0	26	0.00000
Luteolibacter	518753	G	3643	27	3670	0.00005
Roseimicrobium	1348508	G	95	0	95	0.00000
Verrucomicrobium	2735	G	94	2	96	0.00000
Haloferula	574899	G	86	1	87	0.00000
Roseibacillus	518755	G	26	0	26	0.00000
Oceaniferula	2886881	G	18	0	18	0.00000
Sulfuriroseicoccus	2911469	G	18	0	18	0.00000
Akkermansia	239934	G	171	3	174	0.00000
Fontisphaera	3050007	G	36	0	36	0.00000
Opitutus	178440	G	197	2	199	0.00000
Termitidicoccus	3126963	G	130	3	133	0.00000
Lacunisphaera	1961799	G	106	2	108	0.00000
Lotipaludicoccus	3685778	G	68	2	70	0.00000
Horticoccus	2986286	G	63	0	63	0.00000
Oleiharenicola	2100741	G	54	1	55	0.00000
Actomonas	3138693	G	52	0	52	0.00000
Ereboglobus	2028344	G	48	1	49	0.00000
Synoicihabitans	2892920	G	36	0	36	0.00000
Nibricoccus	2576890	G	35	0	35	0.00000
Congregicoccus	3458163	G	106	0	106	0.00000
Coraliomargarita	442430	G	253	0	253	0.00000
Rubellicoccus	3138622	G	70	2	72	0.00000
Ruficoccus	2175957	G	31	2	33	0.00000
Candidatus Pelagisphaera	3049269	G	33	3	36	0.00000
Methylacidiphilum (ex Ratnadevi et al. 2023)	511745	G	226	3	229	0.00000
Methylacidimicrobium	1541670	G	26	1	27	0.00000
Candidatus Xiphinematobacter	134550	G	19	0	19	0.00000
Neochlamydia	112987	G	46	0	46	0.00000
Parachlamydia	83551	G	21	0	21	0.00000
Candidatus Protochlamydia	282132	G	18	0	18	0.00000
Candidatus Rhabdochlamydia	292833	G	57	14	71	0.00000
Candidatus Neptunichlamydia	1891669	G	19	2	21	0.00000
Chlamydia	810	G	139	0	139	0.00000
Kiritimatiella	1921784	G	40	30	70	0.00000
Tichowtungia	2907187	G	19	0	19	0.00000
Lentisphaera	256846	G	22	0	22	0.00000
Candidatus Velamenicoccus	2789201	G	20	0	20	0.00000
Arcobacter	28196	G	1171	124	1295	0.00002
Aliarcobacter	2321111	G	1060	164	1224	0.00002
Halarcobacter	2321115	G	609	17	626	0.00001
Malaciobacter	2321114	G	512	26	538	0.00001
Poseidonibacter	2321187	G	238	98	336	0.00000
Candidatus Marinarcus	2321204	G	127	6	133	0.00000
Campylobacter	194	G	2659	100	2759	0.00004
Helicobacter	209	G	1123	47	1170	0.00001
Wolinella	843	G	11	0	11	0.00000
Sulfurimonas	202746	G	930	19	949	0.00001
Sulfuricurvum	286130	G	81	4	85	0.00000
Thiomicrolovo	3451667	G	42	14	56	0.00000
Hydrocurvibacter	3451669	G	29	6	35	0.00000
Sulfurospirillum	57665	G	246	3	249	0.00000
Hydrogenimonas	223785	G	128	1	129	0.00000
Sulfurovum	265570	G	114	2	116	0.00000
Nitratiruptor	269258	G	134	0	134	0.00000
Nitrosophilus	2795692	G	127	0	127	0.00000
Caminibacter	191301	G	58	0	58	0.00000
Nautilia	191291	G	40	0	40	0.00000
Hippea	84404	G	92	0	92	0.00000
Sorangium	39643	G	3980	29	4009	0.00005
Polyangium	55	G	132	1	133	0.00000
Chondromyces	50	G	87	0	87	0.00000
Pajaroellobacter	1882917	G	21	0	21	0.00000
Sandaracinus	1055688	G	376	1	377	0.00000
Labilithrix	1524217	G	97	0	97	0.00000
Nannocystis	53	G	478	1	479	0.00001
Haliangium	162027	G	272	0	272	0.00000
Myxococcus	32	G	773	45	818	0.00001
Corallococcus	83461	G	603	63	666	0.00001
Pseudomyxococcus	3434272	G	204	29	233	0.00000
Pyxidicoccus	224458	G	123	4	127	0.00000
Archangium	47	G	571	16	587	0.00001
Cystobacter	42	G	341	18	359	0.00000
Melittangium	44	G	204	8	212	0.00000
Stigmatella	40	G	67	5	72	0.00000
Anaeromyxobacter	161492	G	369	4	373	0.00000
Vulgatibacter	1524214	G	100	0	100	0.00000
Pendulispora	3375062	G	348	0	348	0.00000
Desulfovibrio	872	G	667	5	672	0.00001
Pseudodesulfovibrio	2035811	G	433	15	448	0.00001
Solidesulfovibrio	2910984	G	282	1	283	0.00000
Maridesulfovibrio	2794998	G	238	3	241	0.00000
Nitratidesulfovibrio	2802295	G	168	1	169	0.00000
Halodesulfovibrio	1912771	G	67	1	68	0.00000
Desulfolutivibrio	2773294	G	49	0	49	0.00000
Salidesulfovibrio	2950010	G	48	1	49	0.00000
Oceanidesulfovibrio	2905722	G	44	0	44	0.00000
Oleidesulfovibrio	2909705	G	31	9	40	0.00000
Desulfocurvibacter	2582840	G	27	0	27	0.00000
Mailhella	1981028	G	21	3	24	0.00000
Bilophila	35832	G	20	0	20	0.00000
Lawsonia	41707	G	17	0	17	0.00000
Megalodesulfovibrio	2910978	G	16	0	16	0.00000
Taurinivorans	3126915	G	16	0	16	0.00000
Desulfobaculum	1433996	G	15	0	15	0.00000
Desulfomicrobium	898	G	65	0	65	0.00000
Desulforhopalus	40413	G	346	0	346	0.00000
Desulfosediminicola	2886823	G	31	0	31	0.00000
Desulfofustis	51194	G	30	0	30	0.00000
Desulfopila	429014	G	26	0	26	0.00000
Desulfocapsa	53318	G	13	0	13	0.00000
Desulfobulbus	893	G	206	0	206	0.00000
Desulfurivibrio	427922	G	159	0	159	0.00000
Desulfomarina	2894767	G	22	0	22	0.00000
Desulfolithobacter	3003266	G	12	0	12	0.00000
Thiovibrio	2991701	G	24	1	25	0.00000
Desulfobacter	2289	G	182	0	182	0.00000
Desulfobacula	28222	G	32	0	32	0.00000
Desulforapulum	2904687	G	13	0	13	0.00000
Desulfonema	45654	G	200	0	200	0.00000
Desulfococcus	896	G	13	0	13	0.00000
Desulfosarcina	2299	G	170	1	171	0.00000
Desulfatibacillum	218207	G	104	0	104	0.00000
Desulfosudis	2904716	G	89	0	89	0.00000
Desulfoluna	497721	G	19	0	19	0.00000
Geobacter	28231	G	144	3	147	0.00000
Geomonas	2651583	G	111	6	117	0.00000
Citrifermentans	2883512	G	81	10	91	0.00000
Trichlorobacter	115782	G	64	2	66	0.00000
Geotalea	2910589	G	51	1	52	0.00000
Desulfuromonas	890	G	166	0	166	0.00000
Pelobacter	18	G	11	0	11	0.00000
Geoalkalibacter	392332	G	76	3	79	0.00000
Syntrophotalea	2812025	G	63	0	63	0.00000
Candidatus Desulfofervidus	1902583	G	167	0	167	0.00000
Thermodesulfobacterium	1740	G	122	1	123	0.00000
Caldimicrobium	444090	G	10	0	10	0.00000
Desulfoferula	3093638	G	49	0	49	0.00000
Desulfarculus	453229	G	32	2	34	0.00000
Syntrophobacter	29526	G	28	0	28	0.00000
Desulfoglaeba	361106	G	20	0	20	0.00000
Syntrophus	43773	G	39	0	39	0.00000
Desulfomonile	2357	G	21	0	21	0.00000
Treponema	157	G	1079	1	1080	0.00001
Brucepastera	2967962	G	31	0	31	0.00000
Borrelia	138	G	606	3	609	0.00001
Borreliella	64895	G	481	12	493	0.00001
Entomospira	2834378	G	159	0	159	0.00000
Oceanispirochaeta	2035349	G	98	0	98	0.00000
Spirochaeta	146	G	33	0	33	0.00000
Candidatus Haliotispira	3115661	G	27	0	27	0.00000
Sediminispirochaeta	1911556	G	20	1	21	0.00000
Thiospirochaeta	2792240	G	20	0	20	0.00000
Salinispira	1616789	G	19	0	19	0.00000
Gracilinema	2951106	G	112	3	115	0.00000
Leadbettera	2951107	G	19	0	19	0.00000
Breznakiella	2845254	G	18	0	18	0.00000
Sphaerochaeta	399320	G	90	4	94	0.00000
Parasphaerochaeta	3062336	G	19	0	19	0.00000
Brachyspira	29521	G	727	0	727	0.00001
Leptospira	171	G	590	0	590	0.00001
Turneriella	338321	G	14	0	14	0.00000
Thermospira	3024226	G	21	0	21	0.00000
Tunturiibacter	3154218	G	253	2	255	0.00000
Terriglobus	392733	G	154	1	155	0.00000
Granulicella	940557	G	105	1	106	0.00000
Occallatibacter	1742983	G	67	0	67	0.00000
Edaphobacter	388463	G	55	0	55	0.00000
Telmatobacter	1078829	G	53	0	53	0.00000
Alloacidobacterium	2951993	G	32	0	32	0.00000
Acidisarcina	2608728	G	14	0	14	0.00000
Silvibacterium	1775468	G	11	0	11	0.00000
Candidatus Korobacter	658061	G	27	0	27	0.00000
Paludibaculum	1649475	G	61	0	61	0.00000
Geothrix	44675	G	284	2	286	0.00000
Mesoterricola	3074468	G	97	1	98	0.00000
Acanthopleuribacter	442869	G	97	0	97	0.00000
Sulfidibacter	2915177	G	45	0	45	0.00000
Thermotomaculum	1172428	G	26	0	26	0.00000
Luteitalea	2004797	G	207	0	207	0.00000
Chloracidobacterium	458032	G	62	0	62	0.00000
Bdellovibrio	958	G	644	0	644	0.00001
Pseudobdellovibrio	2862745	G	110	0	110	0.00000
Micavibrio	213485	G	47	0	47	0.00000
Pigmentibacter	2838409	G	189	0	189	0.00000
Silvanigrella	2024975	G	132	0	132	0.00000
Fluviispira	2698753	G	30	0	30	0.00000
Spirobacillus	495819	G	56	0	56	0.00000
Halobacteriovorax	1652133	G	137	0	137	0.00000
Peredibacter	263370	G	104	0	104	0.00000
Bacteriovorax	146784	G	12	0	12	0.00000
Sulfurihydrogenibium	212790	G	395	1	396	0.00001
Persephonella	182899	G	40	0	40	0.00000
Hydrogenobaculum	168657	G	79	0	79	0.00000
Hydrogenobacter	939	G	27	3	30	0.00000
Pampinifervens	3453421	G	20	0	20	0.00000
Thermocrinis	75905	G	14	0	14	0.00000
Desulfurobacterium	64159	G	14	0	14	0.00000
Nitrospira	1234	G	295	0	295	0.00000
Leptospirillum	179	G	13	0	13	0.00000
Candidatus Magnetomonas	3459270	G	19	0	19	0.00000
Thermodesulfovibrio	28261	G	154	1	155	0.00000
Dissulfurispira	2811506	G	53	0	53	0.00000
Calditerrivibrio	545865	G	141	0	141	0.00000
Flexistipes	2351	G	115	0	115	0.00000
Denitrovibrio	117999	G	24	0	24	0.00000
Geovibrio	46200	G	14	0	14	0.00000
Mucispirillum	248038	G	37	0	37	0.00000
Deferribacter	53572	G	26	0	26	0.00000
Dictyoglomus	13	G	302	0	302	0.00000
Thermomicrobium	499	G	165	0	165	0.00000
Sphaerobacter	2056	G	23	0	23	0.00000
Endomicrobium	1408194	G	18	3	21	0.00000
Candidatus Endomicrobiellum	3238959	G	15	0	15	0.00000
Elusimicrobium	423604	G	18	0	18	0.00000
Parelusimicrobium	3416099	G	12	0	12	0.00000
Atribacter	2847777	G	35	2	37	0.00000
Candidatus Caldatribacterium	1454725	G	16	0	16	0.00000
Thermodesulfobium	227388	G	40	0	40	0.00000
Coprothermobacter	68335	G	36	0	36	0.00000
Caldithrix	187144	G	32	0	32	0.00000
Enterococcus	1350	G	732071	148355	880426	0.01123
Vagococcus	2737	G	72467	7244	79711	0.00102
Tetragenococcus	51668	G	13084	1990	15074	0.00019
Melissococcus	33969	G	3447	37	3484	0.00004
Lactobacillus	1578	G	10794	563	11357	0.00014
Ligilactobacillus	2767887	G	6035	319	6354	0.00008
Leuconostoc	1243	G	5954	262	6216	0.00008
Companilactobacillus	2767879	G	5239	437	5676	0.00007
Pediococcus	1253	G	4965	1091	6056	0.00008
Latilactobacillus	2767885	G	4008	374	4382	0.00006
Lactiplantibacillus	2767842	G	3326	432	3758	0.00005
Lacticaseibacillus	2759736	G	3186	450	3636	0.00005
Liquorilactobacillus	2767888	G	2943	625	3568	0.00005
Weissella	46255	G	2598	172	2770	0.00004
Fructilactobacillus	2767881	G	2537	67	2604	0.00003
Loigolactobacillus	2767889	G	2112	890	3002	0.00004
Limosilactobacillus	2742598	G	2100	229	2329	0.00003
Levilactobacillus	2767886	G	2039	302	2341	0.00003
Lentilactobacillus	2767893	G	1687	158	1845	0.00002
Dellaglioa	2767880	G	1317	157	1474	0.00002
Apilactobacillus	2767877	G	1164	13	1177	0.00002
Bombilactobacillus	2767878	G	1045	7	1052	0.00001
Secundilactobacillus	2767892	G	885	227	1112	0.00001
Furfurilactobacillus	2767882	G	865	117	982	0.00001
Paucilactobacillus	2767890	G	830	187	1017	0.00001
Oenococcus	46254	G	755	33	788	0.00001
Agrilactobacillus	2767875	G	653	21	674	0.00001
Xylocopilactobacillus	3118928	G	468	0	468	0.00001
Holzapfeliella	2767883	G	322	1	323	0.00000
Amylolactobacillus	2767876	G	255	43	298	0.00000
Lapidilactobacillus	2767884	G	211	4	215	0.00000
Nicoliella	2978367	G	170	1	171	0.00000
Fructobacillus	559173	G	141	0	141	0.00000
Acetilactobacillus	2767874	G	68	0	68	0.00000
Periweissella	2930384	G	45	0	45	0.00000
Schleiferilactobacillus	2767891	G	35	0	35	0.00000
Streptococcus	1301	G	45903	1817	47720	0.00061
Lactococcus	1357	G	11643	2235	13878	0.00018
Pseudolactococcus	3436058	G	3641	340	3981	0.00005
Floricoccus	1930830	G	972	7	979	0.00001
Carnobacterium	2747	G	19592	1511	21103	0.00027
Jeotgalibaca	1470540	G	6057	553	6610	0.00008
Granulicatella	117563	G	3167	753	3920	0.00005
Trichococcus	82802	G	1329	77	1406	0.00002
Dolosigranulum	29393	G	1041	22	1063	0.00001
Desemzia	82800	G	907	218	1125	0.00001
Alkalibacterium	99906	G	859	33	892	0.00001
Marinilactibacillus	191769	G	565	117	682	0.00001
Alloiococcus	1651	G	135	2	137	0.00000
Aerococcus	1375	G	2693	169	2862	0.00004
Globicatella	13075	G	1468	28	1496	0.00002
Fundicoccus	2761542	G	1207	36	1243	0.00002
Tuanshanicoccus	3465067	G	754	11	765	0.00001
Ruoffia	2862144	G	274	41	315	0.00000
Ignavigranum	89092	G	269	5	274	0.00000
Abiotrophia	46123	G	238	3	241	0.00000
Suicoccus	2689587	G	183	17	200	0.00000
Mammaliicoccus	2803850	G	300080	10223	310303	0.00396
Staphylococcus	1279	G	18706	1402	20108	0.00026
Macrococcus	69965	G	2189	95	2284	0.00003
Salinicoccus	45669	G	654	14	668	0.00001
Macrococcoides	3076173	G	609	44	653	0.00001
Jeotgalicoccus	227979	G	251	4	255	0.00000
Nosocomiicoccus	489909	G	38	0	38	0.00000
Bacillus	1386	G	26702	1936	28638	0.00037
Lysinibacillus	400634	G	7282	375	7657	0.00010
Niallia	2837506	G	7188	575	7763	0.00010
Priestia	2800373	G	5680	399	6079	0.00008
Neobacillus	2675232	G	5649	349	5998	0.00008
Peribacillus	2675229	G	5201	271	5472	0.00007
Oceanobacillus	182709	G	4383	180	4563	0.00006
Cytobacillus	2675230	G	3584	542	4126	0.00005
Virgibacillus	84406	G	3476	103	3579	0.00005
Metabacillus	2675233	G	3133	244	3377	0.00004
Psychrobacillus	1221880	G	2806	138	2944	0.00004
Halobacillus	45667	G	2458	76	2534	0.00003
Shouchella	2893057	G	2312	93	2405	0.00003
Rossellomorea	2837508	G	1549	110	1659	0.00002
Heyndrickxia	2837504	G	1430	219	1649	0.00002
Sutcliffiella	2837511	G	1246	66	1312	0.00002
Caldifermentibacillus	3034001	G	1078	5571	6649	0.00008
Alkalihalobacillus	2675234	G	1048	50	1098	0.00001
Gracilibacillus	74385	G	1023	33	1056	0.00001
Mesobacillus	2675231	G	941	68	1009	0.00001
Cerasibacillus	227864	G	827	67	894	0.00001
Pontibacillus	289201	G	739	14	753	0.00001
Amphibacillus	29331	G	679	46	725	0.00001
Salipaludibacillus	1884449	G	650	16	666	0.00001
Terribacillus	459532	G	608	19	627	0.00001
Fervidibacillus	3033930	G	555	26	581	0.00001
Anaerobacillus	704093	G	535	28	563	0.00001
Pseudobacillus	108525	G	521	95	616	0.00001
Ornithinibacillus	484508	G	442	51	493	0.00001
Radiobacillus	2785518	G	438	16	454	0.00001
Lentibacillus	175304	G	424	8	432	0.00001
Alkalihalophilus	2893060	G	424	28	452	0.00001
Gottfriedia	2837503	G	393	14	407	0.00001
Schinkia	2837509	G	330	15	345	0.00000
Falsibacillus	1270155	G	293	14	307	0.00000
Salicibibacter	2685905	G	288	0	288	0.00000
Evansella	2837485	G	288	10	298	0.00000
Aeribacillus	1055323	G	279	431	710	0.00001
Lederbergia	2804231	G	255	5	260	0.00000
Paraliobacillus	200903	G	246	6	252	0.00000
Domibacillus	1433999	G	233	15	248	0.00000
Pradoshia	2651279	G	229	10	239	0.00000
Robertmurraya	2837507	G	220	17	237	0.00000
Allobacillus	1400133	G	217	6	223	0.00000
Halalkalibacter	2893056	G	178	23	201	0.00000
Mangrovibacillus	2920444	G	169	9	178	0.00000
Ectobacillus	2837502	G	166	7	173	0.00000
Alkalibacillus	331654	G	165	1	166	0.00000
Siminovitchia	2837510	G	140	9	149	0.00000
Paenalkalicoccus	2944627	G	92	35	127	0.00000
Aciduricibacillus	3158337	G	92	4	96	0.00000
Salimicrobium	351195	G	91	2	93	0.00000
Sediminibacillus	482460	G	90	3	93	0.00000
Alkalicoccus	2005375	G	72	1	73	0.00000
Salisediminibacterium	1434042	G	62	1	63	0.00000
Paraperibacillus	3450404	G	42	1	43	0.00000
Caldalkalibacillus	379065	G	40	8	48	0.00000
Tepidibacillus	1494427	G	34	1	35	0.00000
Caldibacillus	1276290	G	29	762	791	0.00001
Halalkalibacterium (ex Joshi et al. 2022)	2893055	G	29	1	30	0.00000
Paenibacillus	44249	G	89063	1082	90145	0.00115
Brevibacillus	55080	G	1474	17	1491	0.00002
Cohnella	329857	G	565	10	575	0.00001
Thermobacillus	76632	G	169	3	172	0.00000
Pristimantibacillus (SeqCode)	2994560	G	117	4	121	0.00000
Aneurinibacillus	55079	G	85	1	86	0.00000
Saccharibacillus	456492	G	45	0	45	0.00000
Listeria	1637	G	15940	1661	17601	0.00022
Paenilisteria	3373705	G	1182	103	1285	0.00002
Brochothrix	2755	G	1012	60	1072	0.00001
Sporosarcina	1569	G	3429	157	3586	0.00005
Planococcus	1372	G	2507	93	2600	0.00003
Solibacillus	648800	G	1892	200	2092	0.00003
Ureibacillus	160795	G	1022	181	1203	0.00002
Paenisporosarcina	651660	G	862	84	946	0.00001
Rummeliibacillus	648802	G	803	87	890	0.00001
Kurthia	1649	G	563	74	637	0.00001
Viridibacillus	496496	G	477	46	523	0.00001
Jeotgalibacillus	157226	G	303	19	322	0.00000
Chryseomicrobium	889388	G	160	15	175	0.00000
Metasolibacillus	2703677	G	63	8	71	0.00000
Anoxybacillus	150247	G	883	92	975	0.00001
Parageobacillus	1906945	G	580	277	857	0.00001
Anoxybacteroides	3389905	G	433	46	479	0.00001
Geobacillus	129337	G	363	539	902	0.00001
Thermaerobacillus	3390020	G	162	32	194	0.00000
Saccharococcus	29395	G	20	13	33	0.00000
Fictibacillus	1329200	G	882	80	962	0.00001
Pseudalkalibacillus	2893058	G	624	35	659	0.00001
Exiguobacterium	33986	G	1388	53	1441	0.00002
Hydrogenibacillus	1609627	G	54	0	54	0.00000
Alicyclobacillus	29330	G	393	0	393	0.00001
Fodinisporobacter	3156481	G	304	1	305	0.00000
Tumebacillus	432330	G	62	0	62	0.00000
Kyrpidia	1129704	G	50	0	50	0.00000
Effusibacillus	1502725	G	19	0	19	0.00000
Gemella	1378	G	748	20	768	0.00001
Sporolactobacillus	2077	G	363	4	367	0.00000
Pullulanibacillus	475230	G	267	6	273	0.00000
Guptibacillus	3421338	G	362	49	411	0.00001
Novibacillus	1677050	G	183	7	190	0.00000
Kroppenstedtia	1274351	G	57	0	57	0.00000
Laceyella	292635	G	24	0	24	0.00000
Thermoactinomyces	2023	G	22	0	22	0.00000
Staphylospora	2689589	G	13	0	13	0.00000
Polycladomyces	1348505	G	10	0	10	0.00000
Abyssicoccus	1955413	G	234	55	289	0.00000
Lacrimispora	2719231	G	279448	2574	282022	0.00360
Blautia	572511	G	11662	2620	14282	0.00018
Anaerocolumna	1843210	G	5958	14	5972	0.00008
Mediterraneibacter	2316020	G	4011	1907	5918	0.00008
Roseburia	841	G	3059	436	3495	0.00004
Anaerostipes	207244	G	2232	187	2419	0.00003
Lachnoclostridium	1506553	G	1903	149	2052	0.00003
Hungatella	1649459	G	1797	301	2098	0.00003
Kineothrix	2163168	G	1714	15	1729	0.00002
Enterocloster	2719313	G	1640	186	1826	0.00002
Dorea	189330	G	1400	498	1898	0.00002
Sellimonas	1769710	G	988	194	1182	0.00002
Butyrivibrio	830	G	977	6	983	0.00001
Novisyntrophococcus	2888809	G	944	46	990	0.00001
Eisenbergiella	1432051	G	853	146	999	0.00001
Anaerobutyricum	2569097	G	824	145	969	0.00001
Otoolea	2941495	G	694	85	779	0.00001
Allocoprococcus	3569723	G	624	258	882	0.00001
Marvinbryantia	248744	G	618	45	663	0.00001
Jutongia	2944194	G	530	41	571	0.00001
Claveliimonas	3076670	G	501	45	546	0.00001
Faecalimonas	2005355	G	467	174	641	0.00001
Pseudobutyrivibrio	46205	G	386	5	391	0.00000
Coprococcus	33042	G	378	38	416	0.00001
Anaeromicropila	3024823	G	339	1	340	0.00000
Lachnoanaerobaculum	1164882	G	307	7	314	0.00000
Agathobacter	1766253	G	301	116	417	0.00001
Wansuia	2944198	G	283	14	297	0.00000
Anaeropeptidivorans	2997360	G	247	1	248	0.00000
Candidatus Epulonipiscium	2383	G	239	3	242	0.00000
Qiania	2944195	G	227	19	246	0.00000
Lachnospira	28050	G	211	14	225	0.00000
Herbinix	1663717	G	204	32	236	0.00000
Hominifimenecus	3073585	G	190	0	190	0.00000
Eshraghiella	3342669	G	183	38	221	0.00000
Chakrabartyella	3088373	G	168	4	172	0.00000
Simiaoa	2944193	G	118	26	144	0.00000
Tyzzerella	1506577	G	99	1	100	0.00000
Chordicoccus	3031933	G	45	1	46	0.00000
Wujia	2944152	G	41	10	51	0.00000
Stomatobaculum	1213720	G	33	0	33	0.00000
Sporofaciens	2811390	G	18	0	18	0.00000
Cellulosilyticum	698776	G	1923	8	1931	0.00002
Vallitalea	1348611	G	797	5	802	0.00001
Petrocella	2603323	G	95	1	96	0.00000
Anaerotignum	2039240	G	271	31	302	0.00000
Defluviitalea	1185408	G	191	36	227	0.00000
Clostridium	1485	G	33999	1148	35147	0.00045
Lactonifactor	420345	G	946	104	1050	0.00001
Wukongibacter	1884926	G	751	4	755	0.00001
Crassaminicella	1848399	G	568	7	575	0.00001
Haloimpatiens	1755832	G	548	74	622	0.00001
Caloramator	44258	G	156	4	160	0.00000
Sarcina	1266	G	137	5	142	0.00000
Oceanirhabdus	1434026	G	128	0	128	0.00000
Hathewaya	1769729	G	100	3	103	0.00000
Candidatus Neoarthromitus	49082	G	48	0	48	0.00000
Proteiniclasticum	1155385	G	28	0	28	0.00000
Ruminococcus	1263	G	1319	175	1494	0.00002
Caproicibacterium	2834348	G	512	42	554	0.00001
Faecalibacterium	216851	G	498	51	549	0.00001
Petroclostridium	2304687	G	420	5	425	0.00001
Ruminiclostridium	1508657	G	284	26	310	0.00000
Fastidiosipila	236752	G	261	40	301	0.00000
Acidaminobacterium	3570270	G	178	0	178	0.00000
Paludihabitans	2038676	G	74	0	74	0.00000
Ruthenibacterium	1905344	G	72	5	77	0.00000
Flavonifractor	946234	G	61	6	67	0.00000
Owariibacterium	3393728	G	58	13	71	0.00000
Dysosmobacter	2591381	G	48	73	121	0.00000
Thermoclostridium	2304691	G	44	6	50	0.00000
Anaerotruncus	244127	G	42	7	49	0.00000
Subdoligranulum	292632	G	42	3	45	0.00000
Ethanoligenens	253238	G	41	2	43	0.00000
Vescimonas	2892396	G	37	10	47	0.00000
Pusillibacter	2892397	G	36	6	42	0.00000
Pseudoflavonifractor	1017280	G	30	2	32	0.00000
Amygdalobacter	3079925	G	29	1	30	0.00000
Solibaculum	2842531	G	25	3	28	0.00000
Thermocaproicibacter	3048127	G	24	5	29	0.00000
Mageeibacillus	1637257	G	19	1	20	0.00000
Bengtsoniella	3389389	G	19	0	19	0.00000
Oscillibacter	459786	G	17	2	19	0.00000
Lawsonibacter	2172004	G	14	0	14	0.00000
Hominenteromicrobium	3073575	G	14	5	19	0.00000
Eubacterium	1730	G	1303	278	1581	0.00002
Acetobacterium	33951	G	310	3	313	0.00000
Anaerofustis	264995	G	54	3	57	0.00000
Pseudoramibacter	113286	G	32	0	32	0.00000
Alkalibacter	274470	G	21	0	21	0.00000
Desulfosporosinus	79206	G	566	5	571	0.00001
Desulfitobacterium	36853	G	501	8	509	0.00001
Dehalobacter	56112	G	119	28	147	0.00000
Syntrophobotulus	51196	G	71	0	71	0.00000
Proteiniborus	415014	G	220	12	232	0.00000
Thermaerobacter	73918	G	132	0	132	0.00000
Sulfobacillus	28033	G	33	0	33	0.00000
Fenollaria	1686313	G	155	21	176	0.00000
Intestinimonas	1392389	G	74	6	80	0.00000
Caproiciproducens	1738645	G	391	60	451	0.00001
Caproicibacter	2576755	G	111	56	167	0.00000
Acutalibacter	1918385	G	63	1	64	0.00000
Desulforamulus	2916693	G	208	4	212	0.00000
Dehalobacterium	51514	G	53	5	58	0.00000
Desulfofarcimen	2282742	G	33	0	33	0.00000
Candidatus Formimonas	2840454	G	30	0	30	0.00000
Phosphitispora	2903061	G	25	2	27	0.00000
Thermanaerosceptrum	2651578	G	17	0	17	0.00000
Acididesulfobacillus	2924872	G	13	0	13	0.00000
Desulfofundulus	2282741	G	11	0	11	0.00000
Syntrophomonas	862	G	291	2	293	0.00000
Candidatus Syntrophocurvum	2293313	G	41	0	41	0.00000
Syntrophothermus	129001	G	15	0	15	0.00000
Helicovermis	3136917	G	128	0	128	0.00000
Fusibacter	76008	G	78	0	78	0.00000
Tianxiuia	3680000	G	63	0	63	0.00000
Butyricicoccus	580596	G	129	17	146	0.00000
Agathobaculum	2048137	G	56	18	74	0.00000
Intestinibacillus	1928820	G	10	17	27	0.00000
Alkalicella	2838170	G	105	0	105	0.00000
Proteinivorax	1491776	G	73	0	73	0.00000
Desulfoscipio	2867376	G	96	0	96	0.00000
Aristaeella	3046369	G	79	0	79	0.00000
Symbiobacterium	2733	G	42	0	42	0.00000
Caldinitratiruptor	1006480	G	35	0	35	0.00000
Thermincola	278993	G	67	2	69	0.00000
Heliorestis	79598	G	19	0	19	0.00000
Heliomicrobium	2831443	G	10	0	10	0.00000
Clostridioides	1870884	G	2839	248	3087	0.00004
Paraclostridium	1849822	G	2720	174	2894	0.00004
Romboutsia	1501226	G	2642	468	3110	0.00004
Terrisporobacter	1505652	G	2140	105	2245	0.00003
Faecalimicrobium	3120164	G	2016	345	2361	0.00003
Peptacetobacter	2743582	G	506	37	543	0.00001
Tepidibacter	214904	G	361	6	367	0.00000
Peptostreptococcus	1257	G	208	10	218	0.00000
Intestinibacter	1505657	G	182	23	205	0.00000
Anoxybacterium	3408579	G	626	3	629	0.00001
Aminipila	2060094	G	503	19	522	0.00001
Sinanaerobacter	2886866	G	302	4	306	0.00000
Emergencia	1926556	G	246	13	259	0.00000
Mogibacterium	86331	G	112	8	120	0.00000
Ihubacter	1926667	G	39	1	40	0.00000
Alkaliphilus	114627	G	705	9	714	0.00001
Andreesenella	3685825	G	96	0	96	0.00000
Serpentinicella	1890059	G	37	0	37	0.00000
Geosporobacter	390805	G	375	7	382	0.00000
Filifactor	44259	G	278	57	335	0.00000
Acetoanaerobium	186831	G	96	0	96	0.00000
Caminicella	166484	G	63	1	64	0.00000
Peptoclostridium	1481960	G	15	0	15	0.00000
Thermoanaerobacterium	28895	G	1135	15	1150	0.00001
Thermoanaerobacter	1754	G	577	46	623	0.00001
Carboxydothermus	129957	G	67	0	67	0.00000
Caldanaerobacter	249529	G	31	3	34	0.00000
Aceticella	3051499	G	30	0	30	0.00000
Gelria	189326	G	20	0	20	0.00000
Ammonifex	42837	G	11	0	11	0.00000
Thermacetogenium	140458	G	10	0	10	0.00000
Candidatus Desulforudis	471826	G	25	0	25	0.00000
Halanaerobium	2330	G	228	0	228	0.00000
Halocella	46466	G	38	55	93	0.00000
Iocasia	2899804	G	15	22	37	0.00000
Acetohalobium	28186	G	137	10	147	0.00000
Halobacteroides	42417	G	49	9	58	0.00000
Natroniella	52003	G	27	0	27	0.00000
Anoxybacter	1769008	G	172	0	172	0.00000
Halothermothrix	32636	G	34	0	34	0.00000
Acetivibrio	35829	G	561	52	613	0.00001
Christensenella	990721	G	234	18	252	0.00000
Neomoorella	44260	G	100	0	100	0.00000
Metallumcola	3234175	G	75	0	75	0.00000
Zhaonella	2748674	G	40	0	40	0.00000
Natranaerobius	375928	G	135	2	137	0.00000
Natranaerofaba	2807497	G	38	0	38	0.00000
Monoglobus	2039302	G	160	24	184	0.00000
Tepidanaerobacter	499228	G	45	0	45	0.00000
Biomaibacter	2770094	G	40	0	40	0.00000
Koleobacter	2786989	G	36	0	36	0.00000
Mahella	252965	G	19	0	19	0.00000
Erysipelothrix	1647	G	1617	29	1646	0.00002
Hoskinsella	3681505	G	293	149	442	0.00001
Bulleidia	118747	G	278	12	290	0.00000
Amedibacterium	2749267	G	221	51	272	0.00000
Allocoprobacillus	3059504	G	165	12	177	0.00000
Allobaculum	174708	G	108	0	108	0.00000
Holdemania	61170	G	96	17	113	0.00000
Solobacterium	123375	G	44	16	60	0.00000
Longicatena	1918536	G	42	19	61	0.00000
Intestinibaculum	2679910	G	25	0	25	0.00000
Massilimicrobiota	1924110	G	17	121	138	0.00000
Turicibacter	191303	G	1503	39	1542	0.00002
Faecalibacillus	2678885	G	491	86	577	0.00001
Thomasclavelia	3025755	G	416	43	459	0.00001
Catenibacterium	135858	G	209	4	213	0.00000
Tannockella	2943184	G	193	1	194	0.00000
Megamonas	158846	G	1372	3	1375	0.00002
Selenomonas	970	G	386	0	386	0.00000
Pectinatus	864	G	250	0	250	0.00000
Mitsuokella	52225	G	62	1	63	0.00000
Sporomusa	2375	G	673	12	685	0.00001
Pelosinus	365348	G	641	21	662	0.00001
Methylomusa	2093783	G	205	6	211	0.00000
Anaerosinus	151037	G	44	0	44	0.00000
Megasphaera	906	G	374	4	378	0.00000
Veillonella	29465	G	145	0	145	0.00000
Dialister	39948	G	136	1	137	0.00000
Phascolarctobacterium	33024	G	310	1	311	0.00000
Acidaminococcus	904	G	95	1	96	0.00000
Anaerococcus	165779	G	498	20	518	0.00001
Helcococcus	31983	G	382	24	406	0.00001
Parvimonas	543311	G	353	33	386	0.00000
Peptoniphilus	162289	G	234	42	276	0.00000
Miniphocaeibacter	2126548	G	201	0	201	0.00000
Finegoldia	150022	G	94	15	109	0.00000
Microaceticoccus	3421489	G	84	0	84	0.00000
Aedoeadaptatus	2981628	G	50	0	50	0.00000
Tissierella	41273	G	909	4	913	0.00001
Gudongella	2692382	G	19	0	19	0.00000
Schnuerera	2794837	G	157	4	161	0.00000
Keratinibaculum	1354809	G	65	2	67	0.00000
Acidilutibacter	2992720	G	168	11	179	0.00000
Gottschalkia	1505664	G	74	0	74	0.00000
Sporanaerobacter	165812	G	59	2	61	0.00000
Caloranaerobacter	171003	G	47	0	47	0.00000
Sedimentibacter	190972	G	714	3	717	0.00001
Ezakiella	1582879	G	20	10	30	0.00000
Caldicellulosiruptor	44000	G	784	7	791	0.00001
Anaerocellum	32631	G	27	1	28	0.00000
Limnochorda	1676651	G	87	0	87	0.00000
Geochorda	3366854	G	47	0	47	0.00000
Carboxydichorda	3366853	G	10	36	46	0.00000
Candidatus Contubernalis	338648	G	15	0	15	0.00000
Microbacterium	33882	G	964678	46394	1011072	0.01290
Leucobacter	55968	G	26929	1277	28206	0.00036
Curtobacterium	2034	G	5646	180	5826	0.00007
Agromyces	33877	G	5430	219	5649	0.00007
Leifsonia	110932	G	3632	147	3779	0.00005
Rathayibacter	33886	G	2179	65	2244	0.00003
Cryobacterium	69578	G	2148	36	2184	0.00003
Agrococcus	46352	G	1862	101	1963	0.00003
Clavibacter	1573	G	1744	82	1826	0.00002
Microcella	337004	G	1140	60	1200	0.00002
Plantibacter	190323	G	1096	17	1113	0.00001
Salinibacterium	235888	G	892	21	913	0.00001
Frigoribacterium	96492	G	814	25	839	0.00001
Herbiconiux	881616	G	811	25	836	0.00001
Microterricola	518733	G	795	26	821	0.00001
Frondihabitans	447237	G	782	15	797	0.00001
Cnuibacter	1759331	G	664	30	694	0.00001
Mycetocola	76634	G	566	10	576	0.00001
Gulosibacter	256818	G	550	51	601	0.00001
Protaetiibacter	2680004	G	538	29	567	0.00001
Paramicrobacterium	3110364	G	441	12	453	0.00001
Subtercola	120212	G	371	3	374	0.00000
Humibacter	427753	G	336	31	367	0.00000
Gryllotalpicola	1195526	G	298	7	305	0.00000
Diaminobutyricimonas	1433997	G	267	6	273	0.00000
Rhodoluna	529883	G	137	0	137	0.00000
Aquiluna	529881	G	106	0	106	0.00000
Homoserinibacter	1649457	G	229	10	239	0.00000
Lacisediminihabitans	2740558	G	217	3	220	0.00000
Aurantimicrobium	1705353	G	214	2	216	0.00000
Naasia	1434022	G	204	6	210	0.00000
Glaciihabitans	1649454	G	194	3	197	0.00000
Orlajensenia	3440766	G	179	5	184	0.00000
Antiquaquibacter	3108736	G	164	1	165	0.00000
Homoserinimonas	1434009	G	161	3	164	0.00000
Ruicaihuangia	3137419	G	161	4	165	0.00000
Marisediminicola	1230698	G	154	3	157	0.00000
Agreia	110934	G	124	2	126	0.00000
Okibacterium	196084	G	124	5	129	0.00000
Humidisolicoccus	3425211	G	119	1	120	0.00000
Lysinibacter	1857011	G	66	0	66	0.00000
Pontimonas	1434032	G	28	0	28	0.00000
Sanguibacter	60919	G	58975	2621	61596	0.00079
Cellulomonas	1707	G	34872	2399	37271	0.00048
Oerskovia	162491	G	4394	499	4893	0.00006
Paraoerskovia	665568	G	2960	209	3169	0.00004
Actinotalea	458839	G	1185	206	1391	0.00002
Pseudactinotalea	1926259	G	551	12	563	0.00001
Arthrobacter	1663	G	9929	1206	11135	0.00014
Citricoccus	169133	G	8366	1967	10333	0.00013
Glutamicibacter	1742989	G	2348	332	2680	0.00003
Pseudarthrobacter	1742993	G	2146	339	2485	0.00003
Kocuria	57493	G	2139	246	2385	0.00003
Micrococcus	1269	G	1614	226	1840	0.00002
Sinomonas	596707	G	1519	33	1552	0.00002
Rothia	32207	G	1071	139	1210	0.00002
Paenarthrobacter	1742992	G	1012	515	1527	0.00002
Auritidibacter	1160973	G	304	9	313	0.00000
Nesterenkonia	57494	G	168	0	168	0.00000
Crystallibacter	3456524	G	145	8	153	0.00000
Zhihengliuella	370735	G	112	50	162	0.00000
Neomicrococcus	1868332	G	94	6	100	0.00000
Paeniglutamicibacter	1742990	G	93	4	97	0.00000
Psychromicrobium	2078575	G	80	1	81	0.00000
Pseudoglutamicibacter	1742991	G	58	37	95	0.00000
Renibacterium	1645	G	47	0	47	0.00000
Cellulosimicrobium	157920	G	15849	1526	17375	0.00022
Isoptericola	254250	G	4772	693	5465	0.00007
Xylanimonas	186188	G	3936	386	4322	0.00006
Promicromonospora	43676	G	2636	142	2778	0.00004
Brachybacterium	43668	G	22699	2351	25050	0.00032
Dermabacter	36739	G	296	130	426	0.00001
Devriesea	472568	G	125	1	126	0.00000
Helcobacillus	1161125	G	122	6	128	0.00000
Brevibacterium	1696	G	11363	539	11902	0.00015
Saxibacter	3162691	G	98	1	99	0.00000
Janibacter	53457	G	1951	200	2151	0.00003
Arsenicicoccus	267408	G	675	42	717	0.00001
Phycicoccus	367298	G	673	118	791	0.00001
Terrabacter	53355	G	567	48	615	0.00001
Humibacillus	556178	G	467	31	498	0.00001
Knoellia	136099	G	404	19	423	0.00001
Pedococcus	2805645	G	395	26	421	0.00001
Oryzobacter	1849973	G	375	34	409	0.00001
Intrasporangium	53357	G	338	15	353	0.00000
Nostocoides	99479	G	102	5	107	0.00000
Pengzhenrongella	2888818	G	2107	78	2185	0.00003
Luteimicrobium	754249	G	1214	69	1283	0.00002
Timonella	1465824	G	140	5	145	0.00000
Ornithinimicrobium	125287	G	1692	79	1771	0.00002
Serinicoccus	265976	G	941	64	1005	0.00001
Ruania	626119	G	1389	29	1418	0.00002
Occultella	2828348	G	508	20	528	0.00001
Beutenbergia	84756	G	922	30	952	0.00001
Miniimonas	947525	G	458	109	567	0.00001
Demequina	577469	G	1062	37	1099	0.00001
Dermacoccus	57495	G	317	27	344	0.00000
Barrientosiimonas	1535207	G	194	22	216	0.00000
Luteipulveratus	745364	G	173	5	178	0.00000
Yimella	908935	G	113	4	117	0.00000
Allobranchiibius	2040262	G	101	3	104	0.00000
Kytococcus	57499	G	279	26	305	0.00000
Gephyromycinifex	2885697	G	102	1	103	0.00000
Dermatophilus	1862	G	65	0	65	0.00000
Austwickia	1184606	G	64	0	64	0.00000
Jonesia	43673	G	169	7	176	0.00000
Tropheryma	2038	G	91	0	91	0.00000
Rhodococcus	1827	G	215038	9056	224094	0.00286
Prescottella	2979332	G	12687	766	13453	0.00017
Nocardia	1817	G	8011	175	8186	0.00010
Rhodococcoides	3259750	G	355	79	434	0.00001
Williamsia	85043	G	116	2	118	0.00000
Mycobacterium	1763	G	67170	2708	69878	0.00089
Mycolicibacterium	1866885	G	22839	4314	27153	0.00035
Mycobacteroides	670516	G	6391	530	6921	0.00009
Mycolicibacter	1073531	G	536	81	617	0.00001
Mycolicibacillus	2126281	G	123	5	128	0.00000
Corynebacterium	1716	G	67159	4123	71282	0.00091
Tsukamurella	2060	G	27893	890	28783	0.00037
Gordonia	2053	G	7873	329	8202	0.00010
Skermania	59613	G	97	0	97	0.00000
Dietzia	37914	G	6463	432	6895	0.00009
Tomitella	741759	G	239	6	245	0.00000
Segniliparus	286801	G	69	0	69	0.00000
Hoyosella	697025	G	32	0	32	0.00000
Lawsonella	1847725	G	18	0	18	0.00000
Streptomyces	1883	G	93832	4061	97893	0.00125
Kitasatospora	2063	G	5325	973	6298	0.00008
Actinacidiphila	2995702	G	666	90	756	0.00001
Embleya	2699295	G	595	17	612	0.00001
Streptacidiphilus	228398	G	406	29	435	0.00001
Peterkaempfera	2995704	G	363	28	391	0.00000
Streptantibioticus	2995706	G	181	19	200	0.00000
Yinghuangia	2805681	G	151	5	156	0.00000
Carbonactinospora	2864378	G	89	2	91	0.00000
Nocardioides	1839	G	9481	566	10047	0.00013
Aeromicrobium	2040	G	2164	119	2283	0.00003
Pimelobacter	2044	G	480	142	622	0.00001
Mumia	1546255	G	279	12	291	0.00000
Friedmanniella	53387	G	194	13	207	0.00000
Solicola	3024237	G	131	3	134	0.00000
Micropruina	116071	G	109	17	126	0.00000
Cutibacterium	1912216	G	2616	128	2744	0.00004
Tessaracoccus	72763	G	2099	174	2273	0.00003
Propionibacterium	1743	G	947	288	1235	0.00002
Microlunatus	29404	G	825	32	857	0.00001
Propioniciclava	1085622	G	577	160	737	0.00001
Acidipropionibacterium	1912215	G	529	90	619	0.00001
Arachnia	2801844	G	292	5	297	0.00000
Raineyella	1911549	G	242	26	268	0.00000
Auraticoccus	1278221	G	146	7	153	0.00000
Propionimicrobium	203133	G	129	4	133	0.00000
Naumannella	1294511	G	126	15	141	0.00000
Ammonicoccus	3417658	G	69	22	91	0.00000
Brooklawnia	369926	G	64	9	73	0.00000
Luteococcus	33983	G	21	0	21	0.00000
Kribbella	182639	G	3230	99	3329	0.00004
Actinopolymorpha	117156	G	115	2	117	0.00000
Micromonospora	1873	G	11219	648	11867	0.00015
Dactylosporangium	35753	G	4058	104	4162	0.00005
Actinoplanes	1865	G	3711	139	3850	0.00005
Plantactinospora	673534	G	738	48	786	0.00001
Solwaraspora	265431	G	386	22	408	0.00001
Phytohabitans	907364	G	380	14	394	0.00001
Actinocatenispora	390988	G	371	7	378	0.00000
Polymorphospora	338583	G	302	24	326	0.00000
Longispora	203522	G	169	6	175	0.00000
Catellatospora	53365	G	161	9	170	0.00000
Couchioplanes	56433	G	145	14	159	0.00000
Natronosporangium	2920401	G	142	1	143	0.00000
Krasilnikovia	349312	G	139	10	149	0.00000
Salinispora	168694	G	26	1	27	0.00000
Amycolatopsis	1813	G	7185	384	7569	0.00010
Pseudonocardia	1847	G	3114	155	3269	0.00004
Saccharopolyspora	1835	G	1719	122	1841	0.00002
Saccharothrix	2071	G	1161	139	1300	0.00002
Lentzea	165301	G	1100	75	1175	0.00001
Kutzneria	43356	G	938	61	999	0.00001
Actinokineospora	39845	G	805	116	921	0.00001
Actinomycetospora	402649	G	647	31	678	0.00001
Saccharomonospora	1851	G	591	72	663	0.00001
Actinoalloteichus	65496	G	566	23	589	0.00001
Actinosynnema	40566	G	429	69	498	0.00001
Alloactinosynnema	674734	G	303	60	363	0.00000
Umezawaea	583360	G	272	22	294	0.00000
Kibdelosporangium	2029	G	192	8	200	0.00000
Crossiella	130795	G	180	15	195	0.00000
Allokutzneria	1137960	G	145	12	157	0.00000
Prauserella	142577	G	103	3	106	0.00000
Salinifilum	2040254	G	91	19	110	0.00000
Allosaccharopolyspora	2893576	G	73	9	82	0.00000
Nonomuraea	83681	G	2701	125	2826	0.00004
Streptosporangium	2000	G	1336	81	1417	0.00002
Microbispora	2005	G	754	43	797	0.00001
Microtetraspora	1995	G	457	40	497	0.00001
Sphaerisporangium	321315	G	343	23	366	0.00000
Thermobispora	147067	G	127	5	132	0.00000
Sphaerimonospora	1792303	G	70	3	73	0.00000
Actinomadura	1988	G	2128	181	2309	0.00003
Spirillospora	58122	G	570	61	631	0.00001
Actinoallomurus	667113	G	463	22	485	0.00001
Thermomonospora	2019	G	220	18	238	0.00000
Nocardiopsis	2013	G	1056	72	1128	0.00001
Thermobifida	83677	G	272	9	281	0.00000
Streptomonospora	104204	G	125	57	182	0.00000
Spiractinospora	2913367	G	79	0	79	0.00000
Actinomyces	1654	G	3102	106	3208	0.00004
Schaalia	2529408	G	784	33	817	0.00001
Trueperella	1069494	G	335	53	388	0.00000
Flaviflexus	1522056	G	285	23	308	0.00000
Actinotignum	1653174	G	239	33	272	0.00000
Arcanobacterium	28263	G	152	21	173	0.00000
Changpingibacter	2912996	G	79	13	92	0.00000
Scrofimicrobium	2815785	G	70	0	70	0.00000
Nanchangia	2888879	G	60	0	60	0.00000
Pauljensenia	2740557	G	57	10	67	0.00000
Buchananella	2767323	G	52	1	53	0.00000
Gleimia	2692113	G	37	17	54	0.00000
Winkia	2692118	G	35	30	65	0.00000
Georgenia	154116	G	4431	556	4987	0.00006
Bifidobacterium	1678	G	2776	96	2872	0.00004
Gardnerella	2701	G	368	9	377	0.00000
Scardovia	196081	G	111	2	113	0.00000
Alloscardovia	419014	G	29	0	29	0.00000
Bombiscardovia	1159909	G	11	0	11	0.00000
Parascardovia	196082	G	10	0	10	0.00000
Geodermatophilus	1860	G	1224	139	1363	0.00002
Blastococcus	38501	G	649	78	727	0.00001
Modestobacter	88138	G	512	61	573	0.00001
Frankia	1854	G	481	10	491	0.00001
Pseudofrankia	2994363	G	209	4	213	0.00000
Protofrankia	2994361	G	145	4	149	0.00000
Parafrankia	2994362	G	143	3	146	0.00000
Kineococcus	33981	G	789	39	828	0.00001
Angustibacter	908626	G	120	3	123	0.00000
Jiangella	281472	G	750	26	776	0.00001
Nakamurella	53460	G	558	10	568	0.00001
Jatrophihabitans	1434010	G	296	5	301	0.00000
Candidatus Planktophila	622681	G	174	0	174	0.00000
Candidatus Nanopelagicus	2039639	G	55	0	55	0.00000
Catenulispora	414878	G	154	4	158	0.00000
Stackebrandtia	283810	G	116	0	116	0.00000
Natronoglycomyces	2838311	G	15	0	15	0.00000
Actinopolyspora	1849	G	70	0	70	0.00000
Epidermidibacterium	2078948	G	58	22	80	0.00000
Bounagaea	1931219	G	57	11	68	0.00000
Acidothermus	28048	G	56	0	56	0.00000
Baekduia	2600304	G	461	18	479	0.00001
Svornostia	3231543	G	113	3	116	0.00000
Conexibacter	191494	G	455	15	470	0.00001
Paraconexibacter	2758920	G	326	8	334	0.00000
Capillimicrobium	2976759	G	117	5	122	0.00000
Miltoncostaea	2843200	G	230	2	232	0.00000
Thermoleophilum	192992	G	43	0	43	0.00000
Aquihabitans	1648491	G	330	13	343	0.00000
Iamia	467975	G	248	7	255	0.00000
Dermatobacter	3075137	G	138	2	140	0.00000
Actinomarinicola	2789775	G	116	7	123	0.00000
Actinospongiicola	3449744	G	38	1	39	0.00000
Candidatus Poriferisodalis	2983190	G	315	6	321	0.00000
Ilumatobacter	682522	G	190	1	191	0.00000
Candidatus Poriferisocius	2983186	G	151	7	158	0.00000
Salinilacustrithrix	3436875	G	71	6	77	0.00000
Candidatus Spongiisocius	2983163	G	14	0	14	0.00000
Eggerthella	84111	G	163	64	227	0.00000
Berryella	2815775	G	73	51	124	0.00000
Adlercreutzia	447020	G	69	32	101	0.00000
Raoultibacter	1926677	G	63	6	69	0.00000
Gordonibacter	644652	G	56	50	106	0.00000
Arabiibacter	2005386	G	30	2	32	0.00000
Slackia	84108	G	26	0	26	0.00000
Phoenicibacter	1981050	G	14	5	19	0.00000
Fannyhessea	2767327	G	108	18	126	0.00000
Thermophilibacter	2847307	G	64	2	66	0.00000
Olsenella	133925	G	50	0	50	0.00000
Lancefieldella	2767353	G	11	0	11	0.00000
Parafannyhessea	2847312	G	11	1	12	0.00000
Collinsella	102106	G	106	10	116	0.00000
Enorma	1472762	G	34	0	34	0.00000
Coriobacterium	33870	G	13	0	13	0.00000
Leptogranulimonas	2995122	G	11	0	11	0.00000
Euzebya	908623	G	163	0	163	0.00000
Egicoccus	1755825	G	88	1	89	0.00000
Egibacter	1747770	G	83	0	83	0.00000
Rubrobacter	42255	G	305	0	305	0.00000
Nostoc	1177	G	745	70	815	0.00001
Anabaena	1163	G	712	234	946	0.00001
Trichormus	264688	G	39	17	56	0.00000
Okeanomitos	3231549	G	114	1	115	0.00000
Dolichospermum	748770	G	95	70	165	0.00000
Sphaerospermopsis	752201	G	78	1	79	0.00000
Cylindrospermopsis	77021	G	74	2	76	0.00000
Chlorogloeopsis	1123	G	280	0	280	0.00000
Tolypothrix	111782	G	276	0	276	0.00000
Rivularia	373984	G	226	0	226	0.00000
Calothrix	1186	G	149	0	149	0.00000
Halotia	1620790	G	39	0	39	0.00000
Aliinostoc	2035978	G	26	2	28	0.00000
Anabaenopsis	110103	G	19	1	20	0.00000
Nodularia	159191	G	17	0	17	0.00000
Fischerella	1190	G	49	1	50	0.00000
Brasilonema	383614	G	14	0	14	0.00000
Prochlorococcus	1218	G	1217	2	1219	0.00002
Cyanobium	167375	G	219	6	225	0.00000
Synechococcus	1129	G	1132	15	1147	0.00001
Synechocystis	1142	G	102	0	102	0.00000
Altericista	2855430	G	17	0	17	0.00000
Cyanobacterium	102234	G	410	2	412	0.00001
Geminocystis	669357	G	391	0	391	0.00000
Picosynechococcus	3079908	G	49	0	49	0.00000
Rippkaea	2546365	G	100	0	100	0.00000
Gloeothece	28070	G	95	0	95	0.00000
Crocosphaera	263510	G	46	0	46	0.00000
Candidatus Atelocyanobacterium	1453359	G	15	0	15	0.00000
Halothece	76023	G	170	4	174	0.00000
Microcystis	1125	G	172	1	173	0.00000
Gloeocapsa	102231	G	50	0	50	0.00000
Gloeocapsopsis	693222	G	27	0	27	0.00000
Planktothrix	54304	G	348	2	350	0.00000
Microcoleus	44471	G	71	10	81	0.00000
Trichodesmium	1205	G	54	0	54	0.00000
Planktothricoides	132607	G	111	1	112	0.00000
Koinonema	2023214	G	94	0	94	0.00000
Oxynema	1492710	G	56	0	56	0.00000
Phormidium	1198	G	20	3	23	0.00000
Limnospira	2596745	G	45	6	51	0.00000
Capilliphycus	2768926	G	17	0	17	0.00000
Leptolyngbya	47251	G	208	11	219	0.00000
Leptothermofonsia	2917830	G	109	2	111	0.00000
Leptodesmis	2664261	G	67	2	69	0.00000
Kovacikia	1874526	G	24	0	24	0.00000
Trichothermofontia	3045815	G	15	0	15	0.00000
Dactylococcopsis	13034	G	236	7	243	0.00000
Nodosilinea	1120752	G	137	2	139	0.00000
Halomicronema	170610	G	11	0	11	0.00000
Pleurocapsa	44474	G	261	3	264	0.00000
Stanieria	102115	G	55	0	55	0.00000
Acaryochloris	155977	G	181	0	181	0.00000
Thermosynechococcus	146785	G	28	1	29	0.00000
Thalassoporum	2799719	G	88	0	88	0.00000
Pseudanabaena	1152	G	75	0	75	0.00000
Limnothrix	132605	G	12	0	12	0.00000
Chroococcidiopsis	54298	G	166	1	167	0.00000
Gloeobacter	33071	G	40	0	40	0.00000
Anthocerotibacter	2857076	G	32	0	32	0.00000
Moorena	1155738	G	51	0	51	0.00000
Allocoleopsis	2886347	G	14	0	14	0.00000
Thermoleptolyngbya	2303528	G	22	2	24	0.00000
Egbenema	3079668	G	18	0	18	0.00000
Chamaesiphon	217161	G	20	0	20	0.00000
Spiroplasma	2132	G	3195	80	3275	0.00004
Mesoplasma	46239	G	526	44	570	0.00001
Entomoplasma	46238	G	17	4	21	0.00000
Williamsoniiplasma	2919614	G	64	9	73	0.00000
Mycoplasma	2093	G	2159	249	2408	0.00003
Candidatus Hepatoplasma	295595	G	10	8	18	0.00000
Candidatus Phytoplasma	33926	G	246	0	246	0.00000
Acholeplasma	2147	G	222	1	223	0.00000
Haploplasma	2903106	G	92	0	92	0.00000
Mariniplasma	2903100	G	37	0	37	0.00000
Candidatus Izemoplasma	2975549	G	75	1	76	0.00000
Hujiaoplasma	3078171	G	42	6	48	0.00000
Mycoplasmopsis	2767358	G	1608	26	1634	0.00002
Mesomycoplasma	2923352	G	625	3	628	0.00001
Metamycoplasma	2895509	G	436	34	470	0.00001
Ureaplasma	2129	G	206	0	206	0.00000
Mycoplasmoides	2995234	G	121	4	125	0.00000
Malacoplasma	2791001	G	75	6	81	0.00000
Candidatus Lucifugimonas	3143249	G	113	0	113	0.00000
Dehalococcoides	61434	G	44	0	44	0.00000
Dehalogenimonas	670486	G	17	0	17	0.00000
Roseiflexus	120961	G	68	0	68	0.00000
Chloroflexus	1107	G	38	0	38	0.00000
Candidatus Chlorohelix	3139173	G	34	0	34	0.00000
Thermobaculum	262406	G	19	0	19	0.00000
Candidatus Promineifilum	1988031	G	77	0	77	0.00000
Candidatus Leptofilum	3140596	G	61	0	61	0.00000
Candidatus Brevifilum	2019482	G	84	0	84	0.00000
Anaerolinea	233189	G	23	0	23	0.00000
Pelolinea	1649478	G	17	0	17	0.00000
Tepidiforma	2682228	G	69	0	69	0.00000
Ktedonosporobacter	2692417	G	38	0	38	0.00000
Thermoflexus	1495649	G	31	0	31	0.00000
Caldilinea	233191	G	28	0	28	0.00000
Phototrophicus	2922426	G	22	0	22	0.00000
Vulcanimicrobium	3016049	G	58	0	58	0.00000
Capsulimonas	2494209	G	40	0	40	0.00000
Fimbriimonas	1005038	G	13	0	13	0.00000
Fusobacterium	848	G	3921	98	4019	0.00005
Cetobacterium	180162	G	989	85	1074	0.00001
Ilyobacter	167639	G	215	2	217	0.00000
Leptotrichia	32067	G	1308	2	1310	0.00002
Sebaldella	32068	G	188	0	188	0.00000
Streptobacillus	34104	G	166	0	166	0.00000
Sneathia	168808	G	150	0	150	0.00000
Pseudoleptotrichia	2755140	G	115	0	115	0.00000
Haliovirga	3072462	G	77	0	77	0.00000
Deinococcus	1298	G	1658	0	1658	0.00002
Thermus	270	G	169	0	169	0.00000
Meiothermus	65551	G	37	2	39	0.00000
Oceanithermus	208447	G	17	0	17	0.00000
Marinithermus	186191	G	16	0	16	0.00000
Allomeiothermus	2935559	G	14	1	15	0.00000
Truepera	332248	G	62	0	62	0.00000
Oceanotoga	1255275	G	476	1	477	0.00001
Marinitoga	160798	G	195	0	195	0.00000
Tepiditoga	2778400	G	62	0	62	0.00000
Defluviitoga	1511648	G	40	0	40	0.00000
Petrotoga	28236	G	35	0	35	0.00000
Thermosipho	2420	G	359	0	359	0.00000
Fervidobacterium	2422	G	80	0	80	0.00000
Pseudothermotoga	1643951	G	86	0	86	0.00000
Thermotoga	2335	G	56	0	56	0.00000
Athalassotoga	1769718	G	85	0	85	0.00000
Mesotoga	1184396	G	14	0	14	0.00000
Kosmotoga	651456	G	13	0	13	0.00000
Aminobacterium	81466	G	96	10	106	0.00000
Fretibacterium	1434006	G	13	0	13	0.00000
Cloacibacillus	508459	G	51	4	55	0.00000
Aminomonas	81411	G	13	12	25	0.00000
Pyramidobacter	638847	G	36	0	36	0.00000
Candidatus Nanosynbacter	2093823	G	73	9	82	0.00000
Candidatus Mycosynbacter	2831665	G	10	1	11	0.00000
Candidatus Absconditicoccus	2900570	G	91	0	91	0.00000
Minisyncoccus	3238478	G	30	0	30	0.00000
Fervidibacter	1448928	G	29	0	29	0.00000
Candidatus Babela	1551504	G	11	0	11	0.00000
Candidatus Bipolaricaulis	2250122	G	13	0	13	0.00000
Persicimonas	2766927	G	75	0	75	0.00000
Bradymonas	1779136	G	36	0	36	0.00000
Allomicrovenator	2946507	G	13	0	13	0.00000
Lathyrus	3853	G	14694	524	15218	0.00019
Vicia	3904	G	9660	281	9941	0.00013
Medicago	3877	G	4604	235	4839	0.00006
Trifolium	3898	G	3366	1608	4974	0.00006
Cicer	3826	G	5318	256	5574	0.00007
Lotus	3867	G	4493	325	4818	0.00006
Vigna	3913	G	15581	1533	17114	0.00022
Glycine	3846	G	9656	562	10218	0.00013
Cajanus	3820	G	5473	342	5815	0.00007
Phaseolus	3883	G	5198	341	5539	0.00007
Arachis	3817	G	20770	1380	22150	0.00028
Lupinus	3869	G	6898	279	7177	0.00009
Malus	3749	G	4454	757	5211	0.00007
Pyrus	3766	G	3084	964	4048	0.00005
Prunus	3754	G	4179	384	4563	0.00006
Rosa	3764	G	5008	113	5121	0.00007
Fragaria	3746	G	1150	120	1270	0.00002
Argentina	3131914	G	1039	238	1277	0.00002
Humulus	3484	G	9988	1414	11402	0.00015
Cannabis	3482	G	4517	212	4729	0.00006
Ziziphus	72171	G	3826	874	4700	0.00006
Hevea	3980	G	7850	289	8139	0.00010
Manihot	3982	G	3699	535	4234	0.00005
Mercurialis	3984	G	3641	1003	4644	0.00006
Ricinus	3987	G	3016	307	3323	0.00004
Euphorbia	3990	G	5701	368	6069	0.00008
Populus	3689	G	10613	2959	13572	0.00017
Quercus	3511	G	9142	1961	11103	0.00014
Castanea	21019	G	4577	966	5543	0.00007
Juglans	16718	G	7244	1057	8301	0.00011
Carya	13402	G	4864	820	5684	0.00007
Alnus	3515	G	3339	1382	4721	0.00006
Corylus	13450	G	2707	196	2903	0.00004
Benincasa	102210	G	8386	148	8534	0.00011
Cucumis	3655	G	7600	9293	16893	0.00022
Cucurbita	3660	G	2186	230	2416	0.00003
Tripterygium	123484	G	2718	673	3391	0.00004
Gossypium	3633	G	24125	786	24911	0.00032
Theobroma	3640	G	3992	115	4107	0.00005
Brassica	3705	G	8671	2085	10756	0.00014
Raphanus	3725	G	3428	4360	7788	0.00010
Camelina	71323	G	6152	166	6318	0.00008
Arabidopsis	3701	G	1390	123	1513	0.00002
Eucalyptus	3932	G	3590	697	4287	0.00005
Rhodamnia	178132	G	1934	149	2083	0.00003
Punica	22662	G	2819	297	3116	0.00004
Mangifera	23461	G	4211	350	4561	0.00006
Citrus	2706	G	2669	274	2943	0.00004
Vitis	3603	G	6509	738	7247	0.00009
Solanum	4107	G	27275	6503	33778	0.00043
Capsicum	4071	G	23042	400	23442	0.00030
Lycium	24646	G	16922	546	17468	0.00022
Nicotiana	4085	G	31333	1273	32606	0.00042
Ipomoea	4119	G	3788	490	4278	0.00005
Primulina	48772	G	11286	561	11847	0.00015
Henckelia	199091	G	5006	248	5254	0.00007
Salvia	21880	G	11718	385	12103	0.00015
Olea	4145	G	9648	180	9828	0.00013
Sesamum	4181	G	2956	173	3129	0.00004
Coffea	13442	G	7173	2548	9721	0.00012
Lactuca	4235	G	33606	5259	38865	0.00050
Rutidosis	125764	G	12916	743	13659	0.00017
Helianthus	4231	G	9894	171	10065	0.00013
Erigeron	41574	G	4221	245	4466	0.00006
Cynara	4264	G	4160	106	4266	0.00005
Apium	4044	G	11123	194	11317	0.00014
Daucus	4038	G	3466	291	3757	0.00005
Impatiens	35939	G	6505	269	6774	0.00009
Actinidia	3624	G	5585	159	5744	0.00007
Diospyros	13492	G	4712	118	4830	0.00006
Rhododendron	4346	G	3683	197	3880	0.00005
Silene	3573	G	8750	71	8821	0.00011
Beta	3554	G	4607	118	4725	0.00006
Spinacia	3561	G	3414	5351	8765	0.00011
Amaranthus	3564	G	4335	1388	5723	0.00007
Malania	397391	G	9724	151	9875	0.00013
Triticum	4564	G	22581	4476	27057	0.00035
Aegilops	4480	G	1102	2788	3890	0.00005
Hordeum	4512	G	7327	827	8154	0.00010
Lolium	4520	G	8926	136	9062	0.00012
Brachypodium	15367	G	1541	46	1587	0.00002
Oryza	4527	G	5468	491	5959	0.00008
Miscanthus	62336	G	6503	644	7147	0.00009
Zea	4575	G	4618	539	5157	0.00007
Sorghum	4557	G	2594	756	3350	0.00004
Panicum	4539	G	5639	179	5818	0.00007
Setaria	4554	G	2120	103	2223	0.00003
Phragmites	15745	G	4349	192	4541	0.00006
Carex	13398	G	3892	930	4822	0.00006
Typha	4732	G	3667	105	3772	0.00005
Ananas	4614	G	3144	273	3417	0.00004
Zingiber	4650	G	11600	256	11856	0.00015
Curcuma	99568	G	3281	286	3567	0.00005
Musa	4640	G	4664	2739	7403	0.00009
Elaeis	51952	G	9319	617	9936	0.00013
Phoenix	4719	G	4089	274	4363	0.00006
Dioscorea	4672	G	5751	139	5890	0.00008
Asparagus	4685	G	4643	78	4721	0.00006
Wolffia	161109	G	3369	102	3471	0.00004
Papaver	3468	G	12770	186	12956	0.00017
Telopea	54954	G	5339	284	5623	0.00007
Macadamia	4329	G	4472	327	4799	0.00006
Magnolia	3402	G	8376	72	8448	0.00011
Nymphaea	4418	G	3279	145	3424	0.00004
Cryptomeria	3368	G	46480	4142	50622	0.00065
Physcomitrium	37414	G	4575	118	4693	0.00006
Bathycoccus	41874	G	184	9	193	0.00000
Ostreococcus	70447	G	137	4	141	0.00000
Micromonas	38832	G	273	17	290	0.00000
Chlamydomonas	3052	G	479	4	483	0.00001
Homo	9605	G	666141	42935	709076	0.00905
Fusarium	5506	G	1815	103	1918	0.00002
Trichoderma	5543	G	1128	70	1198	0.00002
Pochonia	243023	G	165	2	167	0.00000
Ustilaginoidea	124426	G	159	4	163	0.00000
Metarhizium	5529	G	109	1	110	0.00000
Purpureocillium	1052105	G	241	15	256	0.00000
Drechmeria	98402	G	165	3	168	0.00000
Akanthomyces	150366	G	190	7	197	0.00000
Colletotrichum	5455	G	655	25	680	0.00001
Remersonia	72143	G	329	23	352	0.00000
Thermothielavioides	2609811	G	134	13	147	0.00000
Thermothelomyces	1920207	G	107	4	111	0.00000
Neurospora	5140	G	152	32	184	0.00000
Sordaria	5146	G	145	88	233	0.00000
Podospora	5144	G	316	8	324	0.00000
Pyricularia	48558	G	539	1	540	0.00001
Botrytis	33196	G	226	6	232	0.00000
Aspergillus	5052	G	1261	23	1284	0.00002
Penicillium	5073	G	534	25	559	0.00001
Talaromyces	5094	G	257	16	273	0.00000
Coccidioides	5500	G	99	9	108	0.00000
Zymoseptoria	1047167	G	114	1	115	0.00000
Fulvia	2897311	G	90	1	91	0.00000
Cercospora	29002	G	57	2	59	0.00000
Ascochyta	5453	G	109	2	111	0.00000
Pyrenophora	5027	G	55	11	66	0.00000
Alternaria	5598	G	52	1	53	0.00000
Saccharomyces	4930	G	722	22	744	0.00001
Tetrapisispora	113604	G	375	9	384	0.00000
Naumovozyma	278028	G	347	13	360	0.00000
Henningerozyma	3163253	G	324	13	337	0.00000
Eremothecium	33170	G	225	53	278	0.00000
Torulaspora	4948	G	156	11	167	0.00000
Kluyveromyces	4910	G	123	11	134	0.00000
Lachancea	300275	G	110	6	116	0.00000
Huiozyma	3163251	G	102	4	106	0.00000
Zygosaccharomyces	4953	G	90	5	95	0.00000
Nakaseomyces	374468	G	90	16	106	0.00000
Kazachstania	71245	G	83	3	86	0.00000
Zygotorulaspora	1196389	G	52	12	64	0.00000
Saccharomycodes	36034	G	228	29	257	0.00000
Candida	5475	G	615	18	633	0.00001
Lodderomyces	36913	G	261	24	285	0.00000
Debaryomyces	4958	G	181	1	182	0.00000
Yamadazyma	766765	G	76	6	82	0.00000
Scheffersomyces	766733	G	69	3	72	0.00000
Australozyma	3300567	G	156	2	158	0.00000
Candidozyma	3303203	G	48	2	50	0.00000
Brettanomyces	13366	G	338	26	364	0.00000
Pichia	4919	G	210	10	220	0.00000
Komagataella	460517	G	129	0	129	0.00000
Ogataea	461281	G	30	1	31	0.00000
Sugiyamaella	410829	G	72	6	78	0.00000
Yarrowia	4951	G	38	0	38	0.00000
Schizosaccharomyces	4895	G	231	22	253	0.00000
Kwoniella	490731	G	2033	37	2070	0.00003
Cryptococcus	5206	G	524	10	534	0.00001
Vanrija	1851468	G	146	8	154	0.00000
Cutaneotrichosporon	1838142	G	97	1	98	0.00000
Psilocybe	71950	G	255	8	263	0.00000
Marasmius	34448	G	82	4	86	0.00000
Rhizoctonia	1322061	G	236	0	236	0.00000
Puccinia	5296	G	869	24	893	0.00001
Malassezia	55193	G	402	41	443	0.00001
Mycosarcoma	2689624	G	78	0	78	0.00000
Sporisorium	63265	G	46	2	48	0.00000
Rhizophagus	1129544	G	2468	150	2618	0.00003
Vairimorpha	6038	G	170	2	172	0.00000
Encephalitozoon	6033	G	105	0	105	0.00000
Plasmodium	5820	G	5433	44	5477	0.00007
Theileria	5873	G	495	4	499	0.00001
Babesia	5864	G	207	0	207	0.00000
Besnoitia	94642	G	231	0	231	0.00000
Neospora	29175	G	185	0	185	0.00000
Toxoplasma	5810	G	177	8	185	0.00000
Cryptosporidium	5806	G	252	3	255	0.00000
Thalassiosira	35127	G	195	7	202	0.00000
Phaeodactylum	2849	G	98	2	100	0.00000
Bremia	4778	G	294	0	294	0.00000
Bigelowiella	227085	G	27	0	27	0.00000
Trichomonas	5721	G	1467	1	1468	0.00002
Giardia	5740	G	117	0	117	0.00000
Spironucleus	39709	G	106	0	106	0.00000
Leishmania	5658	G	1134	8	1142	0.00001
Porcisia	2761499	G	105	1	106	0.00000
Trypanosoma	5690	G	127	2	129	0.00000
Dictyostelium	5782	G	512	4	516	0.00001
Cyanidioschyzon	45156	G	64	0	64	0.00000
Guillardia	55528	G	31	0	31	0.00000
Hemiselmis	77924	G	14	0	14	0.00000
Halorubrum	56688	G	487	50	537	0.00001
Halobaculum	43927	G	363	18	381	0.00000
Haloplanus	376170	G	228	17	245	0.00000
Haloferax	2251	G	142	0	142	0.00000
Haloprofundus	1911573	G	112	2	114	0.00000
Halobellus	1073986	G	102	14	116	0.00000
Halorarum	3163375	G	90	3	93	0.00000
Halogeometricum	60846	G	77	0	77	0.00000
Salinigranum	1644057	G	70	0	70	0.00000
Halalkaliarchaeum	2678343	G	39	0	39	0.00000
Salinirarus	3415185	G	30	4	34	0.00000
Halolamina	1075397	G	29	3	32	0.00000
Halohasta	1450140	G	23	5	28	0.00000
Halopenitus	1209988	G	15	0	15	0.00000
Haloquadratum	293431	G	12	0	12	0.00000
Natrinema	88723	G	509	19	528	0.00001
Natronococcus	29287	G	188	3	191	0.00000
Halovivax	332951	G	169	0	169	0.00000
Natronosalvus	3076685	G	113	1	114	0.00000
Halovalidus	3383206	G	112	1	113	0.00000
Haloterrigena	121871	G	104	4	108	0.00000
Halosolutus	2993618	G	61	1	62	0.00000
Natrialba	63742	G	60	2	62	0.00000
Natrononativus	3065677	G	57	0	57	0.00000
Natronorubrum	134813	G	56	1	57	0.00000
Natronobeatus	3065678	G	55	4	59	0.00000
Salinilacihabitans	3065676	G	54	1	55	0.00000
Natrarchaeobaculum	2765402	G	50	2	52	0.00000
Halomontanus	3125902	G	44	0	44	0.00000
Halostagnicola	353799	G	31	0	31	0.00000
Halopiger	387342	G	19	0	19	0.00000
Natronobacterium	2256	G	18	1	19	0.00000
Natribaculum	1699375	G	17	1	18	0.00000
Haloarcula	2237	G	505	26	531	0.00001
Halosimplex	171163	G	300	21	321	0.00000
Halapricum	1542963	G	186	4	190	0.00000
Halomicrobium	203135	G	141	4	145	0.00000
Halorientalis	1073987	G	109	18	127	0.00000
Salinibaculum	2732368	G	104	6	110	0.00000
Halorhabdus	146825	G	65	2	67	0.00000
Halococcoides	2907507	G	44	0	44	0.00000
Natronomonas	63743	G	165	10	175	0.00000
Halorarius	3056835	G	134	12	146	0.00000
Salinirubellus	2162630	G	118	1	119	0.00000
Haloglomus	2806252	G	98	3	101	0.00000
Halomarina	871740	G	97	0	97	0.00000
Halocatena	2907493	G	38	0	38	0.00000
Halosegnis	2841540	G	20	0	20	0.00000
Halorussus	1070314	G	288	13	301	0.00000
Haladaptatus	367188	G	133	0	133	0.00000
Halomicrococcus	2614447	G	66	1	67	0.00000
Halobacterium	2239	G	189	20	209	0.00000
Salarchaeum	1075398	G	58	16	74	0.00000
Halanaeroarchaeum	1656823	G	45	0	45	0.00000
Halospeciosus	3116496	G	35	3	38	0.00000
Halodesulfurarchaeum	1980514	G	33	0	33	0.00000
Halarchaeum	744724	G	13	0	13	0.00000
Salinarchaeum	1269201	G	94	0	94	0.00000
Natranaeroarchaeum	2917705	G	16	0	16	0.00000
Halococcus	2249	G	64	0	64	0.00000
Halalkalicoccus	332246	G	42	0	42	0.00000
Natronorarus	3386557	G	58	0	58	0.00000
Haloarchaeobius	1269031	G	19	0	19	0.00000
Methanosarcina	2207	G	1001	0	1001	0.00001
Methanolobus	2220	G	259	0	259	0.00000
Methanococcoides	2225	G	108	0	108	0.00000
Methanomethylovorans	101191	G	39	0	39	0.00000
Methanimicrococcus	91559	G	36	0	36	0.00000
Methanohalophilus	2175	G	22	0	22	0.00000
Methanolapillus	3136068	G	22	0	22	0.00000
Methanohalobium	2321	G	21	0	21	0.00000
Methanosalsum	196136	G	14	0	14	0.00000
Methanoculleus	45989	G	27	0	27	0.00000
Methanofollis	81416	G	25	0	25	0.00000
Methanoplanus	2314	G	22	0	22	0.00000
Methanogenium	2195	G	13	0	13	0.00000
Methanosphaerula	475087	G	45	0	45	0.00000
Methanospirillum	2202	G	41	0	41	0.00000
Methanocella	570266	G	77	1	78	0.00000
Methanothrix	2222	G	25	0	25	0.00000
Methanobrevibacter	2172	G	575	3	578	0.00001
Methanobacterium	2160	G	401	1	402	0.00001
Methanosphaera	2316	G	103	0	103	0.00000
Methanothermobacter	145260	G	65	0	65	0.00000
Methanocaldococcus	196118	G	616	7	623	0.00001
Methanotorris	196119	G	12	0	12	0.00000
Methanococcus	2184	G	226	0	226	0.00000
Methanothermococcus	155862	G	20	0	20	0.00000
Thermococcus	2263	G	246	0	246	0.00000
Pyrococcus	2260	G	51	0	51	0.00000
Geoglobus	190818	G	39	0	39	0.00000
Archaeoglobus	2233	G	36	0	36	0.00000
Methanonatronarchaeum	2022711	G	19	0	19	0.00000
Ferroplasma	74968	G	45	0	45	0.00000
Acidiplasma	507753	G	13	0	13	0.00000
Oxyplasma	3373586	G	20	0	20	0.00000
Picrophilus	46631	G	19	0	19	0.00000
Cuniculiplasma	1747777	G	12	0	12	0.00000
Methanomassiliicoccus	1080709	G	85	0	85	0.00000
Methanomethylophilus	1291539	G	12	0	12	0.00000
Candidatus Aciduliprofundum	379546	G	10	0	10	0.00000
Acidianus	12914	G	249	27	276	0.00000
Sulfolobus	2284	G	130	22	152	0.00000
Saccharolobus	2100760	G	107	42	149	0.00000
Metallosphaera	41980	G	106	6	112	0.00000
Sulfurisphaera	69655	G	67	5	72	0.00000
Sulfuracidifex	2705406	G	62	3	65	0.00000
Stygiolobus	41674	G	18	0	18	0.00000
Vulcanisaeta	164450	G	139	1	140	0.00000
Pyrobaculum	2276	G	19	1	20	0.00000
Thermoproteus	2270	G	16	0	16	0.00000
Thermofilum	2268	G	136	0	136	0.00000
Infirmifilum	2856573	G	17	0	17	0.00000
Ignicoccus	54258	G	41	0	41	0.00000
Thermogladius	477695	G	28	0	28	0.00000
Desulfurococcus	2273	G	17	0	17	0.00000
Staphylothermus	2279	G	15	0	15	0.00000
Aeropyrum	56635	G	12	0	12	0.00000
Hyperthermus	54247	G	27	0	27	0.00000
Caldisphaera	200414	G	117	0	117	0.00000
Fervidicoccus	685950	G	45	0	45	0.00000
Nitrosopumilus	338191	G	384	0	384	0.00000
Nitrosarchaeum	1007082	G	17	0	17	0.00000
Candidatus Nitrosomarinus	1993653	G	12	0	12	0.00000
Candidatus Nitrosocosmicus	1826864	G	256	0	256	0.00000
Nitrososphaera	497726	G	32	0	32	0.00000
Promethearchaeum	3366645	G	333	0	333	0.00000
Candidatus Lokiarchaeum	1655637	G	88	0	88	0.00000
Candidatus Nanohalobium	2856051	G	73	2	75	0.00000
Minunavirus	2560178	G	420	0	420	0.00001
Copernicusvirus	2842616	G	206	0	206	0.00000
Harbinvirus	2732970	G	96	1	97	0.00000
Baoshanvirus	2732969	G	13	0	13	0.00000
Wphvirus	1922327	G	10	0	10	0.00000
Schiekvirus	2732968	G	12	7	19	0.00000
Woodruffvirus	1982745	G	138	0	138	0.00000
Kozievirus	3152961	G	120	0	120	0.00000
Eneladusvirus	2560128	G	97	0	97	0.00000
Donnerlittchenvirus	3152600	G	62	0	62	0.00000
Fipvunavirus	2560132	G	52	0	52	0.00000
Galvastonvirus	3044720	G	44	0	44	0.00000
Rivsvirus	3044804	G	36	0	36	0.00000
Dismasvirus	2560122	G	34	0	34	0.00000
Bertelyvirus	2733152	G	28	0	28	0.00000
Uetakevirus	542960	G	30	0	30	0.00000
Slashvirus	1921709	G	30	0	30	0.00000
Zhonglingvirus	2943020	G	14	0	14	0.00000
Dhillonvirus	1623289	G	22	0	22	0.00000
Yanchengvirus	3044859	G	18	0	18	0.00000
Efquatrovirus	2560124	G	18	4	22	0.00000
Alexandravirus	2733088	G	18	0	18	0.00000
Samistivirus	2560220	G	10	0	10	0.00000
Muminvirus	2843426	G	15	8	23	0.00000
Skunavirus	1623305	G	14	0	14	0.00000
Lillamyvirus	2843418	G	13	0	13	0.00000
Polybotosvirus	2560207	G	12	0	12	0.00000
Fromanvirus	186764	G	10	1	11	0.00000
Labanvirus	2843408	G	10	0	10	0.00000
Tegunavirus	1921704	G	173	4	177	0.00000
Kanagawavirus	2843399	G	12	0	12	0.00000
Ceceduovirus	2842588	G	53	0	53	0.00000
Slopekvirus	1985328	G	43	2	45	0.00000
Zhoulongquanvirus	3044869	G	159	0	159	0.00000
Leucotheavirus	2733109	G	80	3	83	0.00000
Carjivirus	2948652	G	47	0	47	0.00000
Denvervirus	2948677	G	87	0	87	0.00000
Caelumvirus	2948647	G	13	0	13	0.00000
Janusvirus	2948769	G	10	0	10	0.00000
Sophritavirus	3044834	G	17	0	17	0.00000
Anayavirus	2946797	G	13	0	13	0.00000
Proboscivirus	548689	G	102	0	102	0.00000
Simplexvirus	10294	G	12	0	12	0.00000
Mimivirus	315393	G	38	0	38	0.00000
Moumouvirus	3080801	G	27	0	27	0.00000
Tupanvirus	2094720	G	24	0	24	0.00000
Megavirus	3044761	G	14	0	14	0.00000
Fadolivirus	2763561	G	40	0	40	0.00000
Biavirus	3044674	G	32	0	32	0.00000
Chlorovirus	181083	G	34	0	34	0.00000
Prymnesiovirus	181086	G	19	0	19	0.00000
Prasinovirus	181084	G	13	0	13	0.00000
Iridovirus	10487	G	37	0	37	0.00000
Chloriridovirus	10491	G	11	0	11	0.00000
Marseillevirus	1513458	G	21	0	21	0.00000
Alphaorpheovirus	3153020	G	18	0	18	0.00000
Pteropopoxvirus	2733298	G	99	0	99	0.00000
Yatapoxvirus	10282	G	10	0	10	0.00000
Betaentomopoxvirus	10286	G	31	0	31	0.00000
Asfivirus	39743	G	16	0	16	0.00000
Mastadenovirus	10509	G	17	0	17	0.00000
Deltacoronavirus	1159901	G	63	3	66	0.00000
Rubivirus	11040	G	34	13	47	0.00000
Orthobunyavirus	11572	G	17	6	23	0.00000
Ephemerovirus	32613	G	10	0	10	0.00000
Alphabaculovirus	558016	G	146	0	146	0.00000
Betabaculovirus	558017	G	18	0	18	0.00000
Pandoravirus	2060084	G	92	14	106	0.00000
