name	taxonomy_id	taxonomy_lvl	kraken_assigned_reads	added_reads	new_est_reads	fraction_total_reads
Acinetobacter gandensis	1443941	S	1219878	454713	1674591	0.04703
Acinetobacter towneri	202956	S	437581	390944	828525	0.02327
Acinetobacter sp. SCLZS86	2908637	S	66666	43822	110488	0.00310
Acinetobacter sp. A2	362457	S	24138	9857	33995	0.00095
Acinetobacter sp. YH16056_T	2929514	S	13408	11712	25120	0.00071
Acinetobacter sp. SWBY1	2079596	S	13070	17162	30232	0.00085
Acinetobacter sp. SH20PTE14	2905879	S	11017	10004	21021	0.00059
Acinetobacter sp. YH12138	2601122	S	10242	9132	19374	0.00054
Acinetobacter sp. YH12068_T	2929515	S	8673	12714	21387	0.00060
Acinetobacter sp. YH16040_T	2929512	S	8037	6692	14729	0.00041
Acinetobacter sp. WCHA55	2004646	S	5267	2571	7838	0.00022
Acinetobacter sp. YWS30-1	2996862	S	4257	6212	10469	0.00029
Acinetobacter sp. TGL-Y2	1407071	S	3609	118	3727	0.00010
Acinetobacter sp. WCHAc010034	1879049	S	3604	565	4169	0.00012
Acinetobacter sp. TTH0-4	1646498	S	3554	470	4024	0.00011
Acinetobacter sp. A7.4	2919921	S	3471	236	3707	0.00010
Acinetobacter sp. NCu2D-2	1608473	S	2929	220	3149	0.00009
Acinetobacter sp. 10FS3-1	2563897	S	2666	988	3654	0.00010
Acinetobacter sp. ASP199	2773709	S	2597	297	2894	0.00008
Acinetobacter sp. KS-LM10	3120518	S	2587	344	2931	0.00008
Acinetobacter sp. NEB 394	2743575	S	2499	2142	4641	0.00013
Acinetobacter sp. LoGeW2-3	1808001	S	2475	145	2620	0.00007
Acinetobacter sp. XS-4	2923375	S	2148	324	2472	0.00007
Acinetobacter sp. A1-4-2	3156489	S	2138	448	2586	0.00007
Acinetobacter sp. ACNIH1	1636603	S	2090	3140	5230	0.00015
Acinetobacter sp. TR3	3003392	S	1883	3081	4964	0.00014
Acinetobacter sp. CS-2	2798861	S	1850	890	2740	0.00008
Acinetobacter sp. GSS19	3020716	S	1834	90	1924	0.00005
Acinetobacter sp. YT-02	2018564	S	1722	64	1786	0.00005
Acinetobacter sp. LUNF3	2925837	S	1616	3810	5426	0.00015
Acinetobacter sp. TAC-1	3027470	S	1574	1267	2841	0.00008
Acinetobacter sp.	472	S	1462	297	1759	0.00005
Acinetobacter sp. PC34	3453032	S	1461	7215	8676	0.00024
Acinetobacter sp. NyZ410	2929509	S	1338	1007	2345	0.00007
Acinetobacter sp. Z1	2953738	S	1255	132	1387	0.00004
Acinetobacter sp. AHP123	2913495	S	1191	463	1654	0.00005
Acinetobacter sp. ACNIH2	1758189	S	1153	975	2128	0.00006
Acinetobacter sp. C32I	2950074	S	1141	129	1270	0.00004
Acinetobacter sp. CE-15	3425693	S	1110	790	1900	0.00005
Acinetobacter sp. WZC-1	3459034	S	1091	13	1104	0.00003
Acinetobacter sp. AS23	2871688	S	1042	552	1594	0.00004
Acinetobacter sp. ESL0695	2983215	S	998	32	1030	0.00003
Acinetobacter sp. ANC 7201	3035288	S	843	651	1494	0.00004
Acinetobacter sp. WCHAc010052	2004647	S	720	325	1045	0.00003
Acinetobacter sp. PK01	2930198	S	693	369	1062	0.00003
Acinetobacter sp. F9	2853158	S	667	542	1209	0.00003
Acinetobacter sp. MYb10	1827285	S	612	500	1112	0.00003
Acinetobacter sp. P1332	3366266	S	607	3374	3981	0.00011
Acinetobacter sp. RW6	3242680	S	604	158	762	0.00002
Acinetobacter sp. XH1639	3157368	S	591	419	1010	0.00003
Acinetobacter sp. SEK541	3379131	S	544	84	628	0.00002
Acinetobacter sp. WCHA45	2004644	S	527	401	928	0.00003
Acinetobacter sp. WY4	2708348	S	494	399	893	0.00003
Acinetobacter sp. TR11	3003393	S	460	674	1134	0.00003
Acinetobacter sp. FDAARGOS_724	2545797	S	320	2199	2519	0.00007
Acinetobacter sp. NEB149	2725684	S	307	665	972	0.00003
Acinetobacter sp. Colony158	2810070	S	275	205	480	0.00001
Acinetobacter sp. KB005	3416667	S	257	120	377	0.00001
Acinetobacter sp. Tol 5	710648	S	192	273	465	0.00001
Acinetobacter sp. LF10	3403576	S	181	302	483	0.00001
Acinetobacter sp. D009	3138069	S	167	271	438	0.00001
Acinetobacter sp. BHS4	2836181	S	130	155	285	0.00001
Acinetobacter sp. 16	3081771	S	114	730	844	0.00002
Acinetobacter sp. FL	3231720	S	108	120	228	0.00001
Acinetobacter sp. Ac-14	2781976	S	87	3330	3417	0.00010
Acinetobacter sp. G18	2952152	S	83	64	147	0.00000
Acinetobacter sp. 8_A20231192	3141545	S	44	275	319	0.00001
Acinetobacter sp. PVC-6A	3393463	S	30	151	181	0.00001
Acinetobacter sp. 2019-01-05	3060565	S	27	557	584	0.00002
Acinetobacter sp. BEC1-S18-ESBL-01	2675741	S	15	245	260	0.00001
Acinetobacter sp. SK-43	2785295	S	11	0	11	0.00000
Acinetobacter johnsonii	40214	S	172147	89399	261546	0.00735
Acinetobacter baumannii	470	S	32735	84596	117331	0.00330
Acinetobacter pittii	48296	S	12400	7603	20003	0.00056
Acinetobacter calcoaceticus	471	S	2846	569	3415	0.00010
Acinetobacter seifertii	1530123	S	2836	1096	3932	0.00011
Acinetobacter lactucae	1785128	S	2588	1788	4376	0.00012
Acinetobacter nosocomialis	106654	S	1895	749	2644	0.00007
Acinetobacter indicus	756892	S	39375	11439	50814	0.00143
Acinetobacter variabilis	70346	S	26351	24653	51004	0.00143
Acinetobacter schindleri	108981	S	17349	5067	22416	0.00063
Acinetobacter cumulans	2136182	S	11586	1668	13254	0.00037
Acinetobacter lwoffii	28090	S	11374	7622	18996	0.00053
Acinetobacter thermotolerans	3151487	S	9098	767	9865	0.00028
Acinetobacter vivianii	1776742	S	5265	270	5535	0.00016
Acinetobacter wuhouensis	1879050	S	4869	1047	5916	0.00017
Acinetobacter venetianus	52133	S	4536	506	5042	0.00014
Acinetobacter haemolyticus	29430	S	3958	775	4733	0.00013
Acinetobacter piscicola	2006115	S	3638	684	4322	0.00012
Acinetobacter bohemicus	1435036	S	3551	239	3790	0.00011
Acinetobacter soli	487316	S	3430	358	3788	0.00011
Acinetobacter pseudolwoffii	2053287	S	3357	2744	6101	0.00017
Acinetobacter wanghuae	2662362	S	2992	112	3104	0.00009
Acinetobacter bouvetii	202951	S	2976	141	3117	0.00009
Acinetobacter oleivorans	1148157	S	2941	1198	4139	0.00012
Acinetobacter shaoyimingii	2715164	S	2901	137	3038	0.00009
Acinetobacter radioresistens	40216	S	2759	930	3689	0.00010
Acinetobacter corruptisaponis	3045147	S	2688	269	2957	0.00008
Acinetobacter ursingii	108980	S	2658	1777	4435	0.00012
Acinetobacter guillouiae	106649	S	2648	977	3625	0.00010
Acinetobacter chinensis	2004650	S	2627	659	3286	0.00009
Acinetobacter courvalinii	280147	S	2357	182	2539	0.00007
Acinetobacter lanii	2715163	S	2317	115	2432	0.00007
Acinetobacter defluvii	1871111	S	2279	852	3131	0.00009
Acinetobacter equi	1324350	S	2274	103	2377	0.00007
Acinetobacter junii	40215	S	2155	1710	3865	0.00011
Acinetobacter bereziniae	106648	S	1946	823	2769	0.00008
Acinetobacter tibetensis	2943497	S	1763	143	1906	0.00005
Acinetobacter dispersus	70348	S	1470	157	1627	0.00005
Acinetobacter larvae	1789224	S	1424	40	1464	0.00004
Acinetobacter baylyi	202950	S	1235	137	1372	0.00004
Acinetobacter proteolyticus	1776741	S	1096	77	1173	0.00003
Acinetobacter colistiniresistens	280145	S	1027	73	1100	0.00003
Acinetobacter suaedae	2609668	S	652	102	754	0.00002
Acinetobacter terrestris	2529843	S	552	584	1136	0.00003
Acinetobacter portensis	1839785	S	435	681	1116	0.00003
Acinetobacter septicus	465797	S	254	322	576	0.00002
Acinetobacter sedimenti	2919922	S	198	71	269	0.00001
Acinetobacter gerneri	202952	S	36	143	179	0.00001
Acinetobacter tandoii	202954	S	11	2	13	0.00000
Psychrobacter sp. LV10R520-6	1415574	S	761	9	770	0.00002
Psychrobacter sp. DM8	3440636	S	383	16	399	0.00001
Psychrobacter sp. DAB_AL43B	1028416	S	297	6	303	0.00001
Psychrobacter sp. M13	3067275	S	296	3	299	0.00001
Psychrobacter sp. ER1	3406645	S	275	40	315	0.00001
Psychrobacter sp. HD31	3112003	S	246	1	247	0.00001
Psychrobacter sp. KFRI-CH2-11	3156079	S	229	22	251	0.00001
Psychrobacter sp. VH5	3423439	S	228	36	264	0.00001
Psychrobacter sp. P11G3	1699623	S	227	37	264	0.00001
Psychrobacter sp. P11F6	1699621	S	212	44	256	0.00001
Psychrobacter sp.	56811	S	198	110	308	0.00001
Psychrobacter sp. DM4	3440637	S	189	9	198	0.00001
Psychrobacter sp. WY6	2708350	S	156	29	185	0.00001
Psychrobacter sp. 28M-43	2772254	S	149	22	171	0.00000
Psychrobacter sp. P2G3	1699622	S	141	124	265	0.00001
Psychrobacter sp. 219-2-C	3414707	S	129	71	200	0.00001
Psychrobacter sp. YP14	2203895	S	117	175	292	0.00001
Psychrobacter sp. van23A	3064892	S	90	255	345	0.00001
Psychrobacter sp. P11G5	1699624	S	74	67	141	0.00000
Psychrobacter sp. CLB018	3240930	S	73	133	206	0.00001
Psychrobacter sp. G	571800	S	64	60	124	0.00000
Psychrobacter sp. KH172YL61	2517899	S	58	203	261	0.00001
Psychrobacter sp. AntiMn-1	1720344	S	51	281	332	0.00001
Psychrobacter sp. KCTC 72983	2733866	S	32	70	102	0.00000
Psychrobacter sp. SC65A.3	2983299	S	22	19	41	0.00000
Psychrobacter arenosus	256326	S	524	3	527	0.00001
Psychrobacter urativorans	45610	S	308	7	315	0.00001
Psychrobacter arcticus	334543	S	251	8	259	0.00001
Psychrobacter maritimus	256325	S	219	77	296	0.00001
Psychrobacter sanguinis	861445	S	192	17	209	0.00001
Psychrobacter okhotskensis	212403	S	170	19	189	0.00001
Psychrobacter cryohalolentis	330922	S	115	103	218	0.00001
Psychrobacter raelei	2565531	S	103	150	253	0.00001
Psychrobacter pacificensis	112002	S	85	353	438	0.00001
Moraxella sp. K1664	2780077	S	330	92	422	0.00001
Moraxella sp. FZFQ2102	2953752	S	139	918	1057	0.00003
Moraxella sp. ZY200743	2911970	S	30	163	193	0.00001
Moraxella bovis	476	S	581	106	687	0.00002
Moraxella catarrhalis	480	S	403	64	467	0.00001
Moraxella nasibovis	2904120	S	402	21	423	0.00001
Moraxella nonliquefaciens	478	S	320	100	420	0.00001
Moraxella bovoculi	386891	S	318	238	556	0.00002
Moraxella nasicaprae	2904122	S	290	17	307	0.00001
Moraxella nasovis	2904121	S	257	7	264	0.00001
Moraxella cuniculi	34061	S	205	6	211	0.00001
Moraxella canis	90239	S	126	23	149	0.00000
Moraxella veridica	3344666	S	97	33	130	0.00000
Moraxella ovis	29433	S	62	107	169	0.00000
Moraxella haemolytica	2904119	S	14	85	99	0.00000
Faucicola osloensis	34062	S	458	14	472	0.00001
Faucicola atlantae	34059	S	397	7	404	0.00001
Faucicola mancuniensis	1309795	S	394	19	413	0.00001
Alkanindiges sp. WGS2144	3366808	S	1209	95	1304	0.00004
Aquirhabdus parva	2283318	S	326	1	327	0.00001
Lwoffella lincolnii	90241	S	271	3	274	0.00001
Klebsiella pneumoniae	573	S	8237	45658	53895	0.00151
Klebsiella quasipneumoniae	1463165	S	1814	3275	5089	0.00014
Klebsiella variicola	244366	S	1027	2282	3309	0.00009
Klebsiella quasivariicola	2026240	S	122	54	176	0.00000
Klebsiella oxytoca	571	S	5578	1619	7197	0.00020
Klebsiella aerogenes	548	S	4003	1049	5052	0.00014
Klebsiella sp. I138	2755385	S	615	56	671	0.00002
Klebsiella sp. WOUb02	3161071	S	364	34	398	0.00001
Klebsiella sp. B345	2755398	S	221	240	461	0.00001
Klebsiella sp. R390	2755400	S	86	95	181	0.00001
Klebsiella sp. MISC125	2755386	S	71	79	150	0.00000
Klebsiella sp. BDA134-6	2787706	S	60	122	182	0.00001
Klebsiella sp. FDAARGOS_511	2488567	S	37	105	142	0.00000
Klebsiella sp. PL-2018	2851540	S	24	19	43	0.00000
Klebsiella sp. WP8-S18-ESBL-06	2675726	S	16	479	495	0.00001
Klebsiella michiganensis	1134687	S	1435	2332	3767	0.00011
Klebsiella electrica	1259973	S	387	87	474	0.00001
Klebsiella huaxiensis	2153354	S	372	105	477	0.00001
Klebsiella grimontii	2058152	S	253	523	776	0.00002
Klebsiella pasteurii	2587529	S	222	373	595	0.00002
Klebsiella africana	2489010	S	97	13	110	0.00000
Raoultella ornithinolytica	54291	S	1354	7601	8955	0.00025
Raoultella planticola	575	S	1320	2650	3970	0.00011
Raoultella terrigena	577	S	538	437	975	0.00003
Raoultella sp. HC6	2923366	S	339	131	470	0.00001
Raoultella sp. XY-1	2799495	S	19	560	579	0.00002
Raoultella sp. R2A007	3416669	S	19	20	39	0.00000
Raoultella sp. X13	2259647	S	11	147	158	0.00000
Enterobacter hormaechei	158836	S	3379	23630	27009	0.00076
Enterobacter cloacae	550	S	1612	1299	2911	0.00008
Enterobacter asburiae	61645	S	1118	2138	3256	0.00009
Enterobacter roggenkampii	1812935	S	1003	571	1574	0.00004
Enterobacter ludwigii	299767	S	908	1590	2498	0.00007
Enterobacter cancerogenus	69218	S	746	137	883	0.00002
Enterobacter kobei	208224	S	719	2209	2928	0.00008
Enterobacter cloacae complex sp.	2027919	S	310	426	736	0.00002
Enterobacter cloacae complex sp. ECNIH7	1915310	S	91	1486	1577	0.00004
Enterobacter cloacae complex sp. ECL414	2912628	S	22	169	191	0.00001
Enterobacter sp. BIDMC 29	1329841	S	18	40	58	0.00000
Enterobacter cloacae complex sp. ECL112	2850493	S	15	979	994	0.00003
Enterobacter cloacae complex sp. FDA-CDC-AR_0164	2077136	S	13	49	62	0.00000
Enterobacter cloacae complex sp. FDA-CDC-AR_0132	2077137	S	12	54	66	0.00000
Enterobacter chuandaensis	2497875	S	341	138	479	0.00001
Enterobacter sichuanensis	2071710	S	281	71	352	0.00001
Enterobacter chengduensis	2494701	S	212	128	340	0.00001
Enterobacter pasteurii	3029761	S	123	55	178	0.00000
Enterobacter sp. ECC-175	3116479	S	569	73	642	0.00002
Enterobacter sp. C2	2870346	S	524	32	556	0.00002
Enterobacter sp. RHBSTW-00994	2742676	S	302	35	337	0.00001
Enterobacter sp. ECC-219	3116480	S	291	72	363	0.00001
Enterobacter sp. CP102	2976431	S	229	40	269	0.00001
Enterobacter sp. Colony194	2866201	S	219	42	261	0.00001
Enterobacter sp. ECC-019	3116478	S	204	79	283	0.00001
Enterobacter sp. ECC-249	3116481	S	180	87	267	0.00001
Enterobacter sp. PGRG2	3104013	S	173	228	401	0.00001
Enterobacter sp. R4-368	1166130	S	167	42	209	0.00001
Enterobacter sp. SA187	1914861	S	120	143	263	0.00001
Enterobacter sp. RHBSTW-00175	2742639	S	100	127	227	0.00001
Enterobacter sp. 638	399742	S	96	18	114	0.00000
Enterobacter sp. E12	2769348	S	87	187	274	0.00001
Enterobacter sp. JS8-1	3411633	S	67	45	112	0.00000
Enterobacter sp. JBIWA005	2831891	S	60	94	154	0.00000
Enterobacter sp. JBIWA003	2831890	S	56	66	122	0.00000
Enterobacter sp. DTU_2021_1002640_1_SI_PRY_ASU_LCPMC_013	3077940	S	44	65	109	0.00000
Enterobacter sp. SGAir0187	2836161	S	43	26	69	0.00000
Enterobacter sp. JUb54	2724468	S	29	27	56	0.00000
Enterobacter sp. AN-K1	2894203	S	23	126	149	0.00000
Enterobacter sp. N18-03635	2500132	S	19	58	77	0.00000
Enterobacter sp. BNK-18	3376155	S	15	55	70	0.00000
Enterobacter sp. SES19	2705458	S	10	12	22	0.00000
Enterobacter mori	539813	S	1222	486	1708	0.00005
Enterobacter bugandensis	881260	S	546	454	1000	0.00003
Enterobacter wuhouensis	2529381	S	372	99	471	0.00001
Enterobacter oligotrophicus	2478464	S	359	50	409	0.00001
Enterobacter soli	885040	S	337	123	460	0.00001
Enterobacter huaxiensis	2494702	S	200	35	235	0.00001
Enterobacter adelaidei	3142537	S	180	109	289	0.00001
Enterobacter pseudoroggenkampii	2996112	S	81	56	137	0.00000
Enterobacter quasiroggenkampii	2497436	S	45	45	90	0.00000
Citrobacter freundii	546	S	1935	9613	11548	0.00032
Citrobacter braakii	57706	S	1909	10410	12319	0.00035
Citrobacter portucalensis	1639133	S	1130	2704	3834	0.00011
Citrobacter werkmanii	67827	S	235	363	598	0.00002
Citrobacter freundii complex sp. CFNIH2	2066049	S	138	88	226	0.00001
Citrobacter cronae	1748967	S	79	474	553	0.00002
Citrobacter sedlakii	67826	S	58	75	133	0.00000
Citrobacter youngae	133448	S	41	192	233	0.00001
Citrobacter gillenii	67828	S	12	65	77	0.00000
Citrobacter sp. RHB25-C09	2742624	S	256	22	278	0.00001
Citrobacter sp. R56	1573676	S	215	43	258	0.00001
Citrobacter sp. BDA59-3	2781952	S	141	19	160	0.00000
Citrobacter sp. RHB36-C18	2742627	S	129	1006	1135	0.00003
Citrobacter sp. RHBSTW-00524	2742653	S	62	412	474	0.00001
Citrobacter sp. RHB35-C21	2742626	S	57	351	408	0.00001
Citrobacter sp. RHBSTW-00986	2742675	S	57	465	522	0.00001
Citrobacter sp. RHBSTW-00887	2742668	S	51	331	382	0.00001
Citrobacter sp. S39	2660638	S	29	702	731	0.00002
Citrobacter sp. MGH 55	1439319	S	25	85	110	0.00000
Citrobacter sp. B72	2807631	S	24	151	175	0.00000
Citrobacter sp. RHB35-C17	2742625	S	22	98	120	0.00000
Citrobacter sp. C1	2769343	S	15	52	67	0.00000
Citrobacter sp. RHBSTW-00570	2742655	S	15	263	278	0.00001
Citrobacter sp. CFNIH10	1920110	S	12	89	101	0.00000
Citrobacter sp. CRE-46	1703250	S	11	53	64	0.00000
Citrobacter sp. TSA-1	184912	S	11	66	77	0.00000
Citrobacter farmeri	67824	S	662	244	906	0.00003
Citrobacter koseri	545	S	636	552	1188	0.00003
Citrobacter rodentium	67825	S	617	145	762	0.00002
Citrobacter amalonaticus	35703	S	528	1044	1572	0.00004
Citrobacter tructae	2562449	S	410	70	480	0.00001
Citrobacter meridianamericanus	2894201	S	343	177	520	0.00001
Citrobacter arsenatis	2546350	S	337	67	404	0.00001
Citrobacter enshiensis	2971264	S	331	25	356	0.00001
Citrobacter europaeus	1914243	S	117	245	362	0.00001
Citrobacter pasteurii	1563222	S	61	163	224	0.00001
Escherichia coli	562	S	6680	59255	65935	0.00185
Escherichia albertii	208962	S	1090	246	1336	0.00004
Escherichia fergusonii	564	S	500	354	854	0.00002
Escherichia marmotae	1499973	S	361	63	424	0.00001
Escherichia sp. E4742	2044467	S	223	33	256	0.00001
Escherichia sp. F1	1849427	S	39	132	171	0.00000
Kosakonia cowanii	208223	S	1350	543	1893	0.00005
Kosakonia sp. SMBL-WEM22	2725560	S	431	111	542	0.00002
Kosakonia sp. ML.JS2a	2980557	S	330	55	385	0.00001
Kosakonia sp. CCTCC M2018092	2492396	S	174	164	338	0.00001
Kosakonia sp. MUSA4	2067958	S	142	44	186	0.00001
Kosakonia oryzendophytica	1005665	S	571	88	659	0.00002
Kosakonia sacchari	1158459	S	530	141	671	0.00002
Kosakonia radicincitans	283686	S	494	219	713	0.00002
Kosakonia arachidis	551989	S	403	41	444	0.00001
Kosakonia calanthes	3139408	S	386	25	411	0.00001
Kosakonia pseudosacchari	1646340	S	332	79	411	0.00001
Kosakonia oryzae	497725	S	210	84	294	0.00001
Cronobacter sakazakii	28141	S	1033	651	1684	0.00005
Cronobacter dublinensis	413497	S	1013	264	1277	0.00004
Cronobacter turicensis	413502	S	735	196	931	0.00003
Cronobacter condimenti	1163710	S	580	127	707	0.00002
Cronobacter malonaticus	413503	S	551	413	964	0.00003
Cronobacter universalis	535744	S	197	143	340	0.00001
Cronobacter muytjensii	413501	S	105	317	422	0.00001
Blochmannia endosymbiont of Camponotus sp.	700220	S	307	68	375	0.00001
Blochmannia endosymbiont of Camponotus nipponensis	2681986	S	189	4	193	0.00001
Candidatus Blochmannia sp. SNP	3118169	S	168	15	183	0.00001
Blochmannia endosymbiont of Polyrhachis (Hedomyrma) turneri	1505596	S	133	0	133	0.00000
Blochmannia endosymbiont of Camponotus modoc	2945587	S	119	107	226	0.00001
Blochmannia endosymbiont of Camponotus (Colobopsis) obliquus	1505597	S	95	0	95	0.00000
Blochmannia endosymbiont of Colobopsis nipponica	2681987	S	76	0	76	0.00000
Candidatus Blochmanniella vafra	251535	S	220	1	221	0.00001
Candidatus Blochmannia ocreatus (nom. nud.)	251538	S	184	2	186	0.00001
Candidatus Blochmanniella chromaiodes	251542	S	165	158	323	0.00001
Candidatus Blochmannia vicinus (nom. nud.)	251540	S	164	3	167	0.00000
Candidatus Blochmanniella camponoti	108080	S	127	28	155	0.00000
Candidatus Blochmanniella pennsylvanica	101534	S	22	27	49	0.00000
Candidatus Westeberhardia cardiocondylae	1594731	S	104	1	105	0.00000
Candidatus Williamhamiltonella defendens	138072	S	363	48	411	0.00001
Candidatus Williamhamiltonella endosymbiont of Tuberolachnus salignus	3077954	S	124	193	317	0.00001
Candidatus Regiella endosymbiont of Tuberolachnus salignus	3077956	S	178	4	182	0.00001
Candidatus Regiella insecticola	138073	S	15	0	15	0.00000
secondary endosymbiont of Heteropsylla cubana	134287	S	191	2	193	0.00001
secondary endosymbiont of Ctenarytaina eucalypti	1199245	S	91	0	91	0.00000
Symbiopectobacterium purcellii	2871826	S	766	18	784	0.00002
Candidatus Purcelliella pentastirinorum	472834	S	276	9	285	0.00001
Candidatus Doolittlea endobia	1778262	S	163	0	163	0.00000
Candidatus Tachikawaea gelatinosa	1410383	S	146	5	151	0.00000
Candidatus Hoaglandella endobia	1778263	S	121	0	121	0.00000
Candidatus Gullanella endobia	1070130	S	116	1	117	0.00000
Candidatus Mikella endobia	1778264	S	114	2	116	0.00000
secondary endosymbiont of Trabutina mannipara	1835721	S	91	1	92	0.00000
Candidatus Annandia adelgestsuga	1302411	S	46	6	52	0.00000
Candidatus Annandia pinicola	1345117	S	34	3	37	0.00000
Salmonella enterica	28901	S	3361	25275	28636	0.00080
Salmonella bongori	54736	S	858	539	1397	0.00004
Salmonella sp.	599	S	38	1648	1686	0.00005
Salmonella sp. GDC200615	3423917	S	19	253	272	0.00001
Cedecea neteri	158822	S	3597	418	4015	0.00011
Cedecea lapagei	158823	S	481	100	581	0.00002
Cedecea sp. FDAARGOS_727	2545798	S	108	329	437	0.00001
Cedecea davisae	158484	S	97	281	378	0.00001
Leclercia adecarboxylata	83655	S	1379	1939	3318	0.00009
Leclercia sp. 29361	2714951	S	322	151	473	0.00001
Leclercia sp. S52	3138178	S	265	53	318	0.00001
Leclercia sp. J807	2681307	S	140	143	283	0.00001
Leclercia sp. 119287	2681308	S	61	149	210	0.00001
Leclercia sp. W6	2282310	S	58	89	147	0.00000
Leclercia sp. W17	2282309	S	30	64	94	0.00000
Leclercia sp. TB492	3412682	S	29	59	88	0.00000
Leclercia sp. G3L	2898725	S	26	80	106	0.00000
Leclercia pneumoniae	2815358	S	877	153	1030	0.00003
Kluyvera cryocrescens	580	S	1105	286	1391	0.00004
Kluyvera sichuanensis	2725494	S	812	103	915	0.00003
Kluyvera ascorbata	51288	S	553	506	1059	0.00003
Kluyvera intermedia	61648	S	527	128	655	0.00002
Kluyvera georgiana	73098	S	348	74	422	0.00001
Kluyvera sp. CRP	2873269	S	76	244	320	0.00001
Kluyvera genomosp. 3	2774055	S	67	232	299	0.00001
Lelliottia sp. JS-SCA-14	3110110	S	511	63	574	0.00002
Lelliottia sp. AC1	2067959	S	461	460	921	0.00003
Lelliottia sp. WB101	2153385	S	342	358	700	0.00002
Lelliottia amnigena	61646	S	737	139	876	0.00002
Lelliottia nimipressuralis	69220	S	236	300	536	0.00002
Enterobacteriaceae endosymbiont of Plateumaris rustica	2675796	S	401	78	479	0.00001
Enterobacteriaceae endosymbiont of Neohaemonia nigricornis	2675792	S	171	8	179	0.00001
Enterobacteriaceae endosymbiont of Donacia cinerea	2675774	S	136	50	186	0.00001
Enterobacteriaceae endosymbiont of Macroplea appendiculata	2675790	S	122	12	134	0.00000
Enterobacteriaceae endosymbiont of Donacia sparganii	2675785	S	109	27	136	0.00000
Enterobacteriaceae endosymbiont of Donacia semicuprea	2675783	S	98	52	150	0.00000
Enterobacteriaceae endosymbiont of Macroplea mutica	2675791	S	94	8	102	0.00000
Enterobacteriaceae endosymbiont of Donacia clavipes	2675775	S	90	49	139	0.00000
Enterobacteriaceae endosymbiont of Donacia simplex	2675784	S	85	37	122	0.00000
Enterobacteriaceae endosymbiont of Donacia crassipes	2675776	S	84	43	127	0.00000
Enterobacteriaceae endosymbiont of Donacia fulgens	2675778	S	83	37	120	0.00000
Enterobacteriaceae endosymbiont of Plateumaris consimilis	2675794	S	79	21	100	0.00000
Enterobacteriaceae endosymbiont of Donacia cincticornis	2675773	S	73	20	93	0.00000
Enterobacteriaceae endosymbiont of Plateumaris pusilla	2675795	S	73	21	94	0.00000
Enterobacteriaceae endosymbiont of Donacia provostii	2675781	S	73	11	84	0.00000
Enterobacteriaceae endosymbiont of Plateumaris sericea	2675797	S	60	17	77	0.00000
Enterobacteriaceae endosymbiont of Donacia tomentosa	2675787	S	57	2	59	0.00000
Enterobacteriaceae endosymbiont of Donacia piscatrix	2675780	S	55	17	72	0.00000
Enterobacteriaceae endosymbiont of Donacia thalassina	2675786	S	54	13	67	0.00000
Enterobacteriaceae endosymbiont of Donacia marginata	2675779	S	54	19	73	0.00000
Enterobacteriaceae endosymbiont of Plateumaris braccata	2675793	S	53	12	65	0.00000
Enterobacteriaceae endosymbiont of Donacia vulgaris	2675789	S	48	15	63	0.00000
Enterobacteriaceae endosymbiont of Donacia proxima	2675782	S	41	13	54	0.00000
Enterobacteriaceae endosymbiont of Donacia bicoloricornis	2675772	S	41	9	50	0.00000
Enterobacteriaceae endosymbiont of Donacia dentata	2675777	S	34	46	80	0.00000
Enterobacteriaceae endosymbiont of Donacia versicolorea	2675788	S	20	27	47	0.00000
Pluralibacter gergoviae	61647	S	1610	164	1774	0.00005
[Enterobacter] lignolyticus	1334193	S	959	69	1028	0.00003
Pseudocitrobacter corydidari	2891570	S	1435	186	1621	0.00005
Pseudocitrobacter faecalis	1398493	S	695	91	786	0.00002
Buttiauxella agrestis	82977	S	318	28	346	0.00001
Buttiauxella selenatireducens	3073902	S	267	49	316	0.00001
Buttiauxella sp. WJP83	2986951	S	154	29	183	0.00001
Buttiauxella sp. 3AFRM03	2479367	S	97	182	279	0.00001
Buttiauxella ferragutiae	82989	S	204	432	636	0.00002
Siccibacter colletis	1505757	S	842	43	885	0.00002
Siccibacter turicensis	357233	S	692	59	751	0.00002
Franconibacter daqui	2047724	S	723	160	883	0.00002
Franconibacter helveticus	357240	S	672	0	672	0.00002
Plesiomonas shigelloides	703	S	1354	226	1580	0.00004
Dryocola sp. BD613	3133272	S	630	48	678	0.00002
Dryocola sp. BD586	3133271	S	488	33	521	0.00001
Superficieibacter sp. HKU1	3031919	S	540	173	713	0.00002
Superficieibacter sp. BNK-5	3376142	S	324	97	421	0.00001
Atlantibacter hermannii	565	S	664	71	735	0.00002
Atlantibacter subterraneus	255519	S	315	39	354	0.00001
Phytobacter ursingii	1972431	S	490	306	796	0.00002
Phytobacter sp. SCO41	1756993	S	96	64	160	0.00000
Phytobacter diazotrophicus	395631	S	46	307	353	0.00001
Jejubacter calystegiae	2579935	S	138	385	523	0.00001
Jejubacter sp. L23	3092086	S	85	232	317	0.00001
Pseudescherichia vulneris	566	S	738	219	957	0.00003
Candidatus Profftia sp. (ex Adelges kitamiensis)	2864218	S	264	3	267	0.00001
Candidatus Profftia tarda	1177216	S	228	2	230	0.00001
Candidatus Profftia lariciata	1987921	S	155	2	157	0.00000
Yokenella regensburgei	158877	S	537	67	604	0.00002
Candidatus Schneideria nysicola	1081631	S	516	2	518	0.00001
Mangrovibacter phragmitis	1691903	S	510	181	691	0.00002
Shigella boydii	621	S	231	3006	3237	0.00009
Shigella flexneri	623	S	138	1953	2091	0.00006
Shigella dysenteriae	622	S	56	139	195	0.00001
Shigella sonnei	624	S	42	189	231	0.00001
Scandinavium goeteborgense	1851514	S	454	27	481	0.00001
Trabulsiella odontotermitis	379893	S	434	80	514	0.00001
Shimwellia blattae	563	S	431	16	447	0.00001
Candidatus Riesia pediculicola	401619	S	142	4	146	0.00000
Candidatus Riesia pediculischaeffi	428411	S	106	3	109	0.00000
Candidatus Ishikawella capsulata	168169	S	213	2	215	0.00001
Candidatus Curculioniphilus buchneri	690594	S	210	0	210	0.00001
Candidatus Moranella endobia	1048758	S	56	0	56	0.00000
Serratia marcescens	615	S	7027	17768	24795	0.00070
Serratia fonticola	47917	S	4556	1291	5847	0.00016
Serratia sp. L9	3423946	S	617	27	644	0.00002
Serratia sp. UGAL515B_01	2986763	S	425	19	444	0.00001
Serratia sp. FDAARGOS_506	2420306	S	210	57	267	0.00001
Serratia sp. FGI94	671990	S	201	62	263	0.00001
Serratia sp. 3ACOL1	2448483	S	170	59	229	0.00001
Serratia sp. PAMC26656	2775909	S	110	47	157	0.00000
Serratia sp. 1D1416	2447890	S	63	80	143	0.00000
Serratia sp. JSRIV001	2831893	S	61	180	241	0.00001
Serratia sp. FS14	1327989	S	57	119	176	0.00000
Serratia sp. P2ACOL2	2482769	S	54	80	134	0.00000
Serratia sp. JSRIV004	2831895	S	49	151	200	0.00001
Serratia sp. 2C06	3416180	S	44	283	327	0.00001
Serratia sp. JSRIV002	2831894	S	44	93	137	0.00000
Serratia sp. JUb9	2724469	S	40	113	153	0.00000
Serratia sp. JSRIV006	2831896	S	37	95	132	0.00000
Serratia sp. BNK-12	3376149	S	33	109	142	0.00000
Serratia sp. NFX21	3402279	S	19	13	32	0.00000
Serratia sp. Tan611	2773264	S	18	49	67	0.00000
Serratia sp. AXJ-M	2754727	S	16	38	54	0.00000
Serratia sp. NGAS9	2697369	S	16	102	118	0.00000
Serratia sp. SCBI	488142	S	14	57	71	0.00000
Serratia sp. JKS000199	1938820	S	12	113	125	0.00000
Serratia sp. (in: enterobacteria)	616	S	12	79	91	0.00000
Serratia sp. MYb239	2033438	S	10	27	37	0.00000
Serratia proteamaculans	28151	S	2538	462	3000	0.00008
Serratia rubidaea	61652	S	1053	182	1235	0.00003
Serratia plymuthica	82996	S	919	176	1095	0.00003
Serratia entomophila	42906	S	709	136	845	0.00002
Serratia liquefaciens	614	S	696	435	1131	0.00003
Serratia aquatilis	1737515	S	686	23	709	0.00002
Serratia symbiotica	138074	S	642	18	660	0.00002
Serratia odorifera	618	S	607	39	646	0.00002
Serratia ureilytica	300181	S	440	1106	1546	0.00004
Serratia grimesii	82995	S	421	20	441	0.00001
Serratia surfactantfaciens	2741499	S	341	56	397	0.00001
Serratia inhibens	2338073	S	327	40	367	0.00001
Serratia nevei	2703794	S	240	1947	2187	0.00006
Serratia rhizosphaerae	2597702	S	231	60	291	0.00001
Serratia quinivorans	137545	S	219	93	312	0.00001
Serratia sarumanii	3020826	S	41	736	777	0.00002
Serratia ficaria	61651	S	28	44	72	0.00000
Serratia bockelmannii	2703793	S	28	189	217	0.00001
Serratia nematodiphila	458197	S	10	59	69	0.00000
Yersinia enterocolitica	630	S	1581	663	2244	0.00006
Yersinia pseudotuberculosis	633	S	360	161	521	0.00001
Yersinia similis	367190	S	350	25	375	0.00001
Yersinia pestis	632	S	35	1156	1191	0.00003
Yersinia hibernica	2339259	S	818	106	924	0.00003
Yersinia ruckeri	29486	S	712	57	769	0.00002
Yersinia mollaretii	33060	S	457	46	503	0.00001
Yersinia frederiksenii	29484	S	378	477	855	0.00002
Yersinia aldovae	29483	S	376	44	420	0.00001
Yersinia rohdei	29485	S	358	31	389	0.00001
Yersinia intermedia	631	S	325	535	860	0.00002
Yersinia kristensenii	28152	S	325	54	379	0.00001
Yersinia entomophaga	935293	S	256	18	274	0.00001
Yersinia vastinensis	2890318	S	249	26	275	0.00001
Yersinia sp. HM-2024	3344550	S	201	33	234	0.00001
Yersinia sp. SCPM-O-B-9106 (C-191)	2992843	S	23	50	73	0.00000
Yersinia sp. KBS0713	1179669	S	11	66	77	0.00000
Yersinia aleksiciae	263819	S	210	29	239	0.00001
Yersinia alsatica	2890317	S	202	26	228	0.00001
Yersinia canariae	2607663	S	199	26	225	0.00001
Yersinia rochesterensis	1604335	S	112	213	325	0.00001
Yersinia massiliensis	419257	S	99	273	372	0.00001
Yersinia bercovieri	634	S	55	230	285	0.00001
Rahnella inusitata	58169	S	659	113	772	0.00002
Rahnella aquatilis	34038	S	614	152	766	0.00002
Rahnella aceris	2703885	S	609	145	754	0.00002
Rahnella victoriana	1510570	S	608	138	746	0.00002
Rahnella sikkimica	1805933	S	540	44	584	0.00002
Rahnella sp. PAMC 25559	3423225	S	497	57	554	0.00002
Rahnella variigena	574964	S	426	118	544	0.00002
Rahnella bonaserana	2816248	S	259	92	351	0.00001
Rouxiella badensis	1646377	S	726	34	760	0.00002
Rouxiella chamberiensis	1513468	S	552	21	573	0.00002
Rouxiella sp. WC2420	3234145	S	486	26	512	0.00001
Nissabacter sp. SGAir0207	2126321	S	1309	47	1356	0.00004
Gibbsiella quercinecans	929813	S	1222	52	1274	0.00004
Ewingella americana	41202	S	884	36	920	0.00003
Chimaeribacter arupi	2060066	S	767	64	831	0.00002
Chania multitudinisentens	1639108	S	478	19	497	0.00001
Candidatus Fukatsuia anoeciicola	2994492	S	157	1	158	0.00000
Candidatus Fukatsuia endosymbiont of Tuberolachnus salignus	3077957	S	25	204	229	0.00001
Pantoea sp. S18	3019892	S	918	391	1309	0.00004
Pantoea sp. App145	3071567	S	879	53	932	0.00003
Pantoea sp. BRR-3P	3141541	S	816	89	905	0.00003
Pantoea sp. Z09	2886821	S	706	70	776	0.00002
Pantoea sp. At-9b	592316	S	686	32	718	0.00002
Pantoea sp. FN060301	3420380	S	522	58	580	0.00002
Pantoea sp. GABEPS69	3028805	S	484	99	583	0.00002
Pantoea sp. SS70	3024247	S	413	753	1166	0.00003
Pantoea sp. BJ2	3141322	S	392	412	804	0.00002
Pantoea sp. SO10	2575375	S	356	447	803	0.00002
Pantoea sp. X85	3037258	S	311	652	963	0.00003
Pantoea sp. Ep11b	3141459	S	290	47	337	0.00001
Pantoea sp. Lij88	3028622	S	256	35	291	0.00001
Pantoea sp. Nvir	2576760	S	240	342	582	0.00002
Pantoea sp. SOD02	2970818	S	191	83	274	0.00001
Pantoea sp. CCBC3-3-1	2490851	S	120	206	326	0.00001
Pantoea sp. MBD-2R	3141540	S	118	217	335	0.00001
Pantoea sp. SM3640	2787629	S	90	467	557	0.00002
Pantoea sp. MT58	2768165	S	76	234	310	0.00001
Pantoea sp. JZ2	2654189	S	60	155	215	0.00001
Pantoea sp. Lu_F5_004	3443507	S	22	149	171	0.00000
Pantoea sp. JZ29	2654192	S	12	39	51	0.00000
Pantoea vagans	470934	S	3756	2006	5762	0.00016
Pantoea agglomerans	549	S	2936	1678	4614	0.00013
Pantoea dispersa	59814	S	2566	195	2761	0.00008
Pantoea ananatis	553	S	1482	765	2247	0.00006
Pantoea eucrina	472693	S	987	93	1080	0.00003
Pantoea allii	574096	S	768	118	886	0.00002
Pantoea piersonii	2364647	S	746	70	816	0.00002
Candidatus Pantoea soli	3098669	S	685	57	742	0.00002
Pantoea anthophila	470931	S	610	37	647	0.00002
Pantoea phytobeneficialis	2052056	S	487	13	500	0.00001
Pantoea cypripedii	55209	S	463	13	476	0.00001
Pantoea phytostimulans	2769024	S	448	22	470	0.00001
Pantoea alhagi	1891675	S	441	84	525	0.00001
Pantoea deleyi	470932	S	406	54	460	0.00001
Pantoea rwandensis	1076550	S	398	31	429	0.00001
Pantoea stewartii	66269	S	314	578	892	0.00003
Pantoea eucalypti	470933	S	297	477	774	0.00002
Candidatus Pantoea carbekii	1235990	S	240	2	242	0.00001
Pantoea alfalfae	3074822	S	214	38	252	0.00001
Candidatus Pantoea rara	1947037	S	176	20	196	0.00001
Candidatus Pantoea edessiphila	2044610	S	19	0	19	0.00000
Buchnera aphidicola	9	S	12333	305	12638	0.00035
Erwinia sp. E602	2675378	S	905	436	1341	0.00004
Erwinia sp. HDF1-3R	3141543	S	659	563	1222	0.00003
Erwinia sp. LJJL01	3391839	S	210	904	1114	0.00003
Erwinia sp. INIA01	2991500	S	95	0	95	0.00000
Erwinia sp. QL-Z3	2547962	S	69	462	531	0.00001
Candidatus Erwinia haradaeae	1922217	S	1641	1	1642	0.00005
Erwinia persicina	55211	S	946	117	1063	0.00003
Erwinia rhapontici	55212	S	615	65	680	0.00002
Erwinia pyri	3062598	S	555	62	617	0.00002
Erwinia sorbitola	2681984	S	434	41	475	0.00001
Erwinia pyrifoliae	79967	S	419	46	465	0.00001
Erwinia tracheiphila	65700	S	391	27	418	0.00001
Erwinia aphidicola	68334	S	373	587	960	0.00003
Erwinia tasmaniensis	338565	S	360	31	391	0.00001
Erwinia amylovora	552	S	351	57	408	0.00001
Erwinia billingiae	182337	S	337	527	864	0.00002
[Pantoea] beijingensis	1324864	S	242	20	262	0.00001
Mixta calida	665913	S	667	310	977	0.00003
Mixta gaviniae	665914	S	531	202	733	0.00002
Mixta intestinalis	1615494	S	467	55	522	0.00001
Mixta hanseatica	2872648	S	279	95	374	0.00001
Tatumella ptyseos	82987	S	1383	63	1446	0.00004
Tatumella citrea	53336	S	413	20	433	0.00001
Duffyella gerundensis	1619313	S	736	102	838	0.00002
Paramixta manurensis	2740817	S	553	35	588	0.00002
Winslowiella sp. 2C04	3416179	S	21	191	212	0.00001
Winslowiella toletana	92490	S	20	180	200	0.00001
Wigglesworthia glossinidia	51229	S	124	1	125	0.00000
Providencia rettgeri	587	S	1513	4598	6111	0.00017
Providencia alcalifaciens	126385	S	960	154	1114	0.00003
Providencia sp. R33	2828763	S	448	48	496	0.00001
Providencia sp. 21OH12SH02B-Prov	3015951	S	215	872	1087	0.00003
Providencia sp. PROV236	2936798	S	52	313	365	0.00001
Providencia sp. PROV040	2949771	S	48	220	268	0.00001
Providencia sp. PROV188	2939731	S	24	17	41	0.00000
Providencia sp. PROV252	2936799	S	16	52	68	0.00000
Providencia sp. PROV046	2949776	S	15	184	199	0.00001
Providencia sp. PROV200	2936794	S	15	60	75	0.00000
Providencia sp. PROV024	2949758	S	11	106	117	0.00000
Providencia sp. PROV099	2949815	S	10	457	467	0.00001
Providencia rustigianii	158850	S	490	42	532	0.00001
Providencia sneebia	516075	S	407	9	416	0.00001
Providencia heimbachae	333962	S	380	58	438	0.00001
Providencia huaxiensis	2027290	S	303	162	465	0.00001
Providencia stuartii	588	S	197	478	675	0.00002
Candidatus Providencia siddallii	1715285	S	158	1	159	0.00000
Providencia manganoxydans	2923283	S	122	66	188	0.00001
Providencia zhijiangensis	3053982	S	55	51	106	0.00000
Providencia lanzhouensis	3378099	S	30	34	64	0.00000
Providencia vermicola	333965	S	13	187	200	0.00001
Providencia hangzhouensis	3031799	S	12	252	264	0.00001
Proteus mirabilis	584	S	1683	781	2464	0.00007
Proteus vulgaris	585	S	967	802	1769	0.00005
Proteus hauseri	183417	S	750	40	790	0.00002
Proteus terrae	1574161	S	410	722	1132	0.00003
Proteus penneri	102862	S	296	118	414	0.00001
Proteus sp. CD3	1921565	S	132	236	368	0.00001
Proteus sp. ZN5	2697019	S	86	78	164	0.00000
Proteus sp. NMG38-2	2883107	S	20	109	129	0.00000
Proteus columbae	1987580	S	226	153	379	0.00001
Proteus faecis	2050967	S	202	36	238	0.00001
Proteus appendicitidis	3034648	S	45	79	124	0.00000
Morganella morganii	582	S	5282	1822	7104	0.00020
Xenorhabdus hominickii	351679	S	614	33	647	0.00002
Xenorhabdus stockiae	351614	S	600	23	623	0.00002
Xenorhabdus budapestensis	290110	S	578	25	603	0.00002
Xenorhabdus nematophila	628	S	568	29	597	0.00002
Xenorhabdus griffiniae	351672	S	518	154	672	0.00002
Xenorhabdus bovienii	40576	S	484	26	510	0.00001
Xenorhabdus doucetiae	351671	S	323	12	335	0.00001
Xenorhabdus sp. TH1	3130166	S	267	189	456	0.00001
Xenorhabdus taiwanensis	3085177	S	247	27	274	0.00001
Xenorhabdus poinarii	40577	S	244	15	259	0.00001
Xenorhabdus bakwenae	3026967	S	196	12	208	0.00001
Photorhabdus asymbiotica	291112	S	674	23	697	0.00002
Photorhabdus akhurstii	171438	S	573	70	643	0.00002
Photorhabdus tasmaniensis	1004159	S	433	80	513	0.00001
Photorhabdus laumondii	2218628	S	393	89	482	0.00001
Photorhabdus sp. SF281	3459527	S	301	78	379	0.00001
Photorhabdus thracensis	230089	S	188	63	251	0.00001
Arsenophonus symbiont of Ornithomya chloropus	634121	S	254	3	257	0.00001
Arsenophonus endosymbiont of Crataerina pallida	3066235	S	175	83	258	0.00001
Arsenophonus sp. aPb	3041619	S	115	21	136	0.00000
Arsenophonus endosymbiont of Aleurodicus dispersus	235559	S	68	0	68	0.00000
Arsenophonus endosymbiont of Aphis craccivora	1231049	S	45	18	63	0.00000
Arsenophonus endosymbiont of Lipoptena cervi	363258	S	19	391	410	0.00001
Arsenophonus nasoniae	638	S	436	41	477	0.00001
Arsenophonus apicola	2879119	S	354	35	389	0.00001
Candidatus Arsenophonus nilaparvatae	1247023	S	171	116	287	0.00001
Moellerella wisconsensis	158849	S	488	246	734	0.00002
Hafnia paralvei	546367	S	21242	4595	25837	0.00073
Hafnia alvei	569	S	2410	1440	3850	0.00011
Edwardsiella tarda	636	S	1373	594	1967	0.00006
Edwardsiella piscicida	1263550	S	774	398	1172	0.00003
Edwardsiella ictaluri	67780	S	452	125	577	0.00002
Edwardsiella hoshinae	93378	S	444	49	493	0.00001
Edwardsiella anguillarum	1821960	S	22	902	924	0.00003
Obesumbacterium proteus	82983	S	211	59	270	0.00001
Pectobacterium brasiliense	180957	S	1090	737	1827	0.00005
Pectobacterium aroidearum	1201031	S	638	993	1631	0.00005
Pectobacterium carotovorum	554	S	613	680	1293	0.00004
Pectobacterium wasabiae	55208	S	376	53	429	0.00001
Pectobacterium actinidiae	1507808	S	375	51	426	0.00001
Pectobacterium polaris	2042057	S	333	116	449	0.00001
Pectobacterium polonicum	2485124	S	311	51	362	0.00001
Pectobacterium cacticida	69221	S	299	13	312	0.00001
Pectobacterium zantedeschiae	2034769	S	297	32	329	0.00001
Pectobacterium araliae	3073862	S	286	31	317	0.00001
Pectobacterium atrosepticum	29471	S	285	54	339	0.00001
Pectobacterium colocasium	2878098	S	253	562	815	0.00002
Pectobacterium sp. A5351	2914983	S	111	21	132	0.00000
Pectobacterium sp. PL64	2738983	S	80	27	107	0.00000
Pectobacterium sp. LFLA-215	3419008	S	29	60	89	0.00000
Pectobacterium sp. F1-1	2949614	S	20	31	51	0.00000
Pectobacterium parmentieri	1905730	S	242	36	278	0.00001
Pectobacterium versatile	2488639	S	222	146	368	0.00001
Pectobacterium aquaticum	2204145	S	150	109	259	0.00001
Pectobacterium punjabense	2108399	S	133	19	152	0.00000
Pectobacterium parvum	2778550	S	124	74	198	0.00001
Pectobacterium peruviense	2066479	S	107	14	121	0.00000
Pectobacterium quasiaquaticum	2774015	S	86	48	134	0.00000
Pectobacterium odoriferum	78398	S	56	22	78	0.00000
Dickeya dadantii	204038	S	1011	200	1211	0.00003
Dickeya chrysanthemi	556	S	942	87	1029	0.00003
Dickeya zeae	204042	S	846	337	1183	0.00003
Dickeya fangzhongdai	1778540	S	582	1182	1764	0.00005
Dickeya dianthicola	204039	S	513	88	601	0.00002
Dickeya poaceiphila	568768	S	373	23	396	0.00001
Dickeya lacustris	2259638	S	321	36	357	0.00001
Dickeya solani	1089444	S	293	951	1244	0.00003
Dickeya oryzae	1240404	S	198	221	419	0.00001
Dickeya ananatis	3061286	S	175	60	235	0.00001
Dickeya sp. NCPPB 3274	568766	S	70	59	129	0.00000
Dickeya sp. Secpp 1600	2037915	S	14	90	104	0.00000
Dickeya sp. DW 0440	1225785	S	12	542	554	0.00002
Dickeya parazeae	2893572	S	21	42	63	0.00000
Brenneria izadpanahii	2722756	S	790	549	1339	0.00004
Brenneria rubrifaciens	55213	S	693	289	982	0.00003
Brenneria goodwinii	1109412	S	666	452	1118	0.00003
Brenneria uluponensis	3057057	S	106	177	283	0.00001
Lonsdalea britannica	1082704	S	542	55	597	0.00002
Lonsdalea populi	1172565	S	349	39	388	0.00001
Musicola paradisiaca	69223	S	684	29	713	0.00002
Prodigiosinella confusarubida	104623	S	185	316	501	0.00001
Sodalis sp. (in: enterobacteria)	1898979	S	170	4	174	0.00000
Sodalis endosymbiont of Henestaris halophilus	1929246	S	135	0	135	0.00000
Sodalis-like secondary symbiont of Drepanosiphum platanoidis	2994493	S	92	2	94	0.00000
Sodalis sp. RH15	3394330	S	86	918	1004	0.00003
Sodalis sp. RH16	3394331	S	74	758	832	0.00002
Sodalis sp. RH19	3394334	S	24	566	590	0.00002
Sodalis sp. C49	3228929	S	21	526	547	0.00002
Sodalis sp. RH14	3394329	S	18	604	622	0.00002
Sodalis glossinidius	63612	S	688	23	711	0.00002
Sodalis praecaptivus	1239307	S	622	147	769	0.00002
Sodalis ligni	2697027	S	355	746	1101	0.00003
Candidatus Sodalis pierantonii	1486991	S	166	40	206	0.00001
Leminorella richardii	158841	S	861	31	892	0.00003
Leminorella grimontii	82981	S	831	24	855	0.00002
Limnobaculum zhutongyuii	2498113	S	465	29	494	0.00001
Limnobaculum parvum	2172103	S	315	19	334	0.00001
Pragia fontium	82985	S	674	31	705	0.00002
Gallaecimonas sp. GXIMD4217	3131927	S	876	11	887	0.00002
Gallaecimonas sp. GXIMD1310	3131926	S	542	18	560	0.00002
Gallaecimonas kandeliae	3029055	S	962	38	1000	0.00003
Gallaecimonas mangrovi	2291597	S	645	18	663	0.00002
Enterobacterales bacterium endosymbiont of Anomoneura mori	3132096	S	107	9	116	0.00000
Pseudomonas sp. Ost2	2678260	S	1082	82	1164	0.00003
Pseudomonas sp. App30	3068990	S	1021	66	1087	0.00003
Pseudomonas sp. AN-1	3096605	S	814	135	949	0.00003
Pseudomonas sp. GCEP-101	2974552	S	811	129	940	0.00003
Pseudomonas sp. StFLB209	1028989	S	792	64	856	0.00002
Pseudomonas sp. NyZ201	3409857	S	778	39	817	0.00002
Pseudomonas sp. 273	75692	S	755	123	878	0.00002
Pseudomonas sp. HR96	1027966	S	753	60	813	0.00002
Pseudomonas sp. TCU-HL1	1856685	S	703	50	753	0.00002
Pseudomonas sp. DTU_2021_1001937_2_SI_NGA_ILE_001	3077589	S	703	30	733	0.00002
Pseudomonas sp. LS44	1357074	S	694	33	727	0.00002
Pseudomonas sp. L5B5	2883205	S	650	55	705	0.00002
Pseudomonas sp. OIL-1	2706126	S	622	67	689	0.00002
Pseudomonas sp. OHS18	3399679	S	573	47	620	0.00002
Pseudomonas sp. PDNC002	2811422	S	561	80	641	0.00002
Pseudomonas sp. SO81	2983246	S	560	55	615	0.00002
Pseudomonas sp. S09G 359	2054919	S	557	91	648	0.00002
Pseudomonas sp. SG20056	3074146	S	536	39	575	0.00002
Pseudomonas sp. YH-1	3384787	S	530	95	625	0.00002
Pseudomonas sp. NA-150	3367525	S	526	27	553	0.00002
Pseudomonas sp. MM211	2866808	S	523	22	545	0.00002
Pseudomonas sp. KNUC1026	2893890	S	518	19	537	0.00002
Pseudomonas sp. Q1-7	3020843	S	517	59	576	0.00002
Pseudomonas sp. SCB32	2653853	S	516	58	574	0.00002
Pseudomonas sp. JQ170C	3110111	S	513	60	573	0.00002
Pseudomonas sp. MTM4	2705472	S	510	136	646	0.00002
Pseudomonas sp. F3-2	3141539	S	503	20	523	0.00001
Pseudomonas sp. DG56-2	2320270	S	502	37	539	0.00002
Pseudomonas sp. J452	2898441	S	492	90	582	0.00002
Pseudomonas sp. CCC3.1	3048607	S	487	63	550	0.00002
Pseudomonas sp. ATCC 13867	1294143	S	484	85	569	0.00002
Pseudomonas sp. KU26590	2991051	S	474	27	501	0.00001
Pseudomonas sp. p1(2021b)	2874628	S	473	216	689	0.00002
Pseudomonas sp. R1-18	1632772	S	464	24	488	0.00001
Pseudomonas sp. MBLB4136	3451558	S	458	118	576	0.00002
Pseudomonas sp. ABC1	2748080	S	458	22	480	0.00001
Pseudomonas sp. PSKL.D1	3029060	S	457	35	492	0.00001
Pseudomonas sp. YJ42	3392115	S	456	36	492	0.00001
Pseudomonas sp. LG1E9	2219057	S	453	89	542	0.00002
Pseudomonas sp. gcc21	2726989	S	451	69	520	0.00001
Pseudomonas sp. LS1212	2972478	S	437	31	468	0.00001
Pseudomonas sp. nanlin1	3040605	S	435	31	466	0.00001
Pseudomonas sp. SL4(2022)	2994661	S	422	24	446	0.00001
Pseudomonas sp. MAG733B	3122079	S	414	69	483	0.00001
Pseudomonas sp. Seg1	2678259	S	410	66	476	0.00001
Pseudomonas sp. NS1(2017)	2025658	S	409	90	499	0.00001
Pseudomonas sp. 15A4	2804761	S	407	55	462	0.00001
Pseudomonas sp. PP3	2815936	S	404	97	501	0.00001
Pseudomonas sp. B22129	3235111	S	402	59	461	0.00001
Pseudomonas sp. PLMAX	2201998	S	388	41	429	0.00001
Pseudomonas sp. 7SR1	1881017	S	386	33	419	0.00001
Pseudomonas sp. B21-040	2895486	S	383	44	427	0.00001
Pseudomonas sp. HOU2	3230301	S	377	126	503	0.00001
Pseudomonas sp. MH9.2	3048629	S	377	21	398	0.00001
Pseudomonas sp. L7	3388343	S	373	49	422	0.00001
Pseudomonas sp. P8_241	3043445	S	368	40	408	0.00001
Pseudomonas sp. LPB0260	2614442	S	368	132	500	0.00001
Pseudomonas sp. NUPR-001	3416058	S	363	135	498	0.00001
Pseudomonas sp. Lz4W	1206777	S	356	27	383	0.00001
Pseudomonas sp. DC1.2	3048622	S	354	30	384	0.00001
Pseudomonas sp. FP2196	2954086	S	350	53	403	0.00001
Pseudomonas sp. R1-7	2817398	S	346	56	402	0.00001
Pseudomonas sp. FP2309	2954091	S	340	52	392	0.00001
Pseudomonas sp. R5-89-07	658644	S	336	91	427	0.00001
Pseudomonas sp. WMBT8	3414496	S	334	59	393	0.00001
Pseudomonas sp. MYb327	2745230	S	332	40	372	0.00001
Pseudomonas sp. LRP2-20	2944234	S	331	41	372	0.00001
Pseudomonas sp. MPB26	3388491	S	330	71	401	0.00001
Pseudomonas sp. HN11	1344094	S	327	48	375	0.00001
Pseudomonas sp. Pseusp16	3243021	S	326	62	388	0.00001
Pseudomonas sp. B21-053	2895493	S	326	63	389	0.00001
Pseudomonas sp. LS.1a	2920387	S	324	70	394	0.00001
Pseudomonas sp. FP597	2954096	S	319	47	366	0.00001
Pseudomonas sp. MAC6	3401633	S	318	26	344	0.00001
Pseudomonas sp. FP2335	2954092	S	316	52	368	0.00001
Pseudomonas sp. ADAK18	2730848	S	314	27	341	0.00001
Pseudomonas sp. G.S.17	3137451	S	312	19	331	0.00001
Pseudomonas sp. CMR5c	658630	S	309	209	518	0.00001
Pseudomonas sp. QE6	3242491	S	306	96	402	0.00001
Pseudomonas sp. FP453	2954094	S	303	53	356	0.00001
Pseudomonas sp. C9-3	3078264	S	297	93	390	0.00001
Pseudomonas sp. ADAK13	2730847	S	292	40	332	0.00001
Pseudomonas sp. KnCO4	3381355	S	292	129	421	0.00001
Pseudomonas sp. C27(2019)	2604941	S	292	14	306	0.00001
Pseudomonas sp. 10S4	3048583	S	292	28	320	0.00001
Pseudomonas sp. ML2-2023-3	3122375	S	288	74	362	0.00001
Pseudomonas sp. KU43P	2487887	S	281	29	310	0.00001
Pseudomonas sp. McL0111	3457357	S	281	32	313	0.00001
Pseudomonas sp. A014	3458058	S	278	174	452	0.00001
Pseudomonas sp. HLS-6	2049589	S	275	43	318	0.00001
Pseudomonas sp. CC6-YY-74	1930532	S	271	30	301	0.00001
Pseudomonas sp. Z3-6	2817411	S	270	184	454	0.00001
Pseudomonas sp. M30-35	1981174	S	262	7	269	0.00001
Pseudomonas sp. WOUb67	3161136	S	260	47	307	0.00001
Pseudomonas sp. FP2338	2954093	S	258	55	313	0.00001
Pseudomonas sp. MM227	3019968	S	253	20	273	0.00001
Pseudomonas sp. URMO17WK12:I11	1283291	S	250	150	400	0.00001
Pseudomonas sp. MPB23	3388490	S	250	74	324	0.00001
Pseudomonas sp. 31-12	2201356	S	250	39	289	0.00001
Pseudomonas sp. MUP55	3087234	S	248	59	307	0.00001
Pseudomonas sp. RtIB026	2749999	S	247	67	314	0.00001
Pseudomonas sp. G2-4	1506334	S	245	33	278	0.00001
Pseudomonas sp. CBS	2971912	S	244	70	314	0.00001
Pseudomonas sp. WJP1	2986947	S	242	34	276	0.00001
Pseudomonas sp. S07E 245	2866278	S	236	371	607	0.00002
Pseudomonas sp. MBLB4123	3451557	S	229	59	288	0.00001
Pseudomonas sp. NFX224	3402862	S	219	36	255	0.00001
Pseudomonas sp. QL9	3242725	S	215	152	367	0.00001
Pseudomonas sp. DNDY-54	2870860	S	207	302	509	0.00001
Pseudomonas sp. P5_109	3043441	S	202	34	236	0.00001
Pseudomonas sp. S35	1573719	S	200	34	234	0.00001
Pseudomonas sp. TUM22785	3019098	S	199	141	340	0.00001
Pseudomonas sp. N3-W	2975049	S	197	21	218	0.00001
Pseudomonas sp. UW4	1207075	S	196	92	288	0.00001
Pseudomonas sp. MRSN 12121	1611770	S	194	137	331	0.00001
Pseudomonas sp. D3	517398	S	192	43	235	0.00001
Pseudomonas sp. DY-1	1755504	S	189	771	960	0.00003
Pseudomonas sp. BW7P1	2973088	S	189	23	212	0.00001
Pseudomonas sp. CYM-20-01	2870750	S	186	54	240	0.00001
Pseudomonas sp. N4	571124	S	184	31	215	0.00001
Pseudomonas sp. R1-1	1602529	S	180	94	274	0.00001
Pseudomonas sp. Pc102	2678261	S	178	116	294	0.00001
Pseudomonas sp. MM213	2866807	S	172	55	227	0.00001
Pseudomonas sp. B21-056	2895495	S	171	21	192	0.00001
Pseudomonas sp. Stari2	2954814	S	170	44	214	0.00001
Pseudomonas sp. SCA2728.1_7	2825975	S	165	199	364	0.00001
Pseudomonas sp. GXZC	3003351	S	163	87	250	0.00001
Pseudomonas sp. NY5710	2662033	S	162	127	289	0.00001
Pseudomonas sp. BR20	3137452	S	161	40	201	0.00001
Pseudomonas sp. St316	2678257	S	160	39	199	0.00001
Pseudomonas sp. Y5-11	2749808	S	156	299	455	0.00001
Pseudomonas sp. CCOS 191	1649877	S	155	63	218	0.00001
Pseudomonas sp. B21-028	2895480	S	150	25	175	0.00000
Pseudomonas sp. REST10	2512235	S	147	369	516	0.00001
Pseudomonas sp. AA-38	3028807	S	146	322	468	0.00001
Pseudomonas sp. AN-B15	2697023	S	146	260	406	0.00001
Pseudomonas sp. TE3-3-F2023	3119004	S	144	34	178	0.00000
Pseudomonas sp. R76	1573711	S	142	42	184	0.00001
Pseudomonas sp. FP1742	2954079	S	141	47	188	0.00001
Pseudomonas sp. DR48	2871095	S	140	49	189	0.00001
Pseudomonas sp. SC3(2021)	2871493	S	138	86	224	0.00001
Pseudomonas sp. HLG18	3449277	S	137	123	260	0.00001
Pseudomonas sp. JBR1	3020907	S	136	67	203	0.00001
Pseudomonas sp. A34-9	3034675	S	136	28	164	0.00000
Pseudomonas sp. IzPS59	2774459	S	134	62	196	0.00001
Pseudomonas sp. HS6	2850559	S	133	21	154	0.00000
Pseudomonas sp. J380	2605424	S	133	134	267	0.00001
Pseudomonas sp. PONIH3	1636610	S	132	736	868	0.00002
Pseudomonas sp. ABY48	3402865	S	132	22	154	0.00000
Pseudomonas sp. REB1044	2675224	S	132	79	211	0.00001
Pseudomonas sp. B21-010	2895471	S	131	503	634	0.00002
Pseudomonas sp. GOM7	2998079	S	130	239	369	0.00001
Pseudomonas sp. DTU12.3	2073078	S	130	23	153	0.00000
Pseudomonas sp. B21-021	2895476	S	129	249	378	0.00001
Pseudomonas sp. B33.4	3104265	S	129	43	172	0.00000
Pseudomonas sp. 3-2	2867408	S	127	117	244	0.00001
Pseudomonas sp. AO-1	2855434	S	123	84	207	0.00001
Pseudomonas sp. SK3(2021)	2841064	S	121	37	158	0.00000
Pseudomonas sp. LTJR-52	2479392	S	121	51	172	0.00000
Pseudomonas sp. TMP25	3136561	S	119	114	233	0.00001
Pseudomonas sp. B21-048	2895490	S	118	21	139	0.00000
Pseudomonas sp. Z1-12	2817408	S	114	94	208	0.00001
Pseudomonas sp. SWI6	2083051	S	113	1743	1856	0.00005
Pseudomonas sp. MH9.3	3048630	S	113	31	144	0.00000
Pseudomonas sp. R3-18-08	1173283	S	111	205	316	0.00001
Pseudomonas sp. CP4	3388844	S	111	33	144	0.00000
Pseudomonas sp. NFX1	2201355	S	106	55	161	0.00000
Pseudomonas sp. 9.2(2024)	3144666	S	105	52	157	0.00000
Pseudomonas sp. FP215	2738126	S	103	310	413	0.00001
Pseudomonas sp. NMS19W	3079768	S	102	40	142	0.00000
Pseudomonas sp. LG1D9	2083054	S	102	264	366	0.00001
Pseudomonas sp. ACM7	2052956	S	101	61	162	0.00000
Pseudomonas sp. MPB03	3388489	S	100	89	189	0.00001
Pseudomonas sp. RSB 5.4	3127459	S	100	48	148	0.00000
Pseudomonas sp. Leaf58	1736226	S	99	102	201	0.00001
Pseudomonas sp. B21-054	2895494	S	97	17	114	0.00000
Pseudomonas sp. B21-019	2895475	S	97	75	172	0.00000
Pseudomonas sp. MYb193	1827300	S	96	76	172	0.00000
Pseudomonas sp. S34	1573718	S	93	19	112	0.00000
Pseudomonas sp. FP198	2954084	S	93	55	148	0.00000
Pseudomonas sp. Z1-29	2817410	S	92	492	584	0.00002
Pseudomonas sp. NY11382	2939495	S	92	317	409	0.00001
Pseudomonas sp. COR18	3399680	S	88	115	203	0.00001
Pseudomonas sp. DTU12.1	2654238	S	87	220	307	0.00001
Pseudomonas sp. Z8(2022)	2962597	S	87	219	306	0.00001
Pseudomonas sp. FJ2-5-13	2976884	S	87	77	164	0.00000
Pseudomonas sp. 09C 129	2054915	S	85	128	213	0.00001
Pseudomonas sp. B21-051	2895491	S	83	33	116	0.00000
Pseudomonas sp. NIBRBAC000502773	2590776	S	82	43	125	0.00000
Pseudomonas sp. DR 5-09	1534110	S	82	79	161	0.00000
Pseudomonas sp. 02C 26	2054914	S	81	117	198	0.00001
Pseudomonas sp. SK	2729423	S	79	63	142	0.00000
Pseudomonas sp. A6	410021	S	79	110	189	0.00001
Pseudomonas sp. SC11	326927	S	77	60	137	0.00000
Pseudomonas sp. St290	1602166	S	76	182	258	0.00001
Pseudomonas sp. NEEL19	2867409	S	73	106	179	0.00001
Pseudomonas sp. FP2254	2954087	S	70	72	142	0.00000
Pseudomonas sp. TMP9	3133144	S	69	69	138	0.00000
Pseudomonas sp. B21-015	2895473	S	69	109	178	0.00000
Pseudomonas sp. FP1740	2954078	S	68	66	134	0.00000
Pseudomonas sp. Colony2	2861799	S	67	191	258	0.00001
Pseudomonas sp. JS3066	3090665	S	66	338	404	0.00001
Pseudomonas sp. RHF3.3-3	3396624	S	64	84	148	0.00000
Pseudomonas sp. Z003-0.4C(8344-21)	1855380	S	63	34	97	0.00000
Pseudomonas sp. AK181	3097255	S	62	60	122	0.00000
Pseudomonas sp. N2-3-1-14	3240264	S	62	124	186	0.00001
Pseudomonas sp. B21128	3235110	S	62	40	102	0.00000
Pseudomonas sp. A1230	3235106	S	60	103	163	0.00000
Pseudomonas sp. MPFS	2795724	S	58	67	125	0.00000
Pseudomonas sp. P105	3049542	S	57	132	189	0.00001
Pseudomonas sp. GM17	1144323	S	56	69	125	0.00000
Pseudomonas sp. NFX71	3399121	S	56	59	115	0.00000
Pseudomonas sp. BIOMIG1BAC	1758730	S	55	107	162	0.00000
Pseudomonas sp. ZY71	3115647	S	54	62	116	0.00000
Pseudomonas sp. FSL L8-0168	2921518	S	52	328	380	0.00001
Pseudomonas sp. NY8896	3068639	S	49	1249	1298	0.00004
Pseudomonas sp. HN8-3	2886361	S	49	65	114	0.00000
Pseudomonas sp. R4-34-07	658642	S	48	199	247	0.00001
Pseudomonas sp. NC02	2067572	S	48	115	163	0.00000
Pseudomonas sp. WHRI 8519	3162567	S	48	52	100	0.00000
Pseudomonas sp. 10(2024)	3144667	S	48	101	149	0.00000
Pseudomonas sp. UBT	3239198	S	46	62	108	0.00000
Pseudomonas sp. KUIN-1	2609418	S	46	237	283	0.00001
Pseudomonas sp. PSE14	3016341	S	45	105	150	0.00000
Pseudomonas sp. CCI1.1	3048613	S	44	231	275	0.00001
Pseudomonas sp. WC2401	3234143	S	42	89	131	0.00000
Pseudomonas sp. ML2-2023-6	3122376	S	41	76	117	0.00000
Pseudomonas sp. HTZ2	3075220	S	41	153	194	0.00001
Pseudomonas sp. Z1-14	2817409	S	41	95	136	0.00000
Pseudomonas sp. ArH3a	2862945	S	40	146	186	0.00001
Pseudomonas sp. 2hn	2866626	S	39	378	417	0.00001
Pseudomonas sp. PMCC200344	3042028	S	39	50	89	0.00000
Pseudomonas sp. M1	95619	S	39	73	112	0.00000
Pseudomonas sp. Z3-8	2817412	S	39	112	151	0.00000
Pseudomonas sp. ADPe	2774873	S	39	96	135	0.00000
Pseudomonas sp. P108	1837993	S	38	128	166	0.00000
Pseudomonas sp. BNK-45	3376180	S	38	167	205	0.00001
Pseudomonas sp. Tri1	2823875	S	38	91	129	0.00000
Pseudomonas sp. LBUM920	2126069	S	37	73	110	0.00000
Pseudomonas sp. FP1154	2954077	S	37	144	181	0.00001
Pseudomonas sp. R2-7-07	658641	S	36	251	287	0.00001
Pseudomonas sp. BNK-15	3376152	S	36	99	135	0.00000
Pseudomonas sp. AU10	882697	S	36	253	289	0.00001
Pseudomonas sp. X4	3231526	S	35	102	137	0.00000
Pseudomonas sp. ADAK22	2730851	S	35	69	104	0.00000
Pseudomonas sp. B21-012	2895472	S	35	97	132	0.00000
Pseudomonas sp. B21-047	2895489	S	34	43	77	0.00000
Pseudomonas sp. HT11	3230490	S	33	68	101	0.00000
Pseudomonas sp. s4	353218	S	33	211	244	0.00001
Pseudomonas sp. MH10	3048627	S	33	127	160	0.00000
Pseudomonas sp. OE 28.3	2745519	S	31	75	106	0.00000
Pseudomonas sp. FGI182	1259844	S	31	35	66	0.00000
Pseudomonas sp. B10	118613	S	31	25	56	0.00000
Pseudomonas sp. FDAARGOS_380	2018067	S	31	70	101	0.00000
Pseudomonas sp. B19125	3235109	S	30	73	103	0.00000
Pseudomonas sp. S1Bt23	3095074	S	30	54	84	0.00000
Pseudomonas sp. S49	1573720	S	30	112	142	0.00000
Pseudomonas sp. P1B16	2986074	S	29	154	183	0.00001
Pseudomonas sp. R1-15	2817399	S	29	113	142	0.00000
Pseudomonas sp. RU47	2005388	S	28	100	128	0.00000
Pseudomonas sp. Eqa60	2799184	S	27	155	182	0.00001
Pseudomonas sp. Z4-20	2817414	S	27	99	126	0.00000
Pseudomonas sp. SG20052	3074147	S	27	48	75	0.00000
Pseudomonas sp. D3-10	2817392	S	27	197	224	0.00001
Pseudomonas sp. FP1762	2954080	S	26	77	103	0.00000
Pseudomonas sp. B21-031	2895482	S	26	73	99	0.00000
Pseudomonas sp. P9_31	3043448	S	26	42	68	0.00000
Pseudomonas sp. AE27	3127460	S	25	51	76	0.00000
Pseudomonas sp. St29	1500687	S	25	96	121	0.00000
Pseudomonas sp. Os17	1500686	S	25	113	138	0.00000
Pseudomonas sp. HS-18	2879114	S	25	56	81	0.00000
Pseudomonas sp. NY8938	3081664	S	25	431	456	0.00001
Pseudomonas sp. G166	3094846	S	25	60	85	0.00000
Pseudomonas sp. RC3H12	2834406	S	25	59	84	0.00000
Pseudomonas sp. NLJ1	3086079	S	25	63	88	0.00000
Pseudomonas sp. W03	3090666	S	25	58	83	0.00000
Pseudomonas sp. KK18	3123039	S	25	812	837	0.00002
Pseudomonas sp. Y39-6	2749807	S	24	91	115	0.00000
Pseudomonas sp. WP18	3118752	S	23	148	171	0.00000
Pseudomonas sp. P9_2	3043447	S	23	116	139	0.00000
Pseudomonas sp. A2	107445	S	22	52	74	0.00000
Pseudomonas sp. BC42	2933816	S	22	99	121	0.00000
Pseudomonas sp. SD17-1	2976883	S	22	69	91	0.00000
Pseudomonas sp. E102	181579	S	21	170	191	0.00001
Pseudomonas sp. B21-032	2895483	S	21	57	78	0.00000
Pseudomonas sp. St386	2678256	S	21	173	194	0.00001
Pseudomonas sp. PSE1(2024)	3228746	S	21	39	60	0.00000
Pseudomonas sp. R4-35-07	658643	S	20	93	113	0.00000
Pseudomonas sp. BNK-30	3376165	S	20	60	80	0.00000
Pseudomonas sp. SORT22	2813842	S	20	116	136	0.00000
Pseudomonas sp. E141	2875961	S	20	48	68	0.00000
Pseudomonas sp. NFX183	3399573	S	20	39	59	0.00000
Pseudomonas sp. R3-52-08	1173284	S	20	84	104	0.00000
Pseudomonas sp. 13159349	2662034	S	20	435	455	0.00001
Pseudomonas sp. FP818	2954099	S	19	83	102	0.00000
Pseudomonas sp. FP603	2954097	S	19	405	424	0.00001
Pseudomonas sp. IAC-BECa141	2793103	S	19	25	44	0.00000
Pseudomonas sp. B21-041	2895487	S	19	63	82	0.00000
Pseudomonas sp. R32	1573704	S	19	88	107	0.00000
Pseudomonas sp. MS646	3118751	S	18	71	89	0.00000
Pseudomonas sp. SWI7	2587597	S	18	388	406	0.00001
Pseudomonas sp. R84	1573712	S	18	89	107	0.00000
Pseudomonas sp. T8	645292	S	18	79	97	0.00000
Pseudomonas sp. R2-37-08W	1173273	S	18	57	75	0.00000
Pseudomonas sp. SW-3	147212	S	18	54	72	0.00000
Pseudomonas sp. LTR0	3040601	S	18	104	122	0.00000
Pseudomonas sp. R1-43-08	1173270	S	18	75	93	0.00000
Pseudomonas sp. ATCC 43928	676210	S	18	66	84	0.00000
Pseudomonas sp. R3-56	2817401	S	18	42	60	0.00000
Pseudomonas sp. DR208	2870840	S	18	49	67	0.00000
Pseudomonas sp. Nvir	2899657	S	17	65	82	0.00000
Pseudomonas sp. CIP-10	2892442	S	17	179	196	0.00001
Pseudomonas sp. 7-41	2898483	S	17	87	104	0.00000
Pseudomonas sp. SWI36	2083052	S	16	29	45	0.00000
Pseudomonas sp. B16120	3235108	S	16	81	97	0.00000
Pseudomonas sp. So3.2b	2864101	S	16	79	95	0.00000
Pseudomonas sp. LW8	3242677	S	16	50	66	0.00000
Pseudomonas sp. B21-017	2895474	S	16	55	71	0.00000
Pseudomonas sp. B21-036	2895485	S	16	42	58	0.00000
Pseudomonas sp. D1-1	1040793	S	16	85	101	0.00000
Pseudomonas sp. B26140	3235112	S	15	222	237	0.00001
Pseudomonas sp. Z4-7	2817413	S	15	60	75	0.00000
Pseudomonas sp. R11-23-07	658632	S	15	100	115	0.00000
Pseudomonas sp. R1-6	2817397	S	14	57	71	0.00000
Pseudomonas sp. SWI44	2083053	S	14	135	149	0.00000
Pseudomonas sp. GR 6-02	1659194	S	13	52	65	0.00000
Pseudomonas sp. B21-023	2895477	S	13	121	134	0.00000
Pseudomonas sp. LH1G9	2083055	S	13	36	49	0.00000
Pseudomonas sp. XWY-1	2069256	S	13	61	74	0.00000
Pseudomonas sp. B21-059	2895496	S	13	29	42	0.00000
Pseudomonas sp. M20	3379129	S	13	62	75	0.00000
Pseudomonas sp. JZ134	2806615	S	13	18	31	0.00000
Pseudomonas sp. G11	528343	S	12	52	64	0.00000
Pseudomonas sp. LH21	3114884	S	12	111	123	0.00000
Pseudomonas sp. B21-044	2895488	S	11	126	137	0.00000
Pseudomonas sp. B111	2944252	S	11	368	379	0.00001
Pseudomonas sp. HN2	2884805	S	11	19	30	0.00000
Pseudomonas sp. R4-39-08	1173288	S	10	42	52	0.00000
Pseudomonas sp. DL	3381345	S	10	1552	1562	0.00004
Pseudomonas sp. FP2294	2954089	S	10	55	65	0.00000
Pseudomonas sp. MPDS	2762896	S	10	57	67	0.00000
Pseudomonas sp. Cab53	2678258	S	10	72	82	0.00000
Pseudomonas putida	303	S	9628	24289	33917	0.00095
Pseudomonas oryzihabitans	47885	S	2408	464	2872	0.00008
Pseudomonas fulva	47880	S	1462	1842	3304	0.00009
Pseudomonas mosselii	78327	S	917	284	1201	0.00003
Pseudomonas plecoglossicida	70775	S	701	271	972	0.00003
Pseudomonas monteilii	76759	S	327	2403	2730	0.00008
Pseudomonas wadenswilerensis	1785161	S	253	39	292	0.00001
Pseudomonas sp. SGAir0191	2217867	S	124	38	162	0.00000
Pseudomonas putida group bacterium ESBL64	3122582	S	26	206	232	0.00001
Pseudomonas shirazica	1940636	S	77	695	772	0.00002
Pseudomonas inefficax	2078786	S	40	91	131	0.00000
Pseudomonas alloputida	1940621	S	25	370	395	0.00001
Pseudomonas ceruminis	2740516	S	17	181	198	0.00001
Pseudomonas fluorescens	294	S	4131	1666	5797	0.00016
Pseudomonas synxantha	47883	S	1079	496	1575	0.00004
Pseudomonas poae	200451	S	1041	187	1228	0.00003
Pseudomonas tolaasii	29442	S	897	100	997	0.00003
Pseudomonas orientalis	76758	S	823	115	938	0.00003
Pseudomonas mediterranea	183795	S	798	104	902	0.00003
Pseudomonas trivialis	200450	S	707	168	875	0.00002
Pseudomonas azotoformans	47878	S	680	507	1187	0.00003
Pseudomonas rhodesiae	76760	S	669	137	806	0.00002
Pseudomonas koreensis	198620	S	543	278	821	0.00002
Pseudomonas corrugata	47879	S	453	49	502	0.00001
Pseudomonas marginalis	298	S	418	404	822	0.00002
Pseudomonas migulae	78543	S	353	73	426	0.00001
Pseudomonas rustica	2827099	S	310	41	351	0.00001
Pseudomonas brenneri	129817	S	304	66	370	0.00001
Pseudomonas congelans	200452	S	292	40	332	0.00001
Pseudomonas mucidolens	46679	S	284	27	311	0.00001
Pseudomonas veronii	76761	S	279	522	801	0.00002
Pseudomonas granadensis	1421430	S	246	78	324	0.00001
Pseudomonas ogarae	1114970	S	235	71	306	0.00001
Pseudomonas cedrina	651740	S	222	44	266	0.00001
Pseudomonas libanensis	75588	S	221	100	321	0.00001
Pseudomonas moraviensis	321662	S	185	134	319	0.00001
Pseudomonas mandelii	75612	S	162	228	390	0.00001
Pseudomonas neuropathica	2730425	S	148	28	176	0.00000
Pseudomonas petroselini	2899822	S	61	62	123	0.00000
Pseudomonas extremorientalis	169669	S	38	55	93	0.00000
Pseudomonas syringae	317	S	3572	2387	5959	0.00017
Pseudomonas amygdali	47877	S	728	1418	2146	0.00006
Pseudomonas savastanoi	29438	S	148	574	722	0.00002
Pseudomonas ficuserectae	53410	S	15	16	31	0.00000
Pseudomonas viridiflava	33069	S	814	386	1200	0.00003
Pseudomonas cichorii	36746	S	407	41	448	0.00001
Pseudomonas syringae group genomosp. 7	251699	S	369	12	381	0.00001
Pseudomonas caspiana	1451454	S	357	30	387	0.00001
Pseudomonas lijiangensis	2995658	S	339	33	372	0.00001
Pseudomonas asturiensis	1190415	S	118	106	224	0.00001
Pseudomonas avellanae	46257	S	98	136	234	0.00001
Pseudomonas coronafaciens	53409	S	96	121	217	0.00001
Pseudomonas tremae	200454	S	86	158	244	0.00001
Pseudomonas syringae group genomosp. 3	251701	S	54	320	374	0.00001
Pseudomonas aeruginosa	287	S	5668	29070	34738	0.00098
Pseudomonas citronellolis	53408	S	1224	945	2169	0.00006
Pseudomonas nitroreducens	46680	S	672	530	1202	0.00003
Pseudomonas multiresinivorans	95301	S	388	81	469	0.00001
Pseudomonas anguilliseptica	53406	S	488	22	510	0.00001
Pseudomonas paraeruginosa	2994495	S	154	562	716	0.00002
Pseudomonas chlororaphis	587753	S	2995	12613	15608	0.00044
Pseudomonas protegens	380021	S	1185	1237	2422	0.00007
Pseudomonas lundensis	86185	S	492	44	536	0.00002
Pseudomonas fragi	296	S	415	502	917	0.00003
Pseudomonas sp. JDS08PS003	2497162	S	315	59	374	0.00001
Pseudomonas piscis	2614538	S	272	105	377	0.00001
Pseudomonas danubii	2497146	S	32	72	104	0.00000
Pseudomonas sessilinigenes	658629	S	18	27	45	0.00000
Pseudomonas batumici	226910	S	2113	126	2239	0.00006
Pseudomonas entomophila	312306	S	1393	121	1514	0.00004
Pseudomonas asplenii	53407	S	1189	84	1273	0.00004
Pseudomonas benzenivorans	556533	S	1013	152	1165	0.00003
Pseudomonas baltica	2762576	S	990	41	1031	0.00003
Pseudomonas abieticivorans	2931382	S	915	53	968	0.00003
Pseudomonas frederiksbergensis	104087	S	867	222	1089	0.00003
Pseudomonas oryzae	1392877	S	848	93	941	0.00003
Pseudomonas helleri	1608996	S	803	71	874	0.00002
Pseudomonas xanthosomatis	2842356	S	802	96	898	0.00003
Pseudomonas abietaniphila	89065	S	746	29	775	0.00002
Pseudomonas antarctica	219572	S	726	253	979	0.00003
Pseudomonas arsenicoxydans	702115	S	698	68	766	0.00002
Pseudomonas tohonis	2725477	S	688	308	996	0.00003
Pseudomonas alkylphenolica	237609	S	660	60	720	0.00002
Pseudomonas huanghezhanensis	3002903	S	657	24	681	0.00002
Pseudomonas purpurea	3136737	S	649	69	718	0.00002
Pseudomonas yamanorum	515393	S	640	110	750	0.00002
Pseudomonas brassicacearum	930166	S	640	837	1477	0.00004
Pseudomonas bambusae	3139142	S	639	22	661	0.00002
Pseudomonas extremaustralis	359110	S	628	146	774	0.00002
Pseudomonas eucalypticola	2599595	S	603	41	644	0.00002
Pseudomonas marincola	437900	S	595	49	644	0.00002
Pseudomonas sediminis	1691904	S	592	272	864	0.00002
Pseudomonas versuta	1788301	S	591	62	653	0.00002
Pseudomonas leptonychotis	2448482	S	585	21	606	0.00002
Pseudomonas saudiphocaensis	1499686	S	573	42	615	0.00002
Pseudomonas silesiensis	1853130	S	570	54	624	0.00002
Pseudomonas solani	2731552	S	569	185	754	0.00002
Pseudomonas atacamensis	2565368	S	568	346	914	0.00003
Pseudomonas laurentiana	2364649	S	563	42	605	0.00002
Pseudomonas pohangensis	364197	S	557	17	574	0.00002
uncultured Pseudomonas sp.	114707	S	546	58	604	0.00002
Pseudomonas cavernae	2320867	S	544	27	571	0.00002
Pseudomonas coleopterorum	1605838	S	541	49	590	0.00002
Pseudomonas vranovensis	321661	S	541	181	722	0.00002
Pseudomonas lurida	244566	S	538	73	611	0.00002
Pseudomonas canadensis	915099	S	531	137	668	0.00002
Pseudomonas triclosanedens	2961893	S	513	172	685	0.00002
Pseudomonas muyukensis	2842357	S	509	56	565	0.00002
Pseudomonas phytophila	2867264	S	507	26	533	0.00001
Pseudomonas kermanshahensis	2745482	S	498	312	810	0.00002
Pseudomonas simiae	321846	S	487	75	562	0.00002
Pseudomonas asgharzadehiana	2842349	S	483	69	552	0.00002
Pseudomonas xantholysinigenes	2745490	S	474	47	521	0.00001
Pseudomonas alvandae	2842348	S	462	50	512	0.00001
Pseudomonas cremoricolorata	157783	S	451	27	478	0.00001
Pseudomonas kielensis	2762577	S	442	56	498	0.00001
Pseudomonas palleroniana	191390	S	440	40	480	0.00001
Pseudomonas rhizosphaerae	216142	S	435	35	470	0.00001
Pseudomonas izuensis	2684212	S	421	45	466	0.00001
Pseudomonas prosekii	1148509	S	417	40	457	0.00001
Pseudomonas berkeleyensis	2726956	S	415	115	530	0.00001
Pseudomonas umsongensis	198618	S	411	45	456	0.00001
Pseudomonas kribbensis	1628086	S	410	176	586	0.00002
Pseudomonas vanderleydeniana	2745495	S	407	19	426	0.00001
Pseudomonas promysalinigenes	485898	S	403	32	435	0.00001
Pseudomonas agarici	46677	S	396	5	401	0.00001
Pseudomonas alabamensis	3064349	S	392	31	423	0.00001
Pseudomonas moorei	395599	S	385	35	420	0.00001
Pseudomonas knackmussii	65741	S	376	254	630	0.00002
Pseudomonas siliginis	2842346	S	374	484	858	0.00002
Pseudomonas parafulva	157782	S	367	174	541	0.00002
Pseudomonas benzopyrenica	2993566	S	356	126	482	0.00001
Pseudomonas asiatica	2219225	S	353	1617	1970	0.00006
Pseudomonas sivasensis	1880678	S	327	43	370	0.00001
Pseudomonas fragariae (ex Marin et al. 2024)	3080056	S	325	727	1052	0.00003
Pseudomonas taetrolens	47884	S	321	28	349	0.00001
Pseudomonas kurunegalensis	485880	S	301	872	1173	0.00003
Pseudomonas hormoni	3093767	S	301	39	340	0.00001
Pseudomonas saxonica	2600598	S	290	48	338	0.00001
Pseudomonas lini	163011	S	287	45	332	0.00001
Pseudomonas imrae	2992837	S	287	26	313	0.00001
Pseudomonas paraveronii	3040598	S	282	73	355	0.00001
Pseudomonas psychrophila	122355	S	269	35	304	0.00001
Pseudomonas vancouverensis	95300	S	256	23	279	0.00001
Pseudomonas zeae	2745510	S	251	80	331	0.00001
Pseudomonas aestiva	3136739	S	250	102	352	0.00001
Pseudomonas luteola	47886	S	247	273	520	0.00001
Pseudomonas beijingensis	2954101	S	232	33	265	0.00001
Pseudomonas hefeiensis	2738125	S	231	22	253	0.00001
Pseudomonas graminis	158627	S	211	25	236	0.00001
Pseudomonas wenzhouensis	2906062	S	210	91	301	0.00001
Pseudomonas tritici	2745518	S	209	35	244	0.00001
Pseudomonas phenolilytica	2746321	S	204	251	455	0.00001
Pseudomonas soli	1306993	S	202	369	571	0.00002
Pseudomonas viciae	2505979	S	202	28	230	0.00001
Pseudomonas sichuanensis	2213015	S	201	251	452	0.00001
Pseudomonas shirazensis	2745494	S	200	40	240	0.00001
Pseudomonas fakonensis	2842355	S	199	31	230	0.00001
Pseudomonas paeninsulae	3110772	S	198	19	217	0.00001
Pseudomonas tructae	2518644	S	194	17	211	0.00001
Pseudomonas reinekei	395598	S	193	29	222	0.00001
Pseudomonas azerbaijanorientalis	2842350	S	191	82	273	0.00001
Pseudomonas thivervalensis	86265	S	189	25	214	0.00001
Pseudomonas sihuiensis	1274359	S	189	263	452	0.00001
Pseudomonas hygromyciniae	2812000	S	187	57	244	0.00001
Pseudomonas serboccidentalis	2964670	S	180	20	200	0.00001
Pseudomonas hamedanensis	2745504	S	177	17	194	0.00001
Candidatus Pseudomonas adelgestsugas	1302376	S	171	0	171	0.00000
Pseudomonas salmasensis	2745514	S	163	68	231	0.00001
Pseudomonas donghuensis	1163398	S	161	183	344	0.00001
Pseudomonas tensinigenes	2745511	S	154	48	202	0.00001
Pseudomonas lyxosi	3398358	S	153	31	184	0.00001
Pseudomonas juntendi	2666183	S	153	584	737	0.00002
Pseudomonas monachiensis	3060212	S	152	26	178	0.00000
Pseudomonas maumuensis	2842354	S	150	30	180	0.00001
Pseudomonas nunensis	2961896	S	149	23	172	0.00000
Pseudomonas allokribbensis	2774460	S	145	32	177	0.00000
Pseudomonas grandcourensis	3136736	S	144	26	170	0.00000
Pseudomonas frigoris	3398356	S	140	92	232	0.00001
Pseudomonas laurylsulfatiphila	2011015	S	140	26	166	0.00000
Pseudomonas serbica	2965074	S	139	0	139	0.00000
Pseudomonas helvetica	3136738	S	138	70	208	0.00001
Pseudomonas shahriarae	2745512	S	136	542	678	0.00002
Pseudomonas gozinkensis	2774461	S	136	33	169	0.00000
Pseudomonas glycinae	1785145	S	135	46	181	0.00001
Pseudomonas triticicola	2842345	S	128	30	158	0.00000
Pseudomonas lactis	1615674	S	124	58	182	0.00001
Pseudomonas arabinosi	3398357	S	118	22	140	0.00000
Pseudomonas bubulae	2316085	S	115	241	356	0.00001
Pseudomonas oryziphila	2894079	S	114	144	258	0.00001
Pseudomonas rhizophila	2045200	S	105	248	353	0.00001
Pseudomonas anuradhapurensis	485870	S	102	47	149	0.00000
Pseudomonas hunanensis	1247546	S	102	338	440	0.00001
Pseudomonas monsensis	2745509	S	97	54	151	0.00000
Pseudomonas cucumis	2954082	S	88	15	103	0.00000
Pseudomonas bijieensis	2681983	S	82	158	240	0.00001
Pseudomonas svalbardensis	3042029	S	80	105	185	0.00001
Pseudomonas pergaminensis	2853159	S	76	74	150	0.00000
Pseudomonas iranensis	2745503	S	70	43	113	0.00000
Pseudomonas fitomaticsae	2837969	S	56	17	73	0.00000
Pseudomonas cerasi	1583341	S	49	58	107	0.00000
Pseudomonas qingdaonensis	2056231	S	41	90	131	0.00000
Pseudomonas guariconensis	1288410	S	37	172	209	0.00001
Pseudomonas germanica	2815720	S	37	67	104	0.00000
Pseudomonas fortuita	3233375	S	34	215	249	0.00001
Pseudomonas quebecensis	2995174	S	28	27	55	0.00000
Pseudomonas edaphica	2006980	S	26	23	49	0.00000
Pseudomonas palmensis	2815362	S	22	54	76	0.00000
Pseudomonas idahonensis	2942628	S	19	32	51	0.00000
Pseudomonas kulmbachensis	3043408	S	12	20	32	0.00000
Pseudomonas khavaziana	2842351	S	11	22	33	0.00000
Stutzerimonas stutzeri	316	S	4252	2963	7215	0.00020
Stutzerimonas chloritidismutans	203192	S	558	642	1200	0.00003
Stutzerimonas kunmingensis	1211807	S	137	200	337	0.00001
Stutzerimonas balearica	74829	S	1314	488	1802	0.00005
Stutzerimonas frequens	2968969	S	674	578	1252	0.00004
Stutzerimonas degradans	2968968	S	219	343	562	0.00002
Stutzerimonas zhaodongensis	1176257	S	1168	1081	2249	0.00006
Stutzerimonas urumqiensis	638269	S	1066	68	1134	0.00003
Stutzerimonas decontaminans	3022791	S	504	218	722	0.00002
Stutzerimonas xanthomarina	271420	S	464	78	542	0.00002
Stutzerimonas sp. R40042	2998559	S	55	178	233	0.00001
Stutzerimonas sp. CQPMC-PStu	3369415	S	19	960	979	0.00003
Halopseudomonas maritima	2918528	S	880	28	908	0.00003
Halopseudomonas sp. SMJS2	3041098	S	714	22	736	0.00002
Halopseudomonas pelagia	553151	S	670	34	704	0.00002
Halopseudomonas phragmitis	1931241	S	559	11	570	0.00002
Pseudomonas denitrificans (nom. rej.)	43306	S	432	195	627	0.00002
Halopseudomonas aestusnigri	857252	S	123	1072	1195	0.00003
Halopseudomonas litoralis	797277	S	526	64	590	0.00002
Halopseudomonas sabulinigri	472181	S	492	7	499	0.00001
Halopseudomonas oceani	1708783	S	468	22	490	0.00001
Halopseudomonas nanhaiensis	2830842	S	462	22	484	0.00001
Halopseudomonas salegens	1434072	S	412	6	418	0.00001
Halopseudomonas xinjiangensis	487184	S	382	9	391	0.00001
Metapseudomonas otitidis	319939	S	2024	440	2464	0.00007
Metapseudomonas furukawaii	1149133	S	1141	266	1407	0.00004
Metapseudomonas resinovorans	53412	S	858	412	1270	0.00004
Metapseudomonas lalkuanensis	2604832	S	675	138	813	0.00002
Metapseudomonas boanensis	2822138	S	415	28	443	0.00001
Ectopseudomonas mendocina	300	S	1353	1031	2384	0.00007
Ectopseudomonas hydrolytica	2493633	S	666	414	1080	0.00003
Ectopseudomonas oleovorans	301	S	515	924	1439	0.00004
Ectopseudomonas guguanensis	1198456	S	392	369	761	0.00002
Ectopseudomonas toyotomiensis	554344	S	299	190	489	0.00001
Ectopseudomonas khazarica	2502979	S	156	379	535	0.00002
Azotobacter chroococcum	353	S	876	102	978	0.00003
Azotobacter salinestris	69964	S	517	66	583	0.00002
Azotobacter vinelandii	354	S	53	976	1029	0.00003
Azorhizophilus paspali	69963	S	414	177	591	0.00002
Aquipseudomonas alcaligenes	43263	S	1590	612	2202	0.00006
Aquipseudomonas campi	2731681	S	501	119	620	0.00002
Entomomonas sp. E2T0	2930213	S	530	21	551	0.00002
Entomomonas asaccharolytica	2785331	S	524	21	545	0.00002
Entomomonas moraniae	2213226	S	398	4	402	0.00001
Permianibacter aggregans	1510150	S	740	3	743	0.00002
Phytopseudomonas seleniipraecipitans	640205	S	406	32	438	0.00001
Phytopseudomonas argentinensis	289370	S	309	102	411	0.00001
Thiopseudomonas alkaliphila	1697053	S	611	43	654	0.00002
Geopseudomonas guangdongensis	1245526	S	430	76	506	0.00001
Denitrificimonas caeni	521720	S	283	44	327	0.00001
Marinobacter sp.	50741	S	1655	73	1728	0.00005
Marinobacter sp. LV10R510-11A	1415568	S	702	3	705	0.00002
Marinobacter sp. CA1	2817656	S	559	3	562	0.00002
Marinobacter sp. AN1	2886046	S	537	16	553	0.00002
Marinobacter sp. NP-4(2019)	2488665	S	431	14	445	0.00001
Marinobacter sp. MMG032	3158548	S	277	29	306	0.00001
Marinobacter sp. es.042	1761794	S	200	3	203	0.00001
Marinobacter sp. CP1	1671721	S	198	33	231	0.00001
Marinobacter sp. W-8	3369658	S	197	6	203	0.00001
Marinobacter sp. BSs20148	490759	S	129	1	130	0.00000
Marinobacter sp. MA	2971606	S	107	9	116	0.00000
Marinobacter sp. KM021	3075616	S	104	33	137	0.00000
Marinobacter sp. Arc7-DN-1	2304594	S	83	14	97	0.00000
Marinobacter sp. LM1	3003349	S	77	17	94	0.00000
Marinobacter sp. M3C	2917715	S	73	1	74	0.00000
Marinobacter sp. MIT932201	3096995	S	49	8	57	0.00000
Marinobacter sp. THAF39	2587857	S	39	11787	11826	0.00033
Marinobacter sp. RI1	3158171	S	17	1	18	0.00000
Marinobacter sp. M5B	3141535	S	15	4	19	0.00000
Marinobacter sp. MIT930201	3096996	S	13	6	19	0.00000
Marinobacter nanhaiticus	1305740	S	1791	12	1803	0.00005
Marinobacter fonticola	2603215	S	771	5	776	0.00002
Marinobacter salarius	1420917	S	756	83	839	0.00002
Marinobacter salinisoli	2769486	S	480	3	483	0.00001
Marinobacter salinus	1874317	S	476	3	479	0.00001
Marinobacter nauticus	2743	S	374	91	465	0.00001
Marinobacter similis	1420916	S	265	5	270	0.00001
Marinobacter salsuginis	418719	S	254	15	269	0.00001
Marinobacter apostichopi	3035454	S	223	2	225	0.00001
Marinobacter flavimaris	262076	S	140	23	163	0.00000
Marinobacter alkaliphilus	254719	S	136	30	166	0.00000
Marinobacter alexandrii	2570351	S	108	7	115	0.00000
Marinobacter psychrophilus	330734	S	94	1	95	0.00000
Marinobacter adhaerens	1033846	S	82	4	86	0.00000
Marinobacter shengliensis	1389223	S	75	15	90	0.00000
Marinobacter metalliresistant	2961995	S	66	12	78	0.00000
Candidatus Njordibacter sp. Uisw_058	3230974	S	416	15	431	0.00001
Candidatus Njordibacter sp. Uisw_056	3230973	S	363	13	376	0.00001
Candidatus Njordibacter sp. Uisw_039	3230972	S	178	5	183	0.00001
Candidatus Njordibacter sp. Uisw_002	3230971	S	144	4	148	0.00000
Pseudohongiella spirulinae	1249552	S	412	1	413	0.00001
Ketobacter alkanivorans	1917421	S	403	3	406	0.00001
Stenotrophomonas maltophilia	40324	S	31235	29717	60952	0.00171
Stenotrophomonas sp. ESTM1D_MKCIP4_1	2072414	S	711	273	984	0.00003
Stenotrophomonas sp. ZAC14A_NAIMI4_1	2072412	S	264	393	657	0.00002
Stenotrophomonas sp. ZAC14D2_NAIMI4_7	2072405	S	260	184	444	0.00001
Stenotrophomonas sp. SAU14A_NAIMI4_5	2072413	S	254	2963	3217	0.00009
Stenotrophomonas sp. ZAC14D2_NAIMI4_6	2072406	S	225	312	537	0.00002
Stenotrophomonas sp. YAU14D1_LEIMI4_1	2072407	S	186	216	402	0.00001
Stenotrophomonas sp. YAU14A_MKIMI4_1	2072408	S	81	424	505	0.00001
Stenotrophomonas sp. SAU14A_NAIMI4_8	2072409	S	37	194	231	0.00001
Stenotrophomonas maltophilia group sp. RY12688	3454438	S	30	110	140	0.00000
Stenotrophomonas maltophilia group sp. vghtpe118	3459469	S	22	107	129	0.00000
Stenotrophomonas sepilia	2860290	S	202	204	406	0.00001
Stenotrophomonas forensis	2871169	S	121	318	439	0.00001
Stenotrophomonas sp. JC08	3445779	S	1269	266	1535	0.00004
Stenotrophomonas sp. 24(2023)	3068324	S	810	146	956	0.00003
Stenotrophomonas sp. PUT21	3456954	S	676	165	841	0.00002
Stenotrophomonas sp. LGBM10	3390038	S	606	74	680	0.00002
Stenotrophomonas sp. NA06056	2742129	S	370	89	459	0.00001
Stenotrophomonas sp. 57	3051119	S	368	142	510	0.00001
Stenotrophomonas sp. EMP41	3396625	S	275	156	431	0.00001
Stenotrophomonas sp. WZN-1	2005046	S	226	100	326	0.00001
Stenotrophomonas sp. LM091	1904944	S	223	281	504	0.00001
Stenotrophomonas sp. 59	3051120	S	195	103	298	0.00001
Stenotrophomonas sp. BIO128-Bstrain	3027225	S	189	249	438	0.00001
Stenotrophomonas sp. 169	2770322	S	171	228	399	0.00001
Stenotrophomonas sp. 364	2691571	S	165	69	234	0.00001
Stenotrophomonas sp. DR822	2871174	S	163	128	291	0.00001
Stenotrophomonas sp. S11A1a	3455011	S	163	82	245	0.00001
Stenotrophomonas sp. Pemsol	2040586	S	157	259	416	0.00001
Stenotrophomonas sp. WHRI 8082	3162571	S	153	209	362	0.00001
Stenotrophomonas sp. SXG-1	2682487	S	131	381	512	0.00001
Stenotrophomonas sp. STK16_22	3395906	S	127	286	413	0.00001
Stenotrophomonas sp. NY11291	2939415	S	91	286	377	0.00001
Stenotrophomonas sp. 17(2023)	3051123	S	69	110	179	0.00001
Stenotrophomonas sp. Y-13	3384161	S	68	56	124	0.00000
Stenotrophomonas sp. MYb57	1827305	S	66	101	167	0.00000
Stenotrophomonas sp. G4	2303750	S	57	240	297	0.00001
Stenotrophomonas sp. SI-NJAU-1	2886359	S	43	184	227	0.00001
Stenotrophomonas sp. STK17_22	3455201	S	39	129	168	0.00000
Stenotrophomonas sp. CW117	2775920	S	39	320	359	0.00001
Stenotrophomonas sp. P2112	3308998	S	37	147	184	0.00001
Stenotrophomonas sp. SBJS02	2599307	S	32	110	142	0.00000
Stenotrophomonas sp. ASS1	2282124	S	24	51	75	0.00000
Stenotrophomonas sp. T8	3446365	S	22	81	103	0.00000
Stenotrophomonas pigmentata	3055080	S	3094	204	3298	0.00009
Stenotrophomonas rhizophila	216778	S	2911	356	3267	0.00009
Stenotrophomonas nitritireducens	83617	S	1191	1012	2203	0.00006
Stenotrophomonas acidaminiphila	128780	S	1107	1060	2167	0.00006
Stenotrophomonas oahuensis	3003271	S	1088	62	1150	0.00003
Stenotrophomonas lacuserhaii	2760084	S	824	140	964	0.00003
Stenotrophomonas geniculata	86188	S	804	1081	1885	0.00005
Stenotrophomonas nematodicola	2656746	S	612	87	699	0.00002
Stenotrophomonas aracearum	3003272	S	531	104	635	0.00002
Stenotrophomonas tuberculopleuritidis	3055079	S	464	221	685	0.00002
Stenotrophomonas cyclobalanopsidis	2771362	S	408	475	883	0.00002
Stenotrophomonas indicatrix	2045451	S	303	216	519	0.00001
Stenotrophomonas pavanii	487698	S	237	542	779	0.00002
Stenotrophomonas muris	2963283	S	181	622	803	0.00002
Stenotrophomonas lactitubi	2045214	S	119	59	178	0.00000
Stenotrophomonas riyadhensis	2859893	S	37	106	143	0.00000
Xanthomonas albilineans	29447	S	16278	385	16663	0.00047
Xanthomonas sp. NCPPB 2632	3240912	S	894	84	978	0.00003
Xanthomonas sp. AM6	2982531	S	465	101	566	0.00002
Xanthomonas sp. 10-10	3115848	S	456	24	480	0.00001
Xanthomonas sp. CFBP 8443	2971235	S	401	81	482	0.00001
Xanthomonas sp. CFBP 8445	2971236	S	397	73	470	0.00001
Xanthomonas sp. NCPPB 3005	3240913	S	311	100	411	0.00001
Xanthomonas sp. NCPPB 1068	487525	S	168	82	250	0.00001
Xanthomonas sp. NCPPB 3582	487557	S	146	35	181	0.00001
Xanthomonas sp. NCPPB 1325	487529	S	135	50	185	0.00001
Xanthomonas sp. GW	2724121	S	102	120	222	0.00001
Xanthomonas sp. SS	2724122	S	96	137	233	0.00001
Xanthomonas sp. WHRI 7065	3161569	S	85	62	147	0.00000
Xanthomonas sp. SI	2724123	S	81	120	201	0.00001
Xanthomonas sp. NCPPB 1754	487536	S	41	99	140	0.00000
Xanthomonas sp. MLO165	2081477	S	33	36	69	0.00000
Xanthomonas sp. NCPPB 4037	487568	S	26	9	35	0.00000
Xanthomonas sp. WHRI 6108	3161567	S	20	22	42	0.00000
Xanthomonas sp. WHRI 7064	3161568	S	18	12	30	0.00000
Xanthomonas sp. NCPPB 1062	487523	S	11	27	38	0.00000
Xanthomonas sp. NCPPB 3443	3243407	S	11	31	42	0.00000
Xanthomonas sacchari	56458	S	2374	522	2896	0.00008
Xanthomonas campestris	339	S	2301	8945	11246	0.00032
Xanthomonas graminis	3390026	S	751	191	942	0.00003
Xanthomonas translucens	343	S	449	473	922	0.00003
Xanthomonas cerealis	3390025	S	246	54	300	0.00001
Xanthomonas boreopolis	86183	S	1245	248	1493	0.00004
Xanthomonas arboricola	56448	S	1194	549	1743	0.00005
Xanthomonas hortorum	56454	S	1089	131	1220	0.00003
Xanthomonas oryzae	347	S	993	168	1161	0.00003
Xanthomonas medicagonis	3160841	S	833	87	920	0.00003
Xanthomonas citri	346	S	829	2457	3286	0.00009
Xanthomonas fragariae	48664	S	686	21	707	0.00002
Xanthomonas axonopodis	53413	S	645	474	1119	0.00003
Xanthomonas nasturtii	1843581	S	618	40	658	0.00002
Xanthomonas theicola	56464	S	617	45	662	0.00002
Xanthomonas vasicola	56459	S	526	54	580	0.00002
Xanthomonas vesicatoria	56460	S	489	104	593	0.00002
Xanthomonas prunicola	2053930	S	463	22	485	0.00001
Xanthomonas rydalmerensis	3046274	S	403	48	451	0.00001
Xanthomonas hyacinthi	56455	S	359	64	423	0.00001
Xanthomonas hawaiiensis	3003247	S	338	55	393	0.00001
Xanthomonas tesorieronis	3160839	S	329	33	362	0.00001
Xanthomonas bundabergensis	3160842	S	315	90	405	0.00001
Xanthomonas cannabis	1885674	S	285	38	323	0.00001
Xanthomonas phaseoli	1985254	S	269	262	531	0.00001
Xanthomonas euroxanthea	2259622	S	222	69	291	0.00001
Xanthomonas cassavae	56450	S	220	13	233	0.00001
Xanthomonas indica	2912242	S	212	39	251	0.00001
Xanthomonas hydrangeae	2775159	S	191	15	206	0.00001
Xanthomonas sontii	2650745	S	163	80	243	0.00001
Xanthomonas euvesicatoria	456327	S	150	2855	3005	0.00008
Xanthomonas dyei	743699	S	99	140	239	0.00001
Xanthomonas cucurbitae	56453	S	77	95	172	0.00000
Xanthomonas perforans	442694	S	60	252	312	0.00001
Lysobacter sp. 5GHs7-4	2904253	S	1038	86	1124	0.00003
Lysobacter sp. TY2-98	2290922	S	829	29	858	0.00002
Lysobacter sp. K5869	2820808	S	773	123	896	0.00003
Lysobacter sp. CW239	2762611	S	734	160	894	0.00003
Lysobacter sp. KIS68-7	2904252	S	597	32	629	0.00002
Lysobacter sp. Hz 25	3383698	S	580	109	689	0.00002
Lysobacter sp. FW306-1B-D06B	3140250	S	560	41	601	0.00002
Lysobacter sp. S4-A87	2925843	S	498	47	545	0.00002
Lysobacter sp. HDW10	2714936	S	196	13	209	0.00001
Lysobacter sp. H21R4	2781021	S	175	230	405	0.00001
Lysobacter sp. H23M47	2781024	S	114	651	765	0.00002
Lysobacter enzymogenes	69	S	2553	1685	4238	0.00012
Lysobacter capsici	435897	S	2069	1299	3368	0.00009
Lysobacter soli	453783	S	1541	132	1673	0.00005
Lysobacter firmicutimachus	1792846	S	1036	82	1118	0.00003
Lysobacter auxotrophicus	2992573	S	789	85	874	0.00002
Lysobacter antibioticus	84531	S	572	92	664	0.00002
Lysobacter arenosi	2795387	S	458	41	499	0.00001
Lysobacter soyae	2764185	S	291	4	295	0.00001
Lysobacter gummosus	262324	S	137	688	825	0.00002
Lysobacter yananisis	1003114	S	76	258	334	0.00001
Pseudoxanthomonas sp. SL93	2995142	S	1121	82	1203	0.00003
Pseudoxanthomonas sp.	1871049	S	802	42	844	0.00002
Pseudoxanthomonas sp. JBR18	2969308	S	785	36	821	0.00002
Pseudoxanthomonas sp. SE1	1664560	S	601	99	700	0.00002
Pseudoxanthomonas sp. X-1	2571115	S	591	265	856	0.00002
Pseudoxanthomonas sp. UC19_8	3350175	S	329	261	590	0.00002
Pseudoxanthomonas suwonensis	314722	S	2723	275	2998	0.00008
Pseudoxanthomonas mexicana	128785	S	2328	2094	4422	0.00012
Pseudoxanthomonas daejeonensis	266062	S	1208	81	1289	0.00004
Pseudoxanthomonas koreensis	266061	S	931	75	1006	0.00003
Pseudoxanthomonas japonensis	69284	S	908	774	1682	0.00005
Pseudoxanthomonas spadix	415229	S	754	71	825	0.00002
Pseudoxanthomonas winnipegensis	2480810	S	290	255	545	0.00002
Luteimonas sp. MC1750	2799326	S	1406	194	1600	0.00004
Luteimonas sp. R10	3108176	S	1254	73	1327	0.00004
Luteimonas sp. WGS1318	3366815	S	946	133	1079	0.00003
Luteimonas sp. JM171	1896164	S	928	192	1120	0.00003
Luteimonas sp. S4-F44	2925842	S	916	52	968	0.00003
Luteimonas sp. YGD11-2	2508168	S	813	196	1009	0.00003
Luteimonas sp. MC1572	2799325	S	709	212	921	0.00003
Luteimonas sp. MC1825	2761107	S	702	203	905	0.00003
Luteimonas granuli	1176533	S	1192	147	1339	0.00004
Luteimonas dalianensis	1148196	S	1008	250	1258	0.00004
Luteimonas fraxinea	2901869	S	781	78	859	0.00002
Luteimonas yindakuii	2565782	S	775	121	896	0.00003
Luteimonas chenhongjianii	2006110	S	763	63	826	0.00002
Thermomonas sp. XSG	2771436	S	1339	295	1634	0.00005
Thermomonas sp. HDW16	2714945	S	1111	122	1233	0.00003
Thermomonas brevis	215691	S	1988	425	2413	0.00007
Thermomonas aquatica	2202149	S	1736	332	2068	0.00006
Thermomonas carbonis	1463158	S	1313	89	1402	0.00004
Thermomonas paludicola	2884874	S	966	96	1062	0.00003
Marilutibacter maris	1605891	S	1015	104	1119	0.00003
Marilutibacter alkalisoli	2591633	S	780	58	838	0.00002
Agrilutibacter solisilvae	2763317	S	971	51	1022	0.00003
Agrilutibacter terrestris	2865112	S	876	75	951	0.00003
Pseudoluteimonas lycopersici	1324796	S	1721	77	1798	0.00005
Solilutibacter oculi	2698682	S	1031	86	1117	0.00003
Xylella fastidiosa	2371	S	740	86	826	0.00002
Xylella taiwanensis	1444770	S	280	3	283	0.00001
Arenimonas daejeonensis	370777	S	998	36	1034	0.00003
Novilysobacter luteus	2822368	S	496	30	526	0.00001
Novilysobacter ciconiae	2781022	S	170	222	392	0.00001
Novilysobacter avium	2781023	S	100	552	652	0.00002
Dyella sp. GSA-30	2994496	S	1021	81	1102	0.00003
Dyella sp. BiH032	3075430	S	872	138	1010	0.00003
Dyella sp. Tek66A03	3458298	S	753	103	856	0.00002
Dyella sp. KULCS107	3422216	S	743	198	941	0.00003
Dyella sp. M7H15-1	2501295	S	721	33	754	0.00002
Dyella sp. 20L07	3384240	S	543	52	595	0.00002
Dyella marensis	500610	S	1238	307	1545	0.00004
Dyella japonica	231455	S	721	168	889	0.00002
Dyella thiooxydans	445710	S	703	155	858	0.00002
Dyella nitratireducens	1849580	S	679	29	708	0.00002
Dyella acidisoli	1867834	S	652	28	680	0.00002
Dyella telluris	2763498	S	638	136	774	0.00002
Dyella terrae	522259	S	628	58	686	0.00002
Dyella halodurans	1920171	S	598	116	714	0.00002
Dyella kyungheensis	1242174	S	578	113	691	0.00002
Dyella caseinilytica	1849581	S	566	25	591	0.00002
Dyella aluminiiresistens	3069105	S	529	54	583	0.00002
Rhodanobacter sp. Col0626	3415679	S	607	50	657	0.00002
Rhodanobacter sp. IGA1.0	3158582	S	601	669	1270	0.00004
Rhodanobacter sp. FDAARGOS 1247	2778082	S	528	601	1129	0.00003
Rhodanobacter sp. AS-Z3	3031330	S	452	28	480	0.00001
Rhodanobacter thiooxydans	416169	S	1510	506	2016	0.00006
Rhodanobacter denitrificans	666685	S	936	305	1241	0.00003
Rhodanobacter glycinis	582702	S	478	53	531	0.00001
Luteibacter sp. Lutesp34	3243030	S	807	116	923	0.00003
Luteibacter sp. E-22	3404050	S	558	68	626	0.00002
Luteibacter aegosomatis	2911537	S	869	122	991	0.00003
Luteibacter pinisoli	2589080	S	829	116	945	0.00003
Luteibacter rhizovicinus	242606	S	794	67	861	0.00002
Luteibacter flocculans	2780091	S	658	89	747	0.00002
Luteibacter aegosomaticola	2911538	S	615	77	692	0.00002
Luteibacter anthropi	564369	S	573	61	634	0.00002
Luteibacter aegosomatissinici	2911539	S	468	69	537	0.00002
Dokdonella sp. MW10	2992926	S	1769	79	1848	0.00005
Dokdonella koreensis	323415	S	1313	95	1408	0.00004
Tahibacter sp. UC22_41	3350178	S	1368	177	1545	0.00004
Tahibacter amnicola	2976241	S	1178	91	1269	0.00004
Frateuria aurantia	81475	S	660	70	730	0.00002
Frateuria edaphi	2898793	S	629	135	764	0.00002
Frateuria soli	1542730	S	505	186	691	0.00002
Pseudolysobacter antarcticus	2511995	S	710	7	717	0.00002
Aerosticca soli	2010829	S	595	387	982	0.00003
Ahniella affigens	2021234	S	497	5	502	0.00001
Metallibacterium scheffleri	993689	S	48	0	48	0.00000
Marinicella sp. W31	3023713	S	469	0	469	0.00001
Halomonas sp. JS92-SW72	2306583	S	1287	1413	2700	0.00008
Halomonas sp. H5	3423910	S	959	22	981	0.00003
Halomonas sp. 3H	2952527	S	884	65	949	0.00003
Halomonas sp. HK25	3394321	S	761	20	781	0.00002
Halomonas sp. THAF5a	2587844	S	660	67	727	0.00002
Halomonas sp. BM-2019	2811227	S	659	26	685	0.00002
Halomonas sp. M4R1S46	2982692	S	655	20	675	0.00002
Halomonas sp. THAF12	2587849	S	651	200	851	0.00002
Halomonas sp.	1486246	S	645	13	658	0.00002
Halomonas sp. E14	3397245	S	641	23	664	0.00002
Halomonas sp. I5-271120	3061632	S	570	40	610	0.00002
Halomonas sp. CKK8	3036127	S	516	18	534	0.00001
Halomonas sp. YLGW01	2773308	S	516	15	531	0.00001
Halomonas sp. MCCC 1A13316	2733487	S	458	10	468	0.00001
Halomonas sp. SH5A2	2749040	S	421	13	434	0.00001
Halomonas sp. A40-4	2785909	S	418	35	453	0.00001
Halomonas sp. R57-5	1610576	S	381	124	505	0.00001
Halomonas sp. Y3	2956797	S	349	553	902	0.00003
Halomonas sp. BDJS001	2992143	S	299	47	346	0.00001
Halomonas sp. M1	3035470	S	293	10	303	0.00001
Halomonas sp. H2	261936	S	285	103	388	0.00001
Halomonas sp. PA16-9	2576841	S	255	1226	1481	0.00004
Halomonas sp. GT	1971364	S	241	93	334	0.00001
Halomonas sp. 18071143	2855441	S	240	368	608	0.00002
Halomonas sp. 7T	2893469	S	209	53	262	0.00001
Halomonas sp. NyZ770	2883106	S	194	153	347	0.00001
Halomonas sp. HAL1	550984	S	192	76	268	0.00001
Halomonas sp. DN3	2953657	S	169	263	432	0.00001
Halomonas sp. GD1P12	2982691	S	160	667	827	0.00002
Halomonas sp. PAMB 3264	3075222	S	137	563	700	0.00002
Halomonas sp. SS10-MC5	2854257	S	135	675	810	0.00002
Halomonas sp. LR3S48	2982694	S	129	338	467	0.00001
Halomonas sp. hl-4	1761789	S	128	630	758	0.00002
Halomonas sp. RT37	2950872	S	125	308	433	0.00001
Halomonas sp. TD01	999141	S	121	28	149	0.00000
Halomonas sp. FeN2	2832500	S	116	363	479	0.00001
Halomonas sp. N3-2A	2014541	S	100	77	177	0.00000
Halomonas sp. H10-59	2950874	S	94	240	334	0.00001
Halomonas sp. KO116	1504981	S	94	235	329	0.00001
Halomonas sp. PGE1	2730360	S	83	230	313	0.00001
Halomonas sp. A020	2717374	S	80	356	436	0.00001
Halomonas sp. HG01	1609967	S	78	260	338	0.00001
Halomonas sp. HL-93	1666906	S	69	348	417	0.00001
Halomonas sp. KG2	2951138	S	67	65	132	0.00000
Halomonas sp. PAMB 3232	3075221	S	62	269	331	0.00001
Halomonas sp. Ant2	1630300	S	22	0	22	0.00000
Halomonas sp. XH26	2557993	S	10	50	60	0.00000
Halomonas elongata	2746	S	967	12	979	0.00003
Halomonas piscis	3031727	S	783	9	792	0.00002
Halomonas mongoliensis	321265	S	698	448	1146	0.00003
Halomonas beimenensis	475662	S	675	20	695	0.00002
Halomonas aestuarii	1897729	S	601	21	622	0.00002
Halomonas chromatireducens	507626	S	582	5	587	0.00002
Halomonas binhaiensis	2562282	S	526	5	531	0.00001
Halomonas litopenaei	2109328	S	516	114	630	0.00002
Halomonas cupida	44933	S	487	29	516	0.00001
Halomonas kashgarensis	3084920	S	439	8	447	0.00001
Halomonas alkalicola	1930622	S	311	593	904	0.00003
Halomonas alkaliantarctica	232346	S	289	26	315	0.00001
Halomonas huangheensis	1178482	S	271	3	274	0.00001
Halomonas casei	2742613	S	243	39	282	0.00001
Halomonas halophila	29573	S	171	610	781	0.00002
Halomonas qaidamensis	2866211	S	70	203	273	0.00001
Halomonas qinghailakensis	2937790	S	55	165	220	0.00001
Vreelandella aquamarina	77097	S	1519	470	1989	0.00006
Vreelandella venusta	44935	S	716	176	892	0.00003
Vreelandella subglaciescola	29571	S	586	10	596	0.00002
Vreelandella sp.	3137778	S	243	17	260	0.00001
Vreelandella sp. F11	3394751	S	241	30	271	0.00001
Vreelandella sp. SM1641	3126101	S	33	93	126	0.00000
Vreelandella sp. 21	3402864	S	11	50	61	0.00000
Vreelandella stevensii	502821	S	311	204	515	0.00001
Vreelandella titanicae	664683	S	266	1205	1471	0.00004
Vreelandella profundi	2852117	S	242	18	260	0.00001
Vreelandella zhaodongensis	1176240	S	227	16	243	0.00001
Vreelandella piezotolerans	2609667	S	136	389	525	0.00001
Vreelandella neptunia	115551	S	85	255	340	0.00001
Vreelandella alkaliphila	272774	S	33	128	161	0.00000
Salinicola endophyticus	1949083	S	1102	273	1375	0.00004
Salinicola sp. LHM	3065298	S	634	138	772	0.00002
Salinicola sp. JS01	3050071	S	249	93	342	0.00001
Salinicola lusitanus	1949085	S	542	60	602	0.00002
Salinicola tamaricis	1771309	S	423	154	577	0.00002
Cobetia sp. L2A1	2686360	S	500	14	514	0.00001
Cobetia sp. 4B	2758724	S	200	258	458	0.00001
Cobetia sp. cqz5-12	2609415	S	146	37	183	0.00001
Cobetia sp. AM6	2661553	S	79	190	269	0.00001
Cobetia sp. UIB-001	2717697	S	67	65	132	0.00000
Cobetia sp. D5	3105867	S	52	99	151	0.00000
Cobetia sp. ICG0124	2053669	S	11	150	161	0.00000
Cobetia marina	28258	S	306	450	756	0.00002
Cobetia amphilecti	1055104	S	185	407	592	0.00002
Kushneria sp. Sum13	3459196	S	806	75	881	0.00002
Kushneria sp. TE3	3449832	S	450	21	471	0.00001
Kushneria phosphatilytica	657387	S	509	2	511	0.00001
Kushneria konosiri	698828	S	386	139	525	0.00001
Kushneria marisflavi	157779	S	343	132	475	0.00001
Billgrantia antri	2846777	S	618	50	668	0.00002
Billgrantia tianxiuensis	2497861	S	606	83	689	0.00002
Billgrantia sp. C5P2	3436239	S	63	166	229	0.00001
Billgrantia sulfidoxydans	2733484	S	39	208	247	0.00001
Chromohalobacter israelensis	141390	S	838	61	899	0.00003
Chromohalobacter canadensis	141389	S	424	41	465	0.00001
Zymobacter sp. IVIA_5232.4 C2	3394855	S	110	103	213	0.00001
Zymobacter sp. IVIA_12111.31 C1	3394854	S	94	104	198	0.00001
Zymobacter palmae	33074	S	179	75	254	0.00001
Candidatus Carsonella ruddii	114186	S	328	26	354	0.00001
Halotalea alkalilenta	376489	S	928	21	949	0.00003
Pistricoccus aurantiacus	1883414	S	859	6	865	0.00002
Marinomonas sp. PE14-40	3060621	S	756	24	780	0.00002
Marinomonas sp. RS-M-Aa-14	3241169	S	414	111	525	0.00001
Marinomonas sp. A3A	2065312	S	362	101	463	0.00001
Marinomonas sp. CT5	2066133	S	344	17	361	0.00001
Marinomonas sp.	1904862	S	341	78	419	0.00001
Marinomonas sp. GJ51-6	2992802	S	325	16	341	0.00001
Marinomonas sp. THO17	3149048	S	288	11	299	0.00001
Marinomonas sp. FW-1	2071621	S	171	23	194	0.00001
Marinomonas primoryensis	178399	S	660	36	696	0.00002
Marinomonas posidonica	936476	S	549	29	578	0.00002
Marinomonas algicola	2773454	S	500	26	526	0.00001
Marinomonas mediterranea	119864	S	400	14	414	0.00001
Marinomonas polaris	293552	S	373	88	461	0.00001
Marinomonas foliarum	491950	S	348	133	481	0.00001
Marinomonas profundi	2726122	S	346	44	390	0.00001
Marinomonas arctica	383750	S	316	91	407	0.00001
Marinomonas rhizomae	491948	S	224	80	304	0.00001
Marinomonas gallaica	1806667	S	221	10	231	0.00001
Marinomonas pontica	264739	S	160	27	187	0.00001
Marinobacterium aestuarii	1821621	S	920	55	975	0.00003
Marinobacterium sp. YM272	3421654	S	614	17	631	0.00002
Marinobacterium sp. LSUCC0821	2668067	S	233	5	238	0.00001
Marinobacterium iners	48076	S	822	76	898	0.00003
Marinobacterium sediminicola	518898	S	754	38	792	0.00002
Marinobacterium rhizophilum	420402	S	622	37	659	0.00002
Neptuniibacter sp. SY11_33	3398215	S	220	18	238	0.00001
Neptuniibacter sp. PT34_22	3398205	S	188	307	495	0.00001
Neptuniibacter sp. QD37_6	3398210	S	142	39	181	0.00001
Neptuniibacter sp. QD29_5	3398207	S	127	37	164	0.00000
Neptuniibacter sp. QD48_55	3398212	S	103	62	165	0.00000
Neptuniibacter sp. QD37_11	3398209	S	95	91	186	0.00001
Neptuniibacter sp. QD57_21	3398213	S	58	282	340	0.00001
Neptuniibacter sp. PT8_73	3398206	S	25	41	66	0.00000
Neptuniibacter sp. QD34_54	3398208	S	21	24	45	0.00000
Neptuniibacter sp. QD48_11	3398211	S	19	64	83	0.00000
Neptuniibacter sp. QD72_48	3398214	S	16	55	71	0.00000
Neptuniibacter halophilus	651666	S	598	11	609	0.00002
Neptuniibacter marinus	1806670	S	367	26	393	0.00001
Candidatus Thalassolituus haligoni	3100113	S	729	16	745	0.00002
Thalassolituus sp. LLYu03	3421656	S	547	17	564	0.00002
Thalassolituus oleivorans	187493	S	512	42	554	0.00002
Thalassolituus hydrocarboniclasticus	2742796	S	386	162	548	0.00002
Amphritea sp. HPY	3421652	S	654	16	670	0.00002
Amphritea atlantica	355243	S	526	11	537	0.00002
Amphritea japonica	452627	S	433	16	449	0.00001
Neptunomonas japonica	417574	S	671	6	677	0.00002
Neptunomonas concharum	1031538	S	415	8	423	0.00001
Neptunomonas phycophila	1572645	S	310	6	316	0.00001
Nitrincola salilacus	3400273	S	802	15	817	0.00002
Nitrincola iocasae	2614693	S	444	28	472	0.00001
Aliamphritea hakodatensis	2895352	S	626	24	650	0.00002
Aliamphritea ceti	1524258	S	607	29	636	0.00002
Bacterioplanoides sp.	2066072	S	794	77	871	0.00002
Bacterioplanoides sp. SCSIO 12839	2829569	S	315	46	361	0.00001
Venatoribacter cucullus	2661630	S	780	45	825	0.00002
Venatorbacter sp. C2-1	2597518	S	295	117	412	0.00001
Bermanella sp. WJH001	3048005	S	459	275	734	0.00002
Bermanella marisrubri	207949	S	241	3	244	0.00001
Motiliproteus sp.	1898955	S	747	14	761	0.00002
Bacterioplanes sanyensis	1249553	S	595	19	614	0.00002
Marinospirillum sp.	2183934	S	522	13	535	0.00002
Alcanivorax sp.	1872427	S	1560	151	1711	0.00005
Alcanivorax sp. IL2	3396310	S	404	50	454	0.00001
Alcanivorax sp. NBRC 101098	1113728	S	40	260	300	0.00001
Alcanivorax sp. IL3	3396309	S	24	1061	1085	0.00003
Alcanivorax borkumensis	59754	S	15	100	115	0.00000
Alloalcanivorax xenomutans	1094342	S	1208	372	1580	0.00004
Alloalcanivorax venustensis	172371	S	1093	82	1175	0.00003
Alloalcanivorax dieselolei	285091	S	409	163	572	0.00002
Isoalcanivorax pacificus	1306787	S	770	62	832	0.00002
Endozoicomonas sp. Mp262	2919499	S	948	19	967	0.00003
Endozoicomonas sp.	1892382	S	812	34	846	0.00002
Endozoicomonas sp. 4G	2872754	S	596	31	627	0.00002
Endozoicomonas sp. SCSIO W0465	2918516	S	562	21	583	0.00002
Endozoicomonas sp. GU-1	3009078	S	551	16	567	0.00002
Endozoicomonas sp. 8E	3035692	S	449	41	490	0.00001
Endozoicomonas sp. ALC020	3403077	S	67	454	521	0.00001
Endozoicomonas sp. ALD040	3403079	S	37	248	285	0.00001
Endozoicomonas euniceicola	1234143	S	739	64	803	0.00002
Endozoicomonas montiporae	1027273	S	602	52	654	0.00002
Hahella sp. NBU794	3422590	S	651	194	845	0.00002
Hahella sp. HNIBRBA332	3015983	S	592	93	685	0.00002
Hahella sp. KA22	1628392	S	496	149	645	0.00002
Hahella chejuensis	158327	S	821	105	926	0.00003
Thermohahella caldifontis	3142973	S	665	36	701	0.00002
Allohahella sp. A8	3141461	S	532	3	535	0.00002
Saccharospirillum mangrovi	2161747	S	761	9	770	0.00002
Gynuella sunshinyii	1445505	S	618	7	625	0.00002
Salinispirillum sp. LH 10-3-1	2952525	S	366	3	369	0.00001
Reinekea forsetii	1336806	S	331	3	334	0.00001
Aliikangiella sp. IMCC44359	3459125	S	890	0	890	0.00002
Pleionea litopenaei	3070815	S	269	1	270	0.00001
Marinicellulosiphila megalodicopiae	2724896	S	767	7	774	0.00002
Spartinivicinus ruber	2683272	S	677	7	684	0.00002
Pokkaliibacter plantistimulans	1635171	S	675	13	688	0.00002
Litorivicinus lipolyticus	418701	S	526	2	528	0.00001
Oleiphilus messinensis	141451	S	471	5	476	0.00001
Shewanella sp. NFH-SH190041	2950245	S	596	19	615	0.00002
Shewanella sp. MTB7	2746932	S	428	7	435	0.00001
Shewanella sp. KX20019	2803864	S	397	12	409	0.00001
Shewanella sp. OMA3-2	2908650	S	352	16	368	0.00001
Shewanella sp. SNU WT4	2590015	S	326	19	345	0.00001
Shewanella sp. Scap07	2589987	S	310	19	329	0.00001
Shewanella sp. Arc9-LZ	2698686	S	239	28	267	0.00001
Shewanella sp. FJAT-52076	2864202	S	221	116	337	0.00001
Shewanella sp. MR-4	60480	S	208	71	279	0.00001
Shewanella sp. ENK2	2775245	S	128	108	236	0.00001
Shewanella sp. ANA-3	94122	S	100	94	194	0.00001
Shewanella sp. HL-SH4	3436240	S	98	80	178	0.00000
Shewanella sp. Pdp11	2059264	S	90	46	136	0.00000
Shewanella sp. LZH-2	2806008	S	72	312	384	0.00001
Shewanella sp. WE21	2029986	S	71	79	150	0.00000
Shewanella sp. H8	3342676	S	56	71	127	0.00000
Shewanella sp. MEBiC00475	2575361	S	51	59	110	0.00000
Shewanella sp. FJAT-51649	2864210	S	43	20	63	0.00000
Shewanella sp. LC6	2589790	S	40	228	268	0.00001
Shewanella sp. HL-SH2	3436238	S	36	62	98	0.00000
Shewanella sp. HL-SH8	3436242	S	33	38	71	0.00000
Shewanella sp. FDAARGOS_354	1930557	S	33	304	337	0.00001
Shewanella sp. W3-18-1	351745	S	23	143	166	0.00000
Shewanella sp. JNE2	2989727	S	17	223	240	0.00001
Shewanella sp. HL-SH5	3436241	S	13	20	33	0.00000
Shewanella baltica	62322	S	1078	955	2033	0.00006
Shewanella algae	38313	S	899	271	1170	0.00003
Shewanella woodyi	60961	S	774	17	791	0.00002
Shewanella khirikhana	1965282	S	761	26	787	0.00002
Shewanella putrefaciens	24	S	728	1551	2279	0.00006
Shewanella xiamenensis	332186	S	666	1254	1920	0.00005
Shewanella sediminis	271097	S	547	19	566	0.00002
Shewanella dokdonensis	712036	S	495	9	504	0.00001
Shewanella goraebulensis	3050637	S	461	52	513	0.00001
Shewanella marisflavi	260364	S	459	26	485	0.00001
Shewanella cyperi	2814292	S	440	67	507	0.00001
Shewanella psychrophila	225848	S	425	17	442	0.00001
Shewanella frigidimarina	56812	S	412	78	490	0.00001
Shewanella oneidensis	70863	S	389	36	425	0.00001
Shewanella mesophila	2864208	S	383	20	403	0.00001
Shewanella avicenniae	2814294	S	382	13	395	0.00001
Shewanella donghaensis	238836	S	368	8	376	0.00001
Shewanella yunxiaonensis	2829809	S	356	11	367	0.00001
Shewanella litorisediminis	1173586	S	351	20	371	0.00001
Shewanella benthica	43661	S	346	24	370	0.00001
Shewanella youngdeokensis	2999068	S	346	17	363	0.00001
Shewanella maritima	2520507	S	324	9	333	0.00001
Shewanella basaltis	472183	S	316	22	338	0.00001
Shewanella denitrificans	192073	S	316	11	327	0.00001
Shewanella psychromarinicola	2487742	S	308	10	318	0.00001
Shewanella amazonensis	60478	S	305	19	324	0.00001
Shewanella piezotolerans	404011	S	293	8	301	0.00001
Shewanella halifaxensis	271098	S	288	12	300	0.00001
Shewanella acanthi	2864212	S	279	9	288	0.00001
Shewanella aestuarii	1028752	S	262	35	297	0.00001
Shewanella oncorhynchi	2726434	S	249	140	389	0.00001
Shewanella psychrotolerans	2864206	S	240	13	253	0.00001
Shewanella psychropiezotolerans	2593655	S	235	11	246	0.00001
Shewanella chilikensis	558541	S	227	220	447	0.00001
Shewanella violacea	60217	S	225	10	235	0.00001
Shewanella livingstonensis	150120	S	217	14	231	0.00001
Shewanella pealeana	70864	S	213	9	222	0.00001
Shewanella glacialimarina	2590884	S	188	93	281	0.00001
Shewanella inventionis	1738770	S	176	26	202	0.00001
Shewanella zhangzhouensis	2864213	S	175	89	264	0.00001
Shewanella decolorationis	256839	S	169	70	239	0.00001
Shewanella rhizosphaerae	2864207	S	160	94	254	0.00001
Shewanella sedimentimangrovi	2814293	S	152	35	187	0.00001
Shewanella halotolerans	2864204	S	151	42	193	0.00001
Shewanella polaris	2588449	S	141	275	416	0.00001
Shewanella carassii	1987584	S	116	53	169	0.00000
Shewanella aegiceratis	2864203	S	111	74	185	0.00001
Shewanella loihica	359303	S	106	65	171	0.00000
Shewanella spartinae	2864205	S	103	65	168	0.00000
Shewanella indica	768528	S	97	61	158	0.00000
Shewanella alkalitolerans	2864209	S	97	56	153	0.00000
Shewanella mangrovisoli	2864211	S	64	32	96	0.00000
Shewanella seohaensis	755175	S	59	24	83	0.00000
Shewanella japonica	93973	S	59	107	166	0.00000
Shewanella bicestrii	2018305	S	49	48	97	0.00000
Shewanella gaetbuli	220752	S	10	0	10	0.00000
Parashewanella tropica	2547970	S	415	9	424	0.00001
Parashewanella spongiae	342950	S	408	4	412	0.00001
Psychrobium sp. nBUS_13	3395319	S	349	9	358	0.00001
Alteromonas sp. H39	3389876	S	510	28	538	0.00002
Alteromonas sp. M12	3135644	S	490	18	508	0.00001
Alteromonas sp. RKMC-009	2267264	S	434	21	455	0.00001
Alteromonas sp. D210916BOD_24	3157618	S	349	19	368	0.00001
Alteromonas sp. OM2203	3398817	S	347	48	395	0.00001
Alteromonas sp. BL110	1714845	S	321	45	366	0.00001
Alteromonas sp. CI.11.F.A3	3079555	S	283	32	315	0.00001
Alteromonas sp. 4B03	2603817	S	239	30	269	0.00001
Alteromonas sp. RW2A1	1917158	S	174	525	699	0.00002
Alteromonas sp. 76-1	2358187	S	144	28	172	0.00000
Alteromonas sp. MB-3u-76	2058133	S	125	292	417	0.00001
Alteromonas sp. B31-7	2785913	S	110	126	236	0.00001
Alteromonas sp. 009811495	3002962	S	99	54	153	0.00000
Alteromonas macleodii	28108	S	1366	233	1599	0.00004
Alteromonas mediterranea	314275	S	1059	161	1220	0.00003
Alteromonas ulvae	3410269	S	313	20	333	0.00001
Alteromonas naphthalenivorans	715451	S	267	89	356	0.00001
Alteromonas pelagimontana	1858656	S	248	15	263	0.00001
Alteromonas algae	3410268	S	219	11	230	0.00001
Alteromonas gracilis	1479524	S	210	11	221	0.00001
Alteromonas stellipolaris	233316	S	151	700	851	0.00002
Alteromonas australica	589873	S	72	58	130	0.00000
Salinimonas lutimaris	914153	S	1045	78	1123	0.00003
Salinimonas sediminis	2303538	S	519	42	561	0.00002
Salinimonas iocasae	2572577	S	469	66	535	0.00002
Salinimonas marina	2785918	S	445	16	461	0.00001
Agarivorans sp. DSG3-1	3342249	S	506	29	535	0.00002
Agarivorans sp. TSD2052	2937286	S	337	19	356	0.00001
Agarivorans sp. QJM3NY_33	3421432	S	207	310	517	0.00001
Agarivorans sp. Z349TD_8	3421434	S	113	171	284	0.00001
Agarivorans sp. JK6	2997426	S	110	76	186	0.00001
Agarivorans sp. OAG1	3082387	S	54	41	95	0.00000
Agarivorans sp. B2Z047	2652721	S	50	33	83	0.00000
Agarivorans sp. QJM3NY_25	3421430	S	24	43	67	0.00000
Agarivorans gilvus	680279	S	391	8	399	0.00001
Agarivorans aestuarii	1563703	S	258	80	338	0.00001
Agarivorans albus	182262	S	88	108	196	0.00001
Paraglaciecola sp. L1A13	2686359	S	499	29	528	0.00001
Paraglaciecola sp. L3A3	2686358	S	473	14	487	0.00001
Paraglaciecola sp. T6c	3042615	S	416	34	450	0.00001
Paraglaciecola psychrophila	326544	S	401	11	412	0.00001
Paraglaciecola mesophila	197222	S	241	21	262	0.00001
Catenovulum sediminis	1740262	S	503	9	512	0.00001
Catenovulum adriaticum	2984846	S	434	12	446	0.00001
Catenovulum sp. SX2	3398614	S	316	9	325	0.00001
Alkalimarinus coralli	2935863	S	458	13	471	0.00001
Alkalimarinus sediminis	1632866	S	419	24	443	0.00001
Alkalimarinus alittae	2961619	S	347	15	362	0.00001
Alishewanella sp. d11	3414030	S	350	4	354	0.00001
Alishewanella sp. HL-SH05	3461145	S	106	239	345	0.00001
Alishewanella sp. HL-SH06	3461144	S	74	170	244	0.00001
Hydrocarboniclastica marina	2259620	S	715	17	732	0.00002
Neptunicella plasticusilytica	3117012	S	714	25	739	0.00002
Ningiella sp. W23	3023715	S	681	10	691	0.00002
Aliiglaciecola sp. LCG003	3053655	S	647	60	707	0.00002
Saliniradius amylolyticus	2183582	S	626	19	645	0.00002
Halioxenophilus aromaticivorans	1306992	S	592	27	619	0.00002
Paraneptunicella aestuarii	2831148	S	573	11	584	0.00002
Lacimicrobium alkaliphilum	1526571	S	570	11	581	0.00002
Planctobacterium marinum	1631968	S	504	13	517	0.00001
Saccharobesus litoralis	2172099	S	482	6	488	0.00001
Brumicola nitratireducens	300231	S	259	6	265	0.00001
Gayadomonas joobiniege	1234606	S	89	0	89	0.00000
Pseudoalteromonas sp. SCSIO 43201	2822842	S	540	23	563	0.00002
Pseudoalteromonas sp. R3	1709477	S	386	19	405	0.00001
Pseudoalteromonas sp. N1230-9	2907156	S	336	75	411	0.00001
Pseudoalteromonas sp. T1lg65	2077101	S	311	10	321	0.00001
Pseudoalteromonas sp. A25	116092	S	296	9	305	0.00001
Pseudoalteromonas sp. MM1	3036714	S	264	33	297	0.00001
Pseudoalteromonas sp. SCSIO 43088	2822846	S	227	67	294	0.00001
Pseudoalteromonas sp. GCY	2003316	S	175	66	241	0.00001
Pseudoalteromonas sp. DL-6	1390185	S	173	70	243	0.00001
Pseudoalteromonas sp. KG3	2951137	S	154	134	288	0.00001
Pseudoalteromonas sp. APM04	2699396	S	143	314	457	0.00001
Pseudoalteromonas sp. THAF3	2587843	S	130	47	177	0.00000
Pseudoalteromonas sp. SCSIO 43095	2894202	S	110	71	181	0.00001
Pseudoalteromonas sp. RW-H-Ap-1	3241171	S	83	560	643	0.00002
Pseudoalteromonas sp. LC2018020214	2799564	S	77	156	233	0.00001
Pseudoalteromonas sp. PS1M3	87791	S	77	172	249	0.00001
Pseudoalteromonas sp. 1_2015MBL_MicDiv	1720343	S	72	71	143	0.00000
Pseudoalteromonas sp. SCSIO 43101	2822847	S	63	154	217	0.00001
Pseudoalteromonas sp. HL-AS1	3071081	S	59	68	127	0.00000
Pseudoalteromonas sp. Bsw20308	283699	S	45	44	89	0.00000
Pseudoalteromonas sp. 3J6	649161	S	42	83	125	0.00000
Pseudoalteromonas sp. CuT4-3	3112573	S	40	61	101	0.00000
Pseudoalteromonas sp. NC201	1514074	S	35	79	114	0.00000
Pseudoalteromonas sp. A41-2	2785910	S	33	350	383	0.00001
Pseudoalteromonas sp. KAN5	2916633	S	32	69	101	0.00000
Pseudoalteromonas sp. Xi13	2490635	S	31	36	67	0.00000
Pseudoalteromonas sp. 13-15	1761891	S	31	53	84	0.00000
Pseudoalteromonas sp. SD03	3231719	S	26	135	161	0.00000
Pseudoalteromonas sp. JSTW	2752475	S	20	126	146	0.00000
Pseudoalteromonas sp. SM9913	234831	S	20	148	168	0.00000
Pseudoalteromonas sp. MT33b	2759705	S	19	110	129	0.00000
Pseudoalteromonas sp. M58	3141534	S	19	98	117	0.00000
Pseudoalteromonas sp. M8	2692624	S	17	102	119	0.00000
Pseudoalteromonas sp. SiA1	2839744	S	16	95	111	0.00000
Pseudoalteromonas sp. JC3	2810196	S	14	109	123	0.00000
Pseudoalteromonas sp. CF6-2	562716	S	13	42	55	0.00000
Pseudoalteromonas sp. HL-AS2	3071082	S	13	44	57	0.00000
Pseudoalteromonas sp. PB2-1	2907242	S	10	32	42	0.00000
Pseudoalteromonas luteoviolacea	43657	S	1190	38	1228	0.00003
Pseudoalteromonas rubra	43658	S	1135	38	1173	0.00003
Pseudoalteromonas phenolica	161398	S	923	53	976	0.00003
Pseudoalteromonas xiamenensis	882626	S	637	15	652	0.00002
Pseudoalteromonas aliena	247523	S	546	53	599	0.00002
Pseudoalteromonas spongiae	298657	S	511	44	555	0.00002
Pseudoalteromonas piratica	1348114	S	469	23	492	0.00001
Pseudoalteromonas viridis	339617	S	460	33	493	0.00001
Pseudoalteromonas tunicata	314281	S	446	19	465	0.00001
Pseudoalteromonas rhizosphaerae	2518973	S	434	121	555	0.00002
Pseudoalteromonas piscicida	43662	S	401	298	699	0.00002
Pseudoalteromonas ulvae	107327	S	373	21	394	0.00001
Pseudoalteromonas mariniglutinosa	206042	S	322	150	472	0.00001
Pseudoalteromonas carrageenovora	227	S	305	232	537	0.00002
Pseudoalteromonas espejiana	28107	S	267	24	291	0.00001
Pseudoalteromonas prydzensis	182141	S	216	174	390	0.00001
Pseudoalteromonas arctica	394751	S	215	82	297	0.00001
Pseudoalteromonas ostreae	2774154	S	214	30	244	0.00001
Pseudoalteromonas agarivorans	176102	S	166	214	380	0.00001
Pseudoalteromonas undina	43660	S	134	241	375	0.00001
Pseudoalteromonas distincta	77608	S	125	188	313	0.00001
Pseudoalteromonas translucida	166935	S	115	89	204	0.00001
Pseudoalteromonas marina	267375	S	113	161	274	0.00001
Pseudoalteromonas shioyasakiensis	1190813	S	100	26	126	0.00000
Pseudoalteromonas lipolytica	570156	S	90	351	441	0.00001
Pseudoalteromonas apostichopi	3035452	S	80	160	240	0.00001
Pseudoalteromonas ruthenica	151081	S	61	23	84	0.00000
Pseudoalteromonas maricaloris	184924	S	56	167	223	0.00001
Pseudoalteromonas nigrifaciens	28109	S	34	103	137	0.00000
Pseudoalteromonas atlantica	288	S	31	59	90	0.00000
Pseudoalteromonas tetraodonis	43659	S	30	207	237	0.00001
Pseudoalteromonas issachenkonii	152297	S	13	65	78	0.00000
Psychrosphaera aestuarii	1266052	S	267	66	333	0.00001
Psychrosphaera ytuae	2820710	S	185	60	245	0.00001
Flocculibacter collagenilyticus	2744479	S	262	8	270	0.00001
Thalassotalea sp. HSM 43	2552945	S	546	25	571	0.00002
Thalassotalea sp. LPB0316	2769490	S	423	24	447	0.00001
Thalassotalea sp. PS06	2594005	S	299	12	311	0.00001
Thalassotalea nanhaiensis	3065648	S	438	29	467	0.00001
Thalassotalea hakodatensis	3030492	S	429	91	520	0.00001
Thalassotalea psychrophila	3065647	S	415	22	437	0.00001
Thalassotalea crassostreae	1763536	S	413	16	429	0.00001
Thalassotalea atypica	2054316	S	385	14	399	0.00001
Thalassotalea fonticola	3065649	S	319	15	334	0.00001
Thalassotalea piscium	1230533	S	315	66	381	0.00001
Thalassotalea sediminis	1759089	S	304	15	319	0.00001
Thalassotalea ponticola	1523392	S	277	24	301	0.00001
Thalassotalea maritima	3242416	S	246	20	266	0.00001
Thalassotalea agarivorans	349064	S	201	6	207	0.00001
Thalassotalea aquiviva	3242415	S	193	15	208	0.00001
Colwellia sp. PAMC 20917	1816218	S	672	16	688	0.00002
Colwellia sp. 20A7	2689569	S	572	21	593	0.00002
Colwellia sp. M166	2583805	S	522	157	679	0.00002
Colwellia sp. PAMC 21821	1816219	S	459	57	516	0.00001
Colwellia sp. Arc7-635	2497879	S	444	29	473	0.00001
Colwellia sp. MT41	58049	S	317	11	328	0.00001
Colwellia sp. Arc7-D	2161872	S	314	23	337	0.00001
Colwellia psychrerythraea	28229	S	855	35	890	0.00002
Thalassomonas viridans	137584	S	871	33	904	0.00003
Thalassomonas actiniarum	485447	S	778	68	846	0.00002
Thalassomonas haliotis	485448	S	381	36	417	0.00001
Pseudocolwellia sp. HL-MZ19	3400846	S	84	296	380	0.00001
Pseudocolwellia sp. HL-MZ7	3400627	S	32	117	149	0.00000
Litorilituus sediminis	718192	S	374	10	384	0.00001
Cognaticolwellia beringensis	1967665	S	298	34	332	0.00001
Idiomarina sp. OT37-5b	2100422	S	397	62	459	0.00001
Idiomarina sp. OXR-189	3100175	S	310	61	371	0.00001
Idiomarina sp.	1874361	S	278	47	325	0.00001
Idiomarina sp. X4	2055892	S	140	56	196	0.00001
Idiomarina sp. PL1-037	3095365	S	48	169	217	0.00001
Idiomarina seosinensis	281739	S	305	8	313	0.00001
Idiomarina loihiensis	135577	S	303	438	741	0.00002
Idiomarina piscisalsi	1096243	S	192	78	270	0.00001
Idiomarina abyssalis	86102	S	170	13	183	0.00001
Pseudidiomarina salilacus	3384452	S	239	2	241	0.00001
Pseudidiomarina marina	502366	S	163	13	176	0.00000
Pseudidiomarina andamanensis	1940690	S	129	14	143	0.00000
Pseudidiomarina sp. PP-1MA	3237706	S	70	95	165	0.00000
Psychromonas sp. KJ10-10	3391823	S	681	15	696	0.00002
Psychromonas sp. PT13	3439547	S	647	19	666	0.00002
Psychromonas sp. CNPT3	314282	S	458	29	487	0.00001
Psychromonas sp. GE-S-Ul-11	3241170	S	387	38	425	0.00001
Psychromonas sp. MME1	3231032	S	374	14	388	0.00001
Psychromonas sp. KJ10-2	3391822	S	356	30	386	0.00001
Psychromonas ingrahamii	357794	S	589	14	603	0.00002
Ferrimonas sp. YFM	3028878	S	1015	37	1052	0.00003
Ferrimonas sp. SCSIO 43195	2822844	S	737	28	765	0.00002
Ferrimonas balearica	44012	S	650	19	669	0.00002
Ferrimonas lipolytica	2724191	S	425	14	439	0.00001
Moritella sp. 24	2746230	S	696	91	787	0.00002
Moritella sp. 5	2746231	S	180	111	291	0.00001
Moritella sp. 36	2746233	S	52	265	317	0.00001
Moritella sp. 28	2746232	S	51	259	310	0.00001
Moritella marina	90736	S	497	44	541	0.00002
Moritella yayanosii	69539	S	349	45	394	0.00001
Motilimonas cestriensis	2742685	S	411	13	424	0.00001
Vibrio sp. JC009	2912314	S	1133	39	1172	0.00003
Vibrio sp. SCSIO 43137	3021011	S	672	15	687	0.00002
Vibrio sp. MA40-2	3391828	S	558	11	569	0.00002
Vibrio sp. SS-MA-C1-2	2908646	S	501	13	514	0.00001
Vibrio sp. DW001	2912315	S	496	12	508	0.00001
Vibrio sp. YMD68	3042300	S	468	137	605	0.00002
Vibrio sp. B1FLJ16	2751178	S	421	24	445	0.00001
Vibrio sp. 16	391586	S	404	16	420	0.00001
Vibrio sp. SCSIO 43140	2819100	S	382	34	416	0.00001
Vibrio sp. VB16	2785746	S	376	9	385	0.00001
Vibrio sp. NTOU-M3	3234954	S	331	14	345	0.00001
Vibrio sp. SCSIO 43136	2819101	S	226	6	232	0.00001
Vibrio sp. HB236076	3232307	S	220	8	228	0.00001
Vibrio sp. BS-M-Sm-2	3241167	S	208	44	252	0.00001
Vibrio sp. SCSIO 43132	2779363	S	196	54	250	0.00001
Vibrio sp. SCSIO 43135	2819096	S	191	5	196	0.00001
Vibrio sp. ED002	2785123	S	139	85	224	0.00001
Vibrio sp. HDW18	2714948	S	124	13	137	0.00000
Vibrio sp. SCSIO 43153	2819098	S	110	72	182	0.00001
Vibrio sp. nBUS_14	3395321	S	108	13	121	0.00000
Vibrio sp. B1FIG11	2751177	S	102	171	273	0.00001
Vibrio sp. Scap24	2589990	S	99	23	122	0.00000
Vibrio sp. THAF190c	2587865	S	88	12	100	0.00000
Vibrio sp. B1ASS3	2751176	S	82	65	147	0.00000
Vibrio sp. ED004	2785124	S	74	15	89	0.00000
Vibrio sp. dhg	2163016	S	69	77	146	0.00000
Vibrio sp. SCSIO 43133	2802577	S	68	59	127	0.00000
Vibrio sp. EJY3	1116375	S	62	71	133	0.00000
Vibrio sp. SNU_ST1	3064001	S	60	11	71	0.00000
Vibrio sp. B1REV9	2751179	S	52	14	66	0.00000
Vibrio sp. J383	2942997	S	48	26	74	0.00000
Vibrio sp. ABG19	2817385	S	48	24	72	0.00000
Vibrio sp. F13	2070777	S	37	14	51	0.00000
Vibrio sp. K4	3391579	S	36	29	65	0.00000
Vibrio sp. STUT-A11	2976236	S	35	29	64	0.00000
Vibrio sp. THAF191d	2661922	S	29	8205	8234	0.00023
Vibrio sp. D3	3374281	S	29	59	88	0.00000
Vibrio sp. SCSIO 43086	2822845	S	20	39	59	0.00000
Vibrio sp. Vf1514	3437381	S	18	28	46	0.00000
Vibrio sp. STUT-A16	2976237	S	12	32	44	0.00000
Vibrio sp. LQ2	2883075	S	11	32	43	0.00000
Vibrio parahaemolyticus	670	S	2756	810	3566	0.00010
Vibrio campbellii	680	S	894	396	1290	0.00004
Vibrio owensii	696485	S	862	343	1205	0.00003
Vibrio harveyi	669	S	682	459	1141	0.00003
Vibrio alginolyticus	663	S	585	831	1416	0.00004
Vibrio diabolicus	50719	S	483	542	1025	0.00003
Vibrio antiquarius	150340	S	26	45	71	0.00000
Vibrio natriegens	691	S	503	208	711	0.00002
Vibrio mytili	50718	S	359	17	376	0.00001
Vibrio azureus	512649	S	340	11	351	0.00001
Vibrio rotiferianus	190895	S	190	68	258	0.00001
Vibrio jasicida	766224	S	146	93	239	0.00001
Vibrio coralliilyticus	190893	S	3921	1276	5197	0.00015
Vibrio vulnificus	672	S	2154	156	2310	0.00006
Vibrio cholerae	666	S	1396	898	2294	0.00006
Vibrio tubiashii	29498	S	552	167	719	0.00002
Vibrio europaeus	300876	S	271	84	355	0.00001
Vibrio sinaloensis	379097	S	255	8	263	0.00001
Vibrio scophthalmi	45658	S	1137	147	1284	0.00004
Vibrio chagasii	170679	S	987	95	1082	0.00003
Vibrio fluvialis	676	S	959	335	1294	0.00004
Vibrio pectenicida	62763	S	898	36	934	0.00003
Vibrio porteresiae	435912	S	790	562	1352	0.00004
Vibrio quintilis	1117707	S	786	11	797	0.00002
Vibrio iocasae	3098914	S	772	13	785	0.00002
Vibrio gazogenes	687	S	757	19	776	0.00002
Vibrio fortis	212667	S	723	75	798	0.00002
Vibrio mangrovi	474394	S	719	11	730	0.00002
Vibrio furnissii	29494	S	714	309	1023	0.00003
Vibrio aerogenes	92172	S	688	11	699	0.00002
Vibrio splendidus	29497	S	639	195	834	0.00002
Vibrio pelagius	28169	S	638	46	684	0.00002
Vibrio ponticus	265668	S	634	15	649	0.00002
Vibrio aestuarianus	28171	S	632	31	663	0.00002
Vibrio mimicus	674	S	631	69	700	0.00002
Vibrio breoganii	553239	S	630	24	654	0.00002
Vibrio tapetis	52443	S	615	26	641	0.00002
Vibrio astriarenae	1481923	S	580	18	598	0.00002
Vibrio tritonius	1435069	S	561	17	578	0.00002
Vibrio pomeroyi	198832	S	559	118	677	0.00002
Vibrio navarrensis	29495	S	555	61	616	0.00002
Vibrio alfacsensis	1074311	S	521	200	721	0.00002
Vibrio penaeicida	104609	S	511	51	562	0.00002
Vibrio aquimaris	2587862	S	508	10	518	0.00001
Vibrio cyclitrophicus	47951	S	489	190	679	0.00002
Vibrio ruber	184755	S	487	15	502	0.00001
Vibrio taketomensis	2572923	S	475	14	489	0.00001
Vibrio nigripulchritudo	28173	S	475	44	519	0.00001
Vibrio inusitatus	413402	S	455	20	475	0.00001
Vibrio metoecus	1481663	S	450	69	519	0.00001
Vibrio mediterranei	689	S	437	97	534	0.00001
Vibrio palustris	1918946	S	436	15	451	0.00001
Vibrio casei	673372	S	422	43	465	0.00001
Vibrio metschnikovii	28172	S	387	32	419	0.00001
Vibrio ishigakensis	1481914	S	384	8	392	0.00001
Vibrio anguillarum	55601	S	377	277	654	0.00002
Vibrio cincinnatiensis	675	S	372	42	414	0.00001
Vibrio chaetopteri	3016528	S	367	9	376	0.00001
Vibrio spartinae	1918945	S	362	11	373	0.00001
Vibrio zhugei	2479546	S	350	18	368	0.00001
Vibrio gangliei	2077090	S	343	69	412	0.00001
Vibrio neonatus	278860	S	341	12	353	0.00001
Vibrio comitans	413401	S	340	17	357	0.00001
Vibrio diazotrophicus	685	S	328	21	349	0.00001
Vibrio kanaloae	170673	S	325	54	379	0.00001
Vibrio panuliri	1381081	S	313	9	322	0.00001
Vibrio rhizosphaerae	398736	S	312	11	323	0.00001
Vibrio gallaecicus	552386	S	306	18	324	0.00001
Vibrio cidicii	1763883	S	299	56	355	0.00001
Vibrio sinus	2946865	S	273	6	279	0.00001
Vibrio cortegadensis	1328770	S	272	12	284	0.00001
Vibrio japonicus	1824638	S	263	10	273	0.00001
Vibrio gigantis	296199	S	263	39	302	0.00001
Vibrio neptunius	170651	S	255	10	265	0.00001
Vibrio ziniensis	2711221	S	249	8	257	0.00001
Vibrio gallicus	190897	S	247	10	257	0.00001
Vibrio rarus	413403	S	243	8	251	0.00001
Vibrio qinghaiensis	2025808	S	242	64	306	0.00001
uncultured Vibrio sp.	114054	S	237	77	314	0.00001
Vibrio rumoiensis	76258	S	230	47	277	0.00001
Vibrio atlanticus	693153	S	224	61	285	0.00001
Vibrio algicola	2662262	S	204	6	210	0.00001
Vibrio aphrogenes	1891186	S	185	5	190	0.00001
Vibrio crassostreae	246167	S	177	42	219	0.00001
Vibrio maritimus	990268	S	173	14	187	0.00001
Vibrio lentus	136468	S	171	28	199	0.00001
Vibrio artabrorum	446374	S	165	13	178	0.00000
Vibrio apostichopi	3035453	S	150	28	178	0.00000
Vibrio tarriae	2014742	S	148	60	208	0.00001
Vibrio hyugaensis	1534743	S	146	31	177	0.00000
Vibrio misgurnus	2993714	S	143	24	167	0.00000
Vibrio plantisponsor	664643	S	127	8	135	0.00000
Vibrio coralliirubri	1516159	S	119	31	150	0.00000
Vibrio syngnathi	3034029	S	112	36	148	0.00000
Vibrio ostreae	2841925	S	101	54	155	0.00000
Vibrio celticus	446372	S	93	28	121	0.00000
Vibrio bathopelagicus	2777577	S	87	14	101	0.00000
Vibrio tasmaniensis	212663	S	86	24	110	0.00000
Vibrio toranzoniae	1194427	S	78	15	93	0.00000
Vibrio echinoideorum	2100116	S	76	12	88	0.00000
Vibrio paracholerae	650003	S	50	53	103	0.00000
Photobacterium sp. TLY01	2907534	S	731	40	771	0.00002
Photobacterium sp. CCB-ST2H9	2912855	S	727	29	756	0.00002
Photobacterium sp. TY1-4	2899122	S	687	30	717	0.00002
Photobacterium sp. DA100	3027472	S	524	17	541	0.00002
Photobacterium sp. GJ3	2829502	S	470	13	483	0.00001
Photobacterium sp. GSS17	3020715	S	103	310	413	0.00001
Photobacterium sp. SP02	3032280	S	10	0	10	0.00000
Photobacterium leiognathi	553611	S	2422	181	2603	0.00007
Photobacterium damselae	38293	S	1433	425	1858	0.00005
Photobacterium profundum	74109	S	519	15	534	0.00001
Photobacterium swingsii	680026	S	467	31	498	0.00001
Photobacterium toruni	1935446	S	433	47	480	0.00001
Photobacterium sanguinicancri	875932	S	431	23	454	0.00001
Photobacterium atrarenae	865757	S	422	14	436	0.00001
Photobacterium phosphoreum	659	S	355	31	386	0.00001
Photobacterium ganghwense	320778	S	312	467	779	0.00002
Photobacterium piscicola	1378299	S	308	40	348	0.00001
Photobacterium gaetbulicola	1295392	S	25	0	25	0.00000
Aliivibrio fischeri	668	S	973	91	1064	0.00003
Aliivibrio logei	688	S	673	47	720	0.00002
Aliivibrio salmonicida	40269	S	658	117	775	0.00002
Aliivibrio wodanis	80852	S	13	0	13	0.00000
Grimontia hollisae	673	S	688	24	712	0.00002
Grimontia sp. NTOU-MAR1	3111011	S	473	69	542	0.00002
Grimontia kaedaensis	2872157	S	473	73	546	0.00002
Salinivibrio kushneri	1908198	S	563	37	600	0.00002
Salinivibrio costicola	51367	S	305	257	562	0.00002
Salinivibrio sp. YCSC6	2003370	S	26	59	85	0.00000
Salinivibrio proteolyticus	334715	S	20	29	49	0.00000
Enterovibrio norvegicus	188144	S	532	21	553	0.00002
Enterovibrio sp. 27052020O	3241166	S	370	12	382	0.00001
Candidatus Enterovibrio altilux	1927128	S	308	1	309	0.00001
Parasalinivibrio latis	2952610	S	816	19	835	0.00002
Paraphotobacterium marinum	1755811	S	619	21	640	0.00002
Thaumasiovibrio subtropicus	1891207	S	351	14	365	0.00001
Thiorhodovibrio winogradskyi	77007	S	1083	37	1120	0.00003
Thiorhodovibrio frisius	631362	S	894	112	1006	0.00003
Thiorhodovibrio litoralis	2952932	S	836	110	946	0.00003
Thiocapsa sp.	2024551	S	1131	95	1226	0.00003
Thiocapsa bogorovii	521689	S	1015	99	1114	0.00003
Rheinheimera sp. MM224	3019969	S	493	74	567	0.00002
Rheinheimera sp. F8	1763998	S	377	4	381	0.00001
Rheinheimera sp. MMS21-TC3	3072790	S	363	39	402	0.00001
Rheinheimera sp. D18	2545632	S	269	56	325	0.00001
Rheinheimera mangrovi	2498451	S	422	67	489	0.00001
Allochromatium vinosum	1049	S	873	202	1075	0.00003
Allochromatium tepidum	553982	S	735	200	935	0.00003
Nitrosococcus wardiae	1814290	S	423	8	431	0.00001
Nitrosococcus oceani	1229	S	415	30	445	0.00001
Nitrosococcus watsonii	473531	S	404	31	435	0.00001
Nitrosococcus halophilus	133539	S	362	6	368	0.00001
Thiocystis violascens	73141	S	1668	88	1756	0.00005
Candidatus Thiodictyon syntrophicum	1166950	S	1494	37	1531	0.00004
Marichromatium purpuratum	37487	S	1246	145	1391	0.00004
Caldichromatium japonicum	2699430	S	1226	64	1290	0.00004
Thioflavicoccus mobilis	80679	S	925	28	953	0.00003
Thermochromatium tepidum	1050	S	716	43	759	0.00002
Candidatus Nitrosacidococcus tergens	553981	S	346	31	377	0.00001
Candidatus Nitrosacidococcus sp. I8	2942908	S	176	15	191	0.00001
Candidatus Nitrosoglobus terrae	1630141	S	360	10	370	0.00001
Thioalkalivibrio sulfidiphilus	1033854	S	1728	166	1894	0.00005
Thioalkalivibrio sp. K90mix	396595	S	832	55	887	0.00002
Thioalkalivibrio nitratireducens	186931	S	761	154	915	0.00003
Thioalkalivibrio versutus	106634	S	712	32	744	0.00002
Thioalkalivibrio paradoxus	108010	S	580	128	708	0.00002
Ectothiorhodospira shaposhnikovii	1054	S	1071	109	1180	0.00003
Ectothiorhodospira sp. BSL-9	1442136	S	854	165	1019	0.00003
Ectothiorhodospira haloalkaliphila	421628	S	838	175	1013	0.00003
Acidihalobacter yilgarnensis	2819280	S	762	18	780	0.00002
Acidihalobacter aeolianus	2792603	S	731	30	761	0.00002
Acidihalobacter ferrooxydans	1765967	S	528	10	538	0.00002
Spiribacter sp. 2438	2666185	S	587	18	605	0.00002
Spiribacter roseus	1855875	S	391	18	409	0.00001
Spiribacter curvatus	1335757	S	389	16	405	0.00001
Spiribacter salinus	1335746	S	360	12	372	0.00001
Sediminicurvatus halobius	2182432	S	1283	20	1303	0.00004
Alkalilimnicola ehrlichii	351052	S	1204	55	1259	0.00004
Halorhodospira halophila	1053	S	778	3	781	0.00002
Halorhodospira halochloris	1052	S	357	0	357	0.00001
Aquisalimonas sp. 2447	2740807	S	796	8	804	0.00002
Ectothiorhodosinus mongolicus	233100	S	326	19	345	0.00001
Magnetovirga frankeli	947516	S	1908	13	1921	0.00005
Candidatus Thiodiazotropha sp. CDECU1	3065865	S	593	29	622	0.00002
Candidatus Thiodiazotropha sp. LNASS1	3096260	S	588	26	614	0.00002
Sedimenticola thiotaurini	1543721	S	996	16	1012	0.00003
Thiosocius teredinicola	1973002	S	876	8	884	0.00002
Candidatus Endoriftia persephonae	393765	S	833	39	872	0.00002
Thiolapillus brandeum	1076588	S	808	2	810	0.00002
Guyparkeria halophila	47960	S	1155	203	1358	0.00004
Guyparkeria sp. TX1	3115001	S	503	161	664	0.00002
Wenzhouxiangella sp. AB-CW3	2771012	S	1025	16	1041	0.00003
Wenzhouxiangella marina	1579979	S	569	10	579	0.00002
Granulosicoccus antarcticus	437505	S	821	0	821	0.00002
Sulfuriflexus mobilis	1811807	S	612	7	619	0.00002
Halothiobacillus diazotrophicus	1860122	S	574	19	593	0.00002
Halothiobacillus sp. DCM-1	3112558	S	376	17	393	0.00001
Halothiobacillus neapolitanus	927	S	318	13	331	0.00001
Aeromonas veronii	654	S	3823	2884	6707	0.00019
Aeromonas hydrophila	644	S	3109	2941	6050	0.00017
Aeromonas sp. FDAARGOS 1415	2778064	S	310	62	372	0.00001
Aeromonas sp. CU5	2033033	S	279	34	313	0.00001
Aeromonas sp. DSM 116730	3115851	S	198	256	454	0.00001
Aeromonas sp. FDAARGOS 1409	2778058	S	168	244	412	0.00001
Aeromonas sp. FDAARGOS 1407	2778056	S	153	200	353	0.00001
Aeromonas sp. CA23	2033032	S	134	94	228	0.00001
Aeromonas sp. NJAU223	3115650	S	123	99	222	0.00001
Aeromonas sp. FDAARGOS 1419	2778068	S	77	176	253	0.00001
Aeromonas sp. Ne-1	1675689	S	52	213	265	0.00001
Aeromonas sp. FDAARGOS 1416	2778065	S	51	113	164	0.00000
Aeromonas sp. FDAARGOS 1414	2778063	S	41	98	139	0.00000
Aeromonas sp. XH	3081770	S	36	51	87	0.00000
Aeromonas sp. 1805	2560028	S	36	66	102	0.00000
Aeromonas sp. FDAARGOS 1417	2778066	S	34	70	104	0.00000
Aeromonas sp. CD	3080830	S	29	37	66	0.00000
Aeromonas sp. FDAARGOS 1410	2778059	S	28	1131	1159	0.00003
Aeromonas sp. FDAARGOS 1405	2778054	S	28	53	81	0.00000
Aeromonas sp. ASNIH4	1636609	S	27	77	104	0.00000
Aeromonas sp. INTO2	3416714	S	21	179	200	0.00001
Aeromonas sp. 2692-1	2560029	S	20	78	98	0.00000
Aeromonas sp. FDAARGOS 1406	2778055	S	18	105	123	0.00000
Aeromonas sp. ASNIH7	1920107	S	17	286	303	0.00001
Aeromonas sp. 19NY04SH05-1	2920537	S	15	80	95	0.00000
Aeromonas sp. FDAARGOS 1403	2778052	S	13	45	58	0.00000
Aeromonas sp. FDAARGOS 1404	2778053	S	12	47	59	0.00000
Aeromonas sp. FDAARGOS 1411	2778060	S	10	25	35	0.00000
Aeromonas salmonicida	645	S	1653	346	1999	0.00006
Aeromonas dhakensis	196024	S	1349	1392	2741	0.00008
Aeromonas media	651	S	1261	573	1834	0.00005
Aeromonas caviae	648	S	932	3081	4013	0.00011
Aeromonas jandaei	650	S	894	452	1346	0.00004
Aeromonas simiae	218936	S	885	157	1042	0.00003
Aeromonas schubertii	652	S	818	44	862	0.00002
Aeromonas allosaccharophila	656	S	689	484	1173	0.00003
Aeromonas encheleia	73010	S	548	35	583	0.00002
Aeromonas enteropelogenes	29489	S	513	438	951	0.00003
Aeromonas rivuli	648794	S	502	23	525	0.00001
Aeromonas bestiarum	105751	S	275	141	416	0.00001
Aeromonas popoffii	70856	S	273	23	296	0.00001
Aeromonas rivipollensis	948519	S	213	211	424	0.00001
Aeromonas oralensis	3415010	S	69	139	208	0.00001
Aeromonas mytilicola	3377113	S	35	65	100	0.00000
Zobellella sp. An-6	3400218	S	919	507	1426	0.00004
Zobellella sp. DQSA1	3342386	S	569	106	675	0.00002
Zobellella denitrificans	347534	S	763	362	1125	0.00003
Oceanimonas pelagia	3028314	S	988	125	1113	0.00003
Oceanimonas sp. GK1	511062	S	746	124	870	0.00002
Oceanimonas sp. AH20CE76	2977120	S	128	370	498	0.00001
Oceanimonas smirnovii	264574	S	302	517	819	0.00002
Oceanisphaera avium	1903694	S	639	41	680	0.00002
Oceanisphaera profunda	1416627	S	355	85	440	0.00001
Oceanisphaera sp. IT1-181	3081199	S	179	39	218	0.00001
Pseudaeromonas aegiceratis	3153928	S	1294	42	1336	0.00004
Tolumonas auensis	43948	S	1182	93	1275	0.00004
Dongshaea marina	2047966	S	619	7	626	0.00002
Succinivibrio dextrinosolvens	83771	S	3033	1	3034	0.00009
Microbulbifer sp. SAOS-129_SWC	3145235	S	973	24	997	0.00003
Microbulbifer sp. YPW16	2904242	S	856	18	874	0.00002
Microbulbifer sp. ARAS458-1	3140242	S	464	20	484	0.00001
Microbulbifer sp. ALW1	1516059	S	448	19	467	0.00001
Microbulbifer sp. A4B17	359370	S	430	103	533	0.00001
Microbulbifer sp. GL-2	2591606	S	423	22	445	0.00001
Microbulbifer sp. YPW1	2745199	S	373	61	434	0.00001
Microbulbifer sp. MCCC 1A16149	3411322	S	364	62	426	0.00001
Microbulbifer sp. THAF38	2587856	S	160	45	205	0.00001
Microbulbifer sp. CnH-101-G	3243393	S	156	47	203	0.00001
Microbulbifer sp. SH-1	2681547	S	148	373	521	0.00001
Microbulbifer sp. SSSA002	3243376	S	132	304	436	0.00001
Microbulbifer sp. EKSA005	3243364	S	87	418	505	0.00001
Microbulbifer sp. ZKSA006	3243390	S	74	173	247	0.00001
Microbulbifer sp. ANSA003	3243360	S	72	236	308	0.00001
Microbulbifer sp. SSSA008	3243380	S	58	249	307	0.00001
Microbulbifer sp. ANSA005	3243362	S	50	431	481	0.00001
Microbulbifer sp. TRSA001	3243381	S	46	217	263	0.00001
Microbulbifer sp. DLAB2-AF	3243395	S	37	134	171	0.00000
Microbulbifer sp. JMSA004	3243370	S	36	195	231	0.00001
Microbulbifer sp. VAAF005	3034230	S	36	183	219	0.00001
Microbulbifer sp. JMSA003	3243369	S	32	106	138	0.00000
Microbulbifer sp. JMSA002	3243368	S	22	147	169	0.00000
Microbulbifer sp. ZKSA004	3243389	S	22	76	98	0.00000
Microbulbifer sp. VTAC004	3243386	S	21	151	172	0.00000
Microbulbifer sp. JMSA008	3243373	S	19	108	127	0.00000
Microbulbifer sp. TRSA002	3243382	S	19	63	82	0.00000
Microbulbifer sp. DLAB2-AA	3243394	S	16	72	88	0.00000
Microbulbifer sp. ZKSA002	3243388	S	15	52	67	0.00000
Microbulbifer sp. PSTR4-B	3243396	S	15	66	81	0.00000
Microbulbifer sp. SSSA007	3243379	S	13	109	122	0.00000
Microbulbifer sp. SSSA005	3243378	S	12	90	102	0.00000
Microbulbifer sp. PAAF003	3243375	S	12	86	98	0.00000
Microbulbifer sp. CNSA002	3373604	S	10	67	77	0.00000
Microbulbifer sp. ANSA001	3243358	S	10	72	82	0.00000
Microbulbifer celer	435905	S	724	15	739	0.00002
Microbulbifer bruguierae	3029061	S	660	21	681	0.00002
Microbulbifer hydrolyticus	48074	S	614	23	637	0.00002
Microbulbifer thermotolerans	252514	S	557	5	562	0.00002
Microbulbifer elongatus	86173	S	554	36	590	0.00002
Microbulbifer spongiae	2944933	S	528	11	539	0.00002
Microbulbifer pacificus	407164	S	527	22	549	0.00002
Microbulbifer agarilyticus	260552	S	524	17	541	0.00002
Microbulbifer aggregans	1769779	S	500	21	521	0.00001
Microbulbifer harenosus	2576840	S	244	619	863	0.00002
Teredinibacter turnerae	2426	S	1757	47	1804	0.00005
Teredinibacter haidensis	2731755	S	622	36	658	0.00002
Teredinibacter purpureus	2731756	S	456	6	462	0.00001
Teredinibacter sp. KSP-S5-2	3034506	S	455	2	457	0.00001
Cellvibrio sp. PSBB006	1987723	S	622	9	631	0.00002
Cellvibrio sp. KY-GH-1	2303332	S	583	66	649	0.00002
Cellvibrio sp. PSBB023	1945512	S	287	14	301	0.00001
Cellvibrio sp. QJXJ	2964606	S	160	149	309	0.00001
Cellvibrio sp. KY-YJ-3	454662	S	76	85	161	0.00000
Cellvibrio japonicus	155077	S	504	25	529	0.00001
Simiduia agarivorans	447471	S	627	11	638	0.00002
Simiduia sp. 21SJ11W-1	2909669	S	570	19	589	0.00002
Simiduia litorea	1435348	S	466	15	481	0.00001
Gilvimarinus sp. DA14	2956798	S	659	6	665	0.00002
Gilvimarinus japonicus	1796469	S	644	19	663	0.00002
Maricurvus nonylphenolicus	1008307	S	596	3	599	0.00002
Saccharophagus degradans	86304	S	586	27	613	0.00002
Agarilytica rhodophyticola	1737490	S	551	7	558	0.00002
Marinimicrobium sp. C6131	3022676	S	500	23	523	0.00001
Agaribacterium sp. ZY112	3233574	S	478	8	486	0.00001
Marinagarivorans cellulosilyticus	2721545	S	358	23	381	0.00001
Congregibacter litoralis	393662	S	596	168	764	0.00002
Congregibacter variabilis	3081200	S	590	14	604	0.00002
Congregibacter brevis	3081201	S	265	7	272	0.00001
Halioglobus maricola	2601894	S	653	5	658	0.00002
Halioglobus japonicus	930805	S	386	10	396	0.00001
Halioglobus sp. Uisw_031	3230977	S	320	3	323	0.00001
Kineobactrum salinum	2708301	S	834	6	840	0.00002
Candidatus Paraluminiphilus aquimaris	2518994	S	428	5	433	0.00001
Luminiphilus sp. nBUS_07	3395314	S	159	63	222	0.00001
Luminiphilus sp. nBUS_16	3395315	S	77	30	107	0.00000
Aequoribacter fuscus	2518989	S	263	8	271	0.00001
Spongiibacter nanhainus	2794344	S	978	91	1069	0.00003
Spongiibacter taiwanensis	1748242	S	603	5	608	0.00002
Spongiibacter sp. IMCC21906	1620392	S	433	69	502	0.00001
Zhongshania aliphaticivorans	1470434	S	646	25	671	0.00002
Oceanicoccus sagamiensis	716816	S	303	1	304	0.00001
Porticoccus sp. Uisw_050_02	3230978	S	319	4	323	0.00001
Haemophilus parainfluenzae	729	S	1903	132	2035	0.00006
Haemophilus influenzae	727	S	1345	127	1472	0.00004
Haemophilus haemolyticus	726	S	487	22	509	0.00001
[Haemophilus] ducreyi	730	S	308	52	360	0.00001
Haemophilus sp. HN_Hi14	3416076	S	224	1952	2176	0.00006
Haemophilus sp. oral taxon 036	712310	S	71	3	74	0.00000
Haemophilus pittmaniae	249188	S	224	8	232	0.00001
Haemophilus parahaemolyticus	735	S	152	4	156	0.00000
Actinobacillus equuli	718	S	870	322	1192	0.00003
Actinobacillus pleuropneumoniae	715	S	716	485	1201	0.00003
Actinobacillus succinogenes	67854	S	476	7	483	0.00001
Actinobacillus delphinicola	51161	S	415	9	424	0.00001
Actinobacillus arthritidis	157339	S	355	75	430	0.00001
Actinobacillus genomosp. 1	254839	S	333	96	429	0.00001
Actinobacillus indolicus	51049	S	320	104	424	0.00001
Actinobacillus porcitonsillarum	189834	S	242	95	337	0.00001
Actinobacillus genomosp. 2	230709	S	173	28	201	0.00001
Actinobacillus lignieresii	720	S	153	108	261	0.00001
Actinobacillus suis	716	S	84	36	120	0.00000
Mannheimia haemolytica	75985	S	941	304	1245	0.00003
Mannheimia varigena	85404	S	699	61	760	0.00002
Mannheimia granulomatis	85402	S	638	18	656	0.00002
Mannheimia bovis	2770636	S	357	80	437	0.00001
Mannheimia pernigra	111844	S	205	206	411	0.00001
Mannheimia sp. ZY171111	2679995	S	123	469	592	0.00002
Mannheimia sp. USDA-ARS-USMARC-1261	1432056	S	59	29	88	0.00000
Mannheimia glucosida	85401	S	101	49	150	0.00000
Pasteurella multocida	747	S	1052	737	1789	0.00005
Pasteurella testudinis	761	S	538	7	545	0.00002
Pasteurella atlantica	2827233	S	394	133	527	0.00001
Pasteurella sp. PK-2025	3413133	S	327	5	332	0.00001
Pasteurella sp. XG20	2844383	S	49	1762	1811	0.00005
Pasteurella canis	753	S	362	18	380	0.00001
Pasteurella dagmatis	754	S	260	4	264	0.00001
Aggregatibacter sp. HMT-949	3235088	S	389	22	411	0.00001
Aggregatibacter sp. Marseille-P9115	2866570	S	315	168	483	0.00001
Aggregatibacter sp. 2125159857	2820817	S	137	22	159	0.00000
Aggregatibacter sp. oral taxon 513	712150	S	84	51	135	0.00000
Aggregatibacter actinomycetemcomitans	714	S	673	64	737	0.00002
Aggregatibacter aphrophilus	732	S	560	82	642	0.00002
Aggregatibacter segnis	739	S	143	140	283	0.00001
Glaesserella parasuis	738	S	1143	137	1280	0.00004
Glaesserella sp. 15-184	2030797	S	553	46	599	0.00002
Gallibacterium anatis	750	S	1041	251	1292	0.00004
Gallibacterium salpingitidis	505341	S	479	44	523	0.00001
Avibacterium paragallinarum	728	S	750	124	874	0.00002
Avibacterium sp. 20-132	2911526	S	155	140	295	0.00001
Avibacterium sp. 21-595	2911527	S	78	61	139	0.00000
Avibacterium sp. 20-126	2911524	S	46	48	94	0.00000
Avibacterium volantium	762	S	172	50	222	0.00001
Rodentibacter caecimuris	1796644	S	502	8	510	0.00001
Rodentibacter haemolyticus	2778911	S	451	99	550	0.00002
Rodentibacter abscessus	3381777	S	245	33	278	0.00001
Basfia succiniciproducens	653940	S	334	583	917	0.00003
[Mannheimia] succiniciproducens	157673	S	68	289	357	0.00001
Lonepinella sp. MS14435	3003618	S	63	205	268	0.00001
Lonepinella sp. MS14437	3003620	S	58	194	252	0.00001
Lonepinella sp. MS14434	3003617	S	54	54	108	0.00000
Lonepinella koalarum	53417	S	342	81	423	0.00001
Histophilus somni	731	S	675	70	745	0.00002
Bibersteinia trehalosi	47735	S	556	92	648	0.00002
Mergibacter septicus	221402	S	521	7	528	0.00001
Testudinibacter sp. TW-1	3417757	S	491	6	497	0.00001
Phocoenobacter skyensis	97481	S	226	28	254	0.00001
Phocoenobacter atlanticus	3416742	S	208	67	275	0.00001
Bisgaardia hudsonensis	109472	S	351	6	357	0.00001
Otariodibacter oris	1032623	S	307	5	312	0.00001
Frederiksenia canicola	123824	S	284	15	299	0.00001
Vespertiliibacter pulmonis	1443036	S	220	4	224	0.00001
Methylomonas sp. LL1	2785785	S	763	54	817	0.00002
Methylomonas sp. AM2-LC	3153301	S	573	6	579	0.00002
Methylomonas sp. BW4-1	3376685	S	432	252	684	0.00002
Methylomonas sp. EFPC3	3021710	S	369	121	490	0.00001
Methylomonas sp. HW2-6	3376687	S	281	93	374	0.00001
Methylomonas sp. LW13	107637	S	231	210	441	0.00001
Methylomonas sp. CM2	3417647	S	157	288	445	0.00001
Methylomonas sp. UP202	3040943	S	149	203	352	0.00001
Methylomonas sp. TEB	3398229	S	127	80	207	0.00001
Methylomonas sp. EFPC1	2812647	S	121	105	226	0.00001
Methylomonas sp. 2B	3367743	S	121	172	293	0.00001
Methylomonas sp. MS20	3418769	S	109	557	666	0.00002
Methylomonas sp. DH-1	1727196	S	106	208	314	0.00001
Methylomonas sp. HYX-M1	3139307	S	62	378	440	0.00001
Methylomonas sp. MED-D	3418768	S	32	210	242	0.00001
Methylomonas denitrificans	1538553	S	726	22	748	0.00002
Methylomonas methanica	421	S	701	13	714	0.00002
Methylomonas montana	3058963	S	696	19	715	0.00002
Methylomonas koyamae	702114	S	590	390	980	0.00003
Methylomonas rapida	2963939	S	569	28	597	0.00002
Methylomonas paludis	1173101	S	563	10	573	0.00002
Methylomonas rhizoryzae	2608981	S	94	603	697	0.00002
Methylococcus sp. EFPC2	2812648	S	1116	28	1144	0.00003
Methylococcus sp. Mc7	2860258	S	162	420	582	0.00002
Methylococcus sp. ANG	3231903	S	68	236	304	0.00001
Methylococcus capsulatus	414	S	1671	447	2118	0.00006
Methylococcus mesophilus	2993564	S	536	286	822	0.00002
Methylococcus geothermalis	2681310	S	393	129	522	0.00001
Methylocaldum sp. GT1BB	3438963	S	235	499	734	0.00002
Methylocaldum sp. GT1BW	3438964	S	83	423	506	0.00001
Methylocaldum sp. GT1TLB	3438965	S	44	136	180	0.00001
Methylocaldum sp. 0917	2485163	S	23	126	149	0.00000
Methylocaldum marinum	1432792	S	809	143	952	0.00003
Methylocaldum szegediense	73780	S	614	47	661	0.00002
Methylobacter sp. YRD-M1	2911520	S	705	122	827	0.00002
Methylobacter sp. G7	3230117	S	693	31	724	0.00002
Methylobacter sp. sgz302048	3455945	S	647	155	802	0.00002
Methylobacter sp. S3L5C	2839024	S	526	32	558	0.00002
Methylotuvimicrobium sp. KM1	3377707	S	380	79	459	0.00001
Methylotuvimicrobium sp. KM2	3133976	S	222	52	274	0.00001
Methylotuvimicrobium alcaliphilum	271065	S	289	484	773	0.00002
Methylotuvimicrobium buryatense	95641	S	225	64	289	0.00001
Methylomicrobium lacus	136992	S	853	57	910	0.00003
Methylomicrobium album	39775	S	780	36	816	0.00002
Methylogaea oryzae	1295382	S	1066	26	1092	0.00003
Methylomagnum ishizawai	1760988	S	1060	18	1078	0.00003
Candidatus Methylocalor cossyra	3108543	S	889	3	892	0.00003
Methylovulum psychrotolerans	1704499	S	860	7	867	0.00002
Candidatus Methylospira mobilis	1808979	S	860	23	883	0.00002
Methylomarinum roseum	3067653	S	797	42	839	0.00002
Methyloprofundus sp.	2020875	S	499	7	506	0.00001
Methylomarinovum caldicuralii	438856	S	741	180	921	0.00003
Methylomarinovum tepidoasis	2840183	S	663	154	817	0.00002
Thiomicrorhabdus indica	2267253	S	720	8	728	0.00002
Thiomicrorhabdus sp.	2039724	S	638	25	663	0.00002
Thiomicrorhabdus xiamenensis	2739063	S	590	12	602	0.00002
Thiomicrorhabdus lithotrophica	2949997	S	523	23	546	0.00002
Thiomicrorhabdus immobilis	2791037	S	507	27	534	0.00001
Thiomicrorhabdus aquaedulcis	2211106	S	426	13	439	0.00001
Thiomicrorhabdus sediminis	2580412	S	334	7	341	0.00001
Methylophaga nitratireducenticrescens	754476	S	579	12	591	0.00002
Methylophaga thalassica	40223	S	458	36	494	0.00001
Methylophaga marina	45495	S	350	32	382	0.00001
Methylophaga pinxianii	2881052	S	307	32	339	0.00001
Methylophaga frappieri	754477	S	281	41	322	0.00001
Thiomicrospira aerophila	92245	S	703	33	736	0.00002
Thiomicrospira sp. R3	3035472	S	293	6	299	0.00001
Thiomicrospira sp. S5	1803865	S	147	104	251	0.00001
Thiomicrospira microaerophila	406020	S	329	24	353	0.00001
Thiomicrospira cyclica	147268	S	152	2	154	0.00000
Piscirickettsia salmonis	1238	S	1113	4	1117	0.00003
Hydrogenovibrio crunogenus	39765	S	481	10	491	0.00001
Hydrogenovibrio marinus	28885	S	335	3	338	0.00001
Hydrogenovibrio thermophilus	265883	S	183	125	308	0.00001
Thiosulfativibrio zosterae	2675053	S	523	5	528	0.00001
Cycloclasticus sp. P1	385025	S	90	213	303	0.00001
Cycloclasticus sp. PY97N	728003	S	17	29	46	0.00000
Cycloclasticus zancles	1329899	S	40	78	118	0.00000
Thiosulfatimonas sediminis	2675054	S	416	11	427	0.00001
Francisella frigiditurris	1542390	S	794	19	813	0.00002
Francisella sp. LA112445	1395624	S	425	20	445	0.00001
Francisella sp. Scap27	2589986	S	287	86	373	0.00001
Francisella philomiragia	28110	S	651	244	895	0.00003
Francisella halioticida	549298	S	642	17	659	0.00002
Francisella tularensis	263	S	605	124	729	0.00002
Francisella uliginis	573570	S	419	20	439	0.00001
Candidatus Francisella endociliophora	653937	S	385	21	406	0.00001
Francisella hispaniensis	622488	S	355	35	390	0.00001
Francisella salimarina	2599927	S	338	998	1336	0.00004
Francisella persica	954	S	308	6	314	0.00001
Francisella adeliensis	2007306	S	193	55	248	0.00001
Francisella orientalis	299583	S	142	35	177	0.00000
Francisella salina	573569	S	88	304	392	0.00001
Francisella marina	2249302	S	13	61	74	0.00000
Allofrancisella frigidaquae	1085644	S	214	82	296	0.00001
Allofrancisella guangzhouensis	594679	S	213	33	246	0.00001
Allofrancisella inopinata	1085647	S	143	60	203	0.00001
Thiothrix subterranea	2735563	S	811	70	881	0.00002
Thiothrix lacustris	525917	S	451	264	715	0.00002
Thiothrix litoralis	2891210	S	450	469	919	0.00003
Thiothrix unzii	111769	S	435	68	503	0.00001
Thiothrix winogradskyi	96472	S	270	32	302	0.00001
Candidatus Thiothrix anitrata	2823902	S	236	43	279	0.00001
Thiothrix fructosivorans	111770	S	49	2	51	0.00000
Beggiatoa leptomitoformis	288004	S	710	0	710	0.00002
Cysteiniphilum sp. QT6929	2975055	S	418	3	421	0.00001
Legionella pneumophila	446	S	2283	438	2721	0.00008
Legionella sp. D16C41	3402688	S	633	2	635	0.00002
Legionella sp. PC997	2755562	S	551	78	629	0.00002
Legionella sp. MW5194	2662448	S	416	77	493	0.00001
Legionella sp. 227	3367288	S	179	33	212	0.00001
Legionella sp. PC1000	2746060	S	177	10	187	0.00001
Legionella sainthelensi	28087	S	745	65	810	0.00002
Legionella micdadei	451	S	671	7	678	0.00002
Legionella fallonii	96230	S	638	19	657	0.00002
Legionella adelaidensis	45056	S	628	7	635	0.00002
Legionella israelensis	454	S	625	3	628	0.00002
Legionella geestiana	45065	S	503	14	517	0.00001
Legionella spiritensis	452	S	444	22	466	0.00001
Legionella longbeachae	450	S	413	34	447	0.00001
Legionella antarctica	2708020	S	396	3	399	0.00001
Legionella waltersii	66969	S	384	16	400	0.00001
Legionella cherrii	28084	S	367	12	379	0.00001
Legionella oakridgensis	29423	S	360	13	373	0.00001
Legionella hackeliae	449	S	359	67	426	0.00001
Legionella anisa	28082	S	317	52	369	0.00001
Legionella cardiaca	1071983	S	312	3	315	0.00001
Legionella lytica	96232	S	300	6	306	0.00001
Candidatus Legionella polyplacis	2005262	S	279	1	280	0.00001
Legionella lansingensis	45067	S	258	2	260	0.00001
Legionella clemsonensis	1867846	S	243	20	263	0.00001
Legionella jordanis	456	S	211	9	220	0.00001
Fluoribacter dumoffii	463	S	454	49	503	0.00001
Rickettsiella endosymbiont of Dermanyssus gallinae	2856608	S	418	20	438	0.00001
Rickettsiella endosymbiont of Litargus connexus	3066237	S	243	19	262	0.00001
Rickettsiella endosymbiont of Xylota segnis	3066238	S	163	63	226	0.00001
Rickettsiella endosymbiont of Miltochrista miniata	3066239	S	163	29	192	0.00001
Rickettsiella endosymbiont of Aleochara curtula	3077936	S	154	25	179	0.00001
Rickettsiella endosymbiont of Rhagonycha lignosa	3077937	S	135	60	195	0.00001
Candidatus Rickettsiella viridis	676208	S	215	10	225	0.00001
Aquicella lusitana	254246	S	639	4	643	0.00002
Aquicella siphonis	254247	S	472	3	475	0.00001
Coxiella endosymbiont of Amblyomma nuttalli	2749996	S	180	1	181	0.00001
Coxiella endosymbiont of Dermacentor marginatus	1656159	S	138	1	139	0.00000
Coxiella endosymbiont of Amblyomma sculptum	2487929	S	119	1	120	0.00000
Coxiella burnetii	777	S	338	30	368	0.00001
Candidatus Coxiella mudrowiae	2054173	S	326	57	383	0.00001
Coxiella-like endosymbiont	1592897	S	537	54	591	0.00002
Candidiatus Paracoxiella cheracis	3405120	S	267	1	268	0.00001
Hydrocarboniphaga effusa	243629	S	1004	30	1034	0.00003
Hydrocarboniphaga sp.	2033016	S	990	28	1018	0.00003
Solimonas sp. K1W22B-7	2303331	S	1546	10	1556	0.00004
Nevskia ramosa	64002	S	819	12	831	0.00002
Sinimarinibacterium sp. NLF-5-8	2698684	S	676	55	731	0.00002
Flagellatimonas centrodinii	2806210	S	641	7	648	0.00002
Algiphilus sp.	1872431	S	1635	67	1702	0.00005
Gilliamella sp. B3022	2817969	S	675	73	748	0.00002
Gilliamella sp. ESL0405	2704653	S	438	27	465	0.00001
Gilliamella sp. ESL0441	2704654	S	315	68	383	0.00001
Gilliamella sp. ESL0443	2704655	S	290	27	317	0.00001
Gilliamella sp. wkB7	3120264	S	273	71	344	0.00001
Gilliamella apis	1970738	S	796	54	850	0.00002
Gilliamella apicola	1196095	S	682	177	859	0.00002
Orbus wheelerorum	3074111	S	619	13	632	0.00002
Orbus mooreae	3074107	S	413	11	424	0.00001
Orbus sturtevantii	3074109	S	398	6	404	0.00001
Zophobihabitans entericus	1635327	S	483	7	490	0.00001
Frischella perrara	1267021	S	436	62	498	0.00001
Utexia brackfieldae	3074108	S	317	7	324	0.00001
Pseudothioglobus sp. nBUS_23	3395318	S	230	3	233	0.00001
Candidatus Pseudothioglobus sp. Uisw_086	3230998	S	166	77	243	0.00001
Candidatus Pseudothioglobus sp. Uisw_050_01	3230997	S	118	86	204	0.00001
Candidatus Pseudothioglobus sp. Uisw_016	3230995	S	109	84	193	0.00001
Candidatus Pseudothioglobus sp. Uisw_041	3230996	S	91	81	172	0.00000
Candidatus Pseudothioglobus singularis	1427364	S	318	5	323	0.00001
Candidatus Thioglobus autotrophicus	1705394	S	520	7	527	0.00001
Candidatus Thioglobus sp. NP1	2508687	S	433	12	445	0.00001
Candidatus Thiodubiliella endoseptemdiera	2738886	S	463	20	483	0.00001
Candidatus Ruthturnera calyptogenae	386487	S	219	1	220	0.00001
Candidatus Ruthia endofausta	2738852	S	128	1	129	0.00000
Candidatus Vesicomyidisocius sp. SY067_SCS001	2732590	S	121	67	188	0.00001
Candidatus Vesicomyidisocius calyptogenae	412965	S	77	41	118	0.00000
Candidatus Vondammii sp. HM_W22	2687299	S	511	1	512	0.00001
Bathymodiolus thermophilus thioautotrophic gill symbiont	2360	S	416	10	426	0.00001
Bathymodiolus septemdierum thioautotrophic gill symbiont	113267	S	301	18	319	0.00001
Celerinatantimonas diazotrophica	412034	S	448	3	451	0.00001
Candidatus Reidiella endopervernicosa	2738883	S	421	0	421	0.00001
Candidatus Palibaumannia cicadellinicola	186490	S	291	1	292	0.00001
Candidatus Nardonella dryophthoridicola	1971485	S	97	2	99	0.00000
endosymbiont of Pachyrhynchus infernalis	1971488	S	49	3	52	0.00000
endosymbiont of Sipalinus gigas	1972134	S	44	2	46	0.00000
Candidatus Steffania adelgidicola	1076626	S	97	0	97	0.00000
Candidatus Azoamicus ciliaticola	2652803	S	37	0	37	0.00000
Candidatus Competibacter denitrificans	1400862	S	23	0	23	0.00000
Cardiobacterium hominis	2718	S	1583	135	1718	0.00005
Cardiobacterium sp. Marseille-Q4385	2866573	S	850	94	944	0.00003
Suttonella sp. R2A3	2908648	S	429	6	435	0.00001
Dichelobacter nodosus	870	S	327	40	367	0.00001
Ignatzschineria larvae	112009	S	573	24	597	0.00002
Ignatzschineria rhizosphaerae	2923279	S	426	21	447	0.00001
Wohlfahrtiimonas chitiniclastica	400946	S	348	32	380	0.00001
Sulfurifustis variabilis	1675686	S	1238	30	1268	0.00004
Sulfuricaulis limicola	1620215	S	966	28	994	0.00003
Acidiferrobacter sp. SPIII_3	1281578	S	487	86	573	0.00002
Acidiferrobacter thiooxydans	163359	S	274	50	324	0.00001
Kangiella profundi	1561924	S	1018	79	1097	0.00003
Kangiella geojedonensis	914150	S	377	2	379	0.00001
Kangiella sediminilitoris	1144748	S	365	2	367	0.00001
Kangiella aquimarina	261965	S	247	16	263	0.00001
Kangiella koreensis	261964	S	211	2	213	0.00001
Thiohalobacter sp. IOR34	3057176	S	1110	4	1114	0.00003
Thiohalobacter sp. COW1	2795687	S	309	369	678	0.00002
Thiohalobacter thiocyanaticus	585455	S	167	237	404	0.00001
Salinisphaera sp. LB1	2183911	S	738	57	795	0.00002
Salinisphaera sp. SPP-AMP-43	3121288	S	634	45	679	0.00002
endosymbiont of unidentified scaly snail isolate Monju	1248727	S	1067	2	1069	0.00003
Isorropodon fossajaponicum symbiont	883811	S	173	5	178	0.00000
Abyssogena phaseoliformis symbiont	596095	S	91	3	94	0.00000
endosymbiont of Euscepes postfasciatus	650377	S	62	2	64	0.00000
Sulfurivermis fontis	1972068	S	1029	150	1179	0.00003
Immundisolibacter cernigliae	1810504	S	934	26	960	0.00003
Candidatus Spongiihabitans sp.	3101308	S	913	0	913	0.00003
Candidatus Rariloculus sp.	3101265	S	771	0	771	0.00002
Candidatus Comchoanobacter bicostacola	2919598	S	584	0	584	0.00002
Woeseia oceani	1548547	S	502	0	502	0.00001
Steroidobacter denitrificans	465721	S	492	21	513	0.00001
Candidatus Portiera aleyrodidarum	91844	S	433	5	438	0.00001
Rhizobium sp. SYY.PMSO	3382192	S	1400	63	1463	0.00004
Rhizobium sp. TH2	2775403	S	1225	33	1258	0.00004
Rhizobium sp. SSA_523	2952477	S	1023	55	1078	0.00003
Rhizobium sp. WL3	2603277	S	811	102	913	0.00003
Rhizobium sp. 32-5/1	3019602	S	780	38	818	0.00002
Rhizobium sp. SL42	2806346	S	778	53	831	0.00002
Rhizobium sp. 11515TR	2028343	S	674	40	714	0.00002
Rhizobium sp. Pop5	1223565	S	647	163	810	0.00002
Rhizobium sp. AB2/73	2795216	S	647	276	923	0.00003
Rhizobium sp. YTU87027	3417741	S	623	180	803	0.00002
Rhizobium sp. CB3090	3039156	S	611	45	656	0.00002
Rhizobium sp. BG4	2613770	S	605	215	820	0.00002
Rhizobium sp. Rhizsp82	3243057	S	579	215	794	0.00002
Rhizobium sp. WW22	3389070	S	514	48	562	0.00002
Rhizobium sp. CIAT894	2020312	S	498	135	633	0.00002
Rhizobium sp. X9	2815360	S	411	926	1337	0.00004
Rhizobium sp. WYJ-E13	2849093	S	333	401	734	0.00002
Rhizobium sp. ZK1	3389872	S	326	637	963	0.00003
Rhizobium sp. C104	2917727	S	323	166	489	0.00001
Rhizobium sp. BT03	3045156	S	278	128	406	0.00001
Rhizobium sp. TAL182	2020313	S	268	617	885	0.00002
Rhizobium sp. NZLR1	2731096	S	255	48	303	0.00001
Rhizobium sp. CB3171	3039157	S	242	259	501	0.00001
Rhizobium sp. K102	2918527	S	235	153	388	0.00001
Rhizobium sp. 007	2785056	S	207	369	576	0.00002
Rhizobium sp. TRM96650	2979863	S	207	17	224	0.00001
Rhizobium sp. TRM96647	2979861	S	203	8	211	0.00001
Rhizobium sp. YTUHZ045	2962888	S	197	170	367	0.00001
Rhizobium sp. WSM1274	3138254	S	191	467	658	0.00002
Rhizobium sp. NXC14	1981173	S	157	95	252	0.00001
Rhizobium sp. TRM95796	2979862	S	150	17	167	0.00000
Rhizobium sp. NXC24	2048897	S	114	359	473	0.00001
Rhizobium sp. BT04	3045157	S	108	184	292	0.00001
Rhizobium sp. RCAM05350	2895568	S	100	0	100	0.00000
Rhizobium sp. CCGE 510	1132836	S	91	17	108	0.00000
Rhizobium sp. CC1099	3039160	S	89	213	302	0.00001
Rhizobium sp. SU303	3138065	S	82	222	304	0.00001
Rhizobium sp. SRDI969	3138252	S	81	219	300	0.00001
Rhizobium sp. CB3060	3138255	S	80	320	400	0.00001
Rhizobium sp. N324	1703969	S	65	1965	2030	0.00006
Rhizobium sp. WSM4643	3138253	S	56	90	146	0.00000
Rhizobium sp. ZX09	2291939	S	56	335	391	0.00001
Rhizobium sp. Kim5	2020311	S	45	143	188	0.00001
Rhizobium sp. NLR16a	2731112	S	38	160	198	0.00001
Rhizobium sp. B21/90	2819993	S	33	967	1000	0.00003
Rhizobium sp. YTUHZ044	2962678	S	32	130	162	0.00000
Rhizobium sp. L51/94	2819999	S	20	120	140	0.00000
Rhizobium sp. CCGE531	2364271	S	14	414	428	0.00001
Rhizobium leguminosarum	384	S	3667	6533	10200	0.00029
Rhizobium rhizogenes	359	S	1767	1652	3419	0.00010
Rhizobium etli	29449	S	1299	780	2079	0.00006
Rhizobium phaseoli	396	S	1065	469	1534	0.00004
Rhizobium jaguaris	1312183	S	944	33	977	0.00003
Rhizobium ruizarguesonis	2081791	S	941	488	1429	0.00004
Rhizobium cremeum	2813827	S	780	51	831	0.00002
Rhizobium sullae	50338	S	769	57	826	0.00002
Rhizobium tumorigenes	2041385	S	720	214	934	0.00003
Rhizobium lentis	1138194	S	712	134	846	0.00002
Rhizobium bangladeshense	1138189	S	690	72	762	0.00002
Rhizobium daejeonense	240521	S	668	299	967	0.00003
Rhizobium rhizoryzae	451876	S	664	68	732	0.00002
Rhizobium lusitanum	293958	S	651	24	675	0.00002
Rhizobium binae	1138190	S	645	216	861	0.00002
Rhizobium gallicum	56730	S	643	350	993	0.00003
Rhizobium hidalgonense	1538159	S	504	70	574	0.00002
Rhizobium rosettiformans	1368430	S	488	248	736	0.00002
Rhizobium indicum	2583231	S	401	228	629	0.00002
Rhizobium tropici	398	S	372	194	566	0.00002
Rhizobium acidisoli	1538158	S	278	149	427	0.00001
Rhizobium anhuiense	1184720	S	276	56	332	0.00001
Rhizobium oryzihabitans	2267833	S	151	445	596	0.00002
Rhizobium indigoferae	158891	S	144	309	453	0.00001
Rhizobium croatiense	2867516	S	117	56	173	0.00000
Rhizobium grahamii	1120045	S	115	5	120	0.00000
Rhizobium sophoriradicis	1535245	S	115	308	423	0.00001
Rhizobium beringeri	3019934	S	85	789	874	0.00002
Rhizobium binxianense	3024242	S	70	218	288	0.00001
Rhizobium laguerreae	1076926	S	65	90	155	0.00000
Rhizobium johnstonii	3019933	S	44	543	587	0.00002
Rhizobium rhododendri	2506430	S	42	263	305	0.00001
Rhizobium brockwellii	3019932	S	42	264	306	0.00001
Agrobacterium tumefaciens	358	S	8200	16975	25175	0.00071
Agrobacterium fabrum	1176649	S	480	756	1236	0.00003
Agrobacterium radiobacter	362	S	66	1088	1154	0.00003
Agrobacterium vitis	373	S	2890	801	3691	0.00010
Agrobacterium sp. rho-13.3	3072980	S	980	264	1244	0.00003
Agrobacterium sp. MA01	2664893	S	239	217	456	0.00001
Agrobacterium sp. RAC06	1842536	S	190	178	368	0.00001
Agrobacterium sp. T29	2580515	S	141	101	242	0.00001
Agrobacterium sp. El2ro-1b	2969528	S	97	82	179	0.00001
Agrobacterium sp. S7/73	2820002	S	73	643	716	0.00002
Agrobacterium sp. 33MFTa1.1	1279031	S	58	322	380	0.00001
Agrobacterium sp. CGMCC 11546	2579248	S	47	70	117	0.00000
Agrobacterium pusense	648995	S	1635	4725	6360	0.00018
Agrobacterium larrymoorei	160699	S	1053	335	1388	0.00004
Agrobacterium rosae	1972867	S	1023	525	1548	0.00004
Agrobacterium vaccinii	2735528	S	917	74	991	0.00003
Agrobacterium rubi	28099	S	718	1616	2334	0.00007
Agrobacterium leguminum	2792015	S	651	454	1105	0.00003
Agrobacterium arsenijevicii	1585697	S	547	562	1109	0.00003
Agrobacterium salinitolerans	1183413	S	481	278	759	0.00002
Agrobacterium cucumeris	2862866	S	194	159	353	0.00001
Agrobacterium deltaense	1183412	S	16	1152	1168	0.00003
Neorhizobium sp. NCHU2750	1825976	S	862	473	1335	0.00004
Neorhizobium sp. CSC1952	2978974	S	822	123	945	0.00003
Neorhizobium sp. SOG26	2060726	S	684	55	739	0.00002
Neorhizobium sp. EC2-8	3129230	S	302	32	334	0.00001
Neorhizobium sp. DAR64872/K0K18	3421958	S	161	703	864	0.00002
Neorhizobium sp. DAR64860/K0K1	3421955	S	99	462	561	0.00002
Neorhizobium galegae	399	S	1963	141	2104	0.00006
Neorhizobium petrolearium	515361	S	1546	380	1926	0.00005
Pararhizobium sp. IMCC21322	3067903	S	797	27	824	0.00002
Pararhizobium sp. O133	3449278	S	726	428	1154	0.00003
Pararhizobium sp. IMCC3301	3067904	S	695	16	711	0.00002
Pararhizobium sp. A13	3133975	S	677	63	740	0.00002
Pararhizobium gei	1395951	S	1003	107	1110	0.00003
Pararhizobium qamdonense	3031126	S	740	87	827	0.00002
Allorhizobium pseudoryzae	379684	S	790	85	875	0.00002
Allorhizobium ampelinum	3025782	S	188	334	522	0.00001
Pseudorhizobium banfieldiae	1125847	S	800	270	1070	0.00003
Sinorhizobium fredii	380	S	2915	1178	4093	0.00011
Sinorhizobium sp. RAC02	1842534	S	1020	171	1191	0.00003
Sinorhizobium sp. BG8	2613773	S	976	114	1090	0.00003
Sinorhizobium sp. CCBAU 05631	794846	S	140	279	419	0.00001
Sinorhizobium sp. M14	430451	S	20	104	124	0.00000
Sinorhizobium sp. LM21	1449788	S	20	0	20	0.00000
Sinorhizobium meliloti	382	S	1812	2097	3909	0.00011
Sinorhizobium medicae	110321	S	1402	646	2048	0.00006
Sinorhizobium numidicum	680248	S	1013	116	1129	0.00003
Sinorhizobium mexicanum	375549	S	840	59	899	0.00003
Sinorhizobium americanum	194963	S	794	101	895	0.00003
Sinorhizobium chiapasense	501572	S	792	81	873	0.00002
Sinorhizobium sojae	716925	S	712	212	924	0.00003
Sinorhizobium alkalisoli	1752398	S	637	174	811	0.00002
Sinorhizobium terangae	110322	S	481	38	519	0.00001
Sinorhizobium garamanticum	680247	S	455	51	506	0.00001
Sinorhizobium kummerowiae	158892	S	62	178	240	0.00001
Ensifer adhaerens	106592	S	3243	484	3727	0.00010
Ensifer sp. PDNC004	2811423	S	922	212	1134	0.00003
Ensifer sp. WSM1721	1041159	S	836	148	984	0.00003
Ensifer sp. R-19	3404055	S	807	120	927	0.00003
Ensifer canadensis	555315	S	940	206	1146	0.00003
Ensifer aridi	1708715	S	640	124	764	0.00002
Shinella zoogloeoides	352475	S	3890	5091	8981	0.00025
Shinella sp. PSBB067	2715959	S	863	882	1745	0.00005
Shinella sp. H4-D48	2925841	S	523	310	833	0.00002
Shinella sp. HZN7	879274	S	522	1023	1545	0.00004
Shinella oryzae	2871820	S	834	321	1155	0.00003
Shinella sumterensis	1967501	S	401	392	793	0.00002
Shinella yambaruensis	415996	S	373	629	1002	0.00003
Shinella sedimenti	2919913	S	116	96	212	0.00001
Hoeflea sp.	1940281	S	2344	216	2560	0.00007
Hoeflea sp. Naph1	3388653	S	852	431	1283	0.00004
Hoeflea sp. IMCC20628	1620421	S	827	39	866	0.00002
Hoeflea alexandrii	288436	S	735	47	782	0.00002
Hoeflea phototrophica	244596	S	622	105	727	0.00002
Candidatus Liberibacter africanus	34020	S	1305	85	1390	0.00004
Liberibacter crescens	1273132	S	265	20	285	0.00001
Candidatus Liberibacter americanus	309868	S	243	7	250	0.00001
Candidatus Liberibacter asiaticus	34021	S	195	15	210	0.00001
Candidatus Liberibacter solanacearum	556287	S	157	1	158	0.00000
Peteryoungia algae	2919917	S	544	62	606	0.00002
Peteryoungia desertarenae	1813451	S	531	41	572	0.00002
Georhizobium sp. MAB10	3028319	S	276	228	504	0.00001
Georhizobium profundi	2341112	S	199	200	399	0.00001
Terrirhizobium terrae	2926709	S	732	78	810	0.00002
Ciceribacter thiooxidans	1969821	S	640	45	685	0.00002
Lentilitoribacter sp. Alg239-R112	2305987	S	357	4	361	0.00001
Bradyrhizobium sp. McL0616	3415674	S	1416	84	1500	0.00004
Bradyrhizobium sp. STM 3557	578920	S	1357	48	1405	0.00004
Bradyrhizobium sp. NP1	3049772	S	1322	56	1378	0.00004
Bradyrhizobium sp. CB1650	3039153	S	1295	123	1418	0.00004
Bradyrhizobium sp. 186	2782654	S	1269	177	1446	0.00004
Bradyrhizobium sp. CB82	3039159	S	1209	85	1294	0.00004
Bradyrhizobium sp. STM 3562	578924	S	1166	33	1199	0.00003
Bradyrhizobium sp. CCBAU 51753	1325100	S	1150	90	1240	0.00003
Bradyrhizobium sp. McL0615	3415673	S	1144	56	1200	0.00003
Bradyrhizobium sp. Ash2021	2954771	S	1130	48	1178	0.00003
Bradyrhizobium sp. ORS 278	114615	S	1126	81	1207	0.00003
Bradyrhizobium sp. WD16	1521768	S	1088	62	1150	0.00003
Bradyrhizobium sp. BTAi1	288000	S	1053	65	1118	0.00003
Bradyrhizobium genosp. P	83641	S	1039	48	1087	0.00003
Bradyrhizobium sp. SK17	2057741	S	1038	412	1450	0.00004
Bradyrhizobium sp. 200	2782665	S	963	103	1066	0.00003
Bradyrhizobium sp. CIAT3101	439387	S	942	91	1033	0.00003
Bradyrhizobium genosp. L	83637	S	934	67	1001	0.00003
Bradyrhizobium sp. ORS 285	115808	S	917	62	979	0.00003
Bradyrhizobium sp. BLXBL-03	3395916	S	917	74	991	0.00003
Bradyrhizobium sp. sBnM-33	2831780	S	857	34	891	0.00003
Bradyrhizobium sp. BWA-3-5	3080013	S	800	47	847	0.00002
Bradyrhizobium sp. 1(2017)	1404888	S	792	92	884	0.00002
Bradyrhizobium sp. CB3481	3039158	S	773	51	824	0.00002
Bradyrhizobium sp. CCBAU 051011	858422	S	759	50	809	0.00002
Bradyrhizobium genosp. A	83626	S	732	77	809	0.00002
Bradyrhizobium sp. CCBAU 53340	1325112	S	727	226	953	0.00003
Bradyrhizobium sp. 930_D9_N1_4	3240374	S	725	68	793	0.00002
Bradyrhizobium sp. ORS 86	1685970	S	692	343	1035	0.00003
Bradyrhizobium sp. 195	2782662	S	646	109	755	0.00002
Bradyrhizobium sp. 170	2782641	S	644	89	733	0.00002
Bradyrhizobium sp. LMG 9283	592064	S	626	84	710	0.00002
Bradyrhizobium sp. CB1015	2976822	S	626	129	755	0.00002
Bradyrhizobium sp. ORS 111	1685958	S	617	297	914	0.00003
Bradyrhizobium sp. PUT101	3447427	S	612	148	760	0.00002
Bradyrhizobium sp. CCBAU 53421	1325120	S	601	97	698	0.00002
Bradyrhizobium sp. NDS-1	3080014	S	581	73	654	0.00002
Bradyrhizobium sp. WSM471	319017	S	559	1045	1604	0.00005
Bradyrhizobium sp. 191	2782659	S	510	291	801	0.00002
Bradyrhizobium sp. CB1717	3039154	S	480	108	588	0.00002
Bradyrhizobium sp. CCBAU 53351	1325114	S	474	542	1016	0.00003
Bradyrhizobium sp. CCGE-LA001	1223566	S	471	62	533	0.00001
Bradyrhizobium sp. I71	2590772	S	466	296	762	0.00002
Bradyrhizobium sp. B097	3140244	S	451	214	665	0.00002
Bradyrhizobium sp. A5	3133696	S	431	99	530	0.00001
Bradyrhizobium sp. RDT46	3341829	S	423	153	576	0.00002
Bradyrhizobium sp. Pha-3	208375	S	418	456	874	0.00002
Bradyrhizobium sp. 62B	2898442	S	400	276	676	0.00002
Bradyrhizobium sp. B120	3410088	S	387	196	583	0.00002
Bradyrhizobium sp. ma5	3344828	S	386	107	493	0.00001
Bradyrhizobium sp. CCBAU 51765	1325102	S	373	204	577	0.00002
Bradyrhizobium sp. RDM4	3378765	S	371	621	992	0.00003
Bradyrhizobium sp. B124	3140245	S	370	177	547	0.00002
Bradyrhizobium sp. LLZ17	3239388	S	369	710	1079	0.00003
Bradyrhizobium sp. 41S5	1404443	S	354	156	510	0.00001
Bradyrhizobium sp. Pa8	3386552	S	354	107	461	0.00001
Bradyrhizobium sp. 6(2017)	1197460	S	328	223	551	0.00002
Bradyrhizobium sp. A11	3133974	S	316	249	565	0.00002
Bradyrhizobium sp. 4	2782678	S	278	539	817	0.00002
Bradyrhizobium sp. C-145	574727	S	264	286	550	0.00002
Bradyrhizobium sp. B117	3140246	S	256	519	775	0.00002
Bradyrhizobium sp. 40	2782674	S	244	415	659	0.00002
Bradyrhizobium sp. BEA-2-5	3080015	S	226	207	433	0.00001
Bradyrhizobium sp.	376	S	226	843	1069	0.00003
Bradyrhizobium sp. 192	2782660	S	225	299	524	0.00001
Bradyrhizobium sp. SMVTL-02	3395917	S	205	926	1131	0.00003
Bradyrhizobium sp. CB2312	3039155	S	191	395	586	0.00002
Bradyrhizobium sp. CCBAU 53338	1325111	S	191	206	397	0.00001
Bradyrhizobium sp. 187	2782655	S	165	590	755	0.00002
Bradyrhizobium sp. PMVTL-01	3434999	S	164	520	684	0.00002
Bradyrhizobium sp. 2S1	1404429	S	160	498	658	0.00002
Bradyrhizobium sp. 521_C7_N1_3	3240368	S	158	437	595	0.00002
Bradyrhizobium sp. NC92	55395	S	123	233	356	0.00001
Bradyrhizobium sp. LCT2	2493093	S	104	186	290	0.00001
Bradyrhizobium sp. 26S5	3139729	S	103	425	528	0.00001
Bradyrhizobium sp. STM 3561	578923	S	98	283	381	0.00001
Bradyrhizobium sp. BLXBL-01	3395915	S	96	449	545	0.00002
Bradyrhizobium sp. 27S5	3139728	S	90	385	475	0.00001
Bradyrhizobium sp. STM 3566	578928	S	85	288	373	0.00001
Bradyrhizobium sp. BWC-3-1	3080012	S	77	174	251	0.00001
Bradyrhizobium sp. YCK136	3351346	S	74	257	331	0.00001
Bradyrhizobium sp. SEMIA	2597515	S	64	286	350	0.00001
Bradyrhizobium sp. CW1	2782686	S	62	869	931	0.00003
Bradyrhizobium sp. TM102	2599819	S	56	242	298	0.00001
Bradyrhizobium sp. SPXBL-02	3395912	S	53	254	307	0.00001
Bradyrhizobium sp. 956_D2_N1_4	3240375	S	50	281	331	0.00001
Bradyrhizobium sp. B025	3344829	S	47	503	550	0.00002
Bradyrhizobium sp. 172	2782643	S	44	444	488	0.00001
Bradyrhizobium sp. 613_E4_N2_2	3240371	S	39	291	330	0.00001
Bradyrhizobium sp. WU425	187029	S	31	128	159	0.00000
Bradyrhizobium sp. 155	2782629	S	27	349	376	0.00001
Bradyrhizobium sp. vgs-9	208389	S	22	221	243	0.00001
Bradyrhizobium sp. 131	2782609	S	16	242	258	0.00001
Bradyrhizobium sp. CCGUVB23	2949630	S	12	10	22	0.00000
Bradyrhizobium sp. CCGUVB1N3	2949629	S	12	21	33	0.00000
Bradyrhizobium sp. B024	3140247	S	12	579	591	0.00002
Bradyrhizobium sp. UASWS1016	1566379	S	11	7	18	0.00000
Bradyrhizobium erythrophlei	1437360	S	4180	96	4276	0.00012
Bradyrhizobium sediminis	2840469	S	1937	98	2035	0.00006
Bradyrhizobium diazoefficiens	1355477	S	1677	13676	15353	0.00043
Bradyrhizobium prioriisuperbiae	2854389	S	1610	37	1647	0.00005
Bradyrhizobium arachidis	858423	S	1371	988	2359	0.00007
Bradyrhizobium canariense	255045	S	1355	33	1388	0.00004
Bradyrhizobium lablabi	722472	S	1314	998	2312	0.00006
Bradyrhizobium betae	244734	S	1219	1427	2646	0.00007
Bradyrhizobium roseum	3056648	S	1114	44	1158	0.00003
Bradyrhizobium ontarionense	2898149	S	1080	50	1130	0.00003
Bradyrhizobium commune	83627	S	1018	60	1078	0.00003
Bradyrhizobium oligotrophicum	44255	S	1015	49	1064	0.00003
Bradyrhizobium guangdongense	1325090	S	956	297	1253	0.00004
Bradyrhizobium symbiodeficiens	1404367	S	948	424	1372	0.00004
Bradyrhizobium japonicum	375	S	926	1451	2377	0.00007
Bradyrhizobium cosmicum	1404864	S	812	118	930	0.00003
Bradyrhizobium ganzhouense	1179767	S	808	57	865	0.00002
Bradyrhizobium barranii	2992140	S	778	1262	2040	0.00006
Bradyrhizobium guangzhouense	1325095	S	775	239	1014	0.00003
Bradyrhizobium ottawaense	931866	S	773	1215	1988	0.00006
Bradyrhizobium paxllaeri	190148	S	709	38	747	0.00002
Bradyrhizobium xenonodulans	2736875	S	682	56	738	0.00002
Bradyrhizobium brasilense	1419277	S	676	156	832	0.00002
Bradyrhizobium guangxiense	1325115	S	638	204	842	0.00002
Bradyrhizobium icense	1274631	S	601	30	631	0.00002
Bradyrhizobium yuanmingense	108015	S	569	614	1183	0.00003
Bradyrhizobium pachyrhizi	280333	S	497	255	752	0.00002
Bradyrhizobium elkanii	29448	S	483	1427	1910	0.00005
Bradyrhizobium centrosematis	1300039	S	474	42	516	0.00001
Bradyrhizobium huanghuaihaiense	990078	S	473	70	543	0.00002
Bradyrhizobium quebecense	2748629	S	471	144	615	0.00002
Bradyrhizobium amphicarpaeae	1404768	S	431	50	481	0.00001
Bradyrhizobium daqingense	993502	S	421	86	507	0.00001
Bradyrhizobium septentrionale	1404411	S	404	144	548	0.00002
Bradyrhizobium zhanjiangense	1325107	S	264	170	434	0.00001
Bradyrhizobium lupini	136996	S	225	396	621	0.00002
Bradyrhizobium vignae	1549949	S	38	96	134	0.00000
Rhodopseudomonas palustris	1076	S	5727	1229	6956	0.00020
Rhodopseudomonas sp. BAL398	3034676	S	1357	345	1702	0.00005
Rhodopseudomonas sp. P1	3434357	S	200	394	594	0.00002
Rhodopseudomonas sp. P2A-2r	2991972	S	160	531	691	0.00002
Rhodopseudomonas sp. RCAM05734	3457549	S	109	390	499	0.00001
Rhodopseudomonas boonkerdii	475937	S	837	387	1224	0.00003
Tardiphaga sp. 768_D3_N2_1	3240783	S	551	38	589	0.00002
Tardiphaga sp. 709	3076039	S	205	41	246	0.00001
Tardiphaga sp. 866_E4_N1_4	3240766	S	189	129	318	0.00001
Tardiphaga sp. 42S5	1404799	S	159	83	242	0.00001
Tardiphaga sp. 215_C5_N2_1	3240774	S	130	147	277	0.00001
Tardiphaga sp. 37S4	1404741	S	85	104	189	0.00001
Tardiphaga sp. 20_F10_N6_6	3240788	S	85	118	203	0.00001
Tardiphaga sp. 172_B4_N1_3	3240787	S	78	74	152	0.00000
Tardiphaga sp. 862_B3_N1_1	3240763	S	71	317	388	0.00001
Tardiphaga sp. vice352	2592816	S	63	746	809	0.00002
Tardiphaga sp. vice154	2592814	S	39	240	279	0.00001
Tardiphaga sp. 71_E8_N1_1	3240784	S	36	183	219	0.00001
Tardiphaga sp. 285_C5_N1_2	3240775	S	22	156	178	0.00000
Tardiphaga sp. vice304	2592817	S	20	139	159	0.00000
Tardiphaga sp. vice278	2592815	S	14	129	143	0.00000
Tardiphaga alba	340268	S	887	54	941	0.00003
Tardiphaga robiniae	943830	S	93	184	277	0.00001
Nitrobacter sp. JJSN	3453033	S	634	79	713	0.00002
Nitrobacter sp. TKz-YC01	3398703	S	460	82	542	0.00002
Nitrobacter sp. TKz-YC02	3398704	S	320	16	336	0.00001
Nitrobacter sp. NHB1	3119830	S	20	5	25	0.00000
Nitrobacter hamburgensis	912	S	973	116	1089	0.00003
Nitrobacter winogradskyi	913	S	389	86	475	0.00001
Afipia carboxidovorans	40137	S	1208	774	1982	0.00006
Afipia carboxydohydrogena	290	S	964	115	1079	0.00003
Afipia sp. GAS231	1882747	S	756	284	1040	0.00003
Rugositalea oryzae	674703	S	2006	42	2048	0.00006
Variibacter gotjawalensis	1333996	S	738	15	753	0.00002
Mesorhizobium sp. ASY16-5R	3445772	S	1691	73	1764	0.00005
Mesorhizobium sp. 8	2584466	S	1634	96	1730	0.00005
Mesorhizobium sp. J8	2777475	S	1520	147	1667	0.00005
Mesorhizobium sp. AaZ16	3402289	S	1208	60	1268	0.00004
Mesorhizobium sp. RIZ17	3132743	S	1094	282	1376	0.00004
Mesorhizobium sp. INR15	2654248	S	1073	40	1113	0.00003
Mesorhizobium sp. B2-8-5	2589903	S	1027	112	1139	0.00003
Mesorhizobium sp. ANAO-SY3R2	3166644	S	994	286	1280	0.00004
Mesorhizobium sp. DCY119	2108445	S	958	61	1019	0.00003
Mesorhizobium sp. 131-2-1	2744518	S	866	408	1274	0.00004
Mesorhizobium sp. B4-1-4	2589888	S	751	57	808	0.00002
Mesorhizobium sp. PAMC28654	2880934	S	743	44	787	0.00002
Mesorhizobium sp. M1D.F.Ca.ET.043.01.1.1	2493669	S	713	330	1043	0.00003
Mesorhizobium sp. M1B.F.Ca.ET.045.04.1.1	2493673	S	709	148	857	0.00002
Mesorhizobium sp. Pch-S	2082387	S	707	44	751	0.00002
Mesorhizobium sp. B1-1-8	2589976	S	704	39	743	0.00002
Mesorhizobium sp. M1A.F.Ca.IN.022.06.1.1	2493680	S	692	148	840	0.00002
Mesorhizobium sp. NBSH29	2654249	S	691	9	700	0.00002
Mesorhizobium sp. NZP2298	2483403	S	685	271	956	0.00003
Mesorhizobium sp. AR07	2865838	S	678	204	882	0.00002
Mesorhizobium sp.	1871066	S	676	43	719	0.00002
Mesorhizobium sp. M4B.F.Ca.ET.058.02.1.1	2493675	S	666	155	821	0.00002
Mesorhizobium sp. M7D.F.Ca.US.005.01.1.1	2493678	S	653	174	827	0.00002
Mesorhizobium sp. M3A.F.Ca.ET.080.04.2.1	2493676	S	638	124	762	0.00002
Mesorhizobium sp. M1E.F.Ca.ET.045.02.1.1	2493672	S	631	219	850	0.00002
Mesorhizobium sp. AR10	2865839	S	623	138	761	0.00002
Mesorhizobium sp. ORM16	3376989	S	597	716	1313	0.00004
Mesorhizobium sp. M9A.F.Ca.ET.002.03.1.2	2493668	S	581	211	792	0.00002
Mesorhizobium sp. M2A.F.Ca.ET.043.05.1.1	2493671	S	579	247	826	0.00002
Mesorhizobium sp. ISC25	3077335	S	569	78	647	0.00002
Mesorhizobium sp. M8A.F.Ca.ET.057.01.1.1	2493679	S	566	126	692	0.00002
Mesorhizobium sp. AR02	2865837	S	563	175	738	0.00002
Mesorhizobium sp. 113-3-9	2744517	S	478	323	801	0.00002
Mesorhizobium sp. B2-1-8	2589967	S	472	46	518	0.00001
Mesorhizobium sp. WSM4083	3446363	S	470	155	625	0.00002
Mesorhizobium sp. L-2-11	2744521	S	467	275	742	0.00002
Mesorhizobium sp. 113-3-3	2744516	S	459	241	700	0.00002
Mesorhizobium sp. M7A.F.Ce.TU.012.03.2.1	2493681	S	456	159	615	0.00002
Mesorhizobium sp. NZP2077	2483404	S	451	92	543	0.00002
Mesorhizobium sp. AA22	1854057	S	419	65	484	0.00001
Mesorhizobium sp. 113-1-2	2744515	S	373	163	536	0.00002
Mesorhizobium sp. B2-1-1	2589974	S	373	465	838	0.00002
Mesorhizobium sp. M2A.F.Ca.ET.046.03.2.1	2493674	S	330	675	1005	0.00003
Mesorhizobium sp. L-8-10	2744523	S	315	891	1206	0.00003
Mesorhizobium sp. L-8-3	2744522	S	271	787	1058	0.00003
Mesorhizobium sp. M6A.T.Cr.TU.016.01.1.1	2493677	S	234	354	588	0.00002
Mesorhizobium sp. WSM4906	3038546	S	227	597	824	0.00002
Mesorhizobium sp. 131-2-5	2744519	S	226	2370	2596	0.00007
Mesorhizobium sp. M2A.F.Ca.ET.043.02.1.1	2493670	S	224	407	631	0.00002
Mesorhizobium sp. WSM4904	3038545	S	200	524	724	0.00002
Mesorhizobium sp. C399B	2956833	S	186	1067	1253	0.00004
Mesorhizobium sp. C089B	2956823	S	153	743	896	0.00003
Mesorhizobium sp. C432A	2956836	S	132	737	869	0.00002
Mesorhizobium sp. C416B	2956834	S	119	707	826	0.00002
Mesorhizobium sp. C120A	2956824	S	113	681	794	0.00002
Mesorhizobium sp. 131-3-5	2744520	S	77	231	308	0.00001
Mesorhizobium sp. WSM1497	278153	S	75	295	370	0.00001
Mesorhizobium sp. NZP2234	2483402	S	72	454	526	0.00001
Mesorhizobium sp. C395A	2956832	S	50	210	260	0.00001
Mesorhizobium sp. NBIMC_P2-C4	1380604	S	30	2	32	0.00000
Mesorhizobium sp. WSM4875	3038539	S	27	0	27	0.00000
Mesorhizobium koreense	3074855	S	1221	34	1255	0.00004
Mesorhizobium opportunistum	593909	S	1161	223	1384	0.00004
Mesorhizobium loti	381	S	716	501	1217	0.00003
Mesorhizobium japonicum	2066070	S	658	388	1046	0.00003
Mesorhizobium huakuii	28104	S	657	298	955	0.00003
Mesorhizobium amorphae	71433	S	657	65	722	0.00002
Mesorhizobium australicum	536018	S	640	179	819	0.00002
Mesorhizobium erdmanii	1777866	S	587	116	703	0.00002
Mesorhizobium muleiense	1004279	S	553	127	680	0.00002
Mesorhizobium ciceri	39645	S	377	1325	1702	0.00005
Mesorhizobium onobrychidis	2775404	S	362	63	425	0.00001
Mesorhizobium mediterraneum	43617	S	176	265	441	0.00001
Mesorhizobium jarvisii	1777867	S	21	311	332	0.00001
Mesorhizobium atlanticum	2233532	S	18	0	18	0.00000
Nitratireductor sp. GISD-1A_MAKvit	3234198	S	450	250	700	0.00002
Nitratireductor sp. OM-1	1756988	S	162	236	398	0.00001
Nitratireductor sp. L15S-10	3034028	S	124	388	512	0.00001
Nitratireductor sp. GZWM139	2950541	S	97	202	299	0.00001
Nitratireductor sp.	1872084	S	61	175	236	0.00001
Nitratireductor mangrovi	2599600	S	1051	86	1137	0.00003
Nitratireductor thuwali	2267699	S	991	535	1526	0.00004
Nitratireductor rhodophyticola	2854036	S	646	328	974	0.00003
Nitratireductor aquimarinus	889300	S	414	347	761	0.00002
Nitratireductor kimnyeongensis	430679	S	316	20	336	0.00001
Aminobacter sp. UC22_36	3374549	S	726	44	770	0.00002
Aminobacter sp. BA135	537596	S	382	211	593	0.00002
Aminobacter sp. MSH1	374606	S	289	477	766	0.00002
Aminobacter sp. P9b	3133697	S	150	138	288	0.00001
Aminobacter sp. NyZ550	2979870	S	98	683	781	0.00002
Aminobacter sp. SR38	2774562	S	94	536	630	0.00002
Aminobacter sp. Y103A	1870862	S	79	331	410	0.00001
Aminobacter sp. MDW-2	2666139	S	71	791	862	0.00002
Aminobacter niigataensis	83265	S	408	524	932	0.00003
Aminobacter aminovorans	83263	S	241	712	953	0.00003
Phyllobacterium zundukense	1867719	S	1727	161	1888	0.00005
Phyllobacterium sp. 628	2718938	S	458	37	495	0.00001
Phyllobacterium sp. A18/5-2	2978392	S	432	45	477	0.00001
Phyllobacterium meliloti	555317	S	697	54	751	0.00002
Phyllobacterium pellucidum	2740464	S	629	29	658	0.00002
Aquibium microcysteis	675281	S	1271	118	1389	0.00004
Aquibium oceanicum	1670800	S	1070	135	1205	0.00003
Chelativorans sp. AA-79	3028735	S	1226	288	1514	0.00004
Terribium terrae	2725666	S	1043	278	1321	0.00004
Methylobacterium sp. WL1	2603276	S	718	35	753	0.00002
Methylobacterium sp. 17Sr1-1	2202826	S	717	93	810	0.00002
Methylobacterium sp. AMS5	925818	S	463	121	584	0.00002
Methylobacterium sp. NMS12	3079766	S	279	1209	1488	0.00004
Methylobacterium sp. SyP6R	2718876	S	214	17	231	0.00001
Methylobacterium sp. C1	1479019	S	116	581	697	0.00002
Methylobacterium sp. 391_Methyba4	3038924	S	107	741	848	0.00002
Methylobacterium sp. NMS14P	2894310	S	83	417	500	0.00001
Methylobacterium sp. XJLW	739141	S	50	793	843	0.00002
Methylobacterium sp. OT2	2813779	S	13	58	71	0.00000
Methylobacterium aquaticum	270351	S	1688	244	1932	0.00005
Methylobacterium currus	2051553	S	1467	253	1720	0.00005
Methylobacterium indicum	1775910	S	1237	175	1412	0.00004
Methylobacterium bullatum	570505	S	1213	49	1262	0.00004
Methylobacterium nodulans	114616	S	1176	24	1200	0.00003
Methylobacterium brachiatum	269660	S	1036	272	1308	0.00004
Methylobacterium organophilum	410	S	953	292	1245	0.00003
Methylobacterium durans	2202825	S	906	35	941	0.00003
Methylobacterium flocculans	2984843	S	811	36	847	0.00002
Methylobacterium radiodurans	2202828	S	755	45	800	0.00002
Methylobacterium tardum	374432	S	730	120	850	0.00002
Methylobacterium terrae	2202827	S	724	92	816	0.00002
Methylobacterium mesophilicum	39956	S	707	43	750	0.00002
Methylobacterium oryzae	334852	S	486	960	1446	0.00004
Methylobacterium fujisawaense	107400	S	357	613	970	0.00003
Methylobacterium radiotolerans	31998	S	321	655	976	0.00003
Methylobacterium phyllosphaerae	418223	S	56	180	236	0.00001
Microvirga sp. VF16	2807101	S	1101	133	1234	0.00003
Microvirga sp. M2	3073270	S	972	121	1093	0.00003
Microvirga sp. 17 mud 1-3	2082949	S	827	103	930	0.00003
Microvirga sp. RSM25	3273802	S	794	200	994	0.00003
Microvirga ossetica	1882682	S	1216	228	1444	0.00004
Microvirga lotononidis	864069	S	1017	214	1231	0.00003
Microvirga terrae	2740529	S	707	115	822	0.00002
Microvirga thermotolerans	2651334	S	527	64	591	0.00002
Microvirga roseola	2883126	S	113	1	114	0.00000
Methylorubrum populi	223967	S	1750	566	2316	0.00007
Methylorubrum extorquens	408	S	1623	1351	2974	0.00008
Methylorubrum sp. B1-46	2897334	S	628	116	744	0.00002
Methylorubrum sp. GM97	2938232	S	14	91	105	0.00000
Devosia sp.	1871048	S	1551	107	1658	0.00005
Devosia sp. CN2-171	3400909	S	1521	66	1587	0.00004
Devosia sp. A16	1736675	S	1254	77	1331	0.00004
Devosia sp. SD17-2	2976459	S	1027	361	1388	0.00004
Devosia sp. YIM 151766	3017325	S	996	435	1431	0.00004
Devosia sp. FJ2-5-3	2976680	S	947	196	1143	0.00003
Devosia sp. SL43	2806348	S	895	65	960	0.00003
Devosia sp. I507	2083786	S	841	322	1163	0.00003
Devosia sp. 1566	2499144	S	822	65	887	0.00002
Devosia sp. XK-2	3126689	S	772	80	852	0.00002
Devosia sp. J2-20	3026161	S	687	52	739	0.00002
Devosia sp. MC521	2759954	S	659	168	827	0.00002
Devosia neptuniae	191302	S	1486	81	1567	0.00004
Devosia ginsengisoli	400770	S	1020	85	1105	0.00003
Devosia beringensis	2657486	S	1015	81	1096	0.00003
Devosia salina	2860336	S	926	502	1428	0.00004
Devosia lacusdianchii	2917991	S	915	70	985	0.00003
Devosia oryziradicis	2801335	S	861	74	935	0.00003
Devosia algicola	3026418	S	760	109	869	0.00002
Devosia rhizoryzae	2774137	S	754	31	785	0.00002
Devosia polycyclovorans	3345148	S	656	188	844	0.00002
Devosia rhodophyticola	3026423	S	638	104	742	0.00002
Devosia rhizosphaerae	3049774	S	599	29	628	0.00002
Pelagibacterium sp.	1967288	S	654	269	923	0.00003
Pelagibacterium sp. H642	1881069	S	596	305	901	0.00003
Pelagibacterium sp. 26DY04	2967130	S	310	254	564	0.00002
Pelagibacterium halotolerans	531813	S	1349	178	1527	0.00004
Pelagibacterium nitratireducens	1046114	S	727	244	971	0.00003
Pelagibacterium flavum	2984530	S	646	232	878	0.00002
Paradevosia shaoguanensis	1335043	S	2187	924	3111	0.00009
Paradevosia tibetensis	1447062	S	1989	92	2081	0.00006
Mariluticola halotolerans	2909283	S	646	13	659	0.00002
Maritalea myrionectae	454601	S	427	6	433	0.00001
Brucella intermedia	94625	S	2794	765	3559	0.00010
Brucella pseudogrignonensis	419475	S	2526	2313	4839	0.00014
Brucella pituitosa	571256	S	2487	467	2954	0.00008
Brucella anthropi	529	S	2181	6719	8900	0.00025
Brucella sp. BE17	3142977	S	530	40	570	0.00002
Brucella sp. MAB-22	2986424	S	327	1552	1879	0.00005
Brucella sp. 2716	2975052	S	101	68	169	0.00000
Brucella sp. 2280	2592625	S	100	123	223	0.00001
Brucella sp. JSBI001	2886044	S	87	132	219	0.00001
Brucella sp. NM4	3045175	S	80	1986	2066	0.00006
Brucella sp. 09RB8471	1149952	S	73	84	157	0.00000
Brucella sp. 6810	2769351	S	73	76	149	0.00000
Brucella sp. BO2	693750	S	68	86	154	0.00000
Brucella sp. BO3	2691913	S	66	63	129	0.00000
Brucella sp. 10RB9215	1149953	S	65	44	109	0.00000
Brucella sp. 09RB8910	1844051	S	30	21	51	0.00000
Brucella sp. 458	2821140	S	14	18	32	0.00000
Brucella pseudintermedia	370111	S	1440	592	2032	0.00006
Brucella vulpis	981386	S	126	37	163	0.00000
Brucella melitensis	29459	S	59	123	182	0.00001
Brucella suis	29461	S	53	5462	5515	0.00015
Brucella abortus	235	S	43	797	840	0.00002
Brucella inopinata	1218315	S	33	20	53	0.00000
Ochrobactrum quorumnocens	271865	S	698	66	764	0.00002
Ochrobactrum sp. BTU1	2840456	S	284	123	407	0.00001
Ochrobactrum sp. SSR	3045176	S	82	3532	3614	0.00010
Ochrobactrum sp. LM19	1449781	S	20	8	28	0.00000
Pseudochrobactrum sp. MP213Fo	3022250	S	681	55	736	0.00002
Pseudochrobactrum sp. Wa41.01b-1	2864102	S	468	276	744	0.00002
Pseudochrobactrum sp. XF203	2879116	S	413	335	748	0.00002
Pseudochrobactrum algeriensis	2834768	S	680	380	1060	0.00003
Pseudochrobactrum asaccharolyticum	354351	S	538	147	685	0.00002
Roseibium sp.	1936156	S	6243	460	6703	0.00019
Roseibium sp. Sym1	3016006	S	817	431	1248	0.00004
Roseibium aggregatum	187304	S	957	1607	2564	0.00007
Roseibium album	311410	S	826	33	859	0.00002
Roseibium alexandrii	388408	S	678	73	751	0.00002
Roseibium porphyridii	2866279	S	125	163	288	0.00001
Roseibium algicola	2857014	S	104	330	434	0.00001
uncultured Roseibium sp.	1936171	S	40	0	40	0.00000
Stappia sp.	1870903	S	4205	1174	5379	0.00015
Stappia sp. ES.058	1881061	S	886	73	959	0.00003
Stappia indica	538381	S	1059	901	1960	0.00006
Breoghania sp.	2065378	S	2203	133	2336	0.00007
Breoghania sp. L-A4	2304600	S	1229	64	1293	0.00004
Pannonibacter phragmitetus	121719	S	2313	3481	5794	0.00016
Labrenzia sp. PHM005	2590016	S	329	53	382	0.00001
Labrenzia sp. VG12	2021862	S	265	31	296	0.00001
Labrenzia sp. THAF35	2587854	S	158	648	806	0.00002
Labrenzia sp. THAF82	2587861	S	148	171	319	0.00001
Labrenzia sp. CP4	1674922	S	82	350	432	0.00001
Pseudovibrio brasiliensis	1898042	S	399	123	522	0.00001
Pseudovibrio sp. FO-BEG1	911045	S	307	108	415	0.00001
Ancylobacter sp.	1872567	S	1167	107	1274	0.00004
Ancylobacter sp. TS-1	1850374	S	1014	153	1167	0.00003
Ancylobacter sp. SL191	2995166	S	832	261	1093	0.00003
Ancylobacter sp. WKF20	3039801	S	684	219	903	0.00003
Ancylobacter sp. IITR112	3138073	S	17	19	36	0.00000
Ancylobacter polymorphus	223390	S	1119	467	1586	0.00004
Ancylobacter novellus	921	S	1019	115	1134	0.00003
Ancylobacter pratisalsi	1745854	S	842	102	944	0.00003
Xanthobacter dioxanivorans	2528964	S	2028	643	2671	0.00008
Xanthobacter autotrophicus	280	S	565	406	971	0.00003
Xanthobacter sp. YC-JY1	2419844	S	520	320	840	0.00002
Labrys okinawensis	346911	S	1792	166	1958	0.00005
Labrys sp. KNU-23	2789216	S	1676	54	1730	0.00005
Pseudolabrys taiwanensis	331696	S	1665	99	1764	0.00005
Pseudolabrys sp. FHR47	2562284	S	1364	78	1442	0.00004
Azorhizobium caulinodans	7	S	1374	108	1482	0.00004
Starkeya sp. ORNL1	2709380	S	1289	62	1351	0.00004
Aquabacter sp. L1I39	2820278	S	1263	38	1301	0.00004
Bosea sp. AS-1	2015316	S	2431	301	2732	0.00008
Bosea sp. UC22_33	3350165	S	1709	434	2143	0.00006
Bosea sp. F3-2	2599640	S	1422	186	1608	0.00005
Bosea sp. ANAM02	2020412	S	1315	295	1610	0.00005
Bosea sp. NBC_00550	2969621	S	1205	139	1344	0.00004
Bosea sp. PAMC 26642	1792307	S	1163	67	1230	0.00003
Bosea sp. Tri-49	1867715	S	1036	152	1188	0.00003
Bosea sp. 685	3080057	S	822	212	1034	0.00003
Bosea sp. RAC05	1842539	S	551	528	1079	0.00003
Bosea sp. (in: a-proteobacteria)	1871050	S	467	569	1036	0.00003
Bosea beijingensis	3068632	S	1264	391	1655	0.00005
Bosea vaviloviae	1526658	S	1098	321	1419	0.00004
Bosea vestrisii	151416	S	937	158	1095	0.00003
Aureimonas sp. SA4125	2826993	S	1283	75	1358	0.00004
Aureimonas sp. OT7	2816454	S	918	1909	2827	0.00008
Aureimonas sp. AU20	1349819	S	909	65	974	0.00003
Aureimonas phyllosphaerae	1166078	S	1075	257	1332	0.00004
Aureimonas populi	1701758	S	1046	96	1142	0.00003
Aureimonas ureilytica	401562	S	848	241	1089	0.00003
Aureimonas altamirensis	370622	S	836	158	994	0.00003
Aureimonas mangrovi	2758041	S	621	61	682	0.00002
Martelella sp. AD-3	686597	S	813	2140	2953	0.00008
Martelella endophytica	1486262	S	1383	125	1508	0.00004
Martelella mediterranea	293089	S	1259	1095	2354	0.00007
Martelella lutilitoris	2583532	S	792	707	1499	0.00004
uncultured Martelella sp.	392331	S	56	0	56	0.00000
Antarcticirhabdus aurantiaca	2606717	S	1393	169	1562	0.00004
Jiella pelagia	2986949	S	1173	68	1241	0.00003
Aurantimonas sp. HBX-1	2906072	S	912	101	1013	0.00003
Methylocystis sp. JAN1	3397211	S	681	54	735	0.00002
Methylocystis sp. SC2	187303	S	611	117	728	0.00002
Methylocystis sp. MJC1	2654282	S	418	114	532	0.00001
Methylocystis sp. SB2	743836	S	106	282	388	0.00001
Methylocystis parvus	134	S	1391	126	1517	0.00004
Methylocystis iwaonis	2885079	S	1030	178	1208	0.00003
Methylocystis heyeri	391905	S	963	54	1017	0.00003
Methylocystis bryophila	655015	S	875	120	995	0.00003
Methylocystis echinoides	29468	S	655	41	696	0.00002
Methylocystis rosea	173366	S	487	512	999	0.00003
Methylosinus sporium	428	S	1466	936	2402	0.00007
Methylosinus sp. C49	2699395	S	502	624	1126	0.00003
Hyphomicrobium sp. DMF-1	3019544	S	1028	25	1053	0.00003
Hyphomicrobium sp. ghe19	2682968	S	893	49	942	0.00003
Hyphomicrobium sp. 1Nfss2.1	3413936	S	722	27	749	0.00002
Hyphomicrobium sp. MC1	717785	S	265	63	328	0.00001
Hyphomicrobium sp. DY-1	3075650	S	164	442	606	0.00002
Hyphomicrobium sp. B1	3075651	S	55	204	259	0.00001
Hyphomicrobium sp. MC8b	300273	S	33	126	159	0.00000
Hyphomicrobium denitrificans	53399	S	899	85	984	0.00003
Hyphomicrobium nitrativorans	1427356	S	759	37	796	0.00002
Rhodomicrobium vannielii	1069	S	898	65	963	0.00003
Rhodomicrobium lacus	2498452	S	601	48	649	0.00002
Methyloligella sp. GL2	2742204	S	1029	31	1060	0.00003
Methyloceanibacter caenitepidi	1384459	S	413	95	508	0.00001
Methyloceanibacter sp. wino2	2170729	S	392	98	490	0.00001
Candidatus Filomicrobium marinum	1608628	S	369	17	386	0.00001
Methylovirgula ligni	569860	S	3880	239	4119	0.00012
Methylovirgula sp. 4M-Z18	2293567	S	840	15	855	0.00002
Methylovirgula sp. HY1	2822761	S	699	12	711	0.00002
Methylocella tundrae	227605	S	1020	34	1054	0.00003
Methylocella silvestris	199596	S	866	35	901	0.00003
Methylocapsa polymorpha	3080828	S	861	35	896	0.00003
Methylocapsa sp. D3K7	3041435	S	697	47	744	0.00002
Beijerinckia indica	533	S	592	25	617	0.00002
Bartonella sp. DGB1	3239807	S	508	22	530	0.00001
Bartonella sp. C271	3070220	S	398	60	458	0.00001
Bartonella sp. TP	3057550	S	212	5	217	0.00001
Bartonella sp. DGB2	3388426	S	207	10	217	0.00001
Bartonella sp. WD16.2	1933904	S	180	34	214	0.00001
Bartonella sp. HY406	2979331	S	103	549	652	0.00002
Bartonella sp. HY761	2979330	S	74	387	461	0.00001
Bartonella sp. 1-1C	515256	S	61	57	118	0.00000
Bartonella sp. HY038	2759660	S	59	298	357	0.00001
Bartonella apihabitans	2750929	S	642	53	695	0.00002
Bartonella grahamii	33045	S	458	138	596	0.00002
Bartonella henselae	38323	S	431	52	483	0.00001
Bartonella choladocola	2750995	S	371	35	406	0.00001
Bartonella ancashensis	1318743	S	342	30	372	0.00001
Bartonella bovis	155194	S	300	33	333	0.00001
Bartonella bacilliformis	774	S	281	25	306	0.00001
Bartonella vinsonii	33047	S	250	41	291	0.00001
Bartonella krasnovii	2267275	S	247	49	296	0.00001
Bartonella quintana	803	S	208	14	222	0.00001
Bartonella machadoae	2893471	S	205	44	249	0.00001
Bartonella harrusi	2961895	S	204	56	260	0.00001
Bartonella australis	388640	S	170	10	180	0.00001
Bartonella birtlesii	111504	S	165	82	247	0.00001
Bartonella clarridgeiae	56426	S	150	18	168	0.00000
Bartonella alsatica	52764	S	148	14	162	0.00000
Bartonella schoenbuchensis	165694	S	139	27	166	0.00000
Bartonella gliris	3004109	S	138	54	192	0.00001
Bartonella heixiaziensis	1461000	S	130	62	192	0.00001
Bartonella tribocorum	85701	S	118	129	247	0.00001
Bartonella elizabethae	807	S	101	168	269	0.00001
Bartonella taylorii	33046	S	96	43	139	0.00000
Bartonella kosoyi	2133959	S	42	115	157	0.00000
Reyranella sp.	1929291	S	7750	178	7928	0.00022
Pyruvatibacter mobilis	1712261	S	2123	89	2212	0.00006
Kaustia mangrovi	2593653	S	1291	42	1333	0.00004
Tepidicaulis sp.	1920809	S	941	911	1852	0.00005
Parvibaculum lavamentivorans	256618	S	900	465	1365	0.00004
Candidatus Phaeomarinibacter ectocarpi	1458461	S	559	5	564	0.00002
Anderseniella sp. Alg231-50	1922226	S	558	7	565	0.00002
Oricola indica	2872591	S	1400	288	1688	0.00005
Oricola thermophila	2742145	S	917	51	968	0.00003
Oricola sp.	1979950	S	811	32	843	0.00002
Roseitalea porphyridii	1852022	S	1472	87	1559	0.00004
Oceaniradius stylonematis	2184161	S	903	837	1740	0.00005
Ahrensia marina	1514904	S	587	5	592	0.00002
Nordella sp. HKS 07	2712222	S	1444	21	1465	0.00004
Enhydrobacter sp.	1894999	S	1385	44	1429	0.00004
Pseudorhodoplanes sinuspersici	1235591	S	1097	33	1130	0.00003
Terrihabitans soli	708113	S	771	32	803	0.00002
Candidatus Hodgkinia cicadicola	573658	S	373	0	373	0.00001
Candidatus Endowatersipora endosymbiont of Watersipora subatra	3077946	S	134	1	135	0.00000
uncultured Pleomorphomonas sp.	442121	S	2227	851	3078	0.00009
Pleomorphomonas sp. PLEO	3239306	S	1154	86	1240	0.00003
Hartmannibacter diazotrophicus	1482074	S	1630	322	1952	0.00005
Acuticoccus sp. I52.16.1	2928472	S	1518	78	1596	0.00004
Acuticoccus sp. MNP-M23	3072793	S	1169	56	1225	0.00003
Acuticoccus sp.	1904378	S	1093	25	1118	0.00003
Phreatobacter stygius	1940610	S	1498	72	1570	0.00004
Phreatobacter cathodiphilus	1868589	S	1157	113	1270	0.00004
Phreatobacter aquaticus	2570229	S	1062	73	1135	0.00003
Cohaesibacter marisflavi	655353	S	970	114	1084	0.00003
Cohaesibacter sp. ES.047	1798205	S	923	53	976	0.00003
uncultured Cohaesibacter sp.	1002546	S	663	73	736	0.00002
Chelatococcus sp. CO-6	1702325	S	1130	442	1572	0.00004
Chelatococcus daeguensis	444444	S	655	231	886	0.00002
Kaistia sp. 32K	2795690	S	1477	136	1613	0.00005
Bauldia sp.	2575872	S	695	11	706	0.00002
Blastochloris tepida	2233851	S	873	119	992	0.00003
Blastochloris viridis	1079	S	771	82	853	0.00002
Chenggangzhangella methanolivorans	1437009	S	1311	53	1364	0.00004
Salinarimonas sp.	2766526	S	1187	86	1273	0.00004
Alsobacter sp. KACC 23698	3149229	S	1121	80	1201	0.00003
Terrirubrum flagellatum	2895980	S	1052	19	1071	0.00003
Rhodoligotrophos ferricapiens	3069264	S	1019	14	1033	0.00003
Lichenihabitans psoromatis	2528642	S	403	133	536	0.00002
Lichenihabitans sp. PAMC28606	2880932	S	258	101	359	0.00001
Afifella sp. YEN Y35	3388337	S	872	167	1039	0.00003
Methyloraptor flagellatus	3162530	S	856	67	923	0.00003
Aestuariivirga sp.	2650926	S	818	17	835	0.00002
Coralliovum pocilloporae	3066369	S	631	11	642	0.00002
Salaquimonas pukyongi	2712698	S	539	9	548	0.00002
Paracoccus sp. SCSIO 75233	3017782	S	1386	2608	3994	0.00011
Paracoccus sp. SJTW-4	3078428	S	1341	1731	3072	0.00009
Paracoccus sp. TOH	1263728	S	1322	859	2181	0.00006
Paracoccus sp. S3-43	3030011	S	1219	846	2065	0.00006
Paracoccus sp. MC1862	2760307	S	1177	43	1220	0.00003
Paracoccus sp. ME4	3138066	S	1046	146	1192	0.00003
Paracoccus sp. AK26	2589076	S	1024	128	1152	0.00003
Paracoccus sp. MA	2895796	S	984	875	1859	0.00005
Paracoccus sp. Arc7-R13	2500532	S	140	337	477	0.00001
Paracoccus sp. TD-10	3395918	S	58	1105	1163	0.00003
Paracoccus yeei	147645	S	2302	2910	5212	0.00015
Paracoccus alcaliphilus	34002	S	1725	751	2476	0.00007
Paracoccus aminophilus	34003	S	1653	420	2073	0.00006
Paracoccus denitrificans	266	S	1636	929	2565	0.00007
Paracoccus albus	3017784	S	1598	642	2240	0.00006
Paracoccus aminovorans	34004	S	1594	275	1869	0.00005
Paracoccus jeotgali	2065379	S	1452	165	1617	0.00005
Paracoccus methylovorus	2812658	S	1443	357	1800	0.00005
Paracoccus zhejiangensis	1077935	S	1431	519	1950	0.00005
Paracoccus sediminicola	3017783	S	1372	609	1981	0.00006
Paracoccus versutus	34007	S	1361	1419	2780	0.00008
Paracoccus fistulariae	658446	S	1309	1189	2498	0.00007
Paracoccus marcusii	59779	S	1288	643	1931	0.00005
Paracoccus liaowanqingii	2560053	S	1200	40	1240	0.00003
Paracoccus aestuarii	453842	S	1144	94	1238	0.00003
Paracoccus homiensis	364199	S	1114	305	1419	0.00004
Paracoccus stylophorae	659350	S	1107	670	1777	0.00005
Paracoccus contaminans	1945662	S	1106	161	1267	0.00004
Paracoccus tegillarcae	1529068	S	1105	49	1154	0.00003
Paracoccus seriniphilus	184748	S	1102	43	1145	0.00003
Paracoccus aerodenitrificans	3017781	S	1100	2202	3302	0.00009
Paracoccus kondratievae	135740	S	1062	499	1561	0.00004
Paracoccus sanguinis	1545044	S	862	195	1057	0.00003
Paracoccus suum	2259340	S	842	201	1043	0.00003
Paracoccus saliphilus	405559	S	827	30	857	0.00002
Paracoccus actinidiae	3064531	S	544	107	651	0.00002
Paracoccus pantotrophus	82367	S	478	3507	3985	0.00011
Paracoccus everestensis	2903900	S	390	126	516	0.00001
Paracoccus albicereus	2922394	S	116	0	116	0.00000
Paracoccus mutanolyticus	1499308	S	102	317	419	0.00001
Thioclava sp. FR2	3445780	S	829	41	870	0.00002
Thioclava sp. 'Guangxiensis'	3149044	S	161	345	506	0.00001
Thioclava sp. GXIMD2076	3131931	S	143	383	526	0.00001
Thioclava sp. GXIMD4216	3131929	S	97	499	596	0.00002
Thioclava sp. GXIMD4215	3131928	S	94	422	516	0.00001
Thioclava nitratireducens	1915078	S	1179	647	1826	0.00005
Thioclava electrotropha	1549850	S	804	69	873	0.00002
Thioclava litoralis	3076557	S	59	340	399	0.00001
Cereibacter sphaeroides	1063	S	2375	281	2656	0.00007
Cereibacter azotoformans	43057	S	1347	680	2027	0.00006
Cereibacter changlensis	402884	S	1115	85	1200	0.00003
Tabrizicola sp. M-4	3055847	S	1411	471	1882	0.00005
Tabrizicola sp. BL-A-41-H6	3421107	S	1069	44	1113	0.00003
Tabrizicola sp.	2005166	S	939	38	977	0.00003
Tabrizicola piscis	2494374	S	936	288	1224	0.00003
Pseudooceanicola sp. LIPI14-2-Ac024	3344875	S	997	79	1076	0.00003
Pseudooceanicola spongiae	2613965	S	884	52	936	0.00003
Pseudooceanicola nitratireducens	517719	S	815	239	1054	0.00003
Pseudooceanicola algae	1537215	S	752	40	792	0.00002
Pseudooceanicola atlanticus	1461694	S	652	59	711	0.00002
Rhodovulum sp. P5	1564506	S	1215	116	1331	0.00004
Rhodovulum sp. HP10	3387397	S	156	636	792	0.00002
Rhodovulum sp. MB263	308754	S	61	249	310	0.00001
Rhodovulum sulfidophilum	35806	S	744	400	1144	0.00003
Yoonia sp. TsM2_T14_4	3415141	S	510	39	549	0.00002
Yoonia sp. R78084	3093869	S	499	36	535	0.00002
Yoonia vestfoldensis	245188	S	581	256	837	0.00002
Yoonia rhodophyticola	3137370	S	548	9	557	0.00002
Yoonia phaeophyticola	3137369	S	482	18	500	0.00001
Yoonia algicola	3137368	S	396	83	479	0.00001
Aliiroseovarius crassostreae	154981	S	1657	93	1750	0.00005
Aliiroseovarius sp. M344	2867010	S	680	71	751	0.00002
Tritonibacter mobilis	379347	S	1289	1244	2533	0.00007
Tritonibacter scottomollicae	483013	S	561	79	640	0.00002
Tritonibacter sp. AK171	3048493	S	74	137	211	0.00001
Gymnodinialimonas ceratoperidinii	2856823	S	918	69	987	0.00003
Gymnodinialimonas sp. 57CJ19	3138498	S	812	24	836	0.00002
Limimaricola variabilis	1492771	S	788	322	1110	0.00003
Limimaricola sp. AA108-03	3425945	S	779	141	920	0.00003
Limimaricola hongkongensis	278132	S	69	0	69	0.00000
Pontivivens nitratireducens	2758038	S	867	221	1088	0.00003
Pontivivens ytuae	2789856	S	783	23	806	0.00002
Paroceanicella profunda	2579971	S	1565	544	2109	0.00006
Pseudogemmobacter blasticus	1075	S	1353	64	1417	0.00004
Gemmobacter fulvus	2840474	S	1345	253	1598	0.00004
Pelagovum sp. HNIBRBA483	3233341	S	698	27	725	0.00002
Pelagovum pacificum	2588711	S	641	111	752	0.00002
Frigidibacter mobilis	1335048	S	1331	672	2003	0.00006
Roseinatronobacter sp. S2	3035471	S	813	26	839	0.00002
Roseinatronobacter bogoriensis	119542	S	430	19	449	0.00001
Marinibacterium sp. SX1	3388424	S	1221	97	1318	0.00004
Roseicitreum antarcticum	564137	S	1191	15	1206	0.00003
Polymorphum gilvum	991904	S	1161	706	1867	0.00005
Neotabrizicola shimadae	2807096	S	1123	251	1374	0.00004
Pikeienuella piscinae	2748098	S	1051	244	1295	0.00004
Pseudophaeobacter sp. TrK17	2815167	S	1032	462	1494	0.00004
Falsirhodobacter algicola	2692330	S	982	72	1054	0.00003
Vannielia sp. SX4	3463852	S	975	25	1000	0.00003
Nioella sp.	1912091	S	971	33	1004	0.00003
Pukyongiella litopenaei	2605946	S	965	345	1310	0.00004
Marivivens sp. LCG002	3051171	S	665	32	697	0.00002
Marivivens sp. JLT3646	1920883	S	291	49	340	0.00001
Fuscovulum ytuae	3042299	S	957	179	1136	0.00003
Parasedimentitalea psychrophila	2997337	S	547	32	579	0.00002
Parasedimentitalea marina	2483033	S	394	13	407	0.00001
Abyssibius alkaniclasticus	2881234	S	951	81	1032	0.00003
Paragemmobacter aquarius	2169400	S	943	198	1141	0.00003
Arenibacterium sp. LLYu02	3404132	S	942	245	1187	0.00003
Brevirhabdus pacifica	1267768	S	882	764	1646	0.00005
Cognatishimia activa	1715691	S	838	30	868	0.00002
Amaricoccus sp. B4	3368557	S	785	66	851	0.00002
Haematobacter massiliensis	195105	S	779	1106	1885	0.00005
Pseudoroseicyclus sp. CXY001	3242492	S	761	30	791	0.00002
Aquicoccus sp. G2-2	3092120	S	745	34	779	0.00002
Silicimonas algicola	1826607	S	740	14	754	0.00002
Algicella marina	2683284	S	737	14	751	0.00002
Pseudorhodobacter turbinis	2500533	S	730	28	758	0.00002
Profundibacter amoris	2171755	S	704	10	714	0.00002
Defluviimonas sp. SAOS-178_SWC	3121287	S	654	20	674	0.00002
Pacificitalea manganoxidans	1411902	S	652	226	878	0.00002
Fontisubflavum oceani	2978973	S	534	8	542	0.00002
Qingshengfaniella alkalisoli	2599296	S	506	20	526	0.00001
Planktomarina temperata	1284658	S	360	14	374	0.00001
Aestuariibius sp. HNIBRBA575	3233343	S	340	8	348	0.00001
Pseudopelagicola sp. nBUS_20	3395317	S	46	128	174	0.00000
Pseudopelagicola sp. nBUS_19	3395316	S	40	110	150	0.00000
Amylibacter sp. IMCC11727	3039851	S	263	4	267	0.00001
Sulfitobacter sp. SK011	1389004	S	894	13	907	0.00003
Sulfitobacter sp. THAF37	2587855	S	750	649	1399	0.00004
Sulfitobacter sp. S190	2867022	S	604	33	637	0.00002
Sulfitobacter sp. S223	2867023	S	583	9	592	0.00002
Sulfitobacter sp. SH22	3421172	S	574	39	613	0.00002
Sulfitobacter sp. SK012	1389005	S	487	8	495	0.00001
Sulfitobacter sp. W027	2867025	S	449	62	511	0.00001
Sulfitobacter sp. W002	2867024	S	354	152	506	0.00001
Sulfitobacter sp. BSw21498	664426	S	351	88	439	0.00001
Sulfitobacter sp. M368	2867021	S	198	138	336	0.00001
Sulfitobacter sp. DSM 110093	2883127	S	180	26	206	0.00001
Sulfitobacter sp. OXR-159	3100174	S	162	175	337	0.00001
Sulfitobacter sp. LC.270.F.C4	3079556	S	133	505	638	0.00002
Sulfitobacter sp. CB2047	1525218	S	69	187	256	0.00001
Sulfitobacter sp. W074	2867026	S	62	138	200	0.00001
Sulfitobacter sp. D7	1968541	S	58	214	272	0.00001
Sulfitobacter sp. TBRI5	2989732	S	56	265	321	0.00001
Sulfitobacter sp. JL08	2070369	S	31	130	161	0.00000
Sulfitobacter sp. TCYB15	3229275	S	29	65	94	0.00000
Sulfitobacter sp. PM12	3138497	S	26	79	105	0.00000
Sulfitobacter faviae	1775881	S	1098	738	1836	0.00005
Sulfitobacter alexandrii	1917485	S	943	1163	2106	0.00006
Sulfitobacter albidus	2829501	S	884	25	909	0.00003
Sulfitobacter mediterraneus	83219	S	851	242	1093	0.00003
Sulfitobacter rhodophyticola	3238304	S	716	23	739	0.00002
Sulfitobacter pontiacus	60137	S	454	1078	1532	0.00004
Sulfitobacter indolifex	225422	S	368	120	488	0.00001
Sulfitobacter dubius	218673	S	119	995	1114	0.00003
Sulfitobacter guttiformis	74349	S	12	0	12	0.00000
Roseovarius sp. Pro17	3108175	S	1001	6	1007	0.00003
Roseovarius sp.	1486281	S	915	103	1018	0.00003
Roseovarius sp. SCSIO 43702	2823043	S	782	39	821	0.00002
Roseovarius sp. THAF9	2587847	S	378	202	580	0.00002
Roseovarius sp. TM1035	391613	S	124	569	693	0.00002
Roseovarius sp. THAF8	2587846	S	123	235	358	0.00001
Roseovarius sp. THAF27	2587850	S	111	249	360	0.00001
Roseovarius indicus	540747	S	1805	659	2464	0.00007
Roseovarius pacificus	337701	S	758	25	783	0.00002
Roseovarius tolerans	74031	S	743	18	761	0.00002
Roseovarius faecimaris	2494550	S	534	9	543	0.00002
Roseovarius pelagicus	2980108	S	488	66	554	0.00002
Roseovarius phycicola	3080976	S	466	133	599	0.00002
Roseovarius confluentis	1852027	S	408	27	435	0.00001
Roseovarius mucosus	215743	S	349	515	864	0.00002
Roseovarius rhodophyticola	3080827	S	295	53	348	0.00001
Leisingera sp. S132	2867016	S	867	126	993	0.00003
Leisingera sp. M658	2867015	S	240	316	556	0.00002
Leisingera sp. NJS201	2508306	S	172	285	457	0.00001
Leisingera sp. M527	2867014	S	128	151	279	0.00001
Leisingera sp. NJS204	2508307	S	99	165	264	0.00001
Leisingera sp. M523	2867013	S	97	155	252	0.00001
Leisingera aquaemixtae	1396826	S	2188	440	2628	0.00007
Leisingera caerulea	506591	S	1274	205	1479	0.00004
Leisingera thetidis	2930199	S	815	162	977	0.00003
Leisingera methylohalidivorans	133924	S	643	68	711	0.00002
Phaeobacter inhibens	221822	S	1332	694	2026	0.00006
Phaeobacter gallaeciensis	60890	S	1159	947	2106	0.00006
Phaeobacter bryozoorum	1086632	S	465	78	543	0.00002
Phaeobacter piscinae	1580596	S	465	531	996	0.00003
Phaeobacter porticola	1844006	S	234	85	319	0.00001
Phaeobacter cretensis	3342641	S	214	1	215	0.00001
Phaeobacter sp. BS52	2907241	S	100	215	315	0.00001
Phaeobacter sp. BS23	2907239	S	12	148	160	0.00000
Ruegeria sp. B32	2867020	S	511	36	547	0.00002
Ruegeria sp. AD91A	2293862	S	462	55	517	0.00001
Ruegeria sp. SCSIO 43209	2793010	S	449	196	645	0.00002
Ruegeria sp. YS9	2966453	S	351	131	482	0.00001
Ruegeria sp. THAF33	2587853	S	283	197	480	0.00001
Ruegeria sp. TM1040	292414	S	120	484	604	0.00002
Ruegeria sp. PR1b	185588	S	77	31	108	0.00000
Ruegeria pomeroyi	89184	S	849	70	919	0.00003
Ruegeria conchae	981384	S	606	54	660	0.00002
Salipiger sp. CCB-MM3	1792508	S	1424	95	1519	0.00004
Salipiger abyssi	1250539	S	1153	1110	2263	0.00006
Salipiger profundus	1229727	S	1031	871	1902	0.00005
Celeribacter indicus	1208324	S	903	1191	2094	0.00006
Celeribacter ethanolicus	1758178	S	740	502	1242	0.00003
Celeribacter sp. SCSIO 80788	3117013	S	733	83	816	0.00002
Celeribacter baekdonensis	875171	S	547	182	729	0.00002
Celeribacter marinus	1397108	S	352	49	401	0.00001
Jannaschia sp. W003	2867012	S	982	42	1024	0.00003
Jannaschia sp. M317	2867011	S	772	28	800	0.00002
Jannaschia sp. CCS1	290400	S	474	4	478	0.00001
Jannaschia ovalis	3038773	S	846	37	883	0.00002
Thalassovita sp.	1979401	S	1858	105	1963	0.00006
Thalassobius sp. MITS945101	3096994	S	712	64	776	0.00002
Thalassovita gelatinovora	53501	S	465	19	484	0.00001
Roseobacter fucihabitans	1537242	S	646	8	654	0.00002
Roseobacter litoralis	42443	S	535	53	588	0.00002
Roseobacter algicola (ex Choi et al. 2025) (nom. illeg.)	3092138	S	518	32	550	0.00002
Roseobacter ponti	1891787	S	517	8	525	0.00001
Roseobacter denitrificans	2434	S	514	25	539	0.00002
Alloyangia pacifica	311180	S	1435	150	1585	0.00004
Alloyangia sp. H15	3029062	S	1257	119	1376	0.00004
Pseudosulfitobacter pseudonitzschiae	1402135	S	1659	1090	2749	0.00008
Pseudosulfitobacter sp. DSM 107133	2883100	S	521	426	947	0.00003
Pseudosulfitobacter sp. SM2401	3350098	S	455	6	461	0.00001
Ketogulonicigenium vulgare	92945	S	1757	1177	2934	0.00008
Ketogulonicigenium robustum	92947	S	844	60	904	0.00003
Sagittula sp. MA-2	3048007	S	407	687	1094	0.00003
Sagittula sp. P11	2009329	S	366	930	1296	0.00004
Sagittula stellata	52603	S	899	117	1016	0.00003
Roseivivax sp. THAF30	2587852	S	751	466	1217	0.00003
Roseivivax sp. THAF40	2587858	S	11	590	601	0.00002
Roseivivax marinus	1379903	S	874	146	1020	0.00003
Octadecabacter antarcticus	1217908	S	695	47	742	0.00002
Octadecabacter sp. SW4	2602067	S	488	172	660	0.00002
Octadecabacter arcticus	53946	S	423	31	454	0.00001
Octadecabacter temperatus	1458307	S	284	4	288	0.00001
Tateyamaria sp. SN3-11	3092147	S	656	13	669	0.00002
Tateyamaria sp. SN6-1	3092148	S	656	28	684	0.00002
Tateyamaria omphalii	299262	S	580	18	598	0.00002
Roseicyclus elongatus	159346	S	691	25	716	0.00002
Roseicyclus sp.	1914329	S	191	409	600	0.00002
Roseicyclus marinus	2161673	S	154	305	459	0.00001
Rhodophyticola sp. CCM32	2916397	S	890	17	907	0.00003
Rhodophyticola porphyridii	1852017	S	767	20	787	0.00002
Mameliella sp.	1924940	S	801	85	886	0.00002
Mameliella alba	561184	S	740	248	988	0.00003
Marinovum algicola	42444	S	1588	388	1976	0.00006
Palleronia sp. LCG004	3079304	S	1025	20	1045	0.00003
Palleronia sp. THAF1	2587842	S	490	12	502	0.00001
Ponticoccus alexandrii	1943633	S	1402	146	1548	0.00004
Shimia sp. MIT910701	3096987	S	611	104	715	0.00002
Shimia sp. MIT1388	3096992	S	474	70	544	0.00002
Oceanicola sp. D3	2587163	S	1170	38	1208	0.00003
Dinoroseobacter shibae	215813	S	1113	791	1904	0.00005
Falsihalocynthiibacter arcticus	1579316	S	584	13	597	0.00002
Falsihalocynthiibacter sp. SS001	3349698	S	511	13	524	0.00001
Loktanella salsilacus	195913	S	1082	43	1125	0.00003
Actibacterium sp. EMB200-NS6	1609966	S	1025	897	1922	0.00005
Antarctobacter heliothermus	74033	S	911	22	933	0.00003
Thalassococcus sp. S3	2017482	S	877	9	886	0.00002
Pelagimonas varians	696760	S	812	52	864	0.00002
Seohaeicola saemankumensis	481181	S	27	744	771	0.00002
Thalassobacter stenotrophicus	266809	S	733	15	748	0.00002
Tropicibacter oceani	3058420	S	683	26	709	0.00002
Marivita sp.	2003365	S	454	15	469	0.00001
Lentibacter algarum	576131	S	370	37	407	0.00001
Aliisedimentitalea scapharcae	1524259	S	327	37	364	0.00001
Algirhabdus cladophorae	3377108	S	276	2	278	0.00001
Rhodobacter capsulatus	1061	S	4490	261	4751	0.00013
Rhodobacter sp. CZR27	2033869	S	1189	105	1294	0.00004
Rhodobacter xanthinilyticus	1850250	S	918	455	1373	0.00004
Sphingomonas sp. C3-2	3062169	S	2494	79	2573	0.00007
Sphingomonas sp. DBB INV C78	3349434	S	1194	56	1250	0.00004
Sphingomonas sp. MM-1	745310	S	935	1466	2401	0.00007
Sphingomonas sp. AP4-R1	2735134	S	886	26	912	0.00003
Sphingomonas sp. MMS24-J13	3238686	S	880	16	896	0.00003
Sphingomonas sp. ASY06-1R	3445771	S	803	10	813	0.00002
Sphingomonas sp. LM7	1938607	S	799	28	827	0.00002
Sphingomonas sp. HT-1	3400348	S	766	121	887	0.00002
Sphingomonas sp. MMS12-HWE2-04	3234199	S	743	23	766	0.00002
Sphingomonas sp. NIBR02145	3014784	S	738	38	776	0.00002
Sphingomonas sp. LY54	3095343	S	721	23	744	0.00002
Sphingomonas sp. QA11	2950605	S	721	22	743	0.00002
Sphingomonas sp. Y38-1Y	3078265	S	719	34	753	0.00002
Sphingomonas sp. LY29	3095341	S	671	12	683	0.00002
Sphingomonas sp. MS122	3412683	S	669	33	702	0.00002
Sphingomonas sp. KC8	1030157	S	668	34	702	0.00002
Sphingomonas sp. 7/4-4	3018446	S	662	23	685	0.00002
Sphingomonas sp. Sphisp66	3243051	S	659	44	703	0.00002
Sphingomonas sp. SUN019	2937788	S	658	8	666	0.00002
Sphingomonas sp. R1	399176	S	647	122	769	0.00002
Sphingomonas sp. HMP6	1517551	S	629	17	646	0.00002
Sphingomonas sp. CL5.1	2653203	S	587	199	786	0.00002
Sphingomonas sp. SUN039	2937787	S	582	6	588	0.00002
Sphingomonas sp. Tas61C01	3458297	S	575	14	589	0.00002
Sphingomonas sp. So64.6b	2997354	S	568	10	578	0.00002
Sphingomonas sp.	28214	S	561	104	665	0.00002
Sphingomonas sp. KRR8	2942996	S	531	14	545	0.00002
Sphingomonas sp. CV7422	3018036	S	501	80	581	0.00002
Sphingomonas sp. FARSPH	2219696	S	500	202	702	0.00002
Sphingomonas sp. LHG3406-1	2804617	S	494	14	508	0.00001
Sphingomonas sp. M1-B02	3114300	S	476	8	484	0.00001
Sphingomonas sp. AAP5	1523415	S	470	136	606	0.00002
Sphingomonas sp. MMS24-J45	3238806	S	465	15	480	0.00001
Sphingomonas sp. J315	2898433	S	455	84	539	0.00002
Sphingomonas sp. NBWT7	2596913	S	455	114	569	0.00002
Sphingomonas sp. HDW15A	2714942	S	421	6	427	0.00001
Sphingomonas sp. S2-65	2903960	S	417	14	431	0.00001
Sphingomonas sp. NIC1	1961362	S	394	489	883	0.00002
Sphingomonas sp. S1-29	2991074	S	392	56	448	0.00001
Sphingomonas sp. HMP9	1517554	S	361	26	387	0.00001
Sphingomonas sp. Xoc002	2837624	S	358	175	533	0.00001
Sphingomonas sp. PAMC26645	2565555	S	338	24	362	0.00001
Sphingomonas sp. GlSt437	3389970	S	290	167	457	0.00001
Sphingomonas sp. VDB2	3228751	S	252	775	1027	0.00003
Sphingomonas sp. NY01	2968057	S	206	171	377	0.00001
Sphingomonas sp. IC081	304378	S	176	682	858	0.00002
Sphingomonas sp. LK11	1390395	S	23	1330	1353	0.00004
Sphingomonas sp. JE1	1628059	S	19	0	19	0.00000
Sphingomonas sp. LaA6.9	2919914	S	16	0	16	0.00000
Sphingomonas sp. ERG5	1381597	S	14	13	27	0.00000
Sphingomonas morindae	1541170	S	1225	62	1287	0.00004
Sphingomonas hankookensis	563996	S	1207	1657	2864	0.00008
Sphingomonas sanxanigenens	397260	S	1134	757	1891	0.00005
Sphingomonas aerolata	185951	S	996	55	1051	0.00003
Sphingomonas paucimobilis	13689	S	980	523	1503	0.00004
Sphingomonas abietis	3012344	S	871	40	911	0.00003
Sphingomonas nostoxanthinifaciens	2872652	S	862	26	888	0.00002
Sphingomonas naphthae	1813468	S	856	418	1274	0.00004
Sphingomonas leidyi	68569	S	850	617	1467	0.00004
Sphingomonas hengshuiensis	1609977	S	823	19	842	0.00002
Sphingomonas taxi	1549858	S	762	55	817	0.00002
Sphingomonas cannabina	2899123	S	695	71	766	0.00002
Sphingomonas insulae	424800	S	689	62	751	0.00002
Sphingomonas suaedae	2599297	S	687	18	705	0.00002
Sphingomonas panacis	1560345	S	682	16	698	0.00002
Sphingomonas piscis	2714943	S	644	8	652	0.00002
Sphingomonas qomolangmaensis	2918765	S	629	87	716	0.00002
Sphingomonas radiodurans	2890321	S	626	11	637	0.00002
Sphingomonas sanguinis	33051	S	609	181	790	0.00002
Sphingomonas alpina	653931	S	605	13	618	0.00002
Sphingomonas flavalba	2559804	S	600	605	1205	0.00003
Sphingomonas endolithica	2972485	S	585	11	596	0.00002
Sphingomonas ginsengisoli (ex An et al. 2013)	363835	S	574	29	603	0.00002
Sphingomonas glaciei	2938948	S	552	13	565	0.00002
Sphingomonas changnyeongensis	2698679	S	550	22	572	0.00002
Sphingomonas panacisoli	1813879	S	550	10	560	0.00002
Sphingomonas psychrotolerans	1327635	S	541	12	553	0.00002
Sphingomonas lacunae	2698828	S	540	13	553	0.00002
Sphingomonas lutea	1045317	S	532	12	544	0.00002
Sphingomonas paeninsulae	2319844	S	525	5	530	0.00001
Sphingomonas koreensis	93064	S	520	375	895	0.00003
Sphingomonas albertensis	2762591	S	502	38	540	0.00002
Sphingomonas donggukensis	2949093	S	499	14	513	0.00001
Sphingomonas rhizophila	2071607	S	487	34	521	0.00001
Sphingomonas yabuuchiae	172044	S	475	145	620	0.00002
Sphingomonas melonis	152682	S	439	733	1172	0.00003
Sphingomonas sabuli	2764186	S	431	10	441	0.00001
Sphingomonas flavescens	3132797	S	423	8	431	0.00001
Sphingomonas sinipercae	2714944	S	413	7	420	0.00001
Sphingomonas aliaeris	2759526	S	411	13	424	0.00001
Sphingomonas daechungensis	1176646	S	409	5	414	0.00001
Sphingomonas sediminicola	386874	S	409	5	414	0.00001
Sphingomonas parapaucimobilis	28213	S	371	65	436	0.00001
Sphingomonas kaistensis	298708	S	361	10	371	0.00001
Sphingomonas carotinifaciens	1166323	S	324	221	545	0.00002
Sphingomonas pseudosanguinis	413712	S	313	55	368	0.00001
Sphingomonas xanthus	2594473	S	307	20	327	0.00001
Sphingomonas bisphenolicum	296544	S	132	420	552	0.00002
Sphingomonas panni	237612	S	40	343	383	0.00001
Novosphingobium sp.	1874826	S	1249	31	1280	0.00004
Novosphingobium sp. BL-8A	3127639	S	1141	371	1512	0.00004
Novosphingobium sp. BL-8H	3127640	S	975	271	1246	0.00003
Novosphingobium sp. P6W	1609758	S	973	47	1020	0.00003
Novosphingobium sp. BL-52-GroH	3349877	S	821	43	864	0.00002
Novosphingobium sp. KACC 22771	3025670	S	814	24	838	0.00002
Novosphingobium sp. EMRT-2	2571749	S	802	630	1432	0.00004
Novosphingobium sp. 9	2025349	S	708	30	738	0.00002
Novosphingobium sp. THN1	1016987	S	508	38	546	0.00002
Novosphingobium sp. Gsoil 351	2675225	S	489	6	495	0.00001
Novosphingobium sp. ES2-1	2780074	S	447	102	549	0.00002
Novosphingobium sp. ZN18A2	3079861	S	439	10	449	0.00001
Novosphingobium sp. KA1	164608	S	326	1078	1404	0.00004
Novosphingobium sp. PP1Y	702113	S	310	132	442	0.00001
Novosphingobium sp. RL4	3109595	S	51	738	789	0.00002
Novosphingobium resinovorum	158500	S	1386	771	2157	0.00006
Novosphingobium humi	2282397	S	1248	41	1289	0.00004
Novosphingobium capsulatum	13688	S	1113	457	1570	0.00004
Novosphingobium kaempferiae	2896849	S	931	32	963	0.00003
Novosphingobium rhizosphaerae	1551649	S	689	43	732	0.00002
Novosphingobium decolorationis	2698673	S	667	300	967	0.00003
Novosphingobium olei	2728851	S	664	41	705	0.00002
Novosphingobium terrae	2726189	S	590	0	590	0.00002
Novosphingobium pentaromativorans	205844	S	570	465	1035	0.00003
Novosphingobium ginsenosidimutans	1176536	S	540	11	551	0.00002
Novosphingobium aromaticivorans	48935	S	462	139	601	0.00002
Novosphingobium aerophilum	2839843	S	48	749	797	0.00002
Stakelama saccharophila	3075605	S	589	11	600	0.00002
Stakelama tenebrarum	2711215	S	395	47	442	0.00001
Tardibacter chloracetimidivorans	1921510	S	667	763	1430	0.00004
Citromicrobium sp. JL477	1634516	S	665	78	743	0.00002
Sphingosinithalassobacter sp. CS137	2762748	S	193	194	387	0.00001
Sphingosinithalassobacter sp. LHW66-3	3424718	S	145	155	300	0.00001
Parablastomonas sp. CN1-191	3400908	S	511	20	531	0.00001
Hankyongella ginsenosidimutans	1763828	S	427	33	460	0.00001
Alterisphingorhabdus coralli	3071408	S	351	1	352	0.00001
Erythrobacter sp.	1042	S	1270	506	1776	0.00005
Erythrobacter sp. SDW2	2907154	S	837	69	906	0.00003
Erythrobacter sp. SCSIO 43205	2779361	S	782	48	830	0.00002
Erythrobacter sp. Alg231-14	1922225	S	690	9	699	0.00002
Erythrobacter sp. KY5	2011159	S	686	9	695	0.00002
Erythrobacter sp. 3-20A1M	2653850	S	616	178	794	0.00002
Erythrobacter sp. BLCC-B19	3025315	S	596	59	655	0.00002
Erythrobacter sp. THAF29	2587851	S	560	50	610	0.00002
Erythrobacter sp. HL-111	1798193	S	495	15	510	0.00001
Erythrobacter sp. HKB08	2502843	S	446	20	466	0.00001
Erythrobacter sp. JK5	2829500	S	418	53	471	0.00001
Erythrobacter sp. Dej080120_24	3024837	S	197	177	374	0.00001
Erythrobacter sp. W53	3425947	S	139	124	263	0.00001
Erythrobacter litoralis	39960	S	838	101	939	0.00003
Erythrobacter neustonensis	1112	S	462	31	493	0.00001
Erythrobacter aureus	2182384	S	421	10	431	0.00001
Erythrobacter mangrovi	2739433	S	339	47	386	0.00001
Erythrobacter aurantius	2909249	S	133	142	275	0.00001
Porphyrobacter sp. CACIAM 03H1	2003315	S	810	150	960	0.00003
Porphyrobacter sp. YT40	2547601	S	615	281	896	0.00003
Porphyrobacter sp. ULC335	2854260	S	590	37	627	0.00002
Porphyrobacter sp. HT-58-2	2023229	S	537	104	641	0.00002
Porphyrobacter sp. LM 6	1896196	S	471	254	725	0.00002
Qipengyuania sp. DGS2-2	3349631	S	616	8	624	0.00002
Qipengyuania sp.	2004515	S	413	108	521	0.00001
Qipengyuania sp. SS22	2979461	S	249	33	282	0.00001
Qipengyuania sp. DGS5-3	3349632	S	210	187	397	0.00001
Qipengyuania sp. GPGPB31	3023518	S	143	238	381	0.00001
Qipengyuania sp. R86523	3093862	S	115	156	271	0.00001
Qipengyuania flava	192812	S	1201	303	1504	0.00004
Qipengyuania seohaensis	266951	S	705	82	787	0.00002
Qipengyuania spongiae	2909673	S	551	137	688	0.00002
Qipengyuania sediminis	1532023	S	524	12	536	0.00002
Qipengyuania psychrotolerans	2867238	S	493	15	508	0.00001
Qipengyuania citrea	225971	S	491	216	707	0.00002
Qipengyuania gelatinilytica	2867231	S	489	31	520	0.00001
Qipengyuania aurantiaca	2867233	S	372	36	408	0.00001
Qipengyuania soli	2782568	S	320	12	332	0.00001
Qipengyuania profunda	3113984	S	279	195	474	0.00001
Qipengyuania nanhaisediminis	604088	S	265	7	272	0.00001
Qipengyuania aquimaris	255984	S	256	257	513	0.00001
Qipengyuania xiapuensis	2867236	S	161	162	323	0.00001
Altererythrobacter sp. B11	2060312	S	555	98	653	0.00002
Altererythrobacter sp. H2	3108391	S	545	123	668	0.00002
Altererythrobacter sp. TH136	2067415	S	527	47	574	0.00002
Altererythrobacter sp. ZODW24	2185142	S	391	3	394	0.00001
Altererythrobacter sp. GH1-8	3349333	S	347	58	405	0.00001
Altererythrobacter sp. BO-6	2604537	S	317	19	336	0.00001
Altererythrobacter ishigakiensis	476157	S	360	5	365	0.00001
Altererythrobacter epoxidivorans	361183	S	344	27	371	0.00001
Altererythrobacter arenosus	3032592	S	326	44	370	0.00001
Altererythrobacter rubellus	2173831	S	191	2	193	0.00001
Tsuneonella amylolytica	2338327	S	1744	110	1854	0.00005
Tsuneonella sp. CC-YZS046	3042152	S	630	63	693	0.00002
Tsuneonella flava	2055955	S	445	56	501	0.00001
Tsuneonella mangrovi	1982042	S	427	10	437	0.00001
Tsuneonella dongtanensis	692370	S	425	15	440	0.00001
Croceicoccus sp. YJ47	2798724	S	638	129	767	0.00002
Croceicoccus sp. Ery5	1703340	S	267	267	534	0.00001
Croceicoccus sp. Ery15	1703338	S	231	299	530	0.00001
Croceicoccus marinus	450378	S	1038	262	1300	0.00004
Croceicoccus naphthovorans	1348774	S	587	403	990	0.00003
Aurantiacibacter sp. MUD11	3003265	S	413	20	433	0.00001
Aurantiacibacter sp. MUD61	3009083	S	404	14	418	0.00001
Aurantiacibacter atlanticus	1648404	S	509	132	641	0.00002
Aurantiacibacter gangjinensis	502682	S	400	19	419	0.00001
Caenibius sp. WL	2872646	S	877	29	906	0.00003
Caenibius tardaugens	169176	S	826	179	1005	0.00003
Croceibacterium sp. TMG7-5b_MA50	3121290	S	806	13	819	0.00002
Croceibacterium atlanticum	1267766	S	495	77	572	0.00002
Croceibacterium aestuarii	3064139	S	407	14	421	0.00001
Pelagerythrobacter marensis	543877	S	889	91	980	0.00003
Pelagerythrobacter marinus	538382	S	587	279	866	0.00002
Pseudoblastomonas marina	1867408	S	370	65	435	0.00001
Pseudoblastomonas flavescens	3053610	S	306	21	327	0.00001
Parerythrobacter aurantius	3127706	S	607	45	652	0.00002
Paraurantiacibacter namhicola	645517	S	571	13	584	0.00002
Sphingobium sp. SYK-6	627192	S	1083	388	1471	0.00004
Sphingobium sp. CAP-1	2676077	S	664	419	1083	0.00003
Sphingobium sp. SCG-1	2072936	S	664	8	672	0.00002
Sphingobium sp. YG1	2082188	S	625	452	1077	0.00003
Sphingobium sp. KCTC 72723	2733867	S	621	27	648	0.00002
Sphingobium sp. EP60837	1855519	S	611	203	814	0.00002
Sphingobium sp. Cam5-1	2789327	S	596	302	898	0.00003
Sphingobium sp. AP49	1144307	S	569	42	611	0.00002
Sphingobium sp. R-21	3404056	S	545	18	563	0.00002
Sphingobium sp. JS3065	2970925	S	452	243	695	0.00002
Sphingobium sp. RAC03	1843368	S	440	47	487	0.00001
Sphingobium sp. MI1205	407020	S	436	591	1027	0.00003
Sphingobium sp. V4	3038927	S	424	57	481	0.00001
Sphingobium sp. CR28	3400272	S	423	5	428	0.00001
Sphingobium sp. SJ10-10	3114999	S	407	180	587	0.00002
Sphingobium sp. WTD-1	2979467	S	395	558	953	0.00003
Sphingobium sp. TKS	1315974	S	313	418	731	0.00002
Sphingobium sp. CFD-1	2878545	S	216	794	1010	0.00003
Sphingobium sp. DN12	3378073	S	181	403	584	0.00002
Sphingobium sp. AntQ-1	2930091	S	151	241	392	0.00001
Sphingobium sp. PAMC28499	2565554	S	130	144	274	0.00001
Sphingobium sp. YC-XJ3	3024245	S	76	483	559	0.00002
Sphingobium sp. YBL2	484429	S	54	432	486	0.00001
Sphingobium sp. CFD-2	2878542	S	52	220	272	0.00001
Sphingobium sp. RSMS	520734	S	34	172	206	0.00001
Sphingobium sp. LF-16	2185111	S	29	387	416	0.00001
Sphingobium sp. LB126	1983755	S	20	68	88	0.00000
Sphingobium yanoikuyae	13690	S	2169	3934	6103	0.00017
Sphingobium herbicidovorans	76947	S	788	666	1454	0.00004
Sphingobium naphthae	1886786	S	755	397	1152	0.00003
Sphingobium phenoxybenzoativorans	1592790	S	697	197	894	0.00003
Sphingobium baderi	1332080	S	642	1321	1963	0.00006
Sphingobium chlorophenolicum	46429	S	582	185	767	0.00002
Sphingobium xenophagum	121428	S	569	422	991	0.00003
Sphingobium cloacae	120107	S	523	839	1362	0.00004
Sphingobium amiense	135719	S	519	828	1347	0.00004
Sphingobium fuliginis	336203	S	259	1049	1308	0.00004
Sphingobium indicum	332055	S	155	192	347	0.00001
Sphingobium cupriresistens	1132417	S	124	303	427	0.00001
Sphingopyxis sp. DBS4	2968500	S	1903	1015	2918	0.00008
Sphingopyxis sp.	1908224	S	1429	90	1519	0.00004
Sphingopyxis sp. QXT-31	1357916	S	932	92	1024	0.00003
Sphingopyxis sp. YF1	2482763	S	810	91	901	0.00003
Sphingopyxis sp. OPL5	2486273	S	753	35	788	0.00002
Sphingopyxis sp. EG6	1874061	S	637	265	902	0.00003
Sphingopyxis sp. 113P3	292913	S	580	278	858	0.00002
Sphingopyxis sp. FD7	1914525	S	502	140	642	0.00002
Sphingopyxis sp. PAMC25046	2565556	S	497	110	607	0.00002
Sphingopyxis sp. PET50	2976533	S	494	35	529	0.00001
Sphingopyxis sp. USTB-05	2830667	S	477	60	537	0.00002
Sphingopyxis sp. BSN-002	2911495	S	394	15	409	0.00001
Sphingopyxis sp. J-6	3122054	S	303	53	356	0.00001
Sphingopyxis sp. GC21	2933562	S	191	663	854	0.00002
Sphingopyxis sp. MG	1866325	S	65	485	550	0.00002
Sphingopyxis macrogoltabida	33050	S	863	380	1243	0.00003
Sphingopyxis lindanitolerans	2054227	S	632	310	942	0.00003
Sphingopyxis granuli	267128	S	611	1140	1751	0.00005
Sphingopyxis indica	436663	S	609	437	1046	0.00003
Sphingopyxis chilensis	180400	S	525	16	541	0.00002
Sphingopyxis fribergensis	1515612	S	515	146	661	0.00002
Sphingopyxis alaskensis	117207	S	491	70	561	0.00002
uncultured Sphingopyxis sp.	310581	S	458	27	485	0.00001
Sphingopyxis kveilinensis	3114367	S	422	9	431	0.00001
Sphingopyxis terrae	33052	S	280	605	885	0.00002
Sphingorhabdus sp. YGSMI21	2077182	S	644	62	706	0.00002
Sphingorhabdus sp. M41	1806885	S	482	19	501	0.00001
Sphingorhabdus sp. SMR4y	2584094	S	448	49	497	0.00001
Sphingorhabdus sp.	1902408	S	446	22	468	0.00001
Sphingorhabdus sp. Alg231-15	1922222	S	293	9	302	0.00001
Sphingorhabdus lacus	392610	S	411	57	468	0.00001
Sphingorhabdus contaminans	1343899	S	382	57	439	0.00001
Sphingorhabdus lutea	1913578	S	280	4	284	0.00001
Parasphingorhabdus sp.	2709688	S	1157	64	1221	0.00003
Parasphingorhabdus sp. DH2-15	3444112	S	380	2	382	0.00001
Parasphingorhabdus litoris	394733	S	503	7	510	0.00001
Parasphingorhabdus cellanae	2806553	S	393	7	400	0.00001
Parasphingorhabdus halotolerans	2725558	S	366	8	374	0.00001
Novosphingopyxis sp.	2709690	S	653	6	659	0.00002
Novosphingopyxis iocasae	2762729	S	527	86	613	0.00002
Sphingosinicella microcystinivorans	335406	S	1586	407	1993	0.00006
Sphingosinicella sp. BN140058	1892855	S	809	8	817	0.00002
Polymorphobacter sp.	1909290	S	965	6	971	0.00003
Polymorphobacter sp. PAMC 29334	2862331	S	468	192	660	0.00002
Glacieibacterium sp.	2860237	S	794	12	806	0.00002
Glacieibacterium megasporae	2835787	S	567	251	818	0.00002
Sandaracinobacteroides saxicola	2759707	S	731	17	748	0.00002
Rhizorhabdus wittichii	160791	S	1236	623	1859	0.00005
Rhizorhabdus dicambivorans	1850238	S	1012	1007	2019	0.00006
Rhizorhabdus phycosphaerae	2711156	S	967	34	1001	0.00003
Alterirhizorhabdus profundi	2681549	S	1050	35	1085	0.00003
Sphingomicrobium flavum	1229164	S	550	7	557	0.00002
Sphingomicrobium aestuariivivum	1582356	S	530	19	549	0.00002
Sphingomicrobium maritimum	3133972	S	324	18	342	0.00001
Allosphingosinicella indica	941907	S	584	12	596	0.00002
Allosphingosinicella flava	2771430	S	473	10	483	0.00001
Blastomonas sp. SL216	2995169	S	690	31	721	0.00002
Blastomonas sp. RAC04	1842535	S	144	258	402	0.00001
Blastomonas sp.	1909299	S	108	214	322	0.00001
Blastomonas fulva	1550728	S	93	261	354	0.00001
Parasphingopyxis algicola	2026624	S	656	13	669	0.00002
Parasphingopyxis sp. CP4	2724527	S	376	7	383	0.00001
Zymomonas mobilis	542	S	860	125	985	0.00003
Aquisediminimonas profunda	1550733	S	422	2	424	0.00001
Azospirillum sp. TSH100	652764	S	1110	248	1358	0.00004
Azospirillum sp. B510	137722	S	884	135	1019	0.00003
Azospirillum sp. TSA2s	709810	S	790	506	1296	0.00004
Azospirillum sp. HJ39	3159496	S	761	348	1109	0.00003
Azospirillum sp. B2RO_4	3027796	S	727	253	980	0.00003
Azospirillum sp. A29	3160606	S	642	508	1150	0.00003
Azospirillum sp. TSH58	664962	S	597	450	1047	0.00003
Azospirillum sp. A26	3160607	S	579	292	871	0.00002
Azospirillum sp. A23	3160608	S	242	543	785	0.00002
Azospirillum thermophilum	2202148	S	2116	198	2314	0.00006
Azospirillum brasilense	192	S	1994	1319	3313	0.00009
Azospirillum doebereinerae	92933	S	1957	167	2124	0.00006
Azospirillum argentinense	2970906	S	1793	1577	3370	0.00009
Azospirillum thiophilum	528244	S	885	454	1339	0.00004
Azospirillum ramasamyi	682998	S	759	191	950	0.00003
Azospirillum humicireducens	1226968	S	755	194	949	0.00003
Azospirillum lipoferum	193	S	632	224	856	0.00002
Azospirillum oryzae	286727	S	622	406	1028	0.00003
Azospirillum formosense	861533	S	529	371	900	0.00003
Azospirillum baldaniorum	1064539	S	406	513	919	0.00003
Azospirillum melinis	328839	S	385	902	1287	0.00004
Skermanella rosea	1817965	S	1078	475	1553	0.00004
Skermanella cutis	2775420	S	1036	2033	3069	0.00009
Skermanella mucosa	1789672	S	1015	311	1326	0.00004
Skermanella pratensis	2233999	S	908	191	1099	0.00003
Niveispirillum cyanobacteriorum	1612173	S	1407	308	1715	0.00005
Niveispirillum fermenti	1233113	S	1356	191	1547	0.00004
Nitrospirillum viridazoti	3144925	S	2017	143	2160	0.00006
Indioceanicola profundi	2220096	S	1366	79	1445	0.00004
Magnetospirillum sp. ME-1	1639348	S	876	596	1472	0.00004
Magnetospirillum sp. XM-1	1663591	S	848	493	1341	0.00004
Magnetospirillum gryphiswaldense	55518	S	1372	89	1461	0.00004
Ferrovibrio sp.	1917215	S	2355	75	2430	0.00007
Ferrovibrio terrae	2594003	S	1055	33	1088	0.00003
Rhodospirillum centenum	34018	S	1501	124	1625	0.00005
Rhodospirillum rubrum	1085	S	1195	57	1252	0.00004
Aerophototrophica crusticola	1709002	S	1243	46	1289	0.00004
Pararhodospirillum photometricum	1084	S	724	28	752	0.00002
Defluviicoccus vanus	111831	S	642	69	711	0.00002
Candidatus Endolissoclinum faulkneri	1263979	S	396	1	397	0.00001
Thalassospira lucentensis	168935	S	1464	128	1592	0.00004
Thalassospira sp. GO-4	2946605	S	219	269	488	0.00001
Thalassospira sp. A40-3	2785908	S	208	129	337	0.00001
Thalassospira sp. B30-1	2785911	S	145	393	538	0.00002
Thalassospira sp. SN3W	3035476	S	96	279	375	0.00001
Thalassospira marina	2048283	S	776	21	797	0.00002
Thalassospira tepidiphila	393657	S	742	312	1054	0.00003
Thalassospira indica	1891279	S	587	364	951	0.00003
Thalassospira australica	1528106	S	583	64	647	0.00002
Thalassospira xiamenensis	220697	S	130	245	375	0.00001
Magnetospira sp. QH-2	1288970	S	794	12	806	0.00002
Thalassobaculum sp.	2022740	S	1285	213	1498	0.00004
Thalassobaculum sp. OXR-137	3100173	S	1241	343	1584	0.00004
Nisaea acidiphila	1862145	S	1162	71	1233	0.00003
Nisaea sp.	2024842	S	834	233	1067	0.00003
Pelagibius sp.	1931238	S	2840	49	2889	0.00008
Algihabitans albus	2164067	S	850	51	901	0.00003
Algihabitans sp.	2821514	S	774	41	815	0.00002
Hypericibacter adhaerens	2602016	S	1805	235	2040	0.00006
Hypericibacter terrae	2602015	S	1350	101	1451	0.00004
Caenispirillum salinarum	859058	S	1351	80	1431	0.00004
Haematospirillum jordaniae	1549855	S	604	14	618	0.00002
Stella humosa	94	S	1673	46	1719	0.00005
Paramagnetospirillum magneticum	84159	S	1347	647	1994	0.00006
Hwanghaeella sp.	2605943	S	805	4	809	0.00002
Aestuariispira ectoiniformans	2775080	S	486	7	493	0.00001
Zavarzinia sp. CC-PAN008	3243332	S	1188	23	1211	0.00003
Terasakiella sp. SH-1	2560057	S	571	497	1068	0.00003
Varunaivibrio sulfuroxidans	1773489	S	792	13	805	0.00002
Acetobacter aceti	435	S	1519	425	1944	0.00005
Acetobacter vaccinii	2592655	S	889	65	954	0.00003
Acetobacter pasteurianus	438	S	522	780	1302	0.00004
Acetobacter sp. KSO5	3373674	S	474	22	496	0.00001
Acetobacter sp. AC2005	3134142	S	21	40	61	0.00000
Acetobacter orientalis	146474	S	450	87	537	0.00002
Acetobacter ghanensis	431306	S	380	33	413	0.00001
Acetobacter persici	1076596	S	361	13	374	0.00001
Acetobacter ascendens	481146	S	256	104	360	0.00001
Acetobacter senegalensis	446692	S	123	56	179	0.00001
Acetobacter tropicalis	104102	S	120	57	177	0.00000
Acetobacter oryzoeni	2500548	S	80	331	411	0.00001
Acetobacter oryzifermentans	1633874	S	27	181	208	0.00001
Komagataeibacter xylinus	28448	S	1045	674	1719	0.00005
Komagataeibacter saccharivorans	265959	S	781	192	973	0.00003
Komagataeibacter oboediens	65958	S	572	398	970	0.00003
Komagataeibacter rhaeticus	215221	S	564	157	721	0.00002
Komagataeibacter medellinensis	1177712	S	429	347	776	0.00002
Komagataeibacter europaeus	33995	S	344	157	501	0.00001
Komagataeibacter diospyri	1932662	S	334	109	443	0.00001
Komagataeibacter nataicola	265960	S	318	155	473	0.00001
Komagataeibacter intermedius	66229	S	291	180	471	0.00001
Komagataeibacter sucrofermentans	1053551	S	270	167	437	0.00001
Gluconobacter oxydans	442	S	675	352	1027	0.00003
Gluconobacter cerinus	38307	S	604	219	823	0.00002
Gluconobacter thailandicus	257438	S	374	139	513	0.00001
Gluconobacter roseus	586239	S	291	165	456	0.00001
Gluconobacter sphaericus	574987	S	258	157	415	0.00001
Gluconobacter albidus	318683	S	248	150	398	0.00001
Gluconobacter japonicus	376620	S	217	82	299	0.00001
Gluconobacter frateurii	38308	S	198	86	284	0.00001
Rhodovastum atsumiense	504468	S	2468	65	2533	0.00007
Lichenicoccus sp.	2781899	S	2172	60	2232	0.00006
Lichenicola cladoniae	1484109	S	1087	22	1109	0.00003
Lichenicola sp.	2804529	S	859	46	905	0.00003
Pararoseomonas sp. SCSIO 73927	3114537	S	1812	444	2256	0.00006
Rhodopila sp.	2480087	S	1641	34	1675	0.00005
Granulibacter bethesdensis	364410	S	1626	79	1705	0.00005
Asaia sp. BMEF1	3155932	S	583	51	634	0.00002
Asaia bogorensis	91915	S	394	36	430	0.00001
Asaia lannensis	415421	S	314	140	454	0.00001
Nguyenibacter sp. L1	3049350	S	290	396	686	0.00002
Nguyenibacter vanlangensis	1216886	S	278	358	636	0.00002
Gluconacetobacter diazotrophicus	33996	S	1155	69	1224	0.00003
Acidibrevibacterium fodinaquatile	1969806	S	978	116	1094	0.00003
Kozakia baliensis	153496	S	825	114	939	0.00003
Novacetimonas hansenii	436	S	756	82	838	0.00002
Neoasaia chiangmaiensis	320497	S	628	35	663	0.00002
Commensalibacter melissae	2070537	S	558	20	578	0.00002
Formicincola oecophyllae	2558361	S	530	6	536	0.00002
Oecophyllibacter saccharovorans	2558360	S	421	5	426	0.00001
Parasaccharibacter apium	1510841	S	28	213	241	0.00001
Parasaccharibacter sp. TMW 2.1888	2268025	S	17	131	148	0.00000
Neokomagataea tanensis	661191	S	343	27	370	0.00001
Candidatus Kirkpatrickella diaphorinae	2984322	S	322	11	333	0.00001
Aristophania vespae	2697033	S	305	11	316	0.00001
Entomobacter blattae	2762277	S	285	7	292	0.00001
Swingsia samuiensis	1293412	S	163	26	189	0.00001
Teichococcus cervicalis	204525	S	2071	174	2245	0.00006
Roseomonas gilardii	257708	S	1954	306	2260	0.00006
Roseomonas cutis	2897332	S	1929	936	2865	0.00008
Roseomonas haemaphysalidis	2768162	S	1655	90	1745	0.00005
Roseomonas marmotae	2768161	S	1425	100	1525	0.00004
Roseomonas fluvialis	1750527	S	1248	31	1279	0.00004
Roseomonas sp. CCTCC AB2023176	3342640	S	1000	20	1020	0.00003
Roseomonas sp. FDAARGOS_362	2018065	S	54	1161	1215	0.00003
Roseomonas mucosa	207340	S	584	1560	2144	0.00006
Sediminicoccus sp. BL-A-41-H5	3421106	S	1085	316	1401	0.00004
Sediminicoccus sp. KRV36	3133721	S	1048	72	1120	0.00003
Sediminicoccus rosea	1225128	S	1134	327	1461	0.00004
Dankookia sp. P2	3423955	S	1905	97	2002	0.00006
Roseococcus microcysteis	2771361	S	1573	147	1720	0.00005
Muricoccus radiodurans	2231721	S	1353	67	1420	0.00004
Humitalea sp. 24SJ18S-53	3422307	S	1287	31	1318	0.00004
Acidisoma cladoniae	3040935	S	1430	24	1454	0.00004
Acidiphilium multivorum	62140	S	378	618	996	0.00003
Acidiphilium cryptum	524	S	77	271	348	0.00001
Acidiphilium acidophilum	76588	S	44	0	44	0.00000
Acidiphilium sp. PM	1043206	S	16	24	40	0.00000
Acidocella sp. MX-AZ03	2697363	S	1379	54	1433	0.00004
Elioraea tepida	2843330	S	808	12	820	0.00002
Brevundimonas sp. BH3	3133089	S	2808	1813	4621	0.00013
Brevundimonas sp.	1871086	S	2661	386	3047	0.00009
Brevundimonas sp. LM2	1938605	S	980	85	1065	0.00003
Brevundimonas sp. M20	2591463	S	813	60	873	0.00002
Brevundimonas sp. R86498	3093845	S	759	47	806	0.00002
Brevundimonas sp. NIBR11	3015999	S	752	54	806	0.00002
Brevundimonas sp. MF30-B	2561924	S	730	52	782	0.00002
Brevundimonas sp. NIBR10	3015997	S	701	54	755	0.00002
Brevundimonas sp. CEF1	3442642	S	698	316	1014	0.00003
Brevundimonas sp. PAMC22021	2861285	S	613	117	730	0.00002
Brevundimonas sp. S1H14	3078084	S	476	396	872	0.00002
Brevundimonas sp. SL130	2995143	S	428	69	497	0.00001
Brevundimonas sp. Bb-A	2560058	S	316	709	1025	0.00003
Brevundimonas sp. DS20	1532555	S	314	820	1134	0.00003
Brevundimonas sp. AJA228-03	2752515	S	312	30	342	0.00001
Brevundimonas sp. SGAir0440	2579977	S	151	97	248	0.00001
Brevundimonas sp. C43	3068314	S	127	464	591	0.00002
Brevundimonas sp. LF-1	3126100	S	123	265	388	0.00001
Brevundimonas sp. GW460-12-10-14-LB2	1827469	S	109	170	279	0.00001
Brevundimonas sp. 'scallop'	2562582	S	63	120	183	0.00001
Brevundimonas vesicularis	41276	S	2029	2536	4565	0.00013
Brevundimonas diminuta	293	S	1688	2434	4122	0.00012
Brevundimonas subvibrioides	74313	S	1553	419	1972	0.00006
Brevundimonas bullata	13160	S	986	363	1349	0.00004
Brevundimonas albigilva	1312364	S	830	529	1359	0.00004
Brevundimonas nasdae	172043	S	746	640	1386	0.00004
Brevundimonas staleyi	74326	S	716	145	861	0.00002
Brevundimonas pondensis	2774189	S	650	217	867	0.00002
Brevundimonas naejangsanensis	588932	S	624	746	1370	0.00004
Brevundimonas olei	657642	S	601	165	766	0.00002
Brevundimonas goettingensis	2774190	S	577	43	620	0.00002
Brevundimonas intermedia	74315	S	509	108	617	0.00002
Brevundimonas mediterranea	74329	S	504	153	657	0.00002
Brevundimonas vitisensis	2800818	S	391	24	415	0.00001
Brevundimonas fontaquae	2813778	S	102	91	193	0.00001
Brevundimonas sanguinis	3021811	S	98	281	379	0.00001
Brevundimonas vancanneytii	1325724	S	77	361	438	0.00001
Caulobacter sp. 73W	3161137	S	1014	162	1176	0.00003
Caulobacter sp. NIBR1757	3016000	S	999	79	1078	0.00003
Caulobacter sp. RL271	3458546	S	959	223	1182	0.00003
Caulobacter sp. NIBR2454	3015996	S	873	215	1088	0.00003
Caulobacter sp. UC70_42	3374551	S	828	498	1326	0.00004
Caulobacter sp.	78	S	762	193	955	0.00003
Caulobacter sp. FWC26	69665	S	541	416	957	0.00003
Caulobacter sp. ErkDOM-E	3402778	S	518	464	982	0.00003
Caulobacter segnis	88688	S	1540	298	1838	0.00005
Caulobacter flavus	1679497	S	1326	178	1504	0.00004
Caulobacter mirabilis	69666	S	1228	126	1354	0.00004
Caulobacter vibrioides	155892	S	1176	332	1508	0.00004
Caulobacter rhizosphaerae	2010972	S	1059	116	1175	0.00003
Caulobacter soli	2708539	S	870	113	983	0.00003
Caulobacter henricii	69395	S	816	91	907	0.00003
Phenylobacterium sp. NIBR 498073	3015177	S	1186	129	1315	0.00004
Phenylobacterium sp. LH3H17	2903901	S	1158	84	1242	0.00003
Phenylobacterium sp.	1871053	S	797	41	838	0.00002
Phenylobacterium montanum	2823693	S	1527	89	1616	0.00005
Phenylobacterium zucineum	284016	S	1231	291	1522	0.00004
Phenylobacterium parvum	2201350	S	659	31	690	0.00002
Asticcacaulis sp. AND118	2840468	S	835	84	919	0.00003
Asticcacaulis sp. MM231	3157666	S	724	187	911	0.00003
Asticcacaulis sp. ZE23SCel15	3059027	S	670	61	731	0.00002
Asticcacaulis sp. DW145	3095608	S	431	120	551	0.00002
Asticcacaulis sp. SL142	2995155	S	400	38	438	0.00001
Asticcacaulis solisilvae	1217274	S	1473	53	1526	0.00004
Asticcacaulis excentricus	78587	S	973	180	1153	0.00003
Terricaulis silvestris	2686094	S	537	12	549	0.00002
Wolbachia endosymbiont of Litomosoides sigmodontis	80850	S	293	7	300	0.00001
Wolbachia endosymbiont of Ctenocephalides felis wCfeJ	2732594	S	277	7	284	0.00001
Wolbachia endosymbiont (group E) of Neria commutata	3066149	S	267	11	278	0.00001
Wolbachia endosymbiont of Ctenocephalides felis wCfeT	2732593	S	261	9	270	0.00001
Wolbachia endosymbiont of Cantharis cryptica	3066132	S	194	6	200	0.00001
Wolbachia endosymbiont of Cruorifilaria tuberocauda	1812111	S	183	4	187	0.00001
Wolbachia endosymbiont of Dipetalonema caudispina	1812112	S	170	4	174	0.00000
Wolbachia endosymbiont of Dirofilaria (Dirofilaria) immitis	1812115	S	140	3	143	0.00000
Wolbachia endosymbiont of Armadillidium arcangelii	3158571	S	134	9	143	0.00000
Wolbachia endosymbiont of Onchocerca ochengi	100901	S	124	97	221	0.00001
Wolbachia endosymbiont of Folsomia candida	169402	S	115	3	118	0.00000
Wolbachia endosymbiont of Howardula sp.	2916816	S	115	2	117	0.00000
Wolbachia endosymbiont of Oedothorax gibbosus	931100	S	88	19	107	0.00000
Wolbachia endosymbiont of Chironomus riparius	2883238	S	86	0	86	0.00000
Wolbachia endosymbiont (group A) of Conops quadrifasciatus	3066143	S	84	32	116	0.00000
Wolbachia endosymbiont of Cimex lectularius	246273	S	76	1	77	0.00000
Wolbachia endosymbiont (group B) of Gerris lacustris	3066159	S	60	13	73	0.00000
Wolbachia endosymbiont (group B) of Apotomis turbidana	2953983	S	58	729	787	0.00002
Wolbachia endosymbiont of Rhagoletis cingulata	1220542	S	58	52	110	0.00000
Wolbachia endosymbiont (group B) of Chorthippus parallelus	2953997	S	55	75	130	0.00000
Wolbachia endosymbiont (group A) of Myopa testacea	3066148	S	42	40	82	0.00000
Wolbachia endosymbiont (group A) of Pipizella viduata	3066154	S	40	55	95	0.00000
Wolbachia endosymbiont (group B) of Apotomis betuletana	2953982	S	40	267	307	0.00001
Wolbachia endosymbiont of Aedes albopictus	167957	S	33	8	41	0.00000
Wolbachia endosymbiont of Anurida maritima	2850562	S	30	8	38	0.00000
Wolbachia endosymbiont (group A) of Philonthus cognatus	2954046	S	27	57	84	0.00000
Wolbachia endosymbiont of Diaphorina citri	116598	S	26	13	39	0.00000
Wolbachia endosymbiont (group A) of Scambus nigricans	2954055	S	26	21	47	0.00000
Wolbachia endosymbiont of Anopheles demeilloni	2748871	S	25	4	29	0.00000
Wolbachia endosymbiont (group A) of Icerya purchasi	2954019	S	25	13	38	0.00000
Wolbachia endosymbiont of Tetranychus urticae	169184	S	23	5	28	0.00000
Wolbachia endosymbiont (group A) of Campoletis raptor	3066196	S	21	120	141	0.00000
Wolbachia endosymbiont (group A) of Nomada rufipes	3077923	S	20	682	702	0.00002
Wolbachia endosymbiont of Onchocerca volvulus	77551	S	19	14	33	0.00000
Wolbachia endosymbiont (group A) of Pogonocherus hispidulus	3066136	S	17	16	33	0.00000
Wolbachia endosymbiont (group A) of Crataerina pallida	3066144	S	17	49	66	0.00000
Wolbachia endosymbiont of Trichogramma pretiosum	125593	S	17	0	17	0.00000
Wolbachia endosymbiont of Psylliodes chrysocephala	2883236	S	16	16	32	0.00000
Wolbachia endosymbiont (group A) of Epistrophe grossularia	2954008	S	16	51	67	0.00000
Wolbachia endosymbiont (group B) of Longitarsus flavicornis	3066135	S	15	19	34	0.00000
Wolbachia endosymbiont (group B) of Limnophora tigrina	3139317	S	14	4	18	0.00000
Wolbachia endosymbiont of Bemisia tabaci	215173	S	13	6	19	0.00000
Wolbachia endosymbiont (group B) of Villa cingulata	3066157	S	11	7	18	0.00000
Wolbachia endosymbiont (group A) of Agelastica alni	3066130	S	11	31	42	0.00000
Wolbachia endosymbiont of Encarsia formosa	77125	S	10	3	13	0.00000
Wolbachia endosymbiont (group B) of Germaria angustata	3077916	S	10	6	16	0.00000
Wolbachia pipientis	955	S	141	217	358	0.00001
Candidatus Wolbachia massiliensis	1845000	S	72	2	74	0.00000
Ehrlichia ruminantium	779	S	746	29	775	0.00002
Ehrlichia canis	944	S	463	29	492	0.00001
Ehrlichia chaffeensis	945	S	309	3	312	0.00001
Ehrlichia muris	35795	S	276	71	347	0.00001
Ehrlichia japonica	391036	S	175	98	273	0.00001
Ehrlichia sennetsu	951	S	30	9	39	0.00000
Anaplasma marginale	770	S	239	42	281	0.00001
Anaplasma phagocytophilum	948	S	202	4	206	0.00001
Anaplasma ovis	142058	S	108	1	109	0.00000
Anaplasma platys	949	S	103	5	108	0.00000
Anaplasma centrale	769	S	67	21	88	0.00000
Candidatus Mesenet endosymbiont of Phosphuga atrata	3066221	S	214	86	300	0.00001
Candidatus Mesenet endosymbiont of Agriotes lineatus	3077948	S	176	104	280	0.00001
Neoehrlichia mikurensis	89586	S	515	26	541	0.00002
Neorickettsia helminthoeca	33994	S	137	5	142	0.00000
Neorickettsia findlayensis	2686014	S	101	33	134	0.00000
Neorickettsia risticii	950	S	56	24	80	0.00000
Rickettsia asembonensis	1068590	S	129	36	165	0.00000
Rickettsia tillamookensis	2761623	S	106	23	129	0.00000
Rickettsia akari	786	S	105	6	111	0.00000
Rickettsia amblyommatis	33989	S	104	61	165	0.00000
Rickettsia massiliae	35791	S	83	131	214	0.00001
Rickettsia conorii	781	S	80	114	194	0.00001
Rickettsia australis	787	S	69	9	78	0.00000
Rickettsia africae	35788	S	50	104	154	0.00000
Rickettsia montanensis	33991	S	36	37	73	0.00000
Rickettsia monacensis	109232	S	36	28	64	0.00000
Rickettsia asiatica	238800	S	33	31	64	0.00000
Rickettsia rickettsii	783	S	32	355	387	0.00001
Rickettsia helvetica	35789	S	28	57	85	0.00000
Rickettsia rhipicephali	33992	S	25	57	82	0.00000
Rickettsia parkeri	35792	S	11	31	42	0.00000
Rickettsia tamurae	334545	S	11	203	214	0.00001
Rickettsia endosymbiont of Polydrusus tereticollis	3066251	S	295	42	337	0.00001
Rickettsia endosymbiont of Cantharis rufa	3066248	S	230	8	238	0.00001
Rickettsia endosymbiont of Oedothorax gibbosus	931099	S	103	112	215	0.00001
Rickettsia endosymbiont of Gonocerus acuteangulatus	3066266	S	90	25	115	0.00000
Rickettsia sp. MEAM1 (Bemisia tabaci)	1182263	S	65	40	105	0.00000
Rickettsia endosymbiont of Nabis limbatus	3066268	S	54	123	177	0.00000
Rickettsia endosymbiont of Pantilius tunicatus	3066267	S	40	108	148	0.00000
Rickettsia endosymbiont of Ixodes pacificus	1133329	S	39	39	78	0.00000
Rickettsia endosymbiont of Rhinocyllus conicus	3066252	S	26	146	172	0.00000
Rickettsia endosymbiont of Lasioglossum villosulum	3066269	S	12	366	378	0.00001
Rickettsia oklahomensis	3141789	S	220	86	306	0.00001
Rickettsia canadensis	788	S	185	32	217	0.00001
Rickettsia bellii	33990	S	164	322	486	0.00001
Rickettsia prowazekii	782	S	216	46	262	0.00001
Rickettsia typhi	785	S	107	8	115	0.00000
Candidatus Tisiphia endosymbiont of Sialis lutaria	2029164	S	201	322	523	0.00001
Candidatus Tisiphia endosymbiont of Nemotelus uliginosus	3077926	S	187	311	498	0.00001
Candidatus Tisiphia endosymbiont of Beris chalybata	3066262	S	152	0	152	0.00000
Candidatus Tisiphia endosymbiont of Nedyus quadrimaculatus	3139332	S	75	71	146	0.00000
Candidatus Tisiphia endosymbiont of Parasteatoda lunata	3066275	S	62	61	123	0.00000
Candidatus Tisiphia endosymbiont of Oplodontha viridula	3077925	S	60	116	176	0.00000
Candidatus Tisiphia endosymbiont of Ditula angustiorana	3066272	S	49	38	87	0.00000
Candidatus Tisiphia endosymbiont of Thecophora atra	3066258	S	45	61	106	0.00000
Candidatus Tisiphia endosymbiont of Micropterix aruncella	3066271	S	45	42	87	0.00000
Candidatus Tisiphia endosymbiont of Melanophora roralis	3066261	S	37	144	181	0.00001
Candidatus Tisiphia endosymbiont of Neophilaenus lineatus	3139336	S	30	21	51	0.00000
Candidatus Tisiphia endosymbiont of Ptychoptera albimana	3066260	S	29	73	102	0.00000
Candidatus Tisiphia endosymbiont of Temnostethus pusillus	3139335	S	25	97	122	0.00000
Candidatus Tisiphia endosymbiont of Dioctria rufipes	3066255	S	21	41	62	0.00000
Candidatus Tisiphia endosymbiont of Piscicola geometra	3066273	S	12	50	62	0.00000
Candidatus Tisiphia endosymbiont of Metellina segmentata	3066274	S	12	24	36	0.00000
Candidatus Tisiphia endosymbiont of Empis tessellata	3066259	S	11	13	24	0.00000
Candidatus Tisiphia endosymbiont of Mystacides longicornis	3139330	S	10	73	83	0.00000
Orientia tsutsugamushi	784	S	1056	1	1057	0.00003
Candidatus Trichorickettsia mobilis	1346319	S	557	7	564	0.00002
Candidatus Sneabacter namystus	2601646	S	112	0	112	0.00000
Candidatus Phycorickettsia trachydisci	2115978	S	292	0	292	0.00001
Candidatus Megaera polyxenophila	988779	S	232	2	234	0.00001
Candidatus Bandiella numerosa	2570586	S	343	2	345	0.00001
Candidatus Bandiella euplotis	1664265	S	283	0	283	0.00001
Candidatus Fokinia solitaria	1802984	S	211	5	216	0.00001
Candidatus Fokinia crypta	1920990	S	145	4	149	0.00000
Candidatus Lariskella endosymbiont of Epinotia ramella	3066224	S	131	77	208	0.00001
Candidatus Lariskella endosymbiont of Hedychridium roseum	3077949	S	85	51	136	0.00000
Candidatus Midichloria mitochondrii	234827	S	172	2	174	0.00000
Candidatus Deianiraea vastatrix	2163644	S	441	1	442	0.00001
Rickettsiales endosymbiont of Stachyamoeba lipophora	2486578	S	284	11	295	0.00001
Oceanicaulis sp.	1924941	S	734	388	1122	0.00003
Oceanicaulis sp. LC35	3349635	S	592	37	629	0.00002
Oceanicaulis alexandrii	153233	S	671	379	1050	0.00003
Hyphobacterium sp.	2004662	S	1993	950	2943	0.00008
Hyphobacterium sp. CCMP332	2749086	S	585	69	654	0.00002
Maricaulis maris	74318	S	945	44	989	0.00003
Maricaulis sp. MIT060901	3096993	S	740	51	791	0.00002
Glycocaulis alkaliphilus	1434191	S	650	142	792	0.00002
Glycocaulis abyssi	1433403	S	541	186	727	0.00002
Marinicauda algicola	2029849	S	1178	413	1591	0.00004
Litorimonas sp. RW-G-Af-16	3241168	S	716	4	720	0.00002
Litorimonas sp. WD9-15	3418716	S	560	2	562	0.00002
Fretibacter rubidus	570162	S	544	22	566	0.00002
Algimonas porphyrae	1128113	S	414	2	416	0.00001
Tistrella mobilis	171437	S	4793	2470	7263	0.00020
Tistrella bauzanensis	657419	S	2395	601	2996	0.00008
Marinivivus vitaminiproducens	3035935	S	1591	44	1635	0.00005
Candidatus Pelagibacter sp. FZCC0015	2268451	S	471	8	479	0.00001
Candidatus Pelagibacter sp.	2024849	S	439	7	446	0.00001
Candidatus Pelagibacter sp. RS40	1977865	S	417	3	420	0.00001
Candidatus Pelagibacter bacterium nBUS_28	3374189	S	325	124	449	0.00001
Candidatus Pelagibacter bacterium nBUS_49	3374196	S	297	73	370	0.00001
Candidatus Pelagibacter sp. Uisw_099_02	3230981	S	261	42	303	0.00001
Candidatus Pelagibacter sp. Uisw_134_02	3230990	S	254	18	272	0.00001
Candidatus Pelagibacter sp. Uisw_092	3230979	S	242	50	292	0.00001
Candidatus Pelagibacter bacterium nBUS_32	3374192	S	240	442	682	0.00002
Candidatus Pelagibacter sp. Uisw_127	3230988	S	232	38	270	0.00001
Candidatus Pelagibacter sp. HIMB1321	1388755	S	231	4	235	0.00001
Candidatus Pelagibacter sp. IMCC9063	1002672	S	226	0	226	0.00001
Candidatus Pelagibacter sp. RS39	1977864	S	205	3	208	0.00001
Candidatus Pelagibacter bacterium nBUS_36	3374194	S	183	51	234	0.00001
Candidatus Pelagibacter sp. Uisw_130	3230989	S	179	62	241	0.00001
Candidatus Pelagibacter sp. Uisw_137	3230992	S	170	52	222	0.00001
Candidatus Pelagibacter bacterium nBUS_25	3374187	S	151	117	268	0.00001
Candidatus Pelagibacter sp. Uisw_090	3230993	S	151	40	191	0.00001
Candidatus Pelagibacter sp. Uisw_113	3230994	S	132	67	199	0.00001
Candidatus Pelagibacter sp. Uisw_094	3230980	S	123	78	201	0.00001
Candidatus Pelagibacter bacterium nBUS_27	3374188	S	108	120	228	0.00001
Candidatus Pelagibacter bacterium nBUS_33	3374193	S	98	40	138	0.00000
Candidatus Pelagibacter sp. Uisw_106	3230984	S	91	53	144	0.00000
Candidatus Pelagibacter sp. Uisw_136	3230991	S	80	41	121	0.00000
Candidatus Pelagibacter bacterium nBUS_44	3374195	S	65	26	91	0.00000
Candidatus Pelagibacter sp. Uisw_121	3230987	S	64	105	169	0.00000
Candidatus Pelagibacter bacterium nBUS_29	3374190	S	44	53	97	0.00000
Candidatus Pelagibacter sp. Uisw_116	3230986	S	35	64	99	0.00000
Candidatus Pelagibacter bacterium nBUS_30	3374191	S	32	58	90	0.00000
Candidatus Pelagibacter giovannonii	2563896	S	385	140	525	0.00001
Candidatus Pelagibacter communis	198252	S	203	45	248	0.00001
Candidatus Fonsibacter ubiquis	1925548	S	262	0	262	0.00001
Hyphomonas sp.	87	S	851	217	1068	0.00003
Hyphomonas sp. CACIAM 19H1	1873716	S	524	26	550	0.00002
Hyphomonas sp. FCG-A18	3080019	S	509	3	512	0.00001
Hyphomonas sp. KY3	2016196	S	444	150	594	0.00002
Hyphomonas neptunium	81032	S	814	30	844	0.00002
Hyphomonas atlantica	1280948	S	353	146	499	0.00001
Candidatus Viadribacter manganicus	1759059	S	543	13	556	0.00002
Hirschia baltica	2724	S	449	2	451	0.00001
Hyphococcus sp.	2038636	S	1243	13	1256	0.00004
Hyphococcus flavus	1866326	S	540	6	546	0.00002
Hyphococcus formosus	3143534	S	439	1	440	0.00001
Parvularcula sp. LCG005	3078805	S	462	11	473	0.00001
Parvularcula sp. IMCC14364	3067902	S	378	5	383	0.00001
Parvularcula bermudensis	208216	S	497	248	745	0.00002
Aquisalinus flavus	1526572	S	627	12	639	0.00002
Kordiimonas sp.	1970157	S	673	16	689	0.00002
Kordiimonas sp. SCSIO 12610	2829597	S	494	7	501	0.00001
Kordiimonas sp. SCSIO 12603	2829596	S	386	5	391	0.00001
Kordiimonas pumila	2161677	S	569	11	580	0.00002
Gimibacter soli	3024400	S	745	6	751	0.00002
Temperatibacter marinus	1456591	S	416	3	419	0.00001
Pseudemcibacter aquimaris	2857064	S	1095	21	1116	0.00003
Emcibacter sp.	1979954	S	775	14	789	0.00002
Paremcibacter congregatus	2043170	S	666	14	680	0.00002
Luteithermobacter gelatinilyticus	2582913	S	561	33	594	0.00002
endosymbiont of Acanthamoeba sp. UWC8	86106	S	468	1	469	0.00001
Candidatus Cytomitobacter primus	2066024	S	272	7	279	0.00001
Candidatus Cytomitobacter indipagum	2601575	S	101	1	102	0.00000
Candidatus Bealeia paramacronuclearis	1921001	S	250	4	254	0.00001
Candidatus Hydrogenosomobacter endosymbioticus	2558174	S	225	0	225	0.00001
Candidatus Nesciobacter abundans	2601668	S	143	0	143	0.00000
Candidatus Gromoviella agglomerans	2806609	S	91	1	92	0.00000
Candidatus Odyssella acanthamoebae	91604	S	346	1	347	0.00001
Candidatus Bodocaedibacter vickermanii	2741701	S	230	0	230	0.00001
Candidatus Paracaedibacter symbiosus	244582	S	12	0	12	0.00000
Candidatus Nucleicultrix amoebiphila	1509244	S	373	12	385	0.00001
Minwuia sp.	2493630	S	1362	1004	2366	0.00007
Candidatus Levibacter sp. Uisw_134_01	3230999	S	1179	10	1189	0.00003
Candidatus Ponderosibacter sp. Uisw_141_02	3231000	S	302	4	306	0.00001
Candidatus Puniceispirillum marinum	767892	S	269	10	279	0.00001
Radicibacter daui	3064829	S	1488	57	1545	0.00004
Sneathiella aquimaris	2599305	S	770	15	785	0.00002
Sneathiella marina	2950108	S	508	7	515	0.00001
Alphaproteobacteria bacterium endosymbiont of Tiliacea citrago	3077944	S	224	0	224	0.00001
Comamonas aquatica	225991	S	17171	9701	26872	0.00075
Comamonas testosteroni	285	S	10784	12028	22812	0.00064
Comamonas kerstersii	225992	S	9332	1678	11010	0.00031
Comamonas sp. GB3 AK4-5	3231487	S	3109	252	3361	0.00009
Comamonas sp. Y33R10-2	2853257	S	2183	305	2488	0.00007
Comamonas sp. NLF-1-9	2853163	S	859	131	990	0.00003
Comamonas sp. B21-038	2918299	S	798	609	1407	0.00004
Comamonas sp. 23	3415008	S	370	2617	2987	0.00008
Comamonas sp. C11	2966554	S	102	752	854	0.00002
Comamonas thiooxydans	363952	S	5255	4412	9667	0.00027
Comamonas terrigena	32013	S	4349	373	4722	0.00013
Comamonas fluminis	2796366	S	2371	733	3104	0.00009
Comamonas piscis	1562974	S	2303	157	2460	0.00007
Comamonas antarctica	2743470	S	1461	493	1954	0.00005
Comamonas serinivorans	1082851	S	1384	131	1515	0.00004
Comamonas resistens	3046670	S	1330	843	2173	0.00006
Comamonas endophytica	2949090	S	1223	142	1365	0.00004
Comamonas odontotermitis	379895	S	1137	103	1240	0.00003
Comamonas sediminis	1783360	S	864	522	1386	0.00004
Comamonas flocculans	2597701	S	720	218	938	0.00003
Comamonas squillarum	2977320	S	521	2098	2619	0.00007
Comamonas koreensis	160825	S	494	2480	2974	0.00008
Variovorax sp. KK3	1855728	S	1124	151	1275	0.00004
Variovorax sp. PAMC26660	2762322	S	1103	67	1170	0.00003
Variovorax sp. HW608	1034889	S	1077	56	1133	0.00003
Variovorax sp. PBS-H4	434008	S	925	437	1362	0.00004
Variovorax sp. PAMC 28711	1795631	S	812	33	845	0.00002
Variovorax sp. RA8	662548	S	809	459	1268	0.00004
Variovorax sp. PBL-H6	434009	S	774	661	1435	0.00004
Variovorax sp. WDL1	207745	S	757	583	1340	0.00004
Variovorax sp. UC74_104	3374555	S	606	104	710	0.00002
Variovorax sp. PAMC28562	2762323	S	566	13	579	0.00002
Variovorax sp. RKNM96	2681552	S	537	51	588	0.00002
Variovorax sp. Varisp41	3243033	S	535	212	747	0.00002
Variovorax sp. DAIF25	3080983	S	523	270	793	0.00002
Variovorax sp. PBL-E5	434014	S	508	610	1118	0.00003
Variovorax sp. W6	3093895	S	493	88	581	0.00002
Variovorax sp. SRS16	282217	S	484	486	970	0.00003
Variovorax sp.	1871043	S	462	93	555	0.00002
Variovorax sp. V213	3065955	S	461	54	515	0.00001
Variovorax sp. WS11	1105204	S	343	2	345	0.00001
Variovorax sp. EBFNA2	3342097	S	307	142	449	0.00001
Variovorax sp. 38R	2774875	S	279	109	388	0.00001
Variovorax sp. V118	3065954	S	271	273	544	0.00002
Variovorax sp. R-27	3404058	S	243	145	388	0.00001
Variovorax sp. YR566	3450237	S	233	112	345	0.00001
Variovorax sp. UC122_21	3374554	S	228	236	464	0.00001
Variovorax sp. V15	3065952	S	210	307	517	0.00001
Variovorax sp. PDNC026	2811425	S	207	3053	3260	0.00009
Variovorax sp. 160MFSha2.1	3158367	S	164	224	388	0.00001
Variovorax sp. 350MFTsu5.1	3158365	S	121	177	298	0.00001
Variovorax sp. V116	3065953	S	102	364	466	0.00001
Variovorax sp. 375MFSha3.1	3158364	S	92	1231	1323	0.00004
Variovorax sp. SCN45	3394349	S	59	1902	1961	0.00006
Variovorax sp. PMC12	2126319	S	16	311	327	0.00001
Variovorax sp. 278MFTsu5.1	3158366	S	11	159	170	0.00000
Variovorax paradoxus	34073	S	7748	5266	13014	0.00037
Variovorax ureilyticus	1836198	S	1073	107	1180	0.00003
Variovorax boronicumulans	436515	S	609	475	1084	0.00003
Variovorax atrisoli	3394203	S	472	93	565	0.00002
Acidovorax sp. BLS4	3273430	S	7739	6648	14387	0.00040
Acidovorax sp.	1872122	S	1395	116	1511	0.00004
Acidovorax sp. SDU_ACID1	3136632	S	1212	202	1414	0.00004
Acidovorax sp. RAC01	1842533	S	1206	465	1671	0.00005
Acidovorax sp. DW039	3095606	S	1164	111	1275	0.00004
Acidovorax sp. HDW3	2714923	S	1106	282	1388	0.00004
Acidovorax sp. A79	3056107	S	1015	121	1136	0.00003
Acidovorax sp. 1608163	2478662	S	985	97	1082	0.00003
Acidovorax sp. M2(2025)	3411355	S	967	125	1092	0.00003
Acidovorax sp. NCPPB 3576	2940488	S	756	106	862	0.00002
Acidovorax sp. FHTAMBA	3140252	S	633	264	897	0.00003
Acidovorax sp. T1	1858609	S	545	1347	1892	0.00005
Acidovorax sp. GBBC 1281	2940492	S	475	127	602	0.00002
Acidovorax sp. M14	3411354	S	391	109	500	0.00001
Acidovorax sp. KKS102	358220	S	371	211	582	0.00002
Acidovorax sp. JMULE5	2518343	S	354	387	741	0.00002
Acidovorax temperans	80878	S	1213	1087	2300	0.00006
Acidovorax carolinensis	553814	S	1147	1194	2341	0.00007
Acidovorax radicis	758826	S	864	92	956	0.00003
Acidovorax delafieldii	47920	S	738	230	968	0.00003
Acidovorax facilis	12917	S	568	458	1026	0.00003
Acidovorax sacchari	3230736	S	555	686	1241	0.00003
Hydrogenophaga sp. NH-16	2184519	S	2168	1975	4143	0.00012
Hydrogenophaga sp. PBC	795665	S	1437	636	2073	0.00006
Hydrogenophaga sp. BPS33	2651974	S	1074	632	1706	0.00005
Hydrogenophaga sp. PAMC20947	2565558	S	1062	26	1088	0.00003
Hydrogenophaga sp. SL48	2806347	S	947	68	1015	0.00003
Hydrogenophaga sp.	1904254	S	938	299	1237	0.00003
Hydrogenophaga sp. RAC07	1842537	S	823	349	1172	0.00003
Hydrogenophaga sp. PBL-H3	434010	S	791	617	1408	0.00004
Hydrogenophaga sp. YM1	2806262	S	595	460	1055	0.00003
Hydrogenophaga sp. SNF1	3098762	S	556	491	1047	0.00003
Hydrogenophaga sp. ANAO-22	3166645	S	308	912	1220	0.00003
Hydrogenophaga taeniospiralis	65656	S	1114	136	1250	0.00004
Hydrogenophaga crocea	2716225	S	965	313	1278	0.00004
Hydrogenophaga crassostreae	1763535	S	691	11	702	0.00002
Hydrogenophaga pseudoflava	47421	S	308	212	520	0.00001
Rhodoferax sp. AJA081-3	2752316	S	1305	38	1343	0.00004
Rhodoferax sp. GW822-FHT02A01	3141537	S	1205	26	1231	0.00003
Rhodoferax sp. WC2427	3234144	S	1090	48	1138	0.00003
Rhodoferax sp. PAMC 29310	2822760	S	997	89	1086	0.00003
Rhodoferax sp. BAB1	2741720	S	732	73	805	0.00002
Rhodoferax koreensis	1842727	S	1201	590	1791	0.00005
Rhodoferax ferrireducens	192843	S	1160	45	1205	0.00003
Rhodoferax saidenbachensis	1484693	S	1100	49	1149	0.00003
Rhodoferax sediminis	2509614	S	1065	33	1098	0.00003
Rhodoferax aquaticus	2527691	S	937	78	1015	0.00003
Rhodoferax antarcticus	81479	S	766	30	796	0.00002
Rhodoferax lithotrophicus	2798804	S	684	60	744	0.00002
Rhodoferax mekongensis	3068341	S	462	141	603	0.00002
Delftia tsuruhatensis	180282	S	1904	5287	7191	0.00020
Delftia sp. PS-11	2767222	S	1418	149	1567	0.00004
Delftia sp. Cs1-4	742013	S	132	114	246	0.00001
Delftia sp. HK171	1920191	S	110	100	210	0.00001
Delftia sp. DS1230	3153805	S	69	161	230	0.00001
Delftia sp. WY8	2708352	S	42	2493	2535	0.00007
Delftia acidovorans	80866	S	1742	1668	3410	0.00010
Delftia lacustris	558537	S	323	1576	1899	0.00005
Ottowia sp. SB7-C50	3081231	S	1644	678	2322	0.00007
Ottowia sp. VDI28	3133968	S	1620	363	1983	0.00006
Ottowia sp. oral taxon 894	1658672	S	1228	96	1324	0.00004
Ottowia testudinis	2816950	S	1716	123	1839	0.00005
Ottowia oryzae	2109914	S	1175	165	1340	0.00004
Ottowia caeni	2870339	S	835	127	962	0.00003
Diaphorobacter sp. HDW4B	2714925	S	1026	37	1063	0.00003
Diaphorobacter sp. HDW4A	2714924	S	826	866	1692	0.00005
Diaphorobacter sp. MNS-0	2866628	S	163	759	922	0.00003
Diaphorobacter sp. C33	3060154	S	89	198	287	0.00001
Diaphorobacter sp. ED-3	3016636	S	86	551	637	0.00002
Diaphorobacter sp. JS3051	2792224	S	79	837	916	0.00003
Diaphorobacter sp. LI3	2952886	S	75	273	348	0.00001
Diaphorobacter sp. JS3050	2735554	S	56	375	431	0.00001
Diaphorobacter limosus	3036128	S	1105	835	1940	0.00005
Diaphorobacter aerolatus	1288495	S	1008	875	1883	0.00005
Diaphorobacter ruginosibacter	1715720	S	875	62	937	0.00003
Diaphorobacter nitroreducens	164759	S	81	139	220	0.00001
[Acidovorax] ebreus	721785	S	74	231	305	0.00001
Polaromonas sp.	1869339	S	1099	733	1832	0.00005
Polaromonas sp. JS666	296591	S	965	318	1283	0.00004
Polaromonas aquatica	332657	S	745	25	770	0.00002
Polaromonas vacuolata	37448	S	560	53	613	0.00002
Polaromonas naphthalenivorans	216465	S	555	258	813	0.00002
Polaromonas hydrogenivorans	335476	S	520	228	748	0.00002
Ramlibacter tataouinensis	94132	S	3279	294	3573	0.00010
Ramlibacter sp. MMS24-I3-19	3416606	S	1125	84	1209	0.00003
Limnohabitans sp. DCL3	3374103	S	678	59	737	0.00002
Limnohabitans sp. YIMB22184	3374104	S	632	55	687	0.00002
Limnohabitans sp. 63ED37-2	1678128	S	605	98	703	0.00002
Limnohabitans sp. TEGF004	2986281	S	477	71	548	0.00002
Limnohabitans sp. 103DPR2	1678129	S	440	43	483	0.00001
Limnohabitans sp. MORI2	1751150	S	423	42	465	0.00001
Limnohabitans sp. INBF002	2986280	S	336	61	397	0.00001
Paracidovorax avenae	80867	S	2050	1172	3222	0.00009
Paracidovorax cattleyae	80868	S	493	214	707	0.00002
Paracidovorax citrulli	80869	S	405	310	715	0.00002
Alicycliphilus denitrificans	179636	S	2665	3058	5723	0.00016
Alicycliphilus soli	3228789	S	776	870	1646	0.00005
Melaminivora jejuensis	1267217	S	1144	321	1465	0.00004
Melaminivora suipulveris	2109913	S	859	295	1154	0.00003
Serpentinimonas raichei	1458425	S	798	94	892	0.00003
Serpentinimonas maccroryi	1458426	S	651	105	756	0.00002
Vandammella animalimorsus	2029117	S	1378	42	1420	0.00004
Verminephrobacter eiseniae	364317	S	1086	24	1110	0.00003
Pulveribacter suum	2116657	S	898	130	1028	0.00003
Simplicispira suum	2109915	S	850	211	1061	0.00003
Paenacidovorax monticola	1926868	S	847	149	996	0.00003
Hylemonella gracilis	80880	S	822	35	857	0.00002
Candidatus Symbiobacter mobilis	1436290	S	686	3	689	0.00002
Brachymonas wangyanguii	3130163	S	447	51	498	0.00001
Curvibacter sp. AEP1-3	1844971	S	395	90	485	0.00001
Burkholderia cepacia	292	S	2393	898	3291	0.00009
Burkholderia multivorans	87883	S	2149	440	2589	0.00007
Burkholderia ubonensis	101571	S	2088	816	2904	0.00008
Burkholderia pyrrocinia	60550	S	1435	772	2207	0.00006
Burkholderia contaminans	488447	S	1246	691	1937	0.00005
Burkholderia cenocepacia	95486	S	1241	2718	3959	0.00011
Burkholderia anthina	179879	S	938	739	1677	0.00005
Burkholderia ambifaria	152480	S	914	836	1750	0.00005
Burkholderia stabilis	95485	S	706	515	1221	0.00003
Burkholderia lata	482957	S	694	347	1041	0.00003
Burkholderia stagnalis	1503054	S	615	101	716	0.00002
Burkholderia vietnamiensis	60552	S	557	1472	2029	0.00006
Burkholderia aenigmatica	2015348	S	542	498	1040	0.00003
Burkholderia pseudomultivorans	1207504	S	511	105	616	0.00002
Burkholderia dolosa	152500	S	496	77	573	0.00002
Burkholderia arboris	488730	S	485	119	604	0.00002
Burkholderia latens	488446	S	459	65	524	0.00001
Burkholderia territorii	1503055	S	419	119	538	0.00002
Burkholderia metallica	488729	S	298	87	385	0.00001
Burkholderia diffusa	488732	S	235	66	301	0.00001
Burkholderia seminalis	488731	S	123	233	356	0.00001
Burkholderia semiarida	2843303	S	80	143	223	0.00001
Burkholderia orbicola	2978683	S	79	159	238	0.00001
Burkholderia sola	2843302	S	35	229	264	0.00001
Burkholderia sp. FERM BP-3421	1494466	S	934	61	995	0.00003
Burkholderia sp. 22PA0106	3237371	S	551	566	1117	0.00003
Burkholderia sp. LMG 21824	3158172	S	520	173	693	0.00002
Burkholderia sp. LMG 32019	3158173	S	362	125	487	0.00001
Burkholderia sp. 22PA0099	3237372	S	336	344	680	0.00002
Burkholderia sp. THE68	758782	S	278	803	1081	0.00003
Burkholderia sp. MSMB0856	1637869	S	247	118	365	0.00001
Burkholderia sp. PAMC 26561	1795043	S	244	223	467	0.00001
Burkholderia sp. JP2-270	2217913	S	237	141	378	0.00001
Burkholderia sp. F1	3366817	S	235	79	314	0.00001
Burkholderia sp. NRF60-BP8	1637853	S	229	86	315	0.00001
Burkholderia sp. MS455	2811788	S	182	122	304	0.00001
Burkholderia sp. S-53	2906514	S	181	115	296	0.00001
Burkholderia sp. PAMC 28687	1795874	S	152	239	391	0.00001
Burkholderia sp. LA-2-3-30-S1-D2	1637862	S	133	56	189	0.00001
Burkholderia sp. NLJ2	3090699	S	131	87	218	0.00001
Burkholderia sp. IDO3	1705310	S	122	184	306	0.00001
Burkholderia sp. M701	326454	S	66	6	72	0.00000
Burkholderia sp. KBS0801	1179675	S	56	119	175	0.00000
Burkholderia sp. MBR-1	2732364	S	51	278	329	0.00001
Burkholderia sp. MSMB1588	1636423	S	50	128	178	0.00000
Burkholderia sp. Ed8	3112957	S	43	91	134	0.00000
Burkholderia sp. EMB26	2854261	S	42	390	432	0.00001
Burkholderia sp. MSMB617WGS	1637831	S	28	125	153	0.00000
Burkholderia sp. LAS2	2813843	S	25	150	175	0.00000
Burkholderia sp. MS389	2811789	S	23	226	249	0.00001
Burkholderia pseudomallei	28450	S	1327	2043	3370	0.00009
Burkholderia singularis	1503053	S	866	49	915	0.00003
Burkholderia mayonis	1385591	S	788	67	855	0.00002
Burkholderia thailandensis	57975	S	666	420	1086	0.00003
Burkholderia oklahomensis	342113	S	440	58	498	0.00001
Burkholderia savannae	1637837	S	209	408	617	0.00002
Burkholderia mallei	13373	S	61	2999	3060	0.00009
Burkholderia humptydooensis	430531	S	49	554	603	0.00002
Burkholderia gladioli	28095	S	3181	348	3529	0.00010
Burkholderia glumae	337	S	1470	179	1649	0.00005
Burkholderia plantarii	41899	S	775	176	951	0.00003
Burkholderia perseverans	2615214	S	432	86	518	0.00001
Burkholderia theae	3143496	S	113	70	183	0.00001
Paraburkholderia sp. PREW-6R	3141544	S	1050	50	1100	0.00003
Paraburkholderia sp. IMGN_8	3136564	S	752	62	814	0.00002
Paraburkholderia sp. PGU19	2735434	S	679	233	912	0.00003
Paraburkholderia sp. D15	2880218	S	672	70	742	0.00002
Paraburkholderia sp. FT54	3074437	S	610	93	703	0.00002
Paraburkholderia sp. SOS3	1926494	S	603	25	628	0.00002
Paraburkholderia sp. SUR17	3034358	S	317	533	850	0.00002
Paraburkholderia sp. 22B1P	3080498	S	139	623	762	0.00002
Paraburkholderia sp. A3BS-1L	3028375	S	87	289	376	0.00001
Paraburkholderia sp. DD10	3409691	S	86	928	1014	0.00003
Paraburkholderia sp. A2RO-4L	3028374	S	18	307	325	0.00001
Paraburkholderia sp. A3RO-2L	3028376	S	18	332	350	0.00001
Paraburkholderia tropica	92647	S	2023	206	2229	0.00006
Paraburkholderia phenoliruptrix	252970	S	1902	234	2136	0.00006
Paraburkholderia fungorum	134537	S	1662	447	2109	0.00006
Paraburkholderia pallida	2547399	S	1371	99	1470	0.00004
Paraburkholderia caribensis	75105	S	1334	269	1603	0.00005
Paraburkholderia caffeinilytica	1761016	S	1245	138	1383	0.00004
Paraburkholderia aromaticivorans	2026199	S	1184	296	1480	0.00004
Paraburkholderia phytofirmans	261302	S	1114	457	1571	0.00004
Paraburkholderia acidiphila	2571747	S	1066	82	1148	0.00003
Paraburkholderia terrae	311230	S	1059	516	1575	0.00004
Paraburkholderia edwinii	2861782	S	1055	47	1102	0.00003
Paraburkholderia kururiensis	984307	S	987	705	1692	0.00005
Paraburkholderia acidisoli	2571748	S	987	68	1055	0.00003
Paraburkholderia sacchari	159450	S	942	159	1101	0.00003
Paraburkholderia sabiae	273251	S	925	86	1011	0.00003
Paraburkholderia ginsengisoli	311231	S	769	101	870	0.00002
Paraburkholderia kirstenboschensis	1245436	S	765	88	853	0.00002
Paraburkholderia hospita	169430	S	752	446	1198	0.00003
Paraburkholderia dioscoreae	2604047	S	736	215	951	0.00003
Paraburkholderia sprentiae	948107	S	734	43	777	0.00002
Paraburkholderia acidicola	1912599	S	696	64	760	0.00002
Paraburkholderia phymatum	148447	S	678	118	796	0.00002
Paraburkholderia bryophila	420952	S	669	71	740	0.00002
Paraburkholderia caledonica	134536	S	620	72	692	0.00002
Paraburkholderia xenovorans	36873	S	605	290	895	0.00003
Paraburkholderia graminis	60548	S	544	58	602	0.00002
Paraburkholderia megapolitana	420953	S	535	52	587	0.00002
Paraburkholderia atlantica	2654982	S	507	43	550	0.00002
Paraburkholderia bonniea	2152891	S	435	16	451	0.00001
Paraburkholderia dokdonensis	2211211	S	311	56	367	0.00001
Paraburkholderia terricola	169427	S	255	1508	1763	0.00005
Paraburkholderia largidicola	3014751	S	112	540	652	0.00002
Cupriavidus sp. 30B13	3384241	S	1145	113	1258	0.00004
Cupriavidus sp. H19C3	3241603	S	1053	290	1343	0.00004
Cupriavidus sp. DF5525	3160989	S	784	371	1155	0.00003
Cupriavidus sp. WKF15	3032282	S	776	67	843	0.00002
Cupriavidus sp. EM10	2839983	S	729	362	1091	0.00003
Cupriavidus sp. TMH.W2	3434465	S	603	108	711	0.00002
Cupriavidus sp. MP-37	2884455	S	572	303	875	0.00002
Cupriavidus sp. H18C1	3241601	S	484	174	658	0.00002
Cupriavidus sp. H39	3401635	S	445	86	531	0.00001
Cupriavidus sp. BIC8F	3079014	S	378	198	576	0.00002
Cupriavidus sp. KK10	1478019	S	220	591	811	0.00002
Cupriavidus sp. Agwp_2	2897324	S	212	571	783	0.00002
Cupriavidus sp. P-10	2027911	S	211	410	621	0.00002
Cupriavidus sp. a3	3242158	S	193	934	1127	0.00003
Cupriavidus sp. H18C2	3241602	S	191	315	506	0.00001
Cupriavidus sp. USMAA2-4	876364	S	95	574	669	0.00002
Cupriavidus sp. USMAHM13	1389192	S	59	317	376	0.00001
Cupriavidus sp. U2	2920269	S	28	116	144	0.00000
Cupriavidus pauculus	82633	S	2802	1398	4200	0.00012
Cupriavidus taiwanensis	164546	S	2710	1678	4388	0.00012
Cupriavidus basilensis	68895	S	2411	939	3350	0.00009
Cupriavidus necator	106590	S	2073	2010	4083	0.00011
Cupriavidus campinensis	151783	S	1713	598	2311	0.00006
Cupriavidus metallidurans	119219	S	1476	800	2276	0.00006
Cupriavidus oxalaticus	96344	S	1326	799	2125	0.00006
Cupriavidus pinatubonensis	248026	S	958	56	1014	0.00003
Cupriavidus nantongensis	1796606	S	919	887	1806	0.00005
Cupriavidus gilardii	82541	S	788	430	1218	0.00003
Cupriavidus cauae	2608999	S	468	400	868	0.00002
Cupriavidus neocaledonicus	1040979	S	210	178	388	0.00001
Cupriavidus phytorum	3024399	S	170	201	371	0.00001
Cupriavidus malaysiensis	367825	S	123	713	836	0.00002
Cupriavidus yeoncheonensis	1462994	S	100	6	106	0.00000
Ralstonia pseudosolanacearum	1310165	S	1937	1357	3294	0.00009
Ralstonia solanacearum	305	S	1862	558	2420	0.00007
Ralstonia syzygii	28097	S	436	475	911	0.00003
Ralstonia nicotianae	3037696	S	11	72	83	0.00000
Ralstonia sp. R-29	3404059	S	491	126	617	0.00002
Ralstonia sp. 25C	3447363	S	487	87	574	0.00002
Ralstonia sp. RRA	3122075	S	295	340	635	0.00002
Ralstonia sp. Ralssp110	3243004	S	217	65	282	0.00001
Ralstonia sp. UNC404CL21Col	1380362	S	211	81	292	0.00001
Ralstonia sp. CP	3231757	S	10	451	461	0.00001
Ralstonia mannitolilytica	105219	S	1217	713	1930	0.00005
Ralstonia insidiosa	190721	S	870	648	1518	0.00004
Ralstonia wenshanensis	2842456	S	747	120	867	0.00002
Ralstonia pickettii	329	S	430	321	751	0.00002
Ralstonia holmesii	3058602	S	360	139	499	0.00001
Ralstonia thomasii	3058596	S	17	654	671	0.00002
Polynucleobacter sp. MWH-S4W17	1855910	S	265	58	323	0.00001
Polynucleobacter sp. AP-Nino-20-G2	2576917	S	260	55	315	0.00001
Polynucleobacter sp. MWH-UH19D	1855610	S	258	15	273	0.00001
Polynucleobacter sp. UK-FUSCHL-C3	2955208	S	251	5	256	0.00001
Polynucleobacter sp. JS-JIR-II-50	2576919	S	243	48	291	0.00001
Polynucleobacter sp. AP-Kolm-20A-A1	2081041	S	213	72	285	0.00001
Polynucleobacter sp. MWH-UH25E	1855616	S	207	23	230	0.00001
Polynucleobacter sp. MWH-Braz-FAM2G	1855883	S	195	11	206	0.00001
Polynucleobacter sp. MWH-UH23A	1855613	S	194	17	211	0.00001
Polynucleobacter sp. TUM22923	3022126	S	193	5	198	0.00001
Polynucleobacter sp. AP-Ainpum-60-G11	2576926	S	188	27	215	0.00001
Polynucleobacter sp. Adler-ghost	2770234	S	176	29	205	0.00001
Polynucleobacter sp. AP-Titi-500A-B4	2576923	S	169	21	190	0.00001
Polynucleobacter sp. AP-Elch-400A-B2	2576930	S	167	30	197	0.00001
Polynucleobacter sp. UB-Raua-W9	1819736	S	161	566	727	0.00002
Polynucleobacter sp. MWH-UH2A	1855617	S	156	20	176	0.00000
Polynucleobacter sp. MWH-P3-07-1	1743173	S	152	52	204	0.00001
Polynucleobacter sp. KF022	2982615	S	144	28	172	0.00000
Polynucleobacter sp. JS-JIR-II-b4	1758390	S	143	34	177	0.00000
Polynucleobacter sp. MWH-CaK5	2689107	S	140	3	143	0.00000
Polynucleobacter sp. VK25	1758398	S	135	20	155	0.00000
Polynucleobacter sp. HIN8	3047867	S	131	43	174	0.00000
Polynucleobacter sp. MG-6-Vaara-E2	2576932	S	124	12	136	0.00000
Polynucleobacter sp. MWH-Spelu-300-X4	2689109	S	120	3	123	0.00000
Polynucleobacter sp. es-EL-1	1855652	S	109	14	123	0.00000
Polynucleobacter sp. HIN5	3047864	S	108	30	138	0.00000
Polynucleobacter sp. MWH-Aus1W21	1855880	S	107	21	128	0.00000
Polynucleobacter sp. JS-Mosq-20-D10	2576922	S	106	13	119	0.00000
Polynucleobacter sp. MWH-UH35A	1855619	S	100	9	109	0.00000
Polynucleobacter sp. MWH-Svant-W18	1855909	S	93	15	108	0.00000
Polynucleobacter sp. AM-7D1	2689102	S	82	31	113	0.00000
Polynucleobacter sp. MWH-UH24A	2689110	S	81	27	108	0.00000
Polynucleobacter sp. TSB-Sco08W16	1758374	S	65	6	71	0.00000
Polynucleobacter sp. AP-Sving-400A-A2	2081049	S	63	10	73	0.00000
Polynucleobacter sp. AP-Jannik-300A-C4	2576928	S	54	18	72	0.00000
Polynucleobacter sp. MG-Unter2-18	2081052	S	54	15	69	0.00000
Polynucleobacter sp. HIN6	3047865	S	51	267	318	0.00001
Polynucleobacter sp. UB-Siik-W21	1855646	S	50	52	102	0.00000
Polynucleobacter sp. JS-JIR-5-A7	1758395	S	44	45	89	0.00000
Polynucleobacter sp. MG-5-Ahmo-C2	2081051	S	25	89	114	0.00000
Polynucleobacter sp. HIN9	3047868	S	21	154	175	0.00000
Polynucleobacter sp. HIN7	3047866	S	20	64	84	0.00000
Polynucleobacter necessarius	576610	S	964	79	1043	0.00003
Polynucleobacter paneuropaeus	2527775	S	376	65	441	0.00001
Polynucleobacter asymbioticus	576611	S	358	41	399	0.00001
Polynucleobacter ibericus	1819725	S	239	38	277	0.00001
Polynucleobacter difficilis	556054	S	223	18	241	0.00001
Polynucleobacter antarcticus	1743162	S	211	5	216	0.00001
Polynucleobacter wuianus	1743168	S	174	46	220	0.00001
Polynucleobacter paludilacus	1855895	S	140	107	247	0.00001
Polynucleobacter corsicus	2081042	S	126	28	154	0.00000
Polynucleobacter yangtzensis	1743159	S	114	25	139	0.00000
Polynucleobacter duraquae	1835254	S	106	32	138	0.00000
Polynucleobacter arcticus	1743165	S	102	6	108	0.00000
Polynucleobacter tropicus	1743174	S	91	14	105	0.00000
Polynucleobacter acidiphobus	556053	S	65	11	76	0.00000
Caballeronia sp. S22	3137182	S	1400	186	1586	0.00004
Caballeronia sp. DA-9	3436237	S	953	56	1009	0.00003
Caballeronia sp. TF1N1	2878153	S	913	49	962	0.00003
Caballeronia sp. Lep1P3	2878150	S	785	117	902	0.00003
Caballeronia sp. SL2Y3	2878151	S	441	94	535	0.00002
Caballeronia sp. NK8	140098	S	400	932	1332	0.00004
Caballeronia sp. M1242	2814653	S	279	66	345	0.00001
Caballeronia sp. Sq4a	2878152	S	248	71	319	0.00001
Caballeronia sp. SBC2	2705547	S	64	621	685	0.00002
Caballeronia sp. SBC1	2705548	S	47	691	738	0.00002
Caballeronia zhejiangensis	871203	S	928	184	1112	0.00003
Caballeronia cordobensis	1353886	S	848	193	1041	0.00003
Caballeronia grimmiae	1071679	S	840	428	1268	0.00004
Caballeronia insecticola	758793	S	681	75	756	0.00002
Pandoraea pnomenusa	93220	S	1095	424	1519	0.00004
Pandoraea vervacti	656178	S	1008	146	1154	0.00003
Pandoraea sp. XY-2	2518599	S	397	143	540	0.00002
Pandoraea sp. NE5	2904129	S	58	241	299	0.00001
Pandoraea sp. XJJ-1	3002643	S	55	276	331	0.00001
Pandoraea pulmonicola	93221	S	727	55	782	0.00002
Pandoraea oxalativorans	573737	S	659	181	840	0.00002
Pandoraea norimbergensis	93219	S	572	31	603	0.00002
Pandoraea sputorum	93222	S	533	157	690	0.00002
Pandoraea commovens	2508289	S	518	210	728	0.00002
Pandoraea apista	93218	S	497	110	607	0.00002
Pandoraea thiooxydans	445709	S	491	13	504	0.00001
Pandoraea faecigallinarum	656179	S	463	63	526	0.00001
Pandoraea fibrosis	1891094	S	280	42	322	0.00001
Trinickia violacea	2571746	S	944	59	1003	0.00003
Trinickia caryophylli	28094	S	705	27	732	0.00002
Limnobacter sp.	2003368	S	685	35	720	0.00002
Limnobacter profundi	2732163	S	420	26	446	0.00001
Limnobacter thiooxidans	131080	S	408	12	420	0.00001
Robbsia sp. KACC 23696	3149231	S	712	22	734	0.00002
Robbsia andropogonis	28092	S	647	22	669	0.00002
Mycetohabitans endofungorum	417203	S	627	86	713	0.00002
Mycetohabitans rhizoxinica	412963	S	501	131	632	0.00002
Pararobbsia alpina	621374	S	1000	27	1027	0.00003
Lautropia mirabilis	47671	S	901	52	953	0.00003
Mycoavidus sp. HKI	2840467	S	292	120	412	0.00001
Mycoavidus sp. B2-EB	2651972	S	121	14	135	0.00000
Mycoavidus sp. SF9855	2968475	S	85	36	121	0.00000
Mycoavidus cysteinexigens	1553431	S	165	17	182	0.00001
Candidatus Vallotia laricis	2018052	S	235	11	246	0.00001
Candidatus Vallotiella adelgis	1177211	S	208	8	216	0.00001
Candidatus Vallotiella sp. (ex Adelges kitamiensis)	2864217	S	128	6	134	0.00000
Candidatus Vallotiella hemipterorum	1177213	S	108	2	110	0.00000
Imbroritus primus	3058603	S	572	136	708	0.00002
Ephemeroptericola cinctiostellae	2268024	S	460	18	478	0.00001
Massilia sp. METH4	3123041	S	1439	239	1678	0.00005
Massilia sp. WG5	1707785	S	1217	402	1619	0.00005
Massilia sp. PAMC28688	2861283	S	1091	129	1220	0.00003
Massilia sp. YMA4	1593482	S	904	355	1259	0.00004
Massilia sp. R2A-15	3064278	S	892	128	1020	0.00003
Massilia sp. W12	3126507	S	787	17	804	0.00002
Massilia sp. NP310	2861282	S	761	324	1085	0.00003
Massilia sp. H6	2970464	S	721	72	793	0.00002
Massilia sp. erpn	2738142	S	614	140	754	0.00002
Massilia sp. GER05	3394605	S	545	457	1002	0.00003
Massilia sp. NR 4-1	1678028	S	212	521	733	0.00002
Massilia sp. MB5	2919578	S	140	348	488	0.00001
Massilia sp. Se16.2.3	2709303	S	54	1368	1422	0.00004
Massilia violaceinigra	2045208	S	2281	382	2663	0.00007
Massilia forsythiae	2728020	S	1131	178	1309	0.00004
Massilia antarctica	2765360	S	1100	214	1314	0.00004
Massilia litorea	2769491	S	1098	149	1247	0.00004
Massilia endophytica	2899220	S	962	107	1069	0.00003
Massilia putida	1141883	S	895	318	1213	0.00003
Massilia atriviolacea	2495579	S	842	161	1003	0.00003
Massilia cellulosiltytica	2683234	S	788	665	1453	0.00004
Massilia varians	457921	S	756	123	879	0.00002
Massilia oculi	945844	S	607	247	854	0.00002
Pseudoduganella sp. UC29_71	3350174	S	1346	256	1602	0.00004
Pseudoduganella sp. UC29_106	3374553	S	1167	85	1252	0.00004
Pseudoduganella sp. S-14	3404065	S	416	74	490	0.00001
Pseudoduganella sp. SL102	2995154	S	380	445	825	0.00002
Pseudoduganella sp. R-34	3404062	S	91	307	398	0.00001
Pseudoduganella sp. R-31	3404060	S	63	626	689	0.00002
Pseudoduganella sp. R-43	3404063	S	34	364	398	0.00001
Pseudoduganella sp. R-32	3404061	S	23	186	209	0.00001
Pseudoduganella aquatica	2660641	S	1453	320	1773	0.00005
Pseudoduganella chitinolytica	34070	S	1327	307	1634	0.00005
Pseudoduganella armeniaca	2072590	S	1142	402	1544	0.00004
Pseudoduganella flava	871742	S	967	117	1084	0.00003
Pseudoduganella umbonata	864828	S	883	179	1062	0.00003
Pseudoduganella lutea	321985	S	827	127	954	0.00003
Pseudoduganella plicata	321984	S	740	105	845	0.00002
Pseudoduganella albidiflava	321983	S	529	625	1154	0.00003
Duganella sp. BuS-21	2943848	S	1209	160	1369	0.00004
Duganella sp. P38	3423949	S	754	125	879	0.00002
Duganella zoogloeoides	75659	S	1571	185	1756	0.00005
Duganella dendranthematis	2728021	S	1145	147	1292	0.00004
Rugamonas sp. DEMB1	3039386	S	1658	298	1956	0.00005
Telluria mixta	34071	S	812	406	1218	0.00003
Telluria beijingensis	3068633	S	755	141	896	0.00003
Oxalobacter formigenes	847	S	19932	1736	21668	0.00061
Oxalobacter aliiformigenes	2946593	S	1217	61	1278	0.00004
Oxalobacter vibrioformis	933080	S	686	17	703	0.00002
Herbaspirillum sp. WKF16	3028312	S	872	149	1021	0.00003
Herbaspirillum sp. meg3	2025949	S	693	34	727	0.00002
Herbaspirillum sp. DW155	3095609	S	627	188	815	0.00002
Herbaspirillum huttiense	863372	S	1922	612	2534	0.00007
Herbaspirillum frisingense	92645	S	1235	207	1442	0.00004
Herbaspirillum seropedicae	964	S	1220	275	1495	0.00004
Herbaspirillum rubrisubalbicans	80842	S	1089	240	1329	0.00004
Herbaspirillum hiltneri	341045	S	1033	51	1084	0.00003
Herbaspirillum robiniae	2014887	S	908	149	1057	0.00003
Janthinobacterium sp. J1-1	3065910	S	1055	192	1247	0.00004
Janthinobacterium sp. 17J80-10	2497863	S	763	47	810	0.00002
Janthinobacterium sp. 1_2014MBL_MicDiv	1644131	S	622	124	746	0.00002
Janthinobacterium sp. B9-8	1236179	S	398	112	510	0.00001
Janthinobacterium sp. LM6	1938606	S	374	157	531	0.00001
Janthinobacterium sp. PAMC25594	2861284	S	349	143	492	0.00001
Janthinobacterium sp. NFX145	3415602	S	223	373	596	0.00002
Janthinobacterium sp. HH102	1537274	S	107	320	427	0.00001
Janthinobacterium sp. SUN098	3002437	S	62	237	299	0.00001
Janthinobacterium agaricidamnosum	55508	S	1060	349	1409	0.00004
Janthinobacterium lividum	29581	S	541	1141	1682	0.00005
Janthinobacterium svalbardensis	368607	S	470	186	656	0.00002
Janthinobacterium aestuarii	2985511	S	407	146	553	0.00002
Janthinobacterium rivuli	2751478	S	338	346	684	0.00002
Janthinobacterium tructae	2590869	S	293	123	416	0.00001
Undibacterium sp. CCC3.4	3048609	S	617	29	646	0.00002
Undibacterium sp. YM2	2058625	S	522	53	575	0.00002
Undibacterium sp. KW1	2058624	S	388	39	427	0.00001
Undibacterium sp. WLHG33	3412482	S	360	573	933	0.00003
Undibacterium sp. WLX3042	3412686	S	109	163	272	0.00001
Undibacterium cyanobacteriorum	3073561	S	560	14	574	0.00002
Undibacterium parvum	401471	S	296	18	314	0.00001
Collimonas pratensis	279113	S	1204	118	1322	0.00004
Collimonas fungivorans	158899	S	1106	92	1198	0.00003
Collimonas arenae	279058	S	979	77	1056	0.00003
Noviherbaspirillum sp. UKPF54	2601898	S	1012	70	1082	0.00003
Noviherbaspirillum sp. ST 5-3	3349878	S	923	48	971	0.00003
Herminiimonas arsenitoxidans	1809410	S	497	16	513	0.00001
Glaciimonas sp. PAMC28666	2807626	S	387	15	402	0.00001
Actimicrobium sp. CCC2.4	3048606	S	378	27	405	0.00001
Candidatus Zinderia endosymbiont of Aphrophora alni	3077951	S	98	8	106	0.00000
Achromobacter sp. AONIH1	1758194	S	1204	535	1739	0.00005
Achromobacter sp. MFA1 R4	1881016	S	746	108	854	0.00002
Achromobacter sp. JD417	2893881	S	386	849	1235	0.00003
Achromobacter sp. 77	2756133	S	224	733	957	0.00003
Achromobacter sp. B7	2282475	S	213	397	610	0.00002
Achromobacter sp. ES-001	2860286	S	200	459	659	0.00002
Achromobacter sp. HNDS-1	3151598	S	193	407	600	0.00002
Achromobacter sp. E1	3141581	S	137	665	802	0.00002
Achromobacter sp. CF-sbj1-Ac2-l	3444091	S	127	791	918	0.00003
Achromobacter sp. EB05	3142974	S	72	400	472	0.00001
Achromobacter sp. PD1	3399125	S	60	270	330	0.00001
Achromobacter xylosoxidans	85698	S	3246	2175	5421	0.00015
Achromobacter spanius	217203	S	2212	2947	5159	0.00014
Achromobacter denitrificans	32002	S	1604	383	1987	0.00006
Achromobacter insolitus	217204	S	1586	202	1788	0.00005
Achromobacter mucicolens	1389922	S	1549	2688	4237	0.00012
Achromobacter deleyi	1353891	S	1364	453	1817	0.00005
Achromobacter marplatensis	470868	S	1123	381	1504	0.00004
Achromobacter seleniivolatilans	3047478	S	893	37	930	0.00003
Achromobacter pestifer	1353889	S	869	442	1311	0.00004
Achromobacter piechaudii	72556	S	823	75	898	0.00003
Achromobacter veterisilvae	2069367	S	822	108	930	0.00003
Achromobacter aegrifaciens	1287736	S	155	638	793	0.00002
Achromobacter ruhlandii	72557	S	143	303	446	0.00001
Bordetella sp. N	1746199	S	1272	54	1326	0.00004
Bordetella sp. H567	1697043	S	1055	39	1094	0.00003
Bordetella bronchialis	463025	S	1471	65	1536	0.00004
Bordetella hinzii	103855	S	1398	334	1732	0.00005
Bordetella petrii	94624	S	1149	922	2071	0.00006
Bordetella genomosp. 13	463040	S	1148	313	1461	0.00004
Bordetella genomosp. 9	1416803	S	1140	130	1270	0.00004
Bordetella genomosp. 8	1416806	S	1049	44	1093	0.00003
Bordetella flabilis	463014	S	956	26	982	0.00003
Bordetella trematum	123899	S	848	157	1005	0.00003
Bordetella holmesii	35814	S	844	278	1122	0.00003
Bordetella pseudohinzii	1331258	S	798	116	914	0.00003
Bordetella bronchiseptica	518	S	635	1834	2469	0.00007
Bordetella avium	521	S	572	28	600	0.00002
Bordetella pertussis	520	S	285	2332	2617	0.00007
Bordetella genomosp. 6	463024	S	206	246	452	0.00001
Bordetella parapertussis	519	S	48	237	285	0.00001
Alcaligenes sp. WGS1538	3366811	S	835	50	885	0.00002
Alcaligenes sp. SDU_A2	3136634	S	596	23	619	0.00002
Alcaligenes sp. SORT26	2813780	S	333	37	370	0.00001
Alcaligenes sp. 1735tsa3	2953809	S	49	186	235	0.00001
Alcaligenes sp. SMD-FA	2991054	S	37	208	245	0.00001
Alcaligenes faecalis	511	S	1765	1376	3141	0.00009
Alcaligenes aquatilis	323284	S	130	362	492	0.00001
Alcaligenes nematophilus	2994643	S	103	518	621	0.00002
Pigmentiphaga sp. CHJ604	3081984	S	977	530	1507	0.00004
Pigmentiphaga sp. H8	2488560	S	831	216	1047	0.00003
Pigmentiphaga litoralis	516702	S	1186	81	1267	0.00004
Pigmentiphaga aceris	1940612	S	931	15	946	0.00003
Advenella mimigardefordensis	302406	S	2054	115	2169	0.00006
Advenella kashmirensis	310575	S	1604	81	1685	0.00005
Advenella alkanexedens	1481665	S	443	74	517	0.00001
Advenella sp. S44	1982755	S	33	44	77	0.00000
Castellaniella ginsengisoli	546114	S	1040	152	1192	0.00003
Castellaniella defragrans	75697	S	858	339	1197	0.00003
Castellaniella sp. MT123	3140381	S	548	28	576	0.00002
Orrella dioscoreae	1851544	S	907	89	996	0.00003
Orrella daihaiensis	2782176	S	381	9	390	0.00001
Orrella marina	2163011	S	349	62	411	0.00001
Oligella urethralis	90245	S	611	47	658	0.00002
Oligella ureolytica	90244	S	609	149	758	0.00002
Oligella sp. MSHR50489EDL	3139409	S	263	31	294	0.00001
Pollutimonas sp. M17	2962065	S	838	38	876	0.00002
Pollutimonas thiosulfatoxidans	2028345	S	583	264	847	0.00002
Taylorella equigenitalis	29575	S	903	38	941	0.00003
Taylorella asinigenitalis	84590	S	351	13	364	0.00001
Neopusillimonas aromaticivorans	2979868	S	515	234	749	0.00002
Neopusillimonas maritima	2026239	S	242	94	336	0.00001
Neopusillimonas aestuarii	2716226	S	232	74	306	0.00001
Paralcaligenes sp. KSB-10	2901142	S	1063	19	1082	0.00003
Parapusillimonas sp. JC17	3445768	S	912	429	1341	0.00004
Kerstersia gyiorum	206506	S	763	87	850	0.00002
Ampullimonas aquatilis	1341549	S	566	90	656	0.00002
Pusillimonas sp. T7-7	1007105	S	551	62	613	0.00002
Pelistega ratti	2652177	S	514	24	538	0.00002
Basilea psittacipulmonis	1472345	S	423	14	437	0.00001
Paenalcaligenes faecalis	2980099	S	337	57	394	0.00001
Roseateles sp. DAIF2	2714952	S	1900	242	2142	0.00006
Roseateles sp. MS654	3412685	S	1189	117	1306	0.00004
Roseateles sp. So40a	3400226	S	1083	148	1231	0.00003
Roseateles sp. SL47	2995138	S	1039	91	1130	0.00003
Paucibacter sp. KCTC 42545	1768242	S	958	94	1052	0.00003
Roseateles sp.	1971397	S	852	77	929	0.00003
Mitsuaria sp. 7	1658665	S	787	198	985	0.00003
Roseateles sp. UC29_93	3350177	S	413	297	710	0.00002
Roseateles sp. L2-2	3422597	S	218	1092	1310	0.00004
Paucibacter sediminis	3019553	S	1476	137	1613	0.00005
Roseateles chitinivorans	2917965	S	1358	1284	2642	0.00007
Roseateles amylovorans	2978473	S	1267	73	1340	0.00004
Roseateles depolymerans	76731	S	1133	74	1207	0.00003
Kinneretia aquatilis	2070761	S	1071	75	1146	0.00003
Roseateles noduli	2052484	S	298	178	476	0.00001
Piscinibacter gummiphilus	946333	S	2738	456	3194	0.00009
Piscinibacter sp. XHJ-5	3037797	S	1238	61	1299	0.00004
Piscinibacter sakaiensis	1547922	S	1041	33	1074	0.00003
Rubrivivax gelatinosus	28068	S	2978	288	3266	0.00009
Rubrivivax sp. RP6-9	3415750	S	1541	131	1672	0.00005
Caldimonas thermodepolymerans	215580	S	1373	486	1859	0.00005
Caldimonas aquatica	376175	S	1139	417	1556	0.00004
Caldimonas brevitalea	413882	S	1045	62	1107	0.00003
Methylibium sp.	2067992	S	1510	364	1874	0.00005
Methylibium sp. Pch-M	2082386	S	307	289	596	0.00002
Methylibium sp. T29-B	1437443	S	11	289	300	0.00001
Methylibium petroleiphilum	105560	S	714	455	1169	0.00003
Sphaerotilus microaerophilus	2914710	S	1395	426	1821	0.00005
Sphaerotilus sulfidivorans	639200	S	804	340	1144	0.00003
Sphaerotilus natans	34103	S	620	294	914	0.00003
Aquincola tertiaricarbonis	391953	S	1959	413	2372	0.00007
Ideonella dechloratans	36863	S	1190	696	1886	0.00005
Leptothrix cholodnii	34029	S	1053	99	1152	0.00003
Inhella inkyongensis	392593	S	1027	63	1090	0.00003
Azohydromonas lata	45677	S	27	0	27	0.00000
Thiomonas sp. X19	1050370	S	821	588	1409	0.00004
Thiomonas intermedia	926	S	823	105	928	0.00003
Thiomonas arsenitoxydans	426114	S	218	486	704	0.00002
Aquabacterium sp. J223	2898431	S	1427	145	1572	0.00004
Aquabacterium sp. OR-4	2978127	S	357	6	363	0.00001
Aquabacterium olei	1296669	S	1049	130	1179	0.00003
Xylophilus rhododendri	2697032	S	1295	184	1479	0.00004
Xylophilus sp. GOD-11R	3089814	S	946	98	1044	0.00003
Tepidimonas sp. HKU77	3414503	S	105	1121	1226	0.00003
Tepidimonas taiwanensis	307486	S	721	167	888	0.00002
Eleftheria terrae	1597781	S	1355	98	1453	0.00004
Rhizobacter sp. AJA081-3	2753607	S	1350	101	1451	0.00004
Piscinibacterium candidicorallinum	1793872	S	913	17	930	0.00003
Candidatus Ichthyocystis hellenicum	1561003	S	394	1	395	0.00001
Sutterella faecalis	2584944	S	1275	33	1308	0.00004
Sutterella wadsworthensis	40545	S	1237	46	1283	0.00004
Sutterella megalosphaeroides	2494234	S	819	26	845	0.00002
Duodenibacillus massiliensis	1852381	S	951	9	960	0.00003
Turicimonas muris	1796652	S	794	11	805	0.00002
Neisseria sp. CCUG12390	3392035	S	571	34	605	0.00002
Neisseria sp. Ec49-e6-T10	3140744	S	396	7	403	0.00001
Neisseria sp. oral taxon 014	641148	S	324	117	441	0.00001
Neisseria sp. CCUG17229	3392036	S	178	62	240	0.00001
Neisseria sp. Dent CA1/247	2912675	S	159	68	227	0.00001
Neisseria sp. KEM232	655307	S	141	385	526	0.00001
Neisseria sp. Marseille-Q5346	2972775	S	112	124	236	0.00001
Neisseria sp. 23W00296	3373603	S	100	306	406	0.00001
Neisseria sp. DTU_2021_1001991_1_SI_NGA_ILE_055	3077590	S	91	147	238	0.00001
Neisseria sp. CP9	3388843	S	85	107	192	0.00001
Neisseria sp. RH3002v2g	1871109	S	46	68	114	0.00000
Neisseria sp. Marseille-Q6792	2937985	S	29	38	67	0.00000
Neisseria leonii	2995413	S	762	44	806	0.00002
Neisseria subflava	28449	S	664	709	1373	0.00004
Neisseria dumasiana	1931275	S	657	228	885	0.00002
Neisseria shayeganii	607712	S	635	71	706	0.00002
Neisseria elongata	495	S	624	243	867	0.00002
Neisseria meningitidis	487	S	607	1165	1772	0.00005
Neisseria chenwenguii	1853278	S	592	41	633	0.00002
Neisseria bacilliformis	267212	S	538	99	637	0.00002
Neisseria zalophi	640030	S	538	31	569	0.00002
Neisseria musculi	1815583	S	497	19	516	0.00001
Neisseria arctica	1470200	S	478	33	511	0.00001
Neisseria animaloris	326522	S	475	89	564	0.00002
Neisseria yangbaofengii	2709396	S	466	37	503	0.00001
Neisseria animalis	492	S	408	94	502	0.00001
Neisseria lisongii	2912188	S	380	35	415	0.00001
Neisseria dentiae	194197	S	341	17	358	0.00001
Neisseria gonorrhoeae	485	S	338	501	839	0.00002
Neisseria weaveri	28091	S	311	78	389	0.00001
Neisseria lactamica	486	S	310	354	664	0.00002
Neisseria canis	493	S	283	58	341	0.00001
Neisseria wadsworthii	607711	S	278	44	322	0.00001
Neisseria brasiliensis	2666100	S	277	153	430	0.00001
Neisseria cinerea	483	S	267	163	430	0.00001
Neisseria weixii	1853276	S	263	22	285	0.00001
Neisseria sicca	490	S	240	435	675	0.00002
Neisseria zoodegmatis	326523	S	105	65	170	0.00000
Neisseria polysaccharea	489	S	97	179	276	0.00001
Neisseria mucosa	488	S	93	337	430	0.00001
Neisseria macacae	496	S	47	100	147	0.00000
Neisseria flavescens	484	S	46	40	86	0.00000
Neisseria perflava	33053	S	21	324	345	0.00001
Uruburuella testudinis	1282863	S	2497	204	2701	0.00008
Uruburuella suis	252130	S	1186	88	1274	0.00004
Kingella oralis	505	S	776	109	885	0.00002
Kingella denitrificans	502	S	391	178	569	0.00002
Kingella potus	265175	S	388	26	414	0.00001
Kingella negevensis	1522312	S	327	147	474	0.00001
Kingella kingae	504	S	248	98	346	0.00001
Snodgrassella alvi	1196083	S	1808	105	1913	0.00005
Snodgrassella communis	2946699	S	191	7	198	0.00001
Eikenella corrodens	539	S	521	468	989	0.00003
Eikenella halliae	1795832	S	259	347	606	0.00002
Eikenella exigua	2528037	S	211	125	336	0.00001
Vitreoscilla filiformis	63	S	988	117	1105	0.00003
Vitreoscilla massiliensis	1689272	S	375	17	392	0.00001
Vitreoscilla stercoraria	61	S	46	124	170	0.00000
Vitreoscilla sp. C1	96942	S	14	43	57	0.00000
Conchiformibius kuhniae	211502	S	701	27	728	0.00002
Conchiformibius steedae	153493	S	449	29	478	0.00001
Paralysiella testudinis	2809020	S	891	72	963	0.00003
Alysiella crassa	153491	S	320	50	370	0.00001
Alysiella filiformis	194196	S	315	42	357	0.00001
Bergeriella denitrificans	494	S	633	162	795	0.00002
Crenobacter cavernae	2290923	S	584	63	647	0.00002
Wielerella bovis	2917790	S	541	53	594	0.00002
Simonsiella muelleri	72	S	281	32	313	0.00001
Aquella oligotrophica	2067065	S	278	2	280	0.00001
Morococcus cerebrosus	1056807	S	29	284	313	0.00001
Chromobacterium sp. ATCC 53434	2059672	S	970	201	1171	0.00003
Chromobacterium sp. IIBBL 290-4	2953890	S	851	96	947	0.00003
Chromobacterium sp. CV08	3133274	S	643	156	799	0.00002
Chromobacterium sp. Beijing	2735795	S	309	447	756	0.00002
Chromobacterium phragmitis	2202141	S	1149	172	1321	0.00004
Chromobacterium violaceum	536	S	1122	250	1372	0.00004
Chromobacterium subtsugae	251747	S	977	133	1110	0.00003
Chromobacterium vaccinii	1108595	S	967	311	1278	0.00004
Chromobacterium amazonense	1382803	S	618	72	690	0.00002
Chromobacterium paludis	2605945	S	574	88	662	0.00002
Chromobacterium piscinae	686831	S	425	201	626	0.00002
Chromobacterium rhizoryzae	1778675	S	336	1229	1565	0.00004
Chromobacterium haemolyticum	394935	S	323	2190	2513	0.00007
Paludibacterium yongneupense	400061	S	1123	64	1187	0.00003
Paludibacterium sp. B53371	2806263	S	25	705	730	0.00002
Paludibacterium sp. THUN1379	3112107	S	13	367	380	0.00001
Paludibacterium paludis	1225769	S	764	56	820	0.00002
Aquitalea aquatilis	1537400	S	805	112	917	0.00003
Aquitalea sp. USM4	1590041	S	494	135	629	0.00002
Aquitalea magnusonii	332411	S	491	146	637	0.00002
Aquitalea denitrificans	519081	S	433	108	541	0.00002
Vogesella sp. LIG4	1192162	S	1076	58	1134	0.00003
Vogesella sp. XCS3	2877939	S	429	44	473	0.00001
Pseudogulbenkiania sp. NH8B	748280	S	631	64	695	0.00002
Chitinibacter sp. S2-10	3373597	S	498	75	573	0.00002
Chitinibacter sp. SCUT-21	2970891	S	458	85	543	0.00002
Chitinibacter mangrovi	3153927	S	608	93	701	0.00002
Chitinibacter bivalviorum	2739434	S	403	212	615	0.00002
Chitinibacter fontanus	1737446	S	399	62	461	0.00001
Chitinimonas koreensis	356302	S	1548	121	1669	0.00005
Chitinimonas arctica	2594795	S	890	33	923	0.00003
Jeongeupia sp. USM3	1906741	S	753	117	870	0.00002
Jeongeupia sp. HS-3	1009682	S	608	73	681	0.00002
Jeongeupia wiesaeckerbachi	3051218	S	672	66	738	0.00002
Chitiniphilus eburneus	2571148	S	841	55	896	0.00003
Chitiniphilus purpureus	2981137	S	713	236	949	0.00003
Chitinolyticbacter meiyuanensis	682798	S	1171	139	1310	0.00004
Deefgea piscis	2739061	S	635	109	744	0.00002
Deefgea tanakiae	2865840	S	332	51	383	0.00001
Iodobacter fluviatilis	537	S	546	118	664	0.00002
Iodobacter ciconiae	2496266	S	400	91	491	0.00001
Silvimonas soli	2980100	S	891	31	922	0.00003
Laribacter hongkongensis	168471	S	1125	838	1963	0.00006
Microvirgula aerodenitrificans	57480	S	959	47	1006	0.00003
Aquaspirillum sp. LM1	1938604	S	798	38	836	0.00002
Thauera sp. K11	2005884	S	1156	937	2093	0.00006
Thauera sp. JM12B12	3142262	S	950	175	1125	0.00003
Thauera sp. GDN1	2944810	S	644	293	937	0.00003
Thauera sp. WB-2	2897772	S	543	158	701	0.00002
Thauera butanivorans	86174	S	1175	587	1762	0.00005
Thauera humireducens	1134435	S	1050	307	1357	0.00004
Thauera aminoaromatica	164330	S	742	575	1317	0.00004
Thauera aromatica	59405	S	568	564	1132	0.00003
Thauera chlorobenzoica	96773	S	438	209	647	0.00002
Azoarcus sp. DD4	2027405	S	1189	632	1821	0.00005
Azoarcus sp. KH32C	748247	S	1005	58	1063	0.00003
Azoarcus sp. CIB	198107	S	931	325	1256	0.00004
Azoarcus sp. DN11	356837	S	929	256	1185	0.00003
Azoarcus olearius	418699	S	1006	218	1224	0.00003
Nitrogeniibacter aestuarii	2815343	S	866	27	893	0.00003
Nitrogeniibacter mangrovi	2016596	S	674	41	715	0.00002
Parazoarcus communis	41977	S	1240	214	1454	0.00004
Pseudothauera hydrothermalis	2184083	S	685	151	836	0.00002
Pseudazoarcus pumilus	2067960	S	577	56	633	0.00002
Azospira inquinata	2785627	S	1078	59	1137	0.00003
Azospira restricta	404405	S	882	170	1052	0.00003
Azospira sp. I09	1765049	S	311	665	976	0.00003
Azospira sp. APE16	3394231	S	151	445	596	0.00002
Azospira oryzae	146939	S	140	490	630	0.00002
Aromatoleum aromaticum	551760	S	899	394	1293	0.00004
Aromatoleum evansii	59406	S	770	160	930	0.00003
Aromatoleum petrolei	76116	S	657	149	806	0.00002
Aromatoleum bremense	76115	S	595	228	823	0.00002
Aromatoleum buckelii	200254	S	17	10	27	0.00000
Niveibacterium microcysteis	2811415	S	1093	67	1160	0.00003
Niveibacterium sp. SC-1	3135646	S	950	43	993	0.00003
Niveibacterium terrae	3373598	S	887	48	935	0.00003
Oryzomicrobium terrae	1735038	S	797	69	866	0.00002
Dechloromonas sp. ARDL1	3322121	S	945	342	1287	0.00004
Dechloromonas sp. A34	447588	S	641	25	666	0.00002
Dechloromonas sp. HYN0024	2231055	S	612	35	647	0.00002
Dechloromonas sp. TW-R-39-2	2654218	S	313	92	405	0.00001
Dechloromonas denitrificans	281362	S	1002	606	1608	0.00005
Dechloromonas aquae	2664436	S	574	27	601	0.00002
Ferribacterium limneticum	76259	S	2105	95	2200	0.00006
Azonexus sp. IMCC34839	3133695	S	766	36	802	0.00002
Azonexus sp. IMCC34842	3420950	S	365	453	818	0.00002
Azonexus hydrophilus	418702	S	840	365	1205	0.00003
Quatrionicoccus australiensis	138118	S	652	74	726	0.00002
Fluviibacter phosphoraccumulans	1751046	S	452	54	506	0.00001
Methyloversatilis sp.	2569862	S	990	89	1079	0.00003
Methyloversatilis sp. RAC08	1842540	S	716	58	774	0.00002
Denitratisoma sp. DHT3	1981880	S	866	548	1414	0.00004
Denitratisoma oestradiolicum	311182	S	841	114	955	0.00003
Sulfuricystis thermophila	2496847	S	627	253	880	0.00002
Sulfuricystis multivorans	2211108	S	451	50	501	0.00001
Sulfuritalea hydrogenivorans	748811	S	948	35	983	0.00003
Sterolibacterium denitrificans	157592	S	813	100	913	0.00003
Rugosibacter aromaticivorans	1565605	S	650	63	713	0.00002
Candidatus Methylopumilus universalis	2588536	S	585	416	1001	0.00003
Candidatus Methylopumilus planktonicus	1581557	S	526	334	860	0.00002
Candidatus Methylopumilus turicensis	1581680	S	369	11	380	0.00001
Candidatus Methylopumilus rimovensis	2588535	S	331	6	337	0.00001
Methylophilus sp. DW102	3095607	S	576	28	604	0.00002
Methylophilus sp. TWE2	1662285	S	302	47	349	0.00001
Methylophilus methylotrophus	17	S	264	43	307	0.00001
Methylophilus medardicus	2588534	S	198	5	203	0.00001
Methylovorus glucosotrophus	266009	S	329	301	630	0.00002
Methylovorus sp. MP688	887061	S	143	146	289	0.00001
Methylotenera mobilis	359408	S	455	10	465	0.00001
Methylotenera versatilis	1055487	S	310	6	316	0.00001
Methylobacillus flagellatus	405	S	654	102	756	0.00002
Methyloradius palustris	2778876	S	353	8	361	0.00001
Nitrosomonas sp. sh817	3070658	S	565	6	571	0.00002
Nitrosomonas sp. Is79A3	261292	S	344	5	349	0.00001
Nitrosomonas sp.	42353	S	309	4	313	0.00001
Nitrosomonas sp. H1_AOB3	2741553	S	20	109	129	0.00000
Nitrosomonas ureae	44577	S	840	8	848	0.00002
Nitrosomonas eutropha	916	S	398	87	485	0.00001
Nitrosomonas europaea	915	S	264	801	1065	0.00003
Nitrosospira multiformis	1231	S	803	7	810	0.00002
Nitrosospira sp. Is2	3080532	S	601	6	607	0.00002
Nitrosospira sp. NRS527	155925	S	177	70	247	0.00001
Nitrosospira lacus	1288494	S	533	5	538	0.00002
Nitrosospira briensis	35799	S	319	141	460	0.00001
Candidatus Ferrigenium straubiae	2919506	S	716	24	740	0.00002
Ferrigenium kumadai	1682490	S	699	34	733	0.00002
Sideroxydans sp. CL21	2600596	S	768	20	788	0.00002
Sideroxydans lithotrophicus	63745	S	524	24	548	0.00002
Candidatus Nitrotoga arctica	453162	S	468	68	536	0.00002
Candidatus Nitrotoga sp. AM1P	2559597	S	404	65	469	0.00001
Sideroxyarcus emersonii	2764705	S	701	40	741	0.00002
Gallionella capsiferriformans	370405	S	667	23	690	0.00002
Ferriphaselus amnicola	1188319	S	244	11	255	0.00001
Sulfuriferula sp. GW1	3345111	S	956	36	992	0.00003
Sulfuriferula sp. AH1	1985873	S	549	65	614	0.00002
Sulfuriferula plumbiphila	171865	S	549	49	598	0.00002
Sulfuriferula nivalis	2675298	S	369	12	381	0.00001
Sulfurimicrobium lacus	2715678	S	771	31	802	0.00002
Sulfuricella denitrificans	649841	S	548	22	570	0.00002
Thiobacillus denitrificans	36861	S	787	47	834	0.00002
Thiobacillus sedimenti	3110231	S	638	92	730	0.00002
Thiobacillus sp.	924	S	614	130	744	0.00002
Sulfuritortus calidifontis	1914471	S	781	336	1117	0.00003
Usitatibacter rugosus	2732067	S	1148	23	1171	0.00003
Usitatibacter palustris	2732487	S	895	26	921	0.00003
Candidatus Kinetoplastidibacterium desouzai	994692	S	560	45	605	0.00002
Candidatus Kinetoplastidibacterium crithidiae	33056	S	252	0	252	0.00001
Candidatus Kinetoplastidibacterium blastocrithidiae	233181	S	213	0	213	0.00001
Candidatus Kinetoplastidibacterium kentomonadis	1576550	S	206	16	222	0.00001
Candidatus Kinetoplastidibacterium galati	994695	S	130	13	143	0.00000
Candidatus Kinetoplastidibacterium stringomonadis	994696	S	129	11	140	0.00000
Candidatus Accumulibacter phosphatis	327160	S	1165	109	1274	0.00004
Casimicrobium huifangae	2591109	S	876	170	1046	0.00003
Chitinivorax sp. PXF-14	3230488	S	872	116	988	0.00003
Candidatus Profftella armatura (Diaphorina cf. continua)	2661583	S	104	14	118	0.00000
Candidatus Profftella armatura	669502	S	99	16	115	0.00000
Candidatus Nasuia deltocephalincola	1160784	S	102	1	103	0.00000
Ferrovum myxofaciens	416213	S	683	9	692	0.00002
Acidithiobacillus sulfuriphilus	1867749	S	1140	40	1180	0.00003
Acidithiobacillus ferriphilus	1689834	S	622	67	689	0.00002
Acidithiobacillus sp. M4-SHS-6	3383024	S	338	4	342	0.00001
Acidithiobacillus sp. AMEEHan	2994951	S	244	6	250	0.00001
Acidithiobacillus sp. 'AMD consortium'	2614801	S	34	621	655	0.00002
Acidithiobacillus caldus	33059	S	589	52	641	0.00002
Acidithiobacillus ferrivorans	160808	S	457	75	532	0.00001
Acidithiobacillus ferrianus	2678518	S	374	12	386	0.00001
Acidithiobacillus thiooxidans	930	S	327	30	357	0.00001
Acidithiobacillus ferrooxidans	920	S	319	212	531	0.00001
Acidithiobacillus montserratensis	2729135	S	251	13	264	0.00001
Acidithiobacillus ferruginosus	3063951	S	199	103	302	0.00001
Acidithiobacillus ferridurans	1232575	S	22	220	242	0.00001
Thermithiobacillus tepidarius	929	S	1692	207	1899	0.00005
Mariprofundus ferrinatatus	1921087	S	758	63	821	0.00002
Mariprofundus aestuarium	1921086	S	558	50	608	0.00002
Magnetococcus marinus	1124597	S	1004	0	1004	0.00003
Hydrogenophilus thermoluteolus	297	S	585	22	607	0.00002
Bacteroides thetaiotaomicron	818	S	444180	59809	503989	0.01415
Bacteroides ovatus	28116	S	352536	685533	1038069	0.02915
Bacteroides intestinalis	329854	S	260913	15610	276523	0.00777
Bacteroides sp. M10	2763022	S	113765	85667	199432	0.00560
Bacteroides sp. D2	556259	S	43649	68420	112069	0.00315
Bacteroides sp. KFT8	2025659	S	19860	25849	45709	0.00128
Bacteroides sp. CG01	3096000	S	17209	2634	19843	0.00056
Bacteroides sp. DH3716P	2847299	S	2027	17732	19759	0.00055
Bacteroides sp. A1C1	2528203	S	1161	5782	6943	0.00019
Bacteroides sp. CACC 737	2755405	S	1065	4079	5144	0.00014
Bacteroides sp. BFG-257	2972761	S	958	44602	45560	0.00128
Bacteroides sp. HF-162	2785531	S	531	3695	4226	0.00012
Bacteroides sp. ZJ-18	2709390	S	478	3514	3992	0.00011
Bacteroides sp. PHL 2737	2162637	S	18	3506	3524	0.00010
Bacteroides sp. KG123	3369153	S	16	2455	2471	0.00007
Bacteroides cellulosilyticus	246787	S	232222	107854	340076	0.00955
Bacteroides nordii	291645	S	135193	15876	151069	0.00424
Bacteroides maternus	3117552	S	117236	19459	136695	0.00384
Bacteroides faecium	2715212	S	89385	2191	91576	0.00257
Bacteroides helcogenes	290053	S	43263	273	43536	0.00122
Bacteroides xylanisolvens	371601	S	36926	39320	76246	0.00214
Bacteroides uniformis	820	S	36478	22432	58910	0.00165
Bacteroides faecis	674529	S	28593	6047	34640	0.00097
Bacteroides fragilis	817	S	27079	23421	50500	0.00142
Bacteroides stercoris	46506	S	25312	3626	28938	0.00081
Bacteroides eggerthii	28111	S	23657	2981	26638	0.00075
Bacteroides salyersiae	291644	S	21967	1499	23466	0.00066
Bacteroides caccae	47678	S	21243	2019	23262	0.00065
Bacteroides zhangwenhongii	2650157	S	18718	13247	31965	0.00090
Bacteroides luhongzhouii	2650158	S	13630	1925	15555	0.00044
Bacteroides hominis	2763023	S	10311	54109	64420	0.00181
Bacteroides caecimuris	1796613	S	10250	1991	12241	0.00034
Bacteroides graminisolvens	477666	S	9537	12	9549	0.00027
Bacteroides zoogleoformans	28119	S	8629	1104	9733	0.00027
Bacteroides finegoldii	338188	S	8014	4556	12570	0.00035
Bacteroides pyogenes	310300	S	7853	256	8109	0.00023
Prevotella heparinolytica	28113	S	7713	1028	8741	0.00025
Bacteroides difficilis	2763021	S	6017	5199	11216	0.00032
uncultured Bacteroides sp.	162156	S	5131	26	5157	0.00014
Bacteroides sedimenti	2136147	S	4581	28	4609	0.00013
Bacteroides humanifaecis	2792859	S	1075	6240	7315	0.00021
Phocaeicola vulgatus	821	S	29558	18092	47650	0.00134
Phocaeicola dorei	357276	S	23642	19095	42737	0.00120
Phocaeicola salanitronis	376805	S	6584	231	6815	0.00019
Phocaeicola coprophilus	387090	S	6494	680	7174	0.00020
Parabacteroides faecis	1217282	S	67479	5048	72527	0.00204
Parabacteroides sp. ASD2025	3415987	S	39343	2100	41443	0.00116
Parabacteroides sp. CT06	2025876	S	48	1054	1102	0.00003
Parabacteroides merdae	46503	S	36701	8037	44738	0.00126
Parabacteroides goldsteinii	328812	S	29530	1356	30886	0.00087
Parabacteroides johnsonii	387661	S	29236	4332	33568	0.00094
Parabacteroides distasonis	823	S	25094	17520	42614	0.00120
Parabacteroides chongii	2685834	S	13729	572	14301	0.00040
Parabacteroides absconsus	2951805	S	2542	95	2637	0.00007
Tannerella forsythia	28112	S	1384	40	1424	0.00004
Tannerella serpentiformis	712710	S	1383	20	1403	0.00004
uncultured Alistipes sp.	538949	S	22788	1328	24116	0.00068
Alistipes onderdonkii	328813	S	20126	5348	25474	0.00072
Alistipes senegalensis	1288121	S	14284	4782	19066	0.00054
Alistipes finegoldii	214856	S	14194	6553	20747	0.00058
Alistipes dispar	2585119	S	11658	403	12061	0.00034
Alistipes sp. i18-0019-D1	3132707	S	7612	1786	9398	0.00026
Alistipes sp. dk3624	2662363	S	3274	78	3352	0.00009
Alistipes indistinctus	626932	S	10299	402	10701	0.00030
Alistipes shahii	328814	S	10274	6577	16851	0.00047
Alistipes communis	2585118	S	9400	1230	10630	0.00030
Alistipes megaguti	2364787	S	8459	448	8907	0.00025
Alistipes putredinis	28117	S	5165	688	5853	0.00016
Alistipes ihumii	1470347	S	3316	36	3352	0.00009
uncultured Acetobacteroides sp.	1760811	S	1520	39	1559	0.00004
Prevotella sp. Rep29	2691580	S	1602	26	1628	0.00005
Prevotella sp. E2-28	2913620	S	1375	56	1431	0.00004
Prevotella sp. E13-17	2913616	S	1254	39	1293	0.00004
Prevotella sp. E9-3	2913621	S	1191	61	1252	0.00004
Prevotella sp. E15-22	2937774	S	1088	62	1150	0.00003
Prevotella sp. oral taxon 475	712471	S	1001	28	1029	0.00003
Prevotella sp. oral taxon 299	652716	S	576	53	629	0.00002
Prevotella melaninogenica	28132	S	3298	641	3939	0.00011
Prevotella communis	2913614	S	2712	99	2811	0.00008
Prevotella intermedia	28131	S	2554	686	3240	0.00009
Prevotella dentalis	52227	S	2038	400	2438	0.00007
Prevotella denticola	28129	S	1427	367	1794	0.00005
Prevotella herbatica	2801997	S	1292	9	1301	0.00004
Prevotella jejuni	1177574	S	1113	385	1498	0.00004
Prevotella nigrescens	28133	S	964	420	1384	0.00004
Prevotella histicola	470565	S	825	102	927	0.00003
Prevotella veroralis	28137	S	796	157	953	0.00003
Prevotella multiformis	282402	S	778	278	1056	0.00003
Prevotella bivia	28125	S	737	61	798	0.00002
Prevotella corporis	28128	S	692	88	780	0.00002
Prevotella fusca	589436	S	575	105	680	0.00002
Prevotella scopos	589437	S	470	175	645	0.00002
Segatella copri	165179	S	9816	480	10296	0.00029
Segatella oris	28135	S	1132	217	1349	0.00004
Segatella hominis	2518605	S	1064	219	1283	0.00004
Segatella bryantii	77095	S	633	1121	1754	0.00005
Segatella baroniae	305719	S	193	735	928	0.00003
Paraprevotella clara	454154	S	1666	486	2152	0.00006
Paraprevotella xylaniphila	454155	S	1205	349	1554	0.00004
Xylanibacter ruminicola	839	S	2666	29	2695	0.00008
Hoylesella buccalis	28127	S	998	200	1198	0.00003
Hoylesella enoeca	76123	S	705	280	985	0.00003
Pseudoprevotella muciniphila	2133944	S	1259	11	1270	0.00004
Butyricimonas paravirosa	1472417	S	7898	3129	11027	0.00031
Butyricimonas faecihominis	1472416	S	7461	2543	10004	0.00028
Butyricimonas virosa	544645	S	5546	852	6398	0.00018
Butyricimonas faecalis	2093856	S	3881	556	4437	0.00012
Odoribacter splanchnicus	28118	S	2467	46	2513	0.00007
Dysgonomonas sp. HDW5A	2714926	S	854	707	1561	0.00004
Dysgonomonas sp. HDW5B	2714927	S	770	627	1397	0.00004
Dysgonomonas capnocytophagoides	45254	S	1838	110	1948	0.00005
Proteiniphilum saccharofermentans	1642647	S	1611	28	1639	0.00005
Proteiniphilum propionicum	2829812	S	1255	50	1305	0.00004
Petrimonas mucosa	1642646	S	1149	179	1328	0.00004
Petrimonas sulfuriphila	285070	S	489	370	859	0.00002
Petrimonas sp.	2023866	S	415	340	755	0.00002
Limibacterium fermenti	3229863	S	1579	14	1593	0.00004
Porphyromonas gingivalis	837	S	1594	53	1647	0.00005
Porphyromonas pogonae	867595	S	998	125	1123	0.00003
Porphyromonas sp. oral taxon 275	712435	S	893	5	898	0.00003
Porphyromonas cangingivalis	36874	S	725	34	759	0.00002
Porphyromonas crevioricanis	393921	S	632	13	645	0.00002
Porphyromonas endodontalis	28124	S	523	11	534	0.00001
Porphyromonas somerae	322095	S	499	17	516	0.00001
Porphyromonas levii	28114	S	378	5	383	0.00001
Porphyromonas asaccharolytica	28123	S	364	7	371	0.00001
Macellibacteroides fermentans	879969	S	4001	59	4060	0.00011
Coprobacter secundus	1501392	S	3417	217	3634	0.00010
Coprobacter fastidiosus	1099853	S	1878	45	1923	0.00005
Barnesiella sp. An22	1965590	S	1704	185	1889	0.00005
Barnesiella viscericola	397865	S	1300	240	1540	0.00004
Barnesiella intestinihominis	487174	S	1268	67	1335	0.00004
Muribaculum gordoncarteri	2530390	S	1649	112	1761	0.00005
Muribaculum intestinale	1796646	S	1230	27	1257	0.00004
Duncaniella sp. C9	2530392	S	11	1573	1584	0.00004
Duncaniella dubosii	2518971	S	1281	66	1347	0.00004
Sodaliphilus pleomorphus	2606626	S	2127	49	2176	0.00006
Paramuribaculum intestinale	2094151	S	1483	30	1513	0.00004
Paludibacter propionicigenes	185300	S	1486	0	1486	0.00004
Salinivirga cyanobacteriivorans	1307839	S	765	0	765	0.00002
Tenuifilum thalassicum	2590900	S	636	1	637	0.00002
Candidatus Azobacteroides pseudotrichonymphae	511435	S	402	0	402	0.00001
uncultured Draconibacterium sp.	1573823	S	3890	187	4077	0.00011
Draconibacterium orientale	1168034	S	1920	268	2188	0.00006
Draconibacterium halophilum	2706887	S	759	21	780	0.00002
Maribellus comscasis	2681766	S	1486	26	1512	0.00004
Gaoshiqia hydrogeniformans	3290090	S	1477	11	1488	0.00004
Halosquirtibacter laminarini	3374600	S	760	29	789	0.00002
Halosquirtibacter xylanolyticus	3374599	S	617	16	633	0.00002
Mangrovibacterium marinum	1639118	S	1199	66	1265	0.00004
Aquipluma nitroreducens	2010828	S	1184	3	1187	0.00003
Labilibaculum sp.	2060723	S	1459	76	1535	0.00004
Labilibaculum antarcticum	1717717	S	1454	77	1531	0.00004
Marinifilum fragile	570161	S	1889	84	1973	0.00006
Marinifilum sp.	2033137	S	984	27	1011	0.00003
Alkalitalea saponilacus	889453	S	1485	8	1493	0.00004
Xiashengella succiniciproducens	2949635	S	866	128	994	0.00003
Flavobacterium sp.	239	S	1759	264	2023	0.00006
Flavobacterium sp. B183	907046	S	1570	1319	2889	0.00008
Flavobacterium sp. xlx-214	2654325	S	1333	90	1423	0.00004
Flavobacterium sp. N2038	2986829	S	1321	191	1512	0.00004
Flavobacterium sp. I3-2	2748319	S	1043	516	1559	0.00004
Flavobacterium sp. MDT1-60	1979344	S	940	89	1029	0.00003
Flavobacterium sp. CLA17	2724135	S	927	73	1000	0.00003
Flavobacterium sp. KBS0721	1179672	S	897	130	1027	0.00003
Flavobacterium sp. 2	308053	S	838	145	983	0.00003
Flavobacterium sp. RS13.1	3400345	S	815	128	943	0.00003
Flavobacterium sp. HNIBRBA15423	3458683	S	788	29	817	0.00002
Flavobacterium sp. SLB02	2665645	S	779	98	877	0.00002
Flavobacterium sp. W1B	3394146	S	762	75	837	0.00002
Flavobacterium sp. SM2513	3424766	S	753	22	775	0.00002
Flavobacterium sp. PS2	3384157	S	749	61	810	0.00002
Flavobacterium sp. MMS24-S5	3416605	S	747	297	1044	0.00003
Flavobacterium sp. M31R6	2739062	S	733	60	793	0.00002
Flavobacterium sp. WV_118_3	3151764	S	725	43	768	0.00002
Flavobacterium sp. YJ01	3031997	S	723	490	1213	0.00003
Flavobacterium sp. N1736	2986823	S	707	81	788	0.00002
Flavobacterium sp. N1994	2986827	S	705	20	725	0.00002
Flavobacterium sp. 140616W15	2478552	S	689	59	748	0.00002
Flavobacterium sp. N3904	2986835	S	647	40	687	0.00002
Flavobacterium sp. P21	3423948	S	640	110	750	0.00002
Flavobacterium sp. TMP13	3425950	S	622	33	655	0.00002
Flavobacterium sp. N502536	2986837	S	598	135	733	0.00002
Flavobacterium sp. 25HG05S-40	3458682	S	558	18	576	0.00002
Flavobacterium sp. CS20	2775246	S	549	103	652	0.00002
Flavobacterium sp. Sr18	935222	S	540	45	585	0.00002
Flavobacterium sp. CECT 9288	2845819	S	530	156	686	0.00002
Flavobacterium sp. TR2	2977321	S	527	160	687	0.00002
Flavobacterium sp. GSB-24	2994319	S	518	158	676	0.00002
Flavobacterium sp. KACC 22761	3092665	S	510	105	615	0.00002
Flavobacterium sp. NG2	3097547	S	507	39	546	0.00002
Flavobacterium sp. N2820	2986834	S	477	39	516	0.00001
Flavobacterium sp. K5-23	2746225	S	471	35	506	0.00001
Flavobacterium sp. N1719	2885633	S	463	9	472	0.00001
Flavobacterium sp. N2270	2986831	S	454	45	499	0.00001
Flavobacterium sp. N502540	2986838	S	450	299	749	0.00002
Flavobacterium sp. JP2137	3414510	S	416	27	443	0.00001
Flavobacterium sp. KACC 22763	3025668	S	414	331	745	0.00002
Flavobacterium sp. CFS9	3143118	S	399	129	528	0.00001
Flavobacterium sp. ZE23DGlu08	3059026	S	374	44	418	0.00001
Flavobacterium sp. CHNK8	2871165	S	336	96	432	0.00001
Flavobacterium sp. KS-LB2	3120525	S	301	27	328	0.00001
Flavobacterium sp. IMCC34518	3003623	S	221	808	1029	0.00003
Flavobacterium sp. LPB0248	2614441	S	215	174	389	0.00001
Flavobacterium sp. KACC 22758	3025667	S	196	358	554	0.00002
Flavobacterium sp. WC2430	3234137	S	159	277	436	0.00001
Flavobacterium sp. WC2409	3234139	S	87	843	930	0.00003
Flavobacterium sp. WC2421	3234138	S	47	493	540	0.00002
Flavobacterium sp. WC2416	3234141	S	46	1584	1630	0.00005
Flavobacterium sp. WC2429	3234140	S	33	708	741	0.00002
Flavobacterium dauae	1563479	S	4228	641	4869	0.00014
Flavobacterium anhuiense	459526	S	1943	494	2437	0.00007
Flavobacterium johnsoniae	986	S	1639	1510	3149	0.00009
Flavobacterium faecale	1355330	S	1462	117	1579	0.00004
Flavobacterium psychrophilum	96345	S	1141	89	1230	0.00003
Flavobacterium pectinovorum	29533	S	1140	160	1300	0.00004
Flavobacterium ovatum	1928857	S	1085	95	1180	0.00003
Flavobacterium ginsenosidimutans	687844	S	982	284	1266	0.00004
Flavobacterium haoranii	683124	S	965	238	1203	0.00003
Flavobacterium panacagri	3034146	S	928	267	1195	0.00003
uncultured Flavobacterium sp.	165435	S	920	150	1070	0.00003
Flavobacterium cerinum	2502784	S	917	57	974	0.00003
Flavobacterium aestivum	3003257	S	894	50	944	0.00003
Flavobacterium commune	1306519	S	860	60	920	0.00003
Flavobacterium gelatinilyticum	3003260	S	858	155	1013	0.00003
Flavobacterium flavipigmentatum	2893884	S	852	88	940	0.00003
Flavobacterium nackdongense	2547394	S	832	26	858	0.00002
Flavobacterium marginilacus	3003256	S	827	46	873	0.00002
Flavobacterium aquiphilum	3003261	S	795	44	839	0.00002
Flavobacterium mekongense	3379707	S	789	28	817	0.00002
Flavobacterium indicum	312277	S	778	33	811	0.00002
Flavobacterium columnare	996	S	760	583	1343	0.00004
Flavobacterium gilvum	1492737	S	753	36	789	0.00002
Flavobacterium soyae	2903098	S	728	132	860	0.00002
Flavobacterium album	2175091	S	725	13	738	0.00002
Flavobacterium davisii	2906077	S	724	122	846	0.00002
Flavobacterium azooxidireducens	1871076	S	693	14	707	0.00002
Flavobacterium magnum	2162713	S	690	18	708	0.00002
Flavobacterium cupriresistens	2893885	S	689	70	759	0.00002
Flavobacterium alkalisoli	2602769	S	681	13	694	0.00002
Flavobacterium flavigenum	3003258	S	680	189	869	0.00002
Flavobacterium crocinum	2183896	S	675	195	870	0.00002
Flavobacterium gyeonganense	1310418	S	659	234	893	0.00003
Flavobacterium bizetiae	2704140	S	655	136	791	0.00002
Flavobacterium endoglycinae	2816357	S	647	70	717	0.00002
Flavobacterium capsici	3075618	S	626	17	643	0.00002
Flavobacterium limnophilum	3003262	S	623	40	663	0.00002
Flavobacterium eburneipallidum	3003263	S	619	30	649	0.00002
Flavobacterium inviolabile	2748320	S	615	34	649	0.00002
Flavobacterium cyclinae	2895947	S	607	89	696	0.00002
Flavobacterium lacustre	3016339	S	586	45	631	0.00002
Flavobacterium galactosidilyticum	2893886	S	580	76	656	0.00002
Flavobacterium psychrotrophum	2294119	S	562	9	571	0.00002
Flavobacterium agricola	2870839	S	558	48	606	0.00002
Flavobacterium ginsengisoli	871694	S	549	222	771	0.00002
Flavobacterium okayamense	2830782	S	537	97	634	0.00002
Flavobacterium oreochromis	2906078	S	537	89	626	0.00002
Flavobacterium branchiophilum	55197	S	532	13	545	0.00002
Flavobacterium sediminis	2201181	S	517	240	757	0.00002
Flavobacterium kingsejongi	1678728	S	503	62	565	0.00002
Flavobacterium humidisoli	2937442	S	502	188	690	0.00002
Flavobacterium ardleyense	2038737	S	496	18	514	0.00001
Flavobacterium tructae	1114873	S	488	517	1005	0.00003
Flavobacterium luteolum	3003259	S	480	314	794	0.00002
Flavobacterium collinsii	1114861	S	471	135	606	0.00002
Flavobacterium fluviale	2249356	S	466	144	610	0.00002
Flavobacterium channae	2897181	S	457	99	556	0.00002
Flavobacterium sangjuense	2518177	S	444	12	456	0.00001
Flavobacterium arcticum	1784713	S	437	14	451	0.00001
Flavobacterium acetivorans	2893883	S	421	43	464	0.00001
Flavobacterium pallidum	2172098	S	407	10	417	0.00001
Flavobacterium ammonificans	1751056	S	402	47	449	0.00001
Flavobacterium nitrogenifigens	1617283	S	390	310	700	0.00002
Flavobacterium nitratireducens	992289	S	384	28	412	0.00001
Flavobacterium nakdongensis	3073563	S	373	16	389	0.00001
Flavobacterium crassostreae	1763534	S	327	28	355	0.00001
Flavobacterium ammoniigenes	1751095	S	316	30	346	0.00001
Flavobacterium litorale	2856519	S	312	8	320	0.00001
Flavobacterium rivulicola	2732161	S	271	25	296	0.00001
Flavobacterium praedii	3002900	S	255	955	1210	0.00003
Flavobacterium covae	2906076	S	134	3624	3758	0.00011
Polaribacter sp. R77954	3093870	S	879	53	932	0.00003
Polaribacter sp. KT25b	1855336	S	840	53	893	0.00003
Polaribacter sp. SA4-12	1312072	S	761	59	820	0.00002
Polaribacter sp. ALD11	2058137	S	717	101	818	0.00002
Polaribacter sp. Hel1_33_78	1336804	S	686	50	736	0.00002
Polaribacter sp. NJDZ03	2855841	S	679	256	935	0.00003
Polaribacter sp. Q13	2806551	S	606	89	695	0.00002
Polaribacter sp. MED152	313598	S	537	39	576	0.00002
Polaribacter sp. SA4-10	754397	S	502	28	530	0.00001
Polaribacter sp. L3A8	2686361	S	480	139	619	0.00002
Polaribacter sp. HL-MS24	3077735	S	248	34	282	0.00001
Polaribacter sp. AHE13PA	2745562	S	187	654	841	0.00002
Polaribacter sp. KT 15	1896175	S	178	265	443	0.00001
Polaribacter sp. BM10	1529069	S	165	143	308	0.00001
Polaribacter sp. R2A056_3_33	2745563	S	143	524	667	0.00002
Polaribacter sp. HaHaR_3_91	2745561	S	65	255	320	0.00001
Polaribacter batillariae	2808900	S	957	43	1000	0.00003
Polaribacter reichenbachii	996801	S	864	48	912	0.00003
Polaribacter huanghezhanensis	1354726	S	749	38	787	0.00002
Polaribacter cellanae	2818493	S	683	32	715	0.00002
Polaribacter pectinis	2738844	S	677	130	807	0.00002
Polaribacter vadi	1774273	S	674	38	712	0.00002
Polaribacter litorisediminis	1908341	S	633	43	676	0.00002
Polaribacter marinivivus	1524260	S	631	141	772	0.00002
Polaribacter haliotis	1888915	S	607	116	723	0.00002
Polaribacter dokdonensis	326329	S	588	67	655	0.00002
Polaribacter gangjinensis	574710	S	576	79	655	0.00002
Polaribacter sejongensis	985043	S	553	198	751	0.00002
Polaribacter tangerinus	1920034	S	502	37	539	0.00002
Polaribacter atrinae	1333662	S	405	130	535	0.00002
Polaribacter pacificus	1775173	S	361	57	418	0.00001
Polaribacter staleyi	2022337	S	335	493	828	0.00002
Polaribacter butkevichii	218490	S	301	515	816	0.00002
Polaribacter marinaquae	1642819	S	91	146	237	0.00001
Tenacibaculum sp. C7A-26P2	3447504	S	890	50	940	0.00003
Tenacibaculum sp. ZS6-P6	3447503	S	849	153	1002	0.00003
Tenacibaculum sp. nBUS_03	3395320	S	707	34	741	0.00002
Tenacibaculum sp. SZ-18	754423	S	629	39	668	0.00002
Tenacibaculum sp. A30	3442644	S	329	175	504	0.00001
Tenacibaculum sp. HL-MS23	3077734	S	132	594	726	0.00002
Tenacibaculum retecalamus	3018315	S	1413	320	1733	0.00005
Tenacibaculum ovolyticum	104270	S	1401	232	1633	0.00005
Tenacibaculum maritimum	107401	S	1277	93	1370	0.00004
Tenacibaculum vairaonense	3137860	S	958	59	1017	0.00003
Tenacibaculum jejuense	584609	S	865	65	930	0.00003
Tenacibaculum tangerinum	3038772	S	771	46	817	0.00002
Tenacibaculum polynesiense	3137857	S	726	65	791	0.00002
Tenacibaculum todarodis	1850252	S	655	85	740	0.00002
Tenacibaculum platacis	3137852	S	551	27	578	0.00002
Tenacibaculum mesophilum	104268	S	534	206	740	0.00002
Tenacibaculum insulae	2029677	S	521	114	635	0.00002
Tenacibaculum aestuariivivum	2006131	S	461	107	568	0.00002
Tenacibaculum soleae	447689	S	454	139	593	0.00002
Tenacibaculum ascidiaceicola	1699411	S	394	57	451	0.00001
Tenacibaculum pacificus	3018314	S	355	116	471	0.00001
Tenacibaculum dicentrarchi	669041	S	330	155	485	0.00001
Tenacibaculum singaporense	2358479	S	300	163	463	0.00001
Tenacibaculum finnmarkense	2781243	S	229	82	311	0.00001
Flagellimonas sp.	2058762	S	4013	836	4849	0.00014
Flagellimonas sp. HMM57	2905121	S	457	7	464	0.00001
Flagellimonas sp. CMM7	2654676	S	443	31	474	0.00001
Flagellimonas sp. W118	3410791	S	385	12	397	0.00001
Flagellimonas sp. S174	3410790	S	367	2	369	0.00001
Flagellimonas sp. MMG031	3158549	S	22	129	151	0.00000
Flagellimonas maritima	1383885	S	497	6	503	0.00001
Flagellimonas ruestringensis	111501	S	456	13	469	0.00001
Flagellimonas cixiensis	3228750	S	448	7	455	0.00001
Flagellimonas oceani	2698672	S	410	159	569	0.00002
Flagellimonas marinaquae	254955	S	405	456	861	0.00002
Flagellimonas aurea	2915619	S	382	73	455	0.00001
Flagellimonas lutaonensis	516051	S	343	63	406	0.00001
Flagellimonas alvinocaridis	2530200	S	292	8	300	0.00001
Flagellimonas alginolytica	3177515	S	81	184	265	0.00001
Capnocytophaga sp. ARDL2	3238809	S	492	39	531	0.00001
Capnocytophaga sp. oral taxon 878	1316596	S	480	56	536	0.00002
Capnocytophaga sp. oral taxon 864	1316593	S	77	103	180	0.00001
Capnocytophaga sp. oral taxon 323	1705617	S	71	103	174	0.00000
Capnocytophaga sp. oral taxon 902	2748316	S	71	204	275	0.00001
Capnocytophaga sp. H2931	1945657	S	69	287	356	0.00001
Capnocytophaga sp. H4358	1945658	S	20	88	108	0.00000
Capnocytophaga canimorsus	28188	S	1126	132	1258	0.00004
Capnocytophaga gingivalis	1017	S	617	24	641	0.00002
Capnocytophaga stomatis	1848904	S	608	49	657	0.00002
Capnocytophaga ochracea	1018	S	600	587	1187	0.00003
Capnocytophaga sputigena	1019	S	597	74	671	0.00002
Capnocytophaga haemolytica	45243	S	579	18	597	0.00002
Capnocytophaga cynodegmi	28189	S	521	84	605	0.00002
Capnocytophaga granulosa	45242	S	430	7	437	0.00001
Capnocytophaga endodontalis	2708117	S	356	82	438	0.00001
Capnocytophaga leadbetteri	327575	S	129	337	466	0.00001
Capnocytophaga canis	1848903	S	101	280	381	0.00001
Aquimarina sp. AD10	1714849	S	1311	39	1350	0.00004
Aquimarina sp. BL5	1714860	S	1176	52	1228	0.00003
Aquimarina sp. TRL1	2736252	S	735	42	777	0.00002
Aquimarina sp. ERC-38	2949996	S	734	14	748	0.00002
Aquimarina sp. AD1	1714848	S	573	360	933	0.00003
Aquimarina sp. Aq107	1191912	S	388	253	641	0.00002
Aquimarina sp. LLG6339-5	3160830	S	360	203	563	0.00002
Aquimarina macrocephali	666563	S	1080	33	1113	0.00003
Aquimarina muelleri	279356	S	916	41	957	0.00003
Aquimarina besae	3342247	S	626	29	655	0.00002
Aquimarina rhodophyticola	3342246	S	565	27	592	0.00002
Maribacter sp. HTCC2170	313603	S	645	12	657	0.00002
Maribacter sp. R86514	3093854	S	605	42	647	0.00002
Maribacter sp. BPC-D8	3053613	S	577	46	623	0.00002
Maribacter sp. X9	3402159	S	463	10	473	0.00001
Maribacter sp. R77961	3093871	S	453	25	478	0.00001
Maribacter sp. LLG6340-A2	3160834	S	436	29	465	0.00001
Maribacter sp. IgM3_T14_3	3415140	S	402	43	445	0.00001
Maribacter sp. MJ134	2496865	S	342	28	370	0.00001
Maribacter sp. 1_2014MBL_MicDiv	1644130	S	146	203	349	0.00001
Maribacter hydrothermalis	1836467	S	689	31	720	0.00002
Maribacter halichondriae	2980554	S	664	8	672	0.00002
Maribacter litopenaei	2976127	S	478	39	517	0.00001
Maribacter aestuarii	1130723	S	445	26	471	0.00001
Maribacter litoralis	2059726	S	432	58	490	0.00001
Maribacter cobaltidurans	1178778	S	324	229	553	0.00002
Maribacter dokdonensis	320912	S	310	202	512	0.00001
Winogradskyella sp. R77965	3093872	S	836	45	881	0.00002
Winogradskyella sp. PG-2	754409	S	773	40	813	0.00002
Winogradskyella sp. HB-48	3416808	S	514	33	547	0.00002
Winogradskyella sp. HaHa_3_26	2749995	S	483	114	597	0.00002
Winogradskyella sp. PC-19	754417	S	453	78	531	0.00001
Winogradskyella sp.	1883156	S	450	7	457	0.00001
Winogradskyella sp. MH6	2929510	S	419	38	457	0.00001
Winogradskyella sp. J14-2	1936080	S	410	27	437	0.00001
Winogradskyella sp. MIT101101	3098297	S	192	125	317	0.00001
Winogradskyella forsetii	2686077	S	854	146	1000	0.00003
Winogradskyella sediminis	1382466	S	547	83	630	0.00002
Winogradskyella helgolandensis	2697010	S	495	62	557	0.00002
Winogradskyella schleiferi	2686078	S	450	125	575	0.00002
Winogradskyella ouciana	2608631	S	272	192	464	0.00001
Myroides odoratus	256	S	2069	61	2130	0.00006
Myroides sp. JBRI-B21084	3119977	S	974	167	1141	0.00003
Myroides sp. ZB35	1458492	S	63	133	196	0.00001
Myroides sp. A21	1583100	S	44	97	141	0.00000
Myroides albus	2562892	S	749	111	860	0.00002
Myroides phaeus	702745	S	640	115	755	0.00002
Myroides fluvii	2572594	S	640	33	673	0.00002
Myroides odoratimimus	76832	S	433	569	1002	0.00003
Myroides profundi	480520	S	326	34	360	0.00001
Nonlabens sp. Ci31	2608253	S	520	19	539	0.00002
Nonlabens sp. Hel1_33_55	1336802	S	422	17	439	0.00001
Nonlabens sp. MB-3u-79	2058134	S	381	22	403	0.00001
Nonlabens sp. SCSIO 43208	2793009	S	272	399	671	0.00002
Nonlabens sp. MIC269	1476901	S	57	66	123	0.00000
Nonlabens sp. SY33080	2719911	S	50	67	117	0.00000
Nonlabens ponticola	2496866	S	1710	82	1792	0.00005
Nonlabens marinus	930802	S	524	36	560	0.00002
Nonlabens ulvanivorans	906888	S	482	40	522	0.00001
Nonlabens dokdonensis	328515	S	401	24	425	0.00001
Nonlabens spongiae	331648	S	331	61	392	0.00001
Nonlabens tegetincola	323273	S	112	151	263	0.00001
Cellulophaga sp. HaHaR_3_176	1942464	S	750	45	795	0.00002
Cellulophaga sp. L1A9	2686362	S	490	126	616	0.00002
Cellulophaga sp. HaHa_2_95	2745558	S	68	104	172	0.00000
Cellulophaga sp. HaHa_2_1	2749994	S	66	109	175	0.00000
Cellulophaga lytica	979	S	879	227	1106	0.00003
Cellulophaga omnivescoria	1888890	S	690	167	857	0.00002
Cellulophaga baltica	76594	S	637	276	913	0.00003
Cellulophaga algicola	59600	S	441	36	477	0.00001
Formosa sp. L2A11	2686363	S	1057	118	1175	0.00003
Formosa sp. 4Alg 33	3382189	S	598	92	690	0.00002
Formosa sp. A9	3442641	S	543	25	568	0.00002
Formosa sp. Hel1_33_131	1336794	S	465	13	478	0.00001
Formosa sp. Hel3_A1_48	1336795	S	336	86	422	0.00001
Formosa sp. Hel1_31_208	1798225	S	310	18	328	0.00001
Formosa sediminum	2594004	S	703	63	766	0.00002
Formosa agariphila	320324	S	447	100	547	0.00002
Gramella sp. MAR_2010_147	1250205	S	574	18	592	0.00002
Christiangramia sp. OXR-203	3100176	S	480	168	648	0.00002
Gramella sp. MT6	2705471	S	387	17	404	0.00001
Christiangramia sp. LLG6405-1	3160832	S	279	43	322	0.00001
Christiangramia fulva	2126553	S	701	19	720	0.00002
Christiangramia echinicola	279359	S	658	19	677	0.00002
Christiangramia forsetii	411153	S	515	60	575	0.00002
Christiangramia salexigens	1913577	S	426	10	436	0.00001
Christiangramia flava	1486245	S	367	52	419	0.00001
Algibacter sp. L1A34	2686365	S	628	126	754	0.00002
Algibacter sp. R77976	3093873	S	598	68	666	0.00002
Algibacter sp. AS12	3135773	S	528	40	568	0.00002
Algibacter sp. L3A6	2686366	S	397	252	649	0.00002
Algibacter luteus	1178825	S	714	50	764	0.00002
Algibacter lectus	221126	S	395	195	590	0.00002
Lacinutrix sp. 5H-3-7-4	983544	S	953	192	1145	0.00003
Lacinutrix sp. WUR7	2653681	S	805	78	883	0.00002
Lacinutrix sp. Bg11-31	2057808	S	449	32	481	0.00001
Lacinutrix venerupis	1486034	S	712	77	789	0.00002
Lacinutrix neustonica	2980107	S	517	107	624	0.00002
Mariniflexile sp. TRM1-10	2027857	S	859	35	894	0.00003
Mariniflexile sp. AS56	3063957	S	645	141	786	0.00002
Mariniflexile litorale	3045158	S	887	46	933	0.00003
Mariniflexile fucanivorans	264023	S	825	48	873	0.00002
Kordia sp.	1965332	S	754	40	794	0.00002
Kordia sp. SMS9	2282170	S	497	16	513	0.00001
Kordia antarctica	1218801	S	849	37	886	0.00002
Kordia algicida	221066	S	652	33	685	0.00002
Aequorivita sublithincola	101385	S	605	61	666	0.00002
Aequorivita nionensis	1287690	S	528	449	977	0.00003
Aequorivita marisscotiae	3040348	S	449	170	619	0.00002
Aequorivita ciconiae	2494375	S	435	17	452	0.00001
Zunongwangia sp. SCSIO 43204	2779359	S	1013	472	1485	0.00004
Zunongwangia sp. HGR-M22	3015168	S	416	168	584	0.00002
Zunongwangia sp. HRR-M8	3015170	S	233	102	335	0.00001
Zunongwangia profunda	398743	S	600	373	973	0.00003
Leeuwenhoekiella sp. H156	3450128	S	736	17	753	0.00002
Leeuwenhoekiella sp. LLG6367-2.1	3160833	S	474	51	525	0.00001
Leeuwenhoekiella sp. ZYFB001	2719912	S	240	140	380	0.00001
Leeuwenhoekiella sp. A16	3141462	S	49	472	521	0.00001
Leeuwenhoekiella sp. A2	3141460	S	24	288	312	0.00001
Leeuwenhoekiella palythoae	573501	S	169	139	308	0.00001
Zobellia laminariae	248906	S	802	29	831	0.00002
Zobellia alginiliquefaciens	3032586	S	658	41	699	0.00002
Zobellia galactanivorans	63186	S	567	21	588	0.00002
Zobellia russellii	248907	S	415	29	444	0.00001
Lutibacter sp. A80	2918453	S	760	142	902	0.00003
Lutibacter sp. A64	2918526	S	702	134	836	0.00002
Lutibacter profundi	1622118	S	662	11	673	0.00002
Seonamhaeicola sp. MEBiC01930	2976768	S	733	27	760	0.00002
Seonamhaeicola sp. S2-3	1936081	S	695	51	746	0.00002
Seonamhaeicola sp. ML3	2937786	S	569	13	582	0.00002
Salegentibacter sp. T436	1729720	S	750	547	1297	0.00004
Salegentibacter salegens	143223	S	507	29	536	0.00002
Salegentibacter mishustinae	270918	S	479	311	790	0.00002
Dokdonia sp. Dokd-P16	2173169	S	291	47	338	0.00001
Dokdonia sp. 4H-3-7-5	983548	S	238	55	293	0.00001
Dokdonia sp. MED134	313590	S	198	216	414	0.00001
Dokdonia sp. R86516	3093856	S	160	224	384	0.00001
Dokdonia sp. LLG6352-1	3160831	S	84	87	171	0.00000
Dokdonia sp. PRO95	1239415	S	68	92	160	0.00000
Dokdonia donghaensis	326320	S	92	75	167	0.00000
Flavivirga eckloniae	1803846	S	903	27	930	0.00003
Flavivirga abyssicola	3063533	S	852	34	886	0.00002
Robiginitalea sp. IMCC43444	3459121	S	406	89	495	0.00001
Robiginitalea sp. IMCC44478	3459122	S	353	68	421	0.00001
Robiginitalea biformata	252307	S	812	19	831	0.00002
Antarcticibacterium sp. 1MA-6-2	2908210	S	690	45	735	0.00002
Antarcticibacterium flavum	2058175	S	524	76	600	0.00002
Antarcticibacterium arcticum	2585771	S	449	23	472	0.00001
Allomuricauda sp. R78024	3093867	S	586	64	650	0.00002
Allomuricauda sp. SCSIO 65647	2908843	S	583	3	586	0.00002
Allomuricauda sp. SCSIO 64092	2908842	S	447	3	450	0.00001
Olleya sp. R77988	3093875	S	491	36	527	0.00001
Olleya sp. HaHaR_3_96	2745560	S	327	281	608	0.00002
Olleya sp. YS	3028318	S	315	30	345	0.00001
Olleya sp. Bg11-27	2058135	S	143	111	254	0.00001
Pontimicrobium sp. SW4	3153519	S	787	46	833	0.00002
Pontimicrobium sp. IMCC45349	3391574	S	603	86	689	0.00002
Arenibacter algicola	616991	S	693	258	951	0.00003
Arenibacter antarcticus	2040469	S	595	16	611	0.00002
Thalassobellus suaedae	3074124	S	1250	91	1341	0.00004
Psychroflexus sp. ALD_RP9	2777186	S	633	52	685	0.00002
Psychroflexus torquis	57029	S	510	6	516	0.00001
Aestuariibaculum lutulentum	2920935	S	647	39	686	0.00002
Aestuariibaculum sp. YM273	3070659	S	462	30	492	0.00001
Psychroserpens ponticola	2932268	S	563	52	615	0.00002
Psychroserpens sp. NJDZ02	2570561	S	515	320	835	0.00002
Salinimicrobium sp. 3283s	3114359	S	206	127	333	0.00001
Salinimicrobium sp. TIG7-5_MAKvit	3121289	S	149	82	231	0.00001
Salinimicrobium tongyeongense	2809707	S	480	75	555	0.00002
Mangrovimonas sp. YM274	3070660	S	491	35	526	0.00001
Mangrovimonas cancribranchiae	3080055	S	484	21	505	0.00001
Mesoflavibacter sp. SCSIO 43206	2779362	S	473	156	629	0.00002
Mesoflavibacter profundi	2708110	S	30	401	431	0.00001
Pseudalgibacter alginicilyticus	1736674	S	927	94	1021	0.00003
Urechidicola croceus	1850246	S	888	265	1153	0.00003
Flaviramulus sp. BrNp1-15	2916754	S	808	76	884	0.00002
Aureibaculum algae	2584122	S	778	35	813	0.00002
Sinomicrobium kalidii	2900738	S	767	4	771	0.00002
Wenyingzhuangia fucanilytica	1790137	S	736	41	777	0.00002
Paenimyroides aestuarii	2968490	S	736	886	1622	0.00005
Rasiella rasia	2744027	S	365	18	383	0.00001
Rasiella sp. SM2506	3423914	S	354	15	369	0.00001
Patiriisocius sp. Uisw_017	3230968	S	425	17	442	0.00001
Patiriisocius sp. Uisw_047	3230969	S	268	24	292	0.00001
Daejeonia sp. YH14	3439042	S	675	268	943	0.00003
Abyssalbus ytuae	2926907	S	668	11	679	0.00002
Amniculibacterium sp. G2-70	2767188	S	648	326	974	0.00003
Allotamlana fucoidanivorans	2583814	S	632	27	659	0.00002
Galbibacter sp. BG1	1170699	S	619	22	641	0.00002
Zhouia spongiae	2202721	S	618	79	697	0.00002
Costertonia aggregata	343403	S	610	111	721	0.00002
Gillisia sp. Hel1_33_143	1336796	S	608	174	782	0.00002
Croceibacter atlanticus	313588	S	595	70	665	0.00002
Candidatus Marifrigoribacter sp. Uisw_064	3230970	S	577	35	612	0.00002
Aggregatimonas sangjinii	2583587	S	566	6	572	0.00002
Marixanthomonas sp. SCSIO 43207	2779360	S	565	96	661	0.00002
Tamlana sp. s12	1630406	S	554	215	769	0.00002
Changchengzhania lutea	2049305	S	531	17	548	0.00002
Siansivirga zeaxanthinifaciens	762954	S	523	39	562	0.00002
Constantimarinum furrinae	2562285	S	484	27	511	0.00001
Hwangdonia lutea	3075823	S	482	59	541	0.00002
Lutimonas zeaxanthinifaciens	3060215	S	481	9	490	0.00001
Oceanihabitans sp. IOP_32	2529032	S	465	99	564	0.00002
Ulvibacterium sp.	2665914	S	457	1	458	0.00001
Vaginella massiliensis	1816680	S	450	191	641	0.00002
Pseudotamlana carrageenivorans	2069432	S	439	149	588	0.00002
Muriicola soli	2507538	S	431	6	437	0.00001
Aegicerativicinus sediminis	2893202	S	422	11	433	0.00001
Gilvibacter sp. SZ-19	754429	S	109	162	271	0.00001
Gilvibacter sp.	2729997	S	76	100	176	0.00000
Candidatus Arcticimaribacter forsetii	2820661	S	411	23	434	0.00001
Imtechella halotolerans	1165090	S	408	12	420	0.00001
Sediminicola sp. YIK13	1453352	S	377	7	384	0.00001
Bizionia sp. M204	2675331	S	377	38	415	0.00001
Euzebyella marina	1761453	S	367	117	484	0.00001
Pukyongia salina	2094025	S	228	10	238	0.00001
Chryseobacterium sp. PET-29	2983267	S	1676	1723	3399	0.00010
Chryseobacterium sp. MMS23-Vi53	3386644	S	938	51	989	0.00003
Chryseobacterium sp. JJR-5R	3093923	S	897	21	918	0.00003
Chryseobacterium sp. T16E-39	2015076	S	873	37	910	0.00003
Chryseobacterium sp. MEBOG07	2879939	S	837	61	898	0.00003
Chryseobacterium sp. SW-1	3157343	S	826	22	848	0.00002
Chryseobacterium sp. S-02	3404064	S	812	54	866	0.00002
Chryseobacterium sp. 3008163	2478663	S	781	78	859	0.00002
Chryseobacterium sp. 6424	2039166	S	758	65	823	0.00002
Chryseobacterium sp. MYb264	2745153	S	746	41	787	0.00002
Chryseobacterium sp. LJ668	2864040	S	741	27	768	0.00002
Chryseobacterium sp. SNU WT5	2594269	S	724	240	964	0.00003
Chryseobacterium sp. PMSZPI	1033900	S	692	48	740	0.00002
Chryseobacterium sp. StRB126	878220	S	689	60	749	0.00002
Chryseobacterium sp. POE27	3138177	S	688	85	773	0.00002
Chryseobacterium sp. CBSDS_008	3415265	S	684	59	743	0.00002
Chryseobacterium sp. MEBOG06	2879938	S	671	44	715	0.00002
Chryseobacterium sp. IHB B 17019	1721091	S	668	29	697	0.00002
Chryseobacterium sp. MA9	2966625	S	661	127	788	0.00002
Chryseobacterium sp. Y16C	2920939	S	642	197	839	0.00002
Chryseobacterium sp. G0201	2487065	S	634	50	684	0.00002
Chryseobacterium sp.	1871047	S	570	187	757	0.00002
Chryseobacterium sp. CY350	2997336	S	544	26	570	0.00002
Chryseobacterium sp. G0186	2487064	S	541	165	706	0.00002
Chryseobacterium sp. G0162	2487063	S	540	218	758	0.00002
Chryseobacterium sp. C-71	2893882	S	509	37	546	0.00002
Chryseobacterium sp. POL2	2713414	S	433	179	612	0.00002
Chryseobacterium sp. HR92	3094839	S	426	93	519	0.00001
Chryseobacterium sp. ZHDP1	2838877	S	404	123	527	0.00001
Chryseobacterium sp. KCF3-3	3231511	S	394	96	490	0.00001
Chryseobacterium sp. M5	3379128	S	306	210	516	0.00001
Chryseobacterium sp. PTM-20240506	3400631	S	216	172	388	0.00001
Chryseobacterium sp. Chry.R1	3139392	S	209	166	375	0.00001
Chryseobacterium sp. CP-77	3116594	S	156	273	429	0.00001
Chryseobacterium sp. SG20098	3074145	S	149	623	772	0.00002
Chryseobacterium sp. R2ACT005	3416668	S	143	213	356	0.00001
Chryseobacterium sp. PCH239	2825845	S	132	699	831	0.00002
Chryseobacterium sp. WX	3031803	S	126	743	869	0.00002
Chryseobacterium sp. JV274	1932669	S	43	259	302	0.00001
Chryseobacterium sp. D764	2856522	S	28	211	239	0.00001
Chryseobacterium indologenes	253	S	3197	607	3804	0.00011
Chryseobacterium indoltheticum	254	S	1738	168	1906	0.00005
Chryseobacterium arthrosphaerae	651561	S	1653	285	1938	0.00005
Chryseobacterium capnotolerans	2759528	S	1584	242	1826	0.00005
Chryseobacterium camelliae	1265445	S	1523	115	1638	0.00005
Chryseobacterium taklimakanense	536441	S	1470	335	1805	0.00005
Chryseobacterium gambrini	373672	S	1151	174	1325	0.00004
Chryseobacterium suipulveris	2929800	S	998	345	1343	0.00004
Chryseobacterium shandongense	1493872	S	992	226	1218	0.00003
Chryseobacterium fluminis	2983606	S	978	52	1030	0.00003
Chryseobacterium joostei	112234	S	912	170	1082	0.00003
Chryseobacterium paludis	2956784	S	851	31	882	0.00002
Chryseobacterium gleum	250	S	822	393	1215	0.00003
Chryseobacterium piperi	558152	S	758	25	783	0.00002
Chryseobacterium gallinarum	1324352	S	746	44	790	0.00002
Chryseobacterium scophthalmum	59733	S	727	324	1051	0.00003
Chryseobacterium oryzae	2929799	S	727	132	859	0.00002
Chryseobacterium carnipullorum	1124835	S	717	133	850	0.00002
Chryseobacterium balustinum	246	S	704	133	837	0.00002
Chryseobacterium oranimense	421058	S	699	34	733	0.00002
Chryseobacterium lactis	1241981	S	607	89	696	0.00002
Chryseobacterium glaciei	1685010	S	600	37	637	0.00002
Chryseobacterium manosquense	2754694	S	585	144	729	0.00002
Chryseobacterium aureum	2497456	S	564	44	608	0.00002
Chryseobacterium nakagawai	1241982	S	538	207	745	0.00002
Chryseobacterium daecheongense	192389	S	470	43	513	0.00001
Chryseobacterium bernardetii	1241978	S	386	1115	1501	0.00004
Chryseobacterium cucumeris	1813611	S	376	706	1082	0.00003
Chryseobacterium salivictor	2547600	S	365	66	431	0.00001
Chryseobacterium gotjawalense	3042315	S	351	64	415	0.00001
Chryseobacterium nepalense	1854498	S	167	180	347	0.00001
Chryseobacterium panacisoli	1807141	S	126	20	146	0.00000
Chryseobacterium rhizoplanae	1609531	S	119	426	545	0.00002
Kaistella faecalis	2852098	S	868	24	892	0.00003
Kaistella jeonii	266749	S	661	22	683	0.00002
Kaistella carnis	1241979	S	568	95	663	0.00002
Kaistella flava (ex Peng et al. 2021)	2038776	S	563	37	600	0.00002
Candidatus Kaistella beijingensis	2820270	S	549	81	630	0.00002
Kaistella sp. 97-N-M2	2908645	S	520	49	569	0.00002
Kaistella antarctica	266748	S	463	19	482	0.00001
Kaistella daneshvariae	2487074	S	459	21	480	0.00001
Kaistella polysaccharea	2878534	S	383	21	404	0.00001
Epilithonimonas vandammei	2487072	S	946	529	1475	0.00004
Epilithonimonas sp. UC225_85	3350167	S	767	19	786	0.00002
Epilithonimonas zeae	1416779	S	708	75	783	0.00002
Elizabethkingia anophelis	1117645	S	1759	1086	2845	0.00008
Elizabethkingia meningoseptica	238	S	979	19	998	0.00003
Elizabethkingia sp. JS20170427COW	2583851	S	660	27	687	0.00002
Elizabethkingia sp. M8	2796140	S	74	260	334	0.00001
Elizabethkingia sp. 2-6	2575699	S	29	308	337	0.00001
Elizabethkingia ursingii	1756150	S	678	60	738	0.00002
Elizabethkingia bruuniana	1756149	S	442	106	548	0.00002
Elizabethkingia miricola	172045	S	225	100	325	0.00001
Empedobacter brevis	247	S	2969	584	3553	0.00010
Empedobacter falsenii	343874	S	1152	851	2003	0.00006
Empedobacter stercoris	1628248	S	322	382	704	0.00002
Ornithobacterium rhinotracheale	28251	S	1974	233	2207	0.00006
Candidatus Ornithobacterium hominis	2497989	S	421	9	430	0.00001
Riemerella anatipestifer	34085	S	1548	168	1716	0.00005
Riemerella columbina	103810	S	392	62	454	0.00001
Cloacibacterium caeni	2004710	S	588	522	1110	0.00003
Cloacibacterium sp. TD35	2976818	S	278	109	387	0.00001
Cloacibacterium normanense	237258	S	238	233	471	0.00001
Apibacter sp. B3706	2656760	S	141	135	276	0.00001
Apibacter sp. ESL0432	2704652	S	136	240	376	0.00001
Apibacter sp. ESL0404	2704651	S	97	109	206	0.00001
Apibacter sp. B2966	2656761	S	81	142	223	0.00001
Apibacter raozihei	2500547	S	667	7	674	0.00002
Faecalibacter bovis	2898187	S	810	42	852	0.00002
Faecalibacter sp. LW9	3103144	S	620	28	648	0.00002
Bergeyella porcorum	1735111	S	489	90	579	0.00002
Bergeyella cardium	1585976	S	448	30	478	0.00001
Weeksella virosa	1014	S	689	160	849	0.00002
Cruoricaptor ignavus	1118202	S	667	45	712	0.00002
Marnyiella aurantia	2758037	S	494	21	515	0.00001
Blattabacterium cuenoti	1653831	S	6979	433	7412	0.00021
Blattabacterium sp. (Blaberus giganteus)	1186051	S	158	16	174	0.00000
Blattabacterium sp. (Mastotermes darwiniensis)	39768	S	150	2	152	0.00000
Blattabacterium sp. (Blatta orientalis)	367806	S	143	122	265	0.00001
Blattabacterium sp. (Blattella germanica)	624186	S	112	5	117	0.00000
Blattabacterium sp. DPU	2715232	S	110	6	116	0.00000
Blattabacterium sp. (Nauphoeta cinerea)	1316444	S	69	7	76	0.00000
Blattabacterium sp. (Cryptocercus kyebangensis)	298656	S	37	2	39	0.00000
Blattabacterium sp. (Cryptocercus punctulatus) str. Cpu	1075399	S	10	28	38	0.00000
Blattabacterium punctulatus	164514	S	179	187	366	0.00001
Blattabacterium clevelandi	164516	S	48	15	63	0.00000
Fluviicola taffensis	191579	S	616	24	640	0.00002
Fluviicola sp.	1917219	S	552	10	562	0.00002
Paracrocinitomix mangrovi	2862509	S	832	1	833	0.00002
Croceimicrobium hydrocarbonivorans	2761580	S	338	36	374	0.00001
Croceimicrobium sp.	2828340	S	319	36	355	0.00001
Owenweeksia hongkongensis	253245	S	374	4	378	0.00001
Candidatus Karelsulcia muelleri	336810	S	882	24	906	0.00003
Candidatus Walczuchella monophlebidarum	1415657	S	66	21	87	0.00000
Candidatus Walczuchella endosymbiont of Icerya purchasi	3066219	S	30	13	43	0.00000
Candidatus Shikimatogenerans bostrichidophilus	2943807	S	38	3	41	0.00000
Ichthyobacterium seriolicida	242600	S	613	0	613	0.00002
Parvicella tangerina	2829795	S	447	2	449	0.00001
Sanyastnella coralliicola	3069118	S	273	0	273	0.00001
Hymenobacter sp. PAMC 26628	1484118	S	1275	47	1322	0.00004
Hymenobacter sp. 5317J-9	2932250	S	1154	104	1258	0.00004
Hymenobacter sp. 102	3403152	S	1116	216	1332	0.00004
Hymenobacter sp. DG01	2584940	S	1111	447	1558	0.00004
Hymenobacter sp. YIM 151500-1	2987689	S	1051	37	1088	0.00003
Hymenobacter sp. NBH84	2596915	S	927	115	1042	0.00003
Hymenobacter sp. YIM 151858-1	2987688	S	881	43	924	0.00003
Hymenobacter sp. BRD128	2675878	S	864	26	890	0.00002
Hymenobacter sp. GOD-10R	3093922	S	828	15	843	0.00002
Hymenobacter sp. BT18	2835648	S	662	20	682	0.00002
Hymenobacter sp. DG25B	1385664	S	615	106	721	0.00002
Hymenobacter sp. APR13	1356852	S	598	516	1114	0.00003
Hymenobacter sp. DG25A	1385663	S	586	77	663	0.00002
Hymenobacter sp. BRD67	2675877	S	539	97	636	0.00002
Hymenobacter sp. HDW8	2714932	S	328	566	894	0.00003
Hymenobacter sp. 5516J-16	2932253	S	182	521	703	0.00002
Hymenobacter sp. 5414T-23	2932252	S	13	2486	2499	0.00007
Hymenobacter monticola	1705399	S	1113	33	1146	0.00003
Hymenobacter tibetensis	497967	S	1092	48	1140	0.00003
Hymenobacter oligotrophus	2319843	S	1088	48	1136	0.00003
Hymenobacter busanensis	2607656	S	1002	20	1022	0.00003
Hymenobacter nivis	1850093	S	983	35	1018	0.00003
Hymenobacter sedentarius	1411621	S	899	26	925	0.00003
Hymenobacter swuensis	1446467	S	835	64	899	0.00003
Hymenobacter volaticus	2932254	S	792	33	825	0.00002
Hymenobacter cellulosilyticus	2932248	S	769	31	800	0.00002
Hymenobacter jejuensis	2502781	S	766	16	782	0.00002
Hymenobacter cellulosivorans	2932249	S	694	31	725	0.00002
Hymenobacter aerilatus	2932251	S	591	63	654	0.00002
Hymenobacter baengnokdamensis	2615203	S	582	123	705	0.00002
Hymenobacter yonginensis	748197	S	580	270	850	0.00002
Hymenobacter canadensis	2999067	S	530	82	612	0.00002
Hymenobacter qilianensis	1385715	S	429	18	447	0.00001
Hymenobacter sediminicola	2761579	S	415	20	435	0.00001
Hymenobacter radiodurans	2496028	S	203	379	582	0.00002
Hymenobacter sublimis	2933777	S	194	540	734	0.00002
Pontibacter sp. SGAir0037	2571030	S	987	173	1160	0.00003
Pontibacter sp. MBLB2868	3451555	S	867	16	883	0.00002
Pontibacter sp. G13	3074898	S	832	0	832	0.00002
Pontibacter russatus	2694929	S	1417	26	1443	0.00004
Pontibacter kalidii	2592049	S	983	121	1104	0.00003
Pontibacter akesuensis	388950	S	927	65	992	0.00003
Pontibacter actiniarum	323450	S	857	75	932	0.00003
Pontibacter pudoricolor	2694930	S	730	28	758	0.00002
Pontibacter korlensis	400092	S	529	17	546	0.00002
Rufibacter tibetensis	512763	S	815	48	863	0.00002
Rufibacter radiotolerans	1379910	S	809	26	835	0.00002
Rufibacter sp. DG15C	1379909	S	504	91	595	0.00002
Adhaeribacter radiodurans	2745197	S	801	23	824	0.00002
Adhaeribacter swui	2086471	S	794	28	822	0.00002
Nibribacter ruber	2698458	S	580	106	686	0.00002
Dyadobacter sp. 676	3088362	S	1394	47	1441	0.00004
Dyadobacter sp. NIV53	2861765	S	1026	22	1048	0.00003
Dyadobacter sp. 32	538966	S	695	31	726	0.00002
Dyadobacter pollutisoli	2910158	S	1064	32	1096	0.00003
Dyadobacter endophyticus	1749036	S	1049	36	1085	0.00003
Dyadobacter fermentans	94254	S	966	51	1017	0.00003
Dyadobacter chenwenxiniae	2906456	S	902	51	953	0.00003
Dyadobacter sandarakinus	2747268	S	809	28	837	0.00002
Dyadobacter chenhuakuii	2909339	S	753	110	863	0.00002
Dyadobacter fanqingshengii	2906443	S	749	123	872	0.00002
Runella sp.	1960881	S	944	13	957	0.00003
Runella sp. SP2	2268026	S	772	4	776	0.00002
Runella slithyformis	106	S	964	20	984	0.00003
Runella rosea	2259595	S	904	19	923	0.00003
Tellurirhabdus rosea	2674997	S	1696	92	1788	0.00005
Tellurirhabdus bombi	2907205	S	519	45	564	0.00002
Larkinella sp.	2034517	S	964	59	1023	0.00003
Larkinella insperata	332158	S	678	40	718	0.00002
Fibrella aestuarina	651143	S	796	31	827	0.00002
Fibrisoma limi	663275	S	12	0	12	0.00000
Spirosoma radiotolerans	1379870	S	2806	78	2884	0.00008
Spirosoma sp. SC4-14	3128900	S	774	18	792	0.00002
Spirosoma sp. KNUC1025	2894082	S	696	13	709	0.00002
Spirosoma sp. KCTC 42546	2520506	S	586	30	616	0.00002
Spirosoma sp. KUDC1026	2745947	S	518	12	530	0.00001
Spirosoma pollinicola	2057025	S	1073	33	1106	0.00003
Spirosoma foliorum	2710596	S	1013	22	1035	0.00003
Spirosoma taeanense	2735870	S	967	27	994	0.00003
Spirosoma linguale	108	S	884	25	909	0.00003
Spirosoma aureum	2692134	S	834	180	1014	0.00003
Spirosoma endbachense	2666025	S	714	126	840	0.00002
Spirosoma oryzicola	2898794	S	641	10	651	0.00002
Spirosoma rhododendri	2728024	S	626	9	635	0.00002
Spirosoma aerolatum	1211326	S	612	11	623	0.00002
Spirosoma rigui	564064	S	563	8	571	0.00002
Spirosoma montaniterrae	1178516	S	478	4	482	0.00001
Cytophaga hutchinsonii	985	S	720	12	732	0.00002
Algoriphagus sp. Y33	2772483	S	932	101	1033	0.00003
Algoriphagus sp. NBT04N3	2705473	S	810	138	948	0.00003
Algoriphagus sp. NG3	3097546	S	553	17	570	0.00002
Algoriphagus halophilus	226505	S	613	3	616	0.00002
Algoriphagus halophytocola	2991499	S	587	29	616	0.00002
Algoriphagus sanaruensis	1727163	S	559	12	571	0.00002
Algoriphagus machipongonensis	388413	S	547	10	557	0.00002
Algoriphagus yeomjeoni	291403	S	480	26	506	0.00001
Echinicola soli	2591634	S	904	21	925	0.00003
Echinicola vietnamensis	390884	S	746	191	937	0.00003
Echinicola strongylocentroti	1795355	S	707	42	749	0.00002
Echinicola rosea	1807691	S	687	163	850	0.00002
Echinicola sp. 20G	2781961	S	668	13	681	0.00002
Echinicola marina	2859768	S	571	131	702	0.00002
Cyclobacterium marinum	104	S	990	284	1274	0.00004
Cyclobacterium xiamenense	1297121	S	503	6	509	0.00001
Cyclobacterium amurskyense	320787	S	500	74	574	0.00002
Aquiflexum balticum	280473	S	861	21	882	0.00002
Mongoliitalea daihaiensis	2782006	S	682	6	688	0.00002
Belliella baltica	232259	S	502	38	540	0.00002
Flammeovirga pectinis	2494373	S	1056	82	1138	0.00003
Flammeovirga kamogawensis	373891	S	977	75	1052	0.00003
Flammeovirga sp. MY04	1191459	S	512	266	778	0.00002
Flammeovirga yaeyamensis	367791	S	483	250	733	0.00002
Chondrinema litorale	2994555	S	1607	98	1705	0.00005
Imperialibacter sp.	2038411	S	396	169	565	0.00002
Imperialibacter roseus	1324217	S	372	178	550	0.00002
Ekhidna sp.	2608089	S	2769	125	2894	0.00008
Ekhidna sp. To15	3395267	S	1100	8	1108	0.00003
Reichenbachiella carrageenanivorans	2979869	S	705	35	740	0.00002
Reichenbachiella agarivorans	2979464	S	631	16	647	0.00002
Reichenbachiella sp.	2184521	S	462	24	486	0.00001
Bernardetia sp. OM2101	3344876	S	982	43	1025	0.00003
Bernardetia sp. ABR2-2B	3127472	S	870	27	897	0.00003
Bernardetia sp. Wsw4-3y2	3127471	S	281	436	717	0.00002
Bernardetia sp. MNP-M8	3127470	S	277	453	730	0.00002
Bernardetia litoralis	999	S	1224	77	1301	0.00004
Fulvivirga maritima	2904247	S	1005	54	1059	0.00003
Fulvivirga ulvae	2904245	S	833	27	860	0.00002
Fulvivirga ligni	2904246	S	672	24	696	0.00002
Fulvivirga lutea	2810512	S	354	23	377	0.00001
Chryseolinea soli	2321403	S	1306	4	1310	0.00004
Emticicia sp. 21SJ11W-3	2916755	S	834	5	839	0.00002
Emticicia oligotrophica	312279	S	808	9	817	0.00002
Leadbetterella byssophila	316068	S	810	18	828	0.00002
Jiulongibacter sp. NS-SX5	3463854	S	589	7	596	0.00002
Arcticibacterium luteifluviistationis	1784714	S	558	4	562	0.00002
Marinilongibacter aquaticus	2975157	S	470	1	471	0.00001
Marivirga tractuosa	1006	S	1630	627	2257	0.00006
Marivirga arenosa	3059076	S	913	52	965	0.00003
Marivirga salinarum	3059078	S	662	40	702	0.00002
Marivirga harenae	2010992	S	517	54	571	0.00002
Persicobacter psychrovividus	387638	S	1136	29	1165	0.00003
Fulvitalea axinellae	1182444	S	1096	23	1119	0.00003
Aureibacter tunicatorum	866807	S	914	12	926	0.00003
Roseivirga pacifica	1267423	S	915	28	943	0.00003
Roseivirga seohaensis	1914963	S	840	21	861	0.00002
Roseivirga spongicola	333140	S	812	52	864	0.00002
Roseivirga sp.	1964215	S	354	10	364	0.00001
Catalinimonas niigatensis	1397264	S	997	10	1007	0.00003
Tunicatimonas pelagia	931531	S	741	0	741	0.00002
Porifericola rhodea	930972	S	624	14	638	0.00002
Rhodocytophaga rosea	2704465	S	1130	4	1134	0.00003
Mangrovivirga cuniculi	2715131	S	1108	8	1116	0.00003
Cardinium endosymbiont of Sogatella furcifera	650378	S	165	25	190	0.00001
Cardinium endosymbiont of Nabis limbatus	3066217	S	130	16	146	0.00000
Cardinium endosymbiont of Tipula unca	3066216	S	128	3	131	0.00000
Cardinium endosymbiont of Encarsia pergandiella	249402	S	110	11	121	0.00000
Cardinium endosymbiont of Philonthus spinipes	3077941	S	88	16	104	0.00000
Cardinium endosymbiont of Oedothorax gibbosus	931101	S	85	26	111	0.00000
Candidatus Cardinium hertigii	247481	S	82	1	83	0.00000
Candidatus Amoebophilus asiaticus	281120	S	205	0	205	0.00001
Aquirufa lenticrescens	2696560	S	338	47	385	0.00001
Aquirufa nivalisilvae	2516557	S	309	6	315	0.00001
Aquirufa antheringensis	2516559	S	309	43	352	0.00001
Microscilla sp. PRE1	155537	S	21	0	21	0.00000
Sphingobacterium sp. CZ-2	2557994	S	2140	138	2278	0.00006
Sphingobacterium sp. LZ7M1	2961941	S	1120	176	1296	0.00004
Sphingobacterium sp. UDSM-2020	2795738	S	1012	48	1060	0.00003
Sphingobacterium sp. R2	3112958	S	822	74	896	0.00003
Sphingobacterium sp. WOUb80	3234028	S	716	57	773	0.00002
Sphingobacterium sp. SYP-B4668	2996035	S	655	10	665	0.00002
Sphingobacterium sp. ML3W	1538644	S	645	216	861	0.00002
Sphingobacterium sp. WM	3031802	S	634	370	1004	0.00003
Sphingobacterium sp. E70	2853439	S	611	64	675	0.00002
Sphingobacterium sp. BN32	3058432	S	575	124	699	0.00002
Sphingobacterium sp. SRCM116780	2907623	S	543	10	553	0.00002
Sphingobacterium sp. DR205	2713573	S	517	36	553	0.00002
Sphingobacterium sp. G1-14	2003121	S	253	637	890	0.00002
Sphingobacterium sp.	341027	S	153	185	338	0.00001
Sphingobacterium sp. Lzh-3	3382150	S	144	415	559	0.00002
Sphingobacterium sp. SG20118	3367156	S	125	149	274	0.00001
Sphingobacterium sp. PCS056	2931400	S	104	163	267	0.00001
Sphingobacterium sp. UGAL515B_05	2986767	S	92	235	327	0.00001
Sphingobacterium sp. B29	1933220	S	57	413	470	0.00001
Sphingobacterium mizutaii	1010	S	5921	370	6291	0.00018
Sphingobacterium spiritivorum	258	S	2210	418	2628	0.00007
Sphingobacterium daejeonense	371142	S	1973	110	2083	0.00006
Sphingobacterium thalpophilum	259	S	1303	352	1655	0.00005
Sphingobacterium multivorum	28454	S	938	516	1454	0.00004
Sphingobacterium lactis	797291	S	899	49	948	0.00003
Sphingobacterium hotanense	649196	S	826	50	876	0.00002
Sphingobacterium bambusae	662858	S	669	8	677	0.00002
Sphingobacterium zhuxiongii	2662364	S	532	8	540	0.00002
Sphingobacterium psychroaquaticum	561061	S	519	9	528	0.00001
Sphingobacterium oryzagri	3025669	S	461	6	467	0.00001
Sphingobacterium puteale	2420510	S	456	37	493	0.00001
Sphingobacterium detergens	1145106	S	438	57	495	0.00001
Sphingobacterium cellulitidis	1768011	S	349	219	568	0.00002
Sphingobacterium faecium	34087	S	318	432	750	0.00002
Sphingobacterium siyangense	459529	S	231	495	726	0.00002
Sphingobacterium paramultivorum	2886510	S	95	131	226	0.00001
Mucilaginibacter sp. KACC 22063	3025666	S	1034	9	1043	0.00003
Mucilaginibacter sp. SMC90	2929803	S	995	65	1060	0.00003
Mucilaginibacter sp. FT3.2	2723090	S	926	12	938	0.00003
Mucilaginibacter sp. Mucisp86	3243060	S	875	24	899	0.00003
Mucilaginibacter sp. X4EP1	2723092	S	839	14	853	0.00002
Mucilaginibacter sp. McL0603	3415670	S	824	4	828	0.00002
Mucilaginibacter sp. NFX135	3402687	S	797	6	803	0.00002
Mucilaginibacter sp. cycad4	3342096	S	790	20	810	0.00002
Mucilaginibacter sp. CSA2-8R	3141542	S	642	13	655	0.00002
Mucilaginibacter sp.	1882438	S	629	5	634	0.00002
Mucilaginibacter sp. SP1R1	2723091	S	626	7	633	0.00002
Mucilaginibacter sp. 21P	2778902	S	602	5	607	0.00002
Mucilaginibacter sp. 14171R-50	2703789	S	593	4	597	0.00002
Mucilaginibacter sp. X5P1	2723088	S	568	17	585	0.00002
Mucilaginibacter sp. E4BP6	2723089	S	521	10	531	0.00001
Mucilaginibacter sp. SJ	3029053	S	513	57	570	0.00002
Mucilaginibacter sp. 5C4	3048589	S	498	6	504	0.00001
Mucilaginibacter sp. R-33	3416711	S	486	91	577	0.00002
Mucilaginibacter sp. KACC 22773	3025671	S	297	362	659	0.00002
Mucilaginibacter sp. PAMB04274	3138568	S	226	138	364	0.00001
Mucilaginibacter sp. AW1-7	3349874	S	201	249	450	0.00001
Mucilaginibacter sp. PAMB04168	3138567	S	184	116	300	0.00001
Mucilaginibacter sp. P19	3423947	S	18	421	439	0.00001
Mucilaginibacter sp. P25	3423945	S	15	294	309	0.00001
Mucilaginibacter paludis	423351	S	1141	7	1148	0.00003
Mucilaginibacter sabulilitoris	1173583	S	948	7	955	0.00003
Mucilaginibacter xinganensis	1234841	S	927	7	934	0.00003
Mucilaginibacter gotjawali	1550579	S	800	3	803	0.00002
Mucilaginibacter jinjuensis	1176721	S	795	6	801	0.00002
Mucilaginibacter ginsenosidivorax	862126	S	755	8	763	0.00002
Mucilaginibacter rubeus	2027860	S	737	2639	3376	0.00009
Mucilaginibacter celer	2305508	S	731	3	734	0.00002
Mucilaginibacter yixingensis	1295612	S	719	6	725	0.00002
Mucilaginibacter robiniae	2728022	S	661	13	674	0.00002
Mucilaginibacter ginsenosidivorans	398053	S	651	3	654	0.00002
Mucilaginibacter mali	2740462	S	633	4	637	0.00002
Mucilaginibacter daejeonensis	398049	S	483	6	489	0.00001
Mucilaginibacter ginkgonis	2682091	S	477	8	485	0.00001
Mucilaginibacter mallensis	652787	S	462	12	474	0.00001
Mucilaginibacter gossypii	551996	S	222	91	313	0.00001
Pedobacter sp.	1411316	S	1169	99	1268	0.00004
Pedobacter sp. AW31-3R	3445781	S	1022	36	1058	0.00003
Pedobacter sp. FW305-3-2-15-E-R2A2	3140251	S	893	68	961	0.00003
Pedobacter sp. WC2423	3234142	S	695	100	795	0.00002
Pedobacter sp. PACM 27299	1727164	S	682	179	861	0.00002
Pedobacter sp. HDW13	2714940	S	677	29	706	0.00002
Pedobacter sp. R-06	3404051	S	674	52	726	0.00002
Pedobacter sp. UC225_65	3350173	S	560	8	568	0.00002
Pedobacter sp. AW1-32	3383026	S	550	13	563	0.00002
Pedobacter sp. G11	2482728	S	547	32	579	0.00002
Pedobacter sp. KACC 23697	3149230	S	539	40	579	0.00002
Pedobacter sp. D749	2856523	S	518	45	563	0.00002
Pedobacter sp. SL55	2995161	S	514	7	521	0.00001
Pedobacter sp. MW01-1-1	3383027	S	494	24	518	0.00001
Pedobacter sp. KLB.chiD	3387402	S	489	60	549	0.00002
Pedobacter sp. P26	3423956	S	309	641	950	0.00003
Pedobacter sp. BS3	2567937	S	201	3	204	0.00001
Pedobacter sp. KBS0701	2578106	S	100	200	300	0.00001
Pedobacter schmidteae	2201271	S	1008	28	1036	0.00003
Pedobacter steynii	430522	S	972	62	1034	0.00003
Pedobacter aquae	2605747	S	870	6	876	0.00002
Pedobacter foliorum	2739058	S	828	47	875	0.00002
Pedobacter suwonensis	332999	S	814	103	917	0.00003
Pedobacter lusitanus	1503925	S	814	53	867	0.00002
Pedobacter endophyticus	2789740	S	790	24	814	0.00002
Pedobacter mucosus	2895286	S	742	31	773	0.00002
Pedobacter ginsengisoli	363852	S	731	38	769	0.00002
Pedobacter roseus	336820	S	692	131	823	0.00002
Pedobacter heparinus	984	S	679	18	697	0.00002
Pedobacter cryoconitis	188932	S	620	143	763	0.00002
Pedobacter riviphilus	2766984	S	610	63	673	0.00002
Pedobacter gandavensis	2679963	S	577	206	783	0.00002
Olivibacter sp. SDN3	2764720	S	562	7	569	0.00002
Olivibacter sp. LS-1	2592345	S	175	585	760	0.00002
Olivibacter sp. EAT-5	3376061	S	172	676	848	0.00002
Solitalea canadensis	995	S	1074	22	1096	0.00003
Solitalea lacus	2911172	S	785	18	803	0.00002
Anseongella ginsenosidimutans	496056	S	1034	1	1035	0.00003
Pseudopedobacter saltans	151895	S	899	41	940	0.00003
Arcticibacter sp. MXS-1	3341726	S	812	14	826	0.00002
Aurantibacillus circumpalustris	3036359	S	718	24	742	0.00002
Chitinophaga sp. XS-30	2604421	S	1307	74	1381	0.00004
Chitinophaga sp. MM2321	3137178	S	902	365	1267	0.00004
Chitinophaga sp. HK235	2952571	S	787	734	1521	0.00004
Chitinophaga sp. LS1	3051176	S	648	597	1245	0.00003
Chitinophaga oryzae	2725414	S	1520	84	1604	0.00005
Chitinophaga caseinilytica	2267521	S	1482	108	1590	0.00004
Chitinophaga sancti	1004	S	1236	429	1665	0.00005
Chitinophaga agri	2703787	S	1073	120	1193	0.00003
Chitinophaga pollutisoli	3133966	S	1046	152	1198	0.00003
Chitinophaga filiformis	104663	S	978	62	1040	0.00003
Chitinophaga niabensis	536979	S	934	33	967	0.00003
Chitinophaga caeni	2029983	S	782	17	799	0.00002
Chitinophaga pinensis	79329	S	749	68	817	0.00002
Chitinophaga horti	2920382	S	687	25	712	0.00002
Chitinophaga alhagiae	2203219	S	665	1	666	0.00002
Arachidicoccus sp. BS20	1850526	S	1727	44	1771	0.00005
Arachidicoccus ginsenosidivorans	496057	S	884	35	919	0.00003
Arachidicoccus soli	2341117	S	748	16	764	0.00002
Arachidicoccus terrestris	2875539	S	676	25	701	0.00002
Niabella yanshanensis	577386	S	1239	41	1280	0.00004
Niabella insulamsoli	3144874	S	1050	54	1104	0.00003
Niabella ginsenosidivorans	1176587	S	905	24	929	0.00003
Niabella soli	446683	S	735	28	763	0.00002
Puia sp. P3	3423952	S	1880	34	1914	0.00005
Paraflavitalea soli	2315862	S	962	91	1053	0.00003
Paraflavitalea speifideaquila	3076558	S	739	65	804	0.00002
Flavisolibacter tropicus	1492898	S	928	40	968	0.00003
Flavisolibacter ginsenosidimutans	661481	S	679	9	688	0.00002
Lacibacter sediminis	2760713	S	891	13	904	0.00003
Lacibacter sp. MH-610	3020883	S	583	8	591	0.00002
Phnomibacter ginsenosidimutans	2676868	S	687	78	765	0.00002
Phnomibacter sp. MR	3042318	S	594	66	660	0.00002
Flavihumibacter rivuli	2838156	S	680	8	688	0.00002
Flavihumibacter fluvii	2838157	S	560	4	564	0.00002
Ferruginibacter albus	2875540	S	686	10	696	0.00002
Ferruginibacter lapsinanis	563172	S	553	7	560	0.00002
Pseudobacter ginsenosidimutans	661488	S	1048	39	1087	0.00003
Niastella koreensis	354356	S	1004	33	1037	0.00003
Rhizosphaericola mali	2545455	S	936	13	949	0.00003
Pseudocnuella soli	2502779	S	923	30	953	0.00003
Sediminibacterium sp. TEGAF015	575378	S	458	39	497	0.00001
Sediminibacterium sp. KACHI17	1751071	S	406	29	435	0.00001
Filimonas lacunae	477680	S	836	29	865	0.00002
Panacibacter ginsenosidivorans	1813871	S	818	5	823	0.00002
Thermoflavifilum sp.	1968839	S	438	1	439	0.00001
Mycovorax composti	2962693	S	420	27	447	0.00001
Phaeodactylibacter xiamenensis	1524460	S	1971	4	1975	0.00006
Haliscomenobacter hydrossis	2350	S	1008	3	1011	0.00003
Aureispira anguillae	2864201	S	1234	43	1277	0.00004
Aureispira sp. CCB-E	3051121	S	826	24	850	0.00002
Saprospira grandis	1008	S	417	15	432	0.00001
Saprospira sp. CCB-QB6	3023936	S	305	17	322	0.00001
Neolewinella sp.	2993543	S	934	7	941	0.00003
Lewinella sp. LCG006	3231911	S	744	3	747	0.00002
Candidatus Sulfidibacterium hydrothermale	2875962	S	1201	0	1201	0.00003
Chlorobium phaeobacteroides	1096	S	822	15	837	0.00002
Chlorobium limicola	1092	S	771	24	795	0.00002
Chlorobium phaeovibrioides	1094	S	656	50	706	0.00002
Pelodictyon luteolum	1100	S	879	75	954	0.00003
Pelodictyon phaeoclathratiforme	34090	S	667	13	680	0.00002
Prosthecochloris sp. GSB1	281093	S	1262	30	1292	0.00004
Prosthecochloris sp. HL-130-GSB	1974213	S	528	30	558	0.00002
Prosthecochloris sp. CIB 2401	1868325	S	460	44	504	0.00001
Prosthecochloris sp. SCSIO W1101	2992242	S	240	76	316	0.00001
Prosthecochloris sp. SCSIO W1103	2992244	S	195	293	488	0.00001
Prosthecochloris aestuarii	1102	S	562	12	574	0.00002
Chlorobaculum limnaeum	274537	S	1097	120	1217	0.00003
Chlorobaculum parvum	274539	S	919	68	987	0.00003
Chlorobaculum tepidum	1097	S	791	150	941	0.00003
Chlorobaculum sp. MV4-Y	2976335	S	422	93	515	0.00001
Chloroherpeton thalassium	100716	S	617	2	619	0.00002
Rhodothermus marinus	29549	S	2820	79	2899	0.00008
Rhodocaloribacter litoris	2558931	S	1396	60	1456	0.00004
Rubrivirga sp.	1885344	S	1116	59	1175	0.00003
Rubrivirga sp. IMCC45206	3391614	S	985	369	1354	0.00004
Rubrivirga sp. IMCC43871	3391575	S	833	275	1108	0.00003
Salinibacter ruber	146919	S	2012	0	2012	0.00006
Ignavibacterium sp.	2651167	S	813	70	883	0.00002
Ignavibacterium album	591197	S	773	67	840	0.00002
Melioribacter roseus	1134405	S	980	0	980	0.00003
Gracilimonas sp.	1974203	S	773	219	992	0.00003
Gracilimonas sediminicola	2952158	S	199	105	304	0.00001
Cyclonatronum proteinivorum	1457365	S	816	100	916	0.00003
Gemmatimonas phototrophica	1379270	S	953	62	1015	0.00003
Gemmatimonas aurantiaca	173480	S	824	9	833	0.00002
Gemmatimonas groenlandica	2732249	S	789	11	800	0.00002
Gemmatimonas sp.	1962908	S	740	46	786	0.00002
Gemmatirosa kalamazoonensis	861299	S	2033	101	2134	0.00006
Pseudogemmatithrix spongiicola	3062599	S	837	53	890	0.00002
Candidatus Palauibacter sp.	3101350	S	2336	108	2444	0.00007
Candidatus Palauibacter irciniicola	3056733	S	680	129	809	0.00002
Gaopeijia maritima	3119007	S	1316	0	1316	0.00004
Fibrobacter succinogenes	833	S	2197	150	2347	0.00007
Fidelibacter multiformis	3377529	S	648	0	648	0.00002
Candidatus Cloacimonas acidaminovorans	456827	S	362	0	362	0.00001
Akkermansia glycaniphila	1679444	S	1648978	1302	1650280	0.04635
Akkermansia muciniphila	239935	S	677133	42953	720086	0.02022
Akkermansia sp. RCC_12PD	3115152	S	27716	57065	84781	0.00238
Akkermansia sp. N21116	3040764	S	24083	261	24344	0.00068
Akkermansia sp. BCRC 18949	3037987	S	17286	60957	78243	0.00220
Akkermansia sp. AE01SA01	3115151	S	12635	27621	40256	0.00113
Akkermansia sp. JRP_AM1	3414159	S	875	17353	18228	0.00051
Akkermansia sp. EB-AMDK43	3073964	S	467	43064	43531	0.00122
Akkermansia biwaensis	2946555	S	102465	17775	120240	0.00338
Akkermansia massiliensis	2927224	S	38666	121924	160590	0.00451
Luteolibacter sp. LG18	2819286	S	1686	259	1945	0.00005
Luteolibacter sp. SL250	2995170	S	1620	57	1677	0.00005
Luteolibacter sp. Populi	3230487	S	1269	54	1323	0.00004
Luteolibacter sp. AS25	3135776	S	475	32	507	0.00001
Luteolibacter luteus	2728835	S	1425	43	1468	0.00004
Luteolibacter ambystomatis	2824561	S	1030	168	1198	0.00003
Verrucomicrobium sp. GAS474	1882831	S	2477	20	2497	0.00007
Verrucomicrobium spinosum	2736	S	1293	9	1302	0.00004
Roseimicrobium sp. ORNL1	2711231	S	1500	2	1502	0.00004
Roseibacillus persicicus	454148	S	921	22	943	0.00003
Haloferula helveola	490095	S	848	21	869	0.00002
Sulfuriroseicoccus oceanibius	2707525	S	724	29	753	0.00002
Oceaniferula spumae	2979115	S	383	4	387	0.00001
Fontisphaera persica	2974023	S	1721	0	1721	0.00005
Opitutus terrae	107709	S	1828	85	1913	0.00005
Opitutus sp. GAS368	1882749	S	1404	115	1519	0.00004
Termitidicoccus mucosus	1184151	S	2481	104	2585	0.00007
Oleiharenicola sp. Vm1	3398393	S	2068	344	2412	0.00007
Nibricoccus aquaticus	2576891	S	1113	48	1161	0.00003
Nibricoccus sp. IMCC34717	3034021	S	920	164	1084	0.00003
Ereboglobus luteus	1796921	S	1869	97	1966	0.00006
Actomonas aquatica	2866162	S	1564	41	1605	0.00005
Synoicihabitans lomoniglobus	2909285	S	1254	40	1294	0.00004
Lacunisphaera limnophila	1838286	S	1156	110	1266	0.00004
Horticoccus luteus	2862869	S	992	72	1064	0.00003
Congregicoccus parvus	3081749	S	1678	19	1697	0.00005
Ruficoccus sp. ZRK36	2866311	S	1736	47	1783	0.00005
Rubellicoccus peritrichatus	3080537	S	642	5	647	0.00002
Coraliomargarita algicola	3092156	S	697	4	701	0.00002
Coraliomargarita akajimensis	395922	S	423	4	427	0.00001
Candidatus Pelagisphaera phototrophica	2684113	S	216	1	217	0.00001
Candidatus Methylacidiphilum infernorum	511746	S	392	9	401	0.00001
Methylacidiphilum caldifontis	2795386	S	334	9	343	0.00001
Candidatus Methylacidiphilum fumarolicum	591154	S	275	31	306	0.00001
Methylacidiphilum kamchatkense	431057	S	182	23	205	0.00001
Methylacidimicrobium sp. AP8	2730359	S	520	28	548	0.00002
Methylacidimicrobium sp. B4	2796139	S	413	15	428	0.00001
Candidatus Xiphinematobacter sp. Idaho Grape	1704307	S	136	0	136	0.00000
Stieleria maiorica	2795974	S	1963	403	2366	0.00007
Stieleria neptunia	2527979	S	1836	310	2146	0.00006
Stieleria marina	1930275	S	1276	113	1389	0.00004
Stieleria magnilauensis	2527963	S	1272	263	1535	0.00004
Stieleria varia	2528005	S	1103	75	1178	0.00003
Stieleria bergensis	2528025	S	1045	260	1305	0.00004
Bremerella sp. TYQ1	3119568	S	1499	268	1767	0.00005
Bremerella sp. P1	3026424	S	799	197	996	0.00003
Bremerella volcania	2527984	S	1946	544	2490	0.00007
Rosistilla carotiformis	2528017	S	966	428	1394	0.00004
Rosistilla oblonga	2527990	S	892	437	1329	0.00004
Rosistilla ulvae	1930277	S	834	612	1446	0.00004
Anatilimnocola sp. NA78	3415683	S	1677	166	1843	0.00005
Anatilimnocola aggregata	2528021	S	1412	389	1801	0.00005
Lignipirellula cremea	2528010	S	3276	879	4155	0.00012
Roseimaritima ulvae	980254	S	1638	171	1809	0.00005
Roseimaritima multifibrata	1930274	S	861	171	1032	0.00003
Blastopirellula sp. J2-11	2943192	S	2709	26	2735	0.00008
Rhodopirellula sp. P2	2127060	S	1096	257	1353	0.00004
Rhodopirellula baltica	265606	S	995	233	1228	0.00003
Aureliella helgolandensis	2527968	S	1662	182	1844	0.00005
Mariniblastus fucicola	980251	S	1640	8	1648	0.00005
Roseiconus lacunae	2605694	S	1421	3335	4756	0.00013
Rubripirellula lacrimiformis	1930273	S	1310	394	1704	0.00005
Pirellula sp. SH-Sr6A	1632865	S	1026	16	1042	0.00003
Novipirellula sp. SH528	3454466	S	866	45	911	0.00003
Lacipirellula parvula	2650471	S	3721	1126	4847	0.00014
Lacipirellula limnantheis	2528024	S	2442	1055	3497	0.00010
Aeoliella sp. SH292	3454464	S	1747	388	2135	0.00006
Aeoliella mucimassa	2527972	S	1298	384	1682	0.00005
Pirellulimonas nuda	2528009	S	2973	325	3298	0.00009
Botrimarina mediterranea	2528022	S	1987	480	2467	0.00007
Bythopirellula goksoeyrii	1400387	S	1329	115	1444	0.00004
Adhaeretor mobilis	1930276	S	1025	310	1335	0.00004
Thermogutta terrifontis	1331910	S	1643	120	1763	0.00005
Gimesia panareensis	2527978	S	2130	222	2352	0.00007
Gimesia maris	122	S	1248	167	1415	0.00004
Gimesia chilikensis	2605989	S	1238	700	1938	0.00005
Gimesia aquarii	2527964	S	916	57	973	0.00003
Gimesia algae	2527971	S	789	231	1020	0.00003
Gimesia alba	2527973	S	749	106	855	0.00002
Gimesia fumaroli	2527976	S	670	135	805	0.00002
Gimesia benthica	2608982	S	411	665	1076	0.00003
Planctomyces sp. SH-PL62	1636152	S	2720	267	2987	0.00008
Planctomyces sp. SH-PL14	1632864	S	2111	93	2204	0.00006
Planctomicrobium sp. SH664	3448125	S	1279	47	1326	0.00004
Planctomicrobium sp. SH661	3448124	S	1256	53	1309	0.00004
Planctomicrobium sp. SH527	3448123	S	1087	141	1228	0.00003
Planctomicrobium sp. SH668	3448126	S	733	93	826	0.00002
Crateriforma conspicua	2527996	S	900	2207	3107	0.00009
Crateriforma spongiae	2724528	S	763	1578	2341	0.00007
Planctellipticum variicoloris	3064265	S	2325	105	2430	0.00007
Caulifigura coniformis	2527983	S	2011	19	2030	0.00006
Symmachiella dynata	2527995	S	1969	85	2054	0.00006
Rubinisphaera brasiliensis	119	S	1724	399	2123	0.00006
Maioricimonas rarisocia	2528026	S	1715	201	1916	0.00005
Alienimonas californiensis	2527989	S	1570	79	1649	0.00005
Stratiformator vulcanicus	2527980	S	1553	109	1662	0.00005
Schlesneria sp. DSM 10557	3044399	S	360	489	849	0.00002
Schlesneria sphaerica	3373610	S	272	361	633	0.00002
Fuerstiella marisgermanici	1891926	S	1244	5	1249	0.00004
Calycomorphotria hydatis	2528027	S	1158	63	1221	0.00003
Polystyrenella longa	2528007	S	962	67	1029	0.00003
Thalassoglobus polymorphus	2527994	S	833	24	857	0.00002
Planctopirus limnophila	120	S	350	186	536	0.00002
Planctopirus ephydatiae	2528019	S	190	105	295	0.00001
Singulisphaera sp. PoT	3411797	S	1731	169	1900	0.00005
Singulisphaera sp. Ch08	3120278	S	1240	162	1402	0.00004
Singulisphaera acidiphila	466153	S	1483	371	1854	0.00005
Tundrisphaera sp. TA3	3435775	S	1821	198	2019	0.00006
Tundrisphaera lichenicola	2029860	S	1238	89	1327	0.00004
Aquisphaera giovannonii	406548	S	2749	186	2935	0.00008
Tautonia plasticadhaerens	2527974	S	2345	20	2365	0.00007
Paludisphaera borealis	1387353	S	1826	194	2020	0.00006
Isosphaera pallida	128	S	1005	37	1042	0.00003
Gemmata obscuriglobus	114	S	1718	130	1848	0.00005
Gemmata sp. SH-PL17	1630693	S	905	499	1404	0.00004
Gemmata massiliana	1210884	S	854	393	1247	0.00004
Urbifossiella limnaea	2528023	S	2749	85	2834	0.00008
Frigoriglobus tundricola	2774151	S	2222	355	2577	0.00007
Limnoglobus roseus	2598579	S	1769	148	1917	0.00005
Tuwongella immobilis	692036	S	1234	67	1301	0.00004
Telmatocola sphagniphila	1123043	S	836	14	850	0.00002
Saltatorellus ferox	2528018	S	1689	351	2040	0.00006
Engelhardtia mirabilis	2528011	S	1308	155	1463	0.00004
Rohdeia mirabilis	2528008	S	908	32	940	0.00003
Kolteria novifilia	2527975	S	1813	0	1813	0.00005
Sedimentisphaera salicampi	1941349	S	915	111	1026	0.00003
Sedimentisphaera cyanobacteriorum	1940790	S	843	260	1103	0.00003
Limihaloglobus sulfuriphilus	1851148	S	1155	1	1156	0.00003
Anaerohalosphaera lusitana	1936003	S	1520	0	1520	0.00004
Phycisphaera mikurensis	547188	S	1572	99	1671	0.00005
Poriferisphaera sp. WC338	3425129	S	756	36	792	0.00002
Poriferisphaera corsica	2528020	S	572	27	599	0.00002
Mucisphaera calidilacus	2527982	S	858	6	864	0.00002
Humisphaera borealis	2807512	S	1837	0	1837	0.00005
Fontivita pretiosa	2989684	S	1602	0	1602	0.00004
Candidatus Uabimicrobium helgolandensis	3095367	S	1489	3	1492	0.00004
Candidatus Uabimicrobium amorphum	2596890	S	894	1	895	0.00003
Candidatus Kuenenia stuttgartensis	174633	S	1640	0	1640	0.00005
Chlamydia caviae	83557	S	293	20	313	0.00001
Chlamydia crocodili	2766982	S	247	329	576	0.00002
Chlamydia serpentis	1967782	S	220	38	258	0.00001
Chlamydia pecorum	85991	S	219	22	241	0.00001
Chlamydia abortus	83555	S	140	28	168	0.00000
Chlamydia suis	83559	S	136	35	171	0.00000
Chlamydia trachomatis	813	S	127	27	154	0.00000
Chlamydia gallinacea	1457153	S	116	16	132	0.00000
Chlamydia avium	1457141	S	105	16	121	0.00000
Chlamydia muridarum	83560	S	100	95	195	0.00001
Chlamydia pneumoniae	83558	S	84	12	96	0.00000
Chlamydia felis	83556	S	80	9	89	0.00000
Chlamydia sp. 12-01	3002742	S	68	8	76	0.00000
Candidatus Chlamydia sanziniae	1806891	S	50	8	58	0.00000
Chlamydia poikilotherma	1967783	S	34	4	38	0.00000
Chlamydia buteonis	2494525	S	21	4	25	0.00000
Chlamydia psittaci	83554	S	13	203	216	0.00001
Chlamydiifrater phoenicopteri	2681469	S	243	65	308	0.00001
Chlamydiifrater volucris	2681470	S	132	36	168	0.00000
Candidatus Protochlamydia amoebophila	362787	S	382	15	397	0.00001
Candidatus Protochlamydia naegleriophila	389348	S	217	7	224	0.00001
Parachlamydia acanthamoebae	83552	S	426	21	447	0.00001
Neochlamydia sp. S13	1353976	S	147	1	148	0.00000
Simkania sp.	34094	S	256	4	260	0.00001
Simkania negevensis	83561	S	188	2	190	0.00001
Candidatus Neptunichlamydia sp. REUL1	3064277	S	156	0	156	0.00000
Candidatus Rhabdochlamydia oedothoracis	2720720	S	255	9	264	0.00001
Candidatus Rhabdochlamydia porcellionis	225148	S	110	5	115	0.00000
Rhabdochlamydiaceae symbiont of Dictyostelium giganteum	3342349	S	198	0	198	0.00001
Waddlia chondrophila	71667	S	414	3	417	0.00001
Candidatus Criblamydia sequanensis	340071	S	10	0	10	0.00000
Tichowtungia aerotolerans	2697043	S	1430	0	1430	0.00004
Kiritimatiella glycovorans	1307763	S	1341	272	1613	0.00005
Candidatus Velamenicoccus archaeovorus	1930593	S	762	0	762	0.00002
Lentisphaera profundi	1658616	S	717	0	717	0.00002
Desulfovibrio fairfieldensis	44742	S	728921	8475	737396	0.02071
Desulfovibrio desulfuricans	876	S	7251	320	7571	0.00021
Desulfovibrio piger	901	S	4106	324	4430	0.00012
Desulfovibrio sp. WGS1351	3366814	S	621	1193	1814	0.00005
Desulfovibrio sp. G11	631220	S	297	594	891	0.00003
Desulfovibrio aminophilus	81425	S	2231	1175	3406	0.00010
Desulfovibrio mangrovi	2976983	S	1430	30	1460	0.00004
Desulfovibrio subterraneus	2718620	S	1324	24	1348	0.00004
Desulfovibrio ferrophilus	241368	S	1257	6	1263	0.00004
Candidatus Desulfovibrio trichonymphae	1725232	S	936	12	948	0.00003
Pseudodesulfovibrio sp. zrk46	2725288	S	917	46	963	0.00003
Pseudodesulfovibrio aespoeensis	182210	S	1914	530	2444	0.00007
Pseudodesulfovibrio thermohalotolerans	2880651	S	1883	1589	3472	0.00010
Pseudodesulfovibrio portus	231439	S	1668	168	1836	0.00005
Pseudodesulfovibrio profundus	57320	S	1659	796	2455	0.00007
Pseudodesulfovibrio methanolicus	3126690	S	1570	1293	2863	0.00008
Pseudodesulfovibrio cashew	2678688	S	1499	180	1679	0.00005
Pseudodesulfovibrio indicus	1716143	S	1470	164	1634	0.00005
Pseudodesulfovibrio tunisiensis	463192	S	1430	17	1447	0.00004
Pseudodesulfovibrio mercurii	641491	S	1346	208	1554	0.00004
Pseudodesulfovibrio sediminis	2810563	S	1143	64	1207	0.00003
uncultured Pseudodesulfovibrio sp.	2035858	S	1047	111	1158	0.00003
Pseudodesulfovibrio nedwellii	2973072	S	703	42	745	0.00002
Pseudodesulfovibrio piezophilus	879567	S	581	56	637	0.00002
Maridesulfovibrio sp.	2795000	S	6295	1910	8205	0.00023
Maridesulfovibrio sp. FT414	2979469	S	1238	35	1273	0.00004
Maridesulfovibrio hydrothermalis	191026	S	998	26	1024	0.00003
Maridesulfovibrio salexigens	880	S	500	134	634	0.00002
Solidesulfovibrio sp. DCME	3447380	S	2830	36	2866	0.00008
Solidesulfovibrio carbinoliphilus	345370	S	1779	37	1816	0.00005
Solidesulfovibrio magneticus	184917	S	1529	778	2307	0.00006
Solidesulfovibrio carbinolicus	296842	S	1112	718	1830	0.00005
Nitratidesulfovibrio liaohensis	2604158	S	1828	414	2242	0.00006
Nitratidesulfovibrio vulgaris	881	S	1804	756	2560	0.00007
Nitratidesulfovibrio sp. HK-II	2009266	S	1656	309	1965	0.00006
uncultured Mailhella sp.	1981031	S	5775	670	6445	0.00018
Desulfolutivibrio sulfoxidireducens	2773299	S	2547	210	2757	0.00008
Desulfolutivibrio sulfodismutans	63561	S	1590	149	1739	0.00005
Bilophila wadsworthia	35833	S	3182	11	3193	0.00009
Salidesulfovibrio onnuriiensis	2583823	S	2737	46	2783	0.00008
Oceanidesulfovibrio marinus	370038	S	2694	6	2700	0.00008
Megalodesulfovibrio gigas	879	S	2422	5	2427	0.00007
Desulfocurvibacter africanus	873	S	1866	9	1875	0.00005
Taurinivorans muris	2787751	S	1789	18	1807	0.00005
Oleidesulfovibrio alaskensis	58180	S	1628	1212	2840	0.00008
Desulfobaculum bizertense	376490	S	973	13	986	0.00003
Halodesulfovibrio aestuarii	126333	S	857	11	868	0.00002
Lawsonia intracellularis	29546	S	437	1	438	0.00001
Desulfomicrobium orale	132132	S	1561	49	1610	0.00005
Desulfomicrobium baculatum	899	S	914	558	1472	0.00004
Desulfomicrobium sp. ZS1	2952228	S	765	523	1288	0.00004
Thermodesulfomicrobium sp. WS	3004129	S	1148	16	1164	0.00003
Desulfohalobium retbaense	45663	S	784	2	786	0.00002
Geobacter sp. FeAm09	2597769	S	2629	126	2755	0.00008
Geobacter sp. SVR	2495594	S	1560	129	1689	0.00005
Geobacter sp. DSM 9736	1277350	S	1030	30	1060	0.00003
Geobacter sp. 60473	3080755	S	37	556	593	0.00002
Geobacter pickeringii	345632	S	1600	103	1703	0.00005
Geobacter sulfurreducens	35554	S	1488	1590	3078	0.00009
Geobacter metallireducens	28232	S	1229	40	1269	0.00004
Geobacter benzoatilyticus	2815309	S	1174	57	1231	0.00003
Geomonas sp. RF6	2897342	S	1748	113	1861	0.00005
Geomonas paludis	2740185	S	1499	558	2057	0.00006
Geomonas subterranea	2847989	S	1320	403	1723	0.00005
Geomonas oryzisoli	2847992	S	1257	516	1773	0.00005
Geomonas diazotrophica	2843197	S	1116	372	1488	0.00004
Trichlorobacter lovleyi	313985	S	3810	757	4567	0.00013
Trichlorobacter ammonificans	2916410	S	2267	125	2392	0.00007
Geotalea uraniireducens	351604	S	3217	276	3493	0.00010
Geotalea daltonii	1203471	S	1059	41	1100	0.00003
Citrifermentans bremense	60035	S	1649	541	2190	0.00006
Citrifermentans bemidjiense	225194	S	1043	305	1348	0.00004
Desulfuromonas sp. DDH964	1823759	S	1764	69	1833	0.00005
Desulfuromonas sp. AOP6	1566351	S	1364	43	1407	0.00004
Desulfuromonas versatilis	2802975	S	2743	127	2870	0.00008
Desulfuromonas soudanensis	1603606	S	1701	59	1760	0.00005
Desulfuromonas thiophila	57664	S	1608	76	1684	0.00005
Pelobacter propionicus	29543	S	1883	973	2856	0.00008
Syntrophotalea acetylenica	29542	S	1712	253	1965	0.00006
Syntrophotalea carbinolica	19	S	1458	36	1494	0.00004
Syntrophotalea acetylenivorans	1842532	S	1045	136	1181	0.00003
Geoalkalibacter halelectricus	2847045	S	2558	54	2612	0.00007
Geoalkalibacter subterraneus	483547	S	1148	451	1599	0.00004
Desulfosarcina ovata	83564	S	2836	35	2871	0.00008
Desulfosarcina alkanivorans	571177	S	2029	305	2334	0.00007
Desulfosarcina widdelii	947919	S	1926	214	2140	0.00006
Desulfosarcina variabilis	2300	S	1767	132	1899	0.00005
Desulfosarcina sp. BuS5	933262	S	933	6	939	0.00003
Desulfonema magnum	45655	S	2544	17	2561	0.00007
Desulfonema limicola	45656	S	2200	31	2231	0.00006
Desulfococcus multivorans	897	S	1336	125	1461	0.00004
uncultured Desulfobacter sp.	240139	S	1116	50	1166	0.00003
Desulfobacter postgatei	2293	S	1030	71	1101	0.00003
Desulfobacter hydrogenophilus	2291	S	991	62	1053	0.00003
Desulfobacula toluolica	28223	S	1397	27	1424	0.00004
Desulforapulum autotrophicum	2296	S	1210	38	1248	0.00004
Desulfoluna limicola	2810562	S	2881	38	2919	0.00008
Desulfatibacillum aliphaticivorans	218208	S	2434	20	2454	0.00007
Desulfosudis oleivorans	181663	S	2119	46	2165	0.00006
Desulfobulbus propionicus	894	S	2281	33	2314	0.00006
Desulfobulbus oralis	1986146	S	1648	61	1709	0.00005
Desulfobulbus oligotrophicus	1909699	S	753	285	1038	0.00003
Desulfolithobacter dissulfuricans	2795293	S	1750	27	1777	0.00005
Desulfurivibrio alkaliphilus	427923	S	1367	7	1374	0.00004
Candidatus Electrothrix sp. GW3-4	3126740	S	1319	18	1337	0.00004
Desulfomarina profundi	2772557	S	859	22	881	0.00002
Desulfosediminicola ganghwensis	2569540	S	1475	31	1506	0.00004
Desulfosediminicola flagellatus	2569541	S	1021	21	1042	0.00003
Desulfofustis limnaeus	2740163	S	1451	9	1460	0.00004
Desulfocapsa sulfexigens	65555	S	934	11	945	0.00003
Desulfopila sp. IMCC35008	2653858	S	930	11	941	0.00003
Desulfotalea psychrophila	84980	S	660	18	678	0.00002
Desulfoferula mesophila	3058419	S	3342	15	3357	0.00009
Desulfarculus baarsii	453230	S	2862	752	3614	0.00010
Thermodesulfobacterium geofontis	1295609	S	571	19	590	0.00002
Thermodesulfobacterium sp. TA1	2234087	S	405	8	413	0.00001
Thermodesulfobacterium commune	1741	S	337	11	348	0.00001
Thermosulfurimonas marina	2047767	S	709	1	710	0.00002
Thermosulfuriphilus ammonigenes	1936021	S	407	0	407	0.00001
Caldimicrobium thiodismutans	1653476	S	322	0	322	0.00001
Thermodesulfatator indicus	171695	S	523	1	524	0.00001
Syntrophobacter fumaroxidans	119484	S	1711	237	1948	0.00005
Desulfoglaeba alkanexedens	361111	S	1346	2	1348	0.00004
Syntrophus buswellii	43774	S	1270	97	1367	0.00004
Syntrophus aciditrophicus	316277	S	1270	85	1355	0.00004
Desulfobacca acetoxidans	60893	S	870	0	870	0.00002
Desulfomonile tiedjei	2358	S	703	0	703	0.00002
Candidatus Desulfofervidus auxilii	1621989	S	456	0	456	0.00001
Campylobacter fetus	196	S	13023	1474	14497	0.00041
Campylobacter sp. RM12651	1660079	S	750	28	778	0.00002
Campylobacter sp. RM5004	1660078	S	522	26	548	0.00002
Campylobacter sp. VBCF_01 NA2	2983836	S	449	21	470	0.00001
Campylobacter sp. RM16187	1660063	S	407	59	466	0.00001
Campylobacter sp. CCUG 57310	2517362	S	392	12	404	0.00001
Campylobacter sp. CCS1377	3158229	S	376	9	385	0.00001
Campylobacter sp. CS_NA3	2984142	S	316	149	465	0.00001
Campylobacter sp. 19-13652	2840180	S	308	10	318	0.00001
Campylobacter sp. RM16704	1500960	S	295	19	314	0.00001
Campylobacter sp. RM16192	1660080	S	216	35	251	0.00001
Campylobacter sp. 2014D-0216	1813595	S	211	35	246	0.00001
Campylobacter sp. LH-2024	3239825	S	158	100	258	0.00001
Campylobacter sp. CN_NE2	2984146	S	117	57	174	0.00000
Campylobacter concisus	199	S	2613	51	2664	0.00007
Campylobacter lari	201	S	1885	130	2015	0.00006
Campylobacter upsaliensis	28080	S	1703	307	2010	0.00006
Campylobacter jejuni	197	S	1214	2899	4113	0.00012
Campylobacter ureolyticus	827	S	1143	77	1220	0.00003
Campylobacter sputorum	206	S	991	15	1006	0.00003
Campylobacter geochelonis	1780362	S	951	9	960	0.00003
Campylobacter coli	195	S	943	471	1414	0.00004
Campylobacter gracilis	824	S	890	9	899	0.00003
Campylobacter showae	204	S	802	10	812	0.00002
Campylobacter hyointestinalis	198	S	790	29	819	0.00002
Campylobacter pinnipediorum	1965231	S	764	11	775	0.00002
Campylobacter helveticus	28898	S	654	83	737	0.00002
Campylobacter hominis	76517	S	597	537	1134	0.00003
Campylobacter blaseri	2042961	S	583	6	589	0.00002
Campylobacter vicugnae	1660076	S	518	15	533	0.00001
Campylobacter curvus	200	S	508	9	517	0.00001
Campylobacter canadensis	449520	S	501	12	513	0.00001
Campylobacter rectus	203	S	493	12	505	0.00001
Campylobacter avium	522485	S	484	13	497	0.00001
Campylobacter insulaenigrae	260714	S	483	17	500	0.00001
Campylobacter cuniculorum	374106	S	443	6	449	0.00001
Campylobacter californiensis	1032243	S	437	7	444	0.00001
Campylobacter mucosalis	202	S	414	3	417	0.00001
Campylobacter corcagiensis	1448857	S	388	6	394	0.00001
Campylobacter novaezeelandiae	2267891	S	379	17	396	0.00001
Campylobacter iguaniorum	1244531	S	365	10	375	0.00001
Campylobacter hepaticus	1813019	S	345	53	398	0.00001
Campylobacter peloridis	488546	S	317	31	348	0.00001
Campylobacter porcelli	1660073	S	287	8	295	0.00001
Campylobacter armoricus	2505970	S	284	24	308	0.00001
Candidatus Campylobacter infans	2561898	S	248	6	254	0.00001
Campylobacter bilis	2691918	S	245	4	249	0.00001
Campylobacter vulpis	1655500	S	239	443	682	0.00002
Campylobacter volucris	1031542	S	225	11	236	0.00001
Campylobacter lanienae	75658	S	175	19	194	0.00001
Campylobacter devanensis	3161138	S	163	10	173	0.00000
Campylobacter subantarcticus	497724	S	159	18	177	0.00000
Campylobacter ornithocola	1848766	S	94	10	104	0.00000
Campylobacter molothri	1032242	S	35	59	94	0.00000
Arcobacter sp.	1872629	S	1451	297	1748	0.00005
Arcobacter sp. FWKO B	2593672	S	838	17	855	0.00002
Arcobacter sp. 15-2	3374109	S	572	22	594	0.00002
Arcobacter sp. L	944547	S	200	406	606	0.00002
Arcobacter venerupis	1054033	S	1028	64	1092	0.00003
Arcobacter roscoffensis	2961520	S	907	41	948	0.00003
Arcobacter suis	1278212	S	864	60	924	0.00003
Arcobacter cloacae	1054034	S	780	114	894	0.00003
Arcobacter acticola	1849015	S	677	33	710	0.00002
Arcobacter ellisii	913109	S	653	115	768	0.00002
Arcobacter aquimarinus	1315211	S	594	81	675	0.00002
Arcobacter iocasae	2906515	S	591	218	809	0.00002
Arcobacter nitrofigilis	28199	S	463	87	550	0.00002
Arcobacter porcinus	1935204	S	334	135	469	0.00001
Arcobacter peruensis	2320140	S	288	1133	1421	0.00004
Arcobacter defluvii	873191	S	284	556	840	0.00002
Aliarcobacter cryaerophilus	28198	S	2975	627	3602	0.00010
Aliarcobacter butzleri	28197	S	2269	463	2732	0.00008
Aliarcobacter lanthieri	1355374	S	1300	87	1387	0.00004
Aliarcobacter cibarius	255507	S	674	116	790	0.00002
Aliarcobacter faecis	1564138	S	664	112	776	0.00002
Aliarcobacter vitoriensis	2011099	S	579	53	632	0.00002
Aliarcobacter trophiarum	708186	S	494	31	525	0.00001
Aliarcobacter skirrowii	28200	S	469	120	589	0.00002
Aliarcobacter thereius	544718	S	453	136	589	0.00002
Halarcobacter sp.	2321133	S	1953	171	2124	0.00006
Halarcobacter ebronensis	1462615	S	1321	213	1534	0.00004
Halarcobacter bivalviorum	663364	S	1218	48	1266	0.00004
Halarcobacter anaerophilus	877500	S	683	15	698	0.00002
Malaciobacter canalis	1912871	S	997	332	1329	0.00004
Malaciobacter pacificus	1080223	S	839	51	890	0.00002
Malaciobacter mytili	603050	S	790	24	814	0.00002
Malaciobacter marinus	505249	S	781	321	1102	0.00003
Malaciobacter molluscorum	1032072	S	749	35	784	0.00002
Malaciobacter halophilus	197482	S	680	81	761	0.00002
Poseidonibacter lekithochrous	1904463	S	722	29	751	0.00002
Poseidonibacter parvus	1850254	S	168	621	789	0.00002
Candidatus Marinarcus sp.	3100987	S	444	15	459	0.00001
Sulfurimonas sp.	2022749	S	1219	12	1231	0.00003
Sulfurimonas sp. CS5	3391145	S	865	10	875	0.00002
Sulfurimonas sp. SWIR-19	2878390	S	359	82	441	0.00001
Sulfurimonas sp. NW7	2922727	S	85	289	374	0.00001
Sulfurimonas sp. CVO	2283483	S	74	153	227	0.00001
Sulfurimonas sp. ST-25	3400151	S	61	504	565	0.00002
Sulfurimonas sp. NW15	2922729	S	46	135	181	0.00001
Sulfurimonas sp. ST-27	3400152	S	24	106	130	0.00000
Sulfurimonas sp. NW9	2922728	S	10	31	41	0.00000
Sulfurimonas autotrophica	202747	S	688	13	701	0.00002
Sulfurimonas lithotrophica	2590022	S	606	11	617	0.00002
Sulfurimonas gotlandica	1176482	S	576	8	584	0.00002
Candidatus Sulfurimonas baltica	2740404	S	556	18	574	0.00002
Sulfurimonas marina	2590551	S	465	4	469	0.00001
Sulfurimonas aquatica	2672570	S	462	4	466	0.00001
Sulfurimonas paralvinellae	317658	S	417	7	424	0.00001
Candidatus Sulfurimonas marisnigri	2740405	S	403	13	416	0.00001
Sulfurimonas denitrificans	39766	S	315	8	323	0.00001
Sulfurimonas sediminis	2590020	S	286	68	354	0.00001
Sulfurimonas hydrogeniphila	2509341	S	144	724	868	0.00002
Sulfurimonas diazotrophicus	3131939	S	61	39	100	0.00000
Sulfurimonas xiamenensis	2590021	S	51	106	157	0.00000
Thiomicrolovo subterrani	3131934	S	539	124	663	0.00002
Thiomicrolovo zhangzhouensis	3131933	S	365	85	450	0.00001
Thiomicrolovo immobilis	3131935	S	220	234	454	0.00001
Thiomicrolovo sulfuroxydans	2894755	S	35	340	375	0.00001
Hydrocurvibacter mobilis	3131936	S	438	10	448	0.00001
Hydrocurvibacter sulfurireducens	3131937	S	278	6	284	0.00001
Sulfuricurvum kujiense	148813	S	350	5	355	0.00001
Candidatus Sulfuricurvum sp. RIFRC-1	1249480	S	254	5	259	0.00001
Sulfonitrofixus jiaomeiensis	3131938	S	549	3	552	0.00002
Helicobacter pylori	210	S	5174	144	5318	0.00015
Helicobacter cholecystus	45498	S	954	19	973	0.00003
Helicobacter cinaedi	213	S	563	40	603	0.00002
Helicobacter winghamensis	157268	S	525	91	616	0.00002
Helicobacter cetorum	138563	S	520	10	530	0.00001
Helicobacter typhlonius	76936	S	383	75	458	0.00001
Helicobacter pullorum	35818	S	348	122	470	0.00001
Helicobacter himalayensis	1591088	S	341	5	346	0.00001
Helicobacter apodemus	135569	S	337	6	343	0.00001
Helicobacter hepaticus	32025	S	331	70	401	0.00001
Helicobacter mastomyrinus	287948	S	325	18	343	0.00001
Helicobacter mustelae	217	S	302	3	305	0.00001
Helicobacter canadensis	123841	S	259	12	271	0.00001
Helicobacter enhydrae	222136	S	258	5	263	0.00001
Helicobacter bilis	37372	S	221	29	250	0.00001
Helicobacter bizzozeronii	56877	S	219	4	223	0.00001
Helicobacter felis	214	S	213	6	219	0.00001
Helicobacter felistomachi	3040201	S	206	28	234	0.00001
Helicobacter canis	29419	S	196	8	204	0.00001
Helicobacter suis	104628	S	162	22	184	0.00001
Helicobacter heilmannii	35817	S	152	31	183	0.00001
Helicobacter gastrofelis	2849642	S	119	12	131	0.00000
Helicobacter gastrocanis	2849641	S	99	5	104	0.00000
Helicobacter acinonychis	212	S	80	26	106	0.00000
Wolinella succinogenes	844	S	359	2	361	0.00001
Sulfurospirillum diekertiae	1854492	S	978	106	1084	0.00003
Sulfurospirillum sp. 1612	3094835	S	421	6	427	0.00001
Sulfurospirillum sp. UCH001	1581011	S	343	10	353	0.00001
Sulfurospirillum sp. hDNRA2	3237298	S	114	50	164	0.00000
Sulfurospirillum barnesii	44674	S	437	6	443	0.00001
Sulfurospirillum halorespirans	194424	S	426	120	546	0.00002
Sulfurospirillum deleyianum	65553	S	374	9	383	0.00001
Sulfurospirillum multivorans	66821	S	305	174	479	0.00001
Sulfurospirillum cavolei	366522	S	210	94	304	0.00001
Sulfurovum sp. NBC37-1	387093	S	551	298	849	0.00002
Sulfurovum sp. CS9	3391146	S	475	15	490	0.00001
Sulfurovum sp. XGS-02	2925411	S	444	21	465	0.00001
Sulfurovum mangrovi	2893889	S	379	55	434	0.00001
Sulfurovum lithotrophicum	206403	S	350	196	546	0.00002
Nitratifractor salsuginis	269261	S	830	52	882	0.00002
Hydrogenimonas leucolamina	2954236	S	750	79	829	0.00002
Hydrogenimonas thermophila	223786	S	643	54	697	0.00002
Hydrogenimonas urashimensis	2740515	S	547	40	587	0.00002
Hydrogenimonas cancrithermarum	2993563	S	448	17	465	0.00001
Nitratiruptor sp. YY09-18	2724901	S	449	296	745	0.00002
Nitratiruptor sp. SB155-2	387092	S	377	327	704	0.00002
Nitratiruptor tergarcus	269259	S	205	362	567	0.00002
Nitrosophilus labii	2706014	S	639	13	652	0.00002
Nitrosophilus alvini	2714855	S	593	106	699	0.00002
Nitrosophilus kaiyonis	2930200	S	549	53	602	0.00002
Nautilia sp. PV-1	2579250	S	830	50	880	0.00002
Nautilia profundicola	244787	S	740	49	789	0.00002
Caminibacter mediatlanticus	291048	S	822	78	900	0.00003
Caminibacter pacificus	1424653	S	764	11	775	0.00002
Hippea maritima	84405	S	559	38	597	0.00002
Myxococcus faecalis	3115646	S	3307	314	3621	0.00010
Myxococcus stipitatus	83455	S	2627	359	2986	0.00008
Myxococcus xanthus	34	S	1136	1977	3113	0.00009
Myxococcus sp. SDU36	2831967	S	751	357	1108	0.00003
Myxococcus sp. MxC21-1	3041439	S	128	258	386	0.00001
Myxococcus sp. NMCA1	2996785	S	70	602	672	0.00002
Myxococcus landrumensis	2813577	S	615	105	720	0.00002
Myxococcus virescens	83456	S	277	590	867	0.00002
Corallococcus sp. EGB	1521117	S	1241	352	1593	0.00004
Corallococcus sp. NCRR	2996782	S	692	406	1098	0.00003
Corallococcus macrosporus	35	S	1327	975	2302	0.00006
Corallococcus coralloides	184914	S	1300	1937	3237	0.00009
Corallococcus exercitus	2316736	S	913	310	1223	0.00003
Corallococcus exiguus	83462	S	786	335	1121	0.00003
Corallococcus interemptor	2316720	S	123	553	676	0.00002
Pseudomyxococcus hansupus	1297742	S	1198	363	1561	0.00004
Pseudomyxococcus flavus	3115648	S	1195	437	1632	0.00005
Pyxidicoccus parkwayensis	2813578	S	1977	192	2169	0.00006
Archangium violaceum	83451	S	4687	1897	6584	0.00018
Archangium gephyra	48	S	3639	429	4068	0.00011
Archangium minus	83450	S	490	758	1248	0.00004
Cystobacter fuscus	43	S	4225	840	5065	0.00014
Melittangium boletus	83453	S	3064	442	3506	0.00010
Stigmatella aurantiaca	41	S	1746	284	2030	0.00006
Anaeromyxobacter sp. Fw109-5	404589	S	1658	73	1731	0.00005
Anaeromyxobacter sp. K	447217	S	455	999	1454	0.00004
Anaeromyxobacter paludicola	2918171	S	1651	50	1701	0.00005
Anaeromyxobacter oryzae	2918170	S	1641	41	1682	0.00005
Anaeromyxobacter dehalogenans	161493	S	1381	1008	2389	0.00007
Vulgatibacter incomptus	1391653	S	1144	25	1169	0.00003
Pendulispora rubella	2741070	S	1672	458	2130	0.00006
Pendulispora brunnea	2905690	S	1583	471	2054	0.00006
Pendulispora albinea	2741071	S	1533	98	1631	0.00005
Sorangium sp. So ce131	3133282	S	1205	120	1325	0.00004
Sorangium sp. So ce1000	3133325	S	815	108	923	0.00003
Sorangium sp. So ce375	3133306	S	782	98	880	0.00002
Sorangium sp. So ce861	3133323	S	669	336	1005	0.00003
Sorangium sp. So ce1335	3133335	S	643	88	731	0.00002
Sorangium sp. So ce726	3133319	S	636	182	818	0.00002
Sorangium sp. So ce513	3133315	S	581	103	684	0.00002
Sorangium sp. So ce260	3133291	S	578	203	781	0.00002
Sorangium sp. So ce388	3133309	S	536	287	823	0.00002
Sorangium sp. So ce291	3133294	S	521	237	758	0.00002
Sorangium sp. So ce1389	3133336	S	512	205	717	0.00002
Sorangium sp. So ce119	3133279	S	449	307	756	0.00002
Sorangium sp. So ce1099	3133331	S	446	165	611	0.00002
Sorangium sp. So ce1097	3133330	S	441	222	663	0.00002
Sorangium sp. So ce1151	3133332	S	434	341	775	0.00002
Sorangium sp. So ce233	3133290	S	434	183	617	0.00002
Sorangium sp. So ce315	3133299	S	426	187	613	0.00002
Sorangium sp. So ce1182	3133334	S	414	364	778	0.00002
Sorangium sp. So ce854	3133322	S	407	134	541	0.00002
Sorangium sp. So ce1153	3133333	S	391	210	601	0.00002
Sorangium sp. So ce385	3133308	S	349	210	559	0.00002
Sorangium sp. So ce1014	3133326	S	347	166	513	0.00001
Sorangium sp. So ce448	3133314	S	344	214	558	0.00002
Sorangium sp. So ce1078	3133329	S	331	114	445	0.00001
Sorangium sp. So ce321	3133300	S	328	245	573	0.00002
Sorangium sp. So ce406	3133311	S	319	217	536	0.00002
Sorangium sp. So ce887	3133324	S	311	173	484	0.00001
Sorangium sp. So ce341	3133302	S	284	257	541	0.00002
Sorangium sp. So ce542	3133316	S	271	256	527	0.00001
Sorangium sp. So ce394	3133310	S	251	418	669	0.00002
Sorangium sp. So ce296	3133296	S	230	358	588	0.00002
Sorangium sp. So ce128	3133281	S	229	404	633	0.00002
Sorangium sp. So ce834	3133321	S	221	352	573	0.00002
Sorangium sp. So ce176	3133286	S	215	225	440	0.00001
Sorangium sp. So ce185	3133287	S	198	360	558	0.00002
Sorangium sp. So ce381	3133307	S	197	214	411	0.00001
Sorangium sp. So ce693	3133318	S	156	119	275	0.00001
Sorangium sp. So ce117	3133277	S	151	148	299	0.00001
Sorangium sp. So ce124	3133280	S	146	144	290	0.00001
Sorangium sp. So ce367	3133305	S	133	193	326	0.00001
Sorangium sp. So ce204	3133288	S	124	431	555	0.00002
Sorangium sp. So ce362	3133303	S	120	389	509	0.00001
Sorangium sp. So ce426	3133312	S	119	427	546	0.00002
Sorangium sp. So ce302	3133297	S	119	490	609	0.00002
Sorangium sp. So ce327	3133301	S	115	320	435	0.00001
Sorangium sp. KYC3313	3449740	S	108	162	270	0.00001
Sorangium sp. So ce363	3133304	S	64	137	201	0.00001
Sorangium sp. So ce590	3133317	S	62	211	273	0.00001
Sorangium sp. So ce295	3133295	S	52	133	185	0.00001
Sorangium sp. So ce1504	3133337	S	48	217	265	0.00001
Sorangium sp. So ce145	3133285	S	41	167	208	0.00001
Sorangium sp. So ce764	3133320	S	30	659	689	0.00002
Sorangium cellulosum	56	S	3335	4921	8256	0.00023
Chondromyces crocatus	52	S	2242	25	2267	0.00006
Polyangium aurulentum	2567896	S	2127	74	2201	0.00006
Pajaroellobacter abortibovis	1882918	S	154	2	156	0.00000
Sandaracinus amylolyticus	927083	S	2907	74	2981	0.00008
Labilithrix luteola	1391654	S	1511	12	1523	0.00004
Nannocystis punicea	2995304	S	2317	559	2876	0.00008
Nannocystis pusilla	889268	S	1956	516	2472	0.00007
Haliangium ochraceum	80816	S	2581	32	2613	0.00007
Treponema sp. HNW	3116654	S	1708	41	1749	0.00005
Treponema sp. Marseille-Q4132	2766701	S	1175	26	1201	0.00003
Treponema sp. OMZ 788	2563664	S	289	499	788	0.00002
Treponema sp. OMZ 305	1659192	S	288	453	741	0.00002
Treponema sp. OMZ 906	2563662	S	226	498	724	0.00002
Treponema sp. OMZ 803	120682	S	184	389	573	0.00002
Treponema sp. OMZ 857	1643513	S	173	226	399	0.00001
Treponema sp. OMZ 838	1539298	S	156	522	678	0.00002
Treponema sp. OMZ 787	2563669	S	144	247	391	0.00001
Treponema sp. OMZ 799	2563668	S	142	465	607	0.00002
Treponema sp. OMZ 855	1643512	S	118	392	510	0.00001
Treponema denticola	158	S	5089	3205	8294	0.00023
Treponema saccharophilum	165	S	3685	0	3685	0.00010
Treponema brennaborense	81028	S	3677	320	3997	0.00011
Treponema parvum	138851	S	3404	23	3427	0.00010
Treponema bryantii	163	S	3401	57	3458	0.00010
Treponema primitia	88058	S	2766	65	2831	0.00008
Treponema succinifaciens	167	S	2744	545	3289	0.00009
Treponema peruense	2787628	S	2706	59	2765	0.00008
Treponema ruminis	744515	S	2416	19	2435	0.00007
Treponema vincentii	69710	S	1777	886	2663	0.00007
Treponema pedis	409322	S	1743	72	1815	0.00005
Treponema phagedenis	162	S	1514	116	1630	0.00005
Treponema socranskii	53419	S	1384	39	1423	0.00004
Treponema putidum	221027	S	1372	246	1618	0.00005
Treponema medium	58231	S	994	211	1205	0.00003
Treponema paraluiscuniculi	53435	S	13	16	29	0.00000
Treponema pallidum	160	S	13	1658	1671	0.00005
Brucepastera parasyntrophica	2880008	S	2218	36	2254	0.00006
Marispirochaeta aestuarii	1963862	S	2326	29	2355	0.00007
Sediminispirochaeta smaragdinae	55206	S	1437	22	1459	0.00004
Oceanispirochaeta crateris	2518645	S	1411	23	1434	0.00004
Thiospirochaeta perfilievii	252967	S	1337	10	1347	0.00004
Salinispira pacifica	1307761	S	1289	3	1292	0.00004
Spirochaeta africana	46355	S	1086	6	1092	0.00003
Entomospira culicis	2719989	S	464	8	472	0.00001
Entomospira nematocerorum	2719987	S	276	21	297	0.00001
Entomospira entomophila	2719988	S	195	13	208	0.00001
Candidatus Haliotispira prima	3034016	S	578	0	578	0.00002
Borrelia sp. A-FGy1	2608247	S	389	12	401	0.00001
Borrelia sp. HM	1882662	S	196	7	203	0.00001
Borrelia sp. P9F1	3058374	S	150	5	155	0.00000
Borrelia sp. BU AG58	2887345	S	69	2	71	0.00000
Borrelia sp. RT5S	2898581	S	39	146	185	0.00001
Borrelia sp. RT1S	2898580	S	30	103	133	0.00000
Borrelia sp. MN22-0132	3085635	S	16	151	167	0.00000
Borrelia miyamotoi	47466	S	588	20	608	0.00002
Borrelia turcica	229155	S	262	9	271	0.00001
Borrelia crocidurae	29520	S	217	383	600	0.00002
Borrelia coriaceae	144	S	214	12	226	0.00001
Borrelia anserina	143	S	187	5	192	0.00001
Borrelia hermsii	140	S	162	119	281	0.00001
Candidatus Borrelia fainii	2518322	S	127	45	172	0.00000
Borrelia parkeri	141	S	87	98	185	0.00001
Borrelia puertoricensis	2756107	S	79	121	200	0.00001
Borrelia duttonii	40834	S	68	274	342	0.00001
Borrelia turicatae	142	S	52	256	308	0.00001
Borrelia venezuelensis	1653839	S	39	235	274	0.00001
Borrelia recurrentis	44449	S	27	129	156	0.00000
Borrelia nietonii	3117462	S	12	176	188	0.00001
Borreliella burgdorferi	139	S	346	434	780	0.00002
Candidatus Borreliella tachyglossi	1964448	S	331	19	350	0.00001
Borreliella mayonii	1674146	S	323	106	429	0.00001
Borreliella japonica	34095	S	298	40	338	0.00001
Borreliella lusitaniae	100177	S	271	40	311	0.00001
Borreliella turdi	57863	S	249	44	293	0.00001
Borreliella garinii	29519	S	200	91	291	0.00001
Borreliella kurtenbachii	1196056	S	162	57	219	0.00001
Borreliella sinica	87162	S	150	15	165	0.00000
Borreliella afzelii	29518	S	143	109	252	0.00001
Borreliella yangtzensis	683292	S	141	21	162	0.00000
Borreliella valaisiana	62088	S	139	50	189	0.00001
Borreliella finlandensis	498741	S	122	59	181	0.00001
Borreliella carolinensis	478174	S	114	47	161	0.00000
Borreliella tanukii	56146	S	110	23	133	0.00000
Borreliella spielmanii	88916	S	101	31	132	0.00000
Borreliella andersonii	42109	S	99	10	109	0.00000
Borreliella lanei	373540	S	77	23	100	0.00000
Borreliella bavariensis	664662	S	69	226	295	0.00001
Borreliella californiensis	373543	S	64	12	76	0.00000
Borreliella bissettiae	64897	S	64	37	101	0.00000
Borreliella americana	478807	S	42	9	51	0.00000
Breznakiella homolactica	2798577	S	3834	87	3921	0.00011
Leadbettera azotonutricia	150829	S	3195	52	3247	0.00009
Gracilinema caldarium	215591	S	1105	37	1142	0.00003
Sphaerochaeta associata	1129264	S	2128	91	2219	0.00006
Sphaerochaeta pleomorpha	1131707	S	1998	71	2069	0.00006
Sphaerochaeta globosa	1131703	S	1744	73	1817	0.00005
Parasphaerochaeta coccoides	273376	S	1505	15	1520	0.00004
Leptospira sp. GIMC2001	1513297	S	623	0	623	0.00002
Leptospira sp. 'Mane'	3387407	S	598	0	598	0.00002
Leptospira sp. severe_002	2838237	S	47	232	279	0.00001
Leptospira noguchii	28182	S	947	6	953	0.00003
Leptospira biflexa	172	S	826	0	826	0.00002
Leptospira santarosai	28183	S	692	2	694	0.00002
Leptospira borgpetersenii	174	S	677	4	681	0.00002
Leptospira interrogans	173	S	672	1185	1857	0.00005
Leptospira weilii	28184	S	612	3	615	0.00002
Leptospira kmetyi	408139	S	598	0	598	0.00002
Leptospira cinconiae	3235173	S	517	0	517	0.00001
Leptospira mayottensis	1137606	S	478	4	482	0.00001
Leptospira kirschneri	29507	S	463	27	490	0.00001
Leptospira tipperaryensis	2564040	S	457	0	457	0.00001
Leptospira kobayashii	1917830	S	391	0	391	0.00001
Turneriella parva	29510	S	577	0	577	0.00002
Brachyspira pilosicoli	52584	S	2298	150	2448	0.00007
Brachyspira hyodysenteriae	159	S	1900	628	2528	0.00007
Brachyspira murdochii	84378	S	1212	426	1638	0.00005
Brachyspira hampsonii	1287055	S	1079	354	1433	0.00004
Brachyspira intermedia	84377	S	995	343	1338	0.00004
Winmispira thermophila	154	S	1821	1	1822	0.00005
Thermospira aquatica	2828656	S	616	0	616	0.00002
Alloacidobacterium dinghuense	2763107	S	12287	743	13030	0.00037
Tunturiibacter empetritectus	3069691	S	2848	638	3486	0.00010
Tunturiibacter psychrotolerans	3069686	S	2498	694	3192	0.00009
Tunturiibacter lichenicola	2051959	S	2472	761	3233	0.00009
Tunturiibacter gelidiferens	3069689	S	2428	500	2928	0.00008
Granulicella sp. WH15	2602070	S	2519	315	2834	0.00008
Granulicella sp. 5B5	1617967	S	2473	237	2710	0.00008
Granulicella mallensis	940614	S	2547	205	2752	0.00008
Granulicella tundricola	940615	S	1935	143	2078	0.00006
Edaphobacter flagellatus	1933044	S	2724	255	2979	0.00008
Edaphobacter paludis	3035702	S	1902	205	2107	0.00006
Edaphobacter sp. 12200R-103	2703788	S	1808	208	2016	0.00006
Edaphobacter albus	2763071	S	1548	132	1680	0.00005
Terriglobus roseus	392734	S	2751	337	3088	0.00009
Terriglobus albidus	1592106	S	1929	107	2036	0.00006
Terriglobus saanensis	870903	S	1586	173	1759	0.00005
Terriglobus sp.	1889013	S	1470	164	1634	0.00005
Telmatobacter bradus	474953	S	3081	176	3257	0.00009
Telmatobacter sp. DSM 110680	3036704	S	2177	111	2288	0.00006
Silvibacterium acidisoli	2883246	S	5157	295	5452	0.00015
Acidobacterium capsulatum	33075	S	3894	295	4189	0.00012
Occallatibacter riparius	1002689	S	3801	156	3957	0.00011
Chloracidobacterium aggregatum	2851959	S	918	564	1482	0.00004
Chloracidobacterium validum	2821543	S	651	0	651	0.00002
Chloracidobacterium thermophilum	458033	S	103	311	414	0.00001
Chloracidobacterium sp. D	2821536	S	47	153	200	0.00001
Acidisarcina polymorpha	2211140	S	2423	446	2869	0.00008
Candidatus Korobacter versatilis	658062	S	2205	38	2243	0.00006
Paludibaculum fermentans	1473598	S	2028	0	2028	0.00006
Geothrix sp. 21YS21S-2	3068893	S	2574	555	3129	0.00009
Geothrix sp.	1962974	S	1477	285	1762	0.00005
Geothrix sp. 21YS21S-4	3068889	S	1427	189	1616	0.00005
Geothrix sp. PMB-07	3068640	S	1171	177	1348	0.00004
Geothrix oryzae	2927975	S	1490	257	1747	0.00005
Mesoterricola sediminis	2927980	S	2318	225	2543	0.00007
Mesoterricola silvestris	2927979	S	1928	549	2477	0.00007
Sulfidibacter corallicola	2818388	S	2459	39	2498	0.00007
Thermotomaculum hydrothermale	981385	S	705	2	707	0.00002
Luteitalea sp. TBR-22	2802971	S	1815	227	2042	0.00006
Luteitalea pratensis	1855912	S	1218	63	1281	0.00004
Bdellovibrio sp. HCB290	3394356	S	456	47	503	0.00001
Bdellovibrio sp. SKB1291214	1732569	S	427	40	467	0.00001
Bdellovibrio sp. HCB274	3394361	S	408	40	448	0.00001
Bdellovibrio sp. NC01	2220073	S	372	4	376	0.00001
Bdellovibrio sp. KM01	2748865	S	349	77	426	0.00001
Bdellovibrio sp. HCB288	3394355	S	322	30	352	0.00001
Bdellovibrio sp. HCB337	3394358	S	290	0	290	0.00001
Bdellovibrio sp. ZAP7	2231053	S	282	68	350	0.00001
Bdellovibrio sp. HCB-162	3394234	S	227	4	231	0.00001
Bdellovibrio sp. HCB209	3394354	S	209	15	224	0.00001
Bdellovibrio sp. HCB117	3394359	S	196	12	208	0.00001
Bdellovibrio sp. HCB-110	3391182	S	124	462	586	0.00002
Bdellovibrio sp. 22V	3044166	S	68	151	219	0.00001
Bdellovibrio bacteriovorus	959	S	3248	367	3615	0.00010
Bdellovibrio reynosensis	2835041	S	596	5	601	0.00002
Bdellovibrio sp. HCB185ZH	3394235	S	373	13	386	0.00001
Micavibrio aeruginosavorus	349221	S	1714	2	1716	0.00005
Pseudobdellovibrio sp. HCB154	3386277	S	407	5	412	0.00001
Pseudobdellovibrio exovorus	453816	S	270	3	273	0.00001
Halobacteriovorax marinus	97084	S	1024	1	1025	0.00003
Halobacteriovorax sp. BALOs_7	2109558	S	950	0	950	0.00003
Peredibacter starrii	28202	S	440	45	485	0.00001
Peredibacter sp. HCB2-198	3383025	S	254	26	280	0.00001
Bacteriovorax stolpii	960	S	583	71	654	0.00002
Pigmentibacter sp. JX0631	2976982	S	921	6	927	0.00003
Silvanigrella aquatica	1915309	S	855	6	861	0.00002
Fluviispira sanaruensis	2493639	S	669	3	672	0.00002
Spirobacillus cienkowskii	495820	S	586	2	588	0.00002
Nitrospira moscoviensis	42253	S	1272	63	1335	0.00004
Nitrospira japonica	1325564	S	960	18	978	0.00003
Nitrospira tepida	2973512	S	885	38	923	0.00003
Candidatus Nitrospira inopinata	1715989	S	717	8	725	0.00002
Candidatus Nitrospira allomarina	3020900	S	657	64	721	0.00002
Nitrospira sp. KM1	1936990	S	541	6	547	0.00002
Candidatus Nitrospira neomarina	3020899	S	221	20	241	0.00001
Leptospirillum ferrooxidans	180	S	380	0	380	0.00001
Leptospirillum ferriphilum	178606	S	176	243	419	0.00001
Leptospirillum sp. Group II 'CF-1'	1660083	S	66	82	148	0.00000
Candidatus Magnetomonas plexicatena	2552947	S	790	0	790	0.00002
Thermodesulfovibrio autotrophicus	3118333	S	822	30	852	0.00002
Thermodesulfovibrio yellowstonii	28262	S	634	8	642	0.00002
Thermodesulfovibrio obliviosus	3118332	S	589	27	616	0.00002
Dissulfurispira thermophila	2715679	S	576	0	576	0.00002
Denitrovibrio acetiphilus	118000	S	1320	12	1332	0.00004
Geovibrio thiophilus	139438	S	1243	15	1258	0.00004
Mucispirillum schaedleri	248039	S	1670	15	1685	0.00005
Deferribacter desulfuricans	197162	S	868	8	876	0.00002
Flexistipes sinusarabici	2352	S	868	7	875	0.00002
Calditerrivibrio nitroreducens	477976	S	643	3	646	0.00002
Hydrogenobaculum sp. Y04AAS1	380749	S	215	528	743	0.00002
Aquifex aeolicus	63363	S	741	1	742	0.00002
Thermocrinis albus	136094	S	240	1	241	0.00001
Thermocrinis minervae	381751	S	215	1	216	0.00001
Thermocrinis ruber	75906	S	208	1	209	0.00001
Pampinifervens diazotrophicum	1632018	S	260	82	342	0.00001
Pampinifervens florentissimum	1632019	S	236	69	305	0.00001
Hydrogenobacter thermophilus	940	S	315	7	322	0.00001
Sulfurihydrogenibium sp. YO3AOP1	436114	S	1070	38	1108	0.00003
Sulfurihydrogenibium azorense	309806	S	384	12	396	0.00001
Persephonella marina	309805	S	446	0	446	0.00001
Desulfurobacterium thermolithotrophum	64160	S	759	5	764	0.00002
Thermovibrio ammonificans	228745	S	526	11	537	0.00002
Elusimicrobium posterum	3116653	S	1439	107	1546	0.00004
Elusimicrobium minutum	423605	S	880	36	916	0.00003
Parelusimicrobium proximum	3228953	S	1273	141	1414	0.00004
Endomicrobium proavitum	1408281	S	1064	8	1072	0.00003
Candidatus Endomicrobiellum trichonymphae	1408204	S	813	0	813	0.00002
Candidatus Caldatribacterium sp. SIUC1	3418365	S	705	282	987	0.00003
Candidatus Caldatribacterium saccharofermentans	1454753	S	457	171	628	0.00002
Atribacter laminatus	2847778	S	527	1	528	0.00001
Atrimonas thermophila	3064161	S	196	258	454	0.00001
Thermatribacter velox	3039681	S	123	158	281	0.00001
Sphaerobacter thermophilus	2057	S	1431	0	1431	0.00004
Thermomicrobium roseum	500	S	452	0	452	0.00001
Dictyoglomus turgidum	513050	S	847	28	875	0.00002
Dictyoglomus thermophilum	14	S	562	19	581	0.00002
Desulfurispirillum indicum	936456	S	1401	123	1524	0.00004
Nitrospina watsonii	1323948	S	1267	1	1268	0.00004
Caldithrix abyssi	187145	S	1006	0	1006	0.00003
Caldisericum exile	693075	S	952	0	952	0.00003
Thermosulfidibacter takaii	412593	S	924	2	926	0.00003
Thermodesulfobium narugense	184064	S	490	48	538	0.00002
Thermodesulfobium acidiphilum	1794699	S	343	30	373	0.00001
Coprothermobacter proteolyticus	35786	S	608	53	661	0.00002
Faecalibacterium prausnitzii	853	S	158407	144546	302953	0.00851
Faecalibacterium sp. I3-3-89	2929493	S	21718	12785	34503	0.00097
Faecalibacterium sp. I4-1-79	2929494	S	10904	9152	20056	0.00056
Faecalibacterium sp. I3-3-33	2929492	S	10381	6033	16414	0.00046
Faecalibacterium sp. I4-3-84	2929495	S	4991	10116	15107	0.00042
Faecalibacterium sp. 7	3402017	S	4313	7336	11649	0.00033
Faecalibacterium sp. i21-0019-B1	3141184	S	3473	12844	16317	0.00046
Faecalibacterium sp. IP-3-29	2929489	S	3269	6902	10171	0.00029
Faecalibacterium sp. I2-3-92	2929490	S	3062	7005	10067	0.00028
Faecalibacterium sp. IP-1-18	2929488	S	2808	20087	22895	0.00064
Faecalibacterium sp. i25-0019-C1	3141185	S	1876	9432	11308	0.00032
Faecalibacterium duncaniae	411483	S	8335	21345	29680	0.00083
Faecalibacterium taiwanense	3030638	S	6913	27445	34358	0.00096
Faecalibacterium wellingii	2929491	S	4417	4963	9380	0.00026
Faecalibacterium hominis (ex Afrizal et al. 2022)	2881265	S	3176	6702	9878	0.00028
Flavonifractor plautii	292800	S	228793	38542	267335	0.00751
Ruminococcus sp. JL13D9	3233381	S	25883	20235	46118	0.00130
Ruminococcus sp. JE7B6	3233380	S	24550	12159	36709	0.00103
Ruminococcus sp. SR1/5	657323	S	2395	12182	14577	0.00041
Ruminococcus champanellensis	1161942	S	28372	2404	30776	0.00086
Ruminococcus gauvreauii	438033	S	28075	4560	32635	0.00092
Ruminococcus callidus	40519	S	21437	1445	22882	0.00064
Ruminococcus bicirculans (ex Wegman et al. 2014)	1160721	S	16903	2650	19553	0.00055
Ruminococcus albus	1264	S	14937	129	15066	0.00042
Ruminococcus bovis	2564099	S	11936	1324	13260	0.00037
Vescimonas coprocola	2714355	S	95229	60396	155625	0.00437
Vescimonas fastidiosa	2714353	S	93234	71684	164918	0.00463
uncultured Subdoligranulum sp.	512298	S	72173	44892	117065	0.00329
Subdoligranulum variabile	214851	S	59482	27009	86491	0.00243
Oscillibacter hominis	2763056	S	94617	26715	121332	0.00341
Oscillibacter sp. PEA192	2109687	S	7996	76163	84159	0.00236
Pseudoflavonifractor gallinarum	2779352	S	102522	20443	122965	0.00345
Lawsonibacter asaccharolyticus	2108523	S	87938	13275	101213	0.00284
Ruthenibacterium lactatiformans	1550024	S	82341	12324	94665	0.00266
Caproicibacterium amylolyticum	2766537	S	17013	9414	26427	0.00074
Caproicibacterium sp. BJN0003	2994078	S	15043	3693	18736	0.00053
Caproicibacterium sp. XB2	3388458	S	204	5534	5738	0.00016
Caproicibacterium sp. XB1	3396405	S	116	4116	4232	0.00012
Caproicibacterium lactatifermentans	2666138	S	1675	23876	25551	0.00072
Caproicibacterium argilliputei	3030016	S	268	12363	12631	0.00035
Owariibacterium komagatae	3136601	S	56205	31609	87814	0.00247
Pusillibacter faecalis	2714358	S	54716	17660	72376	0.00203
Anaerotruncus colihominis	169435	S	41616	16588	58204	0.00163
Ethanoligenens harbinense	253239	S	31435	4169	35604	0.00100
Bengtsoniella intestinalis	3073143	S	28173	333	28506	0.00080
Solibaculum mannosilyticum	2780922	S	22119	10893	33012	0.00093
Ruminiclostridium papyrosolvens	29362	S	7988	1115	9103	0.00026
Ruminiclostridium herbifermentans	2488810	S	7979	1478	9457	0.00027
Ruminiclostridium cellulolyticum	1521	S	4484	817	5301	0.00015
Acetivibrio thermocellus	1515	S	7651	2146	9797	0.00028
Acetivibrio clariflavus	288965	S	5452	1638	7090	0.00020
Acetivibrio saccincola	1677857	S	4329	1150	5479	0.00015
Thermocaproicibacter melissae	2966552	S	15241	1431	16672	0.00047
Paludihabitans sp. MB14-C6	3070656	S	14865	95	14960	0.00042
Dysosmobacter welbionis	2093857	S	11201	99692	110893	0.00311
Petroclostridium sp. X23	3045146	S	10740	207	10947	0.00031
Thermoclostridium stercorarium	1510	S	6802	1718	8520	0.00024
Amygdalobacter indicium	3029272	S	1936	1202	3138	0.00009
Amygdalobacter nucleatus	3029274	S	1863	1528	3391	0.00010
Mageeibacillus indolicus	884684	S	3496	1512	5008	0.00014
Fastidiosipila sanguinis	236753	S	1997	620	2617	0.00007
Clostridium sp. M62/1	411486	S	28602	26749	55351	0.00155
Clostridium sp. BJN0013	3236840	S	15726	401	16127	0.00045
Clostridium sp. SY8519	1042156	S	14650	1834	16484	0.00046
Clostridium sp. MD294	97138	S	12995	155	13150	0.00037
Clostridium sp. BJN0001	2930219	S	7403	481	7884	0.00022
Clostridium sp. DL-VIII	641107	S	7013	185	7198	0.00020
Clostridium sp. HCS.1	3238594	S	6596	202	6798	0.00019
Clostridium sp. MB05	3376682	S	5940	221	6161	0.00017
Clostridium sp. OS1-26	3070681	S	5690	123	5813	0.00016
Clostridium sp. BNL1100	755731	S	5529	1121	6650	0.00019
Clostridium sp. JN-9	2507159	S	5251	133	5384	0.00015
Clostridium sp. MB40-C1	3070996	S	4801	58	4859	0.00014
Clostridium sp.	1506	S	4004	504	4508	0.00013
Clostridium sp. JN-1	2483110	S	3165	56	3221	0.00009
Clostridium sp. JS66	3064705	S	2194	163	2357	0.00007
Clostridium sp. 001	1970093	S	2001	296	2297	0.00006
Clostridium sp. 'deep sea'	2779445	S	1988	1	1989	0.00006
Clostridium sp. C1	1155388	S	1967	20307	22274	0.00063
Clostridium sp. AWRP	2212991	S	1743	141	1884	0.00005
Clostridium sp. 10cd*	3373596	S	1150	9117	10267	0.00029
Clostridium sp. LQ25	2992805	S	608	2354	2962	0.00008
Clostridium sp. MF28	1702238	S	437	1320	1757	0.00005
Clostridium sp. CF011	2843318	S	382	2006	2388	0.00007
Clostridium sp. CM028	2851575	S	156	1285	1441	0.00004
Clostridium sp. CM027	2849865	S	123	1274	1397	0.00004
Clostridium sp. K25	1443109	S	62	54	116	0.00000
Clostridium sp. B9	3423224	S	33	38	71	0.00000
Clostridium sp. 16K-1-R1	2681265	S	14	335	349	0.00001
[Clostridium] innocuum	1522	S	31592	38962	70554	0.00198
Clostridium botulinum	1491	S	24720	5191	29911	0.00084
Clostridium perfringens	1502	S	19609	19014	38623	0.00108
Clostridium estertheticum	238834	S	14681	533	15214	0.00043
Clostridium baratii	1561	S	11905	374	12279	0.00034
Clostridium gelidum	704125	S	11248	219	11467	0.00032
Clostridium beijerinckii	1520	S	10865	29768	40633	0.00114
Clostridium intestinale	36845	S	9930	279	10209	0.00029
Clostridium saccharoperbutylacetonicum	36745	S	9650	249	9899	0.00028
Clostridium pasteurianum	1501	S	9531	140	9671	0.00027
Clostridium bornimense	1216932	S	8809	1818	10627	0.00030
Clostridium butyricum	1492	S	8161	5339	13500	0.00038
Clostridium thermosuccinogenes	84032	S	7428	1593	9021	0.00025
Clostridium felsineum	36839	S	7348	847	8195	0.00023
Clostridium kluyveri	1534	S	7118	98	7216	0.00020
Clostridium saccharobutylicum	169679	S	6592	301	6893	0.00019
Clostridium gasigenes	94869	S	6533	160	6693	0.00019
Clostridium cellulovorans	1493	S	6521	221	6742	0.00019
Clostridium cadaveris	1529	S	6451	539	6990	0.00020
Clostridium manihotivorum	2320868	S	6362	89	6451	0.00018
Clostridium isatidis	182773	S	6063	1002	7065	0.00020
Clostridium culturomicium	1499683	S	5899	250	6149	0.00017
Clostridium septicum	1504	S	5800	220	6020	0.00017
Clostridium chauvoei	46867	S	5469	360	5829	0.00016
Clostridium thermarum	1716543	S	5446	858	6304	0.00018
Clostridium tagluense	360422	S	5100	192	5292	0.00015
Clostridium tetani	1513	S	4932	285	5217	0.00015
Clostridium tyrobutyricum	1519	S	4830	80	4910	0.00014
Clostridium caseinilyticum	3350403	S	4572	333	4905	0.00014
Clostridium acetobutylicum	1488	S	4571	32	4603	0.00013
Clostridium argentinense	29341	S	4390	84	4474	0.00013
Clostridium taeniosporum	394958	S	4242	100	4342	0.00012
Clostridium fermenticellae	2068654	S	4122	63	4185	0.00012
Clostridium novyi	1542	S	3560	477	4037	0.00011
Clostridium scatologenes	1548	S	3458	671	4129	0.00012
Clostridium formicaceticum	1497	S	3306	86	3392	0.00010
Clostridium drakei	332101	S	3255	498	3753	0.00011
Clostridium aceticum	84022	S	3248	38	3286	0.00009
Clostridium cochlearium	1494	S	3227	426	3653	0.00010
Clostridium carboxidivorans	217159	S	2498	215	2713	0.00008
Clostridium sporogenes	1509	S	1559	6226	7785	0.00022
Clostridium ljungdahlii	1538	S	802	1206	2008	0.00006
Clostridium autoethanogenum	84023	S	502	1079	1581	0.00004
Clostridium diolis	223919	S	303	1100	1403	0.00004
Clostridium haemolyticum	84025	S	13	1	14	0.00000
Candidatus Sarcina troglodytae	2726954	S	116102	8383	124485	0.00350
Lactonifactor longoviformis	341220	S	22697	5057	27754	0.00078
Haloimpatiens sp. FM7330	3298610	S	4998	144	5142	0.00014
Haloimpatiens sp. FM7315	3298609	S	4847	242	5089	0.00014
Haloimpatiens lingqiaonensis	1380675	S	8008	3478	11486	0.00032
Proteiniclasticum sp. QWL-01	3036945	S	13475	2044	15519	0.00044
Crassaminicella profunda	1286698	S	4369	231	4600	0.00013
Crassaminicella thermophila	2599308	S	3956	542	4498	0.00013
Crassaminicella indica	2855394	S	3211	885	4096	0.00012
Caloramator sp. mosi_1	3023090	S	3765	877	4642	0.00013
Caloramator sp. Dgby_cultured_2	3029174	S	3708	756	4464	0.00013
Caloramator sp. E03	2576307	S	3322	51	3373	0.00009
Wukongibacter baidiensis	1723361	S	4006	312	4318	0.00012
Wukongibacter sp. M2B1	3088895	S	3619	273	3892	0.00011
Candidatus Arthromitus sp. SFB-rat-Yit	1041504	S	1724	34	1758	0.00005
Candidatus Arthromitus sp. SFB-mouse	49118	S	242	2122	2364	0.00007
Candidatus Arthromitus sp. SFB-mouse-NL	1508644	S	90	411	501	0.00001
Oceanirhabdus sp. W0125-5	2999116	S	4207	52	4259	0.00012
Hathewaya histolytica	1498	S	2844	149	2993	0.00008
Agathobaculum sp. NTUH-O15-33	3079302	S	150078	587	150665	0.00423
Agathobaculum massiliense	3014267	S	4267	28492	32759	0.00092
Butyricicoccus porcorum	1945634	S	45451	11302	56753	0.00159
Butyricicoccus sp. GAM44	2109686	S	266	0	266	0.00001
Intestinibacillus sp. NTUH-41-i26	3079303	S	3092	19456	22548	0.00063
Intestinimonas butyriciproducens	1297617	S	97842	15722	113564	0.00319
Flintibacter sp. KGMB00164	2610895	S	69612	7583	77195	0.00217
Proteiniborus sp. MB09-C3	3050072	S	12726	1411	14137	0.00040
Thermaerobacter sp. PB12/4term	2293838	S	2124	66	2190	0.00006
Thermaerobacter sp. FW80	2546351	S	188	1209	1397	0.00004
Thermaerobacter marianensis	73919	S	2285	57	2342	0.00007
Thermaerobacter composti	554949	S	283	1903	2186	0.00006
Sulfobacillus thermotolerans	338644	S	464	0	464	0.00001
Levyella massiliensis	938289	S	5749	1086	6835	0.00019
Fusibacter sp. JL216-2	3071453	S	3750	30	3780	0.00011
Fenollaria massiliensis	938288	S	1734	511	2245	0.00006
Fenollaria sporofastidiosus	2811778	S	1088	800	1888	0.00005
Carboxydocella thermautotrophica	178899	S	1943	24	1967	0.00006
Caproiciproducens sp. R1	3435000	S	15392	4955	20347	0.00057
Caproiciproducens sp. R2	3435187	S	14987	19437	34424	0.00097
Caproiciproducens sp. CPB-2	3030017	S	10843	11796	22639	0.00064
Caproiciproducens sp. NJN-50	2507162	S	5172	14737	19909	0.00056
Acutalibacter muris	1796620	S	46122	2027	48149	0.00135
Caproicibacter fermentans	2576756	S	30028	3159	33187	0.00093
Caproicibacter sp. BJN0012	3110227	S	9971	38054	48025	0.00135
Eubacterium ramulus	39490	S	27828	12432	40260	0.00113
Eubacterium ventriosum	39496	S	25544	8293	33837	0.00095
Eubacterium limosum	1736	S	14961	5446	20407	0.00057
Eubacterium maltosivorans	2041044	S	11924	3350	15274	0.00043
Eubacterium sp. F2	3381348	S	11413	851	12264	0.00034
Eubacterium sp. MSJ-33	2841528	S	10512	2647	13159	0.00037
Eubacterium callanderi	53442	S	9682	6000	15682	0.00044
Acetobacterium wieringae	52694	S	6498	808	7306	0.00021
Acetobacterium malicum	52692	S	3635	159	3794	0.00011
Acetobacterium woodii	33952	S	2732	52	2784	0.00008
Acetobacterium carbinolicum	52690	S	1614	1547	3161	0.00009
Acetobacterium sp. KB-1	2184575	S	1524	3343	4867	0.00014
Pseudoramibacter alactolyticus	113287	S	7468	198	7666	0.00022
Anaerofustis stercorihominis	214853	S	6899	1346	8245	0.00023
Alkalibacter rhizosphaerae	2815577	S	3613	32	3645	0.00010
Aristaeella hokkaidonensis	3046382	S	28483	11938	40421	0.00114
Aristaeella lactis	3046383	S	26420	10638	37058	0.00104
Desulfitobacterium hafniense	49338	S	9794	569	10363	0.00029
Desulfitobacterium dehalogenans	36854	S	3039	54	3093	0.00009
Desulfitobacterium dichloroeliminans	233055	S	2303	863	3166	0.00009
Desulfitobacterium sp. AusDCA	3240383	S	1451	1610	3061	0.00009
Desulfitobacterium metallireducens	142877	S	1284	58	1342	0.00004
Desulfitobacterium nosdiversum	3375356	S	1242	1228	2470	0.00007
Dehalobacter sp. DCM	2907827	S	4927	1100	6027	0.00017
Dehalobacter sp. TBBPA1	3235037	S	1279	332	1611	0.00005
Dehalobacter sp. CF	1131462	S	1201	5889	7090	0.00020
Dehalobacter sp. CP	2594474	S	1059	242	1301	0.00004
Dehalobacter sp. DCA	1147129	S	642	2060	2702	0.00008
Dehalobacter restrictus	55583	S	4282	2609	6891	0.00019
Desulfosporosinus youngiae	339862	S	3685	280	3965	0.00011
Desulfosporosinus orientis	1563	S	3320	149	3469	0.00010
Desulfosporosinus acidiphilus	885581	S	2475	160	2635	0.00007
Desulfosporosinus meridiei	79209	S	2280	208	2488	0.00007
Desulfosporosinus paludis	3115649	S	1966	127	2093	0.00006
Syntrophobotulus glycolicus	51197	S	7031	78	7109	0.00020
Desulforamulus ruminis	1564	S	4459	170	4629	0.00013
Desulforamulus ferrireducens	1833852	S	3075	1433	4508	0.00013
Desulforamulus reducens	59610	S	1844	159	2003	0.00006
Dehalobacterium formicoaceticum	51515	S	7131	1695	8826	0.00025
Candidatus Formimonas warabiya	1761012	S	6387	221	6608	0.00019
Phosphitispora sp. TUW77	3152361	S	3306	673	3979	0.00011
Desulfofundulus kuznetsovii	58135	S	3105	208	3313	0.00009
Desulfofarcimen acetoxidans	58138	S	2863	94	2957	0.00008
Thermanaerosceptrum fracticalcis	1712410	S	2817	65	2882	0.00008
Acididesulfobacillus acetoxydans	1561005	S	2550	25	2575	0.00007
Symbiobacterium thermophilum	2734	S	5006	13	5019	0.00014
Caldinitratiruptor microaerophilus	671077	S	2746	21	2767	0.00008
Desulfoscipio sp. XC116	3144975	S	4344	109	4453	0.00013
Desulfoscipio gibsoniae	102134	S	3043	102	3145	0.00009
Heliomicrobium modesticaldum	35701	S	4939	318	5257	0.00015
Heliorestis convoluta	356322	S	1736	11	1747	0.00005
Proteinivorax tanatarense	1260629	S	1595	174	1769	0.00005
Proteinivorax hydrogeniformans	1826727	S	1323	183	1506	0.00004
Alkalicella caledoniensis	2731377	S	2114	44	2158	0.00006
Syntrophomonas wolfei	863	S	2221	64	2285	0.00006
Candidatus Syntrophocurvum alkaliphilum	2293317	S	1271	28	1299	0.00004
Syntrophothermus lipocalidus	86170	S	1114	43	1157	0.00003
Thermincola potens	863643	S	2783	189	2972	0.00008
Desulfotomaculum nigrificans	1565	S	2447	1240	3687	0.00010
Roseburia sp. 831b	1261635	S	92349	19112	111461	0.00313
Roseburia sp. 499	1261634	S	62985	6923	69908	0.00196
Roseburia intestinalis	166486	S	72729	116558	189287	0.00532
Roseburia hominis	301301	S	68148	36248	104396	0.00293
Roseburia faecis	301302	S	46850	19995	66845	0.00188
Roseburia rectibacter	2763062	S	46376	23195	69571	0.00195
Blautia producta	33035	S	64070	13711	77781	0.00218
Blautia obeum	40520	S	59639	37712	97351	0.00273
Blautia wexlerae	418240	S	34080	38095	72175	0.00203
Blautia hansenii	1322	S	33612	16772	50384	0.00142
Blautia parvula	2877527	S	28603	14260	42863	0.00120
Blautia pseudococcoides	1796616	S	27355	1204	28559	0.00080
Blautia argi	1912897	S	24989	15497	40486	0.00114
Blautia luti	89014	S	20360	10719	31079	0.00087
Blautia liquoris	2779518	S	18153	653	18806	0.00053
Blautia hydrogenotrophica	53443	S	17098	3901	20999	0.00059
Blautia massiliensis (ex Durand et al. 2017)	1737424	S	8700	57933	66633	0.00187
Blautia sp. SC05B48	2479767	S	7500	13593	21093	0.00059
Enterocloster clostridioformis	1531	S	59864	36588	96452	0.00271
Enterocloster bolteae	208479	S	59037	19563	78600	0.00221
Enterocloster lavalensis	460384	S	43817	23794	67611	0.00190
Enterocloster asparagiformis	333367	S	33782	11141	44923	0.00126
Lacrimispora sp. HJ-01	3375704	S	29440	9173	38613	0.00108
Lacrimispora sp. BS-2	3151850	S	16024	2773	18797	0.00053
Lacrimispora xylanisolvens	384636	S	28786	1760	30546	0.00086
Lacrimispora saccharolytica	84030	S	28111	4917	33028	0.00093
Lacrimispora xylanolytica	29375	S	23176	2342	25518	0.00072
Lacrimispora sinapis	3111456	S	22176	3173	25349	0.00071
Lacrimispora sphenoides	29370	S	13761	3546	17307	0.00049
Mediterraneibacter gnavus	33038	S	74867	100928	175795	0.00494
[Ruminococcus] torques	33039	S	32662	32754	65416	0.00184
[Ruminococcus] lactaris	46228	S	23560	4491	28051	0.00079
Mediterraneibacter glycyrrhizinilyticus	342942	S	18660	10354	29014	0.00081
Mediterraneibacter faecis	592978	S	8396	12545	20941	0.00059
Anaerocolumna sp. AGMB13025	3039116	S	27832	1672	29504	0.00083
Anaerocolumna sp. AGMB13020	3081750	S	21917	1631	23548	0.00066
Anaerocolumna sp. MB42-C2	3070997	S	19225	3234	22459	0.00063
Anaerocolumna cellulosilytica	433286	S	27215	1989	29204	0.00082
Anaerocolumna chitinilytica	1727145	S	19067	1277	20344	0.00057
Anaerocolumna sedimenticola	2696063	S	18709	3312	22021	0.00062
Hungatella hathewayi	154046	S	79865	14416	94281	0.00265
Hungatella sp. SB206	2937758	S	32692	16828	49520	0.00139
[Clostridium] scindens	29347	S	65146	15227	80373	0.00226
Lachnoclostridium phytofermentans	66219	S	25753	391	26144	0.00073
[Clostridium] hylemonae	89153	S	25496	4108	29604	0.00083
Dorea formicigenerans	39486	S	39718	29875	69593	0.00195
Dorea longicatena	88431	S	30162	35289	65451	0.00184
Dorea amylophila	2981789	S	6361	13996	20357	0.00057
Butyrivibrio fibrisolvens	831	S	33948	2743	36691	0.00103
Butyrivibrio proteoclasticus	43305	S	19734	1791	21525	0.00060
Butyrivibrio sp. JL13D10	3236815	S	19310	1869	21179	0.00059
Butyrivibrio hungatei	185008	S	16876	1232	18108	0.00051
Kineothrix sedimenti	3123317	S	43573	3479	47052	0.00132
Kineothrix sp. MB12-C1	3070215	S	42648	3029	45677	0.00128
Anaerostipes hadrus	649756	S	37144	10621	47765	0.00134
Anaerostipes rhamnosivorans	1229621	S	14582	3921	18503	0.00052
Anaerostipes caccae	105841	S	13374	5035	18409	0.00052
Anaerostipes sp. PC18	3036926	S	9850	3603	13453	0.00038
Coprococcus comes	410072	S	28548	40905	69453	0.00195
Coprococcus catus	116085	S	23710	11296	35006	0.00098
Coprococcus sp. ART55/1	751585	S	10300	5327	15627	0.00044
Coprococcus eutactus	33043	S	9435	9654	19089	0.00054
Sellimonas catena	2994035	S	24643	15332	39975	0.00112
Sellimonas intestinalis	1653434	S	23726	5349	29075	0.00082
Sellimonas caecigallum	2592333	S	16475	3579	20054	0.00056
Agathobacter rectalis	39491	S	59010	53524	112534	0.00316
Anaerobutyricum hallii	39488	S	27436	31434	58870	0.00165
Anaerobutyricum soehngenii	105843	S	20	17974	17994	0.00051
Eisenbergiella porci	2652274	S	53364	12072	65436	0.00184
Simiaoa sunii	2763672	S	44588	20224	64812	0.00182
Lachnospira eligens	39485	S	37951	4066	42017	0.00118
[Clostridium] symbiosum	1512	S	34313	5592	39905	0.00112
Eshraghiella crossota	45851	S	31697	8769	40466	0.00114
Novisyntrophococcus fermenticellae	2068655	S	31301	1950	33251	0.00093
Marvinbryantia formatexigens	168384	S	30118	4093	34211	0.00096
Anaeromicropila herbilytica	2785025	S	29337	227	29564	0.00083
Claveliimonas bilis	3028070	S	26885	7747	34632	0.00097
Lachnoanaerobaculum umeaense	617123	S	10623	1961	12584	0.00035
Lachnoanaerobaculum gingivalis	2490855	S	9965	2746	12711	0.00036
Faecalimonas umbilicata	1912855	S	22294	14592	36886	0.00104
Qiania dongpingensis	2763669	S	21886	3541	25427	0.00071
Pseudobutyrivibrio xylanivorans	185007	S	21090	418	21508	0.00060
Wansuia hejianensis	2763667	S	20298	2425	22723	0.00064
Hominifimenecus sp. rT4P-3	3242979	S	17019	38	17057	0.00048
Chordicoccus furentiruminis	2709410	S	14666	1544	16210	0.00046
Wujia chipingensis	2763670	S	12440	5602	18042	0.00051
Anaeropeptidivorans aminofermentans	2934315	S	12379	97	12476	0.00035
Stomatobaculum sp. F0698	3059030	S	10651	135	10786	0.00030
Chakrabartyella piscis	2918914	S	10496	437	10933	0.00031
Herbinix luporum	1679721	S	10419	3110	13529	0.00038
[Clostridium] colinum	36835	S	9371	462	9833	0.00028
Candidatus Epulonipiscium viviparus	420336	S	4264	98	4362	0.00012
Sporofaciens musculi	2681861	S	598	0	598	0.00002
Cellulosilyticum sp. WCF-2	2497860	S	2486	6924	9410	0.00026
Cellulosilyticum sp. ST5	3055805	S	760	1968	2728	0.00008
Cellulosilyticum lentocellum	29360	S	2805	3478	6283	0.00018
Anaerotignum sp. MB30-C6	3070814	S	8434	3583	12017	0.00034
Anaerotignum propionicum	28446	S	8064	1736	9800	0.00028
Vallitalea guaymasensis	1185412	S	7072	321	7393	0.00021
Vallitalea pronyensis	1348613	S	5221	215	5436	0.00015
Petrocella atlantisensis	2173034	S	4405	276	4681	0.00013
Defluviitalea saccharophila	879970	S	6533	1793	8326	0.00023
Emergencia timonensis	1776384	S	45093	9224	54317	0.00153
Emergencia sp. JLR.KK010	3114296	S	30704	10876	41580	0.00117
Aminipila luticellarii	2507160	S	17773	3604	21377	0.00060
Aminipila terrae	2697030	S	15551	2320	17871	0.00050
Aminipila butyrica	433296	S	14218	2054	16272	0.00046
Ihubacter sp. rT4E-8	3242369	S	30481	8532	39013	0.00110
Mogibacterium pumilum	86332	S	6168	2376	8544	0.00024
Mogibacterium diversum	114527	S	4212	1750	5962	0.00017
Mogibacterium neglectum	114528	S	3453	2964	6417	0.00018
Sinanaerobacter sp. ZZT-01	3111540	S	17531	477	18008	0.00051
Anoxybacterium hadale	3408580	S	16902	260	17162	0.00048
Terrisporobacter petrolearius	1460447	S	18972	14390	33362	0.00094
Terrisporobacter vanillatitrophus	3058402	S	7998	1213	9211	0.00026
Terrisporobacter mayombei	1541	S	5332	816	6148	0.00017
Terrisporobacter glycolicus	36841	S	5154	911	6065	0.00017
Terrisporobacter hibernicus	2813371	S	441	1992	2433	0.00007
Clostridioides difficile	1496	S	43270	33418	76688	0.00215
Clostridioides sp. ES-S-0054-01	2770780	S	1582	278	1860	0.00005
Clostridioides sp. ES-W-0016-02	2770788	S	447	1474	1921	0.00005
Clostridioides sp. ES-S-0010-02	2770776	S	312	1458	1770	0.00005
Clostridioides sp. ES-S-0107-01	2770772	S	46	10	56	0.00000
Clostridioides sp. ES-S-0173-01	2770786	S	27	13	40	0.00000
Paraclostridium sordellii	1505	S	6629	675	7304	0.00021
Paraclostridium bifermentans	1490	S	2809	1829	4638	0.00013
Paraclostridium ghonii	29358	S	2581	293	2874	0.00008
Paraclostridium dentum	2662455	S	731	1056	1787	0.00005
Paraclostridium benzoelyticum	1629550	S	35	8	43	0.00000
Romboutsia sp. CE17	2724150	S	4211	935	5146	0.00014
Romboutsia sp. 13368	2708053	S	2908	747	3655	0.00010
Romboutsia hominis	1507512	S	3646	520	4166	0.00012
Romboutsia ilealis	1115758	S	2953	688	3641	0.00010
Peptacetobacter hiranonis	89152	S	4035	1410	5445	0.00015
Peptacetobacter sp. AB845	3388429	S	1977	868	2845	0.00008
Tepidibacter hydrothermalis	3036126	S	3741	554	4295	0.00012
Tepidibacter aestuarii	2925782	S	2697	482	3179	0.00009
Peptostreptococcus equinus	3003601	S	2966	177	3143	0.00009
Peptostreptococcus anaerobius	1261	S	2813	1531	4344	0.00012
Intestinibacter bartlettii	261299	S	4797	837	5634	0.00016
Alkaliphilus metalliredigens	208226	S	3470	262	3732	0.00010
Alkaliphilus sp. B6464	2731219	S	3148	131	3279	0.00009
Alkaliphilus oremlandii	461876	S	3106	178	3284	0.00009
Serpentinicella alkaliphila	1734049	S	3157	52	3209	0.00009
Acetoanaerobium sticklandii	1511	S	1539	1157	2696	0.00008
Acetoanaerobium noterae	745369	S	1360	1043	2403	0.00007
Filifactor alocis	143361	S	2583	1513	4096	0.00012
Peptoclostridium acidaminophilum	1731	S	7298	435	7733	0.00022
Geosporobacter ferrireducens	1424294	S	6261	206	6467	0.00018
Caminicella sporogenes	166485	S	3269	135	3404	0.00010
Christensenella sp. MSJ-20	2841518	S	26860	3129	29989	0.00084
Christensenella minuta	626937	S	11210	2803	14013	0.00039
Christensenella massiliensis	1805714	S	10343	4271	14614	0.00041
Thermoanaerobacterium sp. RBIITD	1550240	S	3388	936	4324	0.00012
Thermoanaerobacterium sp. CMT5567-10	3061989	S	849	1943	2792	0.00008
Thermoanaerobacterium thermosaccharolyticum	1517	S	4099	3021	7120	0.00020
Thermoanaerobacterium xylanolyticum	29329	S	1941	297	2238	0.00006
Thermoanaerobacter kivui	2325	S	844	383	1227	0.00003
Thermoanaerobacter sp. X514	399726	S	280	1387	1667	0.00005
Thermoanaerobacter sp. RKWS2	2983842	S	173	838	1011	0.00003
Thermoanaerobacter mathranii	583357	S	346	564	910	0.00003
Thermoanaerobacter italicus	108150	S	279	456	735	0.00002
Thermoanaerobacter wiegelii	46354	S	253	491	744	0.00002
Thermoanaerobacter ethanolicus	1757	S	62	336	398	0.00001
Thermoanaerobacter siderophilus	106578	S	54	288	342	0.00001
Gelria sp. Kuro-4	2796927	S	4656	26	4682	0.00013
Caldanaerobacter subterraneus	911092	S	2342	865	3207	0.00009
Thermacetogenium phaeum	85874	S	2256	293	2549	0.00007
Aceticella autotrophica	2755338	S	2148	75	2223	0.00006
Ammonifex degensii	42838	S	1919	4	1923	0.00005
Carboxydothermus hydrogenoformans	129958	S	1861	9	1870	0.00005
Desulfothermobacter acidiphilus	1938353	S	1305	3	1308	0.00004
Desulforudis sp. Tu-874	3416276	S	2285	45	2330	0.00007
Candidatus Desulforudis audaxviator	471827	S	1950	23	1973	0.00006
Mahella australiensis	252966	S	2600	352	2952	0.00008
Neomoorella thermoacetica	1525	S	3848	294	4142	0.00012
Moorella sp. Hama-1	2138101	S	3035	307	3342	0.00009
Neomoorella humiferrea	676965	S	2744	371	3115	0.00009
Neomoorella glycerini	55779	S	2003	80	2083	0.00006
Neomoorella carbonis	3062783	S	1777	510	2287	0.00006
Thermanaeromonas toyohensis	161154	S	1174	1	1175	0.00003
Zhaonella formicivorans	2528593	S	2501	48	2549	0.00007
Metallumcola ferriviriculae	3039180	S	2025	8	2033	0.00006
Monoglobus pectinilyticus	1981510	S	14114	3650	17764	0.00050
Halanaerobium hydrogeniformans	656519	S	1350	14	1364	0.00004
Halanaerobium praevalens	2331	S	1259	30	1289	0.00004
Halocella sp. SP3-1	2382161	S	671	827	1498	0.00004
Iocasia fonsfrigidae	2682810	S	404	518	922	0.00003
Acetohalobium arabaticum	28187	S	1375	16	1391	0.00004
Halobacteroides halobius	42422	S	1245	151	1396	0.00004
Natroniella sp. ANB-PHB2	3384444	S	1082	35	1117	0.00003
Anoxybacter fermentans	1323375	S	2099	20	2119	0.00006
Halothermothrix orenii	31909	S	1355	21	1376	0.00004
Biomaibacter acetigenes	2316383	S	4048	96	4144	0.00012
Tepidanaerobacter acetatoxydans	499229	S	2540	59	2599	0.00007
Thermosediminibacter oceani	291990	S	2790	9	2799	0.00008
Helicovermis profundi	3065157	S	3378	6	3384	0.00010
Natranaerofaba carboxydovora	2742683	S	1728	1	1729	0.00005
Natranaerobius thermophilus	375929	S	1361	4	1365	0.00004
Koleobacter methoxysyntrophicus	2751313	S	2258	14	2272	0.00006
Bacillus cereus	1396	S	24629	78668	103297	0.00290
Bacillus thuringiensis	1428	S	5558	18018	23576	0.00066
Bacillus mycoides	1405	S	4949	2433	7382	0.00021
Bacillus pseudomycoides	64104	S	4121	629	4750	0.00013
Bacillus manliponensis	574376	S	2612	449	3061	0.00009
Bacillus cytotoxicus	580165	S	2297	417	2714	0.00008
Bacillus wiedmannii	1890302	S	1183	690	1873	0.00005
Bacillus toyonensis	155322	S	1067	991	2058	0.00006
Bacillus nitratireducens	2026193	S	803	242	1045	0.00003
Bacillus tropicus	2026188	S	744	1279	2023	0.00006
Bacillus paranthracis	2026186	S	732	2863	3595	0.00010
Bacillus anthracis	1392	S	721	29994	30715	0.00086
Bacillus cereus group sp. BfR-BA-01700	3094884	S	307	163	470	0.00001
Bacillus sp. JAS24-2	2217832	S	72	87	159	0.00000
Bacillus cereus group sp. IBL03679	3240095	S	65	4	69	0.00000
Bacillus sp. ABP14	1892404	S	51	84	135	0.00000
Bacillus sp. HBCD-sjtu	2053832	S	32	95	127	0.00000
Bacillus cereus group sp. MS39	3041344	S	18	90	108	0.00000
Bacillus sp. FDAARGOS_235	1839798	S	13	45	58	0.00000
Bacillus pacificus	2026187	S	553	460	1013	0.00003
Bacillus luti	2026191	S	539	200	739	0.00002
Bacillus paramobilis	2817477	S	467	202	669	0.00002
Bacillus paramycoides	2026194	S	218	91	309	0.00001
Bacillus albus	2026189	S	123	426	549	0.00002
Bacillus bombysepticus	658666	S	52	187	239	0.00001
Bacillus sp. DTU_2020_1000418_1_SI_GHA_SEK_038	3077585	S	2948	630	3578	0.00010
Bacillus sp. T3	467262	S	2742	454	3196	0.00009
Bacillus sp. 1NLA3E	666686	S	2698	480	3178	0.00009
Bacillus sp. S3	486398	S	2662	420	3082	0.00009
Bacillus sp. FJAT-22090	1581038	S	2237	405	2642	0.00007
Bacillus sp. FJAT-18017	1705566	S	1933	257	2190	0.00006
Bacillus sp. KH172YL63	2709784	S	1858	322	2180	0.00006
Bacillus sp. THAF10	2587848	S	1841	282	2123	0.00006
Bacillus sp. DX3.1	3052091	S	1819	523	2342	0.00007
Bacillus sp. 1P10SD	3132265	S	1677	546	2223	0.00006
Bacillus sp. FJAT-42376	2014076	S	1672	277	1949	0.00005
Bacillus sp. NEB1478	3073816	S	1619	381	2000	0.00006
Bacillus sp. OxB-1	98228	S	1297	198	1495	0.00004
Bacillus sp. Cs-700	2589818	S	1147	611	1758	0.00005
Bacillus sp. N1-1	2682541	S	945	412	1357	0.00004
Bacillus sp. N5-665	2925318	S	355	207	562	0.00002
Bacillus sp. ZJS3	2928154	S	226	144	370	0.00001
Bacillus sp. ms-22	2683680	S	171	137	308	0.00001
Bacillus sp. BD59S	2499213	S	160	74	234	0.00001
Bacillus sp. SG20033	3366583	S	159	835	994	0.00003
Bacillus sp. PPSBB_2	3123319	S	158	540	698	0.00002
Bacillus sp. SB49	1071080	S	154	1828	1982	0.00006
Bacillus sp. HSf4	3035514	S	128	1102	1230	0.00003
Bacillus sp. YBsi01	3139388	S	109	96	205	0.00001
Bacillus sp. MAG717A	3122078	S	105	109	214	0.00001
Bacillus sp. FDAARGOS_1420	2856338	S	105	2	107	0.00000
Bacillus sp. PM5	3414495	S	104	267	371	0.00001
Bacillus sp. 3G2	3375707	S	104	50	154	0.00000
Bacillus sp. FSL R5-0820	2954560	S	97	454	551	0.00002
Bacillus sp. FSL R5-0422	2921577	S	86	53	139	0.00000
Bacillus sp. NP247	2846779	S	77	101	178	0.00000
Bacillus sp. COPE52	2233998	S	73	31	104	0.00000
Bacillus sp. FSL M8-0350	2954579	S	69	169	238	0.00001
Bacillus sp. A01H	3026426	S	67	136	203	0.00001
Bacillus sp. MD-5	2009331	S	62	183	245	0.00001
Bacillus sp. FSL R5-0397	2954558	S	60	240	300	0.00001
Bacillus sp. PS196	2954720	S	55	369	424	0.00001
Bacillus sp. FSL P2-0069	2954581	S	54	511	565	0.00002
Bacillus sp. FSL R5-0523	2975304	S	52	84	136	0.00000
Bacillus sp. 3P20	3079309	S	51	293	344	0.00001
Bacillus sp. JS	1127744	S	51	158	209	0.00001
Bacillus sp. SW7	3117397	S	51	128	179	0.00001
Bacillus sp. Ba 3	3397768	S	48	188	236	0.00001
Bacillus sp. BR3(2024)	3126755	S	48	144	192	0.00001
Bacillus sp. CMF12	2884834	S	45	2830	2875	0.00008
Bacillus sp. HNR-4	2796141	S	45	92	137	0.00000
Bacillus sp. NSP9.1	1071078	S	44	311	355	0.00001
Bacillus sp. FSL K6-0972	2921562	S	38	34	72	0.00000
Bacillus sp. PDNC022	2812759	S	34	73	107	0.00000
Bacillus sp. FSL R5-0286	2954620	S	31	79	110	0.00000
Bacillus sp. LJBS06	2809036	S	31	99	130	0.00000
Bacillus sp. SI2	3077323	S	31	80	111	0.00000
Bacillus sp. PAMC26543	2762329	S	29	90	119	0.00000
Bacillus sp. ZHX3	2841656	S	28	10408	10436	0.00029
Bacillus sp. RE35	3454626	S	27	322	349	0.00001
Bacillus sp. N6	127893	S	27	63	90	0.00000
Bacillus sp. A260	2660750	S	25	144	169	0.00000
Bacillus sp. 3a	580459	S	24	81	105	0.00000
Bacillus sp. N447-1	2789208	S	23	68	91	0.00000
Bacillus sp. RZ2MS9	1806216	S	23	118	141	0.00000
Bacillus sp. SG20032	3351560	S	23	219	242	0.00001
Bacillus sp. BS1807G30	3153756	S	21	73	94	0.00000
Bacillus sp. FSL K6-1003	2954675	S	19	30	49	0.00000
Bacillus sp. LJBS17	2859227	S	18	126	144	0.00000
Bacillus sp. FSL K6-4563	2921507	S	18	37	55	0.00000
Bacillus sp. FSL R5-0560	2954588	S	17	26	43	0.00000
Bacillus sp. FSL K6-1000	2921458	S	16	51	67	0.00000
Bacillus sp. FSL M7-0307	2921530	S	16	62	78	0.00000
Bacillus sp. FSL K6-3149	2921488	S	16	58	74	0.00000
Bacillus sp. JNUCC-22	2842457	S	15	87	102	0.00000
Bacillus sp. SYJ	2529386	S	15	57	72	0.00000
Bacillus sp. FSL K6-0994	2921457	S	14	51	65	0.00000
Bacillus sp. FSL K6-2869	2921485	S	14	57	71	0.00000
Bacillus sp. FSL H8-0516	2921397	S	14	46	60	0.00000
Bacillus sp. FSL M7-0003	2921528	S	14	74	88	0.00000
Bacillus sp. FSL W7-1034	2954564	S	14	65	79	0.00000
Bacillus sp. FSL W7-1336	2954592	S	14	438	452	0.00001
Bacillus sp. MBGLi79	2070759	S	14	29	43	0.00000
Bacillus sp. DX2.2	3073452	S	14	19	33	0.00000
Bacillus sp. FSL K6-3154	2921489	S	13	47	60	0.00000
Bacillus sp. FSL W8-0920	2954636	S	13	53	66	0.00000
Bacillus sp. FSL R5-0432	2954585	S	12	95	107	0.00000
Bacillus sp. FSL L8-0654	2921526	S	12	60	72	0.00000
Bacillus sp. FSL R5-0512	2954587	S	12	34	46	0.00000
Bacillus sp. FSL K6-1012	2954678	S	12	36	48	0.00000
Bacillus sp. FSL M7-0791	2921535	S	12	36	48	0.00000
Bacillus sp. BC1-43	2888526	S	12	143	155	0.00000
Bacillus sp. BS98	2608254	S	12	33	45	0.00000
Bacillus sp. PS108	2954725	S	11	60	71	0.00000
Bacillus sp. SJ-10	563169	S	11	296	307	0.00001
Bacillus sp. FSL K6-2861	2975294	S	10	69	79	0.00000
Bacillus sp. FSL W7-1346	2954565	S	10	46	56	0.00000
Bacillus velezensis	492670	S	3070	22324	25394	0.00071
Bacillus amyloliquefaciens	1390	S	1868	8850	10718	0.00030
Bacillus siamensis	659243	S	444	537	981	0.00003
Bacillus atrophaeus	1452	S	3639	787	4426	0.00012
Bacillus subtilis	1423	S	2016	18658	20674	0.00058
Bacillus vallismortis	72361	S	1668	346	2014	0.00006
Bacillus halotolerans	260554	S	1328	1027	2355	0.00007
Bacillus mojavensis	72360	S	219	186	405	0.00001
Bacillus paralicheniformis	1648923	S	1556	1707	3263	0.00009
Bacillus spizizenii	96241	S	1229	2469	3698	0.00010
Bacillus inaquosorum	483913	S	886	266	1152	0.00003
Bacillus tequilensis	227866	S	852	264	1116	0.00003
Bacillus stercoris	2054641	S	748	1070	1818	0.00005
Bacillus sonorensis	119858	S	634	2613	3247	0.00009
Bacillus licheniformis	1402	S	374	2866	3240	0.00009
Bacillus pumilus	1408	S	3408	1570	4978	0.00014
Bacillus infantis	324767	S	3272	588	3860	0.00011
Bacillus kandeliae	3129297	S	3187	694	3881	0.00011
Bacillus haimaensis	3160967	S	2525	356	2881	0.00008
Bacillus weihaiensis	1547283	S	2430	408	2838	0.00008
Bacillus methanolicus	1471	S	2425	648	3073	0.00009
Bacillus aquiflavi	2672567	S	2229	256	2485	0.00007
Bacillus swezeyi	1925020	S	2158	291	2449	0.00007
Bacillus smithii	1479	S	1857	1790	3647	0.00010
Bacillus gobiensis	1441095	S	1853	188	2041	0.00006
Bacillus salacetis	2315464	S	1735	312	2047	0.00006
Bacillus shivajii	1983719	S	1733	157	1890	0.00005
Bacillus altitudinis	293387	S	1538	2114	3652	0.00010
Bacillus carboniphilus	86663	S	1487	99	1586	0.00004
Bacillus safensis	561879	S	1387	1621	3008	0.00008
Bacillus arachidis	2819290	S	1341	267	1608	0.00005
Bacillus maqinnsis	3229854	S	1337	191	1528	0.00004
Bacillus fonticola	2728853	S	1183	116	1299	0.00004
Bacillus cabrialesii	2487276	S	1037	292	1329	0.00004
Bacillus glycinifermentans	1664069	S	909	337	1246	0.00003
Bacillus aerius	293388	S	250	180	430	0.00001
Bacillus rugosus	2715209	S	241	68	309	0.00001
Bacillus haynesii	1925021	S	136	126	262	0.00001
Bacillus xiamenensis	1178537	S	72	56	128	0.00000
Lysinibacillus sp. 2017	2169540	S	10930	3738	14668	0.00041
Lysinibacillus sp. LZ02	3420668	S	10906	2032	12938	0.00036
Lysinibacillus sp. 3P01SB	3132284	S	5975	1591	7566	0.00021
Lysinibacillus sp. SGAir0095	2070463	S	3122	1238	4360	0.00012
Lysinibacillus sp. 38-6	3385991	S	2151	550	2701	0.00008
Lysinibacillus sp. Ag94	2936682	S	1652	77	1729	0.00005
Lysinibacillus sp. FSL H8-0500	2921393	S	1520	698	2218	0.00006
Lysinibacillus sp. RS11	3242682	S	1090	559	1649	0.00005
Lysinibacillus sp. JNUCC-51	2792479	S	1078	448	1526	0.00004
Lysinibacillus sp. FSL K6-4013	2921504	S	646	1505	2151	0.00006
Lysinibacillus sp. JNUCC-52	2792480	S	552	1530	2082	0.00006
Lysinibacillus sp. Y5S-8	3122488	S	529	640	1169	0.00003
Lysinibacillus sp. CD3-6	2892541	S	309	800	1109	0.00003
Lysinibacillus sp. FSL P2-0066	2921720	S	305	658	963	0.00003
Lysinibacillus sp. FSL K6-3209	2921497	S	286	415	701	0.00002
Lysinibacillus sp. FSL K6-0057	2921411	S	225	633	858	0.00002
Lysinibacillus sp. 1 U-2021	3039426	S	212	1862	2074	0.00006
Lysinibacillus sp. FSL K6-0075	2921415	S	204	590	794	0.00002
Lysinibacillus sp. C5.1	2796169	S	204	541	745	0.00002
Lysinibacillus sp. FSL K6-1151	2921465	S	160	1634	1794	0.00005
Lysinibacillus sp. JK80	2749809	S	156	589	745	0.00002
Lysinibacillus sp. G01H	3026425	S	152	557	709	0.00002
Lysinibacillus sp. OF-1	2972483	S	95	897	992	0.00003
Lysinibacillus sp. YS11	2072025	S	87	420	507	0.00001
Lysinibacillus sp. FSL P4-0201	2921721	S	82	791	873	0.00002
Lysinibacillus sp. FSL M8-0337	2921718	S	80	265	345	0.00001
Lysinibacillus sp. FSL W7-1291	2954544	S	77	876	953	0.00003
Lysinibacillus sp. FW12	3096079	S	72	129	201	0.00001
Lysinibacillus sp. FSL L8-0126	2921515	S	67	536	603	0.00002
Lysinibacillus sp. FSL R5-0849	2921660	S	64	639	703	0.00002
Lysinibacillus sp. FSL M8-0216	2921619	S	40	302	342	0.00001
Lysinibacillus sp. ACHW1.5	2913506	S	40	264	304	0.00001
Lysinibacillus sp. S1	3375705	S	38	335	373	0.00001
Lysinibacillus capsici	2115968	S	6333	24587	30920	0.00087
Lysinibacillus louembei	1470088	S	4694	1296	5990	0.00017
Lysinibacillus fusiformis	28031	S	3776	1875	5651	0.00016
Lysinibacillus telephonicus	1714840	S	3698	702	4400	0.00012
Lysinibacillus parviboronicapiens	436516	S	3111	666	3777	0.00011
Lysinibacillus pakistanensis	759811	S	3111	1099	4210	0.00012
Lysinibacillus sphaericus	1421	S	2177	1245	3422	0.00010
Lysinibacillus agricola	2590012	S	1806	301	2107	0.00006
Lysinibacillus xylanilyticus	582475	S	1787	583	2370	0.00007
Lysinibacillus macroides	33935	S	1425	645	2070	0.00006
Lysinibacillus irui	2998077	S	1399	989	2388	0.00007
Lysinibacillus varians	1145276	S	370	820	1190	0.00003
Neobacillus sp. YX16	3047874	S	3337	958	4295	0.00012
Neobacillus sp. PS3-12	3070677	S	3212	616	3828	0.00011
Neobacillus sp. OS1-32	3070682	S	2907	513	3420	0.00010
Neobacillus sp. PS3-34	3070678	S	2753	379	3132	0.00009
Neobacillus sp. SuZ13	3047875	S	2713	840	3553	0.00010
Neobacillus sp. D3-1R	3445778	S	2686	549	3235	0.00009
Neobacillus sp. DY30	3047871	S	2671	921	3592	0.00010
Neobacillus sp. FSL H8-0543	2954672	S	2551	496	3047	0.00009
Neobacillus sp. WH10	3047873	S	2432	481	2913	0.00008
Neobacillus sp. PS3-40	3070679	S	2338	334	2672	0.00008
Neobacillus sp. C211	3450747	S	2334	194	2528	0.00007
Neobacillus sp. OS1-2	3070680	S	2081	460	2541	0.00007
Neobacillus sp. PS2-9	3070676	S	2045	737	2782	0.00008
Neobacillus sp. OS1-33	3070683	S	2045	745	2790	0.00008
Neobacillus sp. 114	3048535	S	1853	1012	2865	0.00008
Neobacillus sp. SAB-20_R2A	3120519	S	1530	878	2408	0.00007
Neobacillus mesonae	1193713	S	3409	553	3962	0.00011
Neobacillus drentensis	220684	S	3128	791	3919	0.00011
Neobacillus cucumis	1740721	S	3057	60	3117	0.00009
Neobacillus niacini	86668	S	2648	928	3576	0.00010
Neobacillus oceani	3115292	S	2393	273	2666	0.00007
Neobacillus novalis	220687	S	2131	375	2506	0.00007
Peribacillus asahii	228899	S	12392	3381	15773	0.00044
Peribacillus sp. B-H-3	3400420	S	3825	680	4505	0.00013
Peribacillus sp. FSL E2-0218	2921364	S	1568	297	1865	0.00005
Peribacillus sp. RS7	3242679	S	1153	430	1583	0.00004
Peribacillus sp. R9-11	3073271	S	1038	887	1925	0.00005
Peribacillus sp. FSL E2-0159	2975289	S	486	456	942	0.00003
Peribacillus sp. FSL P2-0133	2921573	S	182	730	912	0.00003
Peribacillus sp. JNUCC41	2778370	S	103	881	984	0.00003
Peribacillus sp. S4	3384451	S	90	492	582	0.00002
Peribacillus frigoritolerans	450367	S	6420	6628	13048	0.00037
Peribacillus simplex	1478	S	3661	3098	6759	0.00019
Peribacillus muralis	264697	S	3613	289	3902	0.00011
Peribacillus psychrosaccharolyticus	1407	S	3610	521	4131	0.00012
Peribacillus sedimenti	3115297	S	2874	550	3424	0.00010
Peribacillus butanolivorans	421767	S	883	697	1580	0.00004
Cytobacillus firmus	1399	S	6062	2003	8065	0.00023
Cytobacillus kochii	859143	S	4388	4236	8624	0.00024
Cytobacillus horneckiae	549687	S	3568	712	4280	0.00012
Cytobacillus dafuensis	1742359	S	3450	648	4098	0.00012
Cytobacillus solani	1637975	S	3039	620	3659	0.00010
Cytobacillus gottheilii	859144	S	2897	454	3351	0.00009
Cytobacillus spongiae	2901381	S	2735	382	3117	0.00009
Cytobacillus praedii	1742358	S	2236	401	2637	0.00007
Cytobacillus sp. BC1816	3440154	S	1096	430	1526	0.00004
Cytobacillus sp. FSL W7-1323	2921700	S	528	3411	3939	0.00011
Cytobacillus oceanisediminis	665099	S	405	6441	6846	0.00019
Cytobacillus pseudoceanisediminis	3051614	S	211	2128	2339	0.00007
Niallia sp. Man26	2912824	S	3488	1524	5012	0.00014
Niallia sp. Kr1	3064703	S	3065	578	3643	0.00010
Niallia sp. RD1	2962858	S	2708	2090	4798	0.00013
Niallia sp. XMNu-256	3082444	S	2163	252	2415	0.00007
Niallia circulans	1397	S	4990	1124	6114	0.00017
Niallia oryzisoli	1737571	S	4814	702	5516	0.00015
Niallia taxi	2499688	S	4226	1460	5686	0.00016
Niallia tiangongensis	3237105	S	2813	438	3251	0.00009
Priestia megaterium	1404	S	8072	7517	15589	0.00044
Priestia flexa	86664	S	4495	1109	5604	0.00016
Priestia filamentosa	1402861	S	3694	205	3899	0.00011
Priestia koreensis	284581	S	2628	415	3043	0.00009
Priestia aryabhattai	412384	S	1364	2942	4306	0.00012
Priestia endophytica	135735	S	103	5	108	0.00000
Priestia sp. MF3	3404779	S	32	216	248	0.00001
Priestia sp. J2	2886505	S	21	102	123	0.00000
Priestia sp. HNGD-A6	3092666	S	12	49	61	0.00000
Metabacillus halosaccharovorans	930124	S	3468	1102	4570	0.00013
Metabacillus sediminilitoris	2567941	S	2367	438	2805	0.00008
Metabacillus litoralis	152268	S	1821	872	2693	0.00008
Metabacillus sediminis	3117746	S	1623	263	1886	0.00005
Metabacillus sp. B2-18	2897333	S	970	1108	2078	0.00006
Metabacillus sp. cB07	2806989	S	380	840	1220	0.00003
Metabacillus endolithicus	1535204	S	1234	704	1938	0.00005
Metabacillus indicus	246786	S	548	1210	1758	0.00005
Metabacillus elymi	2745198	S	540	1262	1802	0.00005
Metabacillus rhizosphaerae	3117747	S	455	1091	1546	0.00004
Metabacillus hrfriensis	3048891	S	371	2463	2834	0.00008
Metabacillus dongyingensis	2874282	S	284	1358	1642	0.00005
Psychrobacillus sp. FSL H8-0483	2921389	S	2259	597	2856	0.00008
Psychrobacillus sp. BM2	3400421	S	1865	441	2306	0.00006
Psychrobacillus sp. INOP01	2829187	S	1570	368	1938	0.00005
Psychrobacillus sp. L3	3236891	S	1400	647	2047	0.00006
Psychrobacillus sp. FSL K6-4046	2921550	S	993	814	1807	0.00005
Psychrobacillus sp. L4	3236892	S	915	532	1447	0.00004
Psychrobacillus sp. FSL W7-1457	2954547	S	812	659	1471	0.00004
Psychrobacillus sp. FSL K6-2843	2921549	S	371	1153	1524	0.00004
Psychrobacillus sp. AK 1817	2303505	S	358	1154	1512	0.00004
Psychrobacillus psychrotolerans	126156	S	1747	459	2206	0.00006
Psychrobacillus psychrodurans	126157	S	1486	349	1835	0.00005
Psychrobacillus glaciei	2283160	S	1182	714	1896	0.00005
Oceanobacillus sp. FSL K6-3682	2921503	S	2362	220	2582	0.00007
Oceanobacillus sp. FSL H7-0719	2954507	S	1890	205	2095	0.00006
Oceanobacillus sp. FSL K6-2867	2954748	S	1450	241	1691	0.00005
Oceanobacillus sp. FSL K6-0127	2921420	S	288	990	1278	0.00004
Oceanobacillus sp. FSL W7-1293	2921699	S	250	783	1033	0.00003
Oceanobacillus sp. FSL W7-1281	2921698	S	176	632	808	0.00002
Oceanobacillus sp. FSL W7-1304	2975322	S	150	564	714	0.00002
Oceanobacillus zhaokaii	2052660	S	1928	152	2080	0.00006
Oceanobacillus jeddahense	1462527	S	1840	278	2118	0.00006
Oceanobacillus kapialis	481353	S	1644	203	1847	0.00005
Oceanobacillus kimchii	746691	S	1483	268	1751	0.00005
Oceanobacillus oncorhynchi	545501	S	1233	1257	2490	0.00007
Oceanobacillus iheyensis	182710	S	1028	115	1143	0.00003
Virgibacillus sp. MSP4-1	2700081	S	1336	79	1415	0.00004
Virgibacillus sp. CBA3643	2942278	S	1284	127	1411	0.00004
Virgibacillus sp. SK37	403957	S	1085	461	1546	0.00004
Virgibacillus sp. Bac330	2419841	S	702	153	855	0.00002
Virgibacillus sp. Bac332	2419842	S	132	764	896	0.00003
Virgibacillus sp. 6R	1911587	S	56	610	666	0.00002
Virgibacillus necropolis	163877	S	2961	196	3157	0.00009
Virgibacillus halodenitrificans	1482	S	2011	515	2526	0.00007
Virgibacillus flavescens	1611422	S	1896	95	1991	0.00006
Virgibacillus salidurans	2831673	S	1287	49	1336	0.00004
Virgibacillus natechei	1216297	S	1200	39	1239	0.00003
Virgibacillus phasianinus	2017483	S	1079	62	1141	0.00003
Virgibacillus dokdonensis	302167	S	647	149	796	0.00002
Virgibacillus salarius	447199	S	112	718	830	0.00002
Virgibacillus pantothenticus	1473	S	88	960	1048	0.00003
Mesobacillus jeotgali	129985	S	4701	1313	6014	0.00017
Mesobacillus foraminis	279826	S	3818	485	4303	0.00012
Mesobacillus maritimus	1643336	S	3649	864	4513	0.00013
Mesobacillus sp. AQ2	3043332	S	1946	417	2363	0.00007
Mesobacillus sp. S13	2880221	S	1241	354	1595	0.00004
Mesobacillus subterraneus	285983	S	1496	511	2007	0.00006
Heyndrickxia sp. MSNUG	3136677	S	2108	396	2504	0.00007
Heyndrickxia sp. FSL K6-6286	2921510	S	466	699	1165	0.00003
Weizmannia sp. FSL W8-0676	2954703	S	82	433	515	0.00001
Weizmannia sp. FSL K6-0777	2954674	S	41	551	592	0.00002
Heyndrickxia sporothermodurans	46224	S	2101	1060	3161	0.00009
Heyndrickxia vini	1476025	S	1769	409	2178	0.00006
Heyndrickxia coagulans	1398	S	1616	6776	8392	0.00024
Heyndrickxia oleronia	38875	S	1244	1354	2598	0.00007
Heyndrickxia faecalis	2824910	S	68	564	632	0.00002
Rossellomorea sp. y25	3118174	S	1828	367	2195	0.00006
Rossellomorea sp. NS-SX7	3463856	S	1803	234	2037	0.00006
Rossellomorea sp. FM04394	3243076	S	1148	232	1380	0.00004
Rossellomorea sp. KS-H15a	2963940	S	481	1096	1577	0.00004
Rossellomorea sp. DA94	3038653	S	475	1014	1489	0.00004
Rossellomorea marisflavi	189381	S	3534	450	3984	0.00011
Rossellomorea sedimentorum	3115294	S	2098	333	2431	0.00007
Rossellomorea vietnamensis	218284	S	1869	792	2661	0.00007
Halobacillus litoralis	45668	S	1725	201	1926	0.00005
Halobacillus andaensis	1176239	S	1650	103	1753	0.00005
Halobacillus sp. SY10	3381356	S	1086	181	1267	0.00004
Halobacillus sp. ACCC02827	3052090	S	173	2146	2319	0.00007
Halobacillus halophilus	1570	S	1246	100	1346	0.00004
Halobacillus naozhouensis	554880	S	1131	85	1216	0.00003
Halobacillus salinarum	2932257	S	1084	61	1145	0.00003
Halobacillus mangrovi	402384	S	1075	70	1145	0.00003
Halobacillus amylolyticus	2932259	S	966	132	1098	0.00003
Halobacillus shinanisalinarum	2932258	S	815	92	907	0.00003
Sutcliffiella horikoshii	79883	S	6476	1085	7561	0.00021
Sutcliffiella sp. FSL R7-0096	2921670	S	1355	249	1604	0.00005
Sutcliffiella sp. NC1	3004096	S	365	1480	1845	0.00005
Sutcliffiella cohnii	33932	S	270	1148	1418	0.00004
Alkalihalobacillus sp. 1P02AB	3132260	S	2142	220	2362	0.00007
Alkalihalobacillus sp. LMS39	2924032	S	2006	216	2222	0.00006
Alkalihalobacillus sp. AL-G	2926399	S	1418	149	1567	0.00004
Alkalihalobacillus sp. LMS6	2924034	S	1156	163	1319	0.00004
Terribacillus sp. DMT04	2850441	S	1706	153	1859	0.00005
Terribacillus sp. FSL K6-0262	2921447	S	1259	153	1412	0.00004
Terribacillus aidingensis	586416	S	1431	187	1618	0.00005
Terribacillus saccharophilus	361277	S	1262	138	1400	0.00004
Gracilibacillus salitolerans	2663022	S	2277	162	2439	0.00007
Gracilibacillus salinarum	2932255	S	1583	277	1860	0.00005
Gracilibacillus caseinilyticus	2932256	S	1426	207	1633	0.00005
Pradoshia sp. D12	2651284	S	5057	604	5661	0.00016
Shouchella lehensis	300825	S	1017	175	1192	0.00003
Shouchella clausii	79880	S	989	1510	2499	0.00007
Shouchella miscanthi	2598861	S	143	556	699	0.00002
Shouchella hunanensis	766894	S	69	299	368	0.00001
Shouchella rhizosphaerae	866786	S	25	314	339	0.00001
Paraperibacillus marinus	3115295	S	1741	1221	2962	0.00008
Paraperibacillus esterisolvens	3115296	S	1301	922	2223	0.00006
Lentibacillus daqui	2911514	S	1539	77	1616	0.00005
Lentibacillus amyloliquefaciens	1472767	S	1391	69	1460	0.00004
Lentibacillus sp. CBA3610	2518176	S	1231	27	1258	0.00004
Alkalihalophilus pseudofirmus	79885	S	2482	452	2934	0.00008
Alkalihalophilus sp. As8PL	3237103	S	1346	252	1598	0.00004
Siminovitchia fortis	254758	S	2052	269	2321	0.00007
Siminovitchia sp. FSL H7-0308	2921432	S	210	1166	1376	0.00004
Siminovitchia sp. FSL W7-1587	2954699	S	85	455	540	0.00002
Pontibacillus sp. HMF3514	2692425	S	1187	67	1254	0.00004
Pontibacillus sp. ALD_SL1	2777185	S	1180	68	1248	0.00004
Pontibacillus chungwhensis	265426	S	1290	103	1393	0.00004
Salicibibacter cibi	2743001	S	984	39	1023	0.00003
Salicibibacter halophilus	2502791	S	753	218	971	0.00003
Salicibibacter cibarius	2743000	S	735	154	889	0.00002
Salicibibacter kimchii	2099786	S	657	16	673	0.00002
Evansella sp. LMS18	2924033	S	1841	132	1973	0.00006
Evansella cellulosilytica	1413	S	1663	103	1766	0.00005
Ornithinibacillus sp. 4-3	3231488	S	1855	359	2214	0.00006
Ornithinibacillus sp. FSL M8-0202	2921616	S	1500	289	1789	0.00005
Ornithinibacillus xuwenensis	3144668	S	95	6	101	0.00000
Domibacillus sp. DTU_2020_1001157_1_SI_ALB_TIR_016	3077789	S	3389	570	3959	0.00011
Aeribacillus sp. FSL k6-2211	2954608	S	96	1248	1344	0.00004
Aeribacillus sp. FSL W8-0870	2954706	S	65	843	908	0.00003
Aeribacillus sp. FSL K6-3256	2954613	S	59	320	379	0.00001
Aeribacillus sp. FSL K6-2833	2954611	S	41	281	322	0.00001
Aeribacillus sp. FSL K6-8210	2954683	S	29	366	395	0.00001
Aeribacillus pallidus	33936	S	549	3213	3762	0.00011
Aeribacillus composti	1868734	S	37	276	313	0.00001
Caldifermentibacillus hisashii	996558	S	3277	21778	25055	0.00070
Robertmurraya sp. 2P01SA	3132300	S	2867	477	3344	0.00009
Robertmurraya mangrovi	3098077	S	337	2	339	0.00001
Salipaludibacillus sp. HK11	3394320	S	1597	73	1670	0.00005
Salipaludibacillus sp. LMS25	2924031	S	1561	87	1648	0.00005
Amphibacillus sp. Q70	3453416	S	1706	239	1945	0.00005
Amphibacillus xylanus	1449	S	1308	96	1404	0.00004
Salisediminibacterium selenitireducens	85683	S	1629	101	1730	0.00005
Salisediminibacterium beveridgei	632773	S	1339	79	1418	0.00004
Gottfriedia acidiceleris	371036	S	2862	300	3162	0.00009
Radiobacillus deserti	2594883	S	1627	148	1775	0.00005
Radiobacillus kanasensis	2844358	S	1125	121	1246	0.00003
Fervidibacillus halotolerans	2980027	S	1393	195	1588	0.00004
Fervidibacillus albus	2980026	S	1126	94	1220	0.00003
Lederbergia lenta	1467	S	2267	158	2425	0.00007
Pseudobacillus badius	1455	S	2250	851	3101	0.00009
Falsibacillus pallidus	493781	S	2248	274	2522	0.00007
Anaerobacillus isosaccharinicus	1532552	S	2046	250	2296	0.00006
Halalkalibacter krulwichiae	199441	S	2004	522	2526	0.00007
Ectobacillus sp. JY-23	2933872	S	1927	249	2176	0.00006
Tepidibacillus marianensis	3131995	S	1894	162	2056	0.00006
Salimicrobium jeotgali	1230341	S	989	82	1071	0.00003
Salimicrobium sp. PL1-032A	3095364	S	811	38	849	0.00002
Sediminibacillus dalangtanensis	2729421	S	1811	132	1943	0.00005
Paraliobacillus zengyii	2213194	S	1811	92	1903	0.00005
Mangrovibacillus cuniculi	2593652	S	1725	344	2069	0.00006
Halalkalibacterium halodurans	86665	S	1599	253	1852	0.00005
Alkalicoccus halolimnae	1667239	S	1482	56	1538	0.00004
Caldalkalibacillus thermarum	296745	S	1432	664	2096	0.00006
Allobacillus halotolerans	570278	S	1416	95	1511	0.00004
Paenalkalicoccus suaedae	2592382	S	1360	691	2051	0.00006
Aciduricibacillus chroicocephali	3054939	S	960	88	1048	0.00003
Alkalibacillus sp. S2W	3386553	S	958	25	983	0.00003
Caldibacillus thermoamylovorans	35841	S	144	4799	4943	0.00014
Paenibacillus sp. RUD330	2023772	S	4159	169	4328	0.00012
Paenibacillus sp. MBLB4367	3384767	S	3241	152	3393	0.00010
Paenibacillus sp. FSL W8-0194	2921711	S	2905	246	3151	0.00009
Paenibacillus sp. MMS20-IR301	2895946	S	2904	146	3050	0.00009
Paenibacillus sp. 32O-W	1695218	S	2796	148	2944	0.00008
Paenibacillus sp. FSL R7-0273	1536772	S	2663	184	2847	0.00008
Paenibacillus sp. S-38	3416710	S	2571	157	2728	0.00008
Paenibacillus sp. FSL K6-1096	2921460	S	2541	123	2664	0.00007
Paenibacillus sp. FSL R7-0345	2954535	S	2369	161	2530	0.00007
Paenibacillus sp. PK3_47	2072642	S	2344	173	2517	0.00007
Paenibacillus sp. DYY-L-2	3447013	S	2340	699	3039	0.00009
Paenibacillus sp. SYP-B4298	2996034	S	2329	120	2449	0.00007
Paenibacillus sp. H1-7	2282849	S	2267	93	2360	0.00007
Paenibacillus sp. PL2-23	2100729	S	2247	209	2456	0.00007
Paenibacillus sp. FSL R7-0331	1536773	S	2209	143	2352	0.00007
Paenibacillus sp. FSL W8-0426	2921714	S	2194	148	2342	0.00007
Paenibacillus sp. URB8-2	2741301	S	2194	181	2375	0.00007
Paenibacillus sp. P36	3342538	S	2171	96	2267	0.00006
Paenibacillus sp. R14(2021)	2859228	S	2151	141	2292	0.00006
Paenibacillus sp. RC67	3039392	S	2099	97	2196	0.00006
Paenibacillus sp. sptzw28	715179	S	2080	76	2156	0.00006
Paenibacillus sp. FSL H8-0548	1920422	S	2067	241	2308	0.00006
Paenibacillus sp. JDR-2	324057	S	2006	207	2213	0.00006
Paenibacillus sp. HWE-109	1306526	S	1952	87	2039	0.00006
Paenibacillus sp. 19GGS1-52	2758563	S	1929	84	2013	0.00006
Paenibacillus sp. FSL K6-2441	2954679	S	1885	139	2024	0.00006
Paenibacillus sp. FSL R7-0216	2921677	S	1785	72	1857	0.00005
Paenibacillus sp. FSL K6-3182	2921495	S	1762	251	2013	0.00006
Paenibacillus sp. BR2-3	3048494	S	1731	104	1835	0.00005
Paenibacillus sp. CAA11	1532905	S	1642	126	1768	0.00005
Paenibacillus sp. D2_2	3073092	S	1598	90	1688	0.00005
Paenibacillus sp. BIHB 4019	1870819	S	1594	89	1683	0.00005
Paenibacillus sp. IHBB 10380	1566358	S	1538	137	1675	0.00005
Paenibacillus sp. SI8	3163026	S	1495	14	1509	0.00004
Paenibacillus sp. KN14-4R	3445773	S	1463	93	1556	0.00004
Paenibacillus sp. EC2-1	3388665	S	1425	82	1507	0.00004
Paenibacillus sp. SN-8-1	3435409	S	1417	109	1526	0.00004
Paenibacillus sp. FSL K6-1217	2921466	S	1398	155	1553	0.00004
Paenibacillus sp. FSL R10-2734	2954691	S	1383	124	1507	0.00004
Paenibacillus sp. 481	2835869	S	1327	58	1385	0.00004
Paenibacillus sp. FSL H8-0537	2921399	S	1310	88	1398	0.00004
Paenibacillus sp. FSL R5-0912	1536771	S	1286	227	1513	0.00004
Paenibacillus sp. JNUCC-31	2777983	S	1226	137	1363	0.00004
Paenibacillus sp. G2S3	3047872	S	1167	293	1460	0.00004
Paenibacillus sp. QZ-Y1	3414511	S	1161	92	1253	0.00004
Paenibacillus sp. DCT19	2211212	S	1151	144	1295	0.00004
Paenibacillus sp. FA6	3413029	S	1141	65	1206	0.00003
Paenibacillus sp. PAMC21692	2762320	S	1129	230	1359	0.00004
Paenibacillus sp. KS-LC4	2979727	S	1081	64	1145	0.00003
Paenibacillus sp. FSL H3-0469	2954506	S	1042	198	1240	0.00003
Paenibacillus sp. YPG26	2878915	S	947	94	1041	0.00003
Paenibacillus sp. FSL R7-0272	2921679	S	872	74	946	0.00003
Paenibacillus sp. FSL K6-0276	2921450	S	860	107	967	0.00003
Paenibacillus sp. FSL R10-2782	2954661	S	828	170	998	0.00003
Paenibacillus sp. FSL H8-0332	2954742	S	819	126	945	0.00003
Paenibacillus sp. N3/727	2925845	S	817	248	1065	0.00003
Paenibacillus sp. FSL W8-0186	2921709	S	766	208	974	0.00003
Paenibacillus sp. B01	2660554	S	735	1413	2148	0.00006
Paenibacillus sp. FSL H7-0357	1536774	S	733	284	1017	0.00003
Paenibacillus sp. BR1-192	3032287	S	687	1823	2510	0.00007
Paenibacillus sp. FSL L8-0340	2954685	S	677	140	817	0.00002
Paenibacillus sp. FSL E2-0178	2921361	S	638	273	911	0.00003
Paenibacillus sp. KACC 21273	3025665	S	605	407	1012	0.00003
Paenibacillus sp. FSL L8-0436	2954686	S	582	216	798	0.00002
Paenibacillus sp. FSL H8-0079	2921375	S	566	202	768	0.00002
Paenibacillus sp. FSL W8-1187	2975339	S	550	915	1465	0.00004
Paenibacillus sp. FSL K6-0108	2921417	S	473	492	965	0.00003
Paenibacillus sp. FSL F4-0100	2921370	S	467	341	808	0.00002
Paenibacillus sp. FSL R5-0341	2921636	S	446	194	640	0.00002
Paenibacillus sp. FSL M7-0896	2921610	S	444	956	1400	0.00004
Paenibacillus sp. PSB04	2866810	S	435	580	1015	0.00003
Paenibacillus sp. WLX1005	3243766	S	425	134	559	0.00002
Paenibacillus sp. WLX2291	3296934	S	422	133	555	0.00002
Paenibacillus sp. FSL R7-0337	1926588	S	374	807	1181	0.00003
Paenibacillus sp. FSL H7-0350	2975345	S	370	824	1194	0.00003
Paenibacillus sp. FSL R5-0519	2921648	S	364	231	595	0.00002
Paenibacillus sp. FSL P2-0136	2975317	S	354	764	1118	0.00003
Paenibacillus sp. FSL K6-1330	2975292	S	353	1101	1454	0.00004
Paenibacillus sp. FSL P4-0081	1536769	S	341	816	1157	0.00003
Paenibacillus sp. IHB B 3084	867076	S	332	192	524	0.00001
Paenibacillus sp. FSL K6-1318	2975291	S	311	136	447	0.00001
Paenibacillus sp. PK4536	3024576	S	291	334	625	0.00002
Paenibacillus sp. RS8	3242681	S	282	745	1027	0.00003
Paenibacillus sp. B-A-8	3400419	S	275	969	1244	0.00003
Paenibacillus sp. FSL E2-0201	2954726	S	257	727	984	0.00003
Paenibacillus sp. FSL P2-0089	2954526	S	248	276	524	0.00001
Paenibacillus sp. 8b26	3424133	S	231	154	385	0.00001
Paenibacillus sp. FSL R5-0766	2921658	S	224	301	525	0.00001
Paenibacillus sp. FSL L8-0158	2954752	S	217	304	521	0.00001
Paenibacillus sp. FSL R5-0701	2921654	S	203	1228	1431	0.00004
Paenibacillus sp. Cedars	1980674	S	197	1024	1221	0.00003
Paenibacillus sp. FSL H8-0259	1920423	S	194	490	684	0.00002
Paenibacillus sp. Y5S-9	3122489	S	184	373	557	0.00002
Paenibacillus sp. FSL H8-0261	2921381	S	180	390	570	0.00002
Paenibacillus sp. JZ16	1906272	S	179	494	673	0.00002
Paenibacillus sp. FSL R5-0744	2921656	S	177	684	861	0.00002
Paenibacillus sp. FSL R7-0313	2954532	S	175	371	546	0.00002
Paenibacillus sp. FSL R5-0517	2921647	S	172	417	589	0.00002
Paenibacillus sp. FSL H3-0286	2921427	S	172	2116	2288	0.00006
Paenibacillus sp. FSL M8-0142	2954525	S	162	596	758	0.00002
Paenibacillus sp. FSL W7-1088	2921695	S	161	598	759	0.00002
Paenibacillus sp. FSL R5-0470	2921641	S	155	570	725	0.00002
Paenibacillus sp. FSL R5-0623	2921651	S	142	161	303	0.00001
Paenibacillus sp. JNUCC32	2777984	S	134	333	467	0.00001
Paenibacillus sp. E222	2748863	S	134	462	596	0.00002
Paenibacillus sp. FSL F4-0243	2954732	S	132	463	595	0.00002
Paenibacillus sp. FSL E2-0177	2921360	S	127	1470	1597	0.00004
Paenibacillus sp. FSL W8-0187	2921710	S	122	385	507	0.00001
Paenibacillus sp. FSL H8-0283	2921383	S	120	827	947	0.00003
Paenibacillus sp. FSL E2-0202	2954505	S	117	1894	2011	0.00006
Paenibacillus sp. FSL R5-0486	2921645	S	115	986	1101	0.00003
Paenibacillus sp. M-152	2487928	S	112	952	1064	0.00003
Paenibacillus sp. FSL H8-0280	2921382	S	111	191	302	0.00001
Paenibacillus sp. FSL W7-1332	2921702	S	110	360	470	0.00001
Paenibacillus sp. FSL H8-0457	2921386	S	109	418	527	0.00001
Paenibacillus sp. FSL R7-0652	2921687	S	108	385	493	0.00001
Paenibacillus sp. FSL K6-1122	2954512	S	108	758	866	0.00002
Paenibacillus sp. FSL H7-0737	1536775	S	103	388	491	0.00001
Paenibacillus sp. FSL H8-0168	2921378	S	102	607	709	0.00002
Paenibacillus sp. FSL L8-0435	2954618	S	101	332	433	0.00001
Paenibacillus sp. BIC5C1	3078263	S	100	370	470	0.00001
Paenibacillus sp. FSL L8-0333	2975331	S	93	1896	1989	0.00006
Paenibacillus sp. FSL R5-0749	2921657	S	91	243	334	0.00001
Paenibacillus sp. FSL R5-0713	2921655	S	83	211	294	0.00001
Paenibacillus sp. lzh-N1	2069255	S	82	685	767	0.00002
Paenibacillus sp. FSL H7-0943	2954739	S	81	912	993	0.00003
Paenibacillus sp. Y412MC10	481743	S	78	303	381	0.00001
Paenibacillus sp. FSL k6-2145	2976834	S	78	407	485	0.00001
Paenibacillus sp. PK1-4R	3049075	S	76	366	442	0.00001
Paenibacillus sp. FSL P4-0176	2921631	S	72	457	529	0.00001
Paenibacillus sp. FSL W7-1279	2921697	S	71	233	304	0.00001
Paenibacillus sp. FSL R5-0345	1536770	S	70	306	376	0.00001
Paenibacillus sp. FSL R7-0189	2921673	S	68	808	876	0.00002
Paenibacillus sp. LX16	1740264	S	65	285	350	0.00001
Paenibacillus sp. FSL L8-0502	2954619	S	63	593	656	0.00002
Paenibacillus sp. S02	2823904	S	60	211	271	0.00001
Paenibacillus sp. FSL R5-0928	2921667	S	58	735	793	0.00002
Paenibacillus sp. FSL H8-0282	2954741	S	56	635	691	0.00002
Paenibacillus sp. FSL R10-2778	2954659	S	56	688	744	0.00002
Paenibacillus sp. FSL L8-0638	2921604	S	55	220	275	0.00001
Paenibacillus sp. FSL H8-0175	2921379	S	55	770	825	0.00002
Paenibacillus sp. FSL H8-0317	2921385	S	52	253	305	0.00001
Paenibacillus sp. FSL H3-0457	2921430	S	51	282	333	0.00001
Paenibacillus sp. AN1007	3151385	S	48	174	222	0.00001
Paenibacillus sp. FSL R5-0636	2921652	S	45	578	623	0.00002
Paenibacillus sp. FSL E2-0151	2921357	S	43	285	328	0.00001
Paenibacillus sp. FSL H8-0260	2921380	S	40	512	552	0.00002
Paenibacillus sp. S25	2823905	S	39	253	292	0.00001
Paenibacillus sp. FSL H7-0690	2921437	S	39	479	518	0.00001
Paenibacillus sp. FSL H7-0940	2921443	S	36	174	210	0.00001
Paenibacillus sp. FSL H7-0942	2921444	S	34	232	266	0.00001
Paenibacillus sp. FSL P2-0322	2921628	S	34	661	695	0.00002
Paenibacillus sp. M2	3341793	S	32	479	511	0.00001
Paenibacillus sp. FSL R5-0490	1920424	S	32	203	235	0.00001
Paenibacillus sp. FSL H3-0302	2921428	S	29	1031	1060	0.00003
Paenibacillus sp. DR312	2871175	S	28	2999	3027	0.00009
Paenibacillus sp. FSL F4-0097	2921369	S	27	472	499	0.00001
Paenibacillus sp. DP01	3373096	S	22	683	705	0.00002
Paenibacillus sp. FSL R7-0163	2954530	S	19	492	511	0.00001
Paenibacillus sp. FSL E2-0190	2954504	S	16	225	241	0.00001
Paenibacillus sp. FSL R10-2796	2954663	S	15	171	186	0.00001
Paenibacillus sp. FSL H7-0442	2921435	S	15	180	195	0.00001
Paenibacillus sp. FSL W8-1287	2954653	S	14	1330	1344	0.00004
Paenibacillus sp. FSL H3-0329	2954734	S	13	1635	1648	0.00005
Paenibacillus sp. 37	2607911	S	13	148	161	0.00000
Paenibacillus sp. JJ1722	3398770	S	11	208	219	0.00001
Paenibacillus sp. FSL E2-0274	2954728	S	11	1023	1034	0.00003
Paenibacillus donghaensis	414771	S	4475	217	4692	0.00013
Paenibacillus mucilaginosus	61624	S	4360	716	5076	0.00014
Paenibacillus chitinolyticus	79263	S	4238	223	4461	0.00013
Paenibacillus polymyxa	1406	S	3855	17770	21625	0.00061
Paenibacillus macerans	44252	S	3557	102	3659	0.00010
Paenibacillus lycopersici	2704462	S	3462	177	3639	0.00010
Paenibacillus azoreducens	116718	S	3448	188	3636	0.00010
Paenibacillus konkukensis	2020716	S	3296	243	3539	0.00010
Paenibacillus thiaminolyticus	49283	S	3229	502	3731	0.00010
Paenibacillus rhizovicinus	2704463	S	3072	170	3242	0.00009
Paenibacillus aurantius	2918900	S	3013	127	3140	0.00009
Paenibacillus elgii	189691	S	3001	162	3163	0.00009
Paenibacillus albicereus	2726185	S	2873	354	3227	0.00009
Paenibacillus spongiae	2909671	S	2822	151	2973	0.00008
Paenibacillus dendritiformis	130049	S	2820	777	3597	0.00010
Paenibacillus durus	44251	S	2790	208	2998	0.00008
Paenibacillus beijingensis	1126833	S	2741	124	2865	0.00008
Paenibacillus stellifer	169760	S	2681	258	2939	0.00008
Paenibacillus riograndensis	483937	S	1271	473	1744	0.00005
Paenibacillus sonchi	373687	S	747	316	1063	0.00003
Paenibacillus silvisoli	3110539	S	2347	127	2474	0.00007
Paenibacillus agaridevorans	171404	S	2310	1594	3904	0.00011
Paenibacillus protaetiae	2509456	S	2255	156	2411	0.00007
Paenibacillus algicola	2565926	S	2237	151	2388	0.00007
Paenibacillus larvae	1464	S	2192	643	2835	0.00008
Paenibacillus albus	2495582	S	2175	135	2310	0.00006
Paenibacillus psychroresistens	1778678	S	2165	50	2215	0.00006
Paenibacillus bovis	1616788	S	2117	258	2375	0.00007
Paenibacillus andongensis	2975482	S	2099	114	2213	0.00006
Paenibacillus hexagrammi	2908839	S	2098	86	2184	0.00006
Paenibacillus hunanensis	539262	S	2048	81	2129	0.00006
Paenibacillus amylolyticus	1451	S	2047	3782	5829	0.00016
Paenibacillus urinalis	521520	S	1982	631	2613	0.00007
Paenibacillus naphthalenovorans	162209	S	1912	148	2060	0.00006
Paenibacillus cellulosilyticus	375489	S	1864	120	1984	0.00006
Paenibacillus lentus	1338368	S	1758	71	1829	0.00005
Paenibacillus sophorae	1333845	S	1741	173	1914	0.00005
Paenibacillus yonginensis	1462996	S	1724	434	2158	0.00006
Paenibacillus sabinae	365617	S	1693	148	1841	0.00005
Paenibacillus lutimineralis	2707005	S	1654	100	1754	0.00005
Paenibacillus physcomitrellae	1619311	S	1652	185	1837	0.00005
Paenibacillus polygoni	3050112	S	1638	128	1766	0.00005
Paenibacillus tritici	1873425	S	1637	176	1813	0.00005
Paenibacillus borealis	160799	S	1635	192	1827	0.00005
Paenibacillus alvei	44250	S	1630	100	1730	0.00005
Paenibacillus baekrokdamisoli	1712516	S	1600	60	1660	0.00005
Paenibacillus antarcticus	253703	S	1500	115	1615	0.00005
Paenibacillus cellulositrophicus	562959	S	1493	992	2485	0.00007
Paenibacillus swuensis	1178515	S	1492	75	1567	0.00004
Paenibacillus lautus	1401	S	1482	810	2292	0.00006
Paenibacillus silvae	1325358	S	1469	132	1601	0.00004
Paenibacillus roseopurpureus	2918901	S	1461	80	1541	0.00004
Paenibacillus ihbetae	1870820	S	1460	224	1684	0.00005
Paenibacillus guangzhouensis	1473112	S	1431	72	1503	0.00004
Paenibacillus graminis	189425	S	1424	188	1612	0.00005
Paenibacillus glycanilyticus	126569	S	1400	130	1530	0.00004
Paenibacillus jilunlii	682956	S	1365	219	1584	0.00004
Paenibacillus melissococcoides	2912268	S	1349	225	1574	0.00004
Paenibacillus pedocola	3242193	S	1325	318	1643	0.00005
Paenibacillus tianjinensis	2810347	S	1297	331	1628	0.00005
Paenibacillus barcinonensis	198119	S	1201	122	1323	0.00004
Paenibacillus kribbensis	172713	S	1191	131	1322	0.00004
Paenibacillus crassostreae	1763538	S	997	104	1101	0.00003
Paenibacillus taichungensis	484184	S	927	688	1615	0.00005
Paenibacillus tundrae	528187	S	846	122	968	0.00003
Paenibacillus brasilensis	128574	S	825	125	950	0.00003
Paenibacillus nitricinens	3367691	S	680	197	877	0.00002
Paenibacillus xylanilyticus	248903	S	669	1183	1852	0.00005
Paenibacillus uliginis	683737	S	623	170	793	0.00002
Paenibacillus xylanexedens	528191	S	601	1170	1771	0.00005
Paenibacillus ottowii	2315729	S	581	101	682	0.00002
Paenibacillus woosongensis	307580	S	556	225	781	0.00002
Paenibacillus terrae	159743	S	546	154	700	0.00002
Paenibacillus pabuli	1472	S	493	484	977	0.00003
Paenibacillus marchantiae	3026433	S	433	202	635	0.00002
Paenibacillus illinoisensis	59845	S	402	690	1092	0.00003
Paenibacillus odorifer	189426	S	333	1124	1457	0.00004
Paenibacillus peoriae	59893	S	326	2316	2642	0.00007
Paenibacillus kyungheensis	1452732	S	313	232	545	0.00002
Paenibacillus nuruki	1886670	S	236	269	505	0.00001
Paenibacillus glucanolyticus	59843	S	227	3616	3843	0.00011
Paenibacillus lactis	228574	S	103	350	453	0.00001
Brevibacillus brevis	1393	S	5561	707	6268	0.00018
Brevibacillus sp. WF146	319501	S	1973	139	2112	0.00006
Brevibacillus sp. TJ4	3234853	S	1831	114	1945	0.00005
Brevibacillus sp. DP1.3A	2738867	S	439	115	554	0.00002
Brevibacillus sp. NSP2.1	3003229	S	129	1628	1757	0.00005
Brevibacillus sp. HD3.3A	2738979	S	120	543	663	0.00002
Brevibacillus sp. 7WMA2	2683193	S	57	154	211	0.00001
Brevibacillus sp. FSL K6-2834	2954680	S	42	842	884	0.00002
Brevibacillus sp. FSL K6-6036	2954682	S	24	383	407	0.00001
Brevibacillus fluminis	511487	S	2687	124	2811	0.00008
Brevibacillus laterosporus	1465	S	2257	864	3121	0.00009
Brevibacillus choshinensis	54911	S	2215	144	2359	0.00007
Brevibacillus marinus	2496837	S	2172	80	2252	0.00006
Brevibacillus centrosporus	54910	S	2114	129	2243	0.00006
Brevibacillus ruminantium	2950604	S	1878	371	2249	0.00006
Brevibacillus gelatini	1655277	S	1844	209	2053	0.00006
Brevibacillus composti	2796470	S	1828	519	2347	0.00007
Brevibacillus humidisoli	2895522	S	1483	52	1535	0.00004
Brevibacillus agri	51101	S	636	2495	3131	0.00009
Brevibacillus parabrevis	54914	S	548	1316	1864	0.00005
Brevibacillus fortis	2126352	S	492	144	636	0.00002
Brevibacillus formosus	54913	S	289	83	372	0.00001
Brevibacillus borstelensis	45462	S	183	2492	2675	0.00008
Brevibacillus sedimenti	2613334	S	169	738	907	0.00003
Brevibacillus aydinogluensis	927786	S	101	396	497	0.00001
Cohnella sp. WGS1546	3366810	S	3555	300	3855	0.00011
Cohnella sp. LGH	1619153	S	3231	1785	5016	0.00014
Cohnella candidum	2674991	S	2221	112	2333	0.00007
Cohnella herbarum	2728023	S	1879	191	2070	0.00006
Cohnella cholangitidis	2598458	S	1831	176	2007	0.00006
Cohnella abietis	2507935	S	1493	87	1580	0.00004
Aneurinibacillus sp. Ricciae_BoGa-3	3022697	S	1755	119	1874	0.00005
Aneurinibacillus sp. XH2	1450761	S	29	915	944	0.00003
Aneurinibacillus soli	1500254	S	1436	225	1661	0.00005
Aneurinibacillus uraniidurans	2966586	S	1072	158	1230	0.00003
Aneurinibacillus thermoaerophilus	143495	S	34	905	939	0.00003
Thermobacillus composti	377615	S	3603	368	3971	0.00011
Saccharibacillus brassicae	2583377	S	3483	158	3641	0.00010
Pristimantibacillus sp. PTI5	3400422	S	2284	444	2728	0.00008
Solibacillus sp. FSL W8-0372	2921713	S	10382	3379	13761	0.00039
Solibacillus sp. FSL H8-0523	2954511	S	9760	3134	12894	0.00036
Solibacillus sp. R5-41	2048654	S	6483	1987	8470	0.00024
Solibacillus sp. FSL R5-0449	2921639	S	1761	2456	4217	0.00012
Solibacillus sp. FSL R5-0691	2921653	S	1343	1902	3245	0.00009
Solibacillus sp. FSL K6-1781	2921474	S	1209	2592	3801	0.00011
Solibacillus sp. FSL W7-1472	2921707	S	983	3916	4899	0.00014
Solibacillus daqui	2912187	S	8052	2706	10758	0.00030
Solibacillus silvestris	76853	S	686	2462	3148	0.00009
Sporosarcina sp. Marseille-Q4063	2810514	S	1744	93	1837	0.00005
Sporosarcina sp. PTS2304	2283194	S	1543	234	1777	0.00005
Sporosarcina sp. ANT_H38	2597358	S	1413	294	1707	0.00005
Sporosarcina sp. FSL K6-2383	2921556	S	1393	172	1565	0.00004
Sporosarcina sp. FSL K6-3508	2921557	S	1309	174	1483	0.00004
Sporosarcina sp. Te-1	2818390	S	1301	177	1478	0.00004
Sporosarcina sp. FSL K6-1522	2921554	S	1256	142	1398	0.00004
Sporosarcina sp. Marseille-Q4943	2942204	S	1234	219	1453	0.00004
Sporosarcina sp. FA9	3413030	S	1101	89	1190	0.00003
Sporosarcina sp. A2	3393449	S	1068	132	1200	0.00003
Sporosarcina sp. UB5	3047463	S	1054	187	1241	0.00003
Sporosarcina sp. FSL W8-0480	2954701	S	897	288	1185	0.00003
Sporosarcina sp. P37	1930546	S	269	812	1081	0.00003
Sporosarcina sp. resist	2762563	S	125	497	622	0.00002
Sporosarcina sp. P33	1930764	S	109	366	475	0.00001
Sporosarcina sp. FA15	3413031	S	77	567	644	0.00002
Sporosarcina sp. FSL K6-1540	2921555	S	72	503	575	0.00002
Sporosarcina sp. SG10008	3373103	S	48	268	316	0.00001
Sporosarcina ureae	1571	S	3442	480	3922	0.00011
Sporosarcina trichiuri	3056445	S	1342	183	1525	0.00004
Sporosarcina oncorhynchi	3056444	S	1310	173	1483	0.00004
Sporosarcina thermotolerans	633404	S	1227	152	1379	0.00004
Sporosarcina pasteurii	1474	S	1044	91	1135	0.00003
Sporosarcina ureilytica	298596	S	1042	92	1134	0.00003
Sporosarcina jeotgali	3020056	S	914	131	1045	0.00003
Sporosarcina psychrophila	1476	S	502	1484	1986	0.00006
Planococcus sp. X10-3	3061240	S	1146	127	1273	0.00004
Planococcus sp. 107-1	2908840	S	1127	204	1331	0.00004
Planococcus sp. PAMC 21323	1526927	S	1050	206	1256	0.00004
Planococcus sp. 11815	2939413	S	466	542	1008	0.00003
Planococcus sp. MB-3u-03	2058136	S	212	915	1127	0.00003
Planococcus sp. Urea-3u-39	2058328	S	35	90	125	0.00000
Planococcus maritimus	192421	S	1823	378	2201	0.00006
Planococcus halotolerans	2233542	S	1813	218	2031	0.00006
Planococcus shenhongbingii	3058398	S	1558	149	1707	0.00005
Planococcus liqunii	3058394	S	1469	307	1776	0.00005
Planococcus shixiaomingii	3058393	S	1400	149	1549	0.00004
Planococcus lenghuensis	2213202	S	1387	101	1488	0.00004
Planococcus koreensis	112331	S	1081	139	1220	0.00003
Planococcus donghaensis	414778	S	1014	266	1280	0.00004
Planococcus massiliensis	1499687	S	1000	90	1090	0.00003
Planococcus rifietoensis	200991	S	993	2190	3183	0.00009
Planococcus antarcticus	161360	S	947	132	1079	0.00003
Planococcus glaciei	459472	S	947	210	1157	0.00003
Planococcus halocryophilus	1215089	S	916	206	1122	0.00003
Planococcus plakortidis	1038856	S	858	287	1145	0.00003
Planococcus versutus	1302659	S	776	153	929	0.00003
Planococcus kocurii	1374	S	318	508	826	0.00002
Planococcus faecalis	1598147	S	109	153	262	0.00001
Ureibacillus sp. FSL K6-8385	2954684	S	1183	1228	2411	0.00007
Ureibacillus sp. FSL K6-0786	2954607	S	472	1201	1673	0.00005
Ureibacillus sp. FSL K6-3587	2954681	S	173	1271	1444	0.00004
Ureibacillus sp. FSL W7-1570	2954593	S	94	714	808	0.00002
Ureibacillus chungkukjangi	1202712	S	2582	1635	4217	0.00012
Ureibacillus thermophilus	367743	S	1682	1292	2974	0.00008
Ureibacillus thermosphaericus	51173	S	547	2344	2891	0.00008
Paenisporosarcina cavernae	2320858	S	1574	483	2057	0.00006
Paenisporosarcina antarctica	417367	S	1417	227	1644	0.00005
Paenisporosarcina sp. FSL H8-0542	2921401	S	1400	412	1812	0.00005
Kurthia zopfii	1650	S	1473	488	1961	0.00006
Kurthia sp. YJT4	3049086	S	143	1020	1163	0.00003
Kurthia sp. 11kri321	1750719	S	94	311	405	0.00001
Kurthia gibsonii	33946	S	247	1986	2233	0.00006
Rummeliibacillus pycnus	101070	S	2412	781	3193	0.00009
Rummeliibacillus sp. G93	2939494	S	567	609	1176	0.00003
Rummeliibacillus stabekisii	241244	S	415	428	843	0.00002
Metasolibacillus sp. FSL H7-0170	2921431	S	435	1550	1985	0.00006
Metasolibacillus sp. FSL K6-0083	2921416	S	399	1500	1899	0.00005
Viridibacillus arvi	263475	S	2589	585	3174	0.00009
Jeotgalibacillus malaysiensis	1508404	S	2204	390	2594	0.00007
Chryseomicrobium aureum	1441723	S	997	387	1384	0.00004
Chryseomicrobium sp. FSL W7-1435	2921704	S	816	251	1067	0.00003
Staphylococcus aureus	1280	S	4870	30576	35446	0.00100
Staphylococcus sp. IVB6181	2929481	S	847	89	936	0.00003
Staphylococcus sp. 17KM0847	2583989	S	803	91	894	0.00003
Staphylococcus sp. NRL 16/872	2930131	S	465	153	618	0.00002
Staphylococcus sp. MI 10-1553	1912064	S	307	34	341	0.00001
Staphylococcus sp. 11-B-312	2799680	S	68	81	149	0.00000
Staphylococcus sp. M0911	2025492	S	62	170	232	0.00001
Staphylococcus sp. S9	3135640	S	39	655	694	0.00002
Staphylococcus sp. IVB6246	2989772	S	35	359	394	0.00001
Staphylococcus sp. SB1-57	2813777	S	17	78	95	0.00000
Staphylococcus sp. LKG8-2	3399689	S	13	9	22	0.00000
Staphylococcus sp. HKU1	3068989	S	12	80	92	0.00000
Staphylococcus sp. IVB6238	2989770	S	12	278	290	0.00001
Staphylococcus sp. AntiMn-1	1715860	S	10	54	64	0.00000
Staphylococcus epidermidis	1282	S	2750	1642	4392	0.00012
Staphylococcus simulans	1286	S	2462	404	2866	0.00008
Staphylococcus pseudintermedius	283734	S	1197	482	1679	0.00005
Staphylococcus delphini	53344	S	703	175	878	0.00002
Staphylococcus hominis	1290	S	1696	704	2400	0.00007
Staphylococcus haemolyticus	1283	S	1600	741	2341	0.00007
Staphylococcus capitis	29388	S	1419	1655	3074	0.00009
Staphylococcus chromogenes	46126	S	1338	216	1554	0.00004
Staphylococcus xylosus	1288	S	1250	658	1908	0.00005
Staphylococcus simiae	308354	S	1245	192	1437	0.00004
Staphylococcus saccharolyticus	33028	S	1128	141	1269	0.00004
Staphylococcus cohnii	29382	S	940	298	1238	0.00003
Staphylococcus ureilyticus	94138	S	146	145	291	0.00001
Staphylococcus pasteuri	45972	S	1042	473	1515	0.00004
Staphylococcus lutrae	155085	S	1008	110	1118	0.00003
Staphylococcus nepalensis	214473	S	1003	143	1146	0.00003
Staphylococcus equorum	246432	S	1000	1127	2127	0.00006
Staphylococcus lugdunensis	28035	S	981	198	1179	0.00003
Staphylococcus felis	46127	S	874	106	980	0.00003
Staphylococcus caprae	29380	S	871	264	1135	0.00003
Staphylococcus arlettae	29378	S	840	318	1158	0.00003
Staphylococcus agnetis	985762	S	834	101	935	0.00003
Staphylococcus auricularis	29379	S	818	98	916	0.00003
Staphylococcus gallinarum	1293	S	806	60	866	0.00002
Staphylococcus hyicus	1284	S	778	289	1067	0.00003
Staphylococcus argenteus	985002	S	748	177	925	0.00003
Staphylococcus massiliensis	555791	S	716	255	971	0.00003
Staphylococcus carnosus	1281	S	704	85	789	0.00002
Staphylococcus edaphicus	1955013	S	701	56	757	0.00002
Staphylococcus shinii	2912228	S	692	118	810	0.00002
Staphylococcus pettenkoferi	170573	S	632	61	693	0.00002
Staphylococcus pseudoxylosus	2282419	S	631	186	817	0.00002
Staphylococcus condimenti	70255	S	612	86	698	0.00002
Staphylococcus rostri	522262	S	581	424	1005	0.00003
Staphylococcus lloydii	2781774	S	572	81	653	0.00002
Staphylococcus succinus	61015	S	555	121	676	0.00002
Staphylococcus kloosii	29384	S	511	76	587	0.00002
Staphylococcus casei	201828	S	501	91	592	0.00002
Staphylococcus devriesei	586733	S	478	73	551	0.00002
Staphylococcus ratti	2892440	S	461	48	509	0.00001
Staphylococcus warneri	1292	S	438	323	761	0.00002
Staphylococcus saprophyticus	29385	S	426	1472	1898	0.00005
Staphylococcus debuckii	2044912	S	409	68	477	0.00001
Staphylococcus coagulans	74706	S	364	81	445	0.00001
Staphylococcus schweitzeri	1654388	S	361	76	437	0.00001
Staphylococcus muscae	1294	S	361	38	399	0.00001
Staphylococcus petrasii	1276936	S	342	145	487	0.00001
Staphylococcus piscifermentans	70258	S	302	32	334	0.00001
Staphylococcus schleiferi	1295	S	240	35	275	0.00001
Staphylococcus hsinchuensis	3051183	S	20	150	170	0.00000
Mammaliicoccus sciuri	1296	S	4265	856	5121	0.00014
Mammaliicoccus lentus	42858	S	1326	412	1738	0.00005
Mammaliicoccus vitulinus	71237	S	1111	222	1333	0.00004
Mammaliicoccus sp. Dog046	3034233	S	996	184	1180	0.00003
Mammaliicoccus stepanovicii	643214	S	787	95	882	0.00002
Macrococcus armenti	2875764	S	1595	486	2081	0.00006
Macrococcus equi	3395462	S	1456	219	1675	0.00005
Macrococcus animalis	3395467	S	1391	260	1651	0.00005
Macrococcus brunensis	198483	S	862	136	998	0.00003
Macrococcus equipercicus	69967	S	822	210	1032	0.00003
Macrococcus bovicus	69968	S	650	90	740	0.00002
Macrococcus psychrotolerans	3039389	S	602	401	1003	0.00003
Macrococcus epidermidis	1902580	S	587	195	782	0.00002
Macrococcoides canis	1855823	S	1999	476	2475	0.00007
Macrococcoides caseolyticum	69966	S	1088	658	1746	0.00005
Macrococcoides bohemicum	1903056	S	850	367	1217	0.00003
Salinicoccus bachuensis	3136731	S	1037	27	1064	0.00003
Salinicoccus sp. HZC-1	3385497	S	933	238	1171	0.00003
Salinicoccus halodurans	407035	S	879	217	1096	0.00003
Jeotgalicoccus sp. WY2	2708346	S	701	97	798	0.00002
Jeotgalicoccus sp. ATCC 8456	946435	S	638	75	713	0.00002
Jeotgalicoccus saudimassiliensis	1461582	S	1271	76	1347	0.00004
Nosocomiicoccus ampullae	489910	S	719	86	805	0.00002
Nosocomiicoccus massiliensis	1232430	S	461	94	555	0.00002
Geobacillus sp. 46C-IIa	1963025	S	544	119	663	0.00002
Geobacillus sp. E263	391290	S	312	1331	1643	0.00005
Geobacillus sp. YF-1	3457480	S	184	207	391	0.00001
Geobacillus sp. JS12	1813182	S	116	250	366	0.00001
Geobacillus sp. Y412MC52	550542	S	89	214	303	0.00001
Geobacillus sp. C56-T3	691437	S	45	132	177	0.00000
Geobacillus sp. FSL K6-0789	2954744	S	28	515	543	0.00002
Geobacillus sp. GHH01	1233873	S	15	137	152	0.00000
Geobacillus sp. FSL W8-0466	2975350	S	14	220	234	0.00001
Geobacillus genomosp. 3	1921421	S	994	230	1224	0.00003
Geobacillus thermocatenulatus	33938	S	435	253	688	0.00002
Geobacillus kaustophilus	1462	S	247	2879	3126	0.00009
Geobacillus thermoleovorans	33941	S	144	1229	1373	0.00004
[Bacillus] caldolyticus	1394	S	41	353	394	0.00001
Geobacillus subterraneus	129338	S	601	818	1419	0.00004
Geobacillus proteiniphilus	860353	S	371	371	742	0.00002
Geobacillus thermodenitrificans	33940	S	249	1977	2226	0.00006
Geobacillus zalihae	213419	S	131	675	806	0.00002
Geobacillus stearothermophilus	1422	S	52	312	364	0.00001
Anoxybacillus sp. D401a	575112	S	947	375	1322	0.00004
Anoxybacillus sp. FSL W8-1294	2954655	S	308	817	1125	0.00003
Anoxybacillus sp. PDR2	1636720	S	299	1978	2277	0.00006
Anoxybacillus flavithermus	33934	S	996	1301	2297	0.00006
Anoxybacillus gonensis	198467	S	808	290	1098	0.00003
Parageobacillus thermoglucosidasius	1426	S	1707	926	2633	0.00007
Parageobacillus genomosp. 1	1295642	S	1197	240	1437	0.00004
Parageobacillus sp. KH3-4	2916802	S	1156	363	1519	0.00004
Parageobacillus toebii	153151	S	398	1402	1800	0.00005
Thermaerobacillus caldiproteolyticus	247480	S	1729	310	2039	0.00006
Saccharococcus caldoxylosilyticus	81408	S	1564	513	2077	0.00006
Anoxybacteroides amylolyticum	294699	S	1281	113	1394	0.00004
Alicyclobacillus sp. ALC3	2796143	S	1885	49	1934	0.00005
Alicyclobacillus sp. SO9	2665646	S	1161	28	1189	0.00003
Alicyclobacillus sp. TC	2606450	S	947	34	981	0.00003
Alicyclobacillus acidocaldarius	405212	S	3320	51	3371	0.00009
Alicyclobacillus cycloheptanicus	1457	S	2066	88	2154	0.00006
Alicyclobacillus fastidiosus	392011	S	1938	142	2080	0.00006
Alicyclobacillus acidoterrestris	1450	S	1220	93	1313	0.00004
Alicyclobacillus mengziensis	2931921	S	984	29	1013	0.00003
Alicyclobacillus dauci	1475485	S	921	56	977	0.00003
Tumebacillus avium	1903704	S	2451	434	2885	0.00008
Tumebacillus algifaecis	1214604	S	1732	210	1942	0.00005
Kyrpidia spormannii	2055160	S	925	446	1371	0.00004
Kyrpidia tusciae	33943	S	588	469	1057	0.00003
Fodinisporobacter ferrooxydans	2901836	S	1717	86	1803	0.00005
Effusibacillus dendaii	2743772	S	1646	145	1791	0.00005
Listeria monocytogenes	1639	S	4838	10138	14976	0.00042
Listeria innocua	1642	S	1788	740	2528	0.00007
Listeria seeligeri	1640	S	1557	155	1712	0.00005
Listeria ivanovii	1638	S	1381	1070	2451	0.00007
Listeria weihenstephanensis	1006155	S	1278	53	1331	0.00004
Listeria welshimeri	1643	S	1142	156	1298	0.00004
Listeria sp. PSOL-1	1844999	S	1142	83	1225	0.00003
Listeria grayi	1641	S	1049	185	1234	0.00003
Listeria newyorkensis	1497681	S	1017	42	1059	0.00003
Listeria aquatica	1494960	S	810	57	867	0.00002
Listeria swaminathanii	2713501	S	614	44	658	0.00002
Brochothrix thermosphacta	2756	S	1405	196	1601	0.00004
Brochothrix campestris	2757	S	517	45	562	0.00002
Exiguobacterium sp. N4-1P	2051906	S	621	41	662	0.00002
Exiguobacterium sp. AT1b	360911	S	212	260	472	0.00001
Exiguobacterium sp. MH3	1399115	S	131	107	238	0.00001
Exiguobacterium sp. R-39	3416708	S	111	364	475	0.00001
Exiguobacterium sp. Helios	2735868	S	108	354	462	0.00001
Exiguobacterium sp. PFWT01	2829816	S	90	108	198	0.00001
Exiguobacterium sp. ZWU0009	1224749	S	64	366	430	0.00001
Exiguobacterium sp. 9-2	3112419	S	51	89	140	0.00000
Exiguobacterium sp. R-17	3404054	S	30	44	74	0.00000
Exiguobacterium acetylicum	41170	S	1282	1236	2518	0.00007
Exiguobacterium alkaliphilum	1428684	S	1085	163	1248	0.00004
Exiguobacterium aurantiacum	33987	S	917	1328	2245	0.00006
Exiguobacterium undae	169177	S	628	141	769	0.00002
Exiguobacterium mexicanum	340146	S	624	801	1425	0.00004
Exiguobacterium artemiae	340145	S	621	132	753	0.00002
Exiguobacterium antarcticum	132920	S	558	70	628	0.00002
Exiguobacterium marinum	273528	S	440	50	490	0.00001
Exiguobacterium profundum	307643	S	401	212	613	0.00002
Hydrogenibacillus sp. N12	2866627	S	1528	37	1565	0.00004
Kroppenstedtia eburnea	714067	S	2324	119	2443	0.00007
Kroppenstedtia pulmonis	1380685	S	1215	13	1228	0.00003
Staphylospora marina	2490858	S	1414	44	1458	0.00004
Novibacillus thermophilus	1471761	S	1400	133	1533	0.00004
Polycladomyces abyssicola	1125966	S	1326	17	1343	0.00004
Thermoactinomyces vulgaris	2026	S	923	47	970	0.00003
Laceyella sacchari	37482	S	811	31	842	0.00002
Fictibacillus sp. KU28468	2991053	S	1249	193	1442	0.00004
Fictibacillus sp. JL2B1089	3399565	S	1153	652	1805	0.00005
Fictibacillus enclensis	1017270	S	1622	222	1844	0.00005
Fictibacillus arsenicus	255247	S	1477	301	1778	0.00005
Fictibacillus phosphorivorans	1221500	S	830	297	1127	0.00003
Pseudalkalibacillus sp. A8	3382641	S	1359	174	1533	0.00004
Pseudalkalibacillus nanhaiensis	3115291	S	822	111	933	0.00003
Gemella sp. zg-570	2840371	S	887	31	918	0.00003
Gemella sp. ND 6198	2040624	S	18	944	962	0.00003
Gemella sp. oral taxon 928	1785995	S	15	694	709	0.00002
Gemella haemolysans	1379	S	1896	273	2169	0.00006
Gemella morbillorum	29391	S	1135	519	1654	0.00005
Gemella sanguinis	84135	S	892	222	1114	0.00003
Guptibacillus hwajinpoensis	208199	S	4721	1452	6173	0.00017
Sporolactobacillus terrae	269673	S	1555	48	1603	0.00005
Sporolactobacillus sp. Y61	3160863	S	1289	38	1327	0.00004
Pullulanibacillus sp. KACC 23026	3028315	S	1282	81	1363	0.00004
Abyssicoccus albus	1817405	S	669	344	1013	0.00003
Lactiplantibacillus pentosus	1589	S	31170	5497	36667	0.00103
Lactiplantibacillus plantarum	1590	S	5886	2467	8353	0.00023
Lactiplantibacillus paraplantarum	60520	S	595	98	693	0.00002
Lactiplantibacillus xiangfangensis	942150	S	462	57	519	0.00001
Lactiplantibacillus brownii	3069269	S	435	65	500	0.00001
Lactiplantibacillus carotarum	2993456	S	391	40	431	0.00001
Lactiplantibacillus argentoratensis	271881	S	49	34	83	0.00000
Lactobacillus sp. IBH004	2879107	S	540	19	559	0.00002
Lactobacillus sp. ESL0785	2983232	S	502	29	531	0.00001
Lactobacillus sp. ESL0680	2983210	S	478	37	515	0.00001
Lactobacillus sp. PV034	2594495	S	471	28	499	0.00001
Lactobacillus sp. CBA3606	2099789	S	458	166	624	0.00002
Lactobacillus sp. ESL0677	2983208	S	333	39	372	0.00001
Lactobacillus sp. CBA3605	2099788	S	270	66	336	0.00001
Lactobacillus sp. ESL0684	2983213	S	214	468	682	0.00002
Lactobacillus sp. 3B(2020)	2695882	S	209	22	231	0.00001
Lactobacillus sp. ESL0681	2983211	S	97	192	289	0.00001
Lactobacillus sp. PV037	2594496	S	82	410	492	0.00001
Lactobacillus sp. wkB8	1545702	S	48	21	69	0.00000
Lactobacillus sp. PV012	2594494	S	31	223	254	0.00001
Lactobacillus delbrueckii	1584	S	2902	595	3497	0.00010
Lactobacillus johnsonii	33959	S	2194	457	2651	0.00007
Lactobacillus iners	147802	S	1753	618	2371	0.00007
Lactobacillus crispatus	47770	S	1392	473	1865	0.00005
Lactobacillus amylovorus	1604	S	1122	648	1770	0.00005
Lactobacillus acetotolerans	1600	S	973	54	1027	0.00003
Lactobacillus panisapium	2012495	S	879	22	901	0.00003
Lactobacillus helveticus	1587	S	830	377	1207	0.00003
Lactobacillus terrae	2269374	S	782	24	806	0.00002
Lactobacillus mulieris	2508708	S	735	70	805	0.00002
Lactobacillus kefiranofaciens	267818	S	703	161	864	0.00002
Lactobacillus kullabergensis	1218493	S	684	32	716	0.00002
Lactobacillus acidophilus	1579	S	668	69	737	0.00002
Lactobacillus gasseri	1596	S	661	2736	3397	0.00010
Lactobacillus intestinalis	151781	S	629	36	665	0.00002
Lactobacillus jensenii	109790	S	545	58	603	0.00002
Lactobacillus xylocopicola	2976676	S	452	16	468	0.00001
Lactobacillus ultunensis	227945	S	432	43	475	0.00001
Lactobacillus apis	303541	S	405	14	419	0.00001
Lactobacillus helsingborgensis	1218494	S	395	89	484	0.00001
Lactobacillus isalae	2993455	S	357	41	398	0.00001
Lactobacillus amylolyticus	83683	S	324	43	367	0.00001
Lactobacillus paragasseri	2107999	S	313	710	1023	0.00003
Lactobacillus taiwanensis	508451	S	209	26	235	0.00001
Ligilactobacillus murinus	1622	S	5641	1038	6679	0.00019
Ligilactobacillus salivarius	1624	S	3032	609	3641	0.00010
Ligilactobacillus ruminis	1623	S	2187	311	2498	0.00007
Ligilactobacillus agilis	1601	S	1303	514	1817	0.00005
Ligilactobacillus acidipiscis	89059	S	999	98	1097	0.00003
Ligilactobacillus cholophilus	3050131	S	783	67	850	0.00002
Ligilactobacillus saerimneri	228229	S	630	234	864	0.00002
Ligilactobacillus animalis	1605	S	514	239	753	0.00002
Ligilactobacillus faecis	762833	S	434	31	465	0.00001
Ligilactobacillus aviarius	1606	S	335	33	368	0.00001
Limosilactobacillus reuteri	1598	S	2715	2131	4846	0.00014
Limosilactobacillus fermentum	1613	S	2106	646	2752	0.00008
Limosilactobacillus mucosae	97478	S	1124	512	1636	0.00005
Limosilactobacillus allomucosae	3142938	S	586	341	927	0.00003
Limosilactobacillus oris	1632	S	574	131	705	0.00002
Limosilactobacillus pontis	35787	S	554	104	658	0.00002
Limosilactobacillus gastricus	227942	S	536	97	633	0.00002
Limosilactobacillus vaginalis	1633	S	388	130	518	0.00001
Limosilactobacillus portuensis	2742601	S	383	106	489	0.00001
Limosilactobacillus frumenti	104955	S	323	60	383	0.00001
Limosilactobacillus panis	47493	S	277	747	1024	0.00003
Weissella cibaria	137591	S	2818	158	2976	0.00008
Weissella paramesenteroides	1249	S	1163	95	1258	0.00004
Weissella confusa	1583	S	663	42	705	0.00002
Weissella jogaejeotgali	1631871	S	595	69	664	0.00002
Weissella koreensis	165096	S	578	42	620	0.00002
Weissella viridescens	1629	S	439	16	455	0.00001
Weissella sagaensis	2559928	S	397	57	454	0.00001
Weissella soli	155866	S	374	10	384	0.00001
Weissella diestrammenae	1162633	S	369	6	375	0.00001
Weissella coleopterorum	2714949	S	229	5	234	0.00001
Weissella ceti	759620	S	190	189	379	0.00001
Weissella tructae	887702	S	31	388	419	0.00001
Lacticaseibacillus paracasei	1597	S	2025	1077	3102	0.00009
Lacticaseibacillus rhamnosus	47715	S	1220	113	1333	0.00004
Lacticaseibacillus chiayiensis	2100821	S	811	50	861	0.00002
Lacticaseibacillus pabuli	3025672	S	694	81	775	0.00002
Lacticaseibacillus zeae	57037	S	691	226	917	0.00003
Lacticaseibacillus pantheris	171523	S	636	698	1334	0.00004
Lacticaseibacillus manihotivorans	88233	S	480	85	565	0.00002
Lacticaseibacillus casei	1582	S	156	988	1144	0.00003
Lacticaseibacillus parahuelsenbergensis	3068305	S	56	42	98	0.00000
Companilactobacillus paralimentarius	83526	S	1170	161	1331	0.00004
Companilactobacillus farciminis	1612	S	701	209	910	0.00003
Companilactobacillus sp. DQM5	3463359	S	693	16	709	0.00002
Companilactobacillus futsaii	938155	S	647	164	811	0.00002
Companilactobacillus allii	1847728	S	646	50	696	0.00002
Companilactobacillus zhachilii	2304606	S	631	33	664	0.00002
Companilactobacillus ginsenosidimutans	1007676	S	586	13	599	0.00002
Companilactobacillus musae	1903258	S	526	44	570	0.00002
Companilactobacillus crustorum	392416	S	505	105	610	0.00002
Companilactobacillus heilongjiangensis	1074467	S	478	23	501	0.00001
Companilactobacillus alimentarius	1602	S	448	56	504	0.00001
Companilactobacillus pabuli	2714036	S	364	102	466	0.00001
Leuconostoc gelidum	1244	S	477	101	578	0.00002
Leuconostoc gasicomitatum	115778	S	340	150	490	0.00001
Leuconostoc carnosum	1252	S	863	241	1104	0.00003
Leuconostoc mesenteroides	1245	S	652	262	914	0.00003
Leuconostoc falkenbergense	2766470	S	500	189	689	0.00002
Leuconostoc lactis	1246	S	404	204	608	0.00002
Leuconostoc pseudomesenteroides	33968	S	351	70	421	0.00001
Leuconostoc citreum	33964	S	168	424	592	0.00002
Leuconostoc suionicum	1511761	S	71	482	553	0.00002
Leuconostoc garlicum	255248	S	28	66	94	0.00000
Leuconostoc kimchii	136609	S	26	279	305	0.00001
Leuconostoc sp. LN180020	2571156	S	19	267	286	0.00001
Pediococcus pentosaceus	1255	S	1279	197	1476	0.00004
Pediococcus acidilactici	1254	S	678	506	1184	0.00003
Pediococcus parvulus	54062	S	597	148	745	0.00002
Pediococcus ethanolidurans	319653	S	569	135	704	0.00002
Pediococcus argentinicus	480391	S	552	91	643	0.00002
Pediococcus siamensis	381829	S	397	28	425	0.00001
Pediococcus damnosus	51663	S	366	130	496	0.00001
Pediococcus claussenii	187452	S	348	74	422	0.00001
Pediococcus inopinatus	114090	S	139	681	820	0.00002
Pediococcus sp. M21F004	3390033	S	13	293	306	0.00001
Levilactobacillus brevis	1580	S	1028	345	1373	0.00004
Levilactobacillus zymae	267363	S	908	153	1061	0.00003
Levilactobacillus cerevisiae	1704076	S	507	293	800	0.00002
Levilactobacillus parabrevis	357278	S	442	142	584	0.00002
Levilactobacillus yonginensis	1054041	S	379	257	636	0.00002
Levilactobacillus namurensis	380393	S	354	125	479	0.00001
Levilactobacillus suantsaii	2292255	S	297	132	429	0.00001
Levilactobacillus koreensis	637971	S	282	55	337	0.00001
Lentilactobacillus hilgardii	1588	S	1123	99	1222	0.00003
Lentilactobacillus parabuchneri	152331	S	959	166	1125	0.00003
Lentilactobacillus buchneri	1581	S	824	134	958	0.00003
Lentilactobacillus kefiri	33962	S	555	125	680	0.00002
Lentilactobacillus curieae	1138822	S	477	16	493	0.00001
Lentilactobacillus laojiaonis	2883998	S	433	24	457	0.00001
Lentilactobacillus terminaliae	3003483	S	357	16	373	0.00001
Fructilactobacillus lindneri	53444	S	449	77	526	0.00001
Fructilactobacillus sp. Tb1	3422304	S	439	75	514	0.00001
Fructilactobacillus frigidiflavus	3242688	S	374	86	460	0.00001
Fructilactobacillus vespulae	1249630	S	331	27	358	0.00001
Fructilactobacillus sanfranciscensis	1625	S	278	100	378	0.00001
Fructilactobacillus fructivorans	1614	S	255	10	265	0.00001
Fructilactobacillus cliffordii	2940299	S	220	68	288	0.00001
Fructilactobacillus myrtifloralis	2940301	S	212	57	269	0.00001
Fructilactobacillus carniphilus	2940297	S	197	79	276	0.00001
Fructilactobacillus ixorae	1750535	S	148	37	185	0.00001
Fructilactobacillus hinvesii	2940300	S	129	19	148	0.00000
Liquorilactobacillus hordei	468911	S	1014	279	1293	0.00004
Liquorilactobacillus nagelii	82688	S	962	197	1159	0.00003
Liquorilactobacillus mali	1618	S	526	154	680	0.00002
Liquorilactobacillus satsumensis	259059	S	406	55	461	0.00001
Latilactobacillus curvatus	28038	S	770	291	1061	0.00003
Latilactobacillus sakei	1599	S	702	469	1171	0.00003
Latilactobacillus graminis	60519	S	342	34	376	0.00001
Latilactobacillus fuchuensis	164393	S	334	3	337	0.00001
Latilactobacillus sp. 5-91	3410924	S	103	111	214	0.00001
Apilactobacillus kunkeei	148814	S	1043	71	1114	0.00003
Apilactobacillus apisilvae	2923364	S	749	22	771	0.00002
Apilactobacillus bombintestini	2419772	S	453	25	478	0.00001
Apilactobacillus apinorum	1218495	S	392	29	421	0.00001
Schleiferilactobacillus harbinensis	304207	S	2185	33	2218	0.00006
Oenococcus oeni	1247	S	670	35	705	0.00002
Oenococcus alcoholitolerans	931074	S	592	42	634	0.00002
Oenococcus sicerae	2203724	S	446	11	457	0.00001
Oenococcus kitaharae	336988	S	396	15	411	0.00001
Paucilactobacillus suebicus	152335	S	571	65	636	0.00002
Paucilactobacillus oligofermentans	293371	S	560	81	641	0.00002
Paucilactobacillus hokkaidonensis	1193095	S	464	136	600	0.00002
Paucilactobacillus nenjiangensis	1296540	S	464	165	629	0.00002
Loigolactobacillus coryniformis	1610	S	911	312	1223	0.00003
Loigolactobacillus backii	375175	S	598	252	850	0.00002
Loigolactobacillus bifermentans	1607	S	587	85	672	0.00002
Xylocopilactobacillus apis	2932183	S	778	77	855	0.00002
Xylocopilactobacillus apicola	2932184	S	643	67	710	0.00002
Bombilactobacillus bombi	1303590	S	548	15	563	0.00002
Bombilactobacillus thymidiniphilus	2923363	S	523	34	557	0.00002
Bombilactobacillus folatiphilus	2923362	S	311	14	325	0.00001
Bombilactobacillus mellifer	1218492	S	12	0	12	0.00000
Furfurilactobacillus rossiae	231049	S	1021	204	1225	0.00003
Secundilactobacillus paracollinoides	240427	S	488	116	604	0.00002
Secundilactobacillus malefermentans	176292	S	318	75	393	0.00001
Periweissella cryptocerci	2506420	S	600	8	608	0.00002
Agrilactobacillus fermenti	2586909	S	573	16	589	0.00002
Dellaglioa kimchii	3344667	S	563	104	667	0.00002
Lapidilactobacillus dextrinicus	51664	S	437	32	469	0.00001
Amylolactobacillus amylophilus	1603	S	381	159	540	0.00002
Acetilactobacillus jinshanensis	1720083	S	314	0	314	0.00001
Fructobacillus americanaquae	2940302	S	300	3	303	0.00001
Nicoliella spurrieriana	2925830	S	287	4	291	0.00001
Streptococcus suis	1307	S	9792	6423	16215	0.00046
Streptococcus sp. ZY1909104	3233335	S	742	466	1208	0.00003
Streptococcus sp. NPS 308	1902136	S	381	168	549	0.00002
Streptococcus sp. Marseille-Q3533	2759692	S	338	83	421	0.00001
Streptococcus sp. DTU_2020_1001019_1_SI_AUS_MUR_006	3077584	S	282	143	425	0.00001
Streptococcus sp. KHUD_014	3434353	S	208	57	265	0.00001
Streptococcus sp. HSISS3	1316412	S	206	453	659	0.00002
Streptococcus sp. ZY19097	3231906	S	187	344	531	0.00001
Streptococcus sp. HN38	3020829	S	176	295	471	0.00001
Streptococcus sp. K0074	3402868	S	155	117	272	0.00001
Streptococcus sp. KHUD_013	3413147	S	147	100	247	0.00001
Streptococcus sp. oral taxon 061	712623	S	146	32	178	0.00000
Streptococcus sp. KHUD_015	3434352	S	137	64	201	0.00001
Streptococcus sp. KHUD_011	3157334	S	114	83	197	0.00001
Streptococcus sp. 11-4097	2828286	S	105	112	217	0.00001
Streptococcus sp. oral taxon 431	712633	S	102	43	145	0.00000
Streptococcus sp. KHUD_012	3229851	S	96	95	191	0.00001
Streptococcus sp. CP1998	3238303	S	94	119	213	0.00001
Streptococcus sp. A12	1759399	S	90	25	115	0.00000
Streptococcus sp. SN-1	3074854	S	77	49	126	0.00000
Streptococcus sp. LPB0220	2610896	S	73	43	116	0.00000
Streptococcus sp. FDAARGOS_192	1839799	S	69	120	189	0.00001
Streptococcus sp. D7B5	3038077	S	38	99	137	0.00000
Streptococcus sp. HSISS2	1316411	S	35	80	115	0.00000
Streptococcus sp. HJ1	3458239	S	31	46	77	0.00000
Streptococcus sp. FSL W7-1342	2954545	S	30	225	255	0.00001
Streptococcus sp. 1643	2576376	S	30	35	65	0.00000
Streptococcus sp. 116-D4	2598453	S	30	20	50	0.00000
Streptococcus sp. FT1-55	3409805	S	25	351	376	0.00001
Streptococcus sp. FT1-106	3409994	S	24	334	358	0.00001
Streptococcus sp. FSL R7-0248	2975324	S	23	49	72	0.00000
Streptococcus sp. NCTC 11567	2583584	S	20	206	226	0.00001
Streptococcus sp. NSJ-72	2763068	S	19	74	93	0.00000
Streptococcus sp. DAT741	1940319	S	19	31	50	0.00000
Streptococcus sp. DTU_2020_1000888_1_SI_GRL_NUU_041A	3077723	S	18	45	63	0.00000
Streptococcus sp. FSL W8-0197	2975349	S	14	90	104	0.00000
Streptococcus sp. KHUD_016	3434346	S	14	31	45	0.00000
Streptococcus sanguinis	1305	S	4738	796	5534	0.00016
Streptococcus equi	1336	S	2742	256	2998	0.00008
Streptococcus dysgalactiae	1334	S	1616	3786	5402	0.00015
Streptococcus pneumoniae	1313	S	3485	4046	7531	0.00021
Streptococcus parasuis	1501662	S	2839	1102	3941	0.00011
Streptococcus anginosus	1328	S	1340	1840	3180	0.00009
Streptococcus intermedius	1338	S	663	221	884	0.00002
Streptococcus constellatus	76860	S	460	7550	8010	0.00022
Streptococcus oralis	1303	S	2371	1106	3477	0.00010
Streptococcus equinus	1335	S	2226	487	2713	0.00008
Streptococcus mitis	28037	S	1580	703	2283	0.00006
Streptococcus gwangjuensis	1433513	S	138	107	245	0.00001
Streptococcus toyakuensis	2819619	S	20	25	45	0.00000
Streptococcus gordonii	1302	S	1810	232	2042	0.00006
Streptococcus agalactiae	1311	S	1596	8401	9997	0.00028
Streptococcus thermophilus	1308	S	1410	1075	2485	0.00007
Streptococcus pluranimalium	82348	S	1395	454	1849	0.00005
Streptococcus salivarius	1304	S	1340	990	2330	0.00007
Streptococcus pyogenes	1314	S	1260	1874	3134	0.00009
Streptococcus porcinus	1340	S	1135	205	1340	0.00004
Streptococcus mutans	1309	S	1069	910	1979	0.00006
Streptococcus chenjunshii	2173853	S	1058	10	1068	0.00003
Streptococcus canis	1329	S	1057	217	1274	0.00004
Streptococcus gallolyticus	315405	S	978	2906	3884	0.00011
Streptococcus oriscaviae	2781599	S	949	43	992	0.00003
Streptococcus pantholopis	1811193	S	939	10	949	0.00003
Streptococcus ratti	1341	S	933	22	955	0.00003
Streptococcus hyointestinalis	1337	S	908	34	942	0.00003
Streptococcus tangpeifui	2709400	S	894	18	912	0.00003
Streptococcus parauberis	1348	S	882	189	1071	0.00003
Streptococcus cristatus	45634	S	800	195	995	0.00003
Streptococcus didelphis	102886	S	775	84	859	0.00002
Streptococcus sobrinus	1310	S	772	30	802	0.00002
Streptococcus ferus	1345	S	735	27	762	0.00002
Streptococcus merionis	400065	S	725	20	745	0.00002
Streptococcus uberis	1349	S	712	71	783	0.00002
Streptococcus pseudoporcinus	361101	S	638	271	909	0.00003
Streptococcus iniae	1346	S	619	54	673	0.00002
Streptococcus himalayensis	1888195	S	596	28	624	0.00002
Streptococcus parasanguinis	1318	S	595	189	784	0.00002
Streptococcus urinalis	149016	S	589	110	699	0.00002
Streptococcus hillyeri	2282420	S	566	22	588	0.00002
Streptococcus alactolyticus	29389	S	556	411	967	0.00003
Streptococcus acidominimus	1326	S	499	55	554	0.00002
Streptococcus halotolerans	1814128	S	493	18	511	0.00001
Streptococcus respiraculi	2021971	S	454	18	472	0.00001
Streptococcus lactarius	684066	S	438	110	548	0.00002
Streptococcus iners	3028084	S	429	86	515	0.00001
Streptococcus troglodytae	1111760	S	421	34	455	0.00001
Streptococcus halichoeri	254785	S	420	178	598	0.00002
Streptococcus ruminicola	2686210	S	416	323	739	0.00002
Streptococcus lutetiensis	150055	S	397	205	602	0.00002
Streptococcus suivaginalis	3028082	S	383	60	443	0.00001
Streptococcus ruminantium	1917441	S	362	376	738	0.00002
Streptococcus marmotae	1825069	S	352	23	375	0.00001
Streptococcus pasteurianus	197614	S	350	1637	1987	0.00006
Streptococcus danieliae	747656	S	337	9	346	0.00001
Streptococcus infantis	68892	S	278	51	329	0.00001
Streptococcus zhangguiae	2664091	S	275	19	294	0.00001
Streptococcus ilei	1156431	S	194	144	338	0.00001
Streptococcus vestibularis	1343	S	192	31	223	0.00001
Streptococcus koreensis	2382163	S	181	157	338	0.00001
Streptococcus nidrosiense	3140788	S	139	32	171	0.00000
Streptococcus pseudopneumoniae	257758	S	116	99	215	0.00001
Streptococcus rubneri	1234680	S	110	92	202	0.00001
Streptococcus parapneumoniae	2993430	S	106	101	207	0.00001
Streptococcus milleri	33040	S	94	145	239	0.00001
Streptococcus periodonticum	2490633	S	92	91	183	0.00001
Streptococcus lingualis	3098076	S	58	42	100	0.00000
Streptococcus australis	113107	S	55	63	118	0.00000
Streptococcus infantarius	102684	S	44	22	66	0.00000
Streptococcus dentalis	3098075	S	25	24	49	0.00000
Streptococcus macedonicus	59310	S	21	80	101	0.00000
Lactococcus lactis	1358	S	3256	6508	9764	0.00027
Lactococcus cremoris	1359	S	1541	1573	3114	0.00009
Lactococcus garvieae	1363	S	1261	390	1651	0.00005
Lactococcus protaetiae	2592653	S	576	49	625	0.00002
Lactococcus taiwanensis	1151742	S	572	138	710	0.00002
Lactococcus allomyrinae	2419773	S	515	48	563	0.00002
Lactococcus formosensis	1281486	S	508	137	645	0.00002
Lactococcus sp. NH2-7C	2879149	S	181	100	281	0.00001
Lactococcus sp.	44273	S	150	2830	2980	0.00008
Lactococcus sp. LG1267	2816910	S	80	1329	1409	0.00004
Lactococcus sp. KTH0-1S	3438232	S	50	145	195	0.00001
Lactococcus sp. LG606	2816912	S	24	77	101	0.00000
Lactococcus petauri	1940789	S	333	899	1232	0.00003
Pseudolactococcus raffinolactis	1366	S	952	239	1191	0.00003
Pseudolactococcus paracarnosus	2749962	S	367	122	489	0.00001
Pseudolactococcus carnosus	2749961	S	279	165	444	0.00001
Pseudolactococcus piscium	1364	S	157	128	285	0.00001
Floricoccus penangensis	1859475	S	1030	46	1076	0.00003
Enterococcus sp. AZ170	2774747	S	1232	87	1319	0.00004
Enterococcus sp. DIV0212c	2230867	S	1118	71	1189	0.00003
Enterococcus sp. DIV0876	2774633	S	1041	55	1096	0.00003
Enterococcus sp. DIV0724b	2774694	S	827	56	883	0.00002
Enterococcus sp. DIV0210g	2774656	S	788	79	867	0.00002
Enterococcus sp. 22-H-5-01	3418555	S	749	46	795	0.00002
Enterococcus sp. DIV0800	2774646	S	296	25	321	0.00001
Enterococcus sp. DIV0181	2774776	S	151	1110	1261	0.00004
Enterococcus sp. FDAARGOS_375	2060307	S	91	192	283	0.00001
Enterococcus sp. DIV1368b	2774711	S	77	56	133	0.00000
Enterococcus sp. DIV1304_2	2774706	S	70	19	89	0.00000
Enterococcus sp. AZ095a	2774718	S	68	371	439	0.00001
Enterococcus sp. DIV2379	2774684	S	68	237	305	0.00001
Enterococcus sp. CR-Ec1	2057791	S	62	189	251	0.00001
Enterococcus sp. AZ188	2774678	S	54	223	277	0.00001
Enterococcus sp. FZMF	3050383	S	51	94	145	0.00000
Enterococcus sp. AZ197	2774885	S	50	240	290	0.00001
Enterococcus sp. DIV0176	2774758	S	49	101	150	0.00000
Enterococcus sp. DIV1368d	2774736	S	49	68	117	0.00000
Enterococcus sp. AZ104	2774729	S	38	179	217	0.00001
Enterococcus sp. DIV1067f	2774734	S	29	119	148	0.00000
Enterococcus sp. DIV0712	2774945	S	27	984	1011	0.00003
Enterococcus sp. DIV0802b	2774704	S	25	135	160	0.00000
Enterococcus sp. DIV1767	2774670	S	24	33	57	0.00000
Enterococcus sp. AZ089	2774693	S	21	88	109	0.00000
Enterococcus sp. DIV1639a	2774724	S	21	28	49	0.00000
Enterococcus sp. DIV0180	2774749	S	20	224	244	0.00001
Enterococcus sp. DIV1411a	2774779	S	20	298	318	0.00001
Enterococcus sp. MSG3290	2774934	S	19	54	73	0.00000
Enterococcus sp. AZ009	2774766	S	17	82	99	0.00000
Enterococcus sp. M190262	2582830	S	16	57	73	0.00000
Enterococcus sp. AZ079	2774707	S	15	79	94	0.00000
Enterococcus sp. DIV2432	2774762	S	13	37	50	0.00000
Enterococcus sp. DA9	2603296	S	12	74	86	0.00000
Enterococcus sp. MSG3327	2774794	S	10	158	168	0.00000
Enterococcus cecorum	44008	S	4287	1362	5649	0.00016
Enterococcus faecalis	1351	S	4231	26126	30357	0.00085
Enterococcus faecium	1352	S	3909	58719	62628	0.00176
Enterococcus raffinosus	71452	S	2123	341	2464	0.00007
Candidatus Enterococcus clewellii	1834193	S	1711	63	1774	0.00005
Enterococcus avium	33945	S	1682	766	2448	0.00007
Enterococcus durans	53345	S	1449	452	1901	0.00005
Enterococcus gilvus	160453	S	1438	156	1594	0.00004
Candidatus Enterococcus dunnyi	1834192	S	1308	95	1403	0.00004
Candidatus Enterococcus willemsii	1857215	S	1219	50	1269	0.00004
Candidatus Enterococcus lowellii	2230877	S	1148	90	1238	0.00003
Enterococcus montenegrensis	3031993	S	953	130	1083	0.00003
Enterococcus rotai	118060	S	907	28	935	0.00003
Enterococcus wangshanyuanii	2005703	S	905	32	937	0.00003
Enterococcus casseliflavus	37734	S	864	1169	2033	0.00006
Enterococcus dispar	44009	S	839	374	1213	0.00003
Enterococcus saccharolyticus	41997	S	788	527	1315	0.00004
Enterococcus saigonensis	1805431	S	746	791	1537	0.00004
Candidatus Enterococcus palustris	1834189	S	631	26	657	0.00002
Candidatus Enterococcus mangumiae	2230878	S	616	39	655	0.00002
Enterococcus gallinarum	1353	S	614	1294	1908	0.00005
Enterococcus mundtii	53346	S	580	159	739	0.00002
Candidatus Enterococcus lemimoniae	1834167	S	574	28	602	0.00002
Enterococcus hirae	1354	S	409	1056	1465	0.00004
Enterococcus devriesei	319970	S	269	37	306	0.00001
Enterococcus lactis	357441	S	224	1103	1327	0.00004
Enterococcus innesii	2839759	S	56	20	76	0.00000
Enterococcus thailandicus	417368	S	54	244	298	0.00001
Vagococcus fluvialis	2738	S	1859	567	2426	0.00007
Vagococcus lutrae	81947	S	1408	902	2310	0.00006
Vagococcus hydrophili	2714947	S	1330	111	1441	0.00004
Vagococcus carniphilus	218144	S	1175	313	1488	0.00004
Vagococcus penaei	633807	S	872	80	952	0.00003
Vagococcus zengguangii	2571750	S	737	89	826	0.00002
Vagococcus teuberi	519472	S	690	257	947	0.00003
Vagococcus intermedius	2991418	S	572	75	647	0.00002
Vagococcus salmoninarum	2739	S	557	42	599	0.00002
Vagococcus jeotgali	3109030	S	538	89	627	0.00002
Vagococcus luciliae	2920380	S	526	179	705	0.00002
Vagococcus xieshaowenii	2562451	S	463	115	578	0.00002
Vagococcus coleopterorum	2714946	S	409	46	455	0.00001
Vagococcus sp. CY52-2	2925838	S	371	215	586	0.00002
Tetragenococcus halophilus	51669	S	1642	2107	3749	0.00011
Tetragenococcus koreensis	290335	S	831	255	1086	0.00003
Tetragenococcus osmophilus	526944	S	554	1034	1588	0.00004
Melissococcus plutonius	33970	S	1115	72	1187	0.00003
Carnobacterium sp. 17-4	208596	S	914	138	1052	0.00003
Carnobacterium sp. TMP28	3397060	S	706	73	779	0.00002
Carnobacterium sp. CS13	2800128	S	191	382	573	0.00002
Carnobacterium sp. CP1	1564681	S	73	143	216	0.00001
Carnobacterium maltaromaticum	2751	S	2085	298	2383	0.00007
Carnobacterium divergens	2748	S	1289	218	1507	0.00004
Carnobacterium inhibens	147709	S	844	339	1183	0.00003
Carnobacterium viridans	174587	S	636	228	864	0.00002
Alloiococcus sp. CFN-8	3416081	S	5538	184	5722	0.00016
Jeotgalibaca sp. MA1X17-3	2908211	S	878	37	915	0.00003
Jeotgalibaca sp. PTS2502	1903686	S	227	199	426	0.00001
Jeotgalibaca ciconiae	2496265	S	1091	216	1307	0.00004
Jeotgalibaca porci	1868793	S	912	400	1312	0.00004
Jeotgalibaca arthritidis	1868794	S	687	692	1379	0.00004
Jeotgalibaca dankookensis	708126	S	508	26	534	0.00001
Trichococcus flocculiformis	82803	S	1580	569	2149	0.00006
Trichococcus shcherbakoviae	2094020	S	1158	398	1556	0.00004
Granulicatella adiacens	46124	S	1529	246	1775	0.00005
Granulicatella elegans	137732	S	811	829	1640	0.00005
Dolosigranulum pigrum	29394	S	1118	475	1593	0.00004
Dolosigranulum savutiense	3110288	S	560	356	916	0.00003
Alkalibacterium putridalgicola	426703	S	946	90	1036	0.00003
Alkalibacterium sp. f15	3414029	S	684	17	701	0.00002
Marinilactibacillus sp. 15R	1911586	S	1119	192	1311	0.00004
Desemzia incerta	82801	S	1013	466	1479	0.00004
Aerococcus urinaeequi	51665	S	1037	510	1547	0.00004
Aerococcus viridans	1377	S	823	696	1519	0.00004
Aerococcus christensenii	87541	S	775	310	1085	0.00003
Aerococcus sanguinicola	119206	S	525	29	554	0.00002
Aerococcus urinaehominis	128944	S	428	19	447	0.00001
Aerococcus loyolae	2976809	S	180	64	244	0.00001
Aerococcus urinae	1376	S	158	43	201	0.00001
Aerococcus mictus	2976810	S	153	258	411	0.00001
Aerococcus sp. Group 1	2976812	S	125	118	243	0.00001
Aerococcus tenax	3078812	S	70	115	185	0.00001
Tuanshanicoccus lijuaniae	2774330	S	1163	50	1213	0.00003
Tuanshanicoccus yangjingiae	2796928	S	904	73	977	0.00003
Globicatella sp. PHS-GS-PNBC-21-1553	2885764	S	777	579	1356	0.00004
Globicatella sanguinis	13076	S	516	310	826	0.00002
Fundicoccus culcitae	2969821	S	1124	57	1181	0.00003
Facklamia hominis	178214	S	976	465	1441	0.00004
Ruoffia tabacinasalis	87458	S	897	188	1085	0.00003
Abiotrophia defectiva	46125	S	642	263	905	0.00003
Ignavigranum ruoffiae	89093	S	610	34	644	0.00002
Suicoccus acidiformans	2036206	S	573	120	693	0.00002
Selenomonas sp.	2053611	S	5673	540	6213	0.00017
Selenomonas sp. TAMA-11512	3095337	S	4163	248	4411	0.00012
Selenomonas sp. oral taxon 126	712528	S	3400	1098	4498	0.00013
Selenomonas sp. oral taxon 920	1884263	S	2894	842	3736	0.00010
Selenomonas sp. oral taxon 478	712538	S	2415	2229	4644	0.00013
Selenomonas sp. oral taxon 136	713030	S	1258	1034	2292	0.00006
Selenomonas sputigena	69823	S	13492	946	14438	0.00041
Selenomonas ruminantium	971	S	6469	673	7142	0.00020
Selenomonas dianae	135079	S	2804	675	3479	0.00010
Selenomonas timonae	2754044	S	2535	1643	4178	0.00012
Megamonas hypermegale	158847	S	12615	2050	14665	0.00041
Megamonas funiformis	437897	S	6943	975	7918	0.00022
Pectinatus frisingensis	865	S	13741	1361	15102	0.00042
Pectinatus haikarae	349096	S	5591	316	5907	0.00017
Selenobaculum gibii	3054208	S	15445	892	16337	0.00046
Mitsuokella multacida	52226	S	7377	2821	10198	0.00029
Sporomusa aerivorans	204936	S	4780	278	5058	0.00014
Sporomusa rhizae	357999	S	4341	606	4947	0.00014
Sporomusa acidovorans	112900	S	3967	248	4215	0.00012
Sporomusa carbonis	3076075	S	3717	720	4437	0.00012
Sporomusa termitida	2377	S	3682	112	3794	0.00011
Sporomusa silvacetica	55504	S	3191	205	3396	0.00010
Sporomusa malonica	112901	S	2963	216	3179	0.00009
Sporomusa ovata	2378	S	2834	628	3462	0.00010
Sporomusa sphaeroides	47679	S	1577	5072	6649	0.00019
uncultured Sporomusa sp.	307249	S	977	1276	2253	0.00006
Sporomusa paucivorans	2376	S	311	1415	1726	0.00005
Pelosinus fermentans	365349	S	3465	305	3770	0.00011
Pelosinus sp. UFO1	484770	S	3052	455	3507	0.00010
Methylomusa anaerophila	1930071	S	3417	182	3599	0.00010
Megasphaera stantonii	2144175	S	8746	1625	10371	0.00029
Megasphaera sueciensis	349094	S	8220	1152	9372	0.00026
Megasphaera elsdenii	907	S	4491	1875	6366	0.00018
Megasphaera hexanoica	1675036	S	2868	655	3523	0.00010
Megasphaera massiliensis	1232428	S	2564	263	2827	0.00008
Megasphaera sp.	2023260	S	2166	1417	3583	0.00010
Colibacter massiliensis	1852379	S	16637	450	17087	0.00048
Dialister succinatiphilus	487173	S	3209	586	3795	0.00011
Dialister sp.	1955814	S	2733	86	2819	0.00008
Dialister pneumosintes	39950	S	1003	5	1008	0.00003
Dialister massiliensis	2161821	S	405	2417	2822	0.00008
Dialister hominis	2582419	S	323	1858	2181	0.00006
Veillonella parvula	29466	S	2430	482	2912	0.00008
Veillonella rodentium	248315	S	2030	169	2199	0.00006
Veillonella atypica	39777	S	1153	147	1300	0.00004
Veillonella rogosae	423477	S	934	345	1279	0.00004
Veillonella dispar	39778	S	342	334	676	0.00002
Veillonella orientalis	2682455	S	326	519	845	0.00002
Veillonella nakazawae	2682456	S	215	445	660	0.00002
Phascolarctobacterium faecium	33025	S	6127	230	6357	0.00018
Phascolarctobacterium succinatutens	626940	S	2931	4637	7568	0.00021
Phascolarctobacterium sp. Marseille-Q4147	2823317	S	2853	1642	4495	0.00013
Acidaminococcus fermentans	905	S	5176	543	5719	0.00016
Acidaminococcus timonensis	1871002	S	5001	930	5931	0.00017
Acidaminococcus intestini	187327	S	3641	1318	4959	0.00014
Thomasclavelia ramosa	1547	S	23200	5318	28518	0.00080
Erysipelatoclostridium sp. An173	1965571	S	12096	1485	13581	0.00038
Thomasclavelia spiroformis	29348	S	11010	1708	12718	0.00036
Faecalibacillus intestinalis	1982626	S	8512	3956	12468	0.00035
Catenibacterium mitsuokai	100886	S	4171	1435	5606	0.00016
Catenibacterium sp. co_0103	2478954	S	2264	1408	3672	0.00010
Tannockella kyphosi	2899121	S	5413	136	5549	0.00016
Holdemania massiliensis	1468449	S	9761	3588	13349	0.00037
Erysipelothrix sp. HDW6A	2714928	S	1090	19	1109	0.00003
Erysipelothrix sp. HDW6B	2714929	S	827	74	901	0.00003
Erysipelothrix sp. HDW6C	2714930	S	814	39	853	0.00002
Erysipelothrix sp. P66	3141531	S	58	166	224	0.00001
Erysipelothrix rhusiopathiae	1648	S	1684	1163	2847	0.00008
Erysipelothrix larvae	1514105	S	1537	115	1652	0.00005
Erysipelothrix inopinata	225084	S	1007	6	1013	0.00003
Erysipelothrix amsterdamensis	2929157	S	310	397	707	0.00002
Erysipelothrix piscisicarius	2485784	S	271	362	633	0.00002
Erysipelothrix enhydrae	2890314	S	207	132	339	0.00001
[Eubacterium] hominis	2764325	S	6823	5321	12144	0.00034
Allocoprobacillus halotolerans	2944914	S	6505	650	7155	0.00020
Amedibacterium intestinale	2583452	S	5879	3683	9562	0.00027
Allobaculum sp. Allo2	2853432	S	2990	141	3131	0.00009
Allobaculum mucilyticum	2834459	S	2537	234	2771	0.00008
Longicatena caecimuris	1796635	S	4747	3866	8613	0.00024
Intestinibaculum porci	2487118	S	3542	301	3843	0.00011
Faecalibaculum rodentium	1702221	S	3523	133	3656	0.00010
Solobacterium moorei	102148	S	2046	1704	3750	0.00011
Bulleidia sp. zg-1006	2806552	S	961	117	1078	0.00003
Massilimicrobiota timonensis	1776392	S	934	11989	12923	0.00036
Turicibacter sanguinis	154288	S	2302	107	2409	0.00007
Turicibacter sp. TJ11	2806443	S	1469	365	1834	0.00005
Turicibacter sp. H121	1712675	S	186	860	1046	0.00003
Turicibacter sp. KK003	3114695	S	144	484	628	0.00002
Turicibacter bilis	2735723	S	1036	1573	2609	0.00007
Turicibacter faecis	2963365	S	83	282	365	0.00001
Anaerococcus sp. AH8042_DFU013_CI05	3385202	S	1063	188	1251	0.00004
Anaerococcus sp. Marseille-Q7828	3036300	S	1004	493	1497	0.00004
Anaerococcus sp. WGS1579	3366809	S	637	71	708	0.00002
Anaerococcus sp. WGS1596	3366806	S	367	587	954	0.00003
Anaerococcus sp. WGS1529	3366812	S	291	442	733	0.00002
Anaerococcus prevotii	33034	S	1573	538	2111	0.00006
Anaerococcus nagyae	1755241	S	1281	64	1345	0.00004
Anaerococcus mediterraneensis	1870984	S	1066	689	1755	0.00005
Anaerococcus obesiensis	1287640	S	592	1045	1637	0.00005
Anaerococcus vaginalis	33037	S	522	984	1506	0.00004
Parvimonas micra	33033	S	4355	2525	6880	0.00019
Parvimonas sp. G1604	3388845	S	1583	602	2185	0.00006
Parvimonas parva	2769485	S	1414	564	1978	0.00006
Peptoniphilus equinus	3016343	S	2974	111	3085	0.00009
Peptoniphilus lacrimalis	33031	S	1653	1637	3290	0.00009
Peptoniphilus harei	54005	S	1282	746	2028	0.00006
Peptoniphilus genitalis	3036303	S	1085	912	1997	0.00006
Peptoniphilus asaccharolyticus	1258	S	13	0	13	0.00000
Helcococcus ovis	72026	S	3979	940	4919	0.00014
Helcococcus kunzii	40091	S	2764	465	3229	0.00009
Finegoldia magna	1260	S	5316	2170	7486	0.00021
Murdochiella vaginalis	1852373	S	3759	2673	6432	0.00018
Aedoeadaptatus ivorii	54006	S	3045	156	3201	0.00009
Microaceticoccus formicicus	3118105	S	2648	18	2666	0.00007
Miniphocaeibacter halophilus	2931922	S	2058	12	2070	0.00006
Tissierella sp. MB52-C2	3070999	S	3357	110	3467	0.00010
Tissierella sp. Yu-01	3035694	S	2717	83	2800	0.00008
Tissierella carlieri	689904	S	5014	161	5175	0.00015
Gudongella oleilytica	1582259	S	4335	181	4516	0.00013
Acidilutibacter cellobiosedens	2507161	S	6788	884	7672	0.00022
Schnuerera ultunensis	45497	S	2323	255	2578	0.00007
Keratinibaculum paraultunense	1278232	S	2048	256	2304	0.00006
Sporanaerobacter sp.	2010183	S	2915	353	3268	0.00009
Gottschalkia acidurici	1556	S	2766	47	2813	0.00008
Caloranaerobacter azorensis	116090	S	2536	84	2620	0.00007
Sedimentibacter sp. zth1	2816908	S	3799	17	3816	0.00011
Sedimentibacter sp. MB31-C6	3109366	S	3648	87	3735	0.00010
Sedimentibacter sp. MB35-C1	3070995	S	32	6282	6314	0.00018
Ezakiella coagulans	46507	S	1880	2328	4208	0.00012
Ezakiella massiliensis	1852374	S	1742	1053	2795	0.00008
Caldicellulosiruptor acetigenus	301953	S	1414	393	1807	0.00005
Caldicellulosiruptor morganii	1387555	S	1265	342	1607	0.00005
Caldicellulosiruptor owensensis	55205	S	1053	251	1304	0.00004
Caldicellulosiruptor naganoensis	29324	S	1047	388	1435	0.00004
Caldicellulosiruptor diazotrophicus	2806205	S	837	234	1071	0.00003
Caldicellulosiruptor obsidiansis	717609	S	829	193	1022	0.00003
Caldicellulosiruptor changbaiensis	1222016	S	634	789	1423	0.00004
Caldicellulosiruptor hydrothermalis	413888	S	619	370	989	0.00003
Caldicellulosiruptor kronotskyensis	413889	S	584	434	1018	0.00003
Caldicellulosiruptor saccharolyticus	44001	S	489	894	1383	0.00004
Caldicellulosiruptor bescii	31899	S	484	434	918	0.00003
Caldicellulosiruptor sp. DIB 104C	3019889	S	312	759	1071	0.00003
Anaerocellum danielii	1387557	S	1099	573	1672	0.00005
Geochorda subterranea	3109564	S	2513	45	2558	0.00007
Carboxydichorda subterranea	3109565	S	2124	83	2207	0.00006
Limnochorda pilosa	1555112	S	2408	5	2413	0.00007
Ndongobacter massiliensis	1871025	S	2469	1030	3499	0.00010
Candidatus Contubernalis alkaliaceticus	338645	S	1945	4	1949	0.00005
endosymbiont 'TC1' of Trimyema compressum	243899	S	1343	5	1348	0.00004
Streptomyces sp. T12	477697	S	64224	18019	82243	0.00231
Streptomyces sp. CA-111067	3240046	S	1951	273	2224	0.00006
Streptomyces sp. NBC_00247	2975689	S	1582	327	1909	0.00005
Streptomyces sp. Y1	3238634	S	1439	572	2011	0.00006
Streptomyces sp. NHF165	2175864	S	1370	125	1495	0.00004
Streptomyces sp. SCSIO ZS0520	2892996	S	1302	192	1494	0.00004
Streptomyces sp. HUAS TT20	3447509	S	1274	163	1437	0.00004
Streptomyces sp. NBC_01497	2903885	S	1224	109	1333	0.00004
Streptomyces sp. NBC_01198	2903769	S	1215	195	1410	0.00004
Streptomyces sp. SX92	3158972	S	1204	269	1473	0.00004
Streptomyces sp. BI20	3403460	S	1203	197	1400	0.00004
Streptomyces sp. NBC_00820	2975842	S	1189	237	1426	0.00004
Streptomyces sp. NBC_01190	2903767	S	1185	148	1333	0.00004
Streptomyces sp. SDT5-1	3406418	S	1184	178	1362	0.00004
Streptomyces sp. 891-h	2720714	S	1157	113	1270	0.00004
Streptomyces sp. HUAS TT3	3447510	S	1146	218	1364	0.00004
Streptomyces sp. A5-4	3384771	S	1139	159	1298	0.00004
Streptomyces sp. NBC_01476	2903881	S	1137	147	1284	0.00004
Streptomyces sp. NBC_01477	2976015	S	1132	165	1297	0.00004
Streptomyces sp. MST-110588	2833628	S	1121	160	1281	0.00004
Streptomyces sp. NA02950	2742137	S	1119	142	1261	0.00004
Streptomyces sp. P1-3	3421658	S	1109	245	1354	0.00004
Streptomyces sp. NBC_01485	2903884	S	1098	213	1311	0.00004
Streptomyces sp. NBC_01537	2903896	S	1079	202	1281	0.00004
Streptomyces sp. RTd22	1841249	S	1076	196	1272	0.00004
Streptomyces sp. NA04227	2742136	S	1075	147	1222	0.00003
Streptomyces sp. R39	3238631	S	1074	154	1228	0.00003
Streptomyces sp. YIM 121038	2136401	S	1068	170	1238	0.00003
Streptomyces sp. NBC_00690	2975808	S	1052	93	1145	0.00003
Streptomyces sp. Rer75	2750011	S	1049	209	1258	0.00004
Streptomyces sp. NBC_00425	2975740	S	1044	262	1306	0.00004
Streptomyces sp. SS7	3108485	S	1043	209	1252	0.00004
Streptomyces sp. NBC_01429	2903862	S	1035	173	1208	0.00003
Streptomyces sp. HUAS TT11	3447508	S	1034	87	1121	0.00003
Streptomyces sp. NBC_01431	2903863	S	1029	169	1198	0.00003
Streptomyces sp. LX-29	2900152	S	1029	181	1210	0.00003
Streptomyces sp. NL15-2K	376149	S	1027	136	1163	0.00003
Streptomyces sp. R33	3238629	S	1020	340	1360	0.00004
Streptomyces sp. WZ-12	3030210	S	1004	143	1147	0.00003
Streptomyces sp. Pv4-95	3049543	S	998	136	1134	0.00003
Streptomyces sp. cg35	3421650	S	994	156	1150	0.00003
Streptomyces sp. cg36	3238798	S	994	195	1189	0.00003
Streptomyces sp. NBC_01353	2903835	S	993	181	1174	0.00003
Streptomyces sp. C1-1	3231173	S	992	219	1211	0.00003
Streptomyces sp. NBC_01237	2903790	S	989	143	1132	0.00003
Streptomyces sp. ACT015	3134807	S	989	198	1187	0.00003
Streptomyces sp. NBC_01304	2903818	S	986	100	1086	0.00003
Streptomyces sp. cg28	3403457	S	982	186	1168	0.00003
Streptomyces sp. NBC_01092	2903748	S	981	163	1144	0.00003
Streptomyces sp. NBC_00234	2903638	S	973	183	1156	0.00003
Streptomyces sp. TLI_053	1855352	S	967	888	1855	0.00005
Streptomyces sp. NBC_00631	2975793	S	967	145	1112	0.00003
Streptomyces sp. NBC_01465	2903878	S	963	138	1101	0.00003
Streptomyces sp. 184	1827526	S	960	158	1118	0.00003
Streptomyces sp. WMMC500	3015154	S	946	139	1085	0.00003
Streptomyces sp. NBC_01754	2975930	S	945	148	1093	0.00003
Streptomyces sp. Li-HN-5-11	3075432	S	940	156	1096	0.00003
Streptomyces sp. NBC_00557	2975776	S	939	216	1155	0.00003
Streptomyces sp. NBC_01235	2903788	S	935	206	1141	0.00003
Streptomyces sp. Z423-1	2730915	S	930	168	1098	0.00003
Streptomyces sp. VNUA116	3062449	S	920	195	1115	0.00003
Streptomyces sp. NBC_00872	2903686	S	917	104	1021	0.00003
Streptomyces sp. NBC_01803	2975946	S	914	91	1005	0.00003
Streptomyces sp. FIT100	2837956	S	910	214	1124	0.00003
Streptomyces sp. MUM 178J	2791991	S	907	152	1059	0.00003
Streptomyces sp. RerS4	2942449	S	903	199	1102	0.00003
Streptomyces sp. NBC_00582	2975783	S	901	160	1061	0.00003
Streptomyces sp. NBC_01216	2903778	S	895	138	1033	0.00003
Streptomyces sp. NBC_01268	2903806	S	881	183	1064	0.00003
Streptomyces sp. GMY02	1333528	S	880	99	979	0.00003
Streptomyces sp. NBC_00239	2903640	S	872	183	1055	0.00003
Streptomyces sp. SYP-A7185	3040076	S	872	132	1004	0.00003
Streptomyces sp. NBC_00704	2975809	S	871	189	1060	0.00003
Streptomyces sp. NBC_00370	2975728	S	869	108	977	0.00003
Streptomyces sp. NBC_01498	2975870	S	869	145	1014	0.00003
Streptomyces sp. LE64	3448653	S	869	150	1019	0.00003
Streptomyces sp. FZ201	3057122	S	864	182	1046	0.00003
Streptomyces sp. BBFR2	3372854	S	863	183	1046	0.00003
Streptomyces sp. NBC_01478	2903882	S	863	186	1049	0.00003
Streptomyces sp. NBC_00670	2975804	S	857	182	1039	0.00003
Streptomyces sp. CA-294286	3240070	S	857	124	981	0.00003
Streptomyces sp. L7	3423954	S	850	2737	3587	0.00010
Streptomyces sp. XD-27	3062779	S	848	203	1051	0.00003
Streptomyces sp. GS7	2692234	S	846	142	988	0.00003
Streptomyces sp. CdTB01	1725411	S	844	169	1013	0.00003
Streptomyces sp. 11x1	3038642	S	841	175	1016	0.00003
Streptomyces sp. Go40/10	2825844	S	839	209	1048	0.00003
Streptomyces sp. NBC_00259	2903643	S	839	148	987	0.00003
Streptomyces sp. SAT1	1849967	S	837	168	1005	0.00003
Streptomyces sp. P3	2135430	S	835	165	1000	0.00003
Streptomyces sp. C8S0	2585716	S	835	151	986	0.00003
Streptomyces sp. NBC_00525	2903660	S	834	198	1032	0.00003
Streptomyces sp. ST1015	1848900	S	833	142	975	0.00003
Streptomyces sp. R21	3238627	S	832	155	987	0.00003
Streptomyces sp. SirexAA-E	862751	S	832	178	1010	0.00003
Streptomyces sp. NBC_00390	2975736	S	821	112	933	0.00003
Streptomyces sp. WAC 01529	2203205	S	820	168	988	0.00003
Streptomyces sp. JB150	2714844	S	819	175	994	0.00003
Streptomyces sp. CA-142005	3240052	S	814	169	983	0.00003
Streptomyces sp. NBC_01262	2903803	S	813	152	965	0.00003
Streptomyces sp. NBC_01390	2903850	S	803	133	936	0.00003
Streptomyces sp. HUAS TT7	3447507	S	801	188	989	0.00003
Streptomyces sp. NBC_01335	2903828	S	801	163	964	0.00003
Streptomyces sp. NBC_00090	2903619	S	799	197	996	0.00003
Streptomyces sp. JL2001	3342488	S	798	178	976	0.00003
Streptomyces sp. HNM1019	3424717	S	787	157	944	0.00003
Streptomyces sp. NBC_01012	2903717	S	783	133	916	0.00003
Streptomyces sp. NBC_01716	2975917	S	781	122	903	0.00003
Streptomyces sp. CB01881	2078691	S	779	288	1067	0.00003
Streptomyces sp. NBC_01298	2903817	S	769	193	962	0.00003
Streptomyces sp. NBC_01435	2903865	S	757	182	939	0.00003
Streptomyces sp. NBC_00075	2975641	S	755	144	899	0.00003
Streptomyces sp. NBC_01276	2903808	S	754	191	945	0.00003
Streptomyces sp. NBC_00286	2975701	S	749	81	830	0.00002
Streptomyces sp. NBC_01506	2903887	S	741	103	844	0.00002
Streptomyces sp. NBC_01451	2903872	S	740	122	862	0.00002
Streptomyces sp. SUK 48	2582831	S	740	244	984	0.00003
Streptomyces sp. NBC_00316	2975710	S	739	152	891	0.00003
Streptomyces sp. SCSIO 30461	3118085	S	736	97	833	0.00002
Streptomyces sp. SCSIO 75703	3112165	S	733	145	878	0.00002
Streptomyces sp. CG1	1287523	S	733	160	893	0.00003
Streptomyces sp. NBC_00076	2975642	S	732	119	851	0.00002
Streptomyces sp. NBC_00448	2903652	S	731	352	1083	0.00003
Streptomyces sp. NBC_01351	2903833	S	731	157	888	0.00002
Streptomyces sp. NBC_00442	2903651	S	730	158	888	0.00002
Streptomyces sp. NBC_00287	2975702	S	729	123	852	0.00002
Streptomyces sp. NBC_01343	2903832	S	729	204	933	0.00003
Streptomyces sp. NBC_00158	2903627	S	725	176	901	0.00003
Streptomyces sp. NBC_00019	2975623	S	723	137	860	0.00002
Streptomyces sp. Qhu-G9	3452799	S	720	99	819	0.00002
Streptomyces sp. NBC_01283	2903812	S	713	108	821	0.00002
Streptomyces sp. NBC_00829	2903679	S	711	98	809	0.00002
Streptomyces sp. MRC013	2898276	S	707	195	902	0.00003
Streptomyces sp. NBC_01622	2975903	S	706	140	846	0.00002
Streptomyces sp. NBC_00536	2975769	S	705	119	824	0.00002
Streptomyces sp. NBC_00513	2975763	S	704	186	890	0.00002
Streptomyces sp. HM190	2695266	S	702	137	839	0.00002
Streptomyces sp. NBC_00289	2975703	S	702	100	802	0.00002
Streptomyces sp. R-07	3404052	S	700	211	911	0.00003
Streptomyces sp. FXJ1.172	710705	S	695	139	834	0.00002
Streptomyces sp. CA-253872	3240067	S	692	2324	3016	0.00008
Streptomyces sp. R41	3238632	S	691	143	834	0.00002
Streptomyces sp. NBC_01244	2903797	S	691	186	877	0.00002
Streptomyces sp. NBC_00414	2975739	S	687	101	788	0.00002
Streptomyces sp. NBC_01089	2903747	S	686	117	803	0.00002
Streptomyces sp. WAC 01438	2203204	S	685	163	848	0.00002
Streptomyces sp. NBC_01233	2903787	S	681	250	931	0.00003
Streptomyces sp. Je 1-332	3231270	S	681	106	787	0.00002
Streptomyces sp. BR1	1592323	S	680	153	833	0.00002
Streptomyces sp. NBC_01006	2903716	S	678	203	881	0.00002
Streptomyces sp. NBC_01471	2903879	S	674	116	790	0.00002
Streptomyces sp. NBC_01525	2903893	S	674	115	789	0.00002
Streptomyces sp. BBFR102	3448171	S	671	224	895	0.00003
Streptomyces sp. QHH-9511	2684468	S	669	116	785	0.00002
Streptomyces sp. NBC_01166	2903755	S	666	124	790	0.00002
Streptomyces sp. Je 1-369	2966192	S	665	153	818	0.00002
Streptomyces sp. Qhu_M48	3435889	S	664	163	827	0.00002
Streptomyces sp. QH1-20	3240934	S	663	147	810	0.00002
Streptomyces sp. NEAU-sy36	2751189	S	657	220	877	0.00002
Streptomyces sp. NBC_00483	2975756	S	656	290	946	0.00003
Streptomyces sp. NBC_00637	2903667	S	656	133	789	0.00002
Streptomyces sp. Inha503	3383314	S	653	214	867	0.00002
Streptomyces sp. NBC_01538	2903897	S	651	130	781	0.00002
Streptomyces sp. W1SF4	2305220	S	644	169	813	0.00002
Streptomyces sp. NBC_00285	2975700	S	643	98	741	0.00002
Streptomyces sp. C11-1	3444503	S	640	174	814	0.00002
Streptomyces sp. 3214.6	1882757	S	640	137	777	0.00002
Streptomyces sp. HSG2	2797167	S	639	75	714	0.00002
Streptomyces sp. fd1-xmd	1812480	S	639	231	870	0.00002
Streptomyces sp. NBC_00663	2975801	S	636	141	777	0.00002
Streptomyces sp. cg40	3419764	S	635	131	766	0.00002
Streptomyces sp. PCS3-D2	1460244	S	631	147	778	0.00002
Streptomyces sp. NBC_01788	2975940	S	630	109	739	0.00002
Streptomyces sp. NBC_00335	2975714	S	627	200	827	0.00002
Streptomyces sp. A2-16	2781734	S	623	139	762	0.00002
Streptomyces sp. NBC_00996	2903710	S	620	102	722	0.00002
Streptomyces sp. NBC_01317	2903822	S	611	100	711	0.00002
Streptomyces sp. NBC_00588	2975784	S	611	121	732	0.00002
Streptomyces sp. ITFR-16	3075198	S	610	153	763	0.00002
Streptomyces sp. NBC_01171	2903757	S	610	192	802	0.00002
Streptomyces sp. NBC_00503	2903659	S	608	219	827	0.00002
Streptomyces sp. BBFR25	3372855	S	608	223	831	0.00002
Streptomyces sp. NBC_01518	2903891	S	605	275	880	0.00002
Streptomyces sp. NBC_01439	2903867	S	604	225	829	0.00002
Streptomyces sp. NBC_00344	2975720	S	602	72	674	0.00002
Streptomyces sp. 71268	3002640	S	600	152	752	0.00002
Streptomyces sp. NBC_00212	2975684	S	599	144	743	0.00002
Streptomyces sp. NBC_00576	2903665	S	599	96	695	0.00002
Streptomyces sp. GD-15H	3129112	S	596	93	689	0.00002
Streptomyces sp. AHU1	3377215	S	595	109	704	0.00002
Streptomyces sp. NBC_01176	2903760	S	594	144	738	0.00002
Streptomyces sp. NBC_01210	2903774	S	592	91	683	0.00002
Streptomyces sp. 2-1	412710	S	592	222	814	0.00002
Streptomyces sp. CY1	3388313	S	588	199	787	0.00002
Streptomyces sp. E-08	3404047	S	588	171	759	0.00002
Streptomyces sp. BBFR51	3372856	S	587	144	731	0.00002
Streptomyces sp. NBC_01426	2975866	S	579	182	761	0.00002
Streptomyces sp. AM 4-1-1	3028710	S	578	86	664	0.00002
Streptomyces sp. NBC_01217	2903779	S	569	126	695	0.00002
Streptomyces sp. NBC_00838	2903680	S	566	125	691	0.00002
Streptomyces sp. NBC_01178	2903762	S	565	175	740	0.00002
Streptomyces sp. CMB-StM0423	2059884	S	565	169	734	0.00002
Streptomyces sp. NBC_01314	2903821	S	563	111	674	0.00002
Streptomyces sp. DSM 40750	2801030	S	562	105	667	0.00002
Streptomyces sp. VNUA24	3031131	S	560	204	764	0.00002
Streptomyces sp. NBC_00887	2975859	S	560	122	682	0.00002
Streptomyces sp. NBC_00984	2903700	S	558	181	739	0.00002
Streptomyces sp. NBC_00669	2976011	S	557	279	836	0.00002
Streptomyces sp. Caat 7-52	2949637	S	553	107	660	0.00002
Streptomyces sp. NBC_00859	2903682	S	549	79	628	0.00002
Streptomyces sp. NBC_00178	2975672	S	547	116	663	0.00002
Streptomyces sp. NBC_00645	2975795	S	546	164	710	0.00002
Streptomyces sp. TG1A-60	3129111	S	539	100	639	0.00002
Streptomyces sp. NBC_00691	2903671	S	536	149	685	0.00002
Streptomyces sp. NBC_00876	2975853	S	536	131	667	0.00002
Streptomyces sp. NBC_00250	2903641	S	535	154	689	0.00002
Streptomyces sp. CGMCC 4.7035	3061628	S	535	106	641	0.00002
Streptomyces sp. CG4	408783	S	535	128	663	0.00002
Streptomyces sp. FXY-T5	3064901	S	534	172	706	0.00002
Streptomyces sp. NBC_01310	2903820	S	532	307	839	0.00002
Streptomyces sp. NBC_01723	2975921	S	529	137	666	0.00002
Streptomyces sp. NBC_00723	2903673	S	519	416	935	0.00003
Streptomyces sp. Tu 2975	2676871	S	518	104	622	0.00002
Streptomyces sp. NBC_00400	2975737	S	515	127	642	0.00002
Streptomyces sp. R44	3238633	S	513	159	672	0.00002
Streptomyces sp. NBC_00490	2903657	S	511	103	614	0.00002
Streptomyces sp. KMM 9044	2744474	S	509	80	589	0.00002
Streptomyces sp. NBC_00258	2903642	S	507	128	635	0.00002
Streptomyces sp. 2323.1	1938841	S	506	198	704	0.00002
Streptomyces sp. NBC_00388	2975735	S	505	86	591	0.00002
Streptomyces sp. NBC_00435	2903649	S	505	136	641	0.00002
Streptomyces sp. NBC_00280	2975699	S	505	163	668	0.00002
Streptomyces sp. NBC_00988	2903704	S	504	184	688	0.00002
Streptomyces sp. NBC_01013	2903718	S	501	110	611	0.00002
Streptomyces sp. TN58	234612	S	500	147	647	0.00002
Streptomyces sp. S186	3434395	S	490	114	604	0.00002
Streptomyces sp. NBC_00523	2975765	S	490	231	721	0.00002
Streptomyces sp. NBC_01255	2903798	S	489	125	614	0.00002
Streptomyces sp. NBC_00841	2975847	S	481	217	698	0.00002
Streptomyces sp. AMCC400023	2056258	S	481	256	737	0.00002
Streptomyces sp. 11-1-2	1851167	S	481	201	682	0.00002
Streptomyces sp. NBC_00299	2975705	S	478	194	672	0.00002
Streptomyces sp. BPTC-684	3043734	S	477	193	670	0.00002
Streptomyces sp. WAC 06738	2203210	S	477	256	733	0.00002
Streptomyces sp. NBC_00376	2975730	S	476	133	609	0.00002
Streptomyces sp. NBC_01022	2903723	S	475	278	753	0.00002
Streptomyces sp. NBC_00322	2975712	S	475	164	639	0.00002
Streptomyces sp. NBC_01591	2975888	S	472	149	621	0.00002
Streptomyces sp. CA-146814	3240053	S	471	200	671	0.00002
Streptomyces sp. NBC_01077	2903746	S	468	120	588	0.00002
Streptomyces sp. BB1-1-1	3074430	S	468	121	589	0.00002
Streptomyces sp. RK9	3239284	S	463	197	660	0.00002
Streptomyces sp. NBC_00454	2975747	S	462	194	656	0.00002
Streptomyces sp. NBC_00683	2903670	S	458	109	567	0.00002
Streptomyces sp. NBC_01618	2975900	S	453	157	610	0.00002
Streptomyces sp. NBC_00727	2903675	S	451	174	625	0.00002
Streptomyces sp. NBC_00096	2975650	S	449	151	600	0.00002
Streptomyces sp. YPW6	2840373	S	446	151	597	0.00002
Streptomyces sp. GQFP	2907545	S	446	93	539	0.00002
Streptomyces sp. NBC_00028	2975624	S	444	98	542	0.00002
Streptomyces sp. f51	1827742	S	444	94	538	0.00002
Streptomyces sp. MMBL 11-1	3026420	S	437	153	590	0.00002
Streptomyces sp. NBC_01808	2975947	S	425	159	584	0.00002
Streptomyces sp. NBC_00443	2975743	S	425	122	547	0.00002
Streptomyces sp. DG1A-41	3125779	S	422	131	553	0.00002
Streptomyces sp. NBC_00015	2903611	S	420	253	673	0.00002
Streptomyces sp. CA-210063	2801029	S	417	90	507	0.00001
Streptomyces sp. S465	2979468	S	415	303	718	0.00002
Streptomyces sp. M92	2944250	S	414	116	530	0.00001
Streptomyces sp. NBC_00647	2975796	S	413	111	524	0.00001
Streptomyces sp. R08	3238624	S	410	371	781	0.00002
Streptomyces sp. P9-2	3423201	S	408	247	655	0.00002
Streptomyces sp. R11	3238625	S	402	126	528	0.00001
Streptomyces sp. NBC_00354	2975723	S	401	229	630	0.00002
Streptomyces sp. HP-A2021	2927875	S	398	143	541	0.00002
Streptomyces sp. NBC_01003	2903714	S	398	205	603	0.00002
Streptomyces sp. R28	3238628	S	396	96	492	0.00001
Streptomyces sp. 147326	3074379	S	395	172	567	0.00002
Streptomyces sp. LRE541	2931983	S	393	172	565	0.00002
Streptomyces sp. NBC_00203	2975680	S	393	242	635	0.00002
Streptomyces sp. NBC_00005	2903609	S	388	974	1362	0.00004
Streptomyces sp. NBC_00467	2975752	S	386	173	559	0.00002
Streptomyces sp. NBC_00385	2975733	S	385	167	552	0.00002
Streptomyces sp. NBC_01378	2903844	S	384	191	575	0.00002
Streptomyces sp. CB09001	2083284	S	380	171	551	0.00002
Streptomyces sp. NBC_01341	2903831	S	378	74	452	0.00001
Streptomyces sp. NBC_01361	2903838	S	378	269	647	0.00002
Streptomyces sp. NBC_01320	2903824	S	378	136	514	0.00001
Streptomyces sp. NBC_01445	2903869	S	373	239	612	0.00002
Streptomyces sp. NBC_00989	2903705	S	372	104	476	0.00001
Streptomyces sp. R35	3238630	S	370	333	703	0.00002
Streptomyces sp. Go-475	2072505	S	368	137	505	0.00001
Streptomyces sp. N50	3081765	S	368	142	510	0.00001
Streptomyces sp. ITFR-6	3075197	S	366	126	492	0.00001
Streptomyces sp. NBC_00696	2903672	S	359	301	660	0.00002
Streptomyces sp. AM 3-1-1	3028711	S	350	340	690	0.00002
Streptomyces sp. NBC_00080	2975645	S	347	218	565	0.00002
Streptomyces sp. NBC_01334	2903827	S	346	171	517	0.00001
Streptomyces sp. NBC_00986	2903702	S	341	123	464	0.00001
Streptomyces sp. CL7	3096006	S	341	309	650	0.00002
Streptomyces sp. 3211	1964449	S	339	248	587	0.00002
Streptomyces sp. G9	1684483	S	338	340	678	0.00002
Streptomyces sp. KL2	3050126	S	337	155	492	0.00001
Streptomyces sp. NBC_01546	2975872	S	337	392	729	0.00002
Streptomyces sp. NBC_00846	2975849	S	336	185	521	0.00001
Streptomyces sp. NBC_01450	2903871	S	334	179	513	0.00001
Streptomyces sp. CNQ-509	444103	S	333	169	502	0.00001
Streptomyces sp. Sge12	1972846	S	332	315	647	0.00002
Streptomyces sp. NBC_00726	2903674	S	332	136	468	0.00001
Streptomyces sp. NBC_00057	2975634	S	326	127	453	0.00001
Streptomyces sp. NBC_00236	2903639	S	322	111	433	0.00001
Streptomyces sp. XC 2026	2782004	S	322	293	615	0.00002
Streptomyces sp. NBC_00459	2975749	S	320	109	429	0.00001
Streptomyces sp. NBC_00445	2975745	S	319	640	959	0.00003
Streptomyces sp. JH002	2763259	S	318	246	564	0.00002
Streptomyces sp. YH02	3256999	S	317	168	485	0.00001
Streptomyces sp. BBFR109	3448172	S	314	449	763	0.00002
Streptomyces sp. SM18	1736046	S	311	238	549	0.00002
Streptomyces sp. DSM 40868	2721173	S	305	371	676	0.00002
Streptomyces sp. NBC_00306	2975708	S	303	588	891	0.00003
Streptomyces sp. DSM 41931	3418367	S	299	286	585	0.00002
Streptomyces sp. NBC_01116	2903752	S	299	143	442	0.00001
Streptomyces sp. S063	2005885	S	297	160	457	0.00001
Streptomyces sp. SJL17-4	2967224	S	296	156	452	0.00001
Streptomyces sp. HUAS 31	3020055	S	296	184	480	0.00001
Streptomyces sp. NBC_01515	2903890	S	287	149	436	0.00001
Streptomyces sp. NBC_01224	2903783	S	287	99	386	0.00001
Streptomyces sp. R-74717	2969820	S	286	126	412	0.00001
Streptomyces sp. NBC_00191	2975674	S	286	142	428	0.00001
Streptomyces sp. ADI95-16	1522758	S	281	171	452	0.00001
Streptomyces sp. NBC_00659	2903669	S	280	167	447	0.00001
Streptomyces sp. NBC_00353	2975722	S	278	270	548	0.00002
Streptomyces sp. NBC_01483	2903883	S	277	184	461	0.00001
Streptomyces sp. NBC_00151	2975669	S	269	174	443	0.00001
Streptomyces sp. NBC_01717	2975918	S	265	141	406	0.00001
Streptomyces sp. NBC_00016	2975622	S	263	249	512	0.00001
Streptomyces sp. NBC_00648	2975797	S	263	307	570	0.00002
Streptomyces sp. NBC_01288	2903814	S	263	110	373	0.00001
Streptomyces sp. NBC_00009	2975620	S	259	138	397	0.00001
Streptomyces sp. NBC_00464	2975751	S	256	177	433	0.00001
Streptomyces sp. NBC_01340	2903830	S	252	204	456	0.00001
Streptomyces sp. VN1	1821625	S	249	276	525	0.00001
Streptomyces sp. SH5	3041765	S	248	142	390	0.00001
Streptomyces sp. Tue 6075	1661694	S	246	212	458	0.00001
Streptomyces sp. NBC_01613	2975896	S	245	586	831	0.00002
Streptomyces sp. NBC_00386	2975734	S	244	162	406	0.00001
Streptomyces sp. NBC_00728	2903676	S	244	696	940	0.00003
Streptomyces sp. 1268	3231942	S	242	266	508	0.00001
Streptomyces sp. CB00271	2750025	S	240	289	529	0.00001
Streptomyces sp. CFMR 7	1649184	S	240	365	605	0.00002
Streptomyces sp. NBC_01167	2903756	S	240	349	589	0.00002
Streptomyces sp. PBH53	1577075	S	234	213	447	0.00001
Streptomyces sp. NEAU-S7GS2	2202000	S	233	307	540	0.00002
Streptomyces sp. MBT27	1488356	S	230	383	613	0.00002
Streptomyces sp. NBC_00162	2903629	S	229	260	489	0.00001
Streptomyces sp. NBC_01604	2975894	S	225	489	714	0.00002
Streptomyces sp. NBC_01294	2903815	S	223	141	364	0.00001
Streptomyces sp. NBC_00441	2975742	S	221	398	619	0.00002
Streptomyces sp. WA6-1-16	2879427	S	221	285	506	0.00001
Streptomyces sp. NBC_00243	2975688	S	217	431	648	0.00002
Streptomyces sp. NBC_00328	2903646	S	216	137	353	0.00001
Streptomyces sp. NBC_01207	2903772	S	215	541	756	0.00002
Streptomyces sp. HNA39	2850561	S	209	314	523	0.00001
Streptomyces sp. NBUA17	3062275	S	208	207	415	0.00001
Streptomyces sp. NBC_00334	2975713	S	207	724	931	0.00003
Streptomyces sp. H49	3444117	S	206	409	615	0.00002
Streptomyces sp. S8	1837283	S	206	125	331	0.00001
Streptomyces sp. NBC_01352	2903834	S	206	456	662	0.00002
Streptomyces sp. NBC_01800	2975945	S	205	220	425	0.00001
Streptomyces sp. NBC_01530	2903895	S	204	567	771	0.00002
Streptomyces sp. NBC_01438	2903866	S	191	153	344	0.00001
Streptomyces sp. NBC_01410	2903856	S	191	94	285	0.00001
Streptomyces sp. NBC_01420	2903858	S	182	580	762	0.00002
Streptomyces sp. S399	3096009	S	178	1388	1566	0.00004
Streptomyces sp. JL1001	3078227	S	174	225	399	0.00001
Streptomyces sp. YS-B37	3407669	S	171	385	556	0.00002
Streptomyces sp. WAC00288	2094021	S	170	562	732	0.00002
Streptomyces sp. NBC_00209	2975682	S	165	354	519	0.00001
Streptomyces sp. CGMCC 4.1772	3111774	S	165	122	287	0.00001
Streptomyces sp. NBC_00457	2975748	S	164	343	507	0.00001
Streptomyces sp. 769	1262452	S	163	346	509	0.00001
Streptomyces sp. NBC_00114	2975656	S	162	472	634	0.00002
Streptomyces sp. NBC_00885	2975857	S	162	195	357	0.00001
Streptomyces sp. NA02536	2742133	S	160	305	465	0.00001
Streptomyces sp. CGMCC 4.1456	3074897	S	160	335	495	0.00001
Streptomyces sp. NBC_01236	2903789	S	157	262	419	0.00001
Streptomyces sp. cg2	3238799	S	156	419	575	0.00002
Streptomyces sp. HU2014	2939414	S	156	408	564	0.00002
Streptomyces sp. MOE7	1961713	S	151	219	370	0.00001
Streptomyces sp. SCPE 10	3449273	S	151	319	470	0.00001
Streptomyces sp. NA13	2996051	S	150	901	1051	0.00003
Streptomyces sp. NBC_00879	2975855	S	150	187	337	0.00001
Streptomyces sp. NBC_01725	2975923	S	147	156	303	0.00001
Streptomyces sp. NBC_01794	2975942	S	147	764	911	0.00003
Streptomyces sp. NBC_00658	2975800	S	147	302	449	0.00001
Streptomyces sp. HF10	2692233	S	145	409	554	0.00002
Streptomyces sp. JL4002	3404781	S	144	500	644	0.00002
Streptomyces sp. BRB040	3142634	S	142	250	392	0.00001
Streptomyces sp. NBC_01218	2903780	S	140	490	630	0.00002
Streptomyces sp. NBC_00828	2903678	S	139	489	628	0.00002
Streptomyces sp. KN37	3090667	S	137	595	732	0.00002
Streptomyces sp. NBC_01455	2903874	S	137	351	488	0.00001
Streptomyces sp. S4.7	2705439	S	136	135	271	0.00001
Streptomyces sp. NBC_00873	2975852	S	134	1499	1633	0.00005
Streptomyces sp. BPPL-273	2987533	S	129	509	638	0.00002
Streptomyces sp. BBFR115	3448173	S	129	193	322	0.00001
Streptomyces sp. VB1	2986803	S	126	314	440	0.00001
Streptomyces sp. NBC_01520	2903892	S	125	645	770	0.00002
Streptomyces sp. NBC_00304	2975706	S	124	360	484	0.00001
Streptomyces sp. ARC14	2724152	S	123	233	356	0.00001
Streptomyces sp. NBC_01220	2903781	S	122	430	552	0.00002
Streptomyces sp. AM8-1-1	3075825	S	122	237	359	0.00001
Streptomyces sp. CA-251247	3240062	S	121	177	298	0.00001
Streptomyces sp. V17-9	2831149	S	121	436	557	0.00002
Streptomyces sp. NBC_01527	2903894	S	120	682	802	0.00002
Streptomyces sp. R02	3238623	S	117	577	694	0.00002
Streptomyces sp. NBC_00564	2903663	S	117	261	378	0.00001
Streptomyces sp. NBC_01750	2975928	S	117	691	808	0.00002
Streptomyces sp. SudanB25_2051	3035275	S	117	401	518	0.00001
Streptomyces sp. NBC_00444	2975744	S	115	301	416	0.00001
Streptomyces sp. NBU3104	2911367	S	115	649	764	0.00002
Streptomyces sp. So13.3	2136173	S	114	610	724	0.00002
Streptomyces sp. M2	646637	S	113	403	516	0.00001
Streptomyces sp. NBC_01356	2903836	S	113	137	250	0.00001
Streptomyces sp. EMB24	2835531	S	112	133	245	0.00001
Streptomyces sp. NBC_01261	2903802	S	110	252	362	0.00001
Streptomyces sp. NBC_00358	2975725	S	109	352	461	0.00001
Streptomyces sp. NBC_00161	2975671	S	108	278	386	0.00001
Streptomyces sp. NA03103	2742134	S	108	648	756	0.00002
Streptomyces sp. NBC_01185	2903764	S	107	188	295	0.00001
Streptomyces sp. NBC_01102	2903749	S	106	461	567	0.00002
Streptomyces sp. NBC_01615	2975898	S	106	172	278	0.00001
Streptomyces sp. NBC_01707	2975914	S	105	112	217	0.00001
Streptomyces sp. NBC_00715	2975811	S	105	358	463	0.00001
Streptomyces sp. NBC_00029	2903613	S	104	309	413	0.00001
Streptomyces sp. NBC_00827	2903677	S	103	429	532	0.00001
Streptomyces sp. CLI2509	1984801	S	99	253	352	0.00001
Streptomyces sp. NBC_01462	2903876	S	99	219	318	0.00001
Streptomyces sp. NBC_01508	2903888	S	99	398	497	0.00001
Streptomyces sp. NBC_00356	2975724	S	97	167	264	0.00001
Streptomyces sp. NBC_00271	2975697	S	96	494	590	0.00002
Streptomyces sp. NBC_01558	2975878	S	95	362	457	0.00001
Streptomyces sp. NBC_01614	2975897	S	95	266	361	0.00001
Streptomyces sp. NBC_01762	2975933	S	94	2239	2333	0.00007
Streptomyces sp. VNUA74	3062685	S	93	448	541	0.00002
Streptomyces sp. NBC_01428	2903861	S	92	261	353	0.00001
Streptomyces sp. NBC_00963	2903697	S	92	230	322	0.00001
Streptomyces sp. 135	2838850	S	92	475	567	0.00002
Streptomyces sp. NBC_01601	2975892	S	89	189	278	0.00001
Streptomyces sp. DSS69	3113369	S	89	261	350	0.00001
Streptomyces sp. NBC_01336	2903829	S	88	481	569	0.00002
Streptomyces sp. JUS-F4	2951988	S	88	261	349	0.00001
Streptomyces sp. NBC_00079	2975644	S	86	1718	1804	0.00005
Streptomyces sp. CB09030	2913412	S	85	302	387	0.00001
Streptomyces sp. 2P-4	2931974	S	85	318	403	0.00001
Streptomyces sp. NBC_01296	2903816	S	85	393	478	0.00001
Streptomyces sp. NBC_00569	2975780	S	85	873	958	0.00003
Streptomyces sp. P13-3-3	3423222	S	84	918	1002	0.00003
Streptomyces sp. NBC_01766	2975936	S	84	534	618	0.00002
Streptomyces sp. F41	1795888	S	83	176	259	0.00001
Streptomyces sp. CA-141956	3240051	S	83	1	84	0.00000
Streptomyces sp. NBC_00481	2975755	S	82	673	755	0.00002
Streptomyces sp. NBC_01460	2903875	S	80	468	548	0.00002
Streptomyces sp. NBC_01768	2975938	S	80	792	872	0.00002
Streptomyces sp. PAMC 26508	1265601	S	79	1146	1225	0.00003
Streptomyces sp. SCUT-3	2684469	S	79	256	335	0.00001
Streptomyces sp. NBC_01260	2903801	S	78	420	498	0.00001
Streptomyces sp. NBC_00554	2903661	S	77	189	266	0.00001
Streptomyces sp. NBC_00035	2903614	S	77	160	237	0.00001
Streptomyces sp. WP-1	3041497	S	77	256	333	0.00001
Streptomyces sp. S584	3096010	S	77	116	193	0.00001
Streptomyces sp. SYP-A7193	2662065	S	76	269	345	0.00001
Streptomyces sp. JL7001	3445784	S	76	442	518	0.00001
Streptomyces sp. NBC_01727	2975924	S	75	262	337	0.00001
Streptomyces sp. NBC_01174	2903758	S	74	348	422	0.00001
Streptomyces sp. GF20	2692235	S	73	397	470	0.00001
Streptomyces sp. AgN23	1188315	S	73	415	488	0.00001
Streptomyces sp. NBC_01104	2903750	S	73	198	271	0.00001
Streptomyces sp. CB04723	2748873	S	72	238	310	0.00001
Streptomyces sp. CCM_MD2014	1561022	S	70	255	325	0.00001
Streptomyces sp. NBC_01017	2903721	S	69	194	263	0.00001
Streptomyces sp. NBC_01724	2975922	S	69	328	397	0.00001
Streptomyces sp. NBC_01257	2903799	S	69	181	250	0.00001
Streptomyces sp. P11-1	3423221	S	69	153	222	0.00001
Streptomyces sp. NBC_01232	2903786	S	68	193	261	0.00001
Streptomyces sp. P9-2B-2	3057114	S	67	311	378	0.00001
Streptomyces sp. S1A1-7	2594459	S	67	488	555	0.00002
Streptomyces sp. RLB1-9	2594454	S	66	2168	2234	0.00006
Streptomyces sp. WL006	3423915	S	65	285	350	0.00001
Streptomyces sp. NBC_01511	2903889	S	65	263	328	0.00001
Streptomyces sp. KPB2	2305221	S	65	523	588	0.00002
Streptomyces sp. NBC_01387	2903849	S	65	531	596	0.00002
Streptomyces sp. NBC_01635	2975904	S	64	200	264	0.00001
Streptomyces sp. Tu6071	355249	S	64	151	215	0.00001
Streptomyces sp. RPA4-5	2721245	S	64	293	357	0.00001
Streptomyces sp. NBC_00069	2975639	S	63	497	560	0.00002
Streptomyces sp. F12	1436084	S	63	21	84	0.00000
Streptomyces sp. AM2-3-1	3075824	S	62	646	708	0.00002
Streptomyces sp. NBC_00853	2903681	S	62	269	331	0.00001
Streptomyces sp. NBC_01278	2903809	S	61	648	709	0.00002
Streptomyces sp. NBC_00101	2975651	S	61	232	293	0.00001
Streptomyces sp. NBC_00341	2975717	S	61	182	243	0.00001
Streptomyces sp. INR7	2607753	S	60	519	579	0.00002
Streptomyces sp. WY228	2855836	S	59	172	231	0.00001
Streptomyces sp. NBC_01281	2903811	S	59	160	219	0.00001
Streptomyces sp. NBC_00343	2975719	S	58	151	209	0.00001
Streptomyces sp. BHT-5-2	2866715	S	57	137	194	0.00001
Streptomyces sp. NBC_00273	2903644	S	57	361	418	0.00001
Streptomyces sp. NBC_00342	2975718	S	57	275	332	0.00001
Streptomyces sp. HUAS CX7	3062782	S	56	464	520	0.00001
Streptomyces sp. AM 2-1-1	3028709	S	56	157	213	0.00001
Streptomyces sp. NBC_01732	2975926	S	55	1209	1264	0.00004
Streptomyces sp. NBC_01550	2975875	S	55	170	225	0.00001
Streptomyces sp. NBC_00539	2975770	S	53	676	729	0.00002
Streptomyces sp. IPPR8	3417301	S	52	391	443	0.00001
Streptomyces sp. NBC_01014	2903719	S	51	430	481	0.00001
Streptomyces sp. NBC_00118	2975658	S	51	2414	2465	0.00007
Streptomyces sp. GDS52	3406419	S	51	178	229	0.00001
Streptomyces sp. SGAir0924	2109593	S	50	448	498	0.00001
Streptomyces sp. ID38640	1265399	S	50	159	209	0.00001
Streptomyces sp. NBC_01324	2903826	S	50	276	326	0.00001
Streptomyces sp. NBC_00252	2975691	S	49	123	172	0.00000
Streptomyces sp. NBC_00566	2975778	S	47	150	197	0.00001
Streptomyces sp. NBC_01267	2903805	S	47	379	426	0.00001
Streptomyces sp. NBC_01136	2903754	S	47	527	574	0.00002
Streptomyces sp. NBC_00133	2903624	S	46	373	419	0.00001
Streptomyces sp. NBC_01362	2903839	S	46	293	339	0.00001
Streptomyces sp. NBC_01197	2903768	S	46	341	387	0.00001
Streptomyces sp. CA-278952	2980556	S	46	141	187	0.00001
Streptomyces sp. A144	2871487	S	44	308	352	0.00001
Streptomyces sp. NBC_00562	2975777	S	44	785	829	0.00002
Streptomyces sp. NBC_00391	2903647	S	43	341	384	0.00001
Streptomyces sp. EAS-AB2608	2779671	S	43	422	465	0.00001
Streptomyces sp. NBC_01578	2975884	S	43	649	692	0.00002
Streptomyces sp. NBC_01358	2903837	S	42	181	223	0.00001
Streptomyces sp. A1-5	2738410	S	42	159	201	0.00001
Streptomyces sp. R17	3238626	S	42	330	372	0.00001
Streptomyces sp. NBC_01620	2975902	S	41	517	558	0.00002
Streptomyces sp. SudanB91_2054	3035278	S	41	184	225	0.00001
Streptomyces sp. NBC_01643	2975906	S	40	175	215	0.00001
Streptomyces sp. NBC_01238	2903791	S	40	599	639	0.00002
Streptomyces sp. S1D4-20	2594462	S	40	727	767	0.00002
Streptomyces sp. NBC_01243	2903796	S	40	662	702	0.00002
Streptomyces sp. NBC_00207	2903635	S	39	197	236	0.00001
Streptomyces sp. NBC_00440	2975741	S	39	398	437	0.00001
Streptomyces sp. NBC_01423	2903860	S	39	148	187	0.00001
Streptomyces sp. NBC_01594	2975890	S	39	460	499	0.00001
Streptomyces sp. NBC_01693	2975912	S	39	409	448	0.00001
Streptomyces sp. SudanB5_2050	3035274	S	38	132	170	0.00000
Streptomyces sp. NBC_00197	2975676	S	38	172	210	0.00001
Streptomyces sp. R527F	1664033	S	37	381	418	0.00001
Streptomyces sp. NBC_00104	2903621	S	37	523	560	0.00002
Streptomyces sp. NBC_01795	2975943	S	37	605	642	0.00002
Streptomyces sp. NBC_00656	2903668	S	36	172	208	0.00001
Streptomyces sp. NBC_00932	2903690	S	36	432	468	0.00001
Streptomyces sp. NBC_00105	2903622	S	36	181	217	0.00001
Streptomyces sp. FW42	3395371	S	35	213	248	0.00001
Streptomyces sp. B21-104	3039421	S	35	360	395	0.00001
Streptomyces sp. NBC_01617	2975899	S	35	501	536	0.00002
Streptomyces sp. PVA_94-07	1225337	S	33	364	397	0.00001
Streptomyces sp. NBC_01602	2975893	S	33	215	248	0.00001
Streptomyces sp. NBC_01411	2903857	S	33	353	386	0.00001
Streptomyces sp. NBC_01590	2975887	S	33	508	541	0.00002
Streptomyces sp. CMC78	3231512	S	33	280	313	0.00001
Streptomyces sp. NBC_00649	2975798	S	33	374	407	0.00001
Streptomyces sp. NBC_00882	2975856	S	33	281	314	0.00001
Streptomyces sp. FR1	349971	S	33	14	47	0.00000
Streptomyces sp. NBC_00144	2975665	S	33	305	338	0.00001
Streptomyces sp. SS52	2563602	S	32	203	235	0.00001
Streptomyces sp. NBC_01205	2903771	S	30	415	445	0.00001
Streptomyces sp. DSM 41987	3418993	S	29	236	265	0.00001
Streptomyces sp. CA-256286	2801033	S	29	174	203	0.00001
Streptomyces sp. NBC_00842	2975848	S	28	341	369	0.00001
Streptomyces sp. NBC_01562	2975879	S	28	22	50	0.00000
Streptomyces sp. G7(2002)	2971798	S	27	116	143	0.00000
Streptomyces sp. P9-1	3422589	S	27	254	281	0.00001
Streptomyces sp. NBC_01241	2903794	S	26	331	357	0.00001
Streptomyces sp. NBC_01180	2903763	S	26	209	235	0.00001
Streptomyces sp. 2114.2	1881022	S	26	363	389	0.00001
Streptomyces sp. P6-2-1	3422591	S	26	90	116	0.00000
Streptomyces sp. NBC_01383	2903846	S	26	143	169	0.00000
Streptomyces sp. NBC_00624	2975791	S	25	167	192	0.00001
Streptomyces sp. NBC_00987	2903703	S	25	516	541	0.00002
Streptomyces sp. NBC_01212	2903775	S	25	596	621	0.00002
Streptomyces sp. SudanB135_2055	3035279	S	24	153	177	0.00000
Streptomyces sp. NBC_01384	2903847	S	24	244	268	0.00001
Streptomyces sp. NBC_01386	2903848	S	24	523	547	0.00002
Streptomyces sp. SAI-25	1472664	S	24	194	218	0.00001
Streptomyces sp. NBC_00024	2903612	S	23	212	235	0.00001
Streptomyces sp. RPA4-2	2721244	S	23	93	116	0.00000
Streptomyces sp. NBC_00210	2903636	S	23	209	232	0.00001
Streptomyces sp. P8-A8	3029759	S	23	295	318	0.00001
Streptomyces sp. WAC07094	3072183	S	22	0	22	0.00000
Streptomyces sp. BSE6.1	2605730	S	22	197	219	0.00001
Streptomyces sp. ARC12	2724151	S	22	114	136	0.00000
Streptomyces sp. NBC_00045	2975625	S	22	481	503	0.00001
Streptomyces sp. NBC_00470	2975753	S	22	279	301	0.00001
Streptomyces sp. NBC_00269	2975696	S	22	452	474	0.00001
Streptomyces sp. NBC_00012	2975621	S	22	417	439	0.00001
Streptomyces sp. NBC_01367	2903841	S	22	148	170	0.00000
Streptomyces sp. RLB3-6	2594457	S	21	610	631	0.00002
Streptomyces sp. NBC_01124	2903753	S	21	132	153	0.00000
Streptomyces sp. NBC_00184	2975673	S	21	113	134	0.00000
Streptomyces sp. NBC_00211	2975683	S	21	374	395	0.00001
Streptomyces sp. NBC_00147	2975667	S	21	244	265	0.00001
Streptomyces sp. NBC_00868	2903683	S	21	311	332	0.00001
Streptomyces sp. NBC_01259	2903800	S	21	109	130	0.00000
Streptomyces sp. NBC_00310	2903645	S	21	581	602	0.00002
Streptomyces sp. S1D4-14	2594461	S	21	859	880	0.00002
Streptomyces sp. NBC_00056	2975633	S	20	156	176	0.00000
Streptomyces sp. SS162	3108484	S	20	133	153	0.00000
Streptomyces sp. NBC_01240	2903793	S	20	377	397	0.00001
Streptomyces sp. NBC_01718	2975919	S	20	162	182	0.00001
Streptomyces sp. 604F	1476754	S	19	180	199	0.00001
Streptomyces sp. P10-4	3421645	S	18	114	132	0.00000
Streptomyces sp. NBC_01186	2903765	S	18	243	261	0.00001
Streptomyces sp. NBC_01422	2903859	S	18	152	170	0.00000
Streptomyces sp. G6	1178736	S	18	3	21	0.00000
Streptomyces sp. NBC_00145	2975666	S	18	191	209	0.00001
Streptomyces sp. NBC_01708	2975915	S	17	147	164	0.00000
Streptomyces sp. S501	2420135	S	17	160	177	0.00000
Streptomyces sp. SudanB148_2056	3035280	S	16	104	120	0.00000
Streptomyces sp. NBC_00998	2903712	S	16	30	46	0.00000
Streptomyces sp. RLB3-17	2594455	S	16	212	228	0.00001
Streptomyces sp. NBC_01474	2903880	S	16	202	218	0.00001
Streptomyces sp. KHY 26	3097359	S	16	0	16	0.00000
Streptomyces sp. NBC_01175	2903759	S	16	2	18	0.00000
Streptomyces sp. F8	1436085	S	16	7	23	0.00000
Streptomyces sp. NBC_01208	2903773	S	15	265	280	0.00001
Streptomyces sp. MH191	1945513	S	15	140	155	0.00000
Streptomyces sp. NBC_00073	2975640	S	15	173	188	0.00001
Streptomyces sp. JL3001	3400923	S	15	125	140	0.00000
Streptomyces sp. WAC00303	2933779	S	15	232	247	0.00001
Streptomyces sp. FR-008	206662	S	14	116	130	0.00000
Streptomyces sp. NBC_01579	2975885	S	14	113	127	0.00000
Streptomyces sp. NBC_00519	2975764	S	14	376	390	0.00001
Streptomyces sp. NBC_01001	2903713	S	14	22	36	0.00000
Streptomyces sp. NBC_01023	2903724	S	14	203	217	0.00001
Streptomyces sp. NBC_01685	2975910	S	14	119	133	0.00000
Streptomyces sp. WAC00276	2933778	S	13	4	17	0.00000
Streptomyces sp. NBC_01547	2975873	S	13	290	303	0.00001
Streptomyces sp. NBC_01563	2975880	S	13	213	226	0.00001
Streptomyces sp. NBC_01544	2975871	S	13	265	278	0.00001
Streptomyces sp. NBC_01589	2975886	S	13	155	168	0.00000
Streptomyces sp. NBC_00257	2975692	S	13	120	133	0.00000
Streptomyces sp. NBC_01280	2903810	S	13	152	165	0.00000
Streptomyces sp. CA-136453	3240050	S	13	0	13	0.00000
Streptomyces sp. SNU607	2718875	S	13	183	196	0.00001
Streptomyces sp. ICC4	2099584	S	13	575	588	0.00002
Streptomyces sp. NBC_00455	2903654	S	12	171	183	0.00001
Streptomyces sp. ICC1	2099583	S	12	480	492	0.00001
Streptomyces sp. NBC_01763	2975934	S	11	233	244	0.00001
Streptomyces sp. NBC_01230	2903784	S	11	148	159	0.00000
Streptomyces sp. NBC_00048	2975628	S	11	545	556	0.00002
Streptomyces sp. NBC_00111	2975655	S	11	57	68	0.00000
Streptomyces sp. NBC_01456	2975868	S	11	571	582	0.00002
Streptomyces sp. NBC_00122	2903623	S	11	141	152	0.00000
Streptomyces sp. WA1-19	2884220	S	11	118	129	0.00000
Streptomyces sp. BI87	2987521	S	11	197	208	0.00001
Streptomyces sp. BJ20	2930049	S	10	61	71	0.00000
Streptomyces sp. NBC_01775	2975939	S	10	125	135	0.00000
Streptomyces sp. NBC_00453	2903653	S	10	162	172	0.00000
Streptomyces sp. enrichment culture	1795815	S	15606	15438	31044	0.00087
Streptomyces canus	58343	S	4982	2352	7334	0.00021
Streptomyces pseudovenezuelae	67350	S	1263	289	1552	0.00004
Streptomyces cadmiisoli	2184053	S	972	129	1101	0.00003
Streptomyces alboniger	132473	S	674	144	818	0.00002
Streptomyces aurantiacus	47760	S	654	82	736	0.00002
Streptomyces phaeoluteigriseus	114686	S	646	139	785	0.00002
Streptomyces griseoaurantiacus	68213	S	545	1142	1687	0.00005
Streptomyces koyangensis	188770	S	511	346	857	0.00002
Streptomyces tauricus	68274	S	366	155	521	0.00001
Streptomyces qaidamensis	1783515	S	335	129	464	0.00001
Streptomyces anulatus	1892	S	3372	3873	7245	0.00020
Streptomyces graminofaciens	68212	S	1003	155	1158	0.00003
Streptomyces halstedii	1944	S	749	357	1106	0.00003
Streptomyces cyaneofuscatus	66883	S	1227	690	1917	0.00005
Streptomyces microflavus	1919	S	1009	1435	2444	0.00007
Streptomyces griseus	1911	S	606	885	1491	0.00004
Streptomyces sp. M54	2759525	S	71	135	206	0.00001
Streptomyces globisporus	1908	S	607	1277	1884	0.00005
Streptomyces bacillaris	68179	S	83	178	261	0.00001
Streptomyces venezuelae	54571	S	5448	1493	6941	0.00019
Streptomyces phaeochromogenes	1923	S	5413	1646	7059	0.00020
Streptomyces hygroscopicus	1912	S	893	424	1317	0.00004
Streptomyces malaysiensis	92644	S	855	1744	2599	0.00007
Streptomyces violaceusniger	68280	S	571	239	810	0.00002
Streptomyces iranensis	576784	S	560	210	770	0.00002
Streptomyces rapamycinicus	1226757	S	524	241	765	0.00002
Streptomyces yatensis	155177	S	405	177	582	0.00002
Streptomyces antimycoticus	68175	S	219	737	956	0.00003
Streptomyces xanthophaeus	67385	S	2419	626	3045	0.00009
Streptomyces noursei	1971	S	2026	666	2692	0.00008
Streptomyces niveus	193462	S	1977	364	2341	0.00007
Streptomyces xinghaiensis	1038928	S	1897	363	2260	0.00006
Streptomyces tsukubensis	83656	S	1845	256	2101	0.00006
Streptomyces griseorubiginosus	67304	S	1832	445	2277	0.00006
Streptomyces virginiae	1961	S	1713	789	2502	0.00007
Streptomyces spectabilis	68270	S	1647	300	1947	0.00005
Streptomyces boninensis	2039455	S	1642	119	1761	0.00005
Streptomyces olivoreticuli	68246	S	1601	309	1910	0.00005
Streptomyces albus	1888	S	1564	379	1943	0.00005
Streptomyces collinus	42684	S	1525	571	2096	0.00006
Streptomyces erythrochromogenes	285574	S	1493	524	2017	0.00006
Streptomyces chartreusis	1969	S	1486	1381	2867	0.00008
Streptoverticillium reticulum	1433415	S	1465	265	1730	0.00005
Streptomyces profundus	2867410	S	1452	82	1534	0.00004
Streptomyces europaeiscabiei	146819	S	1451	305	1756	0.00005
Streptomyces uncialis	1048205	S	1441	148	1589	0.00004
Streptomyces fradiae	1906	S	1395	1365	2760	0.00008
Streptomyces sclerotialus	1957	S	1391	194	1585	0.00004
Streptomyces lydicus	47763	S	1360	854	2214	0.00006
Streptomyces tubbatahanensis	2923272	S	1352	128	1480	0.00004
Streptomyces formicae	1616117	S	1348	284	1632	0.00005
Streptomyces decoyicus	249567	S	1347	656	2003	0.00006
Streptomyces platensis	58346	S	1318	688	2006	0.00006
Streptomyces longwoodensis	68231	S	1318	290	1608	0.00005
Streptomyces marincola	2878388	S	1299	272	1571	0.00004
Streptomyces armeniacus	83291	S	1297	86	1383	0.00004
Streptomyces bathyalis	2710756	S	1288	102	1390	0.00004
Streptomyces luteireticuli	173858	S	1270	212	1482	0.00004
Streptomyces clavuligerus	1901	S	1218	144	1362	0.00004
Streptomyces atratus	1893	S	1215	431	1646	0.00005
Streptomyces zaomyceticus	68286	S	1175	254	1429	0.00004
Streptomyces durmitorensis	319947	S	1156	166	1322	0.00004
Streptomyces rimosus	1927	S	1139	817	1956	0.00005
Streptomyces scopuliridis	452529	S	1136	176	1312	0.00004
Streptomyces coeruleorubidus	116188	S	1126	354	1480	0.00004
Streptomyces alfalfae	1642299	S	1114	202	1316	0.00004
Streptomyces albidocamelliae	2981135	S	1113	232	1345	0.00004
Streptomyces luteoverticillatus	66425	S	1110	237	1347	0.00004
Streptomyces xanthii	2768069	S	1106	199	1305	0.00004
Streptomyces acidiscabies	42234	S	1103	191	1294	0.00004
Streptomyces kanamyceticus	1967	S	1095	363	1458	0.00004
Streptomyces citrinus	3118173	S	1068	153	1221	0.00003
Streptomyces camelliae	3004093	S	1067	216	1283	0.00004
Streptomyces paludis	2282738	S	1062	159	1221	0.00003
Streptomyces mirabilis	68239	S	1061	2227	3288	0.00009
Streptomyces rectiverticillatus	173860	S	1048	223	1271	0.00004
Streptomyces griseocarneus	51201	S	1045	216	1261	0.00004
Streptomyces griseochromogenes	68214	S	1043	171	1214	0.00003
Streptomyces celluloflavus	58344	S	1042	156	1198	0.00003
Streptomyces katrae	68223	S	1032	230	1262	0.00004
Streptomyces roseirectus	2768066	S	1031	141	1172	0.00003
Streptomyces genisteinicus	2768068	S	1025	205	1230	0.00003
Streptomyces angustmyceticus	285578	S	1023	265	1288	0.00004
Streptomyces avidinii	1895	S	1015	373	1388	0.00004
Streptomyces phytohabitans	1150371	S	1005	133	1138	0.00003
Streptomyces nigra	1827580	S	1005	219	1224	0.00003
Streptomyces lincolnensis	1915	S	1002	207	1209	0.00003
Streptomyces aureoverticillatus	66871	S	997	145	1142	0.00003
Streptomyces ferrugineus	1413221	S	993	199	1192	0.00003
Streptomyces huangiella	3228804	S	966	147	1113	0.00003
Streptomyces buecherae	2763006	S	964	207	1171	0.00003
Streptomyces tubercidicus	47759	S	961	246	1207	0.00003
Streptomyces seoulensis	73044	S	953	400	1353	0.00004
Streptomyces subrutilus	36818	S	949	230	1179	0.00003
Streptomyces solicathayae	3081768	S	930	202	1132	0.00003
Streptomyces violaceus	1936	S	927	740	1667	0.00005
Streptomyces flavusporus	3385496	S	901	142	1043	0.00003
Streptomyces cinnabarinus	67287	S	901	192	1093	0.00003
Streptomyces tritici	2054410	S	886	229	1115	0.00003
Streptomyces brevispora	887462	S	885	207	1092	0.00003
Streptomyces sanyensis	568869	S	875	167	1042	0.00003
Streptomyces lunaelactis	1535768	S	874	138	1012	0.00003
Streptomyces inhibens	2293571	S	868	167	1035	0.00003
Streptomyces antibioticus	1890	S	867	191	1058	0.00003
Streptomyces aquilus	2548456	S	849	168	1017	0.00003
Streptomyces nodosus	40318	S	849	105	954	0.00003
Streptomyces flavofungini	68200	S	845	322	1167	0.00003
Streptomyces peucetius	1950	S	832	143	975	0.00003
Streptomyces liangshanensis	2717324	S	824	150	974	0.00003
Streptomyces nojiriensis	66374	S	822	435	1257	0.00004
Streptomyces cynarae	2981134	S	818	123	941	0.00003
Streptomyces nigrescens	1920	S	797	1136	1933	0.00005
Streptomyces vinaceus	1960	S	791	246	1037	0.00003
Streptomyces cyaneochromogenes	2496836	S	785	159	944	0.00003
Streptomyces davaonensis	348043	S	783	160	943	0.00003
Streptomyces actuosus	1885	S	774	184	958	0.00003
Streptomyces halobius	2879846	S	773	77	850	0.00002
Streptomyces hawaiiensis	67305	S	766	218	984	0.00003
Streptomyces solicamelliae	3231716	S	766	188	954	0.00003
Streptomyces dengpaensis	2049881	S	764	130	894	0.00003
Streptomyces hundungensis	1077946	S	747	154	901	0.00003
Streptomyces gilvosporeus	553510	S	744	113	857	0.00002
Streptomyces clavifer	68188	S	743	134	877	0.00002
Streptomyces albidoflavus	1886	S	615	3816	4431	0.00012
Streptomyces coelicolor	1902	S	100	595	695	0.00002
Streptomyces sampsonii	42239	S	22	173	195	0.00001
Streptomyces stoeckheimensis	3344656	S	733	207	940	0.00003
Streptomyces qinzhouensis	2599401	S	730	98	828	0.00002
Streptomyces ipomoeae	103232	S	725	93	818	0.00002
Streptomyces vilmorinianum	3051092	S	723	167	890	0.00002
Streptomyces tanashiensis	67367	S	721	239	960	0.00003
Streptomyces rubrogriseus	194673	S	335	220	555	0.00002
Streptomyces anthocyanicus	68174	S	195	1205	1400	0.00004
Streptomyces violaceoruber	1935	S	184	907	1091	0.00003
Streptomyces sirii	3127701	S	718	135	853	0.00002
Streptomyces tabacisoli	3156398	S	713	156	869	0.00002
Streptomyces murinus	33900	S	709	1675	2384	0.00007
Streptomyces netropsis	55404	S	708	171	879	0.00002
Streptomyces melanogenes	67326	S	707	231	938	0.00003
Streptomyces lavendulae	1914	S	700	212	912	0.00003
Streptomyces changanensis	2964669	S	699	155	854	0.00002
Streptomyces pactum	68249	S	698	169	867	0.00002
Streptomyces roseicoloratus	2508722	S	697	167	864	0.00002
Streptomyces argyrophylli	2726118	S	691	188	879	0.00002
Streptomyces ambofaciens	1889	S	690	191	881	0.00002
Streptomyces pristinaespiralis	38300	S	687	163	850	0.00002
Streptomyces okerensis	3344655	S	687	128	815	0.00002
Streptomyces broussonetiae	2686304	S	684	128	812	0.00002
Streptomyces griseoviridis	45398	S	683	130	813	0.00002
Streptomyces glaucescens	1907	S	680	161	841	0.00002
Streptomyces iakyrus	68219	S	676	259	935	0.00003
Streptomyces fodineus	1904616	S	675	140	815	0.00002
Streptomyces capitiformicae	2014920	S	675	67	742	0.00002
Streptomyces dangxiongensis	1442032	S	672	123	795	0.00002
Streptomyces nitrosporeus	28894	S	665	121	786	0.00002
Streptomyces thermoviolaceus	1952	S	663	150	813	0.00002
Streptomyces calvus	67282	S	654	154	808	0.00002
Streptomyces prasinus	67345	S	652	159	811	0.00002
Streptomyces eurythermus	42237	S	652	291	943	0.00003
Streptomyces pratensis	1169025	S	650	127	777	0.00002
Streptomyces prunicolor	67348	S	641	183	824	0.00002
Streptomyces mobaraensis	35621	S	636	626	1262	0.00004
Streptomyces chengbuensis	3053466	S	635	110	745	0.00002
Streptomyces mutabilis	67332	S	628	212	840	0.00002
Streptomyces castrisilvae	3033811	S	624	152	776	0.00002
Streptomyces avermitilis	33903	S	619	106	725	0.00002
Streptomyces scabiei	1930	S	618	335	953	0.00003
Streptomyces pluripotens	1355015	S	614	71	685	0.00002
Streptomyces vietnamensis	362257	S	610	185	795	0.00002
Streptomyces finlayi	67296	S	608	127	735	0.00002
Streptomyces tirandamycinicus	2174846	S	603	121	724	0.00002
Streptomyces tendae	1932	S	603	148	751	0.00002
Streptomyces gobiensis	2875706	S	599	50	649	0.00002
Streptomyces secundicynarae	3231715	S	591	90	681	0.00002
Streptomyces cyanogenus	80860	S	580	144	724	0.00002
Streptomyces yangpuensis	1648182	S	576	168	744	0.00002
Streptomyces caniferus	285557	S	573	152	725	0.00002
Streptomyces liliifuscus	2797636	S	569	174	743	0.00002
Streptomyces asoensis	249586	S	567	230	797	0.00002
Streptomyces phaeolivaceus	2653200	S	558	102	660	0.00002
Streptomyces leeuwenhoekii	1437453	S	528	213	741	0.00002
Streptomyces fagopyri	2662397	S	528	114	642	0.00002
Streptomyces gardneri	66892	S	518	165	683	0.00002
Streptomyces kronopolitis	1612435	S	514	116	630	0.00002
Streptomyces ficellus	1977088	S	506	117	623	0.00002
Streptomyces incarnatus	665007	S	505	95	600	0.00002
Streptomyces deccanensis	424188	S	500	139	639	0.00002
Streptomyces akebiae	2865673	S	498	118	616	0.00002
Streptomyces drozdowiczii	202862	S	483	201	684	0.00002
Streptomyces viridosporus	67581	S	471	129	600	0.00002
Streptomyces coelicoflavus	285562	S	470	587	1057	0.00003
Streptomyces sudanensis	436397	S	448	134	582	0.00002
Streptomyces chromofuscus	42881	S	428	85	513	0.00001
Streptomyces griseofuscus	146922	S	416	254	670	0.00002
Streptomyces roseochromogenus	285450	S	415	89	504	0.00001
Streptomyces auratus	114687	S	408	166	574	0.00002
Streptomyces goshikiensis	1942	S	402	1105	1507	0.00004
Streptomyces achromogenes	67255	S	400	160	560	0.00002
[Kitasatospora] papulosa	1464011	S	399	2658	3057	0.00009
Streptomyces luomodiensis	3026192	S	395	284	679	0.00002
Streptomyces spongiicola	1690221	S	393	71	464	0.00001
Streptomyces alboflavus	67267	S	377	126	503	0.00001
Streptomyces tuirus	68278	S	374	135	509	0.00001
Streptomyces luteogriseus	68233	S	373	127	500	0.00001
Streptomyces althioticus	83380	S	370	673	1043	0.00003
Streptomyces graminifolii	1266771	S	361	219	580	0.00002
Streptomyces californicus	67351	S	323	970	1293	0.00004
Streptomyces cyaneogriseus	68192	S	308	141	449	0.00001
Streptomyces bobili	67280	S	307	549	856	0.00002
Streptomyces longhuiensis	2880933	S	307	110	417	0.00001
Streptomyces endophytica	2991496	S	305	149	454	0.00001
Streptomyces carpaticus	285558	S	292	344	636	0.00002
Streptomyces caniscabiei	2746961	S	268	144	412	0.00001
Streptomyces lydicamycinicus	1546107	S	261	110	371	0.00001
Streptomyces hirsutus	35620	S	248	589	837	0.00002
Streptomyces purpurascens	1924	S	248	119	367	0.00001
Streptomyces gougerotii	53448	S	176	1649	1825	0.00005
Streptomyces cavourensis	67258	S	242	1022	1264	0.00004
Streptomyces rochei	1928	S	158	897	1055	0.00003
Streptomyces vinaceusdrappus	67376	S	45	300	345	0.00001
Streptomyces harbinensis	1176198	S	204	255	459	0.00001
Streptomyces thermolineatus	44033	S	186	622	808	0.00002
Streptomyces parvulus	146923	S	177	445	622	0.00002
Streptomyces laculatispora	887464	S	165	155	320	0.00001
Streptomyces cathayae	3031124	S	163	538	701	0.00002
Streptomyces fungicidicus	68203	S	149	304	453	0.00001
Streptomyces thermocarboxydus	59299	S	148	455	603	0.00002
Streptomyces xanthochromogenes	67384	S	135	282	417	0.00001
Streptomyces xiamenensis	408015	S	131	118	249	0.00001
Streptomyces spinosirectus	2906474	S	131	483	614	0.00002
Streptomyces cinereoruber	67260	S	128	573	701	0.00002
Streptomyces filamentosus	67294	S	120	127	247	0.00001
Streptomyces rubiginosohelvolus	67362	S	118	129	247	0.00001
Streptomyces manipurensis	1077945	S	117	613	730	0.00002
Streptomyces olivaceus	47716	S	102	854	956	0.00003
Streptomyces albireticuli	1940	S	93	306	399	0.00001
Streptomyces zhihengii	1818004	S	91	1	92	0.00000
Streptomyces galilaeus	33899	S	91	535	626	0.00002
Streptomyces pseudogriseolus	36817	S	86	494	580	0.00002
Streptomyces yunnanensis	156453	S	86	212	298	0.00001
Streptomyces poriferorum	2798799	S	80	287	367	0.00001
Streptomyces koelreuteriae	2838015	S	59	28005	28064	0.00079
Streptomyces cellulosae	1968	S	51	77	128	0.00000
Streptomyces globosus	68209	S	48	168	216	0.00001
Streptomyces yaizuensis	2989713	S	41	1	42	0.00000
Streptomyces lienomycini	284035	S	41	220	261	0.00001
Streptomyces lusitanus	68232	S	34	354	388	0.00001
Streptomyces bingchenggensis	379067	S	24	2506	2530	0.00007
Streptomyces lividans	1916	S	22	809	831	0.00002
Streptomyces reticuli	1926	S	22	210	232	0.00001
Streptomyces agglomeratus	285458	S	18	0	18	0.00000
Streptomyces sviceus	285530	S	17	1214	1231	0.00003
Streptomyces liliiviolaceus	2823109	S	12	0	12	0.00000
Streptomyces parvus	66428	S	10	94	104	0.00000
Streptomyces exfoliatus	1905	S	10	0	10	0.00000
Kitasatospora sp. MMS16-BH015	2018025	S	1622	387	2009	0.00006
Kitasatospora sp. NBC_00070	2975962	S	1585	335	1920	0.00005
Kitasatospora sp. KL5	3425125	S	1428	392	1820	0.00005
Kitasatospora sp. NBC_01266	2903572	S	1336	299	1635	0.00005
Kitasatospora sp. NBC_01539	2903577	S	1333	284	1617	0.00005
Kitasatospora sp. McL0602	3439530	S	1319	307	1626	0.00005
Kitasatospora sp. NBC_01246	2903570	S	1303	422	1725	0.00005
Kitasatospora sp. NBC_00315	2975963	S	1239	303	1542	0.00004
Kitasatospora sp. NBC_00374	2975964	S	1238	287	1525	0.00004
Kitasatospora sp. NBC_01300	2903574	S	1211	355	1566	0.00004
Kitasatospora sp. NBC_00458	2903568	S	1174	468	1642	0.00005
Kitasatospora sp. CMC57	3231513	S	1104	263	1367	0.00004
Kitasatospora sp. NBC_01560	2975965	S	1064	385	1449	0.00004
Kitasatospora sp. NA04385	2742135	S	1049	484	1533	0.00004
Kitasatospora sp. CM 4170	3075627	S	853	524	1377	0.00004
Kitasatospora sp. YST-16	2998080	S	760	417	1177	0.00003
Kitasatospora sp. NBC_01302	2903575	S	152	869	1021	0.00003
Kitasatospora sp. NBC_01250	2903571	S	146	991	1137	0.00003
Kitasatospora sp. NBC_01519	2903576	S	82	3	85	0.00000
Kitasatospora sp. NBC_00085	2903566	S	19	596	615	0.00002
Kitasatospora sp. NBC_00039	2903565	S	16	610	626	0.00002
Kitasatospora purpeofusca	67352	S	4005	2245	6250	0.00018
Kitasatospora herbaricolor	68217	S	1338	375	1713	0.00005
Kitasatospora griseola	2064	S	1325	352	1677	0.00005
Kitasatospora setae	2066	S	1318	547	1865	0.00005
Kitasatospora camelliae	3156397	S	1211	346	1557	0.00004
Kitasatospora fiedleri	2991545	S	1149	552	1701	0.00005
Kitasatospora cathayae	3004092	S	995	391	1386	0.00004
Kitasatospora hibisci	3369522	S	787	405	1192	0.00003
Kitasatospora aureofaciens	1894	S	585	262	847	0.00002
Kitasatospora albolonga	68173	S	491	445	936	0.00003
Kitasatospora indigofera	67307	S	10	0	10	0.00000
Actinacidiphila glaucinigra	235986	S	2530	573	3103	0.00009
Actinacidiphila reveromycinica	659352	S	1237	279	1516	0.00004
Actinacidiphila sp. ITFR-21	3075199	S	1196	229	1425	0.00004
Actinacidiphila bryophytorum	1436133	S	1091	244	1335	0.00004
Embleya sp. NBC_00888	2975960	S	1845	241	2086	0.00006
Embleya sp. MST-111070	3398231	S	1276	194	1470	0.00004
Embleya sp. NBC_00896	2975961	S	1241	203	1444	0.00004
Streptacidiphilus sp. P02-A3a	2704468	S	1504	299	1803	0.00005
Streptacidiphilus sp. PB12-B1b	2705012	S	1441	369	1810	0.00005
Peterkaempfera podocarpi	3232308	S	1642	265	1907	0.00005
Peterkaempfera bronchialis	2126346	S	1083	248	1331	0.00004
Yinghuangia sp. ASG 101	2896848	S	1321	127	1448	0.00004
Streptantibioticus cattleyicolor	29303	S	1292	233	1525	0.00004
Carbonactinospora thermoautotrophica	1469144	S	788	74	862	0.00002
Microbacterium sp. M	3377125	S	1633	199	1832	0.00005
Microbacterium sp. No. 7	1714373	S	1615	956	2571	0.00007
Microbacterium sp. YJN-G	2763257	S	1583	606	2189	0.00006
Microbacterium sp. zg-B96	3049069	S	1572	187	1759	0.00005
Microbacterium sp. PA5	3416654	S	1500	237	1737	0.00005
Microbacterium sp. AZCO	3142976	S	1422	200	1622	0.00005
Microbacterium sp. M28	2962064	S	1420	291	1711	0.00005
Microbacterium sp. F51-2R	3445777	S	1296	180	1476	0.00004
Microbacterium sp. JZ31	1906274	S	1250	229	1479	0.00004
Microbacterium sp. XT11	367477	S	1218	234	1452	0.00004
Microbacterium sp. 10M-3C3	2483401	S	1181	236	1417	0.00004
Microbacterium sp. zg-B185	3049070	S	1152	115	1267	0.00004
Microbacterium sp. E-13	3404048	S	1108	145	1253	0.00004
Microbacterium sp. KUDC0406	2909588	S	1082	152	1234	0.00003
Microbacterium sp. LWH7-1.2	3135257	S	1071	145	1216	0.00003
Microbacterium sp. JZ37	2654193	S	1069	201	1270	0.00004
Microbacterium sp. zg-Y818	3049072	S	1051	196	1247	0.00004
Microbacterium sp. LWS13-1.2	3135264	S	1030	135	1165	0.00003
Microbacterium sp. H1-D42	2925844	S	1027	96	1123	0.00003
Microbacterium sp. Y-01	2048898	S	1027	433	1460	0.00004
Microbacterium sp. LWO14-1.2	3135263	S	1027	266	1293	0.00004
Microbacterium sp. 4R-513	2567934	S	1026	148	1174	0.00003
Microbacterium sp. LWH10-1.2	3135255	S	1018	235	1253	0.00004
Microbacterium sp. NIBRBAC000506063	2734618	S	1018	1622	2640	0.00007
Microbacterium sp. HA-8	3234200	S	958	824	1782	0.00005
Microbacterium sp. MM2322	3157631	S	954	623	1577	0.00004
Microbacterium sp. CJ88	3445672	S	942	291	1233	0.00003
Microbacterium sp. nov. GSS16	3019890	S	896	581	1477	0.00004
Microbacterium sp. PMB16	3120157	S	888	117	1005	0.00003
Microbacterium sp. Clip185	3025663	S	786	128	914	0.00003
Microbacterium sp. ABRD28	2268461	S	781	76	857	0.00002
Microbacterium sp. cx-55	2875948	S	744	74	818	0.00002
Microbacterium sp. 2P06AB	3132291	S	713	158	871	0.00002
Microbacterium sp. che218	3140649	S	701	149	850	0.00002
Microbacterium sp. SL75	2995140	S	646	180	826	0.00002
Microbacterium sp. 1S1	2606451	S	614	544	1158	0.00003
Microbacterium sp. LWH13-1.2	3135260	S	598	160	758	0.00002
Microbacterium sp. R86528	3093864	S	573	31	604	0.00002
Microbacterium sp. RG1	2489212	S	488	220	708	0.00002
Microbacterium sp. 1P06AB	3132289	S	441	186	627	0.00002
Microbacterium sp. LKL04	912630	S	439	198	637	0.00002
Microbacterium sp. BH-3-3-3	1906742	S	324	319	643	0.00002
Microbacterium sp. J1-1	2992441	S	265	330	595	0.00002
Microbacterium sp. A8/3-1	3160749	S	251	216	467	0.00001
Microbacterium sp. LWO13-1.2	3135262	S	233	995	1228	0.00003
Microbacterium sp. Nx66	2766784	S	226	581	807	0.00002
Microbacterium sp. 1.5R	1916917	S	208	427	635	0.00002
Microbacterium sp. TPU 3598	1938334	S	207	705	912	0.00003
Microbacterium sp. PM5	2014534	S	205	308	513	0.00001
Microbacterium sp. CBA3102	2603598	S	198	621	819	0.00002
Microbacterium sp. CGR1	1696072	S	194	413	607	0.00002
Microbacterium sp. LBN7	3129773	S	193	597	790	0.00002
Microbacterium sp. LWH11-1.2	3135258	S	150	445	595	0.00002
Microbacterium sp. As-52	3390503	S	149	1231	1380	0.00004
Microbacterium sp. PAMC22086	2861281	S	144	377	521	0.00001
Microbacterium sp. LTA6	3129771	S	134	593	727	0.00002
Microbacterium sp. SY138	3149040	S	123	792	915	0.00003
Microbacterium sp. WHRI 7836	3162563	S	104	630	734	0.00002
Microbacterium sp. SGAir0570	2070348	S	101	300	401	0.00001
Microbacterium sp. BDGP8	3035531	S	95	454	549	0.00002
Microbacterium sp. str. 'China'	2103230	S	71	357	428	0.00001
Microbacterium sp. PAMC 28756	1795053	S	52	1390	1442	0.00004
Microbacterium sp. AISO3	2002831	S	31	71	102	0.00000
Microbacterium sp. EF45047	2809708	S	31	553	584	0.00002
Microbacterium sp. PAMC21962	2861280	S	25	1360	1385	0.00004
Microbacterium sp. Se5.02b	2864103	S	14	700	714	0.00002
Microbacterium aerolatum	153731	S	2366	967	3333	0.00009
Microbacterium esteraromaticum	57043	S	2256	338	2594	0.00007
Microbacterium aurum	36805	S	2186	644	2830	0.00008
Microbacterium hominis	162426	S	2076	6411	8487	0.00024
Microbacterium testaceum	2033	S	2065	418	2483	0.00007
Microbacterium oxydans	82380	S	1988	3040	5028	0.00014
Microbacterium oleivorans	273677	S	1725	297	2022	0.00006
Microbacterium foliorum	104336	S	1443	1585	3028	0.00009
Microbacterium resistens	156977	S	1428	171	1599	0.00004
Microbacterium abyssi	2782166	S	1325	379	1704	0.00005
Microbacterium sediminis	904291	S	1302	970	2272	0.00006
Microbacterium chionoecetis	3153754	S	1298	182	1480	0.00004
Microbacterium phosphatis	3140248	S	1284	260	1544	0.00004
Microbacterium elymi	2909587	S	1232	131	1363	0.00004
Microbacterium cremeum	2782169	S	1188	160	1348	0.00004
Microbacterium betulae	2981139	S	1154	135	1289	0.00004
Microbacterium caowuchunii	2614638	S	1151	155	1306	0.00004
Microbacterium hydrocarbonoxydans	273678	S	1108	153	1261	0.00004
Microbacterium azadirachtae	582680	S	1107	246	1353	0.00004
Microbacterium galbinum	2851646	S	1092	158	1250	0.00004
Microbacterium atlanticum	2782168	S	1081	165	1246	0.00003
Microbacterium terrisoli	3242192	S	1071	74	1145	0.00003
Microbacterium gorillae	1231063	S	1069	113	1182	0.00003
Microbacterium sufflavum	2851649	S	1068	205	1273	0.00004
Microbacterium rhizosphaerae	1678237	S	1067	100	1167	0.00003
Microbacterium maritypicum	33918	S	1055	1188	2243	0.00006
Microbacterium trichothecenolyticum	69370	S	1044	152	1196	0.00003
Microbacterium wangchenii	2541726	S	1030	143	1173	0.00003
Microbacterium lushaniae	2614639	S	1021	150	1171	0.00003
Microbacterium terricola	344163	S	1006	156	1162	0.00003
Microbacterium pygmaeum	370764	S	989	67	1056	0.00003
Microbacterium wangruii	3049073	S	968	175	1143	0.00003
Microbacterium suwonense	683047	S	966	282	1248	0.00004
Microbacterium lemovicicum	1072463	S	954	133	1087	0.00003
Microbacterium proteolyticum	1572644	S	920	582	1502	0.00004
Microbacterium limosum	3079935	S	911	308	1219	0.00003
Microbacterium protaetiae	2509458	S	910	266	1176	0.00003
Microbacterium luteum	2782167	S	895	764	1659	0.00005
Microbacterium horticulturae	3028316	S	847	141	988	0.00003
Microbacterium invictum	515415	S	821	97	918	0.00003
Microbacterium oryzae	743009	S	815	145	960	0.00003
Microbacterium albipurpureum	3050384	S	800	64	864	0.00002
Microbacterium jiangjiandongii	3049071	S	790	158	948	0.00003
Microbacterium marinum	421115	S	782	561	1343	0.00004
Microbacterium schleiferi	69362	S	755	544	1299	0.00004
Microbacterium aurantiacum	162393	S	742	550	1292	0.00004
Microbacterium lacus	415217	S	739	29	768	0.00002
Microbacterium amylolyticum	936337	S	705	180	885	0.00002
Microbacterium phyllosphaerae	124798	S	659	123	782	0.00002
Microbacterium arborescens	33883	S	637	128	765	0.00002
Microbacterium endophyticum	1526412	S	542	42	584	0.00002
Microbacterium meiriae (nom. nud.)	3041512	S	290	674	964	0.00003
Microbacterium binotii	462710	S	288	129	417	0.00001
Microbacterium luteolum	69367	S	243	225	468	0.00001
Microbacterium paraoxydans	199592	S	227	1725	1952	0.00005
Microbacterium plantarum	1816425	S	173	715	888	0.00002
Microbacterium laevaniformans	36807	S	154	252	406	0.00001
Microbacterium aurugineum	2851642	S	100	286	386	0.00001
Microbacterium paludicola	300019	S	63	198	261	0.00001
Microbacterium forte	2982533	S	52	376	428	0.00001
Microbacterium neungamense	2810535	S	42	778	820	0.00002
Agromyces sp. MMS24-K17	3372850	S	4101	1932	6033	0.00017
Agromyces sp. LHK192	2498704	S	3858	1206	5064	0.00014
Agromyces sp. H17E-10	2932244	S	3777	1324	5101	0.00014
Agromyces sp. MMS24-JH15	3243765	S	3687	1433	5120	0.00014
Agromyces sp. G08B096	3156399	S	2711	962	3673	0.00010
Agromyces archimandritae	2781962	S	5481	1280	6761	0.00019
Agromyces mangrovi	1858653	S	3409	1158	4567	0.00013
Agromyces soli	659012	S	3273	1194	4467	0.00013
Agromyces aureus	453304	S	3269	945	4214	0.00012
Agromyces protaetiae	2509455	S	2942	837	3779	0.00011
Agromyces marinus	1389020	S	2867	1026	3893	0.00011
Agromyces flavus	589382	S	2736	828	3564	0.00010
Agromyces silvae	3388266	S	2590	548	3138	0.00009
Agromyces badenianii	2080742	S	2386	820	3206	0.00009
Agromyces laixinhei	2585717	S	2097	453	2550	0.00007
Agromyces larvae	2929802	S	2083	2181	4264	0.00012
Agromyces intestinalis	2592652	S	2011	1956	3967	0.00011
Curtobacterium sp. MCPF17_052	2175655	S	720	165	885	0.00002
Curtobacterium sp. MCLR17_007	2175648	S	593	142	735	0.00002
Curtobacterium sp. MCPF17_002	2175645	S	587	126	713	0.00002
Curtobacterium sp. MCLR17_036	2175620	S	551	168	719	0.00002
Curtobacterium sp. BH-2-1-1	1905847	S	531	129	660	0.00002
Curtobacterium sp. YC1	2795488	S	529	148	677	0.00002
Curtobacterium sp. SP.BCo	3435229	S	510	154	664	0.00002
Curtobacterium sp. MCSS17_015	2175666	S	473	119	592	0.00002
Curtobacterium sp. MCLR17_032	2175650	S	464	109	573	0.00002
Curtobacterium sp. L1-20	3138181	S	423	88	511	0.00001
Curtobacterium sp. DN_7.5	3049047	S	375	100	475	0.00001
Curtobacterium sp. MCSS17_007	2175646	S	351	120	471	0.00001
Curtobacterium sp. MR_MD2014	1561023	S	349	128	477	0.00001
Curtobacterium sp. MCJR17_020	2175619	S	322	142	464	0.00001
Curtobacterium sp. MCSS17_016	2175644	S	320	598	918	0.00003
Curtobacterium sp. SGAir0471	2070337	S	300	161	461	0.00001
Curtobacterium sp. TXMA1	2876939	S	283	162	445	0.00001
Curtobacterium sp. MCBD17_026	2175621	S	225	174	399	0.00001
Curtobacterium sp. 458	3050069	S	213	487	700	0.00002
Curtobacterium sp. MCJR17_043	2175660	S	187	279	466	0.00001
Curtobacterium sp. KT1	3372858	S	178	162	340	0.00001
Curtobacterium sp. TC1	2862880	S	178	150	328	0.00001
Curtobacterium sp. L3-7	3138787	S	161	307	468	0.00001
Curtobacterium sp. MCBD17_003	2175667	S	157	416	573	0.00002
Curtobacterium sp. MCBD17_040	2175674	S	156	381	537	0.00002
Curtobacterium sp. SP.BCp	3435230	S	146	340	486	0.00001
Curtobacterium sp. Curtsp57	3243047	S	143	262	405	0.00001
Curtobacterium sp. 9128	1793722	S	110	98	208	0.00001
Curtobacterium sp. Csp2	2495430	S	103	280	383	0.00001
Curtobacterium sp. MCBA15_004	1898733	S	96	344	440	0.00001
Curtobacterium sp. MCSS17_005	2175641	S	87	111	198	0.00001
Curtobacterium sp. MCPF17_050	2175664	S	70	107	177	0.00000
Curtobacterium sp. MCBA15_012	1898738	S	70	252	322	0.00001
Curtobacterium sp. MCPF17_021	2175639	S	56	154	210	0.00001
Curtobacterium sp. C1	2898151	S	52	142	194	0.00001
Curtobacterium sp. MCBD17_035	2175673	S	48	188	236	0.00001
Curtobacterium sp. MCLR17_054	2175632	S	42	112	154	0.00000
Curtobacterium sp. Csp1	2495429	S	25	687	712	0.00002
Curtobacterium sp. MCLR17_058	2175635	S	21	70	91	0.00000
Curtobacterium sp. MCLR17_031	2175622	S	14	57	71	0.00000
Curtobacterium flaccumfaciens	2035	S	1187	2348	3535	0.00010
Curtobacterium aetherium	2841594	S	555	138	693	0.00002
Curtobacterium poinsettiae	159612	S	63	256	319	0.00001
Curtobacterium citreum	2036	S	58	164	222	0.00001
Leifsonia sp. NPDC080035	3143936	S	1326	410	1736	0.00005
Leifsonia sp. ZF2019	2781978	S	1249	348	1597	0.00004
Leifsonia sp. WHRI 6310E	3162562	S	1126	652	1778	0.00005
Leifsonia sp. PS1209	2724914	S	1108	241	1349	0.00004
Leifsonia sp. McL0607	3415672	S	1056	213	1269	0.00004
Leifsonia sp. 21MFCrub1.1	1798223	S	819	460	1279	0.00004
Leifsonia sp. McL0618	3415677	S	807	99	906	0.00003
Leifsonia sp. McL0608	3143537	S	787	99	886	0.00002
Leifsonia sp. P73	3423959	S	710	2030	2740	0.00008
Leifsonia xyli	1575	S	2921	799	3720	0.00010
Leifsonia shinshuensis	150026	S	897	855	1752	0.00005
Leifsonia poae	110933	S	790	99	889	0.00002
Leucobacter sp. CX169	2813744	S	841	319	1160	0.00003
Leucobacter sp. HNU	3236805	S	821	189	1010	0.00003
Leucobacter sp. Psy1	2875729	S	589	65	654	0.00002
Leucobacter sp. W1153	3439064	S	479	276	755	0.00002
Leucobacter sp. Z1108	3439066	S	329	179	508	0.00001
Leucobacter luti	340320	S	1147	347	1494	0.00004
Leucobacter allii	2932247	S	1044	206	1250	0.00004
Leucobacter muris	1935379	S	959	490	1449	0.00004
Leucobacter tenebrionis	2873270	S	943	173	1116	0.00003
Leucobacter aridicollis	283878	S	802	457	1259	0.00004
Leucobacter triazinivorans	1784719	S	755	307	1062	0.00003
Leucobacter chromiireducens	283877	S	660	85	745	0.00002
Leucobacter rhizosphaerae	2932245	S	549	80	629	0.00002
Leucobacter coleopterorum	2714933	S	541	39	580	0.00002
Leucobacter denitrificans	683042	S	533	157	690	0.00002
Leucobacter insecticola	2714934	S	507	33	540	0.00002
Leucobacter viscericola	2714935	S	351	24	375	0.00001
Rathayibacter sp. VKM Ac-2760	2609253	S	678	253	931	0.00003
Rathayibacter sp. VKM Ac-2804	2609257	S	517	297	814	0.00002
Rathayibacter sp. VKM Ac-2801	2609255	S	453	305	758	0.00002
Rathayibacter sp. VKM Ac-2759	2609252	S	246	722	968	0.00003
Rathayibacter sp. VKM Ac-2805	2609258	S	208	403	611	0.00002
Rathayibacter sp. VKM Ac-2762	2609254	S	200	371	571	0.00002
Rathayibacter sp. VKM Ac-2803	2609256	S	73	2	75	0.00000
Rathayibacter festucae	110937	S	982	676	1658	0.00005
Rathayibacter soli	3144168	S	832	29	861	0.00002
Rathayibacter tanaceti	1671680	S	659	123	782	0.00002
Rathayibacter iranicus	59737	S	543	53	596	0.00002
Rathayibacter tritici	33888	S	425	86	511	0.00001
Rathayibacter toxicus	145458	S	420	40	460	0.00001
Rathayibacter rathayi	33887	S	329	51	380	0.00001
Rathayibacter oskolensis	1891671	S	255	819	1074	0.00003
Agrococcus sp. SL85	2995141	S	843	413	1256	0.00004
Agrococcus sp. Marseille-Q4369	2810513	S	841	266	1107	0.00003
Agrococcus sp. SGAir0287	2070347	S	826	190	1016	0.00003
Agrococcus sp. 1P02AA	3132259	S	826	209	1035	0.00003
Agrococcus sp. SCSIO52902	2933290	S	813	465	1278	0.00004
Agrococcus jejuensis	399736	S	949	230	1179	0.00003
Agrococcus beijingensis	3068634	S	841	724	1565	0.00004
Agrococcus chionoecetis	3153752	S	837	151	988	0.00003
Agrococcus carbonis	684552	S	749	451	1200	0.00003
Agrococcus terreus	574649	S	712	431	1143	0.00003
Clavibacter michiganensis	28447	S	1290	1576	2866	0.00008
Clavibacter sp. km1a	3459136	S	494	451	945	0.00003
Clavibacter sp. km3a	3459135	S	132	354	486	0.00001
Clavibacter nebraskensis	31963	S	834	512	1346	0.00004
Clavibacter sepedonicus	31964	S	513	188	701	0.00002
Clavibacter tessellarius	31965	S	461	243	704	0.00002
Clavibacter capsici	1874630	S	405	205	610	0.00002
Clavibacter phaseoli	1734031	S	393	269	662	0.00002
Clavibacter californiensis	1401995	S	314	247	561	0.00002
Clavibacter zhangzhiyongii	2768071	S	201	293	494	0.00001
Clavibacter seminis	2860285	S	175	160	335	0.00001
Cryobacterium sp. SO2	1897060	S	897	188	1085	0.00003
Cryobacterium sp. SO1	1897061	S	775	143	918	0.00003
Cryobacterium sp. LW097	1978566	S	771	153	924	0.00003
Cryobacterium sp. 10S3	3048582	S	677	147	824	0.00002
Cryobacterium sp. PAMC25264	2861288	S	602	267	869	0.00002
Cryobacterium sp.	1926290	S	10	16	26	0.00000
Cryobacterium arcticum	670052	S	717	464	1181	0.00003
Cryobacterium soli	2220095	S	710	283	993	0.00003
Cryobacterium breve	1259258	S	552	117	669	0.00002
Microcella daejeonensis	2994971	S	1006	318	1324	0.00004
Microcella sp.	1913979	S	565	62	627	0.00002
Chryseoglobus sp. 28M-23	2772253	S	164	401	565	0.00002
Microcella alkaliphila	279828	S	722	182	904	0.00003
Microcella flavibacter	1804990	S	721	472	1193	0.00003
Microcella humidisoli	2963406	S	678	114	792	0.00002
Microcella indica	2750620	S	290	773	1063	0.00003
Protaetiibacter sp. SSC-01	2759943	S	1840	611	2451	0.00007
Protaetiibacter intestinalis	2419774	S	1585	553	2138	0.00006
Protaetiibacter larvae	2592654	S	1012	271	1283	0.00004
Herbiconiux sp. UC225_62	3350168	S	1088	218	1306	0.00004
Herbiconiux sp. L3-i23	2905871	S	1024	215	1239	0.00003
Herbiconiux sp. A18JL235	3152363	S	853	1550	2403	0.00007
Salinibacterium sp. dk2585	2603292	S	829	142	971	0.00003
Salinibacterium sp. ZJ450	2708338	S	792	85	877	0.00002
Salinibacterium sp. ZJ70	2708084	S	780	174	954	0.00003
Salinibacterium sp. M195	2583374	S	451	61	512	0.00001
Salinibacterium sp. UTAS2018	2508880	S	325	31	356	0.00001
Salinibacterium sp. TMP30	3138237	S	250	23	273	0.00001
Frigoribacterium sp. NBH87	2596916	S	1021	268	1289	0.00004
Frigoribacterium sp. 2-23	3415006	S	904	166	1070	0.00003
Frigoribacterium sp. R86507	3093850	S	652	221	873	0.00002
Frigoribacterium sp. SL97	2994664	S	489	163	652	0.00002
Mycetocola sp. JXN-3	2116510	S	1279	145	1424	0.00004
Mycetocola spongiae	2859226	S	916	100	1016	0.00003
Mycetocola zhujimingii	2079792	S	722	66	788	0.00002
Microterricola viridarii	412690	S	2881	518	3399	0.00010
Plantibacter sp. RU18	3158143	S	724	71	795	0.00002
Plantibacter sp. M259	2583822	S	263	207	470	0.00001
Plantibacter sp. MPB07	3388853	S	185	388	573	0.00002
Plantibacter sp. PA-3-X8	2480625	S	130	280	410	0.00001
Plantibacter flavus	150123	S	339	298	637	0.00002
Cnuibacter sp. UC19_7	3350166	S	1211	332	1543	0.00004
Cnuibacter physcomitrellae	1619308	S	902	268	1170	0.00003
Frondihabitans sp. 762G35	1446794	S	766	137	903	0.00003
Frondihabitans sp. PAMC 28766	1795630	S	722	70	792	0.00002
Frondihabitans sucicola	1268041	S	682	70	752	0.00002
Rhodoluna lacicola	529884	S	370	79	449	0.00001
Candidatus Rhodoluna planktonica	535712	S	322	23	345	0.00001
Rhodoluna limnophila	232537	S	233	51	284	0.00001
Rhodoluna sp. KAS3	942880	S	129	44	173	0.00000
Candidatus Aquiluna sp. UB-MaderosW2red	1855377	S	238	9	247	0.00001
Aquiluna sp. Uisw_065	3230967	S	193	5	198	0.00001
Aquiluna sp. KACHI24	2968831	S	178	45	223	0.00001
Aquiluna borgnonia	2499157	S	294	19	313	0.00001
Gryllotalpicola protaetiae	2419771	S	1864	230	2094	0.00006
Paramicrobacterium chengjingii	2769067	S	682	49	731	0.00002
Paramicrobacterium sp. CJ85	3445355	S	560	148	708	0.00002
Paramicrobacterium fandaimingii	2708079	S	492	62	554	0.00002
Subtercola endophyticus	2895559	S	890	52	942	0.00003
Subtercola sp. PAMC28395	2846775	S	675	46	721	0.00002
Gulosibacter sp. ACHW.36C	3434457	S	835	330	1165	0.00003
Gulosibacter molinativorax	256821	S	670	276	946	0.00003
Humibacter ginsenosidimutans	2599293	S	1337	498	1835	0.00005
Orlajensenia flava	2565934	S	1210	181	1391	0.00004
Homoserinibacter sp. YIM 151385	2985506	S	1090	238	1328	0.00004
Marisediminicola antarctica	674079	S	990	94	1084	0.00003
Okibacterium fritillariae	123320	S	911	212	1123	0.00003
Naasia aerilata	1162966	S	768	104	872	0.00002
Lysinibacter sp. HNR	3031408	S	759	33	792	0.00002
Ruicaihuangia caeni	3042517	S	748	95	843	0.00002
Diaminobutyricimonas sp. LJ205	2683590	S	736	99	835	0.00002
Aurantimicrobium sp. INA4	2986279	S	250	37	287	0.00001
Aurantimicrobium sp. MWH-Uga1	2079575	S	193	16	209	0.00001
Aurantimicrobium photophilum	1987356	S	167	8	175	0.00000
Aurantimicrobium minutum	708131	S	67	10	77	0.00000
Glaciihabitans sp. INWT7	2596912	S	677	32	709	0.00002
Antiquaquibacter oligotrophicus	2880260	S	665	39	704	0.00002
Humidisolicoccus flavus	3111414	S	604	47	651	0.00002
Agreia sp. COWG	2773266	S	569	63	632	0.00002
Homoserinimonas hongtaonis	2079791	S	482	62	544	0.00002
Pontimonas salivibrio	1159327	S	263	9	272	0.00001
Arthrobacter sp. ERGS1:01	1704044	S	1035	115	1150	0.00003
Arthrobacter sp. NEB 688	904039	S	938	512	1450	0.00004
Arthrobacter sp. zg-Y20	2886938	S	924	144	1068	0.00003
Arthrobacter sp. Helios	2828862	S	913	99	1012	0.00003
Arthrobacter sp. ATA002	2991715	S	899	109	1008	0.00003
Arthrobacter sp. PAMC 25486	1494608	S	843	65	908	0.00003
Arthrobacter sp. zg-Y820	2894192	S	721	142	863	0.00002
Arthrobacter sp. A5	576926	S	699	33	732	0.00002
Arthrobacter sp. FW305-BF8	2879617	S	688	159	847	0.00002
Arthrobacter sp. G.S.26	3433706	S	684	85	769	0.00002
Arthrobacter sp. NicSoilB8	2830998	S	684	98	782	0.00002
Arthrobacter sp. KBS0702	2578107	S	683	166	849	0.00002
Arthrobacter sp. R-11	3404053	S	656	91	747	0.00002
Arthrobacter sp. QXT-31	1357915	S	645	97	742	0.00002
Arthrobacter sp. zg-Y919	2894187	S	637	116	753	0.00002
Arthrobacter sp. N1	619291	S	628	55	683	0.00002
Arthrobacter sp. K5	2839623	S	623	122	745	0.00002
Arthrobacter sp. StoSoilB20	2830995	S	619	122	741	0.00002
Arthrobacter sp. NicSoilB4	2830997	S	617	111	728	0.00002
Arthrobacter sp. CJ23	2972479	S	617	100	717	0.00002
Arthrobacter sp. CDRTa11	2651199	S	608	52	660	0.00002
Arthrobacter sp. PAMC25564	2565366	S	601	91	692	0.00002
Arthrobacter sp. 92	3418175	S	587	77	664	0.00002
Arthrobacter sp. YC-RL1	1652545	S	556	2521	3077	0.00009
Arthrobacter sp. StoSoilB5	2830992	S	556	106	662	0.00002
Arthrobacter sp. NyZ413	3144669	S	553	55	608	0.00002
Arthrobacter sp. UKPF54-2	2600159	S	538	130	668	0.00002
Arthrobacter sp. U41	1849032	S	528	76	604	0.00002
Arthrobacter sp. 24S4-2	2575374	S	524	70	594	0.00002
Arthrobacter sp. Hor0625	3457358	S	496	101	597	0.00002
Arthrobacter sp. MPF02	3388492	S	483	77	560	0.00002
Arthrobacter sp. MMS18-M83	2996261	S	461	66	527	0.00001
Arthrobacter sp. PM3	2017685	S	447	25	472	0.00001
Arthrobacter sp. FW306-2-2C-D06B	2879618	S	443	107	550	0.00002
Arthrobacter sp. YN	2020486	S	437	180	617	0.00002
Arthrobacter sp. EM1	3043847	S	421	58	479	0.00001
Arthrobacter sp. StoSoilB22	2830996	S	419	91	510	0.00001
Arthrobacter sp. UC242_113	3374550	S	418	104	522	0.00001
Arthrobacter sp. zg-Y1110	2886932	S	407	115	522	0.00001
Arthrobacter sp. NtRootA1	2830983	S	390	107	497	0.00001
Arthrobacter sp. FB24	290399	S	389	106	495	0.00001
Arthrobacter sp. TMP15	3140789	S	389	32	421	0.00001
Arthrobacter sp. PAMC25284	2861279	S	386	69	455	0.00001
Arthrobacter sp. Y-9	3039385	S	375	90	465	0.00001
Arthrobacter sp. JZ12	2654190	S	366	33	399	0.00001
Arthrobacter sp. NicSoilC5	2831000	S	356	165	521	0.00001
Arthrobacter sp. PGP41	2079227	S	307	75	382	0.00001
Arthrobacter sp. KNU40	3447965	S	253	54	307	0.00001
Arthrobacter sp. zg-Y1171	2964610	S	245	85	330	0.00001
Arthrobacter sp. KN11-1C	3445774	S	237	57	294	0.00001
Arthrobacter sp. YA7-1	2987701	S	215	50	265	0.00001
Arthrobacter sp. FW306-04-A	2879619	S	195	31	226	0.00001
Arthrobacter sp. FW306-06-A	2879621	S	162	814	976	0.00003
Arthrobacter sp. DNA4	2963432	S	155	806	961	0.00003
Arthrobacter sp. StoSoilA2	2830990	S	102	198	300	0.00001
Arthrobacter sp. D5-1	1477518	S	94	554	648	0.00002
Arthrobacter sp. Rue61a	1118963	S	92	373	465	0.00001
Arthrobacter sp. FX8	2997335	S	70	435	505	0.00001
Arthrobacter sp. StoSoilB13	2830993	S	66	135	201	0.00001
Arthrobacter sp. FW306-07-I	2879622	S	60	445	505	0.00001
Arthrobacter sp. StoSoilB19	2830994	S	52	464	516	0.00001
Arthrobacter sp. FW306-05-C	2879620	S	51	373	424	0.00001
Arthrobacter sp. NicSoilB11	2830999	S	41	301	342	0.00001
Arthrobacter sp. AQ5-05	2184581	S	33	448	481	0.00001
Arthrobacter sp.	1667	S	17	12	29	0.00000
Arthrobacter citreus	1670	S	1458	336	1794	0.00005
Arthrobacter agilis	37921	S	1285	101	1386	0.00004
Arthrobacter alpinus	656366	S	1232	1918	3150	0.00009
Arthrobacter koreensis	199136	S	1189	196	1385	0.00004
Arthrobacter caoxuetaonis	2886935	S	1175	159	1334	0.00004
Arthrobacter luteolus	98672	S	918	251	1169	0.00003
Arthrobacter dokdonellae	2211210	S	875	57	932	0.00003
Arthrobacter oryzae	409290	S	814	134	948	0.00003
Arthrobacter jiangjiafuii	2817475	S	674	118	792	0.00002
Arthrobacter sulfonylureivorans	2486855	S	669	42	711	0.00002
Arthrobacter zhangbolii	2886936	S	661	93	754	0.00002
Arthrobacter zhaoxinii	2964616	S	657	145	802	0.00002
Arthrobacter gengyunqii	2886940	S	599	127	726	0.00002
Arthrobacter antioxidans	2895818	S	585	64	649	0.00002
Arthrobacter sunyaminii	2816859	S	456	86	542	0.00002
Arthrobacter woluwensis	156980	S	449	99	548	0.00002
Arthrobacter nitrophenolicus	683150	S	400	80	480	0.00001
Arthrobacter polaris	2813727	S	391	22	413	0.00001
Arthrobacter jinronghuae	2964609	S	387	100	487	0.00001
Pseudarthrobacter sp. P1	3418418	S	946	106	1052	0.00003
Pseudarthrobacter sp. BIM B-2242	2772401	S	907	106	1013	0.00003
Pseudarthrobacter sp. O4	3418417	S	689	122	811	0.00002
Pseudarthrobacter sp. L19	3423951	S	624	124	748	0.00002
Pseudarthrobacter sp. IC2-21	3092262	S	617	76	693	0.00002
Pseudarthrobacter sp. H2	3418415	S	593	79	672	0.00002
Pseudarthrobacter sp. S9	3418421	S	574	87	661	0.00002
Pseudarthrobacter sp. NS4	2973976	S	529	79	608	0.00002
Pseudarthrobacter sp. MM222	3018929	S	516	77	593	0.00002
Pseudarthrobacter sp. J47	3116482	S	459	221	680	0.00002
Pseudarthrobacter sp. N5	3418416	S	424	47	471	0.00001
Pseudarthrobacter sp. NIBRBAC000502772	2590775	S	409	207	616	0.00002
Pseudarthrobacter sp. WHRI 8279	3162566	S	353	276	629	0.00002
Pseudarthrobacter sp. L1SW	2851598	S	350	79	429	0.00001
Pseudarthrobacter sp. Y6	3418422	S	343	71	414	0.00001
Pseudarthrobacter sp. 1G09	3416178	S	225	116	341	0.00001
Pseudarthrobacter sp. SSS035	2931399	S	214	171	385	0.00001
Pseudarthrobacter sp. NBSH8	2596911	S	186	48	234	0.00001
Pseudarthrobacter sp. NIBRBAC000502771	2590774	S	162	279	441	0.00001
Pseudarthrobacter sp. NIBRBAC000502770	2590785	S	116	179	295	0.00001
Pseudarthrobacter sp. LT1	3111450	S	59	297	356	0.00001
Pseudarthrobacter sp. S6	3418420	S	42	270	312	0.00001
Pseudarthrobacter sp. S3	3418419	S	32	244	276	0.00001
Pseudarthrobacter sp. NamE5	2576839	S	26	0	26	0.00000
Pseudarthrobacter phenanthrenivorans	361575	S	511	289	800	0.00002
Pseudarthrobacter chlorophenolicus	85085	S	487	124	611	0.00002
Pseudarthrobacter equi	728066	S	465	235	700	0.00002
Pseudarthrobacter defluvii	410837	S	423	379	802	0.00002
Pseudarthrobacter oxydans	1671	S	409	125	534	0.00001
Pseudarthrobacter quantipunctorum	3128980	S	275	234	509	0.00001
Pseudarthrobacter sulfonivorans	121292	S	169	222	391	0.00001
Rothia mucilaginosa	43675	S	1980	226	2206	0.00006
Rothia sp. SD9660Na	3047030	S	1136	279	1415	0.00004
Rothia sp. ZJ932	2810516	S	725	71	796	0.00002
Rothia nasimurium	85336	S	1272	907	2179	0.00006
Rothia kristinae	37923	S	1093	724	1817	0.00005
Rothia dentocariosa	2047	S	603	212	815	0.00002
Rothia aeria	172042	S	587	226	813	0.00002
Rothia amarae	169480	S	530	793	1323	0.00004
Rothia terrae	396015	S	467	713	1180	0.00003
Rothia koreensis	592378	S	307	19	326	0.00001
Glutamicibacter sp. 2E12	3416181	S	439	53	492	0.00001
Glutamicibacter sp. JL.03c	2984842	S	355	51	406	0.00001
Glutamicibacter sp. M10	3023076	S	280	33	313	0.00001
Glutamicibacter sp. FR1	3393744	S	197	331	528	0.00001
Glutamicibacter sp. PAEs-4	3444114	S	21	176	197	0.00001
Glutamicibacter sp. ZJUTW	1155384	S	15	115	130	0.00000
Glutamicibacter ectropisis	3046593	S	913	121	1034	0.00003
Glutamicibacter creatinolyticus	162496	S	803	71	874	0.00002
Glutamicibacter mishrai	1775880	S	754	146	900	0.00003
Glutamicibacter protophormiae	37930	S	746	331	1077	0.00003
Glutamicibacter halophytocola	1933880	S	685	71	756	0.00002
Glutamicibacter soli	453836	S	620	3569	4189	0.00012
Glutamicibacter arilaitensis	256701	S	619	163	782	0.00002
Glutamicibacter endophyticus	1522174	S	543	42	585	0.00002
Glutamicibacter uratoxydans	43667	S	435	138	573	0.00002
Glutamicibacter nicotianae	37929	S	244	980	1224	0.00003
Glutamicibacter mysorens	257984	S	54	164	218	0.00001
Kocuria rosea	1275	S	1349	192	1541	0.00004
Kocuria palustris	71999	S	995	896	1891	0.00005
Kocuria sp. TGY1127_2	2711328	S	371	196	567	0.00002
Kocuria sp. KSNUG	3136676	S	256	424	680	0.00002
Kocuria sp. KD4	2719588	S	93	62	155	0.00000
Kocuria sp. BT304	1702043	S	47	206	253	0.00001
Kocuria sp. ChxB	3035474	S	14	140	154	0.00000
Kocuria rhizophila	72000	S	778	1654	2432	0.00007
Kocuria turfanensis	388357	S	738	140	878	0.00002
Kocuria flava	446860	S	712	330	1042	0.00003
Kocuria varians	1272	S	593	507	1100	0.00003
Kocuria marina	223184	S	81	86	167	0.00000
Paenarthrobacter sp. NyZ202	3402689	S	551	75	626	0.00002
Paenarthrobacter sp. S56	3138179	S	409	51	460	0.00001
Paenarthrobacter sp. GOM3	2782567	S	403	64	467	0.00001
Paenarthrobacter sp. TA1.8	3400219	S	356	177	533	0.00001
Paenarthrobacter sp. JL.01a	2979324	S	296	45	341	0.00001
[Arthrobacter] sp. ATCC 21022	1771959	S	108	249	357	0.00001
Paenarthrobacter sp. YJN-D	2735317	S	59	196	255	0.00001
Paenarthrobacter sp. AMU7	3162492	S	52	321	373	0.00001
Paenarthrobacter sp. C1	3400220	S	48	64	112	0.00000
Paenarthrobacter sp. OM7	3041264	S	46	250	296	0.00001
Paenarthrobacter sp. AT5	2973089	S	39	632	671	0.00002
Paenarthrobacter sp. YJN-5	2735316	S	33	40	73	0.00000
Paenarthrobacter sp. Y-19	3031125	S	11	21	32	0.00000
Paenarthrobacter nitroguajacolicus	211146	S	427	118	545	0.00002
Paenarthrobacter aurescens	43663	S	412	325	737	0.00002
Paenarthrobacter ilicis	43665	S	355	57	412	0.00001
Paenarthrobacter ureafaciens	37931	S	313	1083	1396	0.00004
Paenarthrobacter nicotinovorans	29320	S	229	302	531	0.00001
Micrococcus luteus	1270	S	1050	2512	3562	0.00010
Micrococcus lylae	1273	S	828	200	1028	0.00003
Micrococcus porci	2856555	S	617	327	944	0.00003
Micrococcus terreus	574650	S	595	197	792	0.00002
Micrococcus sp. HOU01	3101753	S	91	437	528	0.00001
Micrococcus sp. 2A	3142261	S	46	138	184	0.00001
Micrococcus sp. KBS0714	1179670	S	14	135	149	0.00000
Micrococcus antarcticus	86171	S	82	164	246	0.00001
Micrococcus yunnanensis	566027	S	46	338	384	0.00001
Sinomonas atrocyanea	37927	S	1278	488	1766	0.00005
Sinomonas sp. P47F7	3410987	S	818	31	849	0.00002
Sinomonas sp. R1AF57	2020377	S	225	144	369	0.00001
Sinomonas puerhi	3238584	S	901	58	959	0.00003
Sinomonas cyclohexanicum	322009	S	876	66	942	0.00003
Sinomonas flava	496857	S	239	133	372	0.00001
Citricoccus sp. SGAir0253	2567881	S	1184	187	1371	0.00004
Citricoccus sp. I39-566	3073268	S	994	674	1668	0.00005
Citricoccus sp. NR2	3004095	S	208	729	937	0.00003
Citricoccus nitrophenolicus	863575	S	383	61	444	0.00001
Citricoccus muralis	169134	S	142	248	390	0.00001
Crystallibacter crystallopoietes	37928	S	1579	163	1742	0.00005
Nesterenkonia pannonica	1548602	S	277	202	479	0.00001
Nesterenkonia sp. NBAIMH1	2600320	S	249	183	432	0.00001
Paeniglutamicibacter sp. Y32M11	2853258	S	573	57	630	0.00002
Auritidibacter ignavus	678932	S	118	434	552	0.00002
Neomicrococcus aestuarii	556325	S	503	137	640	0.00002
Psychromicrobium lacuslunae	1618207	S	391	15	406	0.00001
Zhihengliuella sp. ISTPL4	2058657	S	379	899	1278	0.00004
Pseudoglutamicibacter albus	98671	S	231	464	695	0.00002
Renibacterium salmoninarum	1646	S	212	8	220	0.00001
Cellulomonas sp. Y8	2591145	S	1264	390	1654	0.00005
Cellulomonas sp.	40001	S	1144	173	1317	0.00004
Cellulomonas sp. NS3	2973977	S	922	188	1110	0.00003
Cellulomonas sp. McL0617	3415675	S	864	146	1010	0.00003
Cellulomonas sp. NTE-D12	2962632	S	857	155	1012	0.00003
Cellulomonas sp. ATA003	3073064	S	847	182	1029	0.00003
Cellulomonas sp. H30R-01	2704467	S	762	278	1040	0.00003
Cellulomonas sp. ES6	3039384	S	648	353	1001	0.00003
Cellulomonas sp. S1-8	2904790	S	601	116	717	0.00002
Cellulomonas sp. C5510	2871170	S	587	346	933	0.00003
Cellulomonas sp. JZ18	2654191	S	561	171	732	0.00002
Cellulomonas sp. WB94	2173174	S	228	10	238	0.00001
Cellulomonas sp. PSBB021	2003551	S	103	519	622	0.00002
Cellulomonas sp. CW35	3458249	S	59	270	329	0.00001
Cellulomonas fimi	1708	S	1665	594	2259	0.00006
Cellulomonas taurus	2729175	S	1083	261	1344	0.00004
Cellulomonas iranensis	76862	S	1012	313	1325	0.00004
Cellulomonas chengniuliangii	2968084	S	936	207	1143	0.00003
Cellulomonas fengjieae	2819978	S	844	169	1013	0.00003
Cellulomonas gilvus	11	S	809	290	1099	0.00003
Cellulomonas dongxiuzhuiae	2819979	S	792	200	992	0.00003
Cellulomonas wangsupingiae	2968085	S	750	252	1002	0.00003
Cellulomonas xiejunii	2968083	S	724	174	898	0.00003
Cellulomonas palmilytica	2608402	S	688	393	1081	0.00003
Cellulomonas shaoxiangyii	2566013	S	677	204	881	0.00002
Cellulomonas flavigena	1711	S	651	159	810	0.00002
Cellulomonas wangleii	2816956	S	607	237	844	0.00002
Paraoerskovia sediminicola	1138587	S	694	107	801	0.00002
Paraoerskovia marina	545619	S	532	95	627	0.00002
Oerskovia sp. KBS0722	1179673	S	746	170	916	0.00003
Pseudactinotalea sp. HY158	2654547	S	676	39	715	0.00002
Actinotalea sp. JY-7876	2758442	S	635	153	788	0.00002
Janibacter sp. GS2	3442646	S	626	43	669	0.00002
Janibacter sp. G56	3418717	S	479	182	661	0.00002
Janibacter sp. DB-40	3028808	S	471	147	618	0.00002
Janibacter sp. G349	3405424	S	228	442	670	0.00002
Janibacter sp. YB324	2761047	S	143	394	537	0.00002
Janibacter sp. CX7	2963431	S	101	163	264	0.00001
Janibacter terrae	103817	S	786	445	1231	0.00003
Janibacter limosus	53458	S	765	278	1043	0.00003
Janibacter alittae	3115209	S	584	49	633	0.00002
Janibacter melonis	262209	S	583	128	711	0.00002
Janibacter indicus	857417	S	492	949	1441	0.00004
Janibacter cremeus	1285192	S	329	102	431	0.00001
Arsenicicoccus dermatophilus	1076331	S	1168	189	1357	0.00004
Arsenicicoccus sp. oral taxon 190	1658671	S	698	307	1005	0.00003
Arsenicicoccus cauae	2663847	S	638	218	856	0.00002
Phycicoccus sp. HDW14	2714941	S	742	168	910	0.00003
Phycicoccus endophyticus	1690220	S	592	75	667	0.00002
Phycicoccus jejuensis	367299	S	559	338	897	0.00003
Terrabacter sp. BE26	2898152	S	908	162	1070	0.00003
Terrabacter sp. C0L_2	3108389	S	841	179	1020	0.00003
Pedococcus sp. KACC 23699	3149228	S	812	130	942	0.00003
Pedococcus dokdonensis	443156	S	807	129	936	0.00003
Knoellia locipacati	882824	S	794	112	906	0.00003
Knoellia sp. S7-12	3126698	S	746	50	796	0.00002
Oryzobacter telluris	3149179	S	580	137	717	0.00002
Oryzobacter terrae	1620385	S	569	142	711	0.00002
Intrasporangium calvum	53358	S	806	82	888	0.00002
Humibacillus xanthopallidus	412689	S	786	93	879	0.00002
Nostocoides sp. HKS02	1813880	S	441	54	495	0.00001
Cellulosimicrobium sp. PMB13	3120158	S	999	205	1204	0.00003
Cellulosimicrobium sp. E-16	3404049	S	637	250	887	0.00002
Cellulosimicrobium sp. ES-005	3163031	S	588	187	775	0.00002
Cellulosimicrobium sp. JZ28	1906273	S	135	231	366	0.00001
Cellulosimicrobium sp. TH-20	1980001	S	75	323	398	0.00001
Cellulosimicrobium sp. 72-3	2731680	S	66	275	341	0.00001
Cellulosimicrobium sp. SJTW-1	3078082	S	65	229	294	0.00001
Cellulosimicrobium cellulans	1710	S	1919	1943	3862	0.00011
Cellulosimicrobium protaetiae	2587808	S	741	207	948	0.00003
Isoptericola jiangsuensis	548579	S	1072	7994	9066	0.00025
Isoptericola dokdonensis	372663	S	995	278	1273	0.00004
Isoptericola sp. AK164	3024246	S	944	194	1138	0.00003
Isoptericola halotolerans	300560	S	849	131	980	0.00003
Isoptericola variabilis	139208	S	746	259	1005	0.00003
Xylanimonas protaetiae	2509457	S	1088	386	1474	0.00004
Xylanimonas sp. McL0601	3414739	S	895	184	1079	0.00003
Xylanimonas cellulosilytica	186189	S	852	181	1033	0.00003
Xylanimonas allomyrinae	2509459	S	699	154	853	0.00002
Promicromonospora sp. NFX87	3402691	S	1188	163	1351	0.00004
Promicromonospora sp. MS192	3412684	S	1093	183	1276	0.00004
Promicromonospora sp. Populi	3239420	S	999	176	1175	0.00003
Promicromonospora sp. CA-291202	3240016	S	20	0	20	0.00000
Brachybacterium sp. UNK5269	3408576	S	885	198	1083	0.00003
Brachybacterium sp. P6-10-X1	1903186	S	867	67	934	0.00003
Brachybacterium sp. NBEC-018	2996004	S	860	472	1332	0.00004
Brachybacterium sp. Z12	2759167	S	537	56	593	0.00002
Brachybacterium sp. SGAir0954	2571029	S	468	290	758	0.00002
Brachybacterium sp. GU-2	3069708	S	343	854	1197	0.00003
Brachybacterium sp. GPGPB12	3023517	S	274	404	678	0.00002
Brachybacterium ginsengisoli	1331682	S	1340	204	1544	0.00004
Brachybacterium huguangmaarense	1652028	S	994	639	1633	0.00005
Brachybacterium saurashtrense	556288	S	969	167	1136	0.00003
Brachybacterium kimchii	2942909	S	767	420	1187	0.00003
Brachybacterium avium	2017485	S	726	134	860	0.00002
Brachybacterium vulturis	2017484	S	671	108	779	0.00002
Brachybacterium halotolerans	2795215	S	480	312	792	0.00002
Dermabacter vaginalis	1630135	S	540	681	1221	0.00003
Dermabacter jinjuensis	1667168	S	478	1537	2015	0.00006
Dermabacter hominis	36740	S	216	435	651	0.00002
Helcobacillus massiliensis	521392	S	714	154	868	0.00002
Devriesea agamarum	472569	S	395	13	408	0.00001
Brevibacterium sp. GP-SGM9	3376990	S	778	24	802	0.00002
Brevibacterium sp. BRM-1	2999062	S	735	642	1377	0.00004
Brevibacterium sp. CS2	2575923	S	667	420	1087	0.00003
Brevibacterium sp. 1718	3413510	S	576	142	718	0.00002
Brevibacterium sp. SMBL_HHYL_HB1	2777556	S	401	96	497	0.00001
Brevibacterium sp. JSBI002	2886045	S	188	68	256	0.00001
Brevibacterium sp. LE-L	3418557	S	145	507	652	0.00002
Brevibacterium sp. K11IcPPYGO002	3058837	S	104	132	236	0.00001
Brevibacterium sp. 'Marine'	2725563	S	95	132	227	0.00001
Brevibacterium sp. BDJS002	3020906	S	79	417	496	0.00001
Brevibacterium sp. FAM 27836	3446693	S	62	163	225	0.00001
Brevibacterium sp. W7.2	2823518	S	54	293	347	0.00001
Brevibacterium sp. K72	3390729	S	48	618	666	0.00002
Brevibacterium sp. Ap13	1406197	S	28	54	82	0.00000
Brevibacterium luteolum	199591	S	923	557	1480	0.00004
Brevibacterium linens	1703	S	579	313	892	0.00003
Brevibacterium oceani	358099	S	449	33	482	0.00001
Brevibacterium sandarakinum	629680	S	430	69	499	0.00001
Brevibacterium atlanticum	2697563	S	423	31	454	0.00001
Brevibacterium spongiae	2909672	S	407	77	484	0.00001
Brevibacterium casei	33889	S	401	1227	1628	0.00005
Brevibacterium limosum	2697565	S	386	98	484	0.00001
Brevibacterium koreense	3140787	S	324	371	695	0.00002
Brevibacterium siliguriense	1136497	S	307	29	336	0.00001
Brevibacterium zhoupengii	2898795	S	280	38	318	0.00001
Brevibacterium aurantiacum	273384	S	248	957	1205	0.00003
Brevibacterium pigmentatum	1496080	S	140	90	230	0.00001
Saxibacter everestensis	2909229	S	434	14	448	0.00001
Ornithinimicrobium sp. Y1847	3405419	S	855	234	1089	0.00003
Ornithinimicrobium sp. W1665	3416666	S	691	143	834	0.00002
Ornithinimicrobium sp. INDO-MA30-4	2908651	S	203	49	252	0.00001
Ornithinimicrobium avium	2283195	S	1005	124	1129	0.00003
Ornithinimicrobium sufpigmenti	2508882	S	906	175	1081	0.00003
Ornithinimicrobium faecis	2934158	S	795	81	876	0.00002
Ornithinimicrobium flavum	1288636	S	775	223	998	0.00003
Ornithinimicrobium pratense	2593973	S	721	83	804	0.00002
Ornithinimicrobium ciconiae	2594265	S	679	59	738	0.00002
Ornithinimicrobium cryptoxanthini	2934161	S	665	61	726	0.00002
Serinicoccus hydrothermalis	1758689	S	685	184	869	0.00002
Serinicoccus profundi	1078471	S	655	162	817	0.00002
Serinicoccus marinus	247333	S	614	164	778	0.00002
Serinicoccus chungangensis	767452	S	528	108	636	0.00002
Dermacoccus nishinomiyaensis	1274	S	898	354	1252	0.00004
Dermacoccus sp. PAMC28757	2762331	S	533	148	681	0.00002
Luteipulveratus mongoliensis	571913	S	1182	90	1272	0.00004
Barrientosiimonas endolithica	1535208	S	208	751	959	0.00003
Barrientosiimonas humi	999931	S	130	369	499	0.00001
Allobranchiibius sp. GilTou73	2904523	S	790	73	863	0.00002
Yimella sp. cx-51	2770551	S	648	68	716	0.00002
Ruania suaedae	2897774	S	828	85	913	0.00003
Ruania zhangjianzhongii	2603206	S	768	67	835	0.00002
Ruania alkalisoli	2779775	S	656	52	708	0.00002
Ruania halotolerans	2897773	S	648	49	697	0.00002
Occultella kanbiaonis	2675754	S	1108	139	1247	0.00004
Pengzhenrongella phosphoraccumulans	3114394	S	823	97	920	0.00003
Pengzhenrongella sicca	2819238	S	813	139	952	0.00003
Luteimicrobium xylanilyticum	1133546	S	1506	301	1807	0.00005
Timonella sp. A28	3442640	S	292	40	332	0.00001
Demequina aurantiaca	676200	S	1150	58	1208	0.00003
Demequina capsici	3075620	S	1059	121	1180	0.00003
Demequina sp. TMPB413	2881056	S	546	61	607	0.00002
Demequina sediminis	1930058	S	512	214	726	0.00002
Sanguibacter sp. HDW7	2714931	S	783	140	923	0.00003
Sanguibacter sp. Z1732	3435412	S	738	20	758	0.00002
Sanguibacter keddieii	60920	S	937	220	1157	0.00003
Sanguibacter biliveldensis	3030830	S	594	119	713	0.00002
Miniimonas sp. S16	2171623	S	1115	1034	2149	0.00006
Beutenbergia cavernae	84757	S	1053	103	1156	0.00003
Gephyromycinifex aptenodytis	2716227	S	734	35	769	0.00002
Austwickia chelonae	100225	S	685	34	719	0.00002
Dermatophilus congolensis	1863	S	405	19	424	0.00001
Kytococcus sedentarius	1276	S	1594	565	2159	0.00006
Jonesia denitrificans	43674	S	169	29	198	0.00001
Tropheryma whipplei	2039	S	101	0	101	0.00000
Rhodococcus sp. SGAir0479	2567884	S	10416	2826	13242	0.00037
Rhodococcus sp. W8901	2742603	S	9102	1779	10881	0.00031
Rhodococcus sp. ABRD24	2507582	S	5020	525	5545	0.00016
Rhodococcus sp. MTM3W5.2	1805827	S	2022	262	2284	0.00006
Rhodococcus sp. SJ-3	3454628	S	1746	119	1865	0.00005
Rhodococcus sp. X156	2499145	S	1349	188	1537	0.00004
Rhodococcus sp. WMMA185	679318	S	1045	83	1128	0.00003
Rhodococcus sp. B7740	1564114	S	910	172	1082	0.00003
Rhodococcus sp. P1Y	1302308	S	800	73	873	0.00002
Rhodococcus sp. KRD162	2729725	S	649	148	797	0.00002
Rhodococcus sp. USK10	2789739	S	443	116	559	0.00002
Rhodococcus sp. USK13	2806442	S	430	287	717	0.00002
Rhodococcus sp. WAY2	2663121	S	410	519	929	0.00003
Rhodococcus sp. PD04	3109594	S	405	1563	1968	0.00006
Rhodococcus sp. PBTS 1	1653478	S	322	1316	1638	0.00005
Rhodococcus sp. RDE2	2885078	S	321	341	662	0.00002
Rhodococcus sp. JVH1	745408	S	293	538	831	0.00002
Rhodococcus sp. DMU1	2722825	S	157	439	596	0.00002
Rhodococcus sp. WB9	2594007	S	149	121	270	0.00001
Rhodococcus sp. JS3073	3002901	S	133	143	276	0.00001
Rhodococcus sp. B264-1	233067	S	129	0	129	0.00000
Rhodococcus sp. NBC_00297	2976005	S	125	603	728	0.00002
Rhodococcus sp. BH4	1807790	S	119	792	911	0.00003
Rhodococcus sp. NBC_00294	2976004	S	112	532	644	0.00002
Rhodococcus sp. ZPP	2749906	S	112	272	384	0.00001
Rhodococcus sp. 21391	2683591	S	106	367	473	0.00001
Rhodococcus sp. GA1	2942275	S	76	816	892	0.00003
Rhodococcus sp. P-2	2795031	S	71	49	120	0.00000
Rhodococcus sp. 008	1723645	S	60	348	408	0.00001
Rhodococcus sp. p52	935199	S	59	284	343	0.00001
Rhodococcus sp. 2G	1570939	S	49	230	279	0.00001
Rhodococcus sp. LW-XY12	2856851	S	45	505	550	0.00002
Rhodococcus sp. SG20037	3074148	S	38	334	372	0.00001
Rhodococcus sp. AQ5-07	2054902	S	35	94	129	0.00000
Rhodococcus sp. H-CA8f	1727214	S	33	107	140	0.00000
Rhodococcus sp. DN22	357684	S	26	390	416	0.00001
Rhodococcus sp. YL-1	1045808	S	25	165	190	0.00001
Rhodococcus sp. AD45	103808	S	20	0	20	0.00000
Rhodococcus sp. D-6	1387842	S	18	113	131	0.00000
Rhodococcus sp. WB1	1033922	S	18	158	176	0.00000
Rhodococcus sp. PSBB049	2812863	S	15	127	142	0.00000
Rhodococcus sp. DMF-1	2907624	S	14	89	103	0.00000
Rhodococcus sp. NyZ502	3242855	S	12	103	115	0.00000
Rhodococcus opacus	37919	S	3095	1225	4320	0.00012
Rhodococcus sacchari	2962047	S	1537	222	1759	0.00005
Rhodococcus erythropolis	1833	S	676	1521	2197	0.00006
Rhodococcus qingshengii	334542	S	615	2718	3333	0.00009
Rhodococcus rhodochrous	1829	S	1375	1901	3276	0.00009
Rhodococcus coprophilus	38310	S	1363	117	1480	0.00004
Rhodococcus globerulus	33008	S	1314	89	1403	0.00004
Rhodococcus triatomae	300028	S	1276	262	1538	0.00004
Rhodococcus antarcticus	2987751	S	1151	100	1251	0.00004
Rhodococcus pyridinivorans	103816	S	1037	3051	4088	0.00011
Rhodococcus gordoniae	223392	S	996	222	1218	0.00003
Rhodococcus koreensis	99653	S	821	124	945	0.00003
Rhodococcus indonesiensis	3055869	S	810	200	1010	0.00003
Rhodococcus sovatensis	1805840	S	762	39	801	0.00002
Rhodococcus pseudokoreensis	2811421	S	629	137	766	0.00002
Rhodococcus ruber	1830	S	551	1948	2499	0.00007
Rhodococcus aetherivorans	191292	S	349	1866	2215	0.00006
Rhodococcus oxybenzonivorans	1990687	S	160	137	297	0.00001
Rhodococcus wratislaviensis	44752	S	106	113	219	0.00001
Rhodococcus jostii	132919	S	101	166	267	0.00001
Rhodococcus rhodnii	38312	S	14	0	14	0.00000
Nocardia sp. CA-151230	3239982	S	1411	206	1617	0.00005
Nocardia sp. NBC_01377	2903595	S	1313	68	1381	0.00004
Nocardia sp. NBC_00511	2903591	S	1295	130	1425	0.00004
Nocardia sp. NBC_00416	2975991	S	1220	102	1322	0.00004
Nocardia sp. CS682	1047172	S	1079	194	1273	0.00004
Nocardia sp. CA-107356	3239972	S	951	139	1090	0.00003
Nocardia sp. NBC_01503	2975997	S	926	60	986	0.00003
Nocardia sp. CA-128927	3239975	S	899	150	1049	0.00003
Nocardia sp. NBC_01388	2903596	S	864	276	1140	0.00003
Nocardia sp. NBC_00565	2975993	S	834	108	942	0.00003
Nocardia sp. FBN12	3419766	S	803	198	1001	0.00003
Nocardia sp. NBC_01730	2975998	S	797	115	912	0.00003
Nocardia sp. NBC_01499	2903597	S	774	131	905	0.00003
Nocardia sp. CA-119907	3239973	S	772	369	1141	0.00003
Nocardia sp. NBC_00881	2975995	S	772	106	878	0.00002
Nocardia sp. NBC_01327	2903593	S	766	239	1005	0.00003
Nocardia sp. NBC_00508	2975992	S	755	105	860	0.00002
Nocardia sp. CA-136227	3239979	S	746	499	1245	0.00003
Nocardia sp. CA-145437	3239980	S	743	515	1258	0.00004
Nocardia sp. CA-084685	3239970	S	720	157	877	0.00002
Nocardia sp. NBC_01329	2903594	S	683	56	739	0.00002
Nocardia sp. IBHARD005	3457765	S	571	176	747	0.00002
Nocardia sp. PE-7	3058426	S	566	553	1119	0.00003
Nocardia sp. CA-120079	3239974	S	525	576	1101	0.00003
Nocardia sp. CA-135398	3239977	S	515	145	660	0.00002
Nocardia sp. CA-129566	3239976	S	501	244	745	0.00002
Nocardia sp. CA-135953	3239978	S	470	479	949	0.00003
Nocardia sp. NBC_00403	2975990	S	454	390	844	0.00002
Nocardia sp. NBC_01009	2975996	S	371	332	703	0.00002
Nocardia sp. CWNU-33	3392117	S	22	1	23	0.00000
Nocardia asteroides	1824	S	3749	924	4673	0.00013
Nocardia brasiliensis	37326	S	2860	1700	4560	0.00013
Nocardia cyriacigeorgica	135487	S	2635	1024	3659	0.00010
Nocardia terpenica	455432	S	2617	217	2834	0.00008
Nocardia farcinica	37329	S	1754	849	2603	0.00007
Nocardia huaxiensis	2755382	S	1642	190	1832	0.00005
Nocardia puris	208602	S	1288	374	1662	0.00005
Nocardia arthritidis	228602	S	1255	81	1336	0.00004
Nocardia yamanashiensis	209247	S	1238	145	1383	0.00004
Nocardia nova	37330	S	1222	89	1311	0.00004
Nocardia otitidiscaviarum	1823	S	1216	128	1344	0.00004
Nocardia wallacei	480035	S	1139	350	1489	0.00004
Nocardia sputorum	2984338	S	1133	206	1339	0.00004
Nocardia yunnanensis	2382165	S	1069	162	1231	0.00003
Nocardia seriolae	37332	S	983	185	1168	0.00003
Nocardia mangyaensis	2213200	S	973	203	1176	0.00003
Nocardia gipuzkoensis	2749991	S	944	351	1295	0.00004
Nocardia salmonicida	53431	S	855	624	1479	0.00004
Nocardia grenadensis	931537	S	827	106	933	0.00003
Nocardia vinacea	96468	S	787	413	1200	0.00003
Nocardia testacea	248551	S	746	100	846	0.00002
Nocardia iowensis	204891	S	623	335	958	0.00003
Nocardia pseudovaccinii	189540	S	454	341	795	0.00002
Nocardia vulneris	1141657	S	332	562	894	0.00003
Prescottella equi	43767	S	22941	6800	29741	0.00084
Prescottella soli	1543852	S	9417	3507	12924	0.00036
Prescottella agglutinans	1644129	S	8917	3156	12073	0.00034
Prescottella sp. R16	3064529	S	7245	1572	8817	0.00025
Rhodococcoides fascians	1828	S	2241	853	3094	0.00009
Rhodococcoides kroppenstedtii	293050	S	243	1027	1270	0.00004
Williamsia herbipolensis	1603258	S	586	42	628	0.00002
Mycolicibacterium sp. TUM20985	3023370	S	1144	477	1621	0.00005
Mycolicibacterium sp. YH-1	2908837	S	890	279	1169	0.00003
Mycolicibacterium sp. HK-90	3056937	S	865	168	1033	0.00003
Mycolicibacterium sp. Dal123E01	3457578	S	826	188	1014	0.00003
Mycolicibacterium sp. ND9-15	3042320	S	506	112	618	0.00002
Mycolicibacterium sp. SCSIO 43805	3378074	S	127	610	737	0.00002
Mycolicibacterium sp. CBMA 213	1968788	S	77	0	77	0.00000
Mycolicibacterium fortuitum	1766	S	2277	369	2646	0.00007
Mycolicibacterium litorale	758802	S	1578	267	1845	0.00005
Mycolicibacterium goodii	134601	S	1572	173	1745	0.00005
Mycolicibacterium boenickei	146017	S	1457	182	1639	0.00005
Mycolicibacterium parafortuitum	39692	S	1304	87	1391	0.00004
Mycolicibacterium neoaurum	1795	S	1260	399	1659	0.00005
Mycolicibacterium grossiae	1552759	S	1229	792	2021	0.00006
[Mycobacterium] holstebronense	3064288	S	1216	272	1488	0.00004
Mycolicibacterium smegmatis	1772	S	1139	153	1292	0.00004
Mycolicibacterium mageritense	53462	S	1130	99	1229	0.00003
Mycolicibacterium duvalii	39688	S	1106	117	1223	0.00003
Mycolicibacterium psychrotolerans	216929	S	1091	781	1872	0.00005
Mycolicibacterium phlei	1771	S	1083	144	1227	0.00003
Mycolicibacterium aichiense	1799	S	1042	125	1167	0.00003
Mycolicibacterium fluoranthenivorans	258505	S	1000	45	1045	0.00003
Mycolicibacterium septicum	98668	S	999	188	1187	0.00003
Mycolicibacterium madagascariense	212765	S	938	38	976	0.00003
Mycolicibacterium arabiense	1286181	S	917	38	955	0.00003
Mycolicibacterium diernhoferi	1801	S	906	70	976	0.00003
Mycolicibacterium rutilum	370526	S	890	137	1027	0.00003
Mycolicibacterium moriokaense	39691	S	877	31	908	0.00003
Mycolicibacterium hassiacum	46351	S	874	102	976	0.00003
Mycolicibacterium gilvum	1804	S	839	374	1213	0.00003
Mycolicibacterium wolinskyi	59750	S	828	204	1032	0.00003
Mycolicibacterium aubagnense	319707	S	822	132	954	0.00003
Mycolicibacterium pulveris	36813	S	821	40	861	0.00002
Mycolicibacterium helvum	1534349	S	817	32	849	0.00002
Mycolicibacterium phocaicum	319706	S	810	1017	1827	0.00005
Mycolicibacterium alvei	67081	S	805	120	925	0.00003
Mycolicibacterium chubuense	1800	S	790	752	1542	0.00004
Mycolicibacterium confluentis	28047	S	789	37	826	0.00002
Mycolicibacterium mengxianglii	2736649	S	782	23	805	0.00002
Mycolicibacterium thermoresistibile	1797	S	778	81	859	0.00002
Mycolicibacterium sediminis	1286180	S	769	47	816	0.00002
Mycolicibacterium aurum	1791	S	768	29	797	0.00002
Mycolicibacterium anyangense	1431246	S	765	44	809	0.00002
Mycolicibacterium fallax	1793	S	765	182	947	0.00003
Mycolicibacterium insubricum	444597	S	762	124	886	0.00002
Mycolicibacterium rufum	318424	S	753	176	929	0.00003
Mycolicibacterium tokaiense	39695	S	752	40	792	0.00002
[Mycobacterium] burgundiense	3064286	S	730	56	786	0.00002
Mycolicibacterium monacense	85693	S	722	136	858	0.00002
Mycolicibacterium celeriflavum	1249101	S	707	77	784	0.00002
Mycolicibacterium chitae	1792	S	675	110	785	0.00002
Mycolicibacterium holsaticum	152142	S	673	24	697	0.00002
Mycolicibacterium nivoides	2487344	S	672	186	858	0.00002
Mycolicibacterium mucogenicum	56689	S	657	160	817	0.00002
Mycolicibacterium sarraceniae	1534348	S	634	23	657	0.00002
Mycolicibacterium vaccae	1810	S	621	73	694	0.00002
Mycolicibacterium brumae	85968	S	597	124	721	0.00002
Mycolicibacterium baixiangningiae	2761578	S	553	28	581	0.00002
Mycolicibacterium austroafricanum	39687	S	548	2749	3297	0.00009
Mycolicibacterium rhodesiae	36814	S	536	91	627	0.00002
Mycolicibacterium frederiksbergense	117567	S	486	197	683	0.00002
Mycolicibacterium farcinogenes	1802	S	427	443	870	0.00002
Mycolicibacterium gadium	1794	S	420	58	478	0.00001
Mycolicibacterium pallens	370524	S	414	150	564	0.00002
Mycolicibacterium poriferae	39694	S	397	120	517	0.00001
Mycolicibacterium crocinum	388459	S	385	141	526	0.00001
Mycolicibacterium doricum	126673	S	353	37	390	0.00001
Mycolicibacterium senegalense	1796	S	206	341	547	0.00002
Mycolicibacterium vanbaalenii	110539	S	183	2181	2364	0.00007
Mycobacterium sp. AMU20-3851	3122055	S	1294	136	1430	0.00004
Mycobacterium sp. WMMD1722	3404117	S	1036	55	1091	0.00003
Mycobacterium sp. MS1601	1936029	S	937	96	1033	0.00003
Mycobacterium sp. DL440	2675523	S	869	58	927	0.00003
Mycobacterium sp. IDR2000157661	2867005	S	850	94	944	0.00003
Mycobacterium sp. SMC-8	2857060	S	788	481	1269	0.00004
Mycobacterium sp. PDNC021	3391399	S	723	77	800	0.00002
Mycobacterium sp. DL	3145017	S	664	88	752	0.00002
Mycobacterium sp. Z3061	3073562	S	657	16	673	0.00002
Mycobacterium sp. JS623	212767	S	652	13	665	0.00002
Mycobacterium sp. 20KCMC460	2903536	S	619	78	697	0.00002
Mycobacterium sp. SMC-14	3385968	S	617	94	711	0.00002
Mycobacterium sp. SMC-4	2857059	S	603	440	1043	0.00003
Mycobacterium sp. M23085	3378087	S	597	51	648	0.00002
Mycobacterium sp. ITM-2016-00318	2099693	S	589	15	604	0.00002
Mycobacterium sp. EPa45	1545728	S	587	62	649	0.00002
Mycobacterium sp. NBC_00419	2975989	S	585	37	622	0.00002
Mycobacterium sp. ITM-2016-00316	2099695	S	567	98	665	0.00002
Mycobacterium sp. DL592	2675524	S	493	35	528	0.00001
Mycobacterium sp. Aquia_213	2991728	S	486	22	508	0.00001
Mycobacterium sp. ITM-2016-00317	2099694	S	470	65	535	0.00002
Mycobacterium sp. SMC-2	2857058	S	461	14	475	0.00001
Mycobacterium sp. SMC-11	3385969	S	438	170	608	0.00002
Mycobacterium sp. Dal123C01	3457577	S	430	8	438	0.00001
Mycobacterium sp. Aquia_216	2991729	S	418	11	429	0.00001
Mycobacterium sp. SMC-16	3385967	S	211	630	841	0.00002
Mycobacterium sp. G7A2	3317307	S	96	439	535	0.00002
Mycobacterium sp. smrl_JER01	3402633	S	30	39	69	0.00000
Mycobacterium sp. MOTT36Y	1168287	S	17	184	201	0.00001
Mycobacterium kubicae	120959	S	1025	150	1175	0.00003
Mycobacterium saskatchewanense	220927	S	983	134	1117	0.00003
Mycobacterium simiae	1784	S	760	16	776	0.00002
Mycobacterium europaeum	761804	S	718	198	916	0.00003
Mycobacterium parmense	185642	S	671	65	736	0.00002
Mycobacterium florentinum	292462	S	580	34	614	0.00002
Mycobacterium lentiflavum	141349	S	556	85	641	0.00002
Mycobacterium stomatepiae	470076	S	522	23	545	0.00002
Mycobacterium shigaense	722731	S	509	18	527	0.00001
Mycobacterium heidelbergense	53376	S	452	38	490	0.00001
Mycobacterium avium	1764	S	1440	439	1879	0.00005
Mycobacterium intracellulare	1767	S	673	2489	3162	0.00009
Mycobacterium mantenii	560555	S	653	26	679	0.00002
Mycobacterium colombiense	339268	S	577	28	605	0.00002
Mycobacterium marseillense	701042	S	450	68	518	0.00001
Mycobacterium senriense	2775496	S	437	23	460	0.00001
Mycobacterium paraintracellulare	1138383	S	181	2671	2852	0.00008
Mycobacterium canetti	78331	S	581	126	707	0.00002
Mycobacterium tuberculosis	1773	S	320	1978	2298	0.00006
Mycobacterium marinum	1781	S	354	710	1064	0.00003
Mycobacterium shottsii	133549	S	47	53	100	0.00000
Mycobacterium ulcerans	1809	S	43	89	132	0.00000
Mycobacterium pseudoshottsii	265949	S	19	146	165	0.00000
Mycobacterium paraterrae	577492	S	1097	65	1162	0.00003
Candidatus Mycobacterium wuenschmannii	3027808	S	1059	38	1097	0.00003
Mycobacterium cookii	1775	S	957	26	983	0.00003
Mycobacterium dioxanotrophicus	482462	S	950	238	1188	0.00003
Mycobacterium branderi	43348	S	931	43	974	0.00003
Mycobacterium lacus	169765	S	844	8	852	0.00002
Mycobacterium gordonae	1778	S	796	35	831	0.00002
Mycobacterium adipatum	1682113	S	762	370	1132	0.00003
Mycobacterium basiliense	2094119	S	720	4	724	0.00002
Mycobacterium noviomagense	459858	S	708	10	718	0.00002
Mycobacterium vicinigordonae	1719132	S	706	7	713	0.00002
Mycobacterium spongiae	886343	S	687	4	691	0.00002
Mycobacterium paragordonae	1389713	S	656	53	709	0.00002
Mycobacterium hainanense	3289775	S	640	21	661	0.00002
Mycobacterium kansasii	1768	S	636	26	662	0.00002
Mycobacterium riyadhense	486698	S	631	5	636	0.00002
Mycobacterium shinjukuense	398694	S	561	14	575	0.00002
Mycobacterium gallinarum	39689	S	558	102	660	0.00002
Candidatus Mycobacterium methanotrophicum	2943498	S	552	7	559	0.00002
Mycobacterium conspicuum	44010	S	542	23	565	0.00002
Mycobacterium malmoense	1780	S	533	24	557	0.00002
Mycobacterium ostraviense	2738409	S	516	15	531	0.00001
Mycobacterium haemophilum	29311	S	494	4	498	0.00001
Mycobacterium decipiens	1430326	S	486	2	488	0.00001
Mycobacterium xenopi	1789	S	486	31	517	0.00001
Mycobacterium heckeshornense	110505	S	450	8	458	0.00001
Mycobacterium seoulense	386911	S	414	31	445	0.00001
Mycobacterium paraseoulense	590652	S	356	20	376	0.00001
Mycobacterium lepromatosis	480418	S	203	1	204	0.00001
Mycobacterium leprae	1769	S	153	0	153	0.00000
Mycobacterium novum	2492438	S	112	1277	1389	0.00004
Mycobacterium celatum	28045	S	18	0	18	0.00000
Mycobacteroides abscessus	36809	S	1979	1135	3114	0.00009
Mycobacteroides chelonae	1774	S	847	812	1659	0.00005
Mycobacteroides immunogenum	83262	S	732	129	861	0.00002
Mycobacteroides saopaulense	1578165	S	547	29	576	0.00002
Mycobacteroides salmoniphilum	404941	S	361	11	372	0.00001
[Mycobacterium] stephanolepidis	1520670	S	217	25	242	0.00001
Mycobacteroides sp. PCS013	3074106	S	90	298	388	0.00001
Mycolicibacter terrae	1788	S	739	104	843	0.00002
[Mycobacterium] wendilense	3064284	S	705	112	817	0.00002
Mycolicibacter hiberniae	29314	S	609	42	651	0.00002
Mycolicibacter heraklionensis	512402	S	552	161	713	0.00002
Mycolicibacter virginiensis	1795032	S	546	276	822	0.00002
Mycolicibacter minnesotensis	1118379	S	444	26	470	0.00001
[Mycobacterium] kokjensenii	3064287	S	405	61	466	0.00001
Mycolicibacter sinensis	875328	S	126	1263	1389	0.00004
Mycolicibacillus parakoreensis	1069221	S	815	143	958	0.00003
Mycolicibacillus koreensis	1069220	S	730	148	878	0.00002
Corynebacterium sp. SCR221107	3017361	S	744	73	817	0.00002
Corynebacterium sp. sy039	2599641	S	362	12	374	0.00001
Corynebacterium sp. P3-F1	3059080	S	345	221	566	0.00002
Corynebacterium sp. YSMAA1_1_F7	3383590	S	275	252	527	0.00001
Corynebacterium sp. LaCa117	3391424	S	167	232	399	0.00001
Corynebacterium sp. Z-1	3074378	S	133	740	873	0.00002
Corynebacterium sp. FDAARGOS 1242	2778078	S	103	117	220	0.00001
Corynebacterium sp. NML98-0116	702967	S	81	343	424	0.00001
Corynebacterium sp. YSMAA1_1_D6	3383589	S	78	106	184	0.00001
Corynebacterium sp. LaCa116	3391423	S	76	260	336	0.00001
Corynebacterium sp. UMB2355A	3081222	S	70	340	410	0.00001
Corynebacterium sp. LaCa142	3391425	S	63	43	106	0.00000
Corynebacterium sp. YSMAA5_1_F9	3383591	S	56	220	276	0.00001
Corynebacterium sp. P8-C1	3059082	S	31	806	837	0.00002
Corynebacterium sp. P4-C1	3059081	S	25	860	885	0.00002
Corynebacterium sp. LaCa97	3391431	S	12	301	313	0.00001
Corynebacterium sp. CNCTC7651	2815361	S	10	147	157	0.00000
Corynebacterium striatum	43770	S	1041	772	1813	0.00005
Corynebacterium xerosis	1725	S	982	365	1347	0.00004
Corynebacterium tuberculostearicum	38304	S	961	1131	2092	0.00006
Corynebacterium vitaeruminis	38305	S	881	107	988	0.00003
Corynebacterium halotolerans	225326	S	847	44	891	0.00003
Corynebacterium kalinowskii	2675216	S	841	119	960	0.00003
Corynebacterium sphenisci	191493	S	831	85	916	0.00003
Corynebacterium urealyticum	43771	S	823	796	1619	0.00005
Corynebacterium hindlerae	699041	S	819	37	856	0.00002
Corynebacterium falsenii	108486	S	807	499	1306	0.00004
Corynebacterium freneyi	134034	S	790	134	924	0.00003
Corynebacterium frankenforstense	1230998	S	763	54	817	0.00002
Corynebacterium yudongzhengii	2080740	S	756	24	780	0.00002
Corynebacterium zhongnanshanii	2768834	S	754	30	784	0.00002
Corynebacterium variabile	1727	S	752	522	1274	0.00004
Corynebacterium pyruviciproducens	598660	S	750	1465	2215	0.00006
Corynebacterium doosanense	1121358	S	746	507	1253	0.00004
Corynebacterium maris	575200	S	742	28	770	0.00002
Corynebacterium jeikeium	38289	S	733	1499	2232	0.00006
Corynebacterium glaucum	187491	S	724	118	842	0.00002
Corynebacterium aurimucosum	169292	S	695	175	870	0.00002
Corynebacterium uberis	2883169	S	689	21	710	0.00002
Corynebacterium uterequi	1072256	S	686	29	715	0.00002
Corynebacterium glucuronolyticum	39791	S	680	140	820	0.00002
Corynebacterium occultum	2675219	S	671	33	704	0.00002
Corynebacterium fournieri	1852390	S	670	122	792	0.00002
Corynebacterium matruchotii	43768	S	646	13	659	0.00002
Corynebacterium aquatimens	1190508	S	642	1163	1805	0.00005
Corynebacterium nuruki	1032851	S	638	37	675	0.00002
Corynebacterium canis	679663	S	633	18	651	0.00002
Corynebacterium glyciniphilum	1404244	S	625	30	655	0.00002
Corynebacterium guangdongense	1783348	S	619	23	642	0.00002
Corynebacterium pseudodiphtheriticum	37637	S	600	165	765	0.00002
Corynebacterium suedekumii	3049801	S	598	99	697	0.00002
Corynebacterium confusum	71254	S	589	388	977	0.00003
Corynebacterium comes	2675218	S	589	40	629	0.00002
Corynebacterium marquesiae	2913503	S	588	642	1230	0.00003
Corynebacterium lujinxingii	2763010	S	588	234	822	0.00002
Corynebacterium riegelii	156976	S	588	217	805	0.00002
Corynebacterium durum	61592	S	586	11	597	0.00002
Corynebacterium mycetoides	38302	S	579	173	752	0.00002
Corynebacterium afermentans	38286	S	578	472	1050	0.00003
Corynebacterium hansenii	394964	S	575	65	640	0.00002
Corynebacterium incognita	2754725	S	570	129	699	0.00002
Corynebacterium auris	44750	S	562	117	679	0.00002
Corynebacterium phocae	161895	S	560	19	579	0.00002
Corynebacterium glutamicum	1718	S	559	3082	3641	0.00010
Corynebacterium renale	1724	S	552	32	584	0.00002
Corynebacterium jeddahense	1414719	S	546	582	1128	0.00003
Corynebacterium humireducens	1223514	S	543	45	588	0.00002
Corynebacterium auriscanis	99807	S	532	158	690	0.00002
Corynebacterium timonense	441500	S	519	94	613	0.00002
Corynebacterium lactis	1231000	S	517	35	552	0.00002
Corynebacterium pseudotuberculosis	1719	S	515	45	560	0.00002
Corynebacterium atypicum	191610	S	510	215	725	0.00002
Corynebacterium aquilae	203263	S	499	25	524	0.00001
Corynebacterium kroppenstedtii	161879	S	498	87	585	0.00002
Corynebacterium heidelbergense	2055947	S	496	17	513	0.00001
Corynebacterium propinquum	43769	S	491	145	636	0.00002
Corynebacterium amycolatum	43765	S	487	1773	2260	0.00006
Corynebacterium appendicis	163202	S	486	106	592	0.00002
Corynebacterium coyleae	53374	S	485	129	614	0.00002
Corynebacterium terpenotabidum	89154	S	481	41	522	0.00001
Corynebacterium testudinoris	136857	S	480	86	566	0.00002
Corynebacterium qintianiae	2709392	S	478	38	516	0.00001
Corynebacterium massiliense	441501	S	477	236	713	0.00002
Corynebacterium lizhenjunii	2709394	S	474	24	498	0.00001
Corynebacterium imitans	156978	S	474	170	644	0.00002
Corynebacterium epidermidicanis	1050174	S	471	44	515	0.00001
Corynebacterium liangguodongii	2079535	S	468	37	505	0.00001
Corynebacterium capitovis	131081	S	468	16	484	0.00001
Corynebacterium simulans	146827	S	467	221	688	0.00002
Corynebacterium bovis	36808	S	454	24	478	0.00001
Corynebacterium camporealensis	161896	S	450	34	484	0.00001
Corynebacterium endometrii	2488819	S	441	25	466	0.00001
Corynebacterium hesseae	2913502	S	434	225	659	0.00002
Corynebacterium marinum	349751	S	430	133	563	0.00002
Corynebacterium faecale	1758466	S	427	201	628	0.00002
Corynebacterium argentoratense	42817	S	426	40	466	0.00001
Corynebacterium efficiens	152794	S	419	38	457	0.00001
Corynebacterium crudilactis	1652495	S	417	200	617	0.00002
Corynebacterium atrinae	1336740	S	416	50	466	0.00001
Corynebacterium haemomassiliense	2754726	S	409	138	547	0.00002
Corynebacterium ureicelerivorans	401472	S	404	190	594	0.00002
Corynebacterium macclintockiae	2913501	S	395	423	818	0.00002
Corynebacterium anserum	2684406	S	391	15	406	0.00001
Corynebacterium provencense	1737425	S	391	26	417	0.00001
Corynebacterium cystitidis	35757	S	375	5	380	0.00001
Corynebacterium ciconiae	227319	S	374	5	379	0.00001
Corynebacterium ihumii	1232427	S	369	512	881	0.00002
Corynebacterium stationis	1705	S	361	32	393	0.00001
Corynebacterium flavescens	28028	S	357	50	407	0.00001
Corynebacterium diphtheriae	1717	S	337	3545	3882	0.00011
Corynebacterium felinum	131318	S	335	15	350	0.00001
Corynebacterium genitalium	38288	S	329	64	393	0.00001
Corynebacterium minutissimum	38301	S	327	134	461	0.00001
Corynebacterium breve	3049799	S	322	26	348	0.00001
Corynebacterium mayonis	3062461	S	313	16	329	0.00001
Corynebacterium choanae	1862358	S	311	7	318	0.00001
Corynebacterium macginleyi	38290	S	310	30	340	0.00001
Corynebacterium ammoniagenes	1697	S	300	30	330	0.00001
Corynebacterium casei	160386	S	298	777	1075	0.00003
Corynebacterium accolens	38284	S	284	493	777	0.00002
Corynebacterium kutscheri	35755	S	282	23	305	0.00001
Corynebacterium pseudopelargi	2080757	S	278	31	309	0.00001
Corynebacterium singulare	161899	S	268	122	390	0.00001
Corynebacterium belfantii	2014537	S	253	120	373	0.00001
Corynebacterium gerontici	2079234	S	252	14	266	0.00001
Corynebacterium caspium	234828	S	249	10	259	0.00001
Corynebacterium sanguinis	2594913	S	243	1096	1339	0.00004
Corynebacterium pelargi	1471400	S	242	25	267	0.00001
Corynebacterium gottingense	2041036	S	239	274	513	0.00001
Corynebacterium ulcerans	65058	S	238	131	369	0.00001
Corynebacterium rhinophilum	3050197	S	227	144	371	0.00001
Corynebacterium resistens	258224	S	214	258	472	0.00001
Corynebacterium dentalis	2014528	S	214	78	292	0.00001
Corynebacterium mustelae	571915	S	210	4	214	0.00001
Corynebacterium pseudokroppenstedtii	2804917	S	206	108	314	0.00001
Corynebacterium silvaticum	2320431	S	206	47	253	0.00001
Corynebacterium deserti	1408191	S	201	56	257	0.00001
Corynebacterium callunae	1721	S	197	53	250	0.00001
Corynebacterium rouxii	2719119	S	193	40	233	0.00001
Corynebacterium suranareeae	2506452	S	191	25	216	0.00001
Corynebacterium urogenitale	2487892	S	185	12	197	0.00001
Corynebacterium poyangense	2684405	S	180	2	182	0.00001
Corynebacterium pseudogenitalium	38303	S	168	429	597	0.00002
Corynebacterium freiburgense	556548	S	159	11	170	0.00000
Corynebacterium hadale	2026255	S	125	292	417	0.00001
Corynebacterium ramonii	3026968	S	79	362	441	0.00001
Corynebacterium kefirresidentii	1979527	S	59	642	701	0.00002
Gordonia sp. PDNC005	2811424	S	1250	79	1329	0.00004
Gordonia sp. NB41Y	875808	S	897	79	976	0.00003
Gordonia sp. PP30	2935861	S	836	89	925	0.00003
Gordonia sp. SL306	2995145	S	811	38	849	0.00002
Gordonia sp. B7-2	3420932	S	732	148	880	0.00002
Gordonia sp. KTR9	337191	S	566	101	667	0.00002
Gordonia sp. X0973	2742602	S	558	103	661	0.00002
Gordonia sp. w5E2	3075837	S	489	98	587	0.00002
Gordonia sp. MP11Mi	3022769	S	452	25	477	0.00001
Gordonia sp. L191	2982699	S	239	100	339	0.00001
Gordonia sp. Swx-4	3029399	S	140	1371	1511	0.00004
Gordonia sp. JH63	2698900	S	139	310	449	0.00001
Gordonia sp. WA4-43	2878678	S	97	374	471	0.00001
Gordonia sp. YC-JH1	2059875	S	64	505	569	0.00002
Gordonia sp. 1D	1737359	S	60	370	430	0.00001
Gordonia sp. SMJS1	3039400	S	42	149	191	0.00001
Gordonia sp. PS3	3248841	S	38	202	240	0.00001
Gordonia sp. 135	2676309	S	25	159	184	0.00001
Gordonia sp. LUNF6	3388658	S	15	144	159	0.00000
Gordonia bronchialis	2054	S	3392	1333	4725	0.00013
Gordonia polyisoprenivorans	84595	S	2969	665	3634	0.00010
Gordonia terrae	2055	S	1495	190	1685	0.00005
Gordonia malaquae	410332	S	1411	94	1505	0.00004
Gordonia phthalatica	1136941	S	897	421	1318	0.00004
Gordonia pseudamarae	2831662	S	850	66	916	0.00003
Gordonia mangrovi	2665643	S	818	50	868	0.00002
Gordonia iterans	1004901	S	807	189	996	0.00003
Gordonia rubripertincta	36822	S	798	331	1129	0.00003
Gordonia hydrophobica	40516	S	794	52	846	0.00002
Gordonia amarae	36821	S	727	55	782	0.00002
Gordonia insulae	2420509	S	642	40	682	0.00002
Gordonia otitidis	249058	S	590	98	688	0.00002
Gordonia jinghuaiqii	2758710	S	589	42	631	0.00002
Gordonia zhaorongruii	2597659	S	505	49	554	0.00002
Gordonia alkanivorans	84096	S	287	888	1175	0.00003
Gordonia hongkongensis	1701090	S	240	565	805	0.00002
Gordonia amicalis	89053	S	59	541	600	0.00002
Skermania pinensis	39122	S	583	20	603	0.00002
Dietzia sp. B32	2915130	S	773	172	945	0.00003
Dietzia sp. oral taxon 368	712270	S	416	559	975	0.00003
Dietzia sp. MNB45	3238800	S	101	588	689	0.00002
Dietzia sp. DQ12-45-1b	912801	S	14	1131	1145	0.00003
Dietzia psychralcaliphila	139021	S	1126	256	1382	0.00004
Dietzia lutea	546160	S	838	144	982	0.00003
Dietzia kunjamensis	322509	S	818	1572	2390	0.00007
Dietzia timorensis	499555	S	755	609	1364	0.00004
Dietzia cinnamea	321318	S	352	465	817	0.00002
Tsukamurella tyrosinosolvens	57704	S	3728	909	4637	0.00013
Tsukamurella paurometabola	2061	S	1186	175	1361	0.00004
Tsukamurella pulmonis	47312	S	729	114	843	0.00002
Tsukamurella sp. PLM1	2929795	S	634	92	726	0.00002
Tomitella gaofuii	2760083	S	773	139	912	0.00003
Tomitella fengzijianii	2597660	S	769	161	930	0.00003
Lawsonella clevelandensis	1528099	S	669	70	739	0.00002
Hoyosella subflava	639313	S	620	22	642	0.00002
Segniliparus rotundus	286802	S	505	11	516	0.00001
Micromonospora sp. NBC_01813	2975988	S	1140	149	1289	0.00004
Micromonospora sp. NBC_01699	2975984	S	1069	117	1186	0.00003
Micromonospora sp. FIMYZ51	3051832	S	1057	152	1209	0.00003
Micromonospora sp. WMMD812	3015152	S	1035	220	1255	0.00004
Micromonospora sp. KLBMP9576	3424769	S	923	230	1153	0.00003
Micromonospora sp. WMMD882	3015151	S	903	175	1078	0.00003
Micromonospora sp. JCM 30529	3421643	S	898	167	1065	0.00003
Micromonospora sp. CCTCC AA 2012012	3111921	S	896	265	1161	0.00003
Micromonospora sp. SH-82	3132938	S	887	88	975	0.00003
Micromonospora sp. NBC_01740	2975986	S	859	339	1198	0.00003
Micromonospora sp. NBC_01796	2975987	S	828	89	917	0.00003
Micromonospora sp. NBRC 110009	3061627	S	782	285	1067	0.00003
Micromonospora sp. CA-263727	3239967	S	748	123	871	0.00002
Micromonospora sp. NBC_00421	2975976	S	747	230	977	0.00003
Micromonospora sp. IBHARD004	3457764	S	738	380	1118	0.00003
Micromonospora sp. NBC_01739	2975985	S	679	108	787	0.00002
Micromonospora sp. NBC_00898	2975981	S	668	273	941	0.00003
Verrucosispora sp. NA02020	2742132	S	661	140	801	0.00002
Micromonospora sp. NBC_00617	2903587	S	654	184	838	0.00002
Micromonospora sp. CA-244673	3239958	S	648	316	964	0.00003
Micromonospora sp. WMMD729	3404127	S	634	197	831	0.00002
Micromonospora sp. NBC_01412	2903590	S	630	234	864	0.00002
Micromonospora sp. CA-240977	3239957	S	605	137	742	0.00002
Verrucosispora sp. TAA-831	3422227	S	589	136	725	0.00002
Verrucosispora sp. WMMD1129	3016093	S	582	117	699	0.00002
Verrucosispora sp. WMMD573	3015149	S	566	115	681	0.00002
Micromonospora sp. HUAS LYJ1	3061626	S	528	280	808	0.00002
Micromonospora sp. LA-10	3446364	S	523	413	936	0.00003
Verrucosispora sp. WMMC514	3015156	S	514	184	698	0.00002
Micromonospora sp. DPT	3142975	S	502	410	912	0.00003
Micromonospora sp. HM134	2583243	S	499	344	843	0.00002
Micromonospora sp. CA-248212	3239961	S	492	282	774	0.00002
Micromonospora sp. WMMD708	3403464	S	479	264	743	0.00002
Micromonospora sp. WMMD998	3016092	S	471	226	697	0.00002
Micromonospora sp. CA-111912	3239955	S	464	311	775	0.00002
Micromonospora sp. WMMA1976	3014995	S	457	459	916	0.00003
Micromonospora sp. NBC_01392	2903588	S	457	201	658	0.00002
Micromonospora sp. CA-249363	3239963	S	456	144	600	0.00002
Micromonospora sp. CA-248260	3239962	S	447	170	617	0.00002
Micromonospora sp. DSM 45708	3111767	S	430	196	626	0.00002
Micromonospora sp. CA-246542	3239959	S	412	225	637	0.00002
Micromonospora sp. NBC_00821	2975977	S	408	254	662	0.00002
Micromonospora sp. NBC_01638	2975982	S	405	146	551	0.00002
Micromonospora sp. B006	2201999	S	382	350	732	0.00002
Micromonospora sp. WMMA1998	3015167	S	366	385	751	0.00002
Micromonospora sp. HUAS YX12	3156396	S	363	373	736	0.00002
Micromonospora sp. NBC_01405	2903589	S	337	233	570	0.00002
Verrucosispora sp. WMMA2044	3016419	S	315	117	432	0.00001
Micromonospora sp. DSM 102119	3111768	S	305	695	1000	0.00003
Micromonospora sp. WMMD1076	3016103	S	297	297	594	0.00002
Micromonospora sp. CA-269861	3239968	S	296	130	426	0.00001
Micromonospora sp. LH3U1	3018339	S	280	99	379	0.00001
Micromonospora sp. IBSANI012	3457761	S	276	259	535	0.00002
Micromonospora sp. WMMD712	3016096	S	275	664	939	0.00003
Micromonospora sp. NBC_00860	2975980	S	264	170	434	0.00001
Micromonospora sp. WMMD987	3016089	S	252	187	439	0.00001
Micromonospora sp. NBC_00330	2903585	S	238	185	423	0.00001
Micromonospora sp. WMMD1128	3015150	S	225	963	1188	0.00003
Micromonospora sp. NBC_00858	2975979	S	206	306	512	0.00001
Micromonospora sp. WMMD714	3016097	S	194	475	669	0.00002
Micromonospora sp. CA-248089	3239960	S	181	678	859	0.00002
Micromonospora sp. NBC_00389	2903586	S	179	267	446	0.00001
Micromonospora sp. WMMD1155	3016094	S	169	206	375	0.00001
Micromonospora sp. WMMD964	3016091	S	128	179	307	0.00001
Micromonospora sp. WMMD1219	3404115	S	107	414	521	0.00001
Micromonospora sp. WMMD975	3016087	S	91	390	481	0.00001
Micromonospora sp. WMMD754	3404114	S	88	660	748	0.00002
Micromonospora sp. WMMC264	3015158	S	88	423	511	0.00001
Micromonospora sp. WMMD558	3403462	S	78	794	872	0.00002
Micromonospora sp. WMMA1947	3015163	S	77	305	382	0.00001
Micromonospora sp. WMMA2032	2039870	S	66	527	593	0.00002
Micromonospora sp. L5	648999	S	57	546	603	0.00002
Micromonospora sp. WMMC415	2675222	S	36	401	437	0.00001
Micromonospora sagamiensis	47875	S	2151	466	2617	0.00007
Micromonospora zamorensis	709883	S	1891	509	2400	0.00007
Micromonospora echinospora	1877	S	1627	298	1925	0.00005
Micromonospora siamensis	299152	S	1203	340	1543	0.00004
Micromonospora krabiensis	307121	S	1034	207	1241	0.00003
Micromonospora globbae	1894969	S	1019	188	1207	0.00003
Micromonospora maris	1003110	S	967	188	1155	0.00003
Micromonospora endophytica	515350	S	907	142	1049	0.00003
Micromonospora echinaurantiaca	47857	S	904	285	1189	0.00003
Micromonospora echinofusca	47858	S	896	353	1249	0.00004
Micromonospora viridifaciens	1881	S	847	218	1065	0.00003
Micromonospora robiginosa	2749844	S	797	326	1123	0.00003
Micromonospora coxensis	356852	S	779	271	1050	0.00003
Micromonospora narathiwatensis	299146	S	761	199	960	0.00003
Micromonospora cathayae	3028804	S	753	142	895	0.00003
Micromonospora auratinigra	261654	S	743	234	977	0.00003
Micromonospora ureilytica	709868	S	724	309	1033	0.00003
Micromonospora craniellae	2294034	S	704	134	838	0.00002
Micromonospora terminaliae	1914461	S	647	283	930	0.00003
Micromonospora chersina	47854	S	629	287	916	0.00003
Micromonospora coriariae	285665	S	626	165	791	0.00002
Micromonospora matsumotoense	121616	S	590	219	809	0.00002
Micromonospora peucetia	47871	S	577	155	732	0.00002
Micromonospora profundi	1420889	S	571	92	663	0.00002
Micromonospora halotolerans	709879	S	556	256	812	0.00002
Micromonospora inositola	47865	S	549	258	807	0.00002
Micromonospora aurantiaca (nom. illeg.)	47850	S	520	2517	3037	0.00009
Micromonospora carbonacea	47853	S	507	1217	1724	0.00005
Micromonospora vinacea	709878	S	393	281	674	0.00002
Micromonospora chokoriensis	356851	S	393	113	506	0.00001
Micromonospora purpureochromogenes	47872	S	370	318	688	0.00002
Micromonospora haikouensis	686309	S	363	533	896	0.00003
Micromonospora rifamycinica	291594	S	344	549	893	0.00003
Micromonospora trifolii	2911208	S	280	224	504	0.00001
Micromonospora harpali	1490225	S	176	424	600	0.00002
Micromonospora saelicesensis	285676	S	164	143	307	0.00001
Micromonospora tulbaghiae	479978	S	152	520	672	0.00002
Micromonospora chalcea	1874	S	101	493	594	0.00002
Actinoplanes sp. CA-142083	3239903	S	2151	444	2595	0.00007
Actinoplanes sp. CA-030573	3239898	S	2089	491	2580	0.00007
Actinoplanes sp. L3-i22	2836373	S	2039	747	2786	0.00008
Actinoplanes sp. NBC_00393	2975953	S	2022	430	2452	0.00007
Actinoplanes sp. HUAS TT8	3447453	S	1734	580	2314	0.00006
Actinoplanes sp. N902-109	649831	S	1723	284	2007	0.00006
Actinoplanes sp. CA-252034	3239906	S	1617	378	1995	0.00006
Actinoplanes sp. OR16	946334	S	1588	440	2028	0.00006
Actinoplanes sp. CA-051413	3239899	S	1465	249	1714	0.00005
Actinoplanes sp. CA-015351	3239897	S	1042	208	1250	0.00004
Actinoplanes sp. CA-151224	3239904	S	11	0	11	0.00000
Actinoplanes ianthinogenes	122358	S	1639	522	2161	0.00006
Actinoplanes sichuanensis	512349	S	1569	226	1795	0.00005
Actinoplanes derwentensis	113562	S	1479	124	1603	0.00005
Actinoplanes oblitus	3040509	S	1471	454	1925	0.00005
Actinoplanes teichomyceticus	1867	S	1384	370	1754	0.00005
Actinoplanes missouriensis	1866	S	1227	260	1487	0.00004
Actinoplanes friuliensis	196914	S	1158	113	1271	0.00004
Dactylosporangium sp. NBC_01737	2975959	S	2376	203	2579	0.00007
Dactylosporangium sp. AC04546	2862460	S	2325	203	2528	0.00007
Dactylosporangium sp. CA-092794	3239929	S	1963	183	2146	0.00006
Dactylosporangium sp. McL0621	3415678	S	1939	217	2156	0.00006
Dactylosporangium sp. CA-233914	3239934	S	1714	175	1889	0.00005
Dactylosporangium sp. CS-047395	3239936	S	1428	395	1823	0.00005
Dactylosporangium sp. CS-033363	3239935	S	1403	407	1810	0.00005
Dactylosporangium sp. CA-052675	3239927	S	1037	719	1756	0.00005
Dactylosporangium sp. CA-139114	3239931	S	921	631	1552	0.00004
Dactylosporangium aurantiacum	35754	S	2049	236	2285	0.00006
Dactylosporangium fulvum	53359	S	1350	209	1559	0.00004
Dactylosporangium roseum	47989	S	1007	150	1157	0.00003
Dactylosporangium matsuzakiense	53360	S	858	1301	2159	0.00006
Dactylosporangium vinaceum	53362	S	814	1077	1891	0.00005
Plantactinospora sp. KBS50	2024580	S	1406	226	1632	0.00005
Plantactinospora sp. ZYX-F-223	3144103	S	1071	145	1216	0.00003
Plantactinospora sp. WMMC1484	3404122	S	892	108	1000	0.00003
Plantactinospora sp. BC1	2108470	S	218	438	656	0.00002
Plantactinospora sp. BB1	2071627	S	216	431	647	0.00002
Phytohabitans suffuscus	624315	S	1672	210	1882	0.00005
Phytohabitans flavus	1076124	S	1671	133	1804	0.00005
Solwaraspora sp. WMMD791	3016086	S	811	210	1021	0.00003
Solwaraspora sp. WMMA2056	3015161	S	702	279	981	0.00003
Solwaraspora sp. WMMD937	3016090	S	605	386	991	0.00003
Solwaraspora sp. WMMA2065	3015166	S	47	654	701	0.00002
Actinocatenispora thailandica	227318	S	1584	244	1828	0.00005
Actinocatenispora sera	390989	S	1506	257	1763	0.00005
Catellatospora sp. IY07-71	2728827	S	2249	305	2554	0.00007
Polymorphospora sp. A560	3040203	S	972	260	1232	0.00003
Polymorphospora rubra	338584	S	866	210	1076	0.00003
Longispora sp. K20-0274	3088255	S	1707	159	1866	0.00005
Couchioplanes caeruleus	56438	S	1580	260	1840	0.00005
Krasilnikovia sp. MM14-A1004	3373541	S	1292	176	1468	0.00004
Natronosporangium hydrolyticum	2811111	S	1052	34	1086	0.00003
Salinispora tropica	168695	S	699	58	757	0.00002
Paractinoplanes hotanensis	2906497	S	108	1	109	0.00000
Amycolatopsis sp. cg5	3238802	S	1583	147	1730	0.00005
Amycolatopsis sp. Hca4	2742131	S	1572	384	1956	0.00005
Amycolatopsis sp. YIM 10	2653857	S	1518	219	1737	0.00005
Amycolatopsis sp. NBC_00345	2975955	S	1415	241	1656	0.00005
Amycolatopsis sp. CA-230715	2745196	S	1362	89	1451	0.00004
Amycolatopsis sp. FDAARGOS 1241	2778070	S	1304	143	1447	0.00004
Amycolatopsis sp. FBCC-B4732	3079339	S	1297	468	1765	0.00005
Amycolatopsis sp. cg9	3238801	S	1268	611	1879	0.00005
Amycolatopsis sp. DG1A-15b	3052846	S	1071	431	1502	0.00004
Amycolatopsis sp. NBC_01488	2903563	S	1069	293	1362	0.00004
Amycolatopsis sp. NBC_01480	2903562	S	1065	172	1237	0.00003
Amycolatopsis sp. BJA-103	1911175	S	1035	202	1237	0.00003
Amycolatopsis sp. WGS_07	3076764	S	1034	182	1216	0.00003
Amycolatopsis sp. CA-161197	3239922	S	979	338	1317	0.00004
Amycolatopsis sp. DSM 110486	2865832	S	945	257	1202	0.00003
Amycolatopsis sp. FU40	2914159	S	941	207	1148	0.00003
Amycolatopsis sp. cg13	3238807	S	756	161	917	0.00003
Amycolatopsis sp. AA4	1896961	S	754	194	948	0.00003
Amycolatopsis sp. QT-25	3034022	S	674	141	815	0.00002
Amycolatopsis sp. WQ 127309	2932773	S	599	668	1267	0.00004
Amycolatopsis sp. EV170708-02-1	2919322	S	556	385	941	0.00003
Amycolatopsis sp. TNS106	2861750	S	555	319	874	0.00002
Amycolatopsis sp. GA6-003	2652444	S	371	782	1153	0.00003
Amycolatopsis sp. NBC_01286	2903560	S	269	877	1146	0.00003
Amycolatopsis sp. NBC_00355	2975957	S	247	680	927	0.00003
Amycolatopsis sp. NBC_00348	2975956	S	226	753	979	0.00003
Amycolatopsis sp. NBC_00438	2903558	S	180	494	674	0.00002
Amycolatopsis sp. VS8301801F10	2652442	S	165	359	524	0.00001
Amycolatopsis sp. NBC_01307	2903561	S	156	479	635	0.00002
Amycolatopsis sp. CA-096443	3239919	S	27	0	27	0.00000
Amycolatopsis sp. CA-151526	3239921	S	22	0	22	0.00000
Amycolatopsis sp. CA-293810	3239926	S	13	0	13	0.00000
Amycolatopsis sp. CA-290885	3239925	S	11	0	11	0.00000
Amycolatopsis acidiphila	715473	S	1672	206	1878	0.00005
Amycolatopsis keratiniphila	129921	S	1038	638	1676	0.00005
Amycolatopsis japonica	208439	S	512	327	839	0.00002
Amycolatopsis rhabdoformis	1448059	S	1547	267	1814	0.00005
Amycolatopsis aidingensis	2842453	S	1325	46	1371	0.00004
Amycolatopsis mongoliensis	715475	S	1257	409	1666	0.00005
Amycolatopsis bartoniae	941986	S	1236	149	1385	0.00004
Amycolatopsis albispora	1804986	S	1130	753	1883	0.00005
Amycolatopsis thermalba	944492	S	1073	250	1323	0.00004
Amycolatopsis nalaikhensis	715472	S	1007	377	1384	0.00004
Amycolatopsis cynarae	2995223	S	1006	132	1138	0.00003
Amycolatopsis lexingtonensis	218822	S	963	534	1497	0.00004
Amycolatopsis methanolica	1814	S	947	205	1152	0.00003
Amycolatopsis orientalis	31958	S	888	187	1075	0.00003
Amycolatopsis mediterranei	33910	S	836	986	1822	0.00005
Amycolatopsis carbonis	715471	S	835	322	1157	0.00003
Amycolatopsis coloradensis	76021	S	546	360	906	0.00003
Amycolatopsis roodepoortensis	700274	S	449	347	796	0.00002
Pseudonocardia sp. Cha107L01	3457576	S	2120	146	2266	0.00006
Pseudonocardia sp. DSM 110487	2865833	S	1732	145	1877	0.00005
Pseudonocardia sp. CA-142604	3240024	S	1489	113	1602	0.00004
Pseudonocardia sp. HH130630-07	1690815	S	1198	228	1426	0.00004
Pseudonocardia sp. HH130629-09	1641402	S	815	254	1069	0.00003
Pseudonocardia sp. EC080625-04	1096868	S	28	344	372	0.00001
Pseudonocardia sp. EC080610-09	1688404	S	21	765	786	0.00002
Pseudonocardia sp. CA-138482	3240023	S	14	0	14	0.00000
Pseudonocardia xinjiangensis	75289	S	1834	182	2016	0.00006
Pseudonocardia dioxanivorans	240495	S	1537	627	2164	0.00006
Pseudonocardia abyssalis	2792008	S	1474	421	1895	0.00005
Pseudonocardia halophobica	29401	S	1379	177	1556	0.00004
Pseudonocardia petroleophila	37331	S	1223	361	1584	0.00004
Pseudonocardia autotrophica	2074	S	1158	343	1501	0.00004
Pseudonocardia broussonetiae	2736640	S	1092	183	1275	0.00004
Pseudonocardia alni	33907	S	988	383	1371	0.00004
Pseudonocardia oceani	2792013	S	58	0	58	0.00000
Pseudonocardia alaniniphila	75291	S	22	10	32	0.00000
Saccharopolyspora sp. CA-218241	3240027	S	1551	278	1829	0.00005
Saccharopolyspora sp. ID03-671	3073066	S	1133	215	1348	0.00004
Saccharopolyspora sp. SCSIO 74807	3118084	S	1087	124	1211	0.00003
Saccharopolyspora sp. ASAGF58	2719023	S	366	395	761	0.00002
Saccharopolyspora erythraea	1836	S	1984	281	2265	0.00006
Saccharopolyspora gregorii	33914	S	1289	198	1487	0.00004
Saccharopolyspora rosea	524884	S	1193	162	1355	0.00004
Saccharopolyspora gloriosae	455344	S	1086	173	1259	0.00004
Saccharopolyspora spinosa	60894	S	745	249	994	0.00003
Saccharopolyspora pogona	333966	S	534	536	1070	0.00003
Lentzea sp. HUAS12	2951806	S	1200	353	1553	0.00004
Lentzea sp. JNUCC 0626	3367513	S	1060	216	1276	0.00004
Lentzea sp. DG1S-22	3108822	S	1001	313	1314	0.00004
Lentzea sp. NBC_00516	2903582	S	945	274	1219	0.00003
Lentzea sp. HUAS TT2	3447454	S	848	279	1127	0.00003
Lentzea guizhouensis	1586287	S	1343	263	1606	0.00005
Lentzea xerophila	3435883	S	1198	320	1518	0.00004
Kutzneria buriramensis	1045776	S	2181	427	2608	0.00007
Kutzneria sp. CA-103260	2802641	S	2086	450	2536	0.00007
Kutzneria albida	43357	S	1765	260	2025	0.00006
Kutzneria chonburiensis	1483604	S	1708	328	2036	0.00006
Saccharothrix sp. 6-C	2781735	S	1792	1769	3561	0.00010
Saccharothrix syringae	103733	S	2043	506	2549	0.00007
Saccharothrix espanaensis	103731	S	1970	467	2437	0.00007
Actinokineospora sp. G85	3406626	S	1513	313	1826	0.00005
Actinokineospora sp. UTMC 2448	2268449	S	1489	288	1777	0.00005
Actinokineospora sp. HUAS TT18	3447451	S	1161	338	1499	0.00004
Actinokineospora auranticolor	155976	S	1583	248	1831	0.00005
Actinomycetospora sp. CA-084318	3239892	S	1368	134	1502	0.00004
Actinomycetospora sp. CA-101289	3239893	S	986	135	1121	0.00003
Actinomycetospora sp. CA-053990	3239891	S	745	343	1088	0.00003
Actinomycetospora sp. NBC_00405	2975952	S	631	289	920	0.00003
Actinoalloteichus hoggarensis	1470176	S	979	68	1047	0.00003
Actinoalloteichus hymeniacidonis	340345	S	687	30	717	0.00002
Actinoalloteichus sp. AHMU CJ021	2072503	S	161	542	703	0.00002
Actinoalloteichus sp. GBA129-24	1612551	S	42	486	528	0.00001
Actinoalloteichus fjordicus	1612552	S	71	991	1062	0.00003
Actinoalloteichus caeruleus	2893586	S	67	285	352	0.00001
Saccharomonospora azurea	40988	S	856	166	1022	0.00003
Saccharomonospora marina	632569	S	824	149	973	0.00003
Saccharomonospora cyanea	40989	S	773	202	975	0.00003
Saccharomonospora xinjiangensis	75294	S	659	42	701	0.00002
Saccharomonospora glauca	40990	S	483	144	627	0.00002
Saccharomonospora viridis	1852	S	462	28	490	0.00001
Actinosynnema sp. CS-041913	3239917	S	1418	302	1720	0.00005
Actinosynnema mirum	40567	S	701	640	1341	0.00004
Actinosynnema pretiosum	42197	S	688	658	1346	0.00004
Crossiella sp. CA-258035	2981138	S	2496	362	2858	0.00008
Umezawaea sp. Da 62-37	3075927	S	1727	192	1919	0.00005
Allokutzneria albata	211114	S	1695	249	1944	0.00005
Kibdelosporangium phytohabitans	860235	S	1657	109	1766	0.00005
Alloactinosynnema sp. L-07	1653480	S	1213	276	1489	0.00004
Prauserella marina	530584	S	1007	40	1047	0.00003
Prauserella muralis	588067	S	49	3	52	0.00000
Allosaccharopolyspora coralli	2665642	S	522	85	607	0.00002
Nocardioides sp. LMS-CY	2840457	S	1331	256	1587	0.00004
Nocardioides sp. W7	2931390	S	1257	188	1445	0.00004
Nocardioides sp. JS614	196162	S	1176	986	2162	0.00006
Nocardioides sp. QY071	3044187	S	1039	325	1364	0.00004
Nocardioides sp. NBC_00368	2976000	S	1001	114	1115	0.00003
Nocardioides sp. dk884	2662361	S	995	534	1529	0.00004
Nocardioides sp. L-11A	3043848	S	988	199	1187	0.00003
Nocardioides sp. TF02-7	2917724	S	983	205	1188	0.00003
Nocardioides sp. B-3	2895565	S	879	52	931	0.00003
Nocardioides sp. HDW12B	2714939	S	875	160	1035	0.00003
Nocardioides sp. R1-1	3383502	S	843	187	1030	0.00003
Nocardioides sp. InS609-2	2760705	S	813	71	884	0.00002
Nocardioides sp. S5	2017486	S	795	657	1452	0.00004
Nocardioides sp. cx-173	2898796	S	783	125	908	0.00003
Nocardioides sp. WS12	2486272	S	780	56	836	0.00002
Nocardioides sp. JQ2195	2592334	S	767	60	827	0.00002
Nocardioides sp. T5	3400182	S	765	167	932	0.00003
Nocardioides sp. zg-1228	2763008	S	755	175	930	0.00003
Nocardioides sp. S-1144	2582905	S	749	142	891	0.00003
Nocardioides sp. Arc9.136	2996826	S	715	208	923	0.00003
Nocardioides sp. N13(2025)	3453405	S	624	136	760	0.00002
Nocardioides sp. CF8	110319	S	602	188	790	0.00002
Nocardioides sp. Kera G14	2884264	S	596	54	650	0.00002
Nocardioides sp. NBC_00850	2976001	S	496	157	653	0.00002
Nocardioides sp. NBC_00163	2975999	S	472	144	616	0.00002
Nocardioides anomalus	2712223	S	1486	215	1701	0.00005
Nocardioides yefusunii	2500546	S	1331	269	1600	0.00004
Nocardioides humi	449461	S	1290	297	1587	0.00004
Nocardioides daphniae	402297	S	1210	366	1576	0.00004
Nocardioides aquaticus	160826	S	1179	171	1350	0.00004
Nocardioides lacus	3036374	S	1137	152	1289	0.00004
Nocardioides faecalis	2803858	S	1054	271	1325	0.00004
Nocardioides scoriae	642780	S	1040	200	1240	0.00003
Nocardioides aromaticivorans	200618	S	1009	240	1249	0.00004
Nocardioides bizhenqiangii	3095076	S	987	104	1091	0.00003
Nocardioides marmotae	2663857	S	950	317	1267	0.00004
Nocardioides ungokensis	1643322	S	941	172	1113	0.00003
Nocardioides terrisoli	3388267	S	933	157	1090	0.00003
Nocardioides dongkuii	2760089	S	933	230	1163	0.00003
Nocardioides renjunii	3095075	S	872	190	1062	0.00003
Nocardioides cynanchi	2558918	S	863	71	934	0.00003
Nocardioides piscis	2714938	S	848	258	1106	0.00003
Nocardioides campestrisoli	2736757	S	837	156	993	0.00003
Nocardioides dokdonensis	450734	S	835	236	1071	0.00003
Nocardioides okcheonensis	2894081	S	818	223	1041	0.00003
Nocardioides euryhalodurans	2518370	S	798	122	920	0.00003
Nocardioides pantholopis	2483798	S	783	201	984	0.00003
Nocardioides panacis	2849501	S	770	114	884	0.00002
Nocardioides rotundus	1774216	S	750	248	998	0.00003
Nocardioides jishulii	2575440	S	741	150	891	0.00003
Nocardioides mesophilus	433659	S	739	116	855	0.00002
Nocardioides sambongensis	2589074	S	720	105	825	0.00002
Nocardioides houyundeii	2045452	S	674	102	776	0.00002
Nocardioides panacisoli	627624	S	650	59	709	0.00002
Nocardioides coralli	2872154	S	625	66	691	0.00002
Nocardioides marinisabuli	419476	S	622	189	811	0.00002
Nocardioides ochotonae	2685869	S	522	294	816	0.00002
Nocardioides seonyuensis	2518371	S	508	71	579	0.00002
Nocardioides baekrokdamisoli	1804624	S	418	18	436	0.00001
Aeromicrobium sp. HA	3009077	S	948	211	1159	0.00003
Aeromicrobium sp. CTD01-1L150	3341830	S	747	108	855	0.00002
Aeromicrobium sp. Leaf245	1736306	S	725	105	830	0.00002
Aeromicrobium sp. A1-2	2107713	S	544	30	574	0.00002
Aeromicrobium wangtongii	2969247	S	813	104	917	0.00003
Aeromicrobium chenweiae	2079793	S	758	125	883	0.00002
Aeromicrobium choanae	1736691	S	702	129	831	0.00002
Aeromicrobium marinum	219314	S	658	72	730	0.00002
Aeromicrobium yanjiei	2662028	S	584	91	675	0.00002
Aeromicrobium erythreum	2041	S	521	72	593	0.00002
Aeromicrobium senzhongii	2663859	S	431	224	655	0.00002
Aeromicrobium duanguangcaii	2968086	S	379	200	579	0.00002
Pimelobacter simplex	2045	S	3695	1056	4751	0.00013
Mumia sp. ZJ1417	2708082	S	1005	98	1103	0.00003
Mumia qirimensis	3234852	S	732	88	820	0.00002
Micropruina glycogenica	75385	S	1157	260	1417	0.00004
Friedmanniella luteola	546871	S	1147	114	1261	0.00004
Solicola gregarius	2908642	S	694	48	742	0.00002
Tessaracoccus aquimaris	1332264	S	1166	602	1768	0.00005
Tessaracoccus defluvii	1285901	S	1043	513	1556	0.00004
Tessaracoccus flavus	1610493	S	915	411	1326	0.00004
Tessaracoccus timonensis	2161816	S	771	520	1291	0.00004
Tessaracoccus flavescens	399497	S	759	527	1286	0.00004
Tessaracoccus sp. MC1865	2760310	S	747	70	817	0.00002
Tessaracoccus lacteus	3041766	S	575	1124	1699	0.00005
Tessaracoccus palaemonis	2829499	S	465	581	1046	0.00003
Microlunatus soli	630515	S	1443	93	1536	0.00004
Microlunatus elymi	2596828	S	1162	64	1226	0.00003
Microlunatus sagamiharensis	546874	S	960	121	1081	0.00003
Microlunatus phosphovorus	29405	S	948	117	1065	0.00003
Microlunatus sp. Gsoil 973	2672569	S	642	20	662	0.00002
Acidipropionibacterium acidipropionici	1748	S	1660	1215	2875	0.00008
Acidipropionibacterium virtanenii	2057246	S	1213	165	1378	0.00004
Acidipropionibacterium jensenii	1749	S	907	897	1804	0.00005
Propionibacterium australiense	119981	S	1402	148	1550	0.00004
Propionibacterium freudenreichii	1744	S	1287	1217	2504	0.00007
Propionibacterium acidifaciens	556499	S	1019	119	1138	0.00003
Propioniciclava soli	2775081	S	1311	887	2198	0.00006
Propioniciclava sp. MC1595	2760308	S	1084	557	1641	0.00005
Propioniciclava coleopterorum	2714937	S	1057	1115	2172	0.00006
Cutibacterium avidum	33010	S	899	487	1386	0.00004
Cutibacterium granulosum	33011	S	607	192	799	0.00002
Cutibacterium acnes	1747	S	601	432	1033	0.00003
Cutibacterium equinum	3016342	S	313	31	344	0.00001
Cutibacterium sp. V947	3446480	S	295	173	468	0.00001
Cutibacterium modestum	2559073	S	276	70	346	0.00001
Raineyella sp. LH-20	3081204	S	844	431	1275	0.00004
Raineyella sp. W15-4	3081651	S	720	312	1032	0.00003
Raineyella fluvialis	2662261	S	712	45	757	0.00002
Arachnia propionica	1750	S	1576	96	1672	0.00005
Arachnia rubra	1547448	S	737	37	774	0.00002
Propionimicrobium sp. PCR01-08-3	3052086	S	1220	121	1341	0.00004
Auraticoccus monumenti	675864	S	1153	91	1244	0.00003
Brooklawnia propionicigenes	3041175	S	1126	522	1648	0.00005
Ammonicoccus fulvus	3138240	S	840	803	1643	0.00005
Vaginimicrobium propionicum	1871034	S	613	338	951	0.00003
Luteococcus sp. OSA5	3401630	S	562	42	604	0.00002
Naumannella halotolerans	993414	S	480	176	656	0.00002
Kribbella sp. NBC_00889	2975974	S	3009	277	3286	0.00009
Kribbella sp. NBC_01505	2903580	S	1095	95	1190	0.00003
Kribbella sp. CA-253562	3239942	S	1093	147	1240	0.00003
Kribbella sp. HUAS MG21	3160966	S	1076	156	1232	0.00003
Kribbella sp. CA-247076	3239941	S	1041	131	1172	0.00003
Kribbella sp. NBC_00482	2975968	S	940	115	1055	0.00003
Kribbella sp. CA-245084	3239940	S	913	143	1056	0.00003
Kribbella sp. NBC_00709	2975972	S	893	148	1041	0.00003
Kribbella sp. GL6	3419765	S	891	96	987	0.00003
Kribbella sp. NBC_00382	2975967	S	891	106	997	0.00003
Kribbella sp. CA-294648	3239948	S	887	113	1000	0.00003
Kribbella sp. CA-293567	3002436	S	870	105	975	0.00003
Kribbella sp. NBC_01245	2903578	S	794	61	855	0.00002
Kribbella sp. NBC_00662	2975969	S	691	146	837	0.00002
Kribbella sp. NBC_00359	2975966	S	487	253	740	0.00002
Kribbella sp. NBC_01484	2903579	S	240	736	976	0.00003
Kribbella sp. NBC_01510	2903581	S	217	650	867	0.00002
Kribbella flavida	182640	S	1483	260	1743	0.00005
Kribbella qitaiheensis	1544730	S	857	83	940	0.00003
Actinopolymorpha singaporensis	117157	S	1251	55	1306	0.00004
Nonomuraea sp. CA-141351	3239996	S	2319	388	2707	0.00008
Nonomuraea sp. CA-143628	3239997	S	2222	262	2484	0.00007
Nonomuraea sp. NBC_00507	2976002	S	1879	327	2206	0.00006
Nonomuraea sp. NBC_01738	2976003	S	1844	228	2072	0.00006
Nonomuraea sp. N2-4H	3128898	S	126	1995	2121	0.00006
Nonomuraea sp. CA-252377	3240003	S	34	3	37	0.00000
Nonomuraea sp. CA-251285	3240002	S	20	0	20	0.00000
Nonomuraea gerenzanensis	93944	S	2082	345	2427	0.00007
[Actinomadura] parvosata	1955412	S	1971	309	2280	0.00006
Nonomuraea fuscirosea	1291556	S	1895	259	2154	0.00006
Nonomuraea glycinis	2047744	S	1764	285	2049	0.00006
Nonomuraea coxensis	404386	S	1652	300	1952	0.00005
Nonomuraea phyllanthi	2219224	S	1651	252	1903	0.00005
Nonomuraea bangladeshensis	404385	S	252	21	273	0.00001
Nonomuraea fastidiosa	46173	S	96	1394	1490	0.00004
Streptosporangium sp. CA-115845	3240071	S	1530	273	1803	0.00005
Streptosporangium sp. CA-135522	3240072	S	1324	269	1593	0.00004
Streptosporangium sp. 'caverna'	2202249	S	730	762	1492	0.00004
Streptosporangium sp. NBC_01756	2975950	S	254	332	586	0.00002
Streptosporangium sp. NBC_01639	2975948	S	250	328	578	0.00002
Streptosporangium sp. NBC_01469	2903898	S	97	675	772	0.00002
Streptosporangium sp. NBC_01495	2903899	S	89	511	600	0.00002
Streptosporangium sp. CA-235898	3240073	S	69	1	70	0.00000
Streptosporangium sp. NBC_01755	2975949	S	48	759	807	0.00002
Streptosporangium sp. NBC_01810	2975951	S	35	596	631	0.00002
Streptosporangium roseum	2001	S	1471	425	1896	0.00005
Streptosporangium sandarakinum	1260955	S	1266	332	1598	0.00004
Streptosporangium subroseum	106412	S	662	713	1375	0.00004
Microbispora sp. CA-135349	3239953	S	985	353	1338	0.00004
Microbispora sp. NBC_01189	2903583	S	312	527	839	0.00002
Microbispora sp. NBC_01389	2903584	S	247	409	656	0.00002
Microbispora hainanensis	568844	S	1143	483	1626	0.00005
Microbispora maris	3144104	S	1048	379	1427	0.00004
Microbispora rosea	58117	S	753	398	1151	0.00003
Microtetraspora malaysiensis	161358	S	3412	671	4083	0.00011
Sphaerisporangium viridialbum	46189	S	623	888	1511	0.00004
Sphaerisporangium sp. NBC_01403	2903599	S	485	725	1210	0.00003
Sphaerisporangium sp. TRM90804	3031113	S	89	6	95	0.00000
Sphaerimonospora sp. CA-214678	3240029	S	1388	148	1536	0.00004
Thermobispora bispora	2006	S	922	67	989	0.00003
Spongiactinospora sp. TRM90649	3031114	S	159	31	190	0.00001
Actinomadura sp. WMMB 499	1219491	S	1764	264	2028	0.00006
Actinomadura sp. NAK00032	2742128	S	1651	462	2113	0.00006
Actinomadura sp. WMMA1423	2591108	S	1275	383	1658	0.00005
Actinomadura sp. CA-154981	3240037	S	13	0	13	0.00000
Actinomadura madurae	1993	S	2026	496	2522	0.00007
Actinomadura nitritigenes	134602	S	1764	599	2363	0.00007
Actinomadura verrucosospora	46165	S	1665	615	2280	0.00006
Actinomadura graeca	2750812	S	1469	213	1682	0.00005
Actinomadura luteofluorescens	46163	S	989	466	1455	0.00004
Actinomadura formosensis	60706	S	973	244	1217	0.00003
Actinomadura citrea	46158	S	923	431	1354	0.00004
Actinomadura luzonensis	2805427	S	30	2	32	0.00000
Spirillospora sp. CA-294931	3240042	S	1884	236	2120	0.00006
Spirillospora sp. NBC_01491	2976007	S	1401	318	1719	0.00005
Spirillospora sp. CA-128828	3240033	S	811	595	1406	0.00004
Spirillospora sp. CA-142024	3240036	S	643	504	1147	0.00003
Actinoallomurus sp. CA-150999	3239887	S	2374	284	2658	0.00007
Actinoallomurus sp. NBC_01490	2903557	S	1976	203	2179	0.00006
Thermomonospora curvata	2020	S	1827	206	2033	0.00006
Thermomonospora amylolytica	1411117	S	1650	332	1982	0.00006
Nocardiopsis dassonvillei	2014	S	1436	3254	4690	0.00013
Nocardiopsis exhalans	163604	S	1288	100	1388	0.00004
Nocardiopsis sp. CA-288880	3239995	S	459	638	1097	0.00003
Nocardiopsis sp. HUAS JQ3	3061629	S	290	216	506	0.00001
Nocardiopsis sp. M1B1	3450454	S	192	237	429	0.00001
Nocardiopsis sp. LDBS0036	3104276	S	33	323	356	0.00001
Nocardiopsis gilva	280236	S	1009	67	1076	0.00003
Nocardiopsis alba	53437	S	810	88	898	0.00003
Nocardiopsis akebiae	2831968	S	242	125	367	0.00001
Nocardiopsis composta	157465	S	100	0	100	0.00000
Thermobifida alba	53522	S	926	208	1134	0.00003
Thermobifida halotolerans	483545	S	925	147	1072	0.00003
Thermobifida fusca	2021	S	615	76	691	0.00002
Streptomonospora litoralis	2498135	S	1033	61	1094	0.00003
Streptomonospora nanhaiensis	1323731	S	382	554	936	0.00003
Spiractinospora alimapuensis	2820884	S	812	22	834	0.00002
Bifidobacterium sp. ESL0790	2983233	S	768	8	776	0.00002
Bifidobacterium sp. ESL0690	2983214	S	603	22	625	0.00002
Bifidobacterium sp. ESL0775	2983230	S	602	13	615	0.00002
Bifidobacterium sp. ESL0728	2983220	S	590	15	605	0.00002
Bifidobacterium sp. ESL0769	2983229	S	440	16	456	0.00001
Bifidobacterium sp. ESL0732	2983222	S	417	19	436	0.00001
Bifidobacterium sp. ESL0827	3448583	S	377	46	423	0.00001
Bifidobacterium sp. ESL0682	2983212	S	336	6	342	0.00001
Bifidobacterium sp. ESL0704	2983219	S	330	320	650	0.00002
Bifidobacterium sp. ESL0764	2983228	S	315	564	879	0.00002
Bifidobacterium sp. ESL0800	2983236	S	272	497	769	0.00002
Bifidobacterium sp. ESL0798	2983235	S	179	191	370	0.00001
Bifidobacterium sp. ESL0200	3448588	S	162	556	718	0.00002
Bifidobacterium sp. ESL0825	3448587	S	123	91	214	0.00001
Bifidobacterium sp. ESL0820	3448586	S	94	75	169	0.00000
Bifidobacterium sp. ESL0822	3448585	S	47	28	75	0.00000
Bifidobacterium sp. ESL0819	3448589	S	40	137	177	0.00000
Bifidobacterium longum	216816	S	4592	7622	12214	0.00034
Bifidobacterium breve	1685	S	3602	1453	5055	0.00014
Bifidobacterium scardovii	158787	S	3344	79	3423	0.00010
Bifidobacterium pseudolongum	1694	S	2209	282	2491	0.00007
Bifidobacterium dentium	1689	S	2143	47	2190	0.00006
Bifidobacterium adolescentis	1680	S	1741	1052	2793	0.00008
Bifidobacterium lemurum	1603886	S	1668	120	1788	0.00005
Bifidobacterium subtile	77635	S	1469	111	1580	0.00004
Bifidobacterium pseudocatenulatum	28026	S	1411	457	1868	0.00005
Bifidobacterium choerinum	35760	S	1384	416	1800	0.00005
Bifidobacterium pullorum	78448	S	1354	201	1555	0.00004
Bifidobacterium catenulatum	1686	S	1303	480	1783	0.00005
Bifidobacterium asteroides	1684	S	1203	163	1366	0.00004
Bifidobacterium eulemuris	1765219	S	1096	76	1172	0.00003
Bifidobacterium angulatum	1683	S	978	101	1079	0.00003
Bifidobacterium saguini	762210	S	941	252	1193	0.00003
Bifidobacterium actinocoloniiforme	638619	S	940	13	953	0.00003
Bifidobacterium thermophilum	33905	S	804	49	853	0.00002
Bifidobacterium aquikefiricola	3059038	S	695	60	755	0.00002
Bifidobacterium fermentum	3059035	S	654	38	692	0.00002
Bifidobacterium bifidum	1681	S	609	686	1295	0.00004
Bifidobacterium crudilactis	327277	S	587	58	645	0.00002
Bifidobacterium animalis	28025	S	582	12171	12753	0.00036
Bifidobacterium coryneforme	1687	S	554	16	570	0.00002
Bifidobacterium imperatoris	2020965	S	532	154	686	0.00002
Gardnerella sp. DNF00502	2749049	S	300	98	398	0.00001
Gardnerella sp. KA00747	2749078	S	257	37	294	0.00001
Gardnerella sp. DNF00536	2749050	S	217	35	252	0.00001
Gardnerella sp. DNF01199S	2749067	S	170	270	440	0.00001
Gardnerella sp. KA00225	2749071	S	142	87	229	0.00001
Gardnerella sp. KA00255	2749073	S	127	123	250	0.00001
Gardnerella sp. DNF01141	2749057	S	115	400	515	0.00001
Gardnerella sp. DNF00550	2749051	S	90	515	605	0.00002
Gardnerella sp. KA00603	2749076	S	69	234	303	0.00001
Gardnerella sp. DNF01192	2749064	S	36	41	77	0.00000
Gardnerella sp. DNF00354	2749046	S	30	50	80	0.00000
Gardnerella sp. DNF00983	2749056	S	23	41	64	0.00000
Gardnerella sp. KA01001	2749081	S	22	147	169	0.00000
Gardnerella sp. DNF01198P	2749066	S	21	144	165	0.00000
Gardnerella sp. DNF01180P	2749062	S	19	144	163	0.00000
Gardnerella sp. DNF00257	2749045	S	19	32	51	0.00000
Gardnerella sp. DNF01144	2749058	S	18	29	47	0.00000
Gardnerella sp. DNF00622A	2749053	S	17	24	41	0.00000
Gardnerella sp. DNF00476	2749047	S	16	108	124	0.00000
Gardnerella sp. DNF00571G	2749052	S	16	13	29	0.00000
Gardnerella sp. KA00243	2749072	S	11	74	85	0.00000
Gardnerella vaginalis	2702	S	457	2196	2653	0.00007
Gardnerella pickettii	2914924	S	80	98	178	0.00000
Gardnerella piotii	2792977	S	71	66	137	0.00000
Gardnerella swidsinskii	2792979	S	59	125	184	0.00001
Gardnerella leopoldii	2792978	S	19	126	145	0.00000
Parascardovia denticolens	78258	S	1442	111	1553	0.00004
Scardovia inopinata	78259	S	803	78	881	0.00002
Scardovia wiggsiae	230143	S	542	30	572	0.00002
Alloscardovia omnicolens	419015	S	831	13	844	0.00002
Bombiscardovia apis	2932182	S	442	8	450	0.00001
Actinomyces sp. oral taxon 414	712122	S	1160	201	1361	0.00004
Actinomyces sp. 432	2057798	S	894	52	946	0.00003
Actinomyces sp. Z16	2079536	S	857	95	952	0.00003
Actinomyces sp. Chiba101	1851395	S	432	61	493	0.00001
Actinomyces sp. oral taxon 171	706438	S	383	193	576	0.00002
Actinomyces sp. zg-332	2708340	S	282	24	306	0.00001
Actinomyces sp. HMT897	2789424	S	208	334	542	0.00002
Actinomyces sp. oral taxon 169	712116	S	183	143	326	0.00001
Actinomyces sp. oral taxon 897	2081702	S	180	293	473	0.00001
Actinomyces sp. HMT 175	2789425	S	111	261	372	0.00001
Actinomyces procaprae	2560010	S	965	105	1070	0.00003
Actinomyces israelii	1659	S	900	44	944	0.00003
Actinomyces radicidentis	111015	S	760	246	1006	0.00003
Actinomyces capricornis	2755559	S	743	44	787	0.00002
Actinomyces weissii	675090	S	717	36	753	0.00002
Actinomyces qiguomingii	2057800	S	701	23	724	0.00002
Actinomyces respiraculi	2744574	S	665	47	712	0.00002
Actinomyces pacaensis	1852377	S	633	31	664	0.00002
Actinomyces howellii	52771	S	631	24	655	0.00002
Actinomyces slackii	52774	S	605	27	632	0.00002
Actinomyces massiliensis	461393	S	595	214	809	0.00002
Actinomyces naeslundii	1655	S	546	146	692	0.00002
Actinomyces wuliandei	2057743	S	526	29	555	0.00002
Actinomyces urogenitalis	103621	S	514	158	672	0.00002
Actinomyces trachealis	2763540	S	513	34	547	0.00002
Actinomyces oris	544580	S	496	1856	2352	0.00007
Actinomyces viscosus	1656	S	404	1569	1973	0.00006
Actinomyces lilanjuaniae	2321394	S	387	18	405	0.00001
Actinomyces faecalis	2722820	S	286	13	299	0.00001
Actinomyces gaoshouyii	1960083	S	270	37	307	0.00001
Actinomyces marmotae	2737173	S	168	29	197	0.00001
Actinomyces timonensis	1288391	S	158	33	191	0.00001
Schaalia sp. 19OD2882	2794089	S	644	23	667	0.00002
Schaalia sp. HMT-172	3059028	S	563	289	852	0.00002
Schaalia sp. JY-X169	2758572	S	542	6	548	0.00002
Schaalia sp. ZJ405	2709403	S	261	10	271	0.00001
Schaalia odontolytica	1660	S	1531	351	1882	0.00005
Schaalia turicensis	131111	S	1063	571	1634	0.00005
Schaalia radingae	131110	S	572	71	643	0.00002
Schaalia meyeri	52773	S	565	44	609	0.00002
Schaalia cardiffensis	181487	S	367	29	396	0.00001
Trueperella pyogenes	1661	S	2413	688	3101	0.00009
Trueperella pecoris	2733571	S	975	407	1382	0.00004
Trueperella abortisuis	445930	S	830	320	1150	0.00003
Trueperella bialowiezensis	312285	S	530	9	539	0.00002
Trueperella bernardiae	59561	S	439	902	1341	0.00004
Arcanobacterium wilhelmae	1803177	S	605	45	650	0.00002
Arcanobacterium hippocoleae	149017	S	474	39	513	0.00001
Arcanobacterium haemolyticum	28264	S	375	239	614	0.00002
Arcanobacterium canis	999183	S	274	97	371	0.00001
Arcanobacterium pinnipediorum	1503041	S	256	55	311	0.00001
Arcanobacterium buesumense	2722751	S	228	67	295	0.00001
Arcanobacterium phocae	131112	S	139	46	185	0.00001
Arcanobacterium phocisimile	1302235	S	122	47	169	0.00000
Actinotignum urinale	190146	S	565	189	754	0.00002
Actinotignum schaalii	59505	S	452	172	624	0.00002
Actinotignum timonense	1870995	S	269	239	508	0.00001
Flaviflexus salsibiostraticola	1282737	S	487	181	668	0.00002
Flaviflexus equikiangi	2758573	S	377	77	454	0.00001
Flaviflexus ciconiae	2496867	S	356	48	404	0.00001
Nanchangia anserum	2692125	S	905	22	927	0.00003
Gleimia europaea	66228	S	483	326	809	0.00002
Gleimia hominis	595468	S	327	569	896	0.00003
Buchananella felis	3231492	S	800	61	861	0.00002
Mobiluncus curtisii	2051	S	730	277	1007	0.00003
Actinobaculum sp. 313	2495645	S	671	20	691	0.00002
Scrofimicrobium appendicitidis	3079930	S	603	7	610	0.00002
Pauljensenia hongkongensis	178339	S	600	287	887	0.00002
Changpingibacter yushuensis	2758440	S	590	313	903	0.00003
Varibaculum prostatecancerukia	2811781	S	562	183	745	0.00002
Boudabousia tangfeifanii	1912795	S	466	13	479	0.00001
Winkia neuii	33007	S	332	675	1007	0.00003
Blastococcus sp. PRF04-17	2933797	S	937	219	1156	0.00003
Blastococcus sp. HT6-30	3144843	S	608	172	780	0.00002
Blastococcus saxobsidens	138336	S	1031	229	1260	0.00004
Blastococcus brunescens	1564165	S	1010	175	1185	0.00003
Blastococcus montanus	3144973	S	879	242	1121	0.00003
Modestobacter italicus	2732864	S	1355	261	1616	0.00005
Modestobacter sp. L9-4	2851567	S	1065	233	1298	0.00004
Geodermatophilus sp. DSM 44513	1528104	S	1284	314	1598	0.00004
Geodermatophilus obscurus	1861	S	828	188	1016	0.00003
Frankia sp. QA3	710111	S	1072	285	1357	0.00004
Frankia sp. ArI3	1858	S	1024	483	1507	0.00004
Frankia alni	1859	S	917	524	1441	0.00004
Frankia casuarinae	106370	S	836	96	932	0.00003
Pseudofrankia inefficax	298654	S	1888	182	2070	0.00006
Parafrankia sp. EAN1pec	298653	S	1235	177	1412	0.00004
Candidatus Protofrankia datiscae	2716812	S	759	577	1336	0.00004
Georgenia sp. TF02-10	2917725	S	856	879	1735	0.00005
Georgenia sp. SUBG003	1497974	S	842	439	1281	0.00004
Georgenia sp. M64	3120520	S	752	611	1363	0.00004
Georgenia yuyongxinii	2589797	S	848	146	994	0.00003
Georgenia wutianyii	2585135	S	722	221	943	0.00003
Georgenia faecalis	2483799	S	677	162	839	0.00002
Nakamurella sp. A5-74	3158264	S	878	34	912	0.00003
Nakamurella sp. PAMC28650	2762325	S	812	37	849	0.00002
Nakamurella multipartita	53461	S	1356	146	1502	0.00004
Nakamurella panacisegetis	1090615	S	850	52	902	0.00003
Nakamurella antarctica	1902245	S	432	23	455	0.00001
Kineococcus sp. NBC_00420	2903564	S	961	170	1131	0.00003
Kineococcus sp. DHX-1	3349638	S	803	161	964	0.00003
Kineococcus radiotolerans	131568	S	1152	244	1396	0.00004
Angustibacter sp. McL0619	3415676	S	821	77	898	0.00003
Jiangella alkaliphila	419479	S	1765	306	2071	0.00006
Jiangella sp. DSM 45060	1798224	S	1726	301	2027	0.00006
Candidatus Planktophila dulcis	1884914	S	506	81	587	0.00002
Candidatus Planktophila versatilis	1884905	S	502	62	564	0.00002
Candidatus Planktophila lacus	1884913	S	333	24	357	0.00001
Candidatus Planktophila vernalis	1884907	S	262	12	274	0.00001
Candidatus Planktophila sulfonica	1884904	S	248	54	302	0.00001
Candidatus Planktophila limnetica	573600	S	171	7	178	0.00000
Candidatus Nanopelagicus abundans	1884916	S	226	33	259	0.00001
Candidatus Nanopelagicus limnae	1884634	S	152	30	182	0.00001
Candidatus Nanopelagicus hibericus	1884915	S	96	9	105	0.00000
Jatrophihabitans cynanchi	2944128	S	866	66	932	0.00003
Jatrophihabitans sp. GAS493	1907575	S	807	37	844	0.00002
Jatrophihabitans telluris	2038343	S	790	23	813	0.00002
Catenulispora acidiphila	304895	S	2303	202	2505	0.00007
Stackebrandtia nassauensis	283811	S	1530	40	1570	0.00004
Natronoglycomyces albus	2811108	S	481	2	483	0.00001
Epidermidibacterium keratini	1891644	S	690	819	1509	0.00004
Actinopolyspora erythraea	414996	S	652	17	669	0.00002
Acidothermus cellulolyticus	28049	S	531	10	541	0.00002
Eggerthella lenta	84112	S	10792	5007	15799	0.00044
Eggerthella guodeyinii	2690837	S	7290	2182	9472	0.00027
Eggerthella sp. YY7918	502558	S	6602	3423	10025	0.00028
Gordonibacter urolithinfaciens	1335613	S	5455	7963	13418	0.00038
Gordonibacter pamelaeae	471189	S	3529	4301	7830	0.00022
Adlercreutzia equolifaciens	446660	S	5688	2530	8218	0.00023
Adlercreutzia hattorii	2707299	S	2438	2862	5300	0.00015
Slackia heliotrinireducens	84110	S	7392	61	7453	0.00021
Slackia exigua	84109	S	2316	75	2391	0.00007
Arabiibacter massiliensis	1870985	S	7310	304	7614	0.00021
Berryella wangjianweii	2734634	S	3104	84	3188	0.00009
Berryella intestinalis	1531429	S	2885	4315	7200	0.00020
Raoultibacter timonensis	1907662	S	5708	729	6437	0.00018
Xiamenia xianingshaonis	2682776	S	4250	52	4302	0.00012
Denitrobacterium detoxificans	79604	S	3655	1865	5520	0.00016
Phoenicibacter congonensis	1944646	S	1358	685	2043	0.00006
Cryptobacterium curtum	84163	S	924	20	944	0.00003
Olsenella timonensis	1805478	S	4440	1116	5556	0.00016
Olsenella uli	133926	S	3420	169	3589	0.00010
Olsenella sp. oral taxon 807	712411	S	2901	137	3038	0.00009
Thermophilibacter mediterraneus	1871031	S	3938	2264	6202	0.00017
Thermophilibacter immobilis	2779519	S	3326	743	4069	0.00011
Parolsenella massiliensis	1871022	S	3249	2303	5552	0.00016
Parolsenella catena	2003188	S	2873	3917	6790	0.00019
Parafannyhessea umbonata	604330	S	4898	2088	6986	0.00020
Lancefieldella sp. Marseille-Q7238	3022127	S	1739	30	1769	0.00005
Lancefieldella parvula	1382	S	1029	39	1068	0.00003
Atopobium sp. oral taxon 416	712157	S	2301	155	2456	0.00007
Fannyhessea vaginae	82135	S	1079	417	1496	0.00004
Collinsella aerofaciens	74426	S	8799	7624	16423	0.00046
Collinsella stercoris	147206	S	4713	103	4816	0.00014
Collinsella sp. zg1085	2844380	S	1050	12	1062	0.00003
Collinsella sp. i05-0019-G5	3132705	S	791	1613	2404	0.00007
Enorma phocaeensis	1871019	S	5461	1242	6703	0.00019
Coriobacterium glomerans	33871	S	2247	25	2272	0.00006
Leptogranulimonas caecicola	2894156	S	2977	66	3043	0.00009
Aquihabitans sp. G128	2849779	S	1302	177	1479	0.00004
Aquihabitans sp. McL0605	3415671	S	1261	189	1450	0.00004
Aquihabitans daechungensis	1052257	S	899	130	1029	0.00003
Iamia majanohamensis	467976	S	1445	132	1577	0.00004
Iamia sp. SCSIO 61187	2722752	S	1218	106	1324	0.00004
Dermatobacter hominis	2884263	S	1311	76	1387	0.00004
Actinomarinicola tropica	2789776	S	1077	161	1238	0.00003
Actinospongicola halichondriae	3236844	S	722	32	754	0.00002
Candidatus Poriferisodalis sp.	3101277	S	6400	115	6515	0.00018
Candidatus Poriferisocius sp.	3101276	S	3860	169	4029	0.00011
Ilumatobacter sp.	1967498	S	971	31	1002	0.00003
Ilumatobacter coccineus	467094	S	833	38	871	0.00002
Salinilacustrithrix flava	2957203	S	1110	101	1211	0.00003
Acidimicrobium ferrooxidans	53635	S	297	1	298	0.00001
Candidatus Spongiisocius sp.	3101273	S	641	2	643	0.00002
Baekduia sp. Peel2402	3458296	S	4172	446	4618	0.00013
Baekduia soli	496014	S	1874	242	2116	0.00006
Baekduia alba	2997333	S	1854	237	2091	0.00006
Svornostia abyssi	2898438	S	1252	78	1330	0.00004
Conexibacter sp. SYSU D00693	2812560	S	1345	173	1518	0.00004
Conexibacter sp. S30A1	2937800	S	902	35	937	0.00003
Conexibacter sp. DBS9H8	2937801	S	888	34	922	0.00003
Conexibacter woesei	191495	S	2090	192	2282	0.00006
Paraconexibacter sp. AEG42_29	2997339	S	1627	101	1728	0.00005
Paraconexibacter antarcticus	2949664	S	1511	123	1634	0.00005
Capillimicrobium parvum	2884022	S	1778	182	1960	0.00006
Miltoncostaea marina	2843215	S	1183	130	1313	0.00004
Miltoncostaea oceani	2843216	S	1110	51	1161	0.00003
Thermoleophilum album	29539	S	597	13	610	0.00002
Rubrobacter xylanophilus	49319	S	2667	76	2743	0.00008
Rubrobacter marinus	2653852	S	1294	87	1381	0.00004
Rubrobacter tropicus	2653851	S	1114	30	1144	0.00003
Rubrobacter radiotolerans	42256	S	1101	318	1419	0.00004
Rubrobacter indicoceani	2051957	S	742	67	809	0.00002
Euzebya pacifica	1608957	S	1446	29	1475	0.00004
Egibacter rhizosphaerae	1670831	S	1091	15	1106	0.00003
Egicoccus halophilus	1670830	S	966	23	989	0.00003
Synechococcus sp. PCC 7502	1173263	S	1268	68	1336	0.00004
Synechococcus sp. CBW1107	2789857	S	1163	1514	2677	0.00008
Synechococcus sp. JA-2-3B'a(2-13)	321332	S	1032	131	1163	0.00003
Synechococcus sp. RSCCF101	2511069	S	995	72	1067	0.00003
Synechococcus sp. KORDI-100	1280380	S	874	32	906	0.00003
Synechococcus sp. JA-3-3Ab	321327	S	843	137	980	0.00003
Synechococcus sp. PCC 7336	195250	S	670	4	674	0.00002
Synechococcus sp. CBW1004	1353136	S	668	113	781	0.00002
Synechococcus sp. CB0101	232348	S	584	45	629	0.00002
Synechococcus sp. MIT S1220	3082549	S	477	23	500	0.00001
Synechococcus sp. CBW1108	1353147	S	466	70	536	0.00002
Synechococcus sp. NOUM97013	1442555	S	413	35	448	0.00001
Synechococcus sp. PROS-U-1	1400866	S	407	42	449	0.00001
Synechococcus sp. MIT S9452	3082546	S	352	15	367	0.00001
Synechococcus sp. SynAce01	1916956	S	345	23	368	0.00001
Synechococcus sp. WH 8101	59932	S	341	45	386	0.00001
Synechococcus sp. PCC 6312	195253	S	339	7	346	0.00001
Synechococcus sp. LTW-R	2751170	S	332	31	363	0.00001
Synechococcus sp. NB0720_010	2907159	S	330	34	364	0.00001
Synechococcus sp. A15-28	1050638	S	328	136	464	0.00001
Synechococcus sp. A15-24	1050635	S	325	206	531	0.00001
Synechococcus sp. HK01-R	2751171	S	320	22	342	0.00001
Synechococcus sp. BIOS-U3-1	1400865	S	316	16	332	0.00001
Synechococcus sp. Minos11	221341	S	306	15	321	0.00001
Synechococcus sp. ROS8604	1442557	S	275	34	309	0.00001
Synechococcus sp. LA31	2741953	S	264	155	419	0.00001
Synechococcus sp. KORDI-49	585423	S	262	87	349	0.00001
Synechococcus sp. MIT S9503	3082547	S	259	16	275	0.00001
Synechococcus sp. MIT S9451	3082543	S	242	12	254	0.00001
Synechococcus sp. RS9909	221352	S	231	41	272	0.00001
Synechococcus sp. CBW1006	1353138	S	203	1818	2021	0.00006
Synechococcus sp. KORDI-52	585425	S	184	26	210	0.00001
Synechococcus sp. CC9311	64471	S	181	16	197	0.00001
Synechococcus sp. A15-127	1050624	S	178	58	236	0.00001
Synechococcus sp. A15-44	1050646	S	170	145	315	0.00001
Synechococcus sp. M16CYN	3103139	S	151	8	159	0.00000
Synechococcus sp. PROS-9-1	1968775	S	150	12	162	0.00000
Synechococcus sp. WH 8109	166314	S	147	33	180	0.00001
Synechococcus sp. MEDNS5	1442554	S	140	20	160	0.00000
Synechococcus sp. BMK-MC-1	1442551	S	139	32	171	0.00000
Synechococcus sp. CC9605	110662	S	137	34	171	0.00000
Synechococcus sp. CC9902	316279	S	134	8	142	0.00000
Synechococcus sp. MIT S9504	1801628	S	133	88	221	0.00001
Synechococcus sp. MIT S9508	1801629	S	127	37	164	0.00000
Synechococcus sp. WH 8020	32052	S	111	557	668	0.00002
Synechococcus sp. SYN20	1050714	S	106	80	186	0.00001
Synechococcus sp. PROS-7-1	1442556	S	101	24	125	0.00000
Synechococcus sp. CCFWC 502	2978474	S	99	237	336	0.00001
Synechococcus sp. MVIR-18-1	1386941	S	95	83	178	0.00000
Synechococcus sp. A15-62	1050657	S	93	37	130	0.00000
Synechococcus sp. RS9902	221345	S	91	89	180	0.00001
Synechococcus sp. M16.1	1442553	S	86	126	212	0.00001
Synechococcus sp. A10-1-5-9	3392295	S	86	126	212	0.00001
Synechococcus sp. TAK9802	1442558	S	77	84	161	0.00000
Synechococcus sp. W4D4	3392294	S	76	201	277	0.00001
Synechococcus sp. BIOS-E4-1	1400864	S	70	44	114	0.00000
Synechococcus sp. CBW1002	1353134	S	62	576	638	0.00002
Synechococcus sp. RS9907	221350	S	62	75	137	0.00000
Synechococcus sp. A10-1-5-1	2936507	S	61	158	219	0.00001
Synechococcus sp. A15-60	1050655	S	23	97	120	0.00000
Synechococcus sp. Cu2B8-bc1011	3093725	S	20	107	127	0.00000
Synechococcus sp. MIT S9507	3082544	S	14	47	61	0.00000
Synechococcus elongatus	32046	S	954	30	984	0.00003
Prochlorococcus marinus	1219	S	5646	2672	8318	0.00023
Prochlorococcus sp. MIT 0916	3082521	S	585	345	930	0.00003
Prochlorococcus sp. MIT 0604	1501268	S	516	755	1271	0.00004
Prochlorococcus sp. MIT 1223	3096217	S	317	12	329	0.00001
Prochlorococcus sp. MIT 1300	3096218	S	309	18	327	0.00001
Prochlorococcus sp. MIT 1307	3096219	S	213	9	222	0.00001
Prochlorococcus sp. MIT 1314	3096220	S	206	106	312	0.00001
Prochlorococcus sp. MIT 1341	3096221	S	156	6	162	0.00000
Prochlorococcus sp. MIT 0801	1501269	S	134	198	332	0.00001
Prochlorococcus sp. MIT 1011	3082520	S	125	161	286	0.00001
Prochlorococcus sp. MIT 9314	3082534	S	91	181	272	0.00001
Prochlorococcus sp. MIT 1306	1799667	S	62	438	500	0.00001
Prochlorococcus sp. MIT 1342	3082532	S	49	428	477	0.00001
Prochlorococcus sp. MIT 1323	3082526	S	33	191	224	0.00001
Prochlorococcus sp. MIT 1201	3082535	S	25	328	353	0.00001
Cyanobium sp. NIES-981	1851505	S	909	130	1039	0.00003
Cyanobium sp. NS01	261284	S	695	137	832	0.00002
Cyanobium sp. BSA11S	3108224	S	573	180	753	0.00002
Cyanobium gracile	59930	S	909	71	980	0.00003
Cyanobium usitatum	2304190	S	537	120	657	0.00002
Parasynechococcus marenigrum	2881428	S	263	218	481	0.00001
Synechocystis sp. LKSZ1	3144951	S	943	93	1036	0.00003
Synechocystis sp. PCC 6714	1147	S	412	65	477	0.00001
Synechocystis sp. CACIAM 05	1933929	S	172	294	466	0.00001
Synechocystis sp. PCC 7338	2732530	S	13	373	386	0.00001
Altericista sp. CCNU0014	3082949	S	581	31	612	0.00002
Nostoc sp. UHCC 0302	3134896	S	1261	94	1355	0.00004
Nostoc sp. UHCC 0870	2914041	S	980	90	1070	0.00003
Nostoc sp. DSM 114161	3440143	S	816	52	868	0.00002
Nostoc sp. PCC 7524	28072	S	753	81	834	0.00002
Nostoc sp. C117	3349875	S	751	91	842	0.00002
Nostoc sp. 'Peltigera membranacea cyanobiont' N6	1261031	S	417	92	509	0.00001
Nostoc sp. 'Lobaria pulmonaria (5183) cyanobiont'	1618022	S	311	50	361	0.00001
Nostoc sp. C052	2576902	S	623	125	748	0.00002
Nostoc sp. TCL26-01	2576904	S	560	34	594	0.00002
Nostoc sp. PCC 7107	317936	S	532	41	573	0.00002
Nostoc sp. NIES-3756	1751286	S	524	55	579	0.00002
Nostoc sp. DSM 114167	3439050	S	511	61	572	0.00002
Nostoc sp. MS1	2764711	S	483	49	532	0.00001
Nostoc sp. UHCC 0926	3025190	S	355	48	403	0.00001
Nostoc sp. C110	3349876	S	257	349	606	0.00002
Nostoc sp. TCL240-02	2572090	S	248	103	351	0.00001
Nostoc sp. CENA543	1869241	S	246	36	282	0.00001
Nostoc sp. C057	2576903	S	180	251	431	0.00001
Nostoc sp. ATCC 53789	76335	S	144	242	386	0.00001
Nostoc sp. CALU 1950	3104321	S	42	24	66	0.00000
Nostoc piscinale	224012	S	773	55	828	0.00002
Nostoc flagelliforme	1306274	S	632	220	852	0.00002
Nostoc sphaeroides	446679	S	580	288	868	0.00002
Nostoc edaphicum	264686	S	562	179	741	0.00002
Nostoc commune	1178	S	341	85	426	0.00001
Nostoc punctiforme	272131	S	338	302	640	0.00002
Anabaena azotica	197653	S	656	430	1086	0.00003
Anabaena sp. 90	46234	S	246	718	964	0.00003
Anabaena sp. WA102	1647413	S	173	304	477	0.00001
Anabaena sp. YBS01	2490939	S	49	1824	1873	0.00005
Cylindrospermum stagnale	142864	S	743	53	796	0.00002
Trichormus azollae	1164	S	533	61	594	0.00002
Richelia sinica	1357545	S	502	60	562	0.00002
Dolichospermum flos-aquae	1166	S	830	1853	2683	0.00008
Dolichospermum compactum	136073	S	465	138	603	0.00002
Dolichospermum sp. UHCC 0315A	1914871	S	419	772	1191	0.00003
Dolichospermum heterosporum	747522	S	229	181	410	0.00001
Cylindrospermopsis curvispora	747548	S	846	765	1611	0.00005
Cylindrospermopsis raciborskii	77022	S	246	272	518	0.00001
Okeanomitos corallinicola	3231550	S	866	75	941	0.00003
Sphaerospermopsis torques-reginae	984207	S	454	41	495	0.00001
Calothrix sp. PCC 6303	1170562	S	883	30	913	0.00003
Calothrix sp. 336/3	1337936	S	777	12	789	0.00002
Calothrix sp. NIES-3974	2005462	S	635	33	668	0.00002
Calothrix sp. PCC 7507	99598	S	447	38	485	0.00001
Nodularia spumigena	70799	S	322	159	481	0.00001
Nodularia sphaerocarpa	137816	S	319	85	404	0.00001
Halotia branconii	1620816	S	507	47	554	0.00002
Aliinostoc sp. HNIBRCY26	3418997	S	396	78	474	0.00001
Anabaenopsis elenkinii	156213	S	259	64	323	0.00001
Tolypothrix sp. PCC 7910	2099387	S	449	1439	1888	0.00005
Fischerella sp. JS2	2597771	S	899	126	1025	0.00003
Fischerella sp. NIES-3754	1752063	S	598	214	812	0.00002
Rivularia sp. PCC 7116	373994	S	1214	28	1242	0.00003
Chlorogloeopsis fritschii	1124	S	712	6	718	0.00002
Brasilonema sennae	1397703	S	646	31	677	0.00002
Geminocystis sp. NIES-3708	1615909	S	1294	224	1518	0.00004
Geminocystis sp. NIES-3709	1617448	S	944	131	1075	0.00003
Geminocystis herdmanii	669359	S	931	98	1029	0.00003
Cyanobacterium sp. uoEpiScrs1	2976343	S	477	176	653	0.00002
Cyanobacterium sp. DS4	2878255	S	460	157	617	0.00002
Cyanobacterium sp. IPPAS B-1200	1562720	S	337	114	451	0.00001
Cyanobacterium sp. HL-69	2054282	S	269	97	366	0.00001
Cyanobacterium aponinum	379064	S	856	145	1001	0.00003
[Leptolyngbya] sp. PCC 7376	111781	S	1133	55	1188	0.00003
Picosynechococcus sp. PCC 7003	374981	S	420	42	462	0.00001
Picosynechococcus sp. PCC 11901	2579791	S	104	238	342	0.00001
Picosynechococcus sp. PCC 73109	374982	S	71	160	231	0.00001
Picosynechococcus sp. PCC 8807	195248	S	64	202	266	0.00001
Picosynechococcus sp. PCC 7117	195498	S	60	138	198	0.00001
Picosynechococcus sp. PCC 7002	32049	S	46	103	149	0.00000
Gloeothece verrucosa	2546359	S	1526	71	1597	0.00004
Gloeothece citriformis	2546356	S	737	40	777	0.00002
Crocosphaera watsonii	263511	S	1422	101	1523	0.00004
Crocosphaera subtropica	2546360	S	583	43	626	0.00002
Candidatus Atelocyanobacterium thalassae	713887	S	837	105	942	0.00003
Rippkaea orientalis	2546366	S	379	40	419	0.00001
Microcystis aeruginosa	1126	S	935	1619	2554	0.00007
Microcystis sp. MC19	1967666	S	121	70	191	0.00001
Microcystis sp. BLCC-F210	3342751	S	120	51	171	0.00000
Microcystis panniformis	513223	S	38	37	75	0.00000
Microcystis protocystis	629747	S	20	185	205	0.00001
Euhalothece natronophila	577489	S	634	54	688	0.00002
Halothece sp. PCC 7418	65093	S	476	121	597	0.00002
Gloeocapsa sp. PCC 7428	1173026	S	440	42	482	0.00001
Gloeocapsopsis dulcis	2859516	S	390	100	490	0.00001
Limnospira platensis	118562	S	2795	33	2828	0.00008
Limnospira indica	147322	S	2225	2347	4572	0.00013
Limnospira fusiformis	54297	S	22	13	35	0.00000
Capilliphycus salinus	2768948	S	793	62	855	0.00002
Planktothrix agardhii	1160	S	672	955	1627	0.00005
Planktothrix pseudagardhii	132604	S	215	554	769	0.00002
Planktothrix rubescens	59512	S	94	233	327	0.00001
Planktothrix tepida	1678309	S	86	205	291	0.00001
Microcoleus vaginatus	119532	S	916	69	985	0.00003
Microcoleus anatoxicus	2705319	S	722	36	758	0.00002
Trichodesmium erythraeum	1206	S	1200	18	1218	0.00003
Lyngbya confervoides	207921	S	43	0	43	0.00000
Oxynema aestuarii	2874213	S	861	58	919	0.00003
Oxynema acuminatum	118323	S	737	60	797	0.00002
Phormidium yuhuli	2974039	S	512	38	550	0.00002
Phormidium nigroviride	482564	S	471	45	516	0.00001
Planktothricoides raciborskii	132608	S	972	39	1011	0.00003
[Phormidium] sp. ETS-05	222819	S	526	17	543	0.00002
Leptolyngbya sp. 7M	2812896	S	1693	123	1816	0.00005
Leptolyngbya sp. BL0902	1115757	S	1021	121	1142	0.00003
Leptolyngbya sp. NK1-12	2547451	S	620	56	676	0.00002
Leptolyngbya sp. O-77	1080068	S	619	1770	2389	0.00007
Leptolyngbya sp. FACHB-1624	2692802	S	264	408	672	0.00002
Leptolyngbya sp. Cla-17	2803751	S	148	53	201	0.00001
Leptolyngbya boryana	1184	S	230	126	356	0.00001
Leptothermofonsia sp. ETS-13	3035696	S	922	72	994	0.00003
Leptothermofonsia sichuanensis	2917832	S	490	129	619	0.00002
Leptodesmis sichuanensis	2906798	S	680	329	1009	0.00003
Kovacikia minuta	2931930	S	500	35	535	0.00002
Trichothermofontia sichuanensis	3045816	S	1863	161	2024	0.00006
Trichocoleus desertorum	1481672	S	667	103	770	0.00002
Thermosynechococcus sp.	2814275	S	197	381	578	0.00002
Thermosynechococcus sp. HN-54	2933959	S	161	101	262	0.00001
Thermosynechococcus sp. NK55a	1394889	S	147	323	470	0.00001
Thermosynechococcus vestitus	146786	S	256	287	543	0.00002
Thermosynechococcus sichuanensis	3161974	S	203	193	396	0.00001
Parathermosynechococcus lividus	33070	S	319	21	340	0.00001
Acaryochloris marina	155978	S	775	219	994	0.00003
Acaryochloris sp. 'Moss Beach'	2740837	S	237	188	425	0.00001
Acaryochloris sp. CCMEE 5410	310037	S	46	3	49	0.00000
Stanieria cyanosphaera	102116	S	2213	105	2318	0.00007
Pleurocapsa sp. FMAR1	3040204	S	1197	56	1253	0.00004
Pleurocapsa sp. PCC 7327	118163	S	532	83	615	0.00002
Pseudanabaena sp. ABRG5-3	685565	S	389	172	561	0.00002
Pseudanabaena sp. Chao 1811	2963092	S	366	226	592	0.00002
Pseudanabaena galeata	1112103	S	979	177	1156	0.00003
Pseudanabaena minima	890415	S	556	109	665	0.00002
Pseudanabaena mucicola	71190	S	439	71	510	0.00001
Thalassoporum mexicanum	3457544	S	530	19	549	0.00002
Gloeobacter kilaueensis	1416614	S	1111	16	1127	0.00003
Gloeobacter violaceus	33072	S	642	304	946	0.00003
Gloeobacter morelensis	2907343	S	556	233	789	0.00002
Anthocerotibacter panamensis	2857077	S	534	2	536	0.00002
Thermoleptolyngbya oregonensis	2303529	S	442	874	1316	0.00004
Thermoleptolyngbya sp. PKUAC-SCTB121	2811482	S	32	714	746	0.00002
Thermoleptolyngbya sichuanensis	2885951	S	12	276	288	0.00001
Egbenema bharatensis	3463334	S	944	115	1059	0.00003
Thermocoleostomius sinensis	3065396	S	560	94	654	0.00002
Moorena producens	1155739	S	1333	39	1372	0.00004
Allocoleopsis franciscana	2886352	S	1020	103	1123	0.00003
Nodosilinea sp. E11	3037479	S	1244	223	1467	0.00004
Halomicronema hongdechloris	1209493	S	501	5	506	0.00001
Dactylococcopsis salina	292566	S	538	157	695	0.00002
Crinalium epipsammum	241425	S	1630	169	1799	0.00005
Chamaesiphon minutus	1173032	S	358	18	376	0.00001
Chroococcidiopsis sp. CCMEE 29	155894	S	873	166	1039	0.00003
Chroococcidiopsis sp. CCNUC1	2653189	S	215	304	519	0.00001
Chroococcidiopsis thermalis	54299	S	155	242	397	0.00001
Geitlerinema sp. PCC 7407	1173025	S	975	143	1118	0.00003
Desertifilum tharense	1185873	S	849	89	938	0.00003
Gloeomargarita lithophora	1188228	S	632	8	640	0.00002
cyanobacterium endosymbiont of Rhopalodia gibberula	1763363	S	654	199	853	0.00002
cyanobacterium endosymbiont of Epithemia turgida	718217	S	520	139	659	0.00002
cyanobacterium endosymbiont of Epithemia clementina EcSB	3034674	S	263	86	349	0.00001
Spiroplasma endosymbiont of Labia minor	3066305	S	560	7	567	0.00002
Spiroplasma endosymbiont of Crioceris asparagi	3066286	S	457	14	471	0.00001
Spiroplasma endosymbiont of Aspidapion aeneum	3066276	S	454	3	457	0.00001
Spiroplasma endosymbiont of Dioctria linearis	3066290	S	393	77	470	0.00001
Spiroplasma endosymbiont of Anurida maritima	2967972	S	363	5	368	0.00001
Spiroplasma sp. TIUS-1	216963	S	337	9	346	0.00001
Spiroplasma endosymbiont of Agriotes lineatus	3077930	S	334	65	399	0.00001
Spiroplasma endosymbiont of Polydrusus pterygomalis	3139327	S	304	60	364	0.00001
Spiroplasma sp. BIUS-1	216964	S	296	17	313	0.00001
Spiroplasma endosymbiont of Cantharis nigra	3066278	S	282	88	370	0.00001
Spiroplasma endosymbiont of Nebria brevicollis	3066284	S	269	20	289	0.00001
Spiroplasma endosymbiont of 'Nebria riversi'	2792084	S	264	110	374	0.00001
Spiroplasma endosymbiont of Stenodema calcarata	3139328	S	259	27	286	0.00001
Spiroplasma endosymbiont of Atherix ibis	3066291	S	215	10	225	0.00001
Spiroplasma endosymbiont of Diplazon laetatorius	3066322	S	209	11	220	0.00001
Spiroplasma endosymbiont of Polydrusus formosus	3139326	S	208	12	220	0.00001
Spiroplasma endosymbiont of Othius punctulatus	3066289	S	198	3	201	0.00001
Spiroplasma sp. SV19	2570468	S	175	2	177	0.00000
Spiroplasma endosymbiont of Panorpa germanica	3066314	S	169	9	178	0.00000
Spiroplasma endosymbiont of Cantharis rufa	3066279	S	157	35	192	0.00001
Spiroplasma endosymbiont of Virgichneumon dumeticola	3139323	S	152	21	173	0.00000
Spiroplasma endosymbiont of Dromius quadrimaculatus	3066283	S	143	238	381	0.00001
Spiroplasma endosymbiont of Colias croceus	3066310	S	117	320	437	0.00001
Spiroplasma endosymbiont of Melieria omissa	3139324	S	105	178	283	0.00001
Spiroplasma endosymbiont of Ammophila pubescens	3066315	S	101	79	180	0.00001
Spiroplasma endosymbiont of Asaphidion curtum	3066281	S	90	39	129	0.00000
Spiroplasma endosymbiont of Polydrusus cervinus	3066287	S	90	30	120	0.00000
Spiroplasma endosymbiont of Notiophilus biguttatus	3066285	S	86	36	122	0.00000
Spiroplasma endosymbiont of Phyllotreta cruciferae	2886375	S	79	36	115	0.00000
Spiroplasma endosymbiont of Poecilobothrus nobilitatus	1209220	S	73	13	86	0.00000
Spiroplasma endosymbiont of Sarcophaga carnaria	3066303	S	59	49	108	0.00000
Spiroplasma endosymbiont of Glossina fuscipes fuscipes	2004463	S	58	40	98	0.00000
Spiroplasma endosymbiont of Lasioglossum malachurum	3066319	S	54	238	292	0.00001
Spiroplasma endosymbiont of Villa modesta	3066293	S	54	211	265	0.00001
Spiroplasma endosymbiont of Seladonia tumulorum	3066321	S	50	47	97	0.00000
Spiroplasma endosymbiont of Zeiraphera isertana	3066313	S	44	38	82	0.00000
Spiroplasma endosymbiont of Nomada rufipes	3077933	S	44	226	270	0.00001
Spiroplasma endosymbiont of Monopis laevigella	3066312	S	43	440	483	0.00001
Spiroplasma endosymbiont of Panzeria rudis	3066301	S	39	258	297	0.00001
Spiroplasma endosymbiont of Eupeodes luniger	3066300	S	39	22	61	0.00000
Spiroplasma endosymbiont of Nephrotoma flavescens	3066302	S	37	141	178	0.00000
Spiroplasma endosymbiont of Lonchoptera lutea	3066297	S	33	80	113	0.00000
Spiroplasma endosymbiont of Amphimallon solstitiale	3066288	S	32	54	86	0.00000
Spiroplasma endosymbiont of Clivina fossor	3066282	S	19	13	32	0.00000
Spiroplasma endosymbiont of Tricholauxania praeusta	3066296	S	18	100	118	0.00000
Spiroplasma endosymbiont of Aleiodes alternator	3139329	S	17	51	68	0.00000
Spiroplasma endosymbiont of Apeira syringaria	3066307	S	16	76	92	0.00000
Spiroplasma endosymbiont of Dilophus febrilis	3066292	S	15	82	97	0.00000
Spiroplasma endosymbiont of Tipula paludosa	3066295	S	13	64	77	0.00000
Spiroplasma endosymbiont of Tiphia femorata	3066326	S	12	142	154	0.00000
Spiroplasma turonicum	216946	S	643	17	660	0.00002
Spiroplasma floricola	216937	S	565	45	610	0.00002
Spiroplasma chinense	216932	S	514	14	528	0.00001
Spiroplasma taiwanense	2145	S	506	10	516	0.00001
Spiroplasma apis	2137	S	505	6	511	0.00001
Spiroplasma alleghenense	216931	S	444	19	463	0.00001
Spiroplasma tabanidicola	324079	S	436	17	453	0.00001
Spiroplasma clarkii	2139	S	423	6	429	0.00001
Spiroplasma corruscae	216934	S	418	18	436	0.00001
Spiroplasma monobiae	2136	S	397	24	421	0.00001
Spiroplasma litorale	216942	S	370	11	381	0.00001
Spiroplasma helicoides	216938	S	347	11	358	0.00001
Spiroplasma citri	2133	S	342	128	470	0.00001
Spiroplasma eriocheiris	315358	S	331	9	340	0.00001
Spiroplasma diminutum	216936	S	322	13	335	0.00001
Spiroplasma gladiatoris	2143	S	317	14	331	0.00001
Spiroplasma sabaudiense	216944	S	316	15	331	0.00001
Spiroplasma chrysopicola	216933	S	289	10	299	0.00001
Spiroplasma platyhelix	301585	S	280	1	281	0.00001
Spiroplasma syrphidicola	216945	S	272	9	281	0.00001
Spiroplasma culicicola	216935	S	264	5	269	0.00001
Spiroplasma cantharicola	362837	S	217	8	225	0.00001
Spiroplasma poulsonii	2138	S	199	137	336	0.00001
Spiroplasma ixodetis	2141	S	148	186	334	0.00001
Spiroplasma mirum	2144	S	113	53	166	0.00000
Spiroplasma kunkelii	47834	S	74	33	107	0.00000
Spiroplasma phoeniceum	47835	S	66	64	130	0.00000
Mesoplasma florum	2151	S	691	209	900	0.00003
Mesoplasma lactucae	138853	S	408	9	417	0.00001
Mesoplasma syrphidae	225999	S	326	26	352	0.00001
Mesoplasma tabanidae	219745	S	240	60	300	0.00001
Mesoplasma chauliocola	216427	S	222	26	248	0.00001
Mesoplasma coleopterae	324078	S	195	159	354	0.00001
Mesoplasma entomophilum	2149	S	180	120	300	0.00001
Mesoplasma melaleucae	81459	S	173	21	194	0.00001
Entomoplasma freundtii	74700	S	126	6	132	0.00000
Williamsoniiplasma somnilux	215578	S	317	11	328	0.00001
Williamsoniiplasma luminosum	214888	S	293	15	308	0.00001
Mycoplasma sp. P36-A1	3252900	S	1580	109	1689	0.00005
Mycoplasma sp. SG1	2810348	S	540	3	543	0.00002
Mycoplasma sp. NEAQ87857	2683967	S	356	21	377	0.00001
Mycoplasma sp. E35C	2801918	S	326	22	348	0.00001
Mycoplasma sp. (ex Biomphalaria glabrata)	1749074	S	286	1	287	0.00001
Mycoplasma sp. Mirounga ES2805-ORL	754514	S	257	7	264	0.00001
Mycoplasma sp. 1018B	2967302	S	243	36	279	0.00001
Mycoplasma sp. 654	3398773	S	241	80	321	0.00001
Mycoplasma sp. OR1901	2742195	S	233	16	249	0.00001
Mycoplasma sp. 1654_15	2725994	S	208	74	282	0.00001
Mycoplasma sp. 6243	3440865	S	195	4	199	0.00001
Mycoplasma sp. 005V	3398776	S	163	26	189	0.00001
Mycoplasma sp. Ms02	353851	S	148	7	155	0.00000
Mycoplasma sp. Pen4	640330	S	138	7	145	0.00000
Mycoplasma sp. 888	3108483	S	122	16	138	0.00000
Mycoplasma sp. Z331B	3398775	S	118	27	145	0.00000
Mycoplasma sp. 2045	2967301	S	115	11	126	0.00000
Mycoplasma sp. 3686d	2967300	S	90	448	538	0.00002
Mycoplasma sp. VS42A	3398774	S	69	21	90	0.00000
Mycoplasma sp. 06067-C1-B144P-99-0482-3	3117438	S	26	101	127	0.00000
Mycoplasma mycoides	2102	S	941	710	1651	0.00005
Mycoplasma capricolum	2095	S	582	445	1027	0.00003
Mycoplasma feriruminatoris	1179777	S	580	98	678	0.00002
Mycoplasma leachii	2105	S	60	160	220	0.00001
Mycoplasma sp. 480	3440155	S	302	22	324	0.00001
Mycoplasma sp. 3341	3447506	S	159	4	163	0.00000
Mycoplasma sp. 125	3447505	S	78	168	246	0.00001
Mycoplasma sp. 332	3458236	S	51	114	165	0.00000
Mycoplasma anserisalpingitidis	519450	S	495	66	561	0.00002
Mycoplasma hafezii	525886	S	434	30	464	0.00001
Mycoplasma corogypsi	2106	S	428	35	463	0.00001
Mycoplasma miroungirhinis	754516	S	372	8	380	0.00001
Mycoplasma crocodyli	50052	S	370	9	379	0.00001
Mycoplasma seminis	512749	S	323	23	346	0.00001
Mycoplasma putrefaciens	2123	S	309	44	353	0.00001
Mycoplasma phocoenae	754517	S	303	5	308	0.00001
Mycoplasma tauri	547987	S	274	12	286	0.00001
Mycoplasma cottewii	51364	S	262	98	360	0.00001
Mycoplasma phocoeninasale	2726117	S	250	43	293	0.00001
Mycoplasma struthionis	538220	S	242	41	283	0.00001
Mycoplasma bradburyae	2963128	S	240	17	257	0.00001
Mycoplasma yeatsii	51365	S	239	106	345	0.00001
Mycoplasma nasistruthionis	353852	S	237	11	248	0.00001
Mycoplasma miroungigenitalium	754515	S	215	13	228	0.00001
Candidatus Mycoplasma mahonii	3004105	S	213	0	213	0.00001
Mycoplasma iguanae	292461	S	187	3	190	0.00001
Mycoplasma ovis	171632	S	140	0	140	0.00000
Mycoplasma suis	57372	S	132	0	132	0.00000
Mycoplasma tullyi	1612150	S	120	16	136	0.00000
Mycoplasma amphoriforme	273136	S	114	0	114	0.00000
Mycoplasma parvum	984991	S	101	0	101	0.00000
Mycoplasma aquilae	1312741	S	69	32	101	0.00000
Mycoplasma wenyonii	65123	S	39	0	39	0.00000
symbiont of Argiope bruennichi	2810479	S	251	0	251	0.00001
Candidatus Hepatoplasma crinochetorum	295596	S	362	1	363	0.00001
endosymbiont DhMRE of Dentiscutata heterogama	1609546	S	102	0	102	0.00000
Candidatus Phytoplasma solani	69896	S	2581	98	2679	0.00008
Candidatus Phytoplasma australiense	59748	S	185	8	193	0.00001
Candidatus Phytoplasma rubi	399025	S	1192	233	1425	0.00004
Areca yellow leaf disease phytoplasma	927614	S	380	134	514	0.00001
Phytoplasma sp.	2155	S	249	12	261	0.00001
Candidatus Phytoplasma tritici	321961	S	89	1	90	0.00000
Candidatus Phytoplasma asteris	85620	S	76	153	229	0.00001
Paulownia witches'-broom phytoplasma	39647	S	29	29	58	0.00000
Mulberry dwarf phytoplasma	186171	S	20	29	49	0.00000
Candidatus Phytoplasma fraxini	35780	S	218	17	235	0.00001
Candidatus Phytoplasma asiaticum	2763338	S	211	2	213	0.00001
Candidatus Phytoplasma mali	37692	S	129	5	134	0.00000
Candidatus Phytoplasma luffae	35773	S	123	3	126	0.00000
Acholeplasma laidlawii	2148	S	1157	77	1234	0.00003
Acholeplasma palmae	38986	S	935	30	965	0.00003
Acholeplasma hippikon	264636	S	713	105	818	0.00002
Acholeplasma brassicae	61635	S	510	38	548	0.00002
Haploplasma axanthum	29552	S	1383	123	1506	0.00004
Mariniplasma anaerobium	2735436	S	1068	21	1089	0.00003
Candidatus Izemoplasma sp. B36	3242468	S	1136	93	1229	0.00003
Candidatus Izimoplasma sp. HR1	1541959	S	1112	65	1177	0.00003
Candidatus Xianfuyuplasma coldseepsis	2782163	S	731	73	804	0.00002
Hujiaoplasma nucleasis	2725268	S	845	114	959	0.00003
Mycoplasmopsis felis	33923	S	1017	55	1072	0.00003
Mycoplasmopsis bovis	28903	S	672	113	785	0.00002
Mycoplasmopsis cynos	171284	S	609	35	644	0.00002
Mycoplasmopsis bovigenitalium	2112	S	546	40	586	0.00002
Mycoplasmopsis anatis	171279	S	433	86	519	0.00001
Mycoplasmopsis bovirhinis	29553	S	413	37	450	0.00001
Mycoplasmopsis agalactiae	2110	S	399	29	428	0.00001
Mycoplasmopsis fermentans	2115	S	390	31	421	0.00001
Mycoplasmopsis arginini	2094	S	389	84	473	0.00001
Mycoplasmopsis glycophila	171285	S	384	63	447	0.00001
Mycoplasmopsis canis	29555	S	384	94	478	0.00001
Mycoplasmopsis pulmonis	2107	S	379	2	381	0.00001
Mycoplasmopsis citelli	171281	S	373	20	393	0.00001
Mycoplasmopsis lipophila	2117	S	372	25	397	0.00001
Mycoplasmopsis agassizii	33922	S	328	1	329	0.00001
Mycoplasmopsis edwardii	53558	S	312	62	374	0.00001
Mycoplasmopsis adleri	51362	S	312	42	354	0.00001
Mycoplasmopsis verecunda	171291	S	309	28	337	0.00001
Mycoplasmopsis gallinacea	29556	S	285	88	373	0.00001
Mycoplasmopsis synoviae	2109	S	272	89	361	0.00001
Mycoplasmopsis caviae	55603	S	271	8	279	0.00001
Mycoplasmopsis gallopavonis	76629	S	232	81	313	0.00001
Mycoplasmopsis maculosa	114885	S	225	22	247	0.00001
Mycoplasmopsis phocirhinis	142650	S	205	10	215	0.00001
Mycoplasmopsis hyopharyngis	29558	S	195	6	201	0.00001
Mycoplasmopsis meleagridis	29561	S	189	8	197	0.00001
Mycoplasmopsis californica	2113	S	189	15	204	0.00001
Mycoplasmopsis felifaucium	35768	S	187	11	198	0.00001
Mycoplasmopsis equigenitalium	114883	S	180	1	181	0.00001
Mycoplasmopsis columbina	114881	S	165	12	177	0.00000
Mycoplasmopsis pullorum	48003	S	140	7	147	0.00000
Mycoplasmopsis columboralis	171282	S	124	10	134	0.00000
Mycoplasmopsis columbinasalis	114880	S	59	1	60	0.00000
Metamycoplasma hominis	2098	S	982	297	1279	0.00004
Metamycoplasma hyosynoviae	29559	S	573	53	626	0.00002
Metamycoplasma orale	2121	S	429	35	464	0.00001
Metamycoplasma salivarium	2124	S	335	32	367	0.00001
Metamycoplasma faucium	56142	S	325	40	365	0.00001
Metamycoplasma sualvi	2125	S	317	5	322	0.00001
[Mycoplasma] anseris	92400	S	288	49	337	0.00001
Metamycoplasma buccale	55602	S	284	49	333	0.00001
Metamycoplasma gateae	35769	S	261	65	326	0.00001
Metamycoplasma spumans	92406	S	253	38	291	0.00001
Metamycoplasma canadense	29554	S	240	57	297	0.00001
Metamycoplasma equirhinis	92402	S	221	57	278	0.00001
[Mycoplasma] phocae	142651	S	219	42	261	0.00001
[Mycoplasma] gypis	92404	S	176	11	187	0.00001
Metamycoplasma phocicerebrale	142649	S	171	27	198	0.00001
Metamycoplasma alkalescens	45363	S	169	43	212	0.00001
Metamycoplasma cloacale	92401	S	165	25	190	0.00001
Metamycoplasma arthritidis	2111	S	136	7	143	0.00000
Metamycoplasma subdolum	92407	S	130	6	136	0.00000
Mesomycoplasma ovipneumoniae	29562	S	1512	58	1570	0.00004
Mesomycoplasma hyopneumoniae	2099	S	336	127	463	0.00001
[Mycoplasma] mobile	2118	S	301	2	303	0.00001
Mesomycoplasma neurolyticum	2120	S	300	4	304	0.00001
Mesomycoplasma hyorhinis	2100	S	263	243	506	0.00001
Mesomycoplasma moatsii	171287	S	230	3	233	0.00001
Mesomycoplasma molare	171288	S	214	17	231	0.00001
Mesomycoplasma lagogenitalium	171286	S	211	13	224	0.00001
Mesomycoplasma conjunctivae	45361	S	166	7	173	0.00000
Mesomycoplasma bovoculi	45362	S	154	3	157	0.00000
Mesomycoplasma dispar	86660	S	150	15	165	0.00000
Mesomycoplasma flocculare	2128	S	80	50	130	0.00000
Malacoplasma iowae	2116	S	751	32	783	0.00002
Malacoplasma penetrans	28227	S	419	23	442	0.00001
Malacoplasma muris	2119	S	404	19	423	0.00001
Ureaplasma parvum	134821	S	341	81	422	0.00001
Ureaplasma diversum	42094	S	339	0	339	0.00001
Ureaplasma urealyticum	2130	S	295	47	342	0.00001
Mycoplasmoides gallisepticum	2096	S	297	93	390	0.00001
[Mycoplasma] cavipharyngis	92757	S	250	2	252	0.00001
Mycoplasmoides fastidiosum	92758	S	203	2	205	0.00001
Mycoplasmoides genitalium	2097	S	108	2	110	0.00000
Mycoplasmoides pneumoniae	2104	S	80	1	81	0.00000
Dehalococcoides mccartyi	61435	S	16084	394	16478	0.00046
Dehalococcoides sp. THU4	3348344	S	1306	2407	3713	0.00010
Dehalococcoides sp. UCH007	1522671	S	20	20	40	0.00000
Dehalogenimonas sp. 4OHTPN	3166643	S	1100	53	1153	0.00003
Dehalogenimonas formicexedens	1839801	S	775	37	812	0.00002
Candidatus Dehalogenimonas loeffleri	3127115	S	624	1	625	0.00002
Dehalogenimonas etheniformans	1536648	S	620	5	625	0.00002
Candidatus Lucifugimonas marina	3038979	S	340	0	340	0.00001
Candidatus Leptofilum sp.	3241576	S	2713	18	2731	0.00008
Candidatus Promineifilum breve	1806508	S	2419	0	2419	0.00007
Roseiflexus sp. RS-1	357808	S	1233	92	1325	0.00004
Roseiflexus castenholzii	120962	S	998	26	1024	0.00003
Chloroflexus aurantiacus	1108	S	781	0	781	0.00002
Chloroflexus aggregans	152260	S	742	13	755	0.00002
Thermobaculum terrenum	166501	S	649	32	681	0.00002
Candidatus Chlorohelix allophototropha	3003348	S	647	18	665	0.00002
Pelolinea submarina	913107	S	1839	6	1845	0.00005
Anaerolinea thermophila	167964	S	1376	0	1376	0.00004
Candidatus Brevifilum fermentans	1986204	S	971	0	971	0.00003
Tepidiforma flava	3004094	S	1234	116	1350	0.00004
Tepidiforma bonchosmolovskayae	2601677	S	952	95	1047	0.00003
Caldilinea aerophila	133453	S	1580	112	1692	0.00005
Thermoflexus hugenholtzii	1495650	S	1488	0	1488	0.00004
Ktedonosporobacter rubrisoli	2509675	S	1147	30	1177	0.00003
Phototrophicus methaneseepsis	2710758	S	790	0	790	0.00002
Capsulimonas corticalis	2219043	S	2282	0	2282	0.00006
Fimbriimonas ginsengisoli	1005039	S	1215	0	1215	0.00003
Chthonomonas calidirosea	454171	S	556	0	556	0.00002
Vulcanimicrobium alpinum	3016050	S	1269	4	1273	0.00004
Cloacibacillus evryensis	508460	S	141143	7945	149088	0.00419
Cloacibacillus porcorum	1197717	S	140528	13986	154514	0.00434
Thermanaerovibrio acidaminovorans	81462	S	1738	232	1970	0.00006
Thermanaerovibrio velox	108007	S	1397	162	1559	0.00004
Aminomonas paucivorans	81412	S	2986	244	3230	0.00009
Pyramidobacter piscolens	638849	S	4637	1811	6448	0.00018
Pyramidobacter sp. YE332	3068894	S	4065	1530	5595	0.00016
Jonquetella anthropi	428712	S	2001	74	2075	0.00006
Fretibacterium fastidiosum	651822	S	4996	0	4996	0.00014
Aminobacterium sp. MB27-C1	3070661	S	842	11	853	0.00002
Aminobacterium colombiense	81468	S	576	11	587	0.00002
Aminirod propionatiphilus	3415223	S	568	2300	2868	0.00008
Aminithiophilus ramosus	3029084	S	183	817	1000	0.00003
Deinococcus sp.	47478	S	3441	37	3478	0.00010
Deinococcus sp. QL22	2939437	S	1379	24	1403	0.00004
Deinococcus sp. KNUC1210	2917691	S	1156	4	1160	0.00003
Deinococcus sp. NW-56	2080419	S	982	92	1074	0.00003
Deinococcus sp. AJ005	2652443	S	982	19	1001	0.00003
Deinococcus sp. AB2017081	3093660	S	838	229	1067	0.00003
Deinococcus sp. RM	2316359	S	421	427	848	0.00002
Deinococcus sp. VB142	3112952	S	293	1532	1825	0.00005
Deinococcus sp. VB343	3385567	S	66	388	454	0.00001
Deinococcus sonorensis	309891	S	1471	13	1484	0.00004
Deinococcus radiomollis	468916	S	1328	35	1363	0.00004
Deinococcus aetherius	200252	S	1238	18	1256	0.00004
Deinococcus aquaticus	328692	S	1202	53	1255	0.00004
Deinococcus maricopensis	309887	S	1152	16	1168	0.00003
Deinococcus psychrotolerans	2489213	S	1141	35	1176	0.00003
Deinococcus radiopugnans	57497	S	1132	45	1177	0.00003
Deinococcus metallilatus	1211322	S	1104	125	1229	0.00003
Deinococcus wulumuqiensis	980427	S	1057	1335	2392	0.00007
Deinococcus taeanensis	2737050	S	1053	50	1103	0.00003
Deinococcus gobiensis	502394	S	1052	56	1108	0.00003
Deinococcus irradiatisoli	2202254	S	1026	27	1053	0.00003
Deinococcus radiodurans	1299	S	1002	224	1226	0.00003
Deinococcus actinosclerus	1768108	S	988	679	1667	0.00005
Deinococcus yunweiensis	367282	S	968	229	1197	0.00003
Deinococcus peraridilitoris	432329	S	968	6	974	0.00003
Deinococcus ficus	317577	S	885	28	913	0.00003
Deinococcus proteolyticus	55148	S	863	371	1234	0.00003
Deinococcus altitudinis	468914	S	849	27	876	0.00002
Deinococcus geothermalis	68909	S	769	254	1023	0.00003
Deinococcus deserti	310783	S	723	29	752	0.00002
Deinococcus rubellus	1889240	S	681	25	706	0.00002
Deinococcus radiophilus	32062	S	521	202	723	0.00002
Deinococcus puniceus	1182568	S	517	31	548	0.00002
Deinococcus soli (ex Cha et al. 2016)	1309411	S	359	384	743	0.00002
Thermus thermophilus	274	S	1057	831	1888	0.00005
Thermus oshimai	56957	S	720	187	907	0.00003
Thermus aquaticus	271	S	663	73	736	0.00002
Thermus sp. CCB_US3_UF1	1111069	S	496	41	537	0.00002
Thermus sp. NEB1569	2918899	S	91	175	266	0.00001
Thermus sp. PS18	2849039	S	47	55	102	0.00000
Thermus brockianus	56956	S	525	304	829	0.00002
Thermus caldilimi	2483360	S	324	89	413	0.00001
Thermus antranikianii	88190	S	320	285	605	0.00002
Thermus scotoductus	37636	S	80	223	303	0.00001
Thermus parvatiensis	456163	S	69	319	388	0.00001
Meiothermus taiwanensis	172827	S	747	241	988	0.00003
Meiothermus ruber	277	S	585	198	783	0.00002
Oceanithermus profundus	187137	S	1498	63	1561	0.00004
Marinithermus hydrothermalis	186192	S	912	17	929	0.00003
Allomeiothermus silvanus	52022	S	595	37	632	0.00002
Truepera radiovictrix	332249	S	948	1	949	0.00003
Thermosipho ferrireducens	2571116	S	783	5	788	0.00002
Thermosipho melanesiensis	46541	S	657	16	673	0.00002
Thermosipho africanus	2421	S	646	60	706	0.00002
Thermosipho sp. 1070	1437364	S	23	331	354	0.00001
Thermosipho sp. 1063	1462747	S	17	279	296	0.00001
Fervidobacterium nodosum	2424	S	641	129	770	0.00002
Fervidobacterium gondwanense	44754	S	526	149	675	0.00002
Fervidobacterium pennivorans	93466	S	378	178	556	0.00002
Fervidobacterium thailandense	1008305	S	293	0	293	0.00001
Fervidobacterium ngatamarikiense	3389972	S	105	132	237	0.00001
Fervidobacterium islandicum	2423	S	102	294	396	0.00001
Fervidobacterium changbaicum	310769	S	10	57	67	0.00000
Thermotoga caldifontis	1508419	S	653	7	660	0.00002
Thermotoga profunda	1508420	S	508	2	510	0.00001
Thermotoga sp. RQ7	126738	S	85	264	349	0.00001
Thermotoga sp. 2812B	1157948	S	74	90	164	0.00000
Thermotoga sp. Cell2	1157947	S	11	64	75	0.00000
Thermotoga petrophila	93929	S	174	432	606	0.00002
Thermotoga maritima	2336	S	37	122	159	0.00000
Thermotoga neapolitana	2337	S	31	111	142	0.00000
Pseudothermotoga thermarum	119394	S	713	0	713	0.00002
Pseudothermotoga hypogea	57487	S	476	4	480	0.00001
Pseudothermotoga elfii	38322	S	32	224	256	0.00001
Pseudothermotoga lettingae	177758	S	23	165	188	0.00001
Marinitoga aeolica	2809031	S	1377	8	1385	0.00004
Marinitoga sp. 1137	1545835	S	259	917	1176	0.00003
Marinitoga piezophila	149715	S	88	328	416	0.00001
Oceanotoga sp. DSM 15011	2984951	S	1680	26	1706	0.00005
Tepiditoga spiralis	2108365	S	1039	12	1051	0.00003
Petrotoga mobilis	69499	S	680	83	763	0.00002
Defluviitoga tunisiensis	1006576	S	646	210	856	0.00002
Mesotoga infera	1236046	S	721	7	728	0.00002
Mesotoga prima	1184387	S	560	6	566	0.00002
Kosmotoga olearia	651457	S	521	2	523	0.00001
Kosmotoga pacifica	1330330	S	474	1	475	0.00001
Athalassotoga saccharophila	1441386	S	570	0	570	0.00002
Fusobacterium polymorphum	76857	S	3418	1125	4543	0.00013
Fusobacterium nucleatum	851	S	3013	4209	7222	0.00020
Fusobacterium necrophorum	859	S	2462	254	2716	0.00008
Fusobacterium animalis	76859	S	2370	3271	5641	0.00016
Fusobacterium sp. SB021	2744227	S	2245	13	2258	0.00006
Fusobacterium sp. oral taxon 203	671211	S	38	133	171	0.00000
Fusobacterium varium	856	S	2130	1891	4021	0.00011
Fusobacterium pseudoperiodonticum	2663009	S	1989	366	2355	0.00007
Fusobacterium ulcerans	861	S	1758	1018	2776	0.00008
Fusobacterium mortiferum	850	S	1707	41	1748	0.00005
Fusobacterium hominis	2764326	S	1579	566	2145	0.00006
Fusobacterium gonidiaformans	849	S	1443	102	1545	0.00004
Fusobacterium hwasookii	1583098	S	767	360	1127	0.00003
Fusobacterium vincentii	155615	S	521	1211	1732	0.00005
Fusobacterium canifelinum	285729	S	467	128	595	0.00002
Fusobacterium periodonticum	860	S	284	238	522	0.00001
Fusobacterium watanabei	2686067	S	101	1389	1490	0.00004
uncultured Ilyobacter sp.	544433	S	4325	334	4659	0.00013
Ilyobacter polytropus	167642	S	1175	178	1353	0.00004
Cetobacterium somerae	188913	S	4252	177	4429	0.00012
Cetobacterium sp. SF1	3417654	S	1260	65	1325	0.00004
Leptotrichia sp. oral taxon 212	712357	S	1389	175	1564	0.00004
Leptotrichia sp. oral taxon 221	712362	S	813	214	1027	0.00003
Leptotrichia sp. oral taxon 847	1785996	S	639	183	822	0.00002
Leptotrichia sp. oral taxon 218	712361	S	638	319	957	0.00003
Leptotrichia sp. HMT-225	3058373	S	317	198	515	0.00001
Leptotrichia sp. oral taxon 498	712368	S	184	456	640	0.00002
Leptotrichia wadei	157687	S	1564	688	2252	0.00006
Leptotrichia trevisanii	109328	S	1254	446	1700	0.00005
Leptotrichia alba	3239304	S	525	179	704	0.00002
Leptotrichia shahii	157691	S	455	228	683	0.00002
Leptotrichia hongkongensis	554406	S	453	336	789	0.00002
Leptotrichia hofstadii	157688	S	451	310	761	0.00002
Leptotrichia mesophila	3239303	S	388	272	660	0.00002
Leptotrichia buccalis	40542	S	387	231	618	0.00002
Leptotrichia rugosa	3239302	S	122	302	424	0.00001
Sneathia vaginalis	187101	S	1051	92	1143	0.00003
Sneathia sanguinegens	40543	S	947	166	1113	0.00003
Sebaldella termitidis	826	S	2121	3	2124	0.00006
Pseudoleptotrichia goodfellowii	157692	S	1614	41	1655	0.00005
Streptobacillus moniliformis	34105	S	955	148	1103	0.00003
Haliovirga abyssi	2996794	S	1901	7	1908	0.00005
Candidatus Nanosynbacter sp. HMT-352	2899133	S	333	180	513	0.00001
Candidatus Nanosynbacter sp. BB002	3393757	S	117	20	137	0.00000
Candidatus Nanosynbacter sp. TM7-008	2902632	S	61	40	101	0.00000
Candidatus Nanosynbacter lyticus	2093824	S	252	338	590	0.00002
Candidatus Nanosynbacter featherlites	2572088	S	48	8	56	0.00000
Candidatus Southlakia epibionticum	3043284	S	431	4	435	0.00001
Candidatus Saccharimonas aalborgensis	1332188	S	93	0	93	0.00000
Candidatus Mycosynbacter amalyticus	2665156	S	141	0	141	0.00000
Candidatus Minimicrobia vallesae	2841264	S	49	135	184	0.00001
Candidatus Minimicrobia sp. QA0096	3118470	S	21	22	43	0.00000
Candidatus Babela massiliensis	673862	S	307	0	307	0.00001
Candidatus Chromulinivorax destructor	2066483	S	148	0	148	0.00000
Candidatus Fervidibacter sacchari	1448929	S	434	0	434	0.00001
Minisyncoccus archaeiphilus	3238481	S	348	0	348	0.00001
Candidatus Chazhemtobacterium aquaticus	2715735	S	80	0	80	0.00000
Candidatus Bipolaricaulis anaerobius	2026885	S	410	0	410	0.00001
Candidatus Absconditicoccus praedator	2735562	S	195	0	195	0.00001
Persicimonas caeni	2292766	S	1579	36	1615	0.00005
Bradymonas sediminis	1548548	S	980	42	1022	0.00003
Microvenator marinus	2600177	S	712	3	715	0.00002
Dissulfurimicrobium hydrothermale	1750598	S	414	2	416	0.00001
unidentified bacterial endosymbiont	2355	S	538	353	891	0.00003
Homo sapiens	9606	S	536645	68240	604885	0.01699
Fusarium keratoplasticum	1328300	S	3096	764	3860	0.00011
Fusarium falciforme	195108	S	1658	356	2014	0.00006
Fusarium poae	36050	S	1255	203	1458	0.00004
Fusarium pseudograminearum	101028	S	983	291	1274	0.00004
Fusarium graminearum	5518	S	827	329	1156	0.00003
Fusarium oxysporum	5507	S	2639	177	2816	0.00008
Fusarium fujikuroi	5127	S	1374	37	1411	0.00004
Fusarium verticillioides	117187	S	613	822	1435	0.00004
Fusarium musae	1042133	S	562	740	1302	0.00004
Metarhizium brunneum	500148	S	1922	18	1940	0.00005
Ustilaginoidea virens	1159556	S	1720	33	1753	0.00005
Pochonia chlamydosporia	280754	S	1624	16	1640	0.00005
Trichoderma asperellum	101201	S	1857	379	2236	0.00006
Trichoderma breve	2034170	S	1558	136	1694	0.00005
Trichoderma atroviride	63577	S	1320	175	1495	0.00004
Purpureocillium takamizusanense	2060973	S	1942	110	2052	0.00006
Drechmeria coniospora	98403	S	1464	27	1491	0.00004
Akanthomyces muscarius	2231603	S	1744	57	1801	0.00005
Colletotrichum destructivum	34406	S	1435	551	1986	0.00006
Colletotrichum higginsianum	80884	S	1349	922	2271	0.00006
Colletotrichum lupini	145971	S	2742	91	2833	0.00008
Sordaria macrospora	5147	S	1946	372	2318	0.00007
Neurospora crassa	5141	S	1791	107	1898	0.00005
Thermothielavioides terrestris	2587410	S	2095	93	2188	0.00006
Thermothelomyces thermophilus	78579	S	1583	38	1621	0.00005
Podospora pseudocomata	2093779	S	596	256	852	0.00002
Podospora bellae-mahoneyi	2093777	S	383	104	487	0.00001
Podospora pseudoanserina	2609844	S	353	663	1016	0.00003
Podospora pseudopauciseta	2093780	S	348	529	877	0.00002
Remersonia thermophila	72144	S	1695	52	1747	0.00005
Pyricularia pennisetigena	1578925	S	2429	106	2535	0.00007
Pyricularia grisea	148305	S	1819	72	1891	0.00005
Pyricularia oryzae	318829	S	1571	115	1686	0.00005
Botrytis cinerea	40559	S	2233	487	2720	0.00008
Aspergillus luchuensis	1069201	S	1947	150	2097	0.00006
Aspergillus oryzae	5062	S	165	872	1037	0.00003
Aspergillus flavus	5059	S	111	621	732	0.00002
Aspergillus puulaauensis	1220207	S	1156	42	1198	0.00003
Aspergillus nidulans	162425	S	1089	1	1090	0.00003
Aspergillus chevalieri	182096	S	921	89	1010	0.00003
Aspergillus fumigatus	746128	S	822	32	854	0.00002
Penicillium digitatum	36651	S	1215	46	1261	0.00004
Penicillium oxalicum	69781	S	1132	544	1676	0.00005
Penicillium psychrofluorescens	3158075	S	1113	87	1200	0.00003
Talaromyces rugulosus	121627	S	2215	212	2427	0.00007
Talaromyces marneffei	37727	S	1115	105	1220	0.00003
Coccidioides posadasii	199306	S	1529	247	1776	0.00005
Alternaria dauci	48095	S	1433	34	1467	0.00004
Pyrenophora tritici-repentis	45151	S	1342	171	1513	0.00004
Ascochyta rabiei	5454	S	1398	45	1443	0.00004
Cercospora beticola	122368	S	1419	186	1605	0.00005
Fulvia fulva	5499	S	1320	55	1375	0.00004
Zymoseptoria tritici	1047171	S	1297	38	1335	0.00004
Saccharomyces cerevisiae	4932	S	1503	1245	2748	0.00008
Saccharomyces mikatae	114525	S	965	211	1176	0.00003
Saccharomyces paradoxus	27291	S	741	55	796	0.00002
Saccharomyces eubayanus	1080349	S	735	16	751	0.00002
Saccharomyces kudriavzevii	114524	S	599	293	892	0.00003
Naumovozyma dairenensis	27289	S	1875	142	2017	0.00006
Naumovozyma castellii	27288	S	997	155	1152	0.00003
Eremothecium gossypii	33169	S	755	1822	2577	0.00007
Eremothecium sinecaudum	45286	S	643	1361	2004	0.00006
Eremothecium cymbalariae	45285	S	558	57	615	0.00002
Kluyveromyces lactis	28985	S	1244	183	1427	0.00004
Kluyveromyces marxianus	4911	S	680	442	1122	0.00003
Henningerozyma blattae	1071379	S	1553	144	1697	0.00005
Tetrapisispora phaffii	113608	S	1267	61	1328	0.00004
Kazachstania africana	432096	S	940	70	1010	0.00003
Nakaseomyces glabratus	5478	S	853	353	1206	0.00003
Torulaspora delbrueckii	4950	S	432	145	577	0.00002
Torulaspora globosa	48254	S	341	68	409	0.00001
Zygosaccharomyces rouxii	4956	S	651	126	777	0.00002
Zygotorulaspora mrakii	42260	S	638	191	829	0.00002
Huiozyma naganishii	588726	S	533	62	595	0.00002
Lachancea thermotolerans	381046	S	488	90	578	0.00002
Saccharomycodes ludwigii	36035	S	1156	313	1469	0.00004
Candida dubliniensis	42374	S	1999	222	2221	0.00006
Candida albicans	5476	S	1417	141	1558	0.00004
Candida orthopsilosis	273371	S	1278	96	1374	0.00004
Lodderomyces elongisporus	36914	S	1173	429	1602	0.00004
Lodderomyces beijingensis	1775926	S	702	253	955	0.00003
Scheffersomyces stipitis	4924	S	1058	45	1103	0.00003
Debaryomyces hansenii	4959	S	952	7	959	0.00003
Yamadazyma tenuis	2315449	S	692	130	822	0.00002
Candidozyma auris	498019	S	919	106	1025	0.00003
Australozyma saopauloensis	291208	S	758	30	788	0.00002
Brettanomyces bruxellensis	5007	S	955	43	998	0.00003
Brettanomyces nanus	13502	S	685	84	769	0.00002
Ogataea parapolymorpha	1005962	S	1103	61	1164	0.00003
Pichia kudriavzevii	4909	S	1085	78	1163	0.00003
Komagataella phaffii	460519	S	506	12	518	0.00001
Yarrowia lipolytica	4952	S	851	4	855	0.00002
Sugiyamaella lignohabitans	796027	S	817	124	941	0.00003
Schizosaccharomyces pombe	4896	S	1095	21	1116	0.00003
Schizosaccharomyces osmophilus	2545709	S	1033	59	1092	0.00003
Kwoniella dendrophila	4975	S	2389	398	2787	0.00008
Kwoniella pini	453459	S	1396	175	1571	0.00004
Kwoniella shivajii	564305	S	1279	116	1395	0.00004
Kwoniella dejecticola	324770	S	1067	87	1154	0.00003
Kwoniella bestiolae	324769	S	937	78	1015	0.00003
Kwoniella shandongensis	1734106	S	789	138	927	0.00003
Kwoniella botswanensis	1268659	S	682	238	920	0.00003
Kwoniella europaea	1247712	S	673	160	833	0.00002
Kwoniella mangrovensis	463800	S	657	141	798	0.00002
Kwoniella newhampshirensis	1651941	S	621	58	679	0.00002
Cryptococcus decagattii	1859122	S	919	362	1281	0.00004
Cryptococcus tetragattii	1859121	S	404	136	540	0.00002
Cryptococcus deuterogattii	1859096	S	371	59	430	0.00001
Cryptococcus bacillisporus	552467	S	241	141	382	0.00001
Cryptococcus gattii	37769	S	195	277	472	0.00001
Cryptococcus neoformans	5207	S	752	114	866	0.00002
Cryptococcus deneoformans	40410	S	640	49	689	0.00002
Cryptococcus depauperatus	5208	S	706	97	803	0.00002
Vanrija pseudolonga	143232	S	1683	309	1992	0.00006
Cutaneotrichosporon cavernicola	279322	S	1326	229	1555	0.00004
Psilocybe cubensis	181762	S	1642	35	1677	0.00005
Marasmius oreades	181124	S	1250	48	1298	0.00004
Rhizoctonia solani	456999	S	1894	28	1922	0.00005
Puccinia triticina	208348	S	4131	23	4154	0.00012
Puccinia striiformis	27350	S	3081	297	3378	0.00009
Sporisorium graminicola	280036	S	1058	184	1242	0.00003
Mycosarcoma maydis	5270	S	882	7	889	0.00002
Malassezia japonica	223818	S	712	86	798	0.00002
Malassezia vespertilionis	2020962	S	538	24	562	0.00002
Malassezia restricta	76775	S	395	85	480	0.00001
Rhizophagus irregularis	588596	S	17563	750	18313	0.00051
Vairimorpha necatrix	6039	S	2197	19	2216	0.00006
Encephalitozoon romaleae	571949	S	1201	0	1201	0.00003
Encephalitozoon intestinalis	58839	S	105	7	112	0.00000
Encephalitozoon hellem	27973	S	89	7	96	0.00000
Encephalitozoon cuniculi	6035	S	72	0	72	0.00000
Plasmodium cynomolgi	5827	S	2301	91	2392	0.00007
Plasmodium vivax	5855	S	2152	163	2315	0.00007
Plasmodium knowlesi	5850	S	1919	72	1991	0.00006
Plasmodium malariae	5858	S	804	2382	3186	0.00009
Plasmodium brasilianum	5824	S	469	1939	2408	0.00007
Plasmodium chabaudi	5825	S	2469	480	2949	0.00008
Plasmodium yoelii	5861	S	2467	566	3033	0.00009
Plasmodium berghei	5821	S	2325	535	2860	0.00008
Plasmodium vinckei	5860	S	2002	416	2418	0.00007
Plasmodium falciparum	5833	S	1395	733	2128	0.00006
Plasmodium gaboni	647221	S	1320	1033	2353	0.00007
Plasmodium reichenowi	5854	S	1163	706	1869	0.00005
Plasmodium sp. gorilla clade G2	880535	S	1157	790	1947	0.00005
Plasmodium relictum	85471	S	3437	246	3683	0.00010
Plasmodium coatneyi	208452	S	2741	154	2895	0.00008
Theileria annulata	5874	S	905	26	931	0.00003
Theileria parva	5875	S	829	16	845	0.00002
Theileria orientalis	68886	S	746	10	756	0.00002
Theileria equi	5872	S	673	4	677	0.00002
Babesia duncani	323732	S	639	12	651	0.00002
Babesia microti	5868	S	560	9	569	0.00002
Babesia bigemina	5866	S	474	53	527	0.00001
Babesia bovis	5865	S	384	3	387	0.00001
Besnoitia besnoiti	94643	S	2204	20	2224	0.00006
Neospora caninum	29176	S	2144	8	2152	0.00006
Toxoplasma gondii	5811	S	1916	166	2082	0.00006
Cryptosporidium parvum	5807	S	1307	43	1350	0.00004
Paramecium tetraurelia	5888	S	202	0	202	0.00001
Bremia lactucae	4779	S	3434	41	3475	0.00010
Thalassiosira pseudonana	35128	S	1367	27	1394	0.00004
Phaeodactylum tricornutum	2850	S	995	7	1002	0.00003
Bigelowiella natans	227086	S	672	1	673	0.00002
Trichomonas vaginalis	5722	S	10001	15	10016	0.00028
Spironucleus salmonicida	348837	S	2338	1	2339	0.00007
Giardia duodenalis	5741	S	368	0	368	0.00001
Leishmania martiniquensis	1580590	S	1249	34	1283	0.00004
Leishmania donovani	5661	S	221	906	1127	0.00003
Leishmania infantum	5671	S	52	214	266	0.00001
Leishmania major	5664	S	1074	384	1458	0.00004
Leishmania mexicana	5665	S	1023	112	1135	0.00003
Leishmania sp. Namibia	2802991	S	608	156	764	0.00002
Leishmania sp. Ghana 2012 LV757	2803181	S	428	359	787	0.00002
Leishmania enriettii	5663	S	977	110	1087	0.00003
Leishmania orientalis	2249476	S	380	414	794	0.00002
Leishmania braziliensis	5660	S	484	338	822	0.00002
Leishmania panamensis	5679	S	424	307	731	0.00002
Porcisia hertigi	2761500	S	1096	6	1102	0.00003
Trypanosoma brucei	5691	S	1155	12	1167	0.00003
Dictyostelium discoideum	44689	S	4898	150	5048	0.00014
Cryptomonas paramaecium	2898	S	2436	282	2718	0.00008
Hemiselmis andersenii	464988	S	258	4	262	0.00001
Guillardia theta	55529	S	707	209	916	0.00003
Halorubrum sp. BOL3-1	2497325	S	408	21	429	0.00001
Halorubrum sp. CBA1229	1853699	S	396	127	523	0.00001
Halorubrum sp. PV6	634157	S	335	17	352	0.00001
Halorubrum sp. DM2	2527867	S	293	40	333	0.00001
Halorubrum sp. 2020YC2	2836432	S	284	55	339	0.00001
Halorubrum sp. AS12	3409687	S	173	101	274	0.00001
Halorubrum trapanicum	29284	S	290	361	651	0.00002
Halorubrum ezzemoulense	337243	S	280	46	326	0.00001
Halorubrum hochsteinianum	2949307	S	264	69	333	0.00001
Halorubrum lacusprofundi	2247	S	210	58	268	0.00001
Halorubrum salinarum	2739057	S	205	103	308	0.00001
Halorubrum xinjiangense	261291	S	129	118	247	0.00001
Halorubrum ruber	2982524	S	128	147	275	0.00001
Halobaculum halobium	3032281	S	472	153	625	0.00002
Halobaculum lipolyticum	3032001	S	407	36	443	0.00001
Halobaculum roseum	2175149	S	379	617	996	0.00003
Halobaculum limi	3031916	S	355	6	361	0.00001
Halobaculum marinum	3031996	S	332	24	356	0.00001
Halobaculum rubrum	2872158	S	331	30	361	0.00001
Halobaculum litoreum	3031998	S	316	43	359	0.00001
Halobaculum sp. CBA1158	2904243	S	281	84	365	0.00001
Halobaculum rarum	3075122	S	214	23	237	0.00001
Halobaculum magnesiiphilum	1017351	S	120	89	209	0.00001
Haloplanus halophilus	2949993	S	463	79	542	0.00002
Haloplanus rubicundus	1547898	S	390	25	415	0.00001
Haloplanus salilacus	2949994	S	277	7	284	0.00001
Haloplanus aerogenes	660522	S	254	7	261	0.00001
Haloplanus pelagicus	2949995	S	224	107	331	0.00001
Haloplanus ruber	869892	S	213	42	255	0.00001
Haloplanus sp. GX21	3127120	S	208	62	270	0.00001
Haloplanus rallus	1816183	S	82	554	636	0.00002
Haloferax sp. S1W	3377110	S	216	12	228	0.00001
Haloferax sp. YSMS24	3388425	S	64	181	245	0.00001
Haloferax sp. YSSS75	3388564	S	51	137	188	0.00001
Haloferax gibbonsii	35746	S	333	96	429	0.00001
Haloferax larsenii	302484	S	216	8	224	0.00001
Haloferax mediterranei	2252	S	212	7	219	0.00001
Haloferax volcanii	2246	S	149	690	839	0.00002
Haloferax denitrificans	35745	S	128	34	162	0.00000
Haloferax prahovense	381852	S	11	3	14	0.00000
Halorarum salinum	2743089	S	428	12	440	0.00001
Halorarum halobium	3075121	S	390	135	525	0.00001
Halorarum halophilum	2743090	S	382	8	390	0.00001
Salinigranum rubrum	755307	S	703	34	737	0.00002
Salinigranum marinum	1515595	S	501	7	508	0.00001
Haloprofundus salilacus	2876190	S	389	36	425	0.00001
Haloprofundus salinisoli	2876193	S	305	40	345	0.00001
Haloprofundus halobius	2876194	S	232	38	270	0.00001
Haloprofundus sp. MHR1	2572921	S	153	48	201	0.00001
Halobellus limi	699433	S	410	165	575	0.00002
Halobellus inordinatus	1126236	S	366	32	398	0.00001
Halobellus marinus	3075123	S	255	72	327	0.00001
Halalkaliarchaeum desulfuricum	2055893	S	321	13	334	0.00001
Halalkaliarchaeum sp. AArc-CO	2866381	S	200	14	214	0.00001
Halogeometricum borinquense	60847	S	449	18	467	0.00001
Halolamina sp. CBA1230	1853690	S	411	81	492	0.00001
Halopenitus persicus	1048396	S	327	2	329	0.00001
Salinirarus marinus	3068310	S	277	80	357	0.00001
Haloquadratum walsbyi	293091	S	151	0	151	0.00000
Halohasta litchfieldiae	1073996	S	125	28	153	0.00000
Natrinema sp. 74	3384159	S	369	37	406	0.00001
Natrinema sp. DC36	2878680	S	342	67	409	0.00001
Natrinema sp. SYSU A 869	2871694	S	325	28	353	0.00001
Natrinema sp. J7-2	406552	S	138	32	170	0.00000
Natrinema zhouii	1710539	S	351	88	439	0.00001
Natrinema gelatinilyticum	2961571	S	338	23	361	0.00001
Natrinema halophilum	1699371	S	273	8	281	0.00001
Natrinema salinisoli	2878535	S	263	23	286	0.00001
Natrinema versiforme	88724	S	243	112	355	0.00001
Natrinema marinum	2961598	S	227	19	246	0.00001
Natrinema pellirubrum	69525	S	225	339	564	0.00002
Natrinema thermotolerans	121872	S	175	177	352	0.00001
Natrinema caseinilyticum	2961570	S	173	17	190	0.00001
Natrinema pallidum	69527	S	138	39	177	0.00000
Natrinema longum	370324	S	118	17	135	0.00000
Haloterrigena salinisoli	3132747	S	401	64	465	0.00001
Haloterrigena alkaliphila	2816475	S	393	53	446	0.00001
Haloterrigena turkmenica	62320	S	373	56	429	0.00001
Haloterrigena salifodinae	2675099	S	259	53	312	0.00001
Halovivax limisalsi	1453760	S	436	11	447	0.00001
Halovivax gelatinilyticus	2961597	S	329	3	332	0.00001
Halovivax cerinus	1487865	S	292	9	301	0.00001
Halovivax ruber	387341	S	168	6	174	0.00000
Natronococcus occultus	29288	S	449	24	473	0.00001
Natronococcus zhouii	2951804	S	436	23	459	0.00001
Natronococcus wangiae	3068275	S	340	20	360	0.00001
Natronosalvus rutilus	2953753	S	457	82	539	0.00002
Natronosalvus vescus	2953881	S	188	4	192	0.00001
Natronosalvus halobius	2953746	S	175	34	209	0.00001
Natronosalvus caseinilyticus	2953747	S	156	30	186	0.00001
Natronosalvus amylolyticus	2961994	S	127	6	133	0.00000
Natronorubrum sp. FCH18a	3447018	S	394	18	412	0.00001
Natronorubrum bangense	61858	S	346	67	413	0.00001
Natronorubrum aibiense	348826	S	217	17	234	0.00001
Natronorubrum daqingense	588898	S	215	6	221	0.00001
Halomontanus rarus	3034020	S	979	16	995	0.00003
Natrarchaeobaculum aegyptiacum	745377	S	365	20	385	0.00001
Natrialbaceae archaeon AArc-T1-2	3053904	S	264	41	305	0.00001
Natrarchaeobaculum sulfurireducens	2044521	S	256	13	269	0.00001
Halosolutus halophilus	1552990	S	386	24	410	0.00001
Halosolutus gelatinilyticus	2931975	S	381	11	392	0.00001
Natronobacterium lacisalsi	229731	S	368	83	451	0.00001
Natronobacterium gregoryi	44930	S	366	21	387	0.00001
Halopiger xanaduensis	387343	S	558	50	608	0.00002
Natrialba aegyptia	129789	S	278	34	312	0.00001
Natrialba magadii	13769	S	163	15	178	0.00000
Natrononativus amylolyticus	2963434	S	415	9	424	0.00001
Halovalidus salilacus	3075124	S	348	11	359	0.00001
Natribaculum luteum	1586232	S	324	44	368	0.00001
Salinilacihabitans rarus	2961596	S	302	20	322	0.00001
Halostagnicola larsenii	353800	S	245	4	249	0.00001
Natronobeatus ordinarius	2963433	S	175	29	204	0.00001
Haloarcula sp. JP-L23	2716717	S	345	5	350	0.00001
Haloarcula sp. CBA1115	1592728	S	206	584	790	0.00002
Haloarcula sp. NS06	3409688	S	151	84	235	0.00001
Haloarcula sp. KBTZ06	3402682	S	21	55	76	0.00000
Haloarcula marina	2961574	S	529	7	536	0.00002
Haloarcula litorea	3032579	S	450	93	543	0.00002
Haloarcula pelagica	3033389	S	393	10	403	0.00001
Haloarcula rara	3033387	S	338	2	340	0.00001
Haloarcula halobia	3033388	S	327	13	340	0.00001
Haloarcula salina	1429914	S	318	39	357	0.00001
Haloarcula regularis	3033392	S	300	62	362	0.00001
Haloarcula marismortui	2238	S	248	81	329	0.00001
Haloarcula ordinaria	3033390	S	185	6	191	0.00001
Haloarcula halophila	3032584	S	157	15	172	0.00000
Haloarcula montana	3111776	S	150	10	160	0.00000
Haloarcula hispanica	51589	S	17	0	17	0.00000
Halosimplex litoreum	1198301	S	464	43	507	0.00001
Halosimplex rubrum	869889	S	456	159	615	0.00002
Halosimplex aquaticum	3026162	S	377	272	649	0.00002
Halosimplex rarum	3396619	S	360	40	400	0.00001
Halosimplex pelagicum	869886	S	342	73	415	0.00001
Halomicrobium salinisoli	2878391	S	596	28	624	0.00002
Halomicrobium sp. LC1Hm	2610902	S	175	107	282	0.00001
Halomicrobium sp. HM KBTZ05	3242663	S	77	53	130	0.00000
Halomicrobium urmianum	1586233	S	338	25	363	0.00001
Halomicrobium mukohataei	57705	S	13	500	513	0.00001
Halorientalis marina	2931976	S	418	282	700	0.00002
Halorientalis pallida	2479928	S	386	7	393	0.00001
Halorientalis sp. IM1011	1932360	S	292	6	298	0.00001
Halorientalis litorea	2931977	S	283	171	454	0.00001
Halorhabdus sp. CBA1104	1380432	S	350	5	355	0.00001
Halorhabdus sp. SVX81	2978283	S	118	123	241	0.00001
Halorhabdus sp. BNX81	2980181	S	67	73	140	0.00000
Halorhabdus tiamatea	430914	S	220	50	270	0.00001
Halorhabdus utahensis	146826	S	153	43	196	0.00001
Halapricum desulfuricans	2841257	S	764	17	781	0.00002
Halapricum salinum	1457250	S	227	12	239	0.00001
Salinibaculum marinum	3131993	S	406	64	470	0.00001
Salinibaculum rarum	3058903	S	112	1	113	0.00000
Halococcoides cellulosivorans	1679096	S	193	0	193	0.00001
Halovenus salina	1510225	S	185	6	191	0.00001
Natronomonas salina	1710540	S	633	15	648	0.00002
Natronomonas pharaonis	2257	S	412	5	417	0.00001
Natronomonas halophila	2747817	S	334	3	337	0.00001
Natronomonas gomsonensis	1046043	S	323	142	465	0.00001
Natronomonas moolapensis	416273	S	295	5	300	0.00001
Natronomonas marina	2961939	S	235	77	312	0.00001
Haloglomus litoreum	3034026	S	546	18	564	0.00002
Haloglomus salinum	2962673	S	347	127	474	0.00001
Haloglomus halophilum	2962672	S	262	190	452	0.00001
Halomarina pelagica	2961599	S	539	59	598	0.00002
Halomarina litorea	2961595	S	467	17	484	0.00001
Halomarina halobia	3033386	S	280	31	311	0.00001
Halorarius litoreus	2962676	S	488	61	549	0.00002
Halorarius halobius	2962671	S	414	126	540	0.00002
Halocatena salina	2934340	S	304	0	304	0.00001
Halocatena marina	2934937	S	265	0	265	0.00001
Halocatena halophila	2814576	S	163	0	163	0.00000
Salinirubellus salinus	1364945	S	383	11	394	0.00001
Salinirubellus litoreus	3131999	S	279	6	285	0.00001
Halosegnis marinus	3034023	S	481	7	488	0.00001
Halosegnis longus	2216012	S	21	0	21	0.00000
Halorussus lipolyticus	3034024	S	536	19	555	0.00002
Halorussus aquaticus	2953748	S	414	258	672	0.00002
Halorussus vallis	2953749	S	407	161	568	0.00002
Halorussus salilacus	2953750	S	353	43	396	0.00001
Halorussus caseinilyticus	3034025	S	348	16	364	0.00001
Halorussus halophilus	2650975	S	282	4	286	0.00001
Halorussus pelagicus	2505977	S	263	10	273	0.00001
Halorussus gelatinilyticus	2937524	S	254	88	342	0.00001
Halorussus limi	2938695	S	244	218	462	0.00001
Haladaptatus sp. SPP-AMP-3	3121295	S	545	13	558	0.00002
Haladaptatus sp. DJG-WS-42	3120516	S	174	0	174	0.00000
Haladaptatus sp. YSMS36	3033384	S	23	164	187	0.00001
Haladaptatus sp. QDMS2	3033391	S	16	104	120	0.00000
Haladaptatus pallidirubidus	1008152	S	359	27	386	0.00001
Haladaptatus salinisoli	2884876	S	317	32	349	0.00001
Haladaptatus halobius	2884875	S	264	21	285	0.00001
Haladaptatus caseinilyticus	2993314	S	259	8	267	0.00001
Halomicrococcus gelatinilyticus	1702103	S	288	21	309	0.00001
Halobacterium wangiae	2902623	S	376	3	379	0.00001
Halobacterium litoreum	2039234	S	325	3	328	0.00001
Halobacterium noricense	223182	S	310	69	379	0.00001
Halobacterium zhouii	2902624	S	309	163	472	0.00001
Halobacterium sp. NMX12-1	3166650	S	157	140	297	0.00001
Halobacterium sp. BOL4-2	2810537	S	19	70	89	0.00000
Halobacterium sp. GN101	88773	S	13	11	24	0.00000
Halobacterium hubeiense	1407499	S	82	54	136	0.00000
Halobacterium salinarum	2242	S	64	759	823	0.00002
Halarchaeum sp. CBA1220	1853682	S	522	17	539	0.00002
Salarchaeum sp. JOR-1	2599399	S	284	27	311	0.00001
Salarchaeum japonicum	555573	S	150	162	312	0.00001
Halanaeroarchaeum sp. HSR-CO	2866382	S	191	1	192	0.00001
Halanaeroarchaeum sulfurireducens	1604004	S	145	1	146	0.00000
Halodesulfurarchaeum formicicum	1873524	S	302	0	302	0.00001
Halospeciosus flavus	3032283	S	283	79	362	0.00001
Halococcus salifodinae	36738	S	334	12	346	0.00001
Halococcus saccharolyticus	62319	S	325	4	329	0.00001
Halococcus dombrowskii	179637	S	230	127	357	0.00001
Halococcus qingdaonensis	224402	S	151	7	158	0.00000
Halococcus morrhuae	2250	S	91	71	162	0.00000
Halalkalicoccus salilacus	3117459	S	471	3	474	0.00001
Halalkalicoccus jeotgali	413810	S	271	3	274	0.00001
Salinarchaeum sp. Harcht-Bsk1	1333523	S	308	7	315	0.00001
Salinarchaeum sp. IM2453	2862870	S	110	0	110	0.00000
Salinarchaeum laminariae	869888	S	310	6	316	0.00001
Natranaeroarchaeum sulfidigenes	2784880	S	299	2	301	0.00001
Natronorarus salvus	3117733	S	323	0	323	0.00001
Haloarchaeobius sp. DT45	3446116	S	276	1	277	0.00001
Methanosarcina sp. T3	3439062	S	364	18	382	0.00001
Methanosarcina sp. Mfa9	3439063	S	270	26	296	0.00001
Methanosarcina sp. MTP4	1434100	S	257	23	280	0.00001
Methanosarcina sp. Kolksee	1434099	S	226	598	824	0.00002
Methanosarcina sp. WWM596	1434103	S	88	539	627	0.00002
Methanosarcina sp. WH1	1434102	S	14	114	128	0.00000
Methanosarcina barkeri	2208	S	1435	27	1462	0.00004
Methanosarcina mazei	2209	S	1085	82	1167	0.00003
Methanosarcina horonobensis	418008	S	592	13	605	0.00002
Methanosarcina siciliae	38027	S	519	29	548	0.00002
Methanosarcina lacustris	170861	S	461	15	476	0.00001
Methanosarcina acetivorans	2214	S	385	44	429	0.00001
Methanosarcina hadiensis	3078083	S	363	38	401	0.00001
Methanosarcina thermophila	2210	S	336	108	444	0.00001
Methanosarcina flavescens	1715806	S	224	53	277	0.00001
Methanosarcina vacuolata	2215	S	141	378	519	0.00001
Methanolobus sp. WCC5	3125785	S	553	17	570	0.00002
Methanolobus sp. WCC4	3125784	S	292	13	305	0.00001
Methanolobus sp. ZRKC2	3125783	S	276	401	677	0.00002
Methanolobus sp. ZRKC3	3125786	S	203	12	215	0.00001
Methanolobus sp. ZRKC5	3136295	S	107	918	1025	0.00003
Methanolobus zinderi	536044	S	464	10	474	0.00001
Methanolobus mangrovi	3072977	S	344	26	370	0.00001
Methanolobus sediminis	3072978	S	258	16	274	0.00001
Methanococcoides orientis	2822137	S	449	50	499	0.00001
Methanococcoides methylutens	2226	S	413	33	446	0.00001
Methanococcoides sp. FTZ1	3439061	S	325	21	346	0.00001
Methanococcoides burtonii	29291	S	276	7	283	0.00001
Methanimicrococcus stummii	3028294	S	660	29	689	0.00002
Methanimicrococcus hongohii	3028295	S	454	16	470	0.00001
Methanohalophilus portucalensis	39664	S	259	147	406	0.00001
Methanohalophilus mahii	2176	S	155	54	209	0.00001
Methanohalophilus halophilus	2177	S	140	72	212	0.00001
Methanolapillus ohkumae	3028298	S	371	4	375	0.00001
Methanolapillus millepedarum	3028296	S	303	40	343	0.00001
uncultured Methanomethylovorans sp.	183759	S	344	29	373	0.00001
Methanomethylovorans hollandica	101192	S	220	23	243	0.00001
Methanohalobium evestigatum	2322	S	368	0	368	0.00001
Methanosalsum zhilinae	39669	S	318	3	321	0.00001
Methanoculleus bourgensis	83986	S	547	217	764	0.00002
Methanoculleus chikugoensis	118126	S	295	257	552	0.00002
Methanoculleus receptaculi	394967	S	224	47	271	0.00001
Methanofollis liminatans	2201	S	426	14	440	0.00001
Methanofollis formosanus	299308	S	389	68	457	0.00001
Methanofollis aquaemaris	126734	S	374	74	448	0.00001
Methanoplanus limicola	2315	S	572	50	622	0.00002
Methanoplanus endosymbiosus	33865	S	353	39	392	0.00001
Methanogenium sp. S4BF	1789226	S	332	13	345	0.00001
Methanogenium organophilum	2199	S	186	8	194	0.00001
Methanomicrobium antiquum	487686	S	511	47	558	0.00002
Methanochimaera problematica	2609417	S	422	39	461	0.00001
Methanolacinia petrolearia	54120	S	337	8	345	0.00001
Methanospirillum stamsii	1277351	S	524	20	544	0.00002
Methanospirillum lacunae	668570	S	508	28	536	0.00002
Methanospirillum purgamenti	2834276	S	429	22	451	0.00001
Methanospirillum hungatei	2203	S	396	20	416	0.00001
Methanosphaerula subterraneus	3350244	S	329	56	385	0.00001
Methanosphaerula palustris	475088	S	322	51	373	0.00001
Methanoregula formicica	882104	S	386	2	388	0.00001
Methanoregula boonei	358766	S	244	1	245	0.00001
Methanocorpusculum labreanum	83984	S	857	0	857	0.00002
Methanocella arvoryzae	1175445	S	721	25	746	0.00002
Methanocella paludicola	570267	S	655	4	659	0.00002
Methanocella sp. MCL-LM	3412035	S	609	18	627	0.00002
Methanocella conradii	1175444	S	441	126	567	0.00002
Methanothrix harundinacea	301375	S	369	0	369	0.00001
Methanothrix thermoacetophila	2224	S	113	0	113	0.00000
Methanothrix soehngenii	2223	S	94	206	300	0.00001
Methanothrix sp.	90426	S	19	77	96	0.00000
Candidatus Nanosalina sp. VS9-1	3388566	S	68	0	68	0.00000
Methanobrevibacter sp. DSM 116169	3242727	S	640	6	646	0.00002
Methanobrevibacter sp. AbM4	224719	S	413	3	416	0.00001
Methanobrevibacter sp. YE315	1609968	S	386	7	393	0.00001
Methanobrevibacter sp. TLL-48-HuF1	2870563	S	201	612	813	0.00002
Methanobrevibacter millerae	230361	S	743	5	748	0.00002
Methanobrevibacter ruminantium	83816	S	713	9	722	0.00002
Methanobrevibacter arboriphilus	39441	S	706	56	762	0.00002
Methanobrevibacter olleyae	294671	S	619	18	637	0.00002
Methanobrevibacter smithii	2173	S	571	149	720	0.00002
Methanobrevibacter acididurans	120963	S	406	20	426	0.00001
Methanobrevibacter intestini	2911853	S	67	178	245	0.00001
Methanobacterium sp. MBAC-LM	3412034	S	537	1	538	0.00002
Methanobacterium sp. ACI-7	3240853	S	374	1	375	0.00001
Methanobacterium sp. BAmetb5	2025351	S	188	20	208	0.00001
Methanobacterium sp. MZ-A1	1911685	S	21	147	168	0.00000
Methanobacterium ferruginis	710191	S	363	2	365	0.00001
Methanobacterium paludis	868131	S	355	1	356	0.00001
Methanobacterium alkalithermotolerans	2731220	S	339	1	340	0.00001
Methanobacterium congolense	118062	S	289	1	290	0.00001
Methanobacterium formicicum	2162	S	253	23	276	0.00001
Methanobacterium petrolearium	710190	S	226	431	657	0.00002
Methanobacterium lacus	877455	S	198	0	198	0.00001
Methanobacterium aridiramus	2584467	S	136	0	136	0.00000
Methanobacterium subterraneum	59277	S	67	173	240	0.00001
Methanosphaera sp. ISO3-F5	1452353	S	756	9	765	0.00002
Methanosphaera sp. BMS	1789762	S	517	12	529	0.00001
Methanosphaera stadtmanae	2317	S	683	43	726	0.00002
Methanothermobacter tenebrarum	680118	S	312	0	312	0.00001
Methanothermobacter sp. EMTCatA1	2017966	S	62	291	353	0.00001
Methanothermobacter sp. KEPCO-1	2603820	S	26	68	94	0.00000
Methanothermobacter sp. THM-2	2606912	S	15	31	46	0.00000
Methanothermobacter sp. KEPCO 2	3240977	S	13	17	30	0.00000
Methanothermobacter sp. DP	2998972	S	11	15	26	0.00000
Methanothermobacter thermautotrophicus	145262	S	110	184	294	0.00001
Methanothermobacter marburgensis	145263	S	23	54	77	0.00000
Methanothermobacter wolfeii	145261	S	16	102	118	0.00000
Methanococcus maripaludis	39152	S	1624	110	1734	0.00005
Methanococcus aeolicus	42879	S	459	15	474	0.00001
Methanococcus vannielii	2187	S	352	19	371	0.00001
Methanothermococcus thermolithotrophicus	2186	S	287	29	316	0.00001
Methanothermococcus sp. Ax23	3156486	S	245	57	302	0.00001
Methanothermococcus okinawensis	155863	S	233	65	298	0.00001
Methanocaldococcus indicus	213231	S	420	33	453	0.00001
Methanocaldococcus jannaschii	2190	S	344	72	416	0.00001
Methanocaldococcus sp. FS406-22	644281	S	294	43	337	0.00001
Methanocaldococcus lauensis	2546128	S	281	16	297	0.00001
Methanocaldococcus vulcanius	73913	S	252	122	374	0.00001
Methanocaldococcus bathoardescens	1301915	S	199	40	239	0.00001
Methanocaldococcus fervens	83171	S	156	24	180	0.00001
Methanocaldococcus infernus	67760	S	132	3	135	0.00000
Methanocaldococcus villosus	667126	S	13	0	13	0.00000
Methanotorris igneus	2189	S	264	72	336	0.00001
Methanofervidicoccus sp. A16	2607662	S	163	2	165	0.00000
Methanopyrus kandleri	2320	S	92	9	101	0.00000
Methanopyrus sp. KOL6	1937004	S	30	46	76	0.00000
Thermococcus sp. SY098	3111325	S	284	88	372	0.00001
Thermococcus sp. 4557	1042877	S	169	78	247	0.00001
Thermococcus sp. 2319x1	1674923	S	151	31	182	0.00001
Thermococcus sp. P6	122420	S	146	3	149	0.00000
Thermococcus sp. 5-4	2008440	S	125	118	243	0.00001
Thermococcus sp. AM4	246969	S	79	15	94	0.00000
Thermococcus sp. AMT11	563043	S	27	0	27	0.00000
Thermococcus profundus	49899	S	317	9	326	0.00001
Thermococcus eurythermalis	1505907	S	312	42	354	0.00001
Thermococcus henrietii	2016361	S	304	178	482	0.00001
Thermococcus gammatolerans	187878	S	257	23	280	0.00001
Thermococcus barossii	54077	S	223	36	259	0.00001
Thermococcus barophilus	55802	S	219	75	294	0.00001
Thermococcus cleftensis	163003	S	212	31	243	0.00001
Thermococcus siculi	72803	S	211	9	220	0.00001
Thermococcus radiotolerans	187880	S	207	208	415	0.00001
Thermococcus celer	2264	S	199	5	204	0.00001
Thermococcus piezophilus	1712654	S	196	33	229	0.00001
Thermococcus camini	2016373	S	188	60	248	0.00001
Thermococcus paralvinellae	582419	S	176	10	186	0.00001
Thermococcus argininiproducens	2866384	S	174	4	178	0.00000
Thermococcus pacificus	71998	S	172	9	181	0.00001
Thermococcus nautili	195522	S	172	66	238	0.00001
Thermococcus chitonophagus	54262	S	171	17	188	0.00001
Thermococcus guaymasensis	110164	S	168	21	189	0.00001
Thermococcus indicus	2586643	S	151	95	246	0.00001
Thermococcus sibiricus	172049	S	147	6	153	0.00000
Thermococcus thermotolerans	2969672	S	138	32	170	0.00000
Thermococcus litoralis	2265	S	122	67	189	0.00001
Thermococcus aggregans	110163	S	118	4	122	0.00000
Thermococcus peptonophilus	53952	S	117	7	124	0.00000
Thermococcus onnurineus	342948	S	114	22	136	0.00000
Thermococcus gorgonarius	71997	S	113	6	119	0.00000
Thermococcus thioreducens	277988	S	89	27	116	0.00000
Thermococcus kodakarensis	311400	S	88	5	93	0.00000
Thermococcus aciditolerans	2598455	S	73	54	127	0.00000
Pyrococcus sp. ST04	1183377	S	162	9	171	0.00000
Pyrococcus sp. NA2	342949	S	152	7	159	0.00000
Pyrococcus abyssi	29292	S	164	7	171	0.00000
Pyrococcus kukulkanii	1609559	S	153	12	165	0.00000
Pyrococcus horikoshii	53953	S	144	6	150	0.00000
Pyrococcus yayanosii	1008460	S	93	9	102	0.00000
Pyrococcus furiosus	2261	S	84	0	84	0.00000
Pyrococcus woesei	2262	S	23	299	322	0.00001
Palaeococcus pacificus	971279	S	207	6	213	0.00001
Archaeoglobus fulgidus	2234	S	234	3	237	0.00001
Archaeoglobus sulfaticallidus	1316941	S	162	0	162	0.00000
Archaeoglobus profundus	84156	S	154	0	154	0.00000
Archaeoglobus veneficus	58290	S	134	0	134	0.00000
Geoglobus acetivorans	565033	S	324	2	326	0.00001
Geoglobus ahangari	113653	S	143	2	145	0.00000
Ferroglobus placidus	54261	S	188	6	194	0.00001
Methanonatronarchaeum sp. AMET-Sl	3037654	S	81	12	93	0.00000
Methanonatronarchaeum sp. AMET6-2	2933293	S	41	8	49	0.00000
Candidatus Methanoliparum sp. LAM-1	2874846	S	111	0	111	0.00000
Candidatus Methanomassiliicoccus intestinalis	1406512	S	2523	0	2523	0.00007
Candidatus Methanoplasma termitum	1577791	S	371	0	371	0.00001
Methanomethylophilus alvi	1291540	S	465	1	466	0.00001
Ferroplasma sp.	2591003	S	211	0	211	0.00001
Ferroplasma acidiphilum	74969	S	137	56	193	0.00001
Ferroplasma acidarmanus	97393	S	76	45	121	0.00000
Acidiplasma sp.	1872114	S	246	0	246	0.00001
Thermoplasma volcanium	50339	S	305	1	306	0.00001
Thermoplasma acidophilum	2303	S	84	0	84	0.00000
Oxyplasma meridianum	3073602	S	272	0	272	0.00001
Picrophilus oshimae	46632	S	190	0	190	0.00001
Cuniculiplasma divulgatum	1673428	S	171	0	171	0.00000
Aciduliprofundum sp. MAR08-339	673860	S	448	0	448	0.00001
Candidatus Aciduliprofundum boonei	379547	S	141	0	141	0.00000
Acidianus manzaensis	282676	S	534	0	534	0.00001
Acidianus brierleyi	41673	S	500	13	513	0.00001
Acidianus hospitalis	563177	S	349	97	446	0.00001
Acidianus sulfidivorans	312539	S	249	0	249	0.00001
Acidianus sp. HS-5	2886040	S	154	0	154	0.00000
Acidianus ambivalens	2283	S	125	34	159	0.00000
Saccharolobus islandicus	43080	S	662	212	874	0.00002
Saccharolobus shibatae	2286	S	287	10	297	0.00001
Saccharolobus caldissimus	1702097	S	286	1	287	0.00001
Saccharolobus solfataricus	2287	S	281	22	303	0.00001
Saccharolobus sp. A20	1891280	S	181	0	181	0.00001
Saccharolobus sp. E5-1-F	2663019	S	70	213	283	0.00001
Sulfolobus sp. S-194	2512240	S	362	23	385	0.00001
Sulfolobus sp. E11-6	2663020	S	34	108	142	0.00000
Sulfolobus tengchongensis	207809	S	312	1	313	0.00001
Sulfolobus acidocaldarius	2285	S	261	0	261	0.00001
Sulfurisphaera javensis	2049879	S	389	0	389	0.00001
Sulfurisphaera ohwakuensis	69656	S	277	90	367	0.00001
Sulfurisphaera tokodaii	111955	S	108	49	157	0.00000
Metallosphaera hakonensis	79601	S	228	1	229	0.00001
Metallosphaera javensis (ex Sakai et al. 2022)	2775498	S	169	1	170	0.00000
Metallosphaera tengchongensis	1532350	S	66	0	66	0.00000
Metallosphaera cuprina	1006005	S	49	0	49	0.00000
Metallosphaera sp. D4-4	3379815	S	16	105	121	0.00000
Stygiolobus caldivivus	2824673	S	305	0	305	0.00001
Stygiolobus azoricus	41675	S	170	0	170	0.00000
Sulfuracidifex tepidarius	1294262	S	131	0	131	0.00000
Sulfodiicoccus acidiphilus	1670455	S	126	0	126	0.00000
Desulfurococcus amylolyticus	94694	S	200	0	200	0.00001
Desulfurococcus mucosus	2275	S	83	0	83	0.00000
Staphylothermus marinus	2280	S	108	4	112	0.00000
Staphylothermus hellenicus	84599	S	76	2	78	0.00000
Ignicoccus hospitalis	160233	S	165	0	165	0.00000
Ignicoccus islandicus	54259	S	23	1	24	0.00000
Thermogladius sp. KZ2Tp1	3136289	S	75	30	105	0.00000
Thermogladius sp. 4427co	3450718	S	20	1	21	0.00000
Thermogladius calderae	1200300	S	40	16	56	0.00000
Thermosphaera chiliense	3402707	S	104	2	106	0.00000
Thermosphaera aggregans	54254	S	61	1	62	0.00000
Aeropyrum pernix	56636	S	90	6	96	0.00000
Aeropyrum camini	229980	S	60	0	60	0.00000
Pyrodictium delaneyi	1273541	S	109	4	113	0.00000
Pyrodictium abyssi	54256	S	98	4	102	0.00000
Pyrofollis japonicus	3060460	S	83	0	83	0.00000
Pyrolobus fumarii	54252	S	76	6	82	0.00000
Hyperthermus butylicus	54248	S	43	2	45	0.00000
Pyrobaculum ferrireducens	1104324	S	258	0	258	0.00001
Pyrobaculum calidifontis	181486	S	180	1	181	0.00001
Pyrobaculum aerophilum	13773	S	136	1	137	0.00000
Pyrobaculum arsenaticum	121277	S	88	0	88	0.00000
Pyrobaculum neutrophilum	70771	S	78	1	79	0.00000
Pyrobaculum islandicum	2277	S	55	0	55	0.00000
Thermoproteus uzoniensis	184117	S	207	0	207	0.00001
Thermoproteus tenax	2271	S	69	0	69	0.00000
Vulcanisaeta distributa	164451	S	85	2	87	0.00000
Vulcanisaeta moutnovskia	985052	S	84	1	85	0.00000
Vulcanisaeta souniana	164452	S	63	0	63	0.00000
Caldivirga maquilingensis	76887	S	151	0	151	0.00000
Caldisphaera lagunensis	200415	S	444	18	462	0.00001
Acidilobus saccharovorans	242703	S	187	0	187	0.00001
Acidilobus sp. 7A	1577685	S	109	3	112	0.00000
Infirmifilum uzonense	1550241	S	84	0	84	0.00000
Infirmifilum sp. NZ	2926850	S	80	0	80	0.00000
Infirmifilum lucidum	2776706	S	64	0	64	0.00000
Thermofilum adornatum	1365176	S	115	0	115	0.00000
Thermofilum pendens	2269	S	111	0	111	0.00000
Fervidicoccus fontis	683846	S	197	11	208	0.00001
Candidatus Korarchaeum cryptofilum	498846	S	22	0	22	0.00000
Nitrosopumilus sp.	2024843	S	578	45	623	0.00002
Nitrosopumilus sp. K4	2795383	S	322	4	326	0.00001
Candidatus Nitrosopumilus sp. SW	2508726	S	284	37	321	0.00001
Nitrosopumilus oxyclinae	1959104	S	350	13	363	0.00001
Nitrosopumilus adriaticus	1580092	S	245	14	259	0.00001
Candidatus Nitrosopumilus koreensis	1510466	S	210	14	224	0.00001
Nitrosopumilus ureiphilus	1470067	S	203	9	212	0.00001
Candidatus Nitrosopumilus sediminis	1229909	S	193	10	203	0.00001
Nitrosopumilus zosterae	718286	S	187	15	202	0.00001
Nitrosopumilus maritimus	338192	S	160	23	183	0.00001
Nitrosopumilus cobalaminigenes	1470066	S	134	8	142	0.00000
Nitrosopumilus piranensis	1582439	S	129	13	142	0.00000
Nitrosarchaeum sp. AC2	2259673	S	265	8	273	0.00001
Candidatus Nitrosomarinus catalinensis	1898749	S	241	6	247	0.00001
Candidatus Nitrososphaera evergladensis	1459637	S	506	89	595	0.00002
Candidatus Nitrososphaera gargensis	497727	S	263	0	263	0.00001
Nitrososphaera viennensis	1034015	S	217	45	262	0.00001
Candidatus Nitrosocosmicus hydrocola	1826872	S	432	0	432	0.00001
Candidatus Nitrosocosmicus oleophilus	1353260	S	425	0	425	0.00001
Candidatus Nitrosocosmicus franklandianus	1798806	S	151	0	151	0.00000
Candidatus Nitrosotalea okcheonensis	1903276	S	164	0	164	0.00000
Candidatus Nitrosotenuis aquarius	1846278	S	190	1	191	0.00001
Candidatus Nitrosotenuis sp. DW1	2259672	S	155	15	170	0.00000
Candidatus Nitrosotenuis cloacae	1603555	S	142	1	143	0.00000
Candidatus Nitrosotenuis chungbukensis	1353246	S	138	13	151	0.00000
Candidatus Nitrosopelagicus brevis	1410606	S	152	0	152	0.00000
Conexivisphaera calida	1874277	S	231	0	231	0.00001
Candidatus Lokiarchaeum ossiferum	2951803	S	726	0	726	0.00002
Promethearchaeum syntrophicum	2594042	S	704	9	713	0.00002
Candidatus Mancarchaeum acidiphilum	1920749	S	126	0	126	0.00000
Candidatus Micrarchaeum sp.	2282148	S	70	0	70	0.00000
Candidatus Nanohalobium constans	2565781	S	113	27	140	0.00000
Candidatus Nanohalococcus occultus	2978047	S	43	0	43	0.00000
Candidatus Nanohalovita haloferacivicina	2978046	S	18	0	18	0.00000
Nanobdella aerobiophila	2586965	S	111	1	112	0.00000
Drivevirus gastrointestinalis	2955765	S	649	0	649	0.00002
Carjivirus communis	2955582	S	58	9	67	0.00000
Carjivirus hominis	2955583	S	56	9	65	0.00000
Delmidovirus splanchnicus	2955741	S	27	4	31	0.00000
Delmidovirus intestinihominis	2955740	S	22	10	32	0.00000
Delmidovirus copri	2955739	S	19	5	24	0.00000
Whopevirus animalis	2956679	S	41	0	41	0.00000
Diorhovirus copri	2955761	S	19	5	24	0.00000
Endlipuvirus intestinihominis	2955861	S	31	0	31	0.00000
Dabirmavirus hominis	2955735	S	30	0	30	0.00000
Jahgtovirus gastrointestinalis	2955995	S	43	1	44	0.00000
Jahgtovirus intestinihominis	2955997	S	31	0	31	0.00000
Wotdevirus murinus	2956698	S	26	0	26	0.00000
Hacihdavirus animalis	2955969	S	15	0	15	0.00000
Fohxhuevirus gastrointestinalis	2955907	S	12	0	12	0.00000
Afonbuvirus coli	2955232	S	90	57	147	0.00000
Afonbuvirus intestinihominis	2955234	S	35	30	65	0.00000
Afonbuvirus faecalis	2955233	S	13	11	24	0.00000
Culoivirus faecalis	2955726	S	16	81	97	0.00000
Cohcovirus splanchnicus	2955712	S	13	2	15	0.00000
Buchavirus hominis	2955552	S	17	17	34	0.00000
Buorbuivirus hominis	2955559	S	12	8	20	0.00000
Buhlduvirus animalis	2955556	S	22	2	24	0.00000
Bohxovirus oralis	2955512	S	10	0	10	0.00000
Besingivirus coli	2955429	S	14	0	14	0.00000
Kahnovirus oralis	2956047	S	16	3	19	0.00000
Akihdevirus balticus	2955235	S	15	0	15	0.00000
Pipoluvirus rarus	2956321	S	12	0	12	0.00000
Paundivirus hollandii	2956268	S	10	0	10	0.00000
Kahucivirus intestinalis	2956048	S	18	0	18	0.00000
Tamkungvirus ST4	2734145	S	166	0	166	0.00000
Namakavirus smbcm6	2734120	S	120	13	133	0.00000
Charybdisvirus scam3	2734102	S	49	0	49	0.00000
Haifavirus tim68	2955972	S	38	0	38	0.00000
Chalconvirus acg2014i	2955603	S	29	3	32	0.00000
Anaposvirus socalone	2734083	S	35	0	35	0.00000
Synechococcus phage S-CRM01	1026955	S	28	0	28	0.00000
Makelovirus prm1	2956181	S	29	0	29	0.00000
Cymopoleiavirus swam2	2734103	S	28	3	31	0.00000
Zhoulongquanvirus esscess	3060828	S	24	0	24	0.00000
Alisovirus socal22	2955237	S	24	0	24	0.00000
Scyllavirus aitchnine	3060690	S	20	2	22	0.00000
Bellamyvirus bellamy	2734095	S	19	0	19	0.00000
Galenevirus mbcm1	2955924	S	17	0	17	0.00000
Neritesvirus scam8	2956221	S	17	3	20	0.00000
Ronodorvirus ssm4	2845939	S	11	0	11	0.00000
Bristolvirus rhodeisland	2955536	S	14	0	14	0.00000
Yushanluvirus satich	3060825	S	12	0	12	0.00000
Mazuvirus scam7	2734118	S	12	0	12	0.00000
Pontusvirus syn19	2734134	S	11	0	11	0.00000
Serangoonvirus essarone	3060697	S	11	0	11	0.00000
Nereusvirus tusconc4	2734124	S	11	3	14	0.00000
Tequatrovirus e112	1914201	S	16	54	70	0.00000
Tequatrovirus T2	10664	S	15	19	34	0.00000
Tequatrovirus oe5505	2844215	S	15	55	70	0.00000
Gelderlandvirus s16	1913658	S	10	35	45	0.00000
Dhakavirus ql01	2004415	S	20	5	25	0.00000
Tegunavirus fheyen901	2956491	S	26	5	31	0.00000
Moonvirus merlin	1985341	S	10	7	17	0.00000
Zedzedvirus zz1	2843640	S	36	0	36	0.00000
Acinetobacter phage Ac42	762660	S	22	0	22	0.00000
Acajnonavirus acj9	2843630	S	15	0	15	0.00000
Bragavirus p43	2955533	S	10	17	27	0.00000
Schizotequatrovirus KVP40	1914019	S	34	1	35	0.00000
Biquartavirus 44RR2	115987	S	27	0	27	0.00000
Ishigurovirus osborne	260149	S	13	0	13	0.00000
Jiangsuvirus pspyzu05	2956010	S	15	0	15	0.00000
Gualtarvirus mp1	2955964	S	10	0	10	0.00000
Yersinia phage phiR1-37	331278	S	150	0	150	0.00000
Vibrio phage PWH3a-P1	754058	S	81	0	81	0.00000
Caudoviricetes sp. vir249	3068355	S	74	0	74	0.00000
Vibrio phage douglas 12A4	573171	S	65	0	65	0.00000
Lactobacillus phage LfeSau	1567453	S	45	0	45	0.00000
Streptococcus phage Str-PAP-1	1589270	S	39	4	43	0.00000
Brevibacillus phage Sundance	1691958	S	34	0	34	0.00000
Rhizobium phage RHEph10	1220717	S	28	0	28	0.00000
Listeria phage P35	330398	S	24	0	24	0.00000
Cellulophaga phage phi39:1	1327993	S	23	0	23	0.00000
Acinetobacter phage YMC13/03/R2096	1560342	S	17	0	17	0.00000
Vibrio phage eugene 12A10	573172	S	17	6	23	0.00000
Clostridium phage CI55P1	2968677	S	17	0	17	0.00000
Clostridium phage phiSM101	396359	S	16	29	45	0.00000
Rhodococcus phage E3	1007869	S	16	0	16	0.00000
Halocynthia phage JM-2012	1173297	S	15	0	15	0.00000
Brochothrix phage NF5	764561	S	15	0	15	0.00000
Vibrio phage 11895-B1	754075	S	14	0	14	0.00000
Sphingomonas phage PAU	1150991	S	13	0	13	0.00000
Cyanophage MED4-117	889954	S	13	10	23	0.00000
Nocardia phage NBR1	1109711	S	13	0	13	0.00000
Clostridium phage phiCT453B	1567013	S	13	6	19	0.00000
Pseudoalteromonas phage BS5	1874539	S	12	0	12	0.00000
Vibrio phage henriette 12B8	573174	S	11	0	11	0.00000
Pseudoalteromonas phage Maelstrom	2065202	S	10	0	10	0.00000
Tsukamurella phage TPA2	981330	S	10	0	10	0.00000
Bacillus phage vB_BhaS-171	1775140	S	10	0	10	0.00000
Wphvirus BPS13	1987727	S	15	71	86	0.00000
Wphvirus WPh	1922328	S	13	0	13	0.00000
Caeruleovirus Bcp1	1985176	S	21	15	36	0.00000
Agatevirus agate	1910935	S	13	1	14	0.00000
Tsarbombavirus BCP78	1985182	S	10	0	10	0.00000
Siophivirus SIOphi	2560335	S	10	1	11	0.00000
Kayvirus JD7	1924729	S	24	75	99	0.00000
Sciuriunavirus SscM1	2734053	S	28	0	28	0.00000
Baoshanvirus BS2	2734047	S	15	7	22	0.00000
Siminovitchvirus CP51	1918722	S	14	0	14	0.00000
Siminovitchvirus JL	1918723	S	11	4	15	0.00000
Okubovirus SPO1	10685	S	26	0	26	0.00000
Kochikohdavirus ECP3	2560418	S	17	11	28	0.00000
Tybeckvirus SAC12B	2845142	S	17	0	17	0.00000
Tybeckvirus tv521B	2845127	S	11	0	11	0.00000
Elpedvirus LpeD	2845137	S	19	0	19	0.00000
Mooreparkvirus Lb3381	632112	S	10	0	10	0.00000
Menderavirus mendera	2846389	S	554	3	557	0.00002
Petsuvirus pEtSU	2734128	S	43	0	43	0.00000
Branisovskavirus Kc263	3059793	S	44	0	44	0.00000
Pawinskivirus PS119XW	3060524	S	26	0	26	0.00000
Machinavirus machina	2169990	S	11	0	11	0.00000
Erwinia phage vB_EamM_Caitlin	1883379	S	10	0	10	0.00000
Ferozepurvirus PS1	3059999	S	11	3	14	0.00000
Seoulvirus SPN3US	1984796	S	13	0	13	0.00000
Miltoncavirus PhiPA3	3060307	S	13	0	13	0.00000
Noxifervirus noxifer	2560671	S	13	0	13	0.00000
Cronobacter phage CR5	1195085	S	10	0	10	0.00000
Goslarvirus goslar	2734109	S	11	0	11	0.00000
Nimduovirus N1M2	3060418	S	10	0	10	0.00000
Pifdecavirus BIMBV46	3431669	S	12	0	12	0.00000
Foetvirus P1723	3428803	S	14	0	14	0.00000
Jiaoyazivirus RSB3	2733922	S	24	0	24	0.00000
Risjevirus RSJ5	2733595	S	27	0	27	0.00000
Sieqvirus S42C7	2733957	S	41	0	41	0.00000
Votkovvirus S28C10	2733968	S	12	0	12	0.00000
Anayavirus kisi	2955340	S	37	15	52	0.00000
Anayavirus validus	2955351	S	33	7	40	0.00000
Anayavirus marshawn	2955344	S	17	2	19	0.00000
Anayavirus yuna	2955352	S	17	2	19	0.00000
Anayavirus chris	2955338	S	11	7	18	0.00000
Aminayvirus aminay	2955329	S	16	0	16	0.00000
Certrevirus phiTE	1980961	S	71	0	71	0.00000
Seunavirus SSE121	1914893	S	29	25	54	0.00000
Bertelyvirus BL9	2734192	S	74	0	74	0.00000
Colossusvirus PW	2734195	S	41	2	43	0.00000
Colossusvirus colossus	2734194	S	23	1	24	0.00000
Poindextervirus rogue	2748760	S	27	9	36	0.00000
Coopervirus nigel	1983118	S	11	12	23	0.00000
Coopervirus cooper	1983117	S	10	9	19	0.00000
Thonkovirus thonko	2956529	S	46	0	46	0.00000
Birdsnestvirus birdsnest	2955497	S	29	0	29	0.00000
Lilmcdreamyvirus lilmcdreamy	2956123	S	15	0	15	0.00000
Vansinderenvirus 5093	3060774	S	110	19	129	0.00000
Moineauvirus CHPC927	3060338	S	14	7	21	0.00000
Moineauvirus CHPC1041	3060320	S	13	1	14	0.00000
Brussowvirus CHPC1230	3059798	S	24	16	40	0.00000
Matsuvirus pYD6A	2845952	S	19	0	19	0.00000
Litunavirus PA26	1920764	S	10	0	10	0.00000
Penintadodekavirus 5012	2956283	S	20	0	20	0.00000
Acanvirus Y26	3059696	S	13	0	13	0.00000
Henuseptimavirus henu7	2844204	S	24	0	24	0.00000
Christensenvirus IME542	2734000	S	44	6	50	0.00000
Tunavirus SH6	2734027	S	11	8	19	0.00000
Pamexvirus AAT1	3431346	S	11	48	59	0.00000
Mallosvirus mallos	3430621	S	31	0	31	0.00000
Campylobacter virus IBB35	1006972	S	48	8	56	0.00000
Firehammervirus CP21	1190451	S	31	9	40	0.00000
Firehammervirus CPt10	722418	S	10	8	18	0.00000
Fletchervirus NCTC12673	934027	S	16	0	16	0.00000
Clownvirus clown	2955709	S	64	0	64	0.00000
Wizardvirus mutzi	2956689	S	24	5	29	0.00000
Vividuovirus lennon	3433268	S	11	10	21	0.00000
Leonardvirus emoore	2956110	S	13	0	13	0.00000
Chivirus chi	1541887	S	50	0	50	0.00000
Ahduovirus AH2	3425998	S	19	0	19	0.00000
Kablunavirus buggaboo	2956042	S	38	8	46	0.00000
Kablunavirus nosilaM	2956044	S	19	1	20	0.00000
Skysandvirus lollipop1437	2956464	S	13	6	19	0.00000
Omarvirus amethyst	2956235	S	17	13	30	0.00000
Arequatrovirus R4	1982894	S	22	0	22	0.00000
Caelumvirus alvy	2955564	S	13	3	16	0.00000
Dalianvirus R1	3059961	S	35	0	35	0.00000
Moazamivirus SE131	3060310	S	28	0	28	0.00000
Crifsvirus A24	3059907	S	10	0	10	0.00000
Hagravirus capitaneum	3429142	S	94	0	94	0.00000
Haloferacalesvirus pyrstotum	3429157	S	14	7	21	0.00000
Sophritavirus sophrita	3060717	S	39	1	40	0.00000
Sophritavirus pW2	3060716	S	11	0	11	0.00000
Tsamsavirus tsamsa	3060755	S	11	29	40	0.00000
Bracchivirus U2F1	2955532	S	79	0	79	0.00000
Catalunyavirus C5a	2734057	S	14	0	14	0.00000
Yangvirus phives	3060814	S	64	1	65	0.00000
Yangvirus elezi	3060811	S	12	0	12	0.00000
Polybotosvirus Atuph07	2560286	S	99	0	99	0.00000
Donellivirus gee	1084719	S	94	0	94	0.00000
Acinetobacter phage vB_AbaM_Acibel004	1481186	S	24	0	24	0.00000
Wbetavirus J5a	3433352	S	87	18	105	0.00000
Skunavirus sv37201	2845159	S	29	25	54	0.00000
Fromanvirus L5	31757	S	19	19	38	0.00000
Cimandefvirus cimandef	2846040	S	42	109	151	0.00000
Myrnavirus myrna	2956212	S	62	3	65	0.00000
Becedseptimavirus BCD7	2843753	S	77	0	77	0.00000
Taranisvirus taranis	2734146	S	75	48	123	0.00000
Kungbxnavirus pT24	2846436	S	75	0	75	0.00000
Arawnvirus arawn	2696356	S	72	0	72	0.00000
Kenoshavirus rickmore	2844673	S	24	28	52	0.00000
Tanisvirus avazak	2844659	S	18	0	18	0.00000
Jenstvirus jenst	1982225	S	71	0	71	0.00000
Eneladusvirus Yen904	2560849	S	42	1	43	0.00000
Eneladusvirus BF	2560751	S	24	0	24	0.00000
Audreyjarvisvirus AM1	2845188	S	13	37	50	0.00000
Latrobevirus FNU1	2844309	S	66	0	66	0.00000
Douglaswolinvirus B2	2734204	S	20	0	20	0.00000
Gorjumvirus jumbo	2560503	S	61	0	61	0.00000
Vendettavirus tzgordon	2956635	S	31	0	31	0.00000
Catfishvirus catfish	2955592	S	12	0	12	0.00000
Hzauvirus LPCPA6	3060044	S	26	0	26	0.00000
Brucesealvirus CPS2	2843987	S	15	8	23	0.00000
Dolusvirus shimokitaense	3059971	S	48	0	48	0.00000
Efquatrovirus AUEF3	2560417	S	18	13	31	0.00000
Efquatrovirus SANTOR1	2560429	S	15	1	16	0.00000
Skulduggeryvirus skulduggery	3060714	S	52	0	52	0.00000
Takahashivirus PBS1	10683	S	51	0	51	0.00000
Yihwangvirus BCPST	3060820	S	35	3	38	0.00000
Basiliskvirus bak10	3059758	S	10	2	12	0.00000
Alcyoneusvirus RaK2	2560545	S	21	21	42	0.00000
Kremarvirus M51	3430279	S	26	4	30	0.00000
Cebadecemvirus phi10una	2955593	S	32	0	32	0.00000
Cellubavirus phi19una	2955598	S	16	0	16	0.00000
Skogvirus Skog	2956463	S	47	0	47	0.00000
Salmondvirus JA29	2734142	S	19	11	30	0.00000
Salmondvirus JA11	2734141	S	10	6	16	0.00000
Fukuivirus LMM01	2845597	S	46	1	47	0.00000
Nanditavirus popper	3431038	S	38	7	45	0.00000
Tigunavirus TG1	374422	S	44	0	44	0.00000
Asteriusvirus av121Q	2560436	S	14	23	37	0.00000
Minunavirus Min1	2560595	S	45	0	45	0.00000
Carltongylesvirus PO1031	3427810	S	13	0	13	0.00000
Mudcatvirus keaneylin	3060400	S	17	19	36	0.00000
Quivirus qui	3060665	S	37	0	37	0.00000
Eponavirus epona	2734105	S	36	0	36	0.00000
Kenyattavirus kv136	3060064	S	31	0	31	0.00000
Doucettevirus B22	2169870	S	34	57	91	0.00000
Rivavirus rv049ML001	3432168	S	18	0	18	0.00000
Splendidredvirus splendidred	3432577	S	12	0	12	0.00000
Muldoonvirus PS2	2846184	S	33	0	33	0.00000
Metforvirus limi	3430842	S	33	0	33	0.00000
Amoyvirus R7M	2843682	S	15	0	15	0.00000
Oneupvirus oneup	1982560	S	30	1	31	0.00000
Gordonvirus captnmurica	1982153	S	23	6	29	0.00000
Fremauxvirus fv1706	2845155	S	28	3	31	0.00000
Lastavirus lasta	2845090	S	26	3	29	0.00000
Lightbulbvirus Cba41	1918524	S	17	14	31	0.00000
Vidquintavirus Vid5	2560623	S	31	0	31	0.00000
Sasquatchvirus Y3	2734143	S	31	0	31	0.00000
Gamtrevirus GMA3	2560494	S	30	0	30	0.00000
Rowavirus rowa	2734271	S	30	0	30	0.00000
Arvduovirus ArV2	3059739	S	30	0	30	0.00000
Cuauhnahuacvirus Y65	3059911	S	26	3	29	0.00000
Shirahamavirus PTm1	2846435	S	27	0	27	0.00000
Streptomyces phage phiSAJS1	1755682	S	19	0	19	0.00000
Mimasvirus GAP32	2560400	S	19	0	19	0.00000
Scapunavirus scap1	2560792	S	24	0	24	0.00000
Moturavirus motura	2843625	S	24	0	24	0.00000
Brigitvirus brigit	2734096	S	24	0	24	0.00000
Kirovvirus kirov	3060067	S	13	0	13	0.00000
Haetaevirus PBC2	3060027	S	10	0	10	0.00000
Aokuangvirus SCBWM1	2734084	S	22	0	22	0.00000
Satomivirus wayo	3432268	S	22	0	22	0.00000
Ficleduovirus FCV1	2560474	S	14	7	21	0.00000
Phrappuccinovirus phrappuccino	3431661	S	21	0	21	0.00000
Cequinquevirus Ldb	1981020	S	14	0	14	0.00000
Santafevirus sf40AC	2956398	S	20	0	20	0.00000
Predatorvirus predator	1982365	S	19	0	19	0.00000
Santhisvirus santhid	3432255	S	15	3	18	0.00000
Betterkatzvirus betterkatz	2560485	S	19	0	19	0.00000
Siaravirus siara	3060703	S	16	0	16	0.00000
Wolominvirus OH	3060805	S	19	0	19	0.00000
Fuzanglongvirus ZL12	3428900	S	19	0	19	0.00000
Ittyvirus itty13	3060058	S	18	0	18	0.00000
Burrovirus araxxi	2845589	S	10	3	13	0.00000
Myradeevirus MyraDee	2956210	S	18	0	18	0.00000
Llyrvirus SSKS1	2734116	S	16	0	16	0.00000
Eurybiavirus PHM2	2734108	S	12	3	15	0.00000
Pushchinovirus B83	2843751	S	16	0	16	0.00000
Lokivirus IMEAB3	2560266	S	14	0	14	0.00000
Sextaecvirus sextaec	1922246	S	11	2	13	0.00000
Benedictvirus littlecherry	2955419	S	10	33	43	0.00000
Wroclawvirus PA5oct	3060806	S	13	0	13	0.00000
Yongloolinvirus CDMH1	2843968	S	12	63	75	0.00000
Immutovirus immuto	2955989	S	12	0	12	0.00000
Pavtokvirus PEp14	3060523	S	12	0	12	0.00000
Rogerhendrixvirus hendrix	2734268	S	12	0	12	0.00000
Attoomivirus attoomi	2734218	S	12	0	12	0.00000
Sidiousvirus sidious	3060705	S	11	0	11	0.00000
Mardecavirus SSP002	1921699	S	11	0	11	0.00000
Lilyvirus lily	2560618	S	10	11	21	0.00000
Spartoivirus spartoi	3432543	S	10	0	10	0.00000
Chakrabartyvirus pf16	2560689	S	10	0	10	0.00000
Metrivirus ME3	2560269	S	10	0	10	0.00000
Varicellovirus bovinealpha1	3050243	S	59	6	65	0.00000
Varicellovirus equidalpha9	3050280	S	33	0	33	0.00000
Varicellovirus monodontidalpha1	3050322	S	20	0	20	0.00000
Varicellovirus canidalpha1	3050251	S	20	0	20	0.00000
Varicellovirus suidalpha1	3050355	S	19	0	19	0.00000
Varicellovirus phocidalpha1	3050340	S	17	0	17	0.00000
Varicellovirus cervidalpha2	3050260	S	16	0	16	0.00000
Simplexvirus humanalpha1	3050292	S	42	0	42	0.00000
Simplexvirus papiinealpha2	3050336	S	20	0	20	0.00000
Simplexvirus leporidalpha4	3050304	S	12	0	12	0.00000
Simplexvirus paninealpha3	3050333	S	11	0	11	0.00000
Mardivirus gallidalpha2	3050287	S	20	0	20	0.00000
Cytomegalovirus cercopithecinebeta5	3050258	S	18	0	18	0.00000
Cynomolgus cytomegalovirus	1919083	S	17	0	17	0.00000
Cytomegalovirus mandrillinebeta1	3050319	S	14	0	14	0.00000
Murine roseolovirus	1940555	S	24	0	24	0.00000
Muromegalovirus muridbeta8	3050326	S	20	0	20	0.00000
Muromegalovirus muridbeta2	3050324	S	18	0	18	0.00000
Quwivirus tupaiidbeta1	3050362	S	28	0	28	0.00000
Proboscivirus elephantidbeta1	3050273	S	10	0	10	0.00000
Rhadinovirus muridgamma4	3050327	S	17	0	17	0.00000
Rhadinovirus cricetidgamma2	3050268	S	12	0	12	0.00000
Macavirus suidgamma4	3050358	S	21	1	22	0.00000
Percavirus equidgamma2	3050281	S	10	0	10	0.00000
Lymphocryptovirus callitrichinegamma3	3050250	S	14	0	14	0.00000
Cyvirus cyprinidallo3	3050271	S	40	0	40	0.00000
Cyvirus cyprinidallo1	3050269	S	24	0	24	0.00000
Cyvirus cyprinidallo2	3050270	S	23	0	23	0.00000
Batravirus ranidallo3	3048291	S	27	0	27	0.00000
Batravirus ranidallo2	3050347	S	18	0	18	0.00000
Ostreavirus ostreidmalaco1	3050331	S	18	0	18	0.00000
Moumouvirus moumou	1128137	S	671	23	694	0.00002
Moumouvirus goulettemassiliense	3080760	S	429	7	436	0.00001
Moumouvirus australiense	3080759	S	125	5	130	0.00000
Tupanvirus salinum	3060758	S	305	7	312	0.00001
Tupanvirus altamarinense	3060757	S	158	4	162	0.00000
Cotonvirus japonicum	3059904	S	426	0	426	0.00001
Megavirus powaiense	3060302	S	190	20	210	0.00001
Megavirus chilense	3060301	S	183	18	201	0.00001
Mimivirus bradfordmassiliense	3047343	S	138	35	173	0.00000
Mimivirus terra2	1128151	S	67	52	119	0.00000
Fadolivirus algeromassiliense	3060017	S	307	0	307	0.00001
Theiavirus salishense	3060737	S	236	0	236	0.00001
Rheavirus sinusmexicani	3047716	S	181	0	181	0.00001
Biavirus raunefjordenense	3059777	S	197	0	197	0.00001
Kratosvirus quantuckense	3060070	S	87	0	87	0.00000
Oceanusvirus kaneohense	3060432	S	50	0	50	0.00000
Heliosvirus raunefjordenense	3060030	S	17	0	17	0.00000
Iridovirus chilo1	3429985	S	523	0	523	0.00001
Iridovirus armadillidium1	3429984	S	46	0	46	0.00000
Chloriridovirus simulium1	3427924	S	76	0	76	0.00000
Chloriridovirus aedes1	3427923	S	34	0	34	0.00000
Chloriridovirus wiseana1	3427926	S	34	3	37	0.00000
Decapodiridovirus litopenaeus1	3428192	S	11	0	11	0.00000
Lymphocystivirus micropogonias1	3430558	S	43	0	43	0.00000
Lymphocystivirus paralichthys1	3430559	S	16	1	17	0.00000
Megalocytivirus lates1	3430773	S	16	0	16	0.00000
Marseillevirus massiliense	3430670	S	74	19	93	0.00000
Noumeavirus	1955558	S	18	1	19	0.00000
Tokyovirus A1	1826170	S	15	0	15	0.00000
Losannavirus lausannense	3430494	S	60	6	66	0.00000
Losannavirus tunisense	3430495	S	52	2	54	0.00000
Alphaorpheovirus massiliense	3426221	S	162	0	162	0.00000
Phaeocystis globosa virus	251749	S	110	0	110	0.00000
Chrysochromulina parva virus	2565304	S	66	0	66	0.00000
Ostreococcus lucimarinus virus 7	1663209	S	17	34	51	0.00000
Micromonas sp. RCC1109 virus MpV1	880161	S	13	0	13	0.00000
Prasinovirus micromonas	3241176	S	20	0	20	0.00000
Chrysochromulina ericina virus	455364	S	115	0	115	0.00000
Only Syngen Nebraska virus 5	1917232	S	19	0	19	0.00000
Chlorovirus heliozoae	322019	S	10	0	10	0.00000
Chlorovirus americanus	3427927	S	10	40	50	0.00000
Chlorovirus vanettense	3427931	S	10	1	11	0.00000
Coccolithovirus huxleyi	3428026	S	26	0	26	0.00000
Raphidovirus japonicum	3432138	S	20	0	20	0.00000
Phaeovirus feldmanniae	3431616	S	12	0	12	0.00000
Orthopoxvirus vaccinia	10245	S	101	35	136	0.00000
Orthopoxvirus volepox	3431488	S	27	0	27	0.00000
Orthopoxvirus camelpox	3431480	S	19	7	26	0.00000
Orthopoxvirus raccoonpox	3431484	S	12	0	12	0.00000
Avipoxvirus canarypox	3426548	S	93	0	93	0.00000
Avipoxvirus fowlpox	3426550	S	34	0	34	0.00000
Avipoxvirus penguinpox	3426551	S	19	7	26	0.00000
Avipoxvirus turkeypox	3426554	S	16	0	16	0.00000
Centapoxvirus yokapox	3427843	S	33	0	33	0.00000
Centapoxvirus microtuspox	3427842	S	17	18	35	0.00000
Suipoxvirus swinepox	3432644	S	61	0	61	0.00000
BeAn 58058 virus	67082	S	20	0	20	0.00000
Oryzopoxvirus cotia	3431515	S	20	0	20	0.00000
Parapoxvirus orf	3431389	S	17	0	17	0.00000
Parapoxvirus reddeerpox	3431391	S	11	0	11	0.00000
Vespertilionpoxvirus eptesipox	3433200	S	38	0	38	0.00000
Yatapoxvirus yabapox	3433539	S	20	0	20	0.00000
Yatapoxvirus tanapox	3433538	S	15	0	15	0.00000
Cervidpoxvirus muledeerpox	3427847	S	31	0	31	0.00000
Pteropopoxvirus pteropox	3432027	S	27	0	27	0.00000
Sciuripoxvirus squirrelpox	3432296	S	13	0	13	0.00000
Betaentomopoxvirus mseparata	3427230	S	63	0	63	0.00000
Betaentomopoxvirus amoorei	28321	S	45	0	45	0.00000
Betaentomopoxvirus crosaceana	3427229	S	43	14	57	0.00000
Betaentomopoxvirus cbiennis	3427227	S	40	10	50	0.00000
Betaentomopoxvirus ahonmai	1993630	S	15	0	15	0.00000
Deltaentomopoxvirus msanguinipes	3428200	S	46	0	46	0.00000
Alphaentomopoxvirus acuprea	62099	S	34	0	34	0.00000
Epsilonentomopoxvirus dlongicaudata	3428560	S	14	0	14	0.00000
Asfivirus haemorrhagiae	3426474	S	75	0	75	0.00000
Betadintovirus terrapene	2843840	S	477	0	477	0.00001
Mastadenovirus caesari	3241411	S	25	0	25	0.00000
Mastadenovirus tupaiae	3241451	S	24	0	24	0.00000
Mastadenovirus chlorocebi	3241415	S	11	0	11	0.00000
Aviadenovirus hepatitidis	3426530	S	11	0	11	0.00000
Sputnikvirus mimiviri	3432578	S	28	0	28	0.00000
Ameliavirus viph1008o	3426338	S	13	0	13	0.00000
Waikavirus zeae	3048189	S	21	0	21	0.00000
Big Sioux River virus	1041883	S	27	0	27	0.00000
Sogarnavirus kitsilanoensis	3432520	S	12	0	12	0.00000
Gammacoronavirus delphinapteri	3433744	S	18	0	18	0.00000
Betacoronavirus tylonycteridis	3433776	S	11	0	11	0.00000
Macluravirus rumicis	3430571	S	21	0	21	0.00000
Alphahypovirus americanum	2955281	S	11	0	11	0.00000
Orthohantavirus fugongense	3052478	S	13	0	13	0.00000
Emaravirus parkinsoniae	2845754	S	14	0	14	0.00000
Orthotospovirus tomatanuli	3052583	S	17	0	17	0.00000
Phlebovirus uriuranaense	3052688	S	16	0	16	0.00000
Goukovirus ceraphri	3060023	S	12	0	12	0.00000
Orthonairovirus bushkeyense	3052510	S	30	0	30	0.00000
Hapavirus joinjakaka	1972615	S	35	0	35	0.00000
Curiovirus rochambeau	1985691	S	24	0	24	0.00000
Varicosavirus lactucae	1985698	S	22	0	22	0.00000
Parajeilongvirus hainanense	3431372	S	33	0	33	0.00000
Metaavulavirus galliense	3051365	S	14	0	14	0.00000
Orthoebolavirus bundibugyoense	3052458	S	28	0	28	0.00000
Damravirus fushunense	3059962	S	10	0	10	0.00000
Alphavirus rossriver	3426314	S	114	0	114	0.00000
Tobamovirus cucumeris	3432868	S	10	0	10	0.00000
Agave tequilana leaf virus	387423	S	23	0	23	0.00000
Cherry symptomless virus	2705123	S	22	0	22	0.00000
Capillovirus alphavii	3427714	S	11	0	11	0.00000
Carlavirus trifolii	3427798	S	17	0	17	0.00000
Potexvirus ecsvanillae	3433840	S	30	0	30	0.00000
Aureusvirus cucumis	3047779	S	55	0	55	0.00000
Orthoflavivirus wesselsbronense	3048447	S	13	0	13	0.00000
Lake Sinai virus	1547219	S	18	0	18	0.00000
Johnovirus asienecus	2845032	S	75	0	75	0.00000
Depandovirus solicola	2844082	S	29	0	29	0.00000
Dehgumevirus asiovivens	2844069	S	12	0	12	0.00000
Rotavirus alphagastroenteritidis	3432193	S	17	0	17	0.00000
Rotavirus aspergastroenteritidis	3432194	S	11	0	11	0.00000
Fusagravirus ichi	3428881	S	12	0	12	0.00000
Aquabirnavirus salmonidae	3048153	S	24	0	24	0.00000
Wenzhou yanvirus-like virus 1	1923683	S	55	0	55	0.00000
Hubei coleoptera virus 2	1922861	S	51	0	51	0.00000
Beihai picorna-like virus 21	1922564	S	50	0	50	0.00000
Hubei zhaovirus-like virus 1	1923344	S	33	0	33	0.00000
Xinzhou dimarhabdovirus virus 1	1923768	S	30	0	30	0.00000
Beihai picorna-like virus 77	1922624	S	28	0	28	0.00000
Hubei picorna-like virus 34	1923114	S	16	0	16	0.00000
Wuhan insect virus 10	1923714	S	15	0	15	0.00000
Hubei lepidoptera virus 3	1922905	S	10	0	10	0.00000
Brejeira virus	1552662	S	28	0	28	0.00000
Cacao swollen shoot Ghana K virus	2056881	S	104	0	104	0.00000
Caulimovirus tesselloscrophulariae	3047834	S	10	0	10	0.00000
Diatom colony associated dsRNA virus 17 genome type A	1678177	S	47	0	47	0.00000
Alphabaculovirus orleucostigmae	3048237	S	171	0	171	0.00000
Alphabaculovirus hytalacae	3048150	S	87	0	87	0.00000
Alphabaculovirus speridaniae	3078442	S	70	31	101	0.00000
Alphabaculovirus agipsilonis	3047352	S	66	0	66	0.00000
Alphabaculovirus chorosaceanae	3047752	S	63	8	71	0.00000
Alphabaculovirus opbrumatae	3048235	S	56	0	56	0.00000
Malacosoma neustria nucleopolyhedrovirus	38012	S	12	0	12	0.00000
Euproctis digramma nucleopolyhedrovirus	307466	S	11	0	11	0.00000
Spodoptera exigua multiple nucleopolyhedrovirus	10454	S	10	0	10	0.00000
Alphabaculovirus mavitratae	3048197	S	44	0	44	0.00000
Alphabaculovirus hycuneae	3048149	S	43	0	43	0.00000
Alphabaculovirus ranus	2955240	S	31	0	31	0.00000
Alphabaculovirus crypeltasticae	3078440	S	30	0	30	0.00000
Alphabaculovirus anpernyi	3047366	S	26	0	26	0.00000
Alphabaculovirus helarmigerae	3047947	S	26	0	26	0.00000
Alphabaculovirus erankerariae	3059713	S	25	0	25	0.00000
Alphabaculovirus heleucae	3051417	S	15	0	15	0.00000
Alphabaculovirus capomonae	3047737	S	14	0	14	0.00000
Alphabaculovirus oxochraceae	3078441	S	11	0	11	0.00000
Alphabaculovirus eupseudoconspersae	3047831	S	11	0	11	0.00000
Alphabaculovirus chrincludentis	3050266	S	10	0	10	0.00000
Alphabaculovirus sujujubae	3048345	S	10	0	10	0.00000
Betabaculovirus spliturae	3048337	S	26	0	26	0.00000
Betabaculovirus chofumiferanae	3051997	S	14	0	14	0.00000
Betabaculovirus maphaseoli	2955431	S	11	0	11	0.00000
Betabaculovirus helarmigerae	3047946	S	10	1	11	0.00000
Gammabaculovirus neabietis	3060014	S	42	0	42	0.00000
Alphanudivirus quartudromelanogasteris	3051617	S	96	0	96	0.00000
Alphanudivirus dromelanogasteris	3051616	S	10	0	10	0.00000
Alphanudivirus tertidromelanogasteris	3051618	S	10	0	10	0.00000
Deltanudivirus tipoleraceae	3048365	S	49	0	49	0.00000
Gammanudivirus cameanadis	3052206	S	19	0	19	0.00000
Glossinavirus glopallidipedis	3052209	S	21	0	21	0.00000
Muscavirus musdomesticae	3052348	S	17	0	17	0.00000
Alphafilamentovirus leboulardi	3426192	S	16	0	16	0.00000
Bracoviriform facetosae	2083300	S	62	0	62	0.00000
Bracoviriform demolitoris	53988	S	58	0	58	0.00000
Bracoviriform congregatae	39640	S	30	0	30	0.00000
Bracoviriform indiense	116759	S	10	0	10	0.00000
Ichnoviriform fugitivi	265522	S	32	0	32	0.00000
Ichnoviriform sonorense	10484	S	15	0	15	0.00000
Sulfolobus monocaudavirus SMV3	1732177	S	23	5	28	0.00000
Deltasatellite ipomoeasecundi	3428218	S	16	0	16	0.00000
Nitmarvirus maris	3431162	S	14	0	14	0.00000
Pletoitzamnavirus pescaderoense	3060633	S	11	0	11	0.00000
Bottigliavirus puteoliense	3427578	S	12	0	12	0.00000
Pandoravirus dulcis	1349409	S	116	1	117	0.00000
Pandoravirus quercus	2107709	S	100	17	117	0.00000
Pandoravirus neocaledonia	2107708	S	77	2	79	0.00000
Pandoravirus inopinatum	1605721	S	57	8	65	0.00000
Pandoravirus macleodensis	2107707	S	57	1	58	0.00000
Pandoravirus salinus	1349410	S	53	1	54	0.00000
Alphapithovirus sibericum	3426242	S	97	0	97	0.00000
Alphacedratvirus aljazairmassiliense	3426094	S	33	0	33	0.00000
Apis mellifera filamentous virus	1100043	S	54	0	54	0.00000
Sulfolobales Virus YNP2	1732180	S	11	0	11	0.00000
Pacmanvirus A23	1932881	S	83	0	83	0.00000
Acanthamoeba castellanii medusavirus	2080449	S	52	0	52	0.00000
Mollivirus sibericum	1678078	S	31	0	31	0.00000
Kaumoebavirus	1859492	S	30	0	30	0.00000
Chipapillomavirus 2	1177759	S	23	0	23	0.00000
Lambdapapillomavirus 1	181667	S	22	0	22	0.00000
Betapolyomavirus octipanos	2006158	S	23	0	23	0.00000
Petrochirus diogenes giant hermit crab associated circular virus	1692261	S	40	0	40	0.00000
Begomovirus cucumis	3426752	S	14	9	23	0.00000
Alphatorquevirus homin24	3048424	S	22	0	22	0.00000
Betatorquevirus homini9	3048407	S	19	0	19	0.00000
Wawtorquevirus crice2	3052821	S	11	0	11	0.00000
Anelloviridae sp.	2055263	S	10	0	10	0.00000
Gequatrovirus G4	1986034	S	31	0	31	0.00000
Gequatrovirus talmos	1910969	S	14	0	14	0.00000
Icerudivirus hveragerdiense	3429891	S	26	0	26	0.00000
