name	taxonomy_id	taxonomy_lvl	kraken_assigned_reads	added_reads	new_est_reads	fraction_total_reads
Hafnia	568	G	35519465	467549	35987014	0.20773
Edwardsiella	635	G	51749	131	51880	0.00030
Obesumbacterium	82982	G	3485	314	3799	0.00002
Serratia	613	G	28327128	486140	28813268	0.16632
Yersinia	629	G	70306	2410	72716	0.00042
Rahnella	34037	G	11530	38	11568	0.00007
Candidatus Fukatsuia	1927833	G	2416	11	2427	0.00001
Gibbsiella	929812	G	1692	5	1697	0.00001
Rouxiella	1565532	G	1640	5	1645	0.00001
Chania	1745211	G	1188	3	1191	0.00001
Ewingella	41201	G	840	2	842	0.00000
Nissabacter	1964366	G	422	1	423	0.00000
Chimaeribacter	2716544	G	356	3	359	0.00000
Citrobacter	544	G	18852953	699882	19552835	0.11286
Klebsiella	570	G	1017750	54508	1072258	0.00619
Buttiauxella	82976	G	1006482	2854	1009336	0.00583
Enterobacter	547	G	328366	32190	360556	0.00208
Escherichia	561	G	157481	356976	514457	0.00297
Salmonella	590	G	76292	65660	141952	0.00082
Dryocola	3021684	G	47250	243	47493	0.00027
Lelliottia	1330545	G	43216	967	44183	0.00026
Cedecea	158483	G	38862	152	39014	0.00023
Kosakonia	1330547	G	36991	344	37335	0.00022
Leclercia	83654	G	28727	1122	29849	0.00017
Kluyvera	579	G	24107	493	24600	0.00014
Cronobacter	413496	G	18476	136	18612	0.00011
Atlantibacter	1903434	G	7459	103	7562	0.00004
Yokenella	158876	G	6198	93	6291	0.00004
Pseudocitrobacter	1504576	G	5669	156	5825	0.00003
Phytobacter	447792	G	5620	327	5947	0.00003
Franconibacter	1649295	G	5536	13	5549	0.00003
Scandinavium	2726810	G	5120	20	5140	0.00003
Siccibacter	1649298	G	4336	21	4357	0.00003
Symbiopectobacterium	801	G	1443	6	1449	0.00001
Candidatus Blochmanniella	203804	G	1156	1	1157	0.00001
Candidatus Westeberhardia	1699619	G	114	276	390	0.00000
Candidatus Williamhamiltonella	568987	G	129	0	129	0.00000
Candidatus Regiella	568988	G	78	62	140	0.00000
Candidatus Hartigia	1449912	G	176	1	177	0.00000
Candidatus Annandia	1302410	G	162	11	173	0.00000
Candidatus Doolittlea	1906657	G	133	1	134	0.00000
Candidatus Purcelliella	472825	G	125	2	127	0.00000
Candidatus Mikella	1906660	G	93	97	190	0.00000
Candidatus Tachikawaea	1682492	G	69	7	76	0.00000
Candidatus Hoaglandella	1906659	G	54	0	54	0.00000
Candidatus Gullanella	1906661	G	22	0	22	0.00000
Superficieibacter	2303321	G	4141	17	4158	0.00002
Mangrovibacter	451512	G	3421	68	3489	0.00002
Pluralibacter	1330546	G	2774	31	2805	0.00002
Pseudescherichia	2055880	G	2511	66	2577	0.00001
Shigella	620	G	2323	7693	10016	0.00006
Trabulsiella	158851	G	2287	47	2334	0.00001
Jejuibacter	2815296	G	1751	2	1753	0.00001
Shimwellia	1335483	G	1478	5	1483	0.00001
Candidatus Profftia	1177214	G	1356	4	1360	0.00001
Plesiomonas	702	G	1031	998	2029	0.00001
Candidatus Ishikawella	409304	G	662	0	662	0.00000
Candidatus Curculioniphilus	690591	G	380	0	380	0.00000
Candidatus Gillettellia	1177217	G	146	0	146	0.00000
Candidatus Schneideria	1081630	G	87	0	87	0.00000
Candidatus Moranella	1048757	G	70	0	70	0.00000
Candidatus Riesia	401618	G	52	0	52	0.00000
Candidatus Psyllophila	3682497	G	43	0	43	0.00000
Providencia	586	G	1346286	105407	1451693	0.00838
Proteus	583	G	57720	1304	59024	0.00034
Morganella	581	G	11442	183	11625	0.00007
Arsenophonus	637	G	8587	8	8595	0.00005
Moellerella	158848	G	6544	172	6716	0.00004
Xenorhabdus	626	G	6405	5	6410	0.00004
Photorhabdus	29487	G	4145	1	4146	0.00002
Erwinia	551	G	118964	2232	121196	0.00070
Pantoea	53335	G	34825	585	35410	0.00020
Buchnera	32199	G	5395	151	5546	0.00003
Mixta	2100764	G	1494	82	1576	0.00001
Paramixta	3231896	G	1241	16	1257	0.00001
Tatumella	82986	G	1045	5	1050	0.00001
Winslowiella	2997349	G	1045	12	1057	0.00001
Duffyella	3026546	G	658	31	689	0.00000
Wigglesworthia	51228	G	29	0	29	0.00000
Pectobacterium	122277	G	39931	535	40466	0.00023
Dickeya	204037	G	16590	304	16894	0.00010
Brenneria	71655	G	8581	69	8650	0.00005
Lonsdalea	1082702	G	397	2	399	0.00000
Musicola	2884243	G	338	5	343	0.00000
Prodigiosinella	3059405	G	178	99	277	0.00000
Sodalis	84565	G	2978	2	2980	0.00002
Pragia	82984	G	668	19	687	0.00000
Leminorella	82980	G	558	1	559	0.00000
Limnobaculum	2172100	G	527	10	537	0.00000
Gallaecimonas	745410	G	385	49	434	0.00000
Stenotrophomonas	40323	G	26838089	352682	27190771	0.15695
Xanthomonas	338	G	82661	502	83163	0.00048
Pseudoxanthomonas	83618	G	33150	198	33348	0.00019
Lysobacter	68	G	19337	110	19447	0.00011
Luteimonas	83614	G	11332	26	11358	0.00007
Thermomonas	141948	G	5189	16	5205	0.00003
Marilutibacter	3382698	G	1500	3	1503	0.00001
Agrilutibacter	3382696	G	1213	4	1217	0.00001
Novilysobacter	3382699	G	1031	81	1112	0.00001
Arenimonas	490567	G	772	1	773	0.00000
Xylella	2370	G	593	1	594	0.00000
Solilutibacter	3382695	G	588	3	591	0.00000
Pseudoluteimonas	3382694	G	506	1	507	0.00000
Dyella	231454	G	5256	260	5516	0.00003
Rhodanobacter	75309	G	3749	232	3981	0.00002
Luteibacter	242605	G	3072	66	3138	0.00002
Tahibacter	1453544	G	1074	5	1079	0.00001
Dokdonella	323413	G	766	10	776	0.00000
Frateuria	70411	G	633	88	721	0.00000
Pseudolysobacter	2709666	G	190	0	190	0.00000
Ahniella	2233801	G	121	0	121	0.00000
Aerosticca	2707020	G	110	20	130	0.00000
Metallibacterium	1218803	G	28	0	28	0.00000
Marinicella	863253	G	386	0	386	0.00000
Pseudomonas	286	G	5784125	145537	5929662	0.03423
Halopseudomonas	2901189	G	317773	59233	377006	0.00218
Stutzerimonas	2901164	G	14742	1010	15752	0.00009
Metapseudomonas	3236656	G	11029	686	11715	0.00007
Ectopseudomonas	3236654	G	5313	1145	6458	0.00004
Aquipseudomonas	3236652	G	3761	285	4046	0.00002
Azotobacter	352	G	2391	112	2503	0.00001
Azorhizophilus	157913	G	323	122	445	0.00000
Thiopseudomonas	1654787	G	1091	5	1096	0.00001
Phytopseudomonas	3236657	G	752	39	791	0.00000
Entomomonas	2758906	G	740	0	740	0.00000
Geopseudomonas	3236655	G	670	39	709	0.00000
Permianibacter	1649479	G	249	0	249	0.00000
Denitrificimonas	2901261	G	119	1	120	0.00000
Marinobacter	2742	G	3226	6	3232	0.00002
Candidatus Njordibacter	3457297	G	854	0	854	0.00000
Pseudohongiella	1524249	G	198	0	198	0.00000
Ketobacter	2025617	G	108	0	108	0.00000
Acinetobacter	469	G	2550666	74188	2624854	0.01515
Psychrobacter	497	G	4603	33	4636	0.00003
Moraxella	475	G	2383	8	2391	0.00001
Faucicola	1604696	G	460	9	469	0.00000
Aquirhabdus	2824158	G	127	0	127	0.00000
Lwoffella	3444169	G	43	0	43	0.00000
Shewanella	22	G	24111	447	24558	0.00014
Parashewanella	2547964	G	528	4	532	0.00000
Psychrobium	1573826	G	161	2	163	0.00000
Pseudoalteromonas	53246	G	11676	1498	13174	0.00008
Psychrosphaera	907197	G	400	26	426	0.00000
Flocculibacter	2834759	G	167	2	169	0.00000
Alteromonas	226	G	4434	231	4665	0.00003
Salinimonas	288793	G	348	40	388	0.00000
Paraglaciecola	1621534	G	1412	49	1461	0.00001
Catenovulum	1172191	G	1200	9	1209	0.00001
Agarivorans	261825	G	969	8	977	0.00001
Alkalimarinus	1858563	G	735	2	737	0.00000
Alishewanella	111142	G	538	34	572	0.00000
Brumicola	3160924	G	470	17	487	0.00000
Halioxenophilus	2108524	G	380	6	386	0.00000
Ningiella	2751156	G	257	5	262	0.00000
Saccharobesus	2894574	G	244	1	245	0.00000
Planctobacterium	2200736	G	159	5	164	0.00000
Paraneptunicella	2905123	G	150	2	152	0.00000
Saliniradius	2661818	G	145	4	149	0.00000
Lacimicrobium	1751872	G	94	2	96	0.00000
Hydrocarboniclastica	2650549	G	82	0	82	0.00000
Neptunicella	2125985	G	67	2	69	0.00000
Aliiglaciecola	1406885	G	66	6	72	0.00000
Thalassotalea	1518149	G	3625	239	3864	0.00002
Colwellia	28228	G	2050	322	2372	0.00001
Thalassomonas	137583	G	444	18	462	0.00000
Cognaticolwellia	2848171	G	264	160	424	0.00000
Pseudocolwellia	2848177	G	228	24	252	0.00000
Litorilituus	1407056	G	127	9	136	0.00000
Psychromonas	67572	G	1375	8	1383	0.00001
Idiomarina	135575	G	911	36	947	0.00001
Pseudidiomarina	2800384	G	362	8	370	0.00000
Moritella	58050	G	757	34	791	0.00000
Ferrimonas	44011	G	441	6	447	0.00000
Motilimonas	1914248	G	291	3	294	0.00000
Aegicerorhabdus	3614798	G	225	1	226	0.00000
Halomonas	2745	G	7485	534	8019	0.00005
Vreelandella	3137766	G	6504	1187	7691	0.00004
Kushneria	504090	G	1284	1	1285	0.00001
Salinicola	404432	G	1113	36	1149	0.00001
Cobetia	204286	G	973	12	985	0.00001
Chromohalobacter	42054	G	301	18	319	0.00000
Billgrantia	3137761	G	275	71	346	0.00000
Halotalea	376488	G	268	1	269	0.00000
Bisbaumannia	3137762	G	247	9	256	0.00000
Candidatus Carsonella	114185	G	106	4	110	0.00000
Zymobacter	33073	G	96	2	98	0.00000
Pistricoccus	1897649	G	75	0	75	0.00000
Marinomonas	28253	G	4965	80	5045	0.00003
Marinobacterium	48075	G	929	24	953	0.00001
Neptuniibacter	459520	G	857	12	869	0.00001
Neptunomonas	75687	G	745	8	753	0.00000
Bermanella	599651	G	722	2	724	0.00000
Thalassolituus	187492	G	703	46	749	0.00000
Venatoribacter	2893036	G	449	35	484	0.00000
Aliamphritea	3018276	G	431	6	437	0.00000
Amphritea	515417	G	375	4	379	0.00000
Bacterioplanoides	2066071	G	326	5	331	0.00000
Nitrincola	267849	G	287	4	291	0.00000
Motiliproteus	1775292	G	143	2	145	0.00000
Marinospirillum	64968	G	66	2	68	0.00000
Bacterioplanes	1537406	G	52	1	53	0.00000
Hahella	158481	G	7495	61	7556	0.00004
Allohahella	1855402	G	62	0	62	0.00000
Thermohahella	3449104	G	46	1	47	0.00000
Endozoicomonas	305899	G	1547	45	1592	0.00001
Alloalcanivorax	3020832	G	584	21	605	0.00000
Alcanivorax	59753	G	487	16	503	0.00000
Isoalcanivorax	3020833	G	443	10	453	0.00000
Aliikangiella	1920241	G	832	0	832	0.00000
Pleionea	1502941	G	357	0	357	0.00000
Marinicellulosiphila	3414216	G	509	2	511	0.00000
Reinekea	230494	G	203	0	203	0.00000
Gynuella	1445504	G	123	0	123	0.00000
Saccharospirillum	231683	G	96	1	97	0.00000
Salinispirillum	1649491	G	49	0	49	0.00000
Pokkaliibacter	2301194	G	161	0	161	0.00000
Spartinivicinus	2768738	G	159	2	161	0.00000
Oleiphilus	141450	G	93	1	94	0.00000
Litorivicinus	418700	G	59	0	59	0.00000
Vibrio	662	G	30024	679	30703	0.00018
Photobacterium	657	G	4090	187	4277	0.00002
Salinivibrio	51366	G	875	14	889	0.00001
Aliivibrio	511678	G	707	49	756	0.00000
Grimontia	246861	G	407	5	412	0.00000
Paraphotobacterium	2042066	G	244	3	247	0.00000
Enterovibrio	188143	G	184	2	186	0.00000
Thaumasiovibrio	2014233	G	128	3	131	0.00000
Parasalinivibrio	3378804	G	91	1	92	0.00000
Cellvibrio	10	G	25708	144	25852	0.00015
Teredinibacter	2425	G	905	15	920	0.00001
Gilvimarinus	940550	G	687	13	700	0.00000
Saccharophagus	316625	G	541	20	561	0.00000
Simiduia	447467	G	434	1	435	0.00000
Agaribacterium	2038244	G	358	5	363	0.00000
Agarilytica	2036021	G	334	4	338	0.00000
Marinimicrobium	359337	G	330	5	335	0.00000
Marinagarivorans	1792291	G	255	11	266	0.00000
Maricurvus	1122283	G	170	0	170	0.00000
Microbulbifer	48073	G	3740	37	3777	0.00002
Congregibacter	393661	G	363	19	382	0.00000
Halioglobus	1217416	G	245	2	247	0.00000
Kineobactrum	2678529	G	98	0	98	0.00000
Luminiphilus	1341118	G	66	0	66	0.00000
Aequoribacter	2847769	G	59	0	59	0.00000
Candidatus Paraluminiphilus	3040948	G	44	0	44	0.00000
Spongiibacter	630749	G	351	35	386	0.00000
Oceanicoccus	1084558	G	111	0	111	0.00000
Zhongshania	1434050	G	56	1	57	0.00000
Porticoccus	1123967	G	139	1	140	0.00000
Rickettsiella	59195	G	13017	0	13017	0.00008
Coxiella	776	G	1351	2173	3524	0.00002
Aquicella	254245	G	1191	0	1191	0.00001
Candidiatus Paracoxiella	3405119	G	576	15	591	0.00000
Legionella	445	G	14747	326	15073	0.00009
Fluoribacter	461	G	292	10	302	0.00000
Haemophilus	724	G	3026	148	3174	0.00002
Actinobacillus	713	G	1820	122	1942	0.00001
Pasteurella	745	G	1697	838	2535	0.00001
Mannheimia	75984	G	1222	48	1270	0.00001
Avibacterium	292486	G	888	99	987	0.00001
Gallibacterium	155493	G	777	41	818	0.00000
Aggregatibacter	416916	G	751	49	800	0.00000
Vespertiliibacter	1520333	G	742	16	758	0.00000
Lonepinella	53416	G	729	8	737	0.00000
Glaesserella	2094023	G	504	65	569	0.00000
Histophilus	214906	G	497	41	538	0.00000
Rodentibacter	1960084	G	488	23	511	0.00000
Mergibacter	2899790	G	475	4	479	0.00000
Testudinibacter	1755672	G	447	3	450	0.00000
Phocoenobacter	146805	G	286	105	391	0.00000
Otariodibacter	1249016	G	234	4	238	0.00000
Basfia	697331	G	131	0	131	0.00000
Bibersteinia	476528	G	115	8	123	0.00000
Bisgaardia	109471	G	73	1	74	0.00000
Frederiksenia	1649317	G	70	2	72	0.00000
Aeromonas	642	G	10717	209	10926	0.00006
Zobellella	347533	G	1475	35	1510	0.00001
Oceanimonas	129577	G	534	25	559	0.00000
Oceanisphaera	225143	G	440	0	440	0.00000
Tolumonas	43947	G	180	1	181	0.00000
Dongshaea	2802288	G	173	0	173	0.00000
Pseudaeromonas	1929090	G	92	0	92	0.00000
Succinivibrio	83770	G	272	0	272	0.00000
Rheinheimera	67575	G	1390	3	1393	0.00001
Thiorhodovibrio	61593	G	1323	8	1331	0.00001
Allochromatium	85072	G	1103	15	1118	0.00001
Nitrosococcus	1227	G	817	0	817	0.00000
Candidatus Nitrosacidococcus	2796146	G	587	1	588	0.00000
Thiocapsa	1056	G	352	3	355	0.00000
Thiocystis	13724	G	270	2	272	0.00000
Marichromatium	85076	G	232	6	238	0.00000
Thiodictyon	53392	G	215	0	215	0.00000
Thioflavicoccus	156885	G	132	0	132	0.00000
Caldichromatium	2828366	G	99	0	99	0.00000
Candidatus Nitrosoglobus	1980513	G	78	0	78	0.00000
Thermochromatium	85073	G	53	0	53	0.00000
Thioalkalivibrio	106633	G	590	4	594	0.00000
Acidihalobacter	1765964	G	551	3	554	0.00000
Alkalilimnicola	133193	G	396	4	400	0.00000
Halorhodospira	85108	G	344	0	344	0.00000
Spiribacter	1335745	G	291	1	292	0.00000
Ectothiorhodospira	1051	G	257	2	259	0.00000
Sediminicurvatus	3383961	G	172	0	172	0.00000
Ectothiorhodosinus	233099	G	99	1	100	0.00000
Aquisalimonas	406099	G	84	0	84	0.00000
Candidatus Endoriftia	393764	G	251	2	253	0.00000
Candidatus Thiodiazotropha	1913444	G	249	1	250	0.00000
Thiosocius	2780488	G	154	0	154	0.00000
Magnetovirga	3425870	G	148	0	148	0.00000
Sedimenticola	349742	G	72	0	72	0.00000
Thiolapillus	1608298	G	58	0	58	0.00000
Granulosicoccus	437504	G	224	0	224	0.00000
Sulfuriflexus	1860077	G	87	0	87	0.00000
Halothiobacillus	109262	G	289	2	291	0.00000
Wenzhouxiangella	1676142	G	233	0	233	0.00000
Guyparkeria	2035712	G	213	2	215	0.00000
Thiomicrorhabdus	2039723	G	1884	10	1894	0.00001
Methylophaga	40222	G	1183	3	1186	0.00001
Thiomicrospira	933	G	883	11	894	0.00001
Piscirickettsia	1237	G	882	0	882	0.00001
Cycloclasticus	34067	G	476	0	476	0.00000
Hydrogenovibrio	28884	G	420	174	594	0.00000
Thiosulfativibrio	2781120	G	342	2	344	0.00000
Thiosulfatimonas	2781121	G	60	0	60	0.00000
Francisella	262	G	2436	139	2575	0.00001
Allofrancisella	1869285	G	442	20	462	0.00000
Thiothrix	1030	G	925	0	925	0.00001
Beggiatoa	1021	G	614	0	614	0.00000
Cysteiniphilum	2056696	G	284	11	295	0.00000
Methylomonas	416	G	3075	37	3112	0.00002
Methylococcus	413	G	1910	33	1943	0.00001
Methylobacter	429	G	1513	80	1593	0.00001
Methylocaldum	73778	G	968	28	996	0.00001
Methyloprofundus	1565313	G	512	9	521	0.00000
Methylotuvimicrobium	2822410	G	508	18	526	0.00000
Methylovulum	762296	G	289	2	291	0.00000
Methylomarinum	1221209	G	259	13	272	0.00000
Methylogaea	1295378	G	248	6	254	0.00000
Methylomicrobium	39773	G	223	10	233	0.00000
Candidatus Methylospira	1808977	G	168	4	172	0.00000
Methylomagnum	1760987	G	118	0	118	0.00000
Candidatus Methylocalor	3135206	G	109	0	109	0.00000
Methylomarinovum	1486720	G	90	0	90	0.00000
Gilliamella	1193503	G	2756	38	2794	0.00002
Orbus	743714	G	2215	26	2241	0.00001
Utexia	3373510	G	616	5	621	0.00000
Frischella	1335631	G	293	12	305	0.00000
Zophobihabitans	2894762	G	192	1	193	0.00000
Flagellatimonas	2893022	G	751	25	776	0.00000
Hydrocarboniphaga	243627	G	641	15	656	0.00000
Solimonas	413435	G	640	8	648	0.00000
Nevskia	64001	G	253	10	263	0.00000
Sinimarinibacterium	1861863	G	208	2	210	0.00000
Algiphilus	1266053	G	294	1	295	0.00000
Candidatus Ruthturnera	1541743	G	470	17	487	0.00000
Candidatus Pseudothioglobus	2841677	G	461	106	567	0.00000
Candidatus Thioglobus	655184	G	255	47	302	0.00000
Candidatus Vesicomyidisocius	2732587	G	142	1	143	0.00000
Candidatus Thiodubiliella	2738885	G	45	2	47	0.00000
Celerinatantimonas	412033	G	399	230	629	0.00000
Candidatus Vondammii	2686004	G	82	0	82	0.00000
Candidatus Palibaumannia	198346	G	261	0	261	0.00000
Candidatus Azoamicus	2817383	G	109	0	109	0.00000
Candidatus Reidiella	2738850	G	45	0	45	0.00000
Candidatus Steffania	1076625	G	38	0	38	0.00000
Candidatus Nardonella	204619	G	16	0	16	0.00000
Kangiella	261963	G	1193	0	1193	0.00001
Ignatzschineria	112008	G	530	2	532	0.00000
Wohlfahrtiimonas	582472	G	113	0	113	0.00000
Cardiobacterium	2717	G	177	0	177	0.00000
Suttonella	13275	G	44	0	44	0.00000
Dichelobacter	869	G	28	0	28	0.00000
Acidiferrobacter	986106	G	329	1	330	0.00000
Sulfurifustis	1692042	G	178	1	179	0.00000
Sulfuricaulis	1744881	G	87	0	87	0.00000
Steroidobacter	469322	G	378	1	379	0.00000
Salinisphaera	180541	G	279	277	556	0.00000
Candidatus Rariloculus ( ex Nguyen 2022)	2978114	G	258	0	258	0.00000
Thiohalobacter	1273155	G	214	0	214	0.00000
Immundisolibacter	1934947	G	186	0	186	0.00000
Candidatus Spongiihabitans	3033996	G	133	0	133	0.00000
Candidatus Comchoanobacter	2975286	G	124	0	124	0.00000
Sulfurivermis	2034504	G	113	0	113	0.00000
Candidatus Portiera	235572	G	110	0	110	0.00000
Woeseia	1738655	G	73	0	73	0.00000
Candidatus Foliamicus	3023563	G	49	0	49	0.00000
Comamonas	283	G	15262620	123128	15385748	0.08881
Delftia	80865	G	1146580	42651	1189231	0.00686
Variovorax	34072	G	229786	1760	231546	0.00134
Acidovorax	12916	G	81382	1040	82422	0.00048
Hydrogenophaga	47420	G	40703	713	41416	0.00024
Diaphorobacter	238749	G	13342	712	14054	0.00008
Rhodoferax	28065	G	9151	71	9222	0.00005
Ottowia	219181	G	5327	91	5418	0.00003
Polaromonas	52972	G	4652	11	4663	0.00003
Alicycliphilus	201096	G	4104	292	4396	0.00003
Paracidovorax	3051137	G	3838	149	3987	0.00002
Limnohabitans	665874	G	2775	12	2787	0.00002
Ramlibacter	174951	G	2435	16	2451	0.00001
Vandammella	2919468	G	1832	4	1836	0.00001
Paenacidovorax	3051138	G	1686	31	1717	0.00001
Brachymonas	28219	G	1321	7	1328	0.00001
Melaminivora	1649468	G	1241	26	1267	0.00001
Verminephrobacter	364316	G	1132	3	1135	0.00001
Serpentinimonas	2490452	G	1112	5	1117	0.00001
Pulveribacter	2678886	G	697	8	705	0.00000
Hylemonella	232523	G	506	2	508	0.00000
Simplicispira	352450	G	457	8	465	0.00000
Curvibacter	281915	G	198	5	203	0.00000
Candidatus Symbiobacter	1436289	G	102	0	102	0.00000
Alcaligenes	507	G	1482553	14746	1497299	0.00864
Achromobacter	222	G	1077692	23256	1100948	0.00636
Bordetella	517	G	21602	411	22013	0.00013
Castellaniella	359336	G	3497	25	3522	0.00002
Pigmentiphaga	152267	G	3413	20	3433	0.00002
Advenella	290425	G	2931	11	2942	0.00002
Pollutimonas	2987599	G	1609	37	1646	0.00001
Orrella	1921582	G	1359	18	1377	0.00001
Kerstersia	257820	G	1345	13	1358	0.00001
Neopusillimonas	2987605	G	1161	24	1185	0.00001
Parapusillimonas	1403714	G	1113	32	1145	0.00001
Paralcaligenes	1148163	G	626	2	628	0.00000
Pusillimonas	305976	G	611	6	617	0.00000
Pelistega	106146	G	360	2	362	0.00000
Basilea	1472344	G	254	1	255	0.00000
Oligella	90243	G	245	1	246	0.00000
Taylorella	29574	G	225	21	246	0.00000
Ampullimonas	1920247	G	165	1	166	0.00000
Paenalcaligenes	1100891	G	85	0	85	0.00000
Duganella	75654	G	46755	3378	50133	0.00029
Massilia	149698	G	11422	912	12334	0.00007
Pseudoduganella	1522432	G	7212	542	7754	0.00004
Telluria	34069	G	1048	229	1277	0.00001
Rugamonas	212744	G	694	96	790	0.00000
Herminiimonas	303379	G	32235	713	32948	0.00019
Herbaspirillum	963	G	9009	236	9245	0.00005
Janthinobacterium	29580	G	7388	369	7757	0.00004
Collimonas	202907	G	4963	110	5073	0.00003
Undibacterium	401469	G	2170	36	2206	0.00001
Noviherbaspirillum	1344552	G	1248	25	1273	0.00001
Glaciimonas	1229970	G	873	29	902	0.00001
Actimicrobium	1051898	G	722	30	752	0.00000
Oxalobacter	846	G	585	6	591	0.00000
Affinundibacterium	3078230	G	416	6	422	0.00000
Neoundibacterium	3078232	G	303	13	316	0.00000
Candidatus Zinderia	884214	G	10	0	10	0.00000
Burkholderia	32008	G	23565	2805	26370	0.00015
Cupriavidus	106589	G	23041	992	24033	0.00014
Paraburkholderia	1822464	G	15689	592	16281	0.00009
Ralstonia	48736	G	9260	492	9752	0.00006
Polynucleobacter	44013	G	6683	9	6692	0.00004
Pandoraea	93217	G	3828	145	3973	0.00002
Caballeronia	1827195	G	3230	242	3472	0.00002
Pararobbsia	2718863	G	672	8	680	0.00000
Trinickia	2571160	G	605	19	624	0.00000
Imbroritus	3422601	G	446	23	469	0.00000
Limnobacter	131079	G	425	5	430	0.00000
Mycetohabitans	2571159	G	394	2	396	0.00000
Mycoavidus	1810868	G	386	1	387	0.00000
Robbsia	2038280	G	359	4	363	0.00000
Lautropia	47670	G	327	2	329	0.00000
Candidatus Vallotiella	2018044	G	121	0	121	0.00000
Ephemeroptericola	2680021	G	46	0	46	0.00000
Roseateles	93681	G	10075	198	10273	0.00006
Piscinibacter	1114981	G	2322	28	2350	0.00001
Sphaerotilus	34102	G	1617	63	1680	0.00001
Methylibium	316612	G	1494	44	1538	0.00001
Rubrivivax	28067	G	1364	49	1413	0.00001
Caldimonas	196013	G	1186	37	1223	0.00001
Leptothrix	88	G	995	68	1063	0.00001
Aquincola	391952	G	923	84	1007	0.00001
Ideonella	36862	G	364	20	384	0.00000
Inhella	644355	G	198	4	202	0.00000
Azohydromonas	312063	G	15	0	15	0.00000
Xylophilus	54066	G	1583	14	1597	0.00001
Aquabacterium	92793	G	1393	14	1407	0.00001
Thiomonas	32012	G	750	1	751	0.00000
Eleftheria	1597779	G	697	6	703	0.00000
Rhizobacter	212743	G	643	5	648	0.00000
Tepidimonas	114248	G	372	9	381	0.00000
Piscinibacterium	2066914	G	285	0	285	0.00000
Candidatus Ichthyocystis	2929841	G	130	0	130	0.00000
Sutterella	40544	G	317	1	318	0.00000
Turicimonas	1918598	G	166	0	166	0.00000
Duodenibacillus	1980697	G	35	0	35	0.00000
Vitreoscilla	59	G	5639	103	5742	0.00003
Neisseria	482	G	3920	297	4217	0.00002
Kingella	32257	G	547	38	585	0.00000
Snodgrassella	1193515	G	469	5	474	0.00000
Simonsiella	71	G	331	10	341	0.00000
Eikenella	538	G	326	15	341	0.00000
Alysiella	194195	G	255	8	263	0.00000
Wielerella	2944815	G	196	5	201	0.00000
Paralysiella	2898489	G	163	3	166	0.00000
Uruburuella	299568	G	140	3	143	0.00000
Crenobacter	1654931	G	139	7	146	0.00000
Aquella	2593687	G	67	0	67	0.00000
Conchiformibius	334107	G	50	0	50	0.00000
Bergeriella	334108	G	49	4	53	0.00000
Morococcus	212742	G	10	34	44	0.00000
Chromobacterium	535	G	3300	126	3426	0.00002
Vogesella	57739	G	680	30	710	0.00000
Paludibacterium	400060	G	632	17	649	0.00000
Aquitalea	407217	G	555	35	590	0.00000
Pseudogulbenkiania	568394	G	344	23	367	0.00000
Chitinibacter	230666	G	1239	20	1259	0.00001
Jeongeupia	885864	G	962	12	974	0.00001
Chitinimonas	240411	G	905	9	914	0.00001
Chitiniphilus	585890	G	732	12	744	0.00000
Iodobacter	32014	G	460	7	467	0.00000
Deefgea	400947	G	412	8	420	0.00000
Chitinolyticbacter	1055692	G	231	3	234	0.00000
Silvimonas	300264	G	169	0	169	0.00000
Chitinirhabdus	3683957	G	92	1	93	0.00000
Microvirgula	57479	G	567	9	576	0.00000
Aquaspirillum	187	G	315	5	320	0.00000
Laribacter	168470	G	224	8	232	0.00000
Thauera	33057	G	3039	153	3192	0.00002
Azoarcus	12960	G	1751	109	1860	0.00001
Nitrogeniibacter	2891294	G	475	4	479	0.00000
Parazoarcus	2891322	G	298	11	309	0.00000
Pseudazoarcus	2891323	G	174	2	176	0.00000
Pseudothauera	2891324	G	115	3	118	0.00000
Niveibacterium	1769726	G	885	6	891	0.00001
Azospira	146937	G	809	47	856	0.00000
Aromatoleum	551759	G	803	33	836	0.00000
Oryzomicrobium	1911577	G	219	18	237	0.00000
Dechloromonas	73029	G	934	100	1034	0.00001
Ferribacterium	88875	G	445	11	456	0.00000
Quatrionicoccus	138117	G	395	22	417	0.00000
Azonexus	146936	G	353	68	421	0.00000
Fluviibacter	2808942	G	183	1	184	0.00000
Candidatus Methylopumilus	1679002	G	1144	90	1234	0.00001
Methylophilus	16	G	678	36	714	0.00000
Methylotenera	359407	G	379	41	420	0.00000
Methylobacillus	404	G	326	25	351	0.00000
Methylovorus	81682	G	254	10	264	0.00000
Methyloradius	2872156	G	203	17	220	0.00000
Nitrosomonas	914	G	1776	44	1820	0.00001
Nitrosospira	35798	G	273	5	278	0.00000
Candidatus Nitrotoga	453161	G	568	10	578	0.00000
Ferrigenium	2249462	G	205	7	212	0.00000
Sideroxydans	314343	G	201	6	207	0.00000
Gallionella	96	G	180	7	187	0.00000
Sideroxyarcus	2943286	G	108	5	113	0.00000
Ferriphaselus	1443590	G	55	1	56	0.00000
Methyloversatilis	378210	G	451	5	456	0.00000
Denitratisoma	311181	G	252	13	265	0.00000
Sulfuricystis	3050898	G	187	7	194	0.00000
Sulfuritalea	1054211	G	143	3	146	0.00000
Sterolibacterium	157591	G	79	0	79	0.00000
Rugosibacter	1914449	G	55	1	56	0.00000
Sulfuriferula	1778653	G	630	13	643	0.00000
Sulfurimicrobium	2772198	G	79	1	80	0.00000
Sulfuricella	935200	G	62	1	63	0.00000
Thiobacillus	919	G	473	11	484	0.00000
Sulfuritortus	1938335	G	68	6	74	0.00000
Usitatibacter	2803845	G	487	1	488	0.00000
Candidatus Kinetoplastidibacterium	33055	G	432	3	435	0.00000
Candidatus Vidania	1191175	G	255	3	258	0.00000
Casimicrobium	2706000	G	222	1	223	0.00000
Chitinivorax	1433992	G	210	1	211	0.00000
Candidatus Profftella	1381133	G	138	0	138	0.00000
Candidatus Accumulibacter	327159	G	134	0	134	0.00000
Candidatus Nasuia	1301080	G	19	0	19	0.00000
Ferrovum	416212	G	53	0	53	0.00000
Brucella	234	G	754528	68852	823380	0.00475
Ochrobactrum	528	G	24579	52141	76720	0.00044
Pseudochrobactrum	354349	G	179237	2218	181455	0.00105
Agrobacterium	357	G	471306	54838	526144	0.00304
Rhizobium	379	G	233338	28228	261566	0.00151
Pararhizobium	1612611	G	50598	1368	51966	0.00030
Neorhizobium	1525371	G	13851	185	14036	0.00008
Pseudorhizobium	1903858	G	827	22	849	0.00000
Allorhizobium	78526	G	166	86	252	0.00000
Shinella	323620	G	126490	3035	129525	0.00075
Sinorhizobium	28105	G	30989	1109	32098	0.00019
Ensifer	106591	G	19852	1138	20990	0.00012
Hoeflea	274591	G	4358	28	4386	0.00003
Affinirhizobium	3070964	G	1213	19	1232	0.00001
Georhizobium	2661800	G	1183	6	1189	0.00001
Peteryoungia	2853332	G	1066	9	1075	0.00001
Paenirhizobium	3070963	G	1026	59	1085	0.00001
Terrirhizobium	3464117	G	906	8	914	0.00001
Ciceribacter	1648508	G	801	5	806	0.00000
Liberibacter	34019	G	200	1	201	0.00000
Lentilitoribacter	1649463	G	139	0	139	0.00000
Mesorhizobium	68287	G	411217	12295	423512	0.00244
Aminobacter	31988	G	389096	30774	419870	0.00242
Nitratireductor	245876	G	12465	188	12653	0.00007
Terribium	3143704	G	7923	647	8570	0.00005
Phyllobacterium	28100	G	7342	32	7374	0.00004
Aquibium	2911176	G	5117	65	5182	0.00003
Aquamicrobium	69278	G	2637	5	2642	0.00002
Chelativorans	449972	G	1819	47	1866	0.00001
Devosia	46913	G	136519	1651	138170	0.00080
Pelagibacterium	1082930	G	4071	230	4301	0.00002
Paradevosia	1573407	G	3397	49	3446	0.00002
Mariluticola	3064792	G	487	1	488	0.00000
Maritalea	623276	G	184	0	184	0.00000
Bosea	85413	G	81080	1089	82169	0.00047
Bradyrhizobium	374	G	48972	1039	50011	0.00029
Rhodopseudomonas	1073	G	4316	422	4738	0.00003
Tardiphaga	1395974	G	3017	131	3148	0.00002
Afipia	1033	G	1789	473	2262	0.00001
Nitrobacter	911	G	1164	19	1183	0.00001
Rugositalea	3466653	G	430	2	432	0.00000
Variibacter	1649510	G	275	1	276	0.00000
Methylobacterium	407	G	37149	712	37861	0.00022
Microvirga	186650	G	3975	9	3984	0.00002
Methylorubrum	2282523	G	2806	206	3012	0.00002
Kaistia	166953	G	21066	112	21178	0.00012
Bauldia	1145345	G	524	0	524	0.00000
Roseibium	150830	G	4914	830	5744	0.00003
Stappia	152161	G	2872	52	2924	0.00002
Pannonibacter	227873	G	1835	114	1949	0.00001
Breoghania	1406135	G	1484	3	1487	0.00001
Labrenzia	478070	G	546	297	843	0.00000
Pseudovibrio	258255	G	324	0	324	0.00000
Ancylobacter	99	G	3795	164	3959	0.00002
Labrys	204476	G	2714	45	2759	0.00002
Xanthobacter	279	G	2045	112	2157	0.00001
Starkeya	152053	G	835	8	843	0.00000
Pseudolabrys	556257	G	739	2	741	0.00000
Azorhizobium	6	G	566	7	573	0.00000
Aquabacter	45402	G	540	3	543	0.00000
Aureimonas	414371	G	4863	168	5031	0.00003
Martelella	293088	G	3294	71	3365	0.00002
Aurantimonas	182269	G	702	44	746	0.00000
Antarcticirhabdus	3042730	G	664	47	711	0.00000
Jiella	1775688	G	480	12	492	0.00000
Methylocystis	133	G	2823	34	2857	0.00002
Methylosinus	425	G	861	17	878	0.00001
Bartonella	773	G	3567	5	3572	0.00002
Oricola	1594166	G	1763	23	1786	0.00001
Roseitalea	1915401	G	787	26	813	0.00000
Oceaniradius	2679892	G	712	49	761	0.00000
Ahrensia	152180	G	134	0	134	0.00000
Hyphomicrobium	81	G	2180	9	2189	0.00001
Rhodomicrobium	1068	G	409	2	411	0.00000
Methyloceanibacter	1484898	G	291	0	291	0.00000
Methyloligella	1485594	G	200	0	200	0.00000
Filomicrobium	119044	G	107	1	108	0.00000
Phreatobacter	1632780	G	2616	7	2623	0.00002
Parvibaculum	256616	G	594	12	606	0.00000
Pyruvatibacter	1742974	G	546	5	551	0.00000
Kaustia	2838250	G	454	0	454	0.00000
Tepidicaulis	1742977	G	300	22	322	0.00000
Anderseniella	444432	G	223	1	224	0.00000
Candidatus Phaeomarinibacter	1541445	G	219	0	219	0.00000
Nordella	169055	G	699	0	699	0.00000
Enhydrobacter	212791	G	436	0	436	0.00000
Pseudorhodoplanes	1734920	G	433	0	433	0.00000
Terrihabitans	2874214	G	340	0	340	0.00000
Candidatus Endowatersipora	376743	G	29	0	29	0.00000
Candidatus Hodgkinia	573657	G	27	0	27	0.00000
Methylovirgula	1156568	G	811	12	823	0.00000
Methylocella	120652	G	531	9	540	0.00000
Methylocapsa	184923	G	420	9	429	0.00000
Beijerinckia	532	G	152	3	155	0.00000
Reyranella	445219	G	1918	2	1920	0.00001
Pleomorphomonas	261933	G	1476	20	1496	0.00001
Hartmannibacter	1572860	G	418	6	424	0.00000
Chelatococcus	28209	G	1389	7	1396	0.00001
Acuticoccus	1904377	G	1312	2	1314	0.00001
Blastochloris	59282	G	750	3	753	0.00000
Salinarimonas	690086	G	664	3	667	0.00000
Alsobacter	1502180	G	585	2	587	0.00000
Methyloraptor	3382645	G	556	2	558	0.00000
Terrirubrum	3142786	G	548	0	548	0.00000
Cohaesibacter	655352	G	522	0	522	0.00000
Chenggangzhangella	2041902	G	513	1	514	0.00000
Rhodoligotrophos	987053	G	468	0	468	0.00000
Lichenihabitans	2723776	G	418	0	418	0.00000
Afifella	643217	G	371	2	373	0.00000
Aestuariivirga	2650923	G	323	0	323	0.00000
Salaquimonas	2712688	G	281	0	281	0.00000
Coralliovum	3228940	G	280	0	280	0.00000
Brevundimonas	41275	G	1743255	26472	1769727	0.01022
Phenylobacterium	20	G	56362	287	56649	0.00033
Caulobacter	75	G	23572	125	23697	0.00014
Asticcacaulis	76890	G	2327	9	2336	0.00001
Terricaulis	2768684	G	228	0	228	0.00000
Sphingopyxis	165697	G	114000	3657	117657	0.00068
Sphingomonas	13687	G	50064	3629	53693	0.00031
Novosphingobium	165696	G	9323	925	10248	0.00006
Stakelama	1124625	G	585	30	615	0.00000
Sphingosinithalassobacter	2676233	G	269	8	277	0.00000
Citromicrobium	72173	G	230	18	248	0.00000
Alterisphingorhabdus (ex Yan et al. 2024)	3382518	G	200	0	200	0.00000
Parablastomonas	1654718	G	175	3	178	0.00000
Tardibacter	2685927	G	154	78	232	0.00000
Hankyongella	1763827	G	122	4	126	0.00000
Sphingobium	165695	G	17983	3621	21604	0.00012
Erythrobacter	1041	G	2953	266	3219	0.00002
Porphyrobacter	1111	G	906	92	998	0.00001
Qipengyuania	1855416	G	2670	240	2910	0.00002
Altererythrobacter	361177	G	1784	149	1933	0.00001
Caenibius	2827482	G	1212	127	1339	0.00001
Croceicoccus	1295327	G	1209	254	1463	0.00001
Tsuneonella	2800686	G	904	45	949	0.00001
Croceibacterium	2676755	G	836	57	893	0.00001
Aurantiacibacter	2800681	G	709	53	762	0.00000
Pelagerythrobacter	2800685	G	593	82	675	0.00000
Pseudoblastomonas	3423750	G	280	29	309	0.00000
Paraurantiacibacter	2800682	G	118	1	119	0.00000
Parerythrobacter	2800684	G	95	5	100	0.00000
Sphingorhabdus	1434046	G	1635	67	1702	0.00001
Parasphingorhabdus	2709685	G	1166	52	1218	0.00001
Novosphingopyxis	2709686	G	445	26	471	0.00000
Rhizorhabdus	1649486	G	1899	350	2249	0.00001
Alterirhizorhabdus	3423723	G	357	6	363	0.00000
Sphingosinicella	335405	G	1100	26	1126	0.00001
Glacieibacterium	2860235	G	391	71	462	0.00000
Polymorphobacter	1508451	G	264	54	318	0.00000
Sandaracinobacteroides	2883109	G	242	0	242	0.00000
Allosphingosinicella	2823232	G	817	7	824	0.00000
Sphingomicrobium	1227948	G	458	7	465	0.00000
Blastomonas	150203	G	695	7	702	0.00000
Zymomonas	541	G	490	7	497	0.00000
Parasphingopyxis	1234545	G	395	0	395	0.00000
Aquisediminimonas	2676781	G	153	0	153	0.00000
Paracoccus	265	G	64111	2025	66136	0.00038
Cereibacter	1653176	G	1838	153	1991	0.00001
Pseudooceanicola	1679449	G	1745	46	1791	0.00001
Thioclava	285107	G	1587	55	1642	0.00001
Tabrizicola	1443919	G	1421	203	1624	0.00001
Limimaricola	2211638	G	1025	35	1060	0.00001
Pukyongiella	2831925	G	860	95	955	0.00001
Yoonia	2211641	G	817	22	839	0.00000
Gemmobacter	204456	G	746	79	825	0.00000
Pseudogemmobacter	2663134	G	717	19	736	0.00000
Frigidibacter	1775705	G	707	83	790	0.00000
Rhodovulum	34008	G	703	50	753	0.00000
Tritonibacter	2083206	G	636	57	693	0.00000
Roseinatronobacter	121820	G	631	5	636	0.00000
Marinibacterium	1931200	G	595	18	613	0.00000
Haematobacter	366614	G	575	160	735	0.00000
Polymorphum	991903	G	429	32	461	0.00000
Pontivivens	1844015	G	427	19	446	0.00000
Albidovulum	205889	G	426	5	431	0.00000
Neotabrizicola	2946607	G	424	69	493	0.00000
Pelagovum	2795377	G	415	11	426	0.00000
Gymnodinialimonas	2937410	G	399	1	400	0.00000
Fuscovulum	2818469	G	386	60	446	0.00000
Paroceanicella	2683599	G	365	38	403	0.00000
Profundibacter	2778525	G	351	1	352	0.00000
Paragemmobacter	3143992	G	336	27	363	0.00000
Planktomarina	1284657	G	332	2	334	0.00000
Aliiroseovarius	1658781	G	300	6	306	0.00000
Amaricoccus	56999	G	278	5	283	0.00000
Parasedimentitalea	2738399	G	269	1	270	0.00000
Pacificitalea	2846749	G	266	26	292	0.00000
Abyssibius	3029205	G	265	3	268	0.00000
Pseudophaeobacter	1541822	G	257	31	288	0.00000
Roseicitreum	1209946	G	247	1	248	0.00000
Vannielia	2813041	G	240	2	242	0.00000
Pseudoroseicyclus	1813601	G	225	3	228	0.00000
Pikeienuella	2831955	G	221	4	225	0.00000
Falsirhodobacter	1434002	G	217	7	224	0.00000
Nioella	1775424	G	208	1	209	0.00000
Arenibacterium	2824249	G	207	16	223	0.00000
Qingshengfaniella	2816884	G	201	3	204	0.00000
Brevirhabdus	1855413	G	200	36	236	0.00000
Pseudorhodobacter	238783	G	198	3	201	0.00000
Marivivens	1759396	G	193	10	203	0.00000
Algicella	3050722	G	174	0	174	0.00000
Silicimonas	1955420	G	160	1	161	0.00000
Fontisubflavum	3118803	G	153	0	153	0.00000
Pseudopelagicola	1649483	G	122	0	122	0.00000
Cognatishimia	2211635	G	108	0	108	0.00000
Aestuariibius	2109360	G	97	0	97	0.00000
Amylibacter	1617805	G	41	0	41	0.00000
Sulfitobacter	60136	G	3979	106	4085	0.00002
Roseovarius	74030	G	2989	28	3017	0.00002
Leisingera	191028	G	2097	14	2111	0.00001
Celeribacter	875170	G	1974	157	2131	0.00001
Ketogulonicigenium	92944	G	1623	25	1648	0.00001
Ruegeria	97050	G	1407	54	1461	0.00001
Phaeobacter	302485	G	1216	29	1245	0.00001
Roseobacter	2433	G	1203	1	1204	0.00001
Salipiger	263377	G	957	44	1001	0.00001
Alloyangia	2919626	G	939	4	943	0.00001
Jannaschia	188905	G	730	1	731	0.00000
Pseudosulfitobacter	2854186	G	715	36	751	0.00000
Thalassovita	335927	G	710	2	712	0.00000
Roseivivax	93682	G	689	9	698	0.00000
Roseicyclus	336277	G	588	1	589	0.00000
Mameliella	1434019	G	546	6	552	0.00000
Sagittula	58842	G	492	14	506	0.00000
Marinovum	367771	G	456	6	462	0.00000
Tateyamaria	299261	G	413	0	413	0.00000
Rhodophyticola	2680018	G	404	0	404	0.00000
Shimia	573139	G	403	2	405	0.00000
Octadecabacter	53945	G	394	5	399	0.00000
Dinoroseobacter	309512	G	335	4833	5168	0.00003
Palleronia	315422	G	318	0	318	0.00000
Ponticoccus	983507	G	318	2	320	0.00000
Aliiphycobium	3479962	G	289	1	290	0.00000
Seohaeicola	481178	G	262	0	262	0.00000
Phycobium	3479963	G	250	0	250	0.00000
Loktanella	245186	G	250	1	251	0.00000
Actibacterium	1433986	G	214	20	234	0.00000
Tropicibacter	599653	G	213	0	213	0.00000
Thalassococcus	436357	G	202	0	202	0.00000
Thalassovivens	3680327	G	180	0	180	0.00000
Oceanicola	252301	G	176	0	176	0.00000
Aliisedimentitalea	1697958	G	167	1	168	0.00000
Marivita	659428	G	167	0	167	0.00000
Antarctobacter	74032	G	143	0	143	0.00000
Falsihalocynthiibacter	2854182	G	104	0	104	0.00000
Pelagimonas	1434029	G	100	0	100	0.00000
Thalassobacter	266808	G	84	0	84	0.00000
Nereida	282198	G	69	0	69	0.00000
Algirhabdus	3412738	G	60	0	60	0.00000
Lentibacter	1434014	G	58	0	58	0.00000
Rhodobacter	1060	G	2283	25	2308	0.00001
Azospirillum	191	G	8760	108	8868	0.00005
Skermanella	204447	G	1176	24	1200	0.00001
Niveispirillum	1543704	G	962	13	975	0.00001
Nitrospirillum	1543705	G	402	5	407	0.00000
Indioceanicola	2478349	G	241	4	245	0.00000
Magnetospirillum	13134	G	984	182	1166	0.00001
Ferrovibrio	1231242	G	750	1	751	0.00000
Rhodospirillum	1081	G	560	9	569	0.00000
Aerophototrophica	2811387	G	416	3	419	0.00000
Defluviicoccus	111830	G	207	1	208	0.00000
Pararhodospirillum	1612157	G	191	1	192	0.00000
Candidatus Endolissoclinum	1263978	G	53	0	53	0.00000
Thalassospira	168934	G	1609	11	1620	0.00001
Magnetospira	1182780	G	96	0	96	0.00000
Nisaea	390876	G	589	6	595	0.00000
Thalassobaculum	526215	G	511	6	517	0.00000
Pelagibius	643951	G	489	0	489	0.00000
Algihabitans	2821512	G	414	1	415	0.00000
Hypericibacter	2705399	G	784	2	786	0.00000
Allostella	93	G	566	1	567	0.00000
Zavarzinia	204446	G	415	0	415	0.00000
Caenispirillum	414051	G	239	1	240	0.00000
Haematospirillum	1804663	G	35	0	35	0.00000
Hwanghaeella	2605940	G	141	0	141	0.00000
Aestuariispira	1647175	G	128	0	128	0.00000
Paramagnetospirillum	3031148	G	170	73	243	0.00000
Terasakiella	196080	G	139	0	139	0.00000
Varunaivibrio	1866954	G	53	0	53	0.00000
Acetobacter	434	G	1554	99	1653	0.00001
Komagataeibacter	1434011	G	1239	74	1313	0.00001
Gluconobacter	441	G	540	10	550	0.00000
Lichenicola	2804525	G	503	2	505	0.00000
Lichenicoccus	2781897	G	497	2	499	0.00000
Pararoseomonas	2870712	G	463	55	518	0.00000
Rhodovastum	504465	G	442	3	445	0.00000
Nguyenibacter	1519186	G	437	2	439	0.00000
Granulibacter	364409	G	429	3	432	0.00000
Gluconacetobacter	89583	G	277	4	281	0.00000
Asaia	91914	G	266	14	280	0.00000
Acidibrevibacterium	2603324	G	211	6	217	0.00000
Rhodopila	1070	G	176	0	176	0.00000
Kozakia	153497	G	170	10	180	0.00000
Commensalibacter	1079922	G	154	1	155	0.00000
Novacetimonas	2919364	G	96	29	125	0.00000
Entomobacter	2811380	G	78	0	78	0.00000
Neoasaia	320496	G	64	1	65	0.00000
Oecophyllibacter	2791118	G	61	0	61	0.00000
Parasaccharibacter	1602345	G	51	0	51	0.00000
Neokomagataea	1223423	G	45	0	45	0.00000
Candidatus Kirkpatrickella	3097638	G	44	0	44	0.00000
Aristophania	3027666	G	41	0	41	0.00000
Formicincola	2952773	G	36	0	36	0.00000
Swingsia	1649499	G	30	0	30	0.00000
Roseomonas	125216	G	5085	181	5266	0.00003
Sediminicoccus	1706033	G	1027	55	1082	0.00001
Muricoccus	3409995	G	479	17	496	0.00000
Roseococcus	35812	G	455	31	486	0.00000
Dankookia	1940143	G	444	12	456	0.00000
Humitalea	1223303	G	406	5	411	0.00000
Acidiphilium	522	G	320	3	323	0.00000
Acidisoma	512381	G	161	0	161	0.00000
Acidocella	50709	G	92	1	93	0.00000
Elioraea	457933	G	117	0	117	0.00000
Wolbachia	953	G	2078	98	2176	0.00001
Ehrlichia	943	G	498	13	511	0.00000
Candidatus Mesenet	2883098	G	126	3	129	0.00000
Candidatus Neoehrlichia	467749	G	45	1	46	0.00000
Anaplasma	768	G	27	0	27	0.00000
Rickettsia	780	G	909	17	926	0.00001
Candidatus Tisiphia	2996317	G	721	139	860	0.00000
Candidatus Trichorickettsia	1522201	G	132	2	134	0.00000
Orientia	69474	G	129	0	129	0.00000
Candidatus Megaera	1742636	G	55	0	55	0.00000
Candidatus Phycorickettsia	2115980	G	38	0	38	0.00000
Candidatus Midichloria	411566	G	232	3	235	0.00000
Candidatus Bandiella	2716172	G	105	0	105	0.00000
Candidatus Lariskella	1175554	G	58	0	58	0.00000
Candidatus Fokinia	1802983	G	33	50	83	0.00000
Candidatus Deianiraea	2603321	G	25	0	25	0.00000
Hyphomonas	85	G	3143	7	3150	0.00002
Hirschia	2723	G	143	0	143	0.00000
Candidatus Viadribacter	2892997	G	93	0	93	0.00000
Tistrella	171436	G	2326	28	2354	0.00001
Marinivivus	3457535	G	440	0	440	0.00000
Oceanicaulis	153232	G	518	7	525	0.00000
Maricaulis	74317	G	481	5	486	0.00000
Hyphobacterium	2004661	G	431	9	440	0.00000
Glycocaulis	1433402	G	352	4	356	0.00000
Marinicauda	1649466	G	207	4	211	0.00000
Litorimonas	1167830	G	82	0	82	0.00000
Algimonas	1246884	G	77	0	77	0.00000
Fretibacter	1649331	G	74	0	74	0.00000
Candidatus Pelagibacter	198251	G	1308	1	1309	0.00001
Candidatus Fonsibacter	2045213	G	59	0	59	0.00000
Candidatus Bodocaedibacter	3163645	G	521	0	521	0.00000
Candidatus Odyssella	84646	G	32	0	32	0.00000
Candidatus Paracaedibacter	1521255	G	18	0	18	0.00000
Candidatus Gromoviella	2900571	G	211	62	273	0.00000
Candidatus Cytomitobacter	2601574	G	34	0	34	0.00000
Candidatus Bealeia	1920992	G	20	0	20	0.00000
Candidatus Nesciobacter	2601651	G	14	0	14	0.00000
Candidatus Nucleicultrix	1509243	G	32	0	32	0.00000
Hyphococcus	2038635	G	361	0	361	0.00000
Parvularcula	208215	G	328	2	330	0.00000
Aquisalinus	1795639	G	142	0	142	0.00000
Kordiimonas	288021	G	380	0	380	0.00000
Temperatibacter	1549129	G	186	0	186	0.00000
Gimibacter	3058346	G	142	0	142	0.00000
Minwuia	2493629	G	512	0	512	0.00000
Pseudemcibacter	2943291	G	161	0	161	0.00000
Paremcibacter	2813804	G	111	0	111	0.00000
Emcibacter	1602338	G	90	0	90	0.00000
Luteithermobacter	2813803	G	58	0	58	0.00000
Candidatus Ponderosibacter	3457287	G	159	0	159	0.00000
Candidatus Puniceispirillum	767891	G	35	0	35	0.00000
Candidatus Levibacter	3457288	G	106	0	106	0.00000
Radicibacter	3462474	G	298	0	298	0.00000
Sneathiella	510690	G	194	25	219	0.00000
Acidithiobacillus	119977	G	849	8	857	0.00000
Thermithiobacillus	119979	G	87	1	88	0.00000
Hydrogenophilus	70774	G	64	0	64	0.00000
Magnetococcus	162171	G	42	0	42	0.00000
Mariprofundus	377315	G	35	0	35	0.00000
Flavobacterium	237	G	2534371	24997	2559368	0.01477
Paenimyroides	3085669	G	29547	964	30511	0.00018
Polaribacter	52959	G	12983	332	13315	0.00008
Tenacibaculum	104267	G	8844	210	9054	0.00005
Flagellimonas	444459	G	6466	168	6634	0.00004
Myroides	76831	G	6425	202	6627	0.00004
Maribacter	252356	G	5169	133	5302	0.00003
Aquimarina	290174	G	4938	52	4990	0.00003
Winogradskyella	286104	G	4734	186	4920	0.00003
Capnocytophaga	1016	G	4070	19	4089	0.00002
Christiangramia	292691	G	3377	92	3469	0.00002
Galbibacter	379068	G	3293	169	3462	0.00002
Cellulophaga	104264	G	2846	80	2926	0.00002
Algibacter	261827	G	2526	94	2620	0.00002
Formosa	225842	G	2491	78	2569	0.00001
Zobellia	112040	G	2418	26	2444	0.00001
Nonlabens	363408	G	2318	64	2382	0.00001
Mariniflexile	527198	G	2058	59	2117	0.00001
Lacinutrix	291183	G	1906	91	1997	0.00001
Kordia	221065	G	1895	15	1910	0.00001
Leeuwenhoekiella	283735	G	1648	102	1750	0.00001
Aequorivita	153265	G	1472	43	1515	0.00001
Lutibacter	358023	G	1299	11	1310	0.00001
Salegentibacter	143222	G	1239	169	1408	0.00001
Wenyingzhuangia	1518147	G	1197	18	1215	0.00001
Zunongwangia	417127	G	1136	180	1316	0.00001
Mangrovimonas	1211036	G	1022	21	1043	0.00001
Antarcticibacterium	2058174	G	1015	26	1041	0.00001
Olleya	336276	G	992	60	1052	0.00001
Dokdonia	326319	G	883	14	897	0.00001
Seonamhaeicola	1649495	G	856	14	870	0.00001
Salinimicrobium	561367	G	833	15	848	0.00000
Bizionia	283785	G	811	35	846	0.00000
Arenibacter	178469	G	756	64	820	0.00000
Mesoflavibacter	444051	G	743	33	776	0.00000
Flavivirga	1209327	G	729	7	736	0.00000
Psychroserpens	49277	G	674	46	720	0.00000
Allomuricauda	111500	G	639	8	647	0.00000
Aureibaculum	2706948	G	624	12	636	0.00000
Imtechella	1165076	G	615	6	621	0.00000
Pontimicrobium	2918913	G	603	22	625	0.00000
Aestuariibaculum	1386924	G	547	8	555	0.00000
Psychroflexus	83612	G	532	8	540	0.00000
Amniculibacterium	2715289	G	509	17	526	0.00000
Rasiella	2987594	G	506	7	513	0.00000
Patiriisocius	2822394	G	484	9	493	0.00000
Tamlana	393005	G	481	77	558	0.00000
Gilvibacter	379070	G	479	14	493	0.00000
Euzebyella	1287916	G	424	56	480	0.00000
Urechidicola	2700084	G	423	52	475	0.00000
Hwangdonia	1649460	G	402	20	422	0.00000
Siansivirga	1204360	G	382	11	393	0.00000
Pseudalgibacter	2861660	G	379	16	395	0.00000
Yeosuana	288018	G	370	10	380	0.00000
Sediminicola	389486	G	357	2	359	0.00000
Ulvibacterium	2665910	G	326	0	326	0.00000
Oceanihabitans	2045416	G	310	27	337	0.00000
Croceibacter	216431	G	293	14	307	0.00000
Marixanthomonas	387658	G	277	18	295	0.00000
Allotamlana	3400365	G	276	4	280	0.00000
Robiginitalea	252306	G	273	1	274	0.00000
Abyssalbus	2967089	G	272	1	273	0.00000
Zhouia	561555	G	272	14	286	0.00000
Thalassobellus	3400333	G	269	8	277	0.00000
Croceiramulus	3568316	G	267	2	269	0.00000
Pseudotamlana	3400368	G	260	36	296	0.00000
Constantimarinum	2907134	G	259	5	264	0.00000
Daejeonia	2027867	G	250	8	258	0.00000
Flaviramulus	369400	G	242	9	251	0.00000
Gillisia	244698	G	233	27	260	0.00000
Candidatus Arcticimaribacter	2953860	G	214	4	218	0.00000
Pukyongia	2831916	G	210	3	213	0.00000
Aegicerativicinus	2893197	G	205	1	206	0.00000
Changchengzhania	2049301	G	186	2	188	0.00000
Vaginella	1935184	G	184	7	191	0.00000
Aggregatimonas	2913017	G	178	0	178	0.00000
Muriicola	762641	G	173	0	173	0.00000
Lutimonas	449810	G	169	0	169	0.00000
Candidatus Marifrigoribacter	3457289	G	165	3	168	0.00000
Costertonia	343334	G	147	11	158	0.00000
Sinomicrobium	1434045	G	124	0	124	0.00000
Chryseobacterium	59732	G	1801496	10297	1811793	0.01046
Kaistella	2782231	G	3185	18	3203	0.00002
Epilithonimonas	2782229	G	1915	72	1987	0.00001
Empedobacter	59734	G	486461	8392	494853	0.00286
Elizabethkingia	308865	G	17293	446	17739	0.00010
Cloacibacterium	501783	G	1694	49	1743	0.00001
Riemerella	34084	G	1266	16	1282	0.00001
Apibacter	1778601	G	1038	0	1038	0.00001
Faecalibacter	2766734	G	934	6	940	0.00001
Ornithobacterium	28250	G	509	3	512	0.00000
Bergeyella	59735	G	351	3	354	0.00000
Marnyiella	3088764	G	333	2	335	0.00000
Weeksella	1013	G	153	3	156	0.00000
Cruoricaptor	1433995	G	109	3	112	0.00000
Fluviicola	332102	G	3273	1	3274	0.00002
Paracrocinitomix	3024544	G	397	0	397	0.00000
Blattabacterium	34098	G	1862	4	1866	0.00001
Candidatus Karelsulcia	336809	G	672	2	674	0.00000
Candidatus Walczuchella	1940138	G	25	0	25	0.00000
Owenweeksia	267986	G	398	0	398	0.00000
Croceimicrobium	2828338	G	252	1	253	0.00000
Parvicella	2975260	G	110	0	110	0.00000
Ichthyobacterium	1755829	G	53	0	53	0.00000
Sanyastnella	3228946	G	22	0	22	0.00000
Sphingobacterium	28453	G	3237640	57454	3295094	0.01902
Pedobacter	84567	G	675928	10926	686854	0.00396
Mucilaginibacter	423349	G	72362	732	73094	0.00042
Olivibacter	376469	G	3702	143	3845	0.00002
Solitalea	929509	G	3252	24	3276	0.00002
Pseudopedobacter	1649482	G	2584	94	2678	0.00002
Arcticibacter	1288026	G	842	19	861	0.00000
Anseongella	1773450	G	524	0	524	0.00000
Aurantibacillus	3088889	G	434	5	439	0.00000
Dyadobacter	120831	G	111880	1810	113690	0.00066
Runella	105	G	3099	6	3105	0.00002
Larkinella	332157	G	2746	224	2970	0.00002
Fibrella	861914	G	343	30	373	0.00000
Hymenobacter	89966	G	7127	80	7207	0.00004
Pontibacter	323449	G	3279	97	3376	0.00002
Adhaeribacter	299566	G	1436	34	1470	0.00001
Rufibacter	1379908	G	953	89	1042	0.00001
Nibribacter	1649474	G	373	90	463	0.00000
Algoriphagus	246875	G	4082	278	4360	0.00003
Echinicola	390846	G	2984	294	3278	0.00002
Cyclobacterium	68288	G	2235	124	2359	0.00001
Belliella	232244	G	689	112	801	0.00000
Aquiflexum	280472	G	666	42	708	0.00000
Mongoliitalea	1511649	G	229	3	232	0.00000
Spirosoma	107	G	8442	33	8475	0.00005
Cytophaga	978	G	390	7	397	0.00000
Flammeovirga	59739	G	1930	104	2034	0.00001
Chondrinema	3051458	G	1183	100	1283	0.00001
Imperialibacter	1649461	G	526	43	569	0.00000
Emticicia	312278	G	1383	4	1387	0.00001
Arcticibacterium	2173039	G	622	14	636	0.00000
Leadbetterella	319458	G	564	18	582	0.00000
Marinilongibacter	2975149	G	463	4	467	0.00000
Jiulongibacter	2031119	G	460	17	477	0.00000
Fulvivirga	396811	G	1665	88	1753	0.00001
Chryseolinea	1433993	G	595	2	597	0.00000
Ekhidna	447678	G	1454	62	1516	0.00001
Reichenbachiella	156993	G	790	15	805	0.00000
Bernardetia	1937972	G	2047	2	2049	0.00001
Marivirga	869806	G	1957	309	2266	0.00001
Roseivirga	290180	G	1649	70	1719	0.00001
Catalinimonas	1522128	G	642	3	645	0.00000
Porifericola	1001222	G	419	8	427	0.00000
Tunicatimonas	1077254	G	319	0	319	0.00000
Persicobacter	59740	G	507	17	524	0.00000
Fulvitalea	1434007	G	297	7	304	0.00000
Aureibacter	1097443	G	183	3	186	0.00000
Aquirufa	2676247	G	953	4	957	0.00001
Rhodocytophaga	455076	G	799	4	803	0.00000
Mangrovivirga	2858886	G	634	4	638	0.00000
Candidatus Cardinium	273135	G	355	0	355	0.00000
Candidatus Amoebophilus	281119	G	41	0	41	0.00000
Indolivaga	3680098	G	55494	543	56037	0.00032
Dysgonomonas	156973	G	603	0	603	0.00000
Petrimonas	307628	G	519	119	638	0.00000
Proteiniphilum	294702	G	418	12	430	0.00000
Limibacterium	3404873	G	166	1	167	0.00000
Bacteroides	816	G	10712	566	11278	0.00007
Phocaeicola	909656	G	857	79	936	0.00001
Prevotella	838	G	3051	39	3090	0.00002
Segatella	2974251	G	1260	16	1276	0.00001
Hoylesella	2974257	G	250	25	275	0.00000
Pseudoprevotella	2884814	G	84	0	84	0.00000
Xylanibacter	558436	G	56	0	56	0.00000
Paraprevotella	577309	G	51	1	52	0.00000
Parabacteroides	375288	G	2335	103	2438	0.00001
Tannerella	195950	G	141	1	142	0.00000
Alistipes	239759	G	1261	34	1295	0.00001
Acetobacteroides	1647173	G	365	4	369	0.00000
Porphyromonas	836	G	569	11	580	0.00000
Macellibacteroides	1159323	G	283	6	289	0.00000
Butyricimonas	574697	G	635	18	653	0.00000
Odoribacter	283168	G	199	6	205	0.00000
Muribaculum	1918540	G	504	3	507	0.00000
Sodaliphilus	2815786	G	145	1	146	0.00000
Duncaniella	2518495	G	80	3	83	0.00000
Paramuribaculum	2518497	G	36	0	36	0.00000
Coprobacter	1348911	G	319	14	333	0.00000
Barnesiella	397864	G	208	5	213	0.00000
Salinivirga	1970191	G	316	0	316	0.00000
Paludibacter	346096	G	182	0	182	0.00000
Candidatus Azobacteroides	511434	G	162	0	162	0.00000
Tenuifilum	2760873	G	104	0	104	0.00000
Draconibacterium	1471399	G	1854	12	1866	0.00001
Aquipluma	2792393	G	564	1	565	0.00000
Maribellus	2678352	G	469	3	472	0.00000
Halosquirtibacter	3374594	G	393	13	406	0.00000
Mangrovibacterium	1573808	G	282	8	290	0.00000
Gaoshiqia	3045890	G	189	1	190	0.00000
Marinifilum	866673	G	1246	20	1266	0.00001
Labilibaculum	2060722	G	1001	10	1011	0.00001
Alkalitalea	1193324	G	237	2	239	0.00000
Xiashengella	3129724	G	209	99	308	0.00000
Chitinophaga	79328	G	12491	271	12762	0.00007
Niabella	379899	G	2727	149	2876	0.00002
Arachidicoccus	1769012	G	2042	51	2093	0.00001
Paraflavitalea	2698688	G	1818	80	1898	0.00001
Filimonas	649460	G	1109	45	1154	0.00001
Flavisolibacter	398041	G	1020	75	1095	0.00001
Pseudobacter	1860196	G	979	82	1061	0.00001
Lacibacter	649461	G	958	27	985	0.00001
Rhizosphaericola	3114547	G	779	31	810	0.00000
Niastella	354354	G	768	57	825	0.00000
Sediminibacterium	504481	G	692	32	724	0.00000
Ferruginibacter	1004303	G	668	20	688	0.00000
Phnomibacter	2836216	G	630	48	678	0.00000
Flavihumibacter	1004301	G	534	11	545	0.00000
Panacibacter	1874621	G	482	6	488	0.00000
Mycovorax	3389990	G	438	43	481	0.00000
Pseudocnuella	2812019	G	371	27	398	0.00000
Puia	2045098	G	266	10	276	0.00000
Thermoflavifilum	1649506	G	253	2	255	0.00000
Aureispira	365032	G	1101	1	1102	0.00001
Saprospira	1007	G	277	0	277	0.00000
Haliscomenobacter	2349	G	572	0	572	0.00000
Phaeodactylibacter	1564515	G	208	0	208	0.00000
Neolewinella	2993541	G	209	15	224	0.00000
Lewinella	70994	G	105	1	106	0.00000
Candidatus Sulfidibacterium	2923290	G	209	0	209	0.00000
Chlorobium	1091	G	745	0	745	0.00000
Pelodictyon	1099	G	107	0	107	0.00000
Prosthecochloris	1101	G	363	0	363	0.00000
Chlorobaculum	256319	G	305	0	305	0.00000
Chloroherpeton	100715	G	48	0	48	0.00000
Rubrivirga	1434037	G	653	2	655	0.00000
Rhodothermus	29548	G	164	1	165	0.00000
Rhodocaloribacter	2893090	G	127	2	129	0.00000
Salinibacter	146918	G	148	0	148	0.00000
Ignavibacterium	795750	G	203	0	203	0.00000
Melioribacter	1134403	G	61	0	61	0.00000
Gracilimonas	649462	G	155	0	155	0.00000
Cyclonatronum	2489367	G	71	0	71	0.00000
Gemmatirosa	1706036	G	368	1	369	0.00000
Gemmatimonas	173479	G	323	0	323	0.00000
Pseudogemmatithrix	3237678	G	82	0	82	0.00000
Candidatus Palauibacter	3056650	G	330	0	330	0.00000
Gaopeijia	3381669	G	111	0	111	0.00000
Fidelibacter	3377528	G	114	0	114	0.00000
Fibrobacter	832	G	32	0	32	0.00000
Candidatus Cloacimonas	456826	G	24	0	24	0.00000
Luteolibacter	518753	G	117961	885	118846	0.00069
Verrucomicrobium	2735	G	15107	198	15305	0.00009
Haloferula	574899	G	2529	39	2568	0.00001
Roseimicrobium	1348508	G	772	0	772	0.00000
Oceaniferula	2886881	G	282	2	284	0.00000
Roseibacillus	518755	G	239	2	241	0.00000
Sulfuriroseicoccus	2911469	G	231	4	235	0.00000
Akkermansia	239934	G	1034	96	1130	0.00001
Fontisphaera	3050007	G	65	0	65	0.00000
Opitutus	178440	G	423	24	447	0.00000
Horticoccus	2986286	G	355	17	372	0.00000
Oleiharenicola	2100741	G	280	50	330	0.00000
Termitidicoccus	3126963	G	270	45	315	0.00000
Actomonas	3138693	G	254	5	259	0.00000
Lacunisphaera	1961799	G	197	23	220	0.00000
Ereboglobus	2028344	G	137	13	150	0.00000
Synoicihabitans	2892920	G	125	4	129	0.00000
Nibricoccus	2576890	G	123	6	129	0.00000
Lotipaludicoccus	3685778	G	114	22	136	0.00000
Congregicoccus	3458163	G	206	7	213	0.00000
Coraliomargarita	442430	G	886	0	886	0.00001
Ruficoccus	2175957	G	119	3	122	0.00000
Rubellicoccus	3138622	G	65	0	65	0.00000
Candidatus Pelagisphaera	3049269	G	170	4	174	0.00000
Methylacidiphilum (ex Ratnadevi et al. 2023)	511745	G	343	38	381	0.00000
Methylacidimicrobium	1541670	G	108	53	161	0.00000
Candidatus Xiphinematobacter	134550	G	12	1	13	0.00000
Stieleria	2795973	G	723	16	739	0.00000
Rosistilla	2795779	G	271	3	274	0.00000
Anatilimnocola	2807414	G	219	1	220	0.00000
Bremerella	2714594	G	210	0	210	0.00000
Rhodopirellula	265488	G	200	5	205	0.00000
Roseimaritima	1579506	G	181	1	182	0.00000
Rubripirellula	1579505	G	169	6	175	0.00000
Lignipirellula	2795775	G	129	4	133	0.00000
Blastopirellula	265487	G	95	0	95	0.00000
Novipirellula	2795426	G	83	0	83	0.00000
Aureliella	2795605	G	80	1	81	0.00000
Pirellula	123	G	40	0	40	0.00000
Mariniblastus	2005380	G	39	0	39	0.00000
Roseiconus	2814446	G	30	30	60	0.00000
Lacipirellula	2691417	G	328	7	335	0.00000
Pirellulimonas	2795783	G	272	3	275	0.00000
Botrimarina	2795782	G	203	7	210	0.00000
Aeoliella	2795781	G	187	6	193	0.00000
Bythopirellula	1400386	G	38	0	38	0.00000
Adhaeretor	2862451	G	18	0	18	0.00000
Thermogutta	1676125	G	22	0	22	0.00000
Gimesia	1649453	G	845	5	850	0.00000
Planctomyces	118	G	538	12	550	0.00000
Planctomicrobium	1779141	G	283	1	284	0.00000
Alienimonas	2714737	G	279	2	281	0.00000
Polystyrenella	2795774	G	140	1	141	0.00000
Maioricimonas	2795777	G	132	2	134	0.00000
Lacunimicrobium	3473513	G	128	0	128	0.00000
Symmachiella	2795780	G	125	0	125	0.00000
Crateriforma	2714592	G	119	81	200	0.00000
Planctellipticum	3132181	G	116	0	116	0.00000
Caulifigura	2795778	G	107	0	107	0.00000
Planctopirus	1649480	G	105	0	105	0.00000
Stratiformator	3076095	G	91	0	91	0.00000
Schlesneria	656899	G	86	0	86	0.00000
Rubinisphaera	1649490	G	66	5	71	0.00000
Fuerstiella	1936111	G	46	0	46	0.00000
Calycomorphotria	2795776	G	37	0	37	0.00000
Thalassoglobus	2795865	G	30	0	30	0.00000
Aquisphaera	1511635	G	640	11	651	0.00000
Singulisphaera	466152	G	538	13	551	0.00000
Tundrisphaera	2029859	G	493	11	504	0.00000
Tautonia	2680020	G	313	0	313	0.00000
Paludisphaera	1763521	G	218	7	225	0.00000
Isosphaera	127	G	51	0	51	0.00000
Gemmata	113	G	586	14	600	0.00000
Limnoglobus	2731450	G	367	8	375	0.00000
Urbifossiella	2807415	G	312	2	314	0.00000
Frigoriglobus	2774146	G	277	12	289	0.00000
Tuwongella	2051044	G	116	1	117	0.00000
Telmatocola	1382832	G	87	0	87	0.00000
Engelhardtia	3405233	G	262	8	270	0.00000
Rohdeia	3405237	G	185	1	186	0.00000
Saltatorellus	3405235	G	171	11	182	0.00000
Kolteria	3405236	G	201	0	201	0.00000
Humisphaera	2807511	G	308	0	308	0.00000
Fontivita	2989683	G	100	0	100	0.00000
Phycisphaera	666508	G	247	1	248	0.00000
Mucisphaera	2913022	G	87	0	87	0.00000
Poriferisphaera	2803301	G	74	0	74	0.00000
Sedimentisphaera	2483368	G	92	93	185	0.00000
Limihaloglobus	2690160	G	80	0	80	0.00000
Anaerohalosphaera	2690159	G	141	0	141	0.00000
Candidatus Uabimicrobium	2897349	G	443	0	443	0.00000
Candidatus Kuenenia	380738	G	61	0	61	0.00000
Candidatus Protochlamydia	282132	G	181	0	181	0.00000
Neochlamydia	112987	G	73	0	73	0.00000
Parachlamydia	83551	G	43	0	43	0.00000
Candidatus Rhabdochlamydia	292833	G	223	22	245	0.00000
Simkania	34093	G	42	1	43	0.00000
Candidatus Neptunichlamydia	1891669	G	38	1	39	0.00000
Waddlia	71666	G	17	0	17	0.00000
Chlamydia	810	G	471	0	471	0.00000
Chlamydiifrater	2822114	G	19	0	19	0.00000
Kiritimatiella	1921784	G	121	277	398	0.00000
Tichowtungia	2907187	G	95	0	95	0.00000
Lentisphaera	256846	G	123	0	123	0.00000
Candidatus Velamenicoccus	2789201	G	17	0	17	0.00000
Sorangium	39643	G	8527	66	8593	0.00005
Polyangium	55	G	396	4	400	0.00000
Chondromyces	50	G	248	0	248	0.00000
Pajaroellobacter	1882917	G	38	0	38	0.00000
Sandaracinus	1055688	G	633	2	635	0.00000
Labilithrix	1524217	G	322	1	323	0.00000
Nannocystis	53	G	1070	2	1072	0.00001
Haliangium	162027	G	572	2	574	0.00000
Myxococcus	32	G	2245	125	2370	0.00001
Corallococcus	83461	G	1621	171	1792	0.00001
Pyxidicoccus	224458	G	312	12	324	0.00000
Pseudomyxococcus	3434272	G	287	41	328	0.00000
Archangium	47	G	1652	95	1747	0.00001
Cystobacter	42	G	656	102	758	0.00000
Melittangium	44	G	529	53	582	0.00000
Stigmatella	40	G	186	14	200	0.00000
Anaeromyxobacter	161492	G	1037	10	1047	0.00001
Vulgatibacter	1524214	G	155	0	155	0.00000
Pendulispora	3375062	G	894	3	897	0.00001
Aliarcobacter	2321111	G	2068	191	2259	0.00001
Arcobacter	28196	G	1770	276	2046	0.00001
Halarcobacter	2321115	G	1157	28	1185	0.00001
Malaciobacter	2321114	G	919	39	958	0.00001
Poseidonibacter	2321187	G	167	108	275	0.00000
Candidatus Marinarcus	2321204	G	154	6	160	0.00000
Campylobacter	194	G	5367	163	5530	0.00003
Helicobacter	209	G	2542	141	2683	0.00002
Sulfurimonas	202746	G	1558	97	1655	0.00001
Sulfuricurvum	286130	G	116	2	118	0.00000
Thiomicrolovo	3451667	G	99	50	149	0.00000
Hydrocurvibacter	3451669	G	42	2	44	0.00000
Sulfonitrofixus	3451668	G	26	0	26	0.00000
Sulfurospirillum	57665	G	1013	8	1021	0.00001
Sulfurovum	265570	G	405	5	410	0.00000
Nitratifractor	269260	G	20	0	20	0.00000
Hydrogenimonas	223785	G	256	5	261	0.00000
Nitratiruptor	269258	G	244	1	245	0.00000
Nitrosophilus	2795692	G	145	1	146	0.00000
Caminibacter	191301	G	207	3	210	0.00000
Nautilia	191291	G	85	0	85	0.00000
Hippea	84404	G	107	2	109	0.00000
Pseudodesulfovibrio	2035811	G	1058	51	1109	0.00001
Desulfovibrio	872	G	837	21	858	0.00000
Solidesulfovibrio	2910984	G	496	4	500	0.00000
Maridesulfovibrio	2794998	G	350	4	354	0.00000
Nitratidesulfovibrio	2802295	G	308	8	316	0.00000
Desulfolutivibrio	2773294	G	150	3	153	0.00000
Halodesulfovibrio	1912771	G	116	2	118	0.00000
Salidesulfovibrio	2950010	G	108	4	112	0.00000
Oceanidesulfovibrio	2905722	G	99	0	99	0.00000
Oleidesulfovibrio	2909705	G	90	41	131	0.00000
Bilophila	35832	G	62	0	62	0.00000
Desulfocurvibacter	2582840	G	61	0	61	0.00000
Desulfobaculum	1433996	G	61	1	62	0.00000
Mailhella	1981028	G	59	14	73	0.00000
Megalodesulfovibrio	2910978	G	50	0	50	0.00000
Lawsonia	41707	G	42	0	42	0.00000
Taurinivorans	3126915	G	29	0	29	0.00000
Desulfomicrobium	898	G	252	1	253	0.00000
Thermodesulfomicrobium	2905949	G	22	0	22	0.00000
Geomonas	2651583	G	501	39	540	0.00000
Geobacter	28231	G	477	16	493	0.00000
Geotalea	2910589	G	217	7	224	0.00000
Trichlorobacter	115782	G	212	16	228	0.00000
Citrifermentans	2883512	G	140	18	158	0.00000
Desulfuromonas	890	G	409	2	411	0.00000
Pelobacter	18	G	55	9	64	0.00000
Geoalkalibacter	392332	G	359	5	364	0.00000
Syntrophotalea	2812025	G	165	0	165	0.00000
Desulfosarcina	2299	G	517	2	519	0.00000
Desulfobacter	2289	G	340	1	341	0.00000
Desulfobacula	28222	G	71	0	71	0.00000
Desulforapulum	2904687	G	52	0	52	0.00000
Desulfonema	45654	G	176	0	176	0.00000
Desulfococcus	896	G	44	0	44	0.00000
Desulfosudis	2904716	G	123	0	123	0.00000
Desulfoluna	497721	G	91	0	91	0.00000
Desulfatibacillum	218207	G	85	0	85	0.00000
Desulforhopalus	40413	G	537	1	538	0.00000
Desulfosediminicola	2886823	G	110	0	110	0.00000
Desulfofustis	51194	G	69	0	69	0.00000
Desulfotalea	109168	G	52	0	52	0.00000
Desulfocapsa	53318	G	50	0	50	0.00000
Desulfopila	429014	G	47	0	47	0.00000
Desulfobulbus	893	G	275	3	278	0.00000
Desulfurivibrio	427922	G	61	0	61	0.00000
Candidatus Electrothrix	1859128	G	52	0	52	0.00000
Desulfomarina	2894767	G	49	0	49	0.00000
Desulfolithobacter	3003266	G	19	0	19	0.00000
Thiovibrio	2991701	G	123	8	131	0.00000
Desulfarculus	453229	G	228	19	247	0.00000
Desulfoferula	3093638	G	68	0	68	0.00000
Thermodesulfobacterium	1740	G	134	0	134	0.00000
Thermosulfuriphilus	2033601	G	69	0	69	0.00000
Caldimicrobium	444090	G	48	0	48	0.00000
Thermosulfurimonas	1522431	G	10	0	10	0.00000
Thermodesulfatator	241192	G	22	0	22	0.00000
Desulfobacca	60892	G	165	0	165	0.00000
Candidatus Desulfofervidus	1902583	G	130	0	130	0.00000
Syntrophobacter	29526	G	88	3	91	0.00000
Desulfoglaeba	361106	G	38	0	38	0.00000
Syntrophus	43773	G	92	0	92	0.00000
Desulfomonile	2357	G	34	0	34	0.00000
Dissulfuribacter	1433998	G	10	0	10	0.00000
Borrelia	138	G	1261	11	1272	0.00001
Borreliella	64895	G	1156	25	1181	0.00001
Treponema	157	G	1684	4	1688	0.00001
Brucepastera	2967962	G	30	0	30	0.00000
Entomospira	2834378	G	294	0	294	0.00000
Oceanispirochaeta	2035349	G	182	0	182	0.00000
Candidatus Haliotispira	3115661	G	99	0	99	0.00000
Thiospirochaeta	2792240	G	80	0	80	0.00000
Spirochaeta	146	G	70	0	70	0.00000
Sediminispirochaeta	1911556	G	54	3	57	0.00000
Marispirochaeta	1911565	G	34	0	34	0.00000
Salinispira	1616789	G	21	0	21	0.00000
Gracilinema	2951106	G	181	6	187	0.00000
Leadbettera	2951107	G	117	2	119	0.00000
Breznakiella	2845254	G	26	0	26	0.00000
Sphaerochaeta	399320	G	97	3	100	0.00000
Parasphaerochaeta	3062336	G	36	0	36	0.00000
Leptospira	171	G	1668	0	1668	0.00001
Turneriella	338321	G	21	0	21	0.00000
Brachyspira	29521	G	1182	2	1184	0.00001
Thermospira	3024226	G	79	0	79	0.00000
Winmispira	3457169	G	30	0	30	0.00000
Terriglobus	392733	G	550	2	552	0.00000
Granulicella	940557	G	439	1	440	0.00000
Tunturiibacter	3154218	G	421	1	422	0.00000
Edaphobacter	388463	G	196	0	196	0.00000
Telmatobacter	1078829	G	165	0	165	0.00000
Silvibacterium	1775468	G	108	0	108	0.00000
Occallatibacter	1742983	G	105	0	105	0.00000
Alloacidobacterium	2951993	G	104	0	104	0.00000
Acidobacterium	33973	G	57	0	57	0.00000
Acidisarcina	2608728	G	32	0	32	0.00000
Candidatus Korobacter	658061	G	99	0	99	0.00000
Paludibaculum	1649475	G	181	0	181	0.00000
Geothrix	44675	G	697	18	715	0.00000
Mesoterricola	3074468	G	322	15	337	0.00000
Acanthopleuribacter	442869	G	135	0	135	0.00000
Sulfidibacter	2915177	G	127	0	127	0.00000
Thermotomaculum	1172428	G	52	0	52	0.00000
Luteitalea	2004797	G	708	0	708	0.00000
Chloracidobacterium	458032	G	175	0	175	0.00000
Bdellovibrio	958	G	1928	0	1928	0.00001
Pseudobdellovibrio	2862745	G	377	0	377	0.00000
Micavibrio	213485	G	111	0	111	0.00000
Halobacteriovorax	1652133	G	482	0	482	0.00000
Peredibacter	263370	G	283	0	283	0.00000
Bacteriovorax	146784	G	155	0	155	0.00000
Pigmentibacter	2838409	G	278	1	279	0.00000
Silvanigrella	2024975	G	268	1	269	0.00000
Fluviispira	2698753	G	82	0	82	0.00000
Spirobacillus	495819	G	176	0	176	0.00000
Nitrospira	1234	G	992	0	992	0.00001
Leptospirillum	179	G	142	0	142	0.00000
Candidatus Magnetomonas	3459270	G	84	0	84	0.00000
Thermodesulfovibrio	28261	G	198	0	198	0.00000
Dissulfurispira	2811506	G	80	0	80	0.00000
Sulfurihydrogenibium	212790	G	558	0	558	0.00000
Persephonella	182899	G	31	0	31	0.00000
Hydrogenobaculum	168657	G	162	0	162	0.00000
Hydrogenobacter	939	G	31	1	32	0.00000
Thermocrinis	75905	G	28	0	28	0.00000
Aquifex	2713	G	12	0	12	0.00000
Pampinifervens	3453421	G	12	0	12	0.00000
Desulfurobacterium	64159	G	37	0	37	0.00000
Denitrovibrio	117999	G	200	0	200	0.00000
Geovibrio	46200	G	50	0	50	0.00000
Flexistipes	2351	G	163	0	163	0.00000
Calditerrivibrio	545865	G	135	0	135	0.00000
Deferribacter	53572	G	51	0	51	0.00000
Mucispirillum	248038	G	50	0	50	0.00000
Dictyoglomus	13	G	586	0	586	0.00000
Thermomicrobium	499	G	260	0	260	0.00000
Sphaerobacter	2056	G	85	0	85	0.00000
Elusimicrobium	423604	G	176	0	176	0.00000
Parelusimicrobium	3416099	G	16	0	16	0.00000
Endomicrobium	1408194	G	41	2	43	0.00000
Candidatus Endomicrobiellum	3238959	G	32	0	32	0.00000
Thermodesulfobium	227388	G	183	0	183	0.00000
Atribacter	2847777	G	114	14	128	0.00000
Candidatus Caldatribacterium	1454725	G	28	1	29	0.00000
Caldithrix	187144	G	114	0	114	0.00000
Zhurongbacter	3470744	G	82	0	82	0.00000
Caldisericum	693074	G	65	0	65	0.00000
Desulfurispirillum	393029	G	61	0	61	0.00000
Coprothermobacter	68335	G	29	0	29	0.00000
Nitrospina	35800	G	28	0	28	0.00000
Thermosulfidibacter	412592	G	13	0	13	0.00000
Microbacterium	33882	G	1599288	102170	1701458	0.00982
Leucobacter	55968	G	47436	4367	51803	0.00030
Agromyces	33877	G	23388	1686	25074	0.00014
Curtobacterium	2034	G	14929	755	15684	0.00009
Leifsonia	110932	G	11473	690	12163	0.00007
Agrococcus	46352	G	6575	524	7099	0.00004
Rathayibacter	33886	G	6450	277	6727	0.00004
Cryobacterium	69578	G	5545	157	5702	0.00003
Clavibacter	1573	G	5288	422	5710	0.00003
Salinibacterium	235888	G	4978	183	5161	0.00003
Microcella	337004	G	4903	391	5294	0.00003
Herbiconiux	881616	G	3520	184	3704	0.00002
Protaetiibacter	2680004	G	3185	306	3491	0.00002
Plantibacter	190323	G	2825	78	2903	0.00002
Paramicrobacterium	3110364	G	2623	133	2756	0.00002
Gulosibacter	256818	G	2321	332	2653	0.00002
Microterricola	518733	G	2300	141	2441	0.00001
Frigoribacterium	96492	G	2293	129	2422	0.00001
Frondihabitans	447237	G	2288	79	2367	0.00001
Mycetocola	76634	G	2024	62	2086	0.00001
Subtercola	120212	G	1436	21	1457	0.00001
Cnuibacter	1759331	G	1388	105	1493	0.00001
Rhodoluna	529883	G	808	7	815	0.00000
Aquiluna	529881	G	361	3	364	0.00000
Humibacter	427753	G	1053	138	1191	0.00001
Aurantimicrobium	1705353	G	1035	11	1046	0.00001
Gryllotalpicola	1195526	G	976	44	1020	0.00001
Homoserinimonas	1434009	G	954	40	994	0.00001
Homoserinibacter	1649457	G	828	66	894	0.00001
Humidisolicoccus	3425211	G	815	19	834	0.00000
Okibacterium	196084	G	710	58	768	0.00000
Orlajensenia	3440766	G	694	35	729	0.00000
Antiquaquibacter	3108736	G	691	14	705	0.00000
Diaminobutyricimonas	1433997	G	674	31	705	0.00000
Glaciihabitans	1649454	G	667	23	690	0.00000
Agreia	110934	G	602	21	623	0.00000
Ruicaihuangia	3137419	G	581	26	607	0.00000
Lacisediminihabitans	2740558	G	523	17	540	0.00000
Naasia	1434022	G	506	24	530	0.00000
Marisediminicola	1230698	G	505	15	520	0.00000
Lysinibacter	1857011	G	433	4	437	0.00000
Pontimonas	1434032	G	188	2	190	0.00000
Oerskovia	162491	G	89165	7783	96948	0.00056
Cellulomonas	1707	G	54393	3777	58170	0.00034
Paraoerskovia	665568	G	4665	284	4949	0.00003
Actinotalea	458839	G	2036	201	2237	0.00001
Pseudactinotalea	1926259	G	900	19	919	0.00001
Sanguibacter	60919	G	84540	4590	89130	0.00051
Arthrobacter	1663	G	22969	2871	25840	0.00015
Glutamicibacter	1742989	G	6821	848	7669	0.00004
Pseudarthrobacter	1742993	G	5496	1096	6592	0.00004
Kocuria	57493	G	3688	504	4192	0.00002
Sinomonas	596707	G	3483	76	3559	0.00002
Micrococcus	1269	G	2576	544	3120	0.00002
Paenarthrobacter	1742992	G	2479	1450	3929	0.00002
Rothia	32207	G	2156	274	2430	0.00001
Citricoccus	169133	G	2023	400	2423	0.00001
Auritidibacter	1160973	G	983	18	1001	0.00001
Zhihengliuella	370735	G	813	769	1582	0.00001
Psychromicrobium	2078575	G	412	6	418	0.00000
Crystallibacter	3456524	G	374	24	398	0.00000
Neomicrococcus	1868332	G	341	24	365	0.00000
Nesterenkonia	57494	G	301	1	302	0.00000
Pseudoglutamicibacter	1742991	G	286	186	472	0.00000
Renibacterium	1645	G	212	3	215	0.00000
Paeniglutamicibacter	1742990	G	200	10	210	0.00000
Cellulosimicrobium	157920	G	26242	2791	29033	0.00017
Isoptericola	254250	G	8083	1315	9398	0.00005
Xylanimonas	186188	G	6755	679	7434	0.00004
Promicromonospora	43676	G	4596	251	4847	0.00003
Brevibacterium	1696	G	13705	1420	15125	0.00009
Saxibacter	3162691	G	207	2	209	0.00000
Janibacter	53457	G	4011	424	4435	0.00003
Phycicoccus	367298	G	1114	191	1305	0.00001
Terrabacter	53355	G	1104	91	1195	0.00001
Arsenicicoccus	267408	G	1099	80	1179	0.00001
Oryzobacter	1849973	G	799	74	873	0.00001
Humibacillus	556178	G	793	50	843	0.00000
Knoellia	136099	G	757	33	790	0.00000
Pedococcus	2805645	G	647	43	690	0.00000
Intrasporangium	53357	G	556	24	580	0.00000
Nostocoides	99479	G	329	18	347	0.00000
Brachybacterium	43668	G	9800	799	10599	0.00006
Dermabacter	36739	G	858	398	1256	0.00001
Devriesea	472568	G	336	4	340	0.00000
Helcobacillus	1161125	G	175	17	192	0.00000
Pengzhenrongella	2888818	G	3328	156	3484	0.00002
Luteimicrobium	754249	G	1970	139	2109	0.00001
Timonella	1465824	G	219	10	229	0.00000
Ornithinimicrobium	125287	G	3442	169	3611	0.00002
Serinicoccus	265976	G	1538	109	1647	0.00001
Ruania	626119	G	2401	57	2458	0.00001
Occultella	2828348	G	827	37	864	0.00000
Beutenbergia	84756	G	1521	54	1575	0.00001
Miniimonas	947525	G	999	343	1342	0.00001
Dermacoccus	57495	G	770	87	857	0.00000
Barrientosiimonas	1535207	G	440	54	494	0.00000
Allobranchiibius	2040262	G	354	12	366	0.00000
Luteipulveratus	745364	G	324	9	333	0.00000
Yimella	908935	G	242	9	251	0.00000
Demequina	577469	G	2002	90	2092	0.00001
Kytococcus	57499	G	610	75	685	0.00000
Gephyromycinifex	2885697	G	236	3	239	0.00000
Dermatophilus	1862	G	152	2	154	0.00000
Austwickia	1184606	G	130	2	132	0.00000
Jonesia	43673	G	257	14	271	0.00000
Tropheryma	2038	G	120	0	120	0.00000
Rhodococcus	1827	G	772387	34452	806839	0.00466
Prescottella	2979332	G	206030	13306	219336	0.00127
Nocardia	1817	G	25044	500	25544	0.00015
Rhodococcoides	3259750	G	1140	260	1400	0.00001
Williamsia	85043	G	354	6	360	0.00000
Mycobacterium	1763	G	274738	10339	285077	0.00165
Mycobacteroides	670516	G	117221	8599	125820	0.00073
Mycolicibacterium	1866885	G	83913	15365	99278	0.00057
Mycolicibacter	1073531	G	1629	252	1881	0.00001
Mycolicibacillus	2126281	G	616	24	640	0.00000
Corynebacterium	1716	G	111985	8489	120474	0.00070
Tsukamurella	2060	G	102109	3047	105156	0.00061
Gordonia	2053	G	15225	638	15863	0.00009
Skermania	59613	G	315	5	320	0.00000
Dietzia	37914	G	13251	853	14104	0.00008
Tomitella	741759	G	721	18	739	0.00000
Segniliparus	286801	G	143	1	144	0.00000
Hoyosella	697025	G	105	1	106	0.00000
Lawsonella	1847725	G	34	0	34	0.00000
Streptomyces	1883	G	216207	9114	225321	0.00130
Kitasatospora	2063	G	11022	1637	12659	0.00007
Actinacidiphila	2995702	G	1566	210	1776	0.00001
Embleya	2699295	G	1546	44	1590	0.00001
Streptacidiphilus	228398	G	1042	79	1121	0.00001
Peterkaempfera	2995704	G	634	51	685	0.00000
Yinghuangia	2805681	G	408	14	422	0.00000
Streptantibioticus	2995706	G	273	28	301	0.00000
Carbonactinospora	2864378	G	236	7	243	0.00000
Micromonospora	1873	G	26946	1577	28523	0.00016
Actinoplanes	1865	G	8795	327	9122	0.00005
Dactylosporangium	35753	G	7612	191	7803	0.00005
Plantactinospora	673534	G	1608	100	1708	0.00001
Solwaraspora	265431	G	1123	59	1182	0.00001
Phytohabitans	907364	G	904	33	937	0.00001
Polymorphospora	338583	G	751	57	808	0.00000
Actinocatenispora	390988	G	723	14	737	0.00000
Couchioplanes	56433	G	422	39	461	0.00000
Krasilnikovia	349312	G	404	30	434	0.00000
Longispora	203522	G	390	14	404	0.00000
Catellatospora	53365	G	371	21	392	0.00000
Natronosporangium	2920401	G	251	2	253	0.00000
Salinispora	168694	G	157	7	164	0.00000
Paractinoplanes	3240234	G	13	0	13	0.00000
Nocardioides	1839	G	20764	1228	21992	0.00013
Aeromicrobium	2040	G	3810	210	4020	0.00002
Pimelobacter	2044	G	1356	382	1738	0.00001
Mumia	1546255	G	657	28	685	0.00000
Friedmanniella	53387	G	433	29	462	0.00000
Solicola	3024237	G	289	8	297	0.00000
Micropruina	116071	G	243	39	282	0.00000
Tessaracoccus	72763	G	4024	376	4400	0.00003
Cutibacterium	1912216	G	2448	136	2584	0.00001
Propionibacterium	1743	G	1512	437	1949	0.00001
Microlunatus	29404	G	1509	53	1562	0.00001
Propioniciclava	1085622	G	1302	360	1662	0.00001
Acidipropionibacterium	1912215	G	1202	256	1458	0.00001
Arachnia	2801844	G	816	16	832	0.00000
Propionimicrobium	203133	G	634	21	655	0.00000
Raineyella	1911549	G	538	59	597	0.00000
Naumannella	1294511	G	390	47	437	0.00000
Auraticoccus	1278221	G	388	19	407	0.00000
Ammonicoccus	3417658	G	256	80	336	0.00000
Brooklawnia	369926	G	222	33	255	0.00000
Luteococcus	33983	G	161	4	165	0.00000
Kribbella	182639	G	6865	205	7070	0.00004
Actinopolymorpha	117156	G	277	5	282	0.00000
Amycolatopsis	1813	G	16630	701	17331	0.00010
Pseudonocardia	1847	G	7274	334	7608	0.00004
Saccharopolyspora	1835	G	3312	209	3521	0.00002
Lentzea	165301	G	3024	177	3201	0.00002
Saccharothrix	2071	G	2829	297	3126	0.00002
Kutzneria	43356	G	2549	148	2697	0.00002
Actinomycetospora	402649	G	1623	64	1687	0.00001
Actinokineospora	39845	G	1504	168	1672	0.00001
Actinosynnema	40566	G	1246	154	1400	0.00001
Saccharomonospora	1851	G	1231	116	1347	0.00001
Actinoalloteichus	65496	G	1054	19	1073	0.00001
Umezawaea	583360	G	599	39	638	0.00000
Crossiella	130795	G	511	37	548	0.00000
Kibdelosporangium	2029	G	477	16	493	0.00000
Alloactinosynnema	674734	G	322	51	373	0.00000
Allokutzneria	1137960	G	283	20	303	0.00000
Prauserella	142577	G	279	6	285	0.00000
Salinifilum	2040254	G	251	50	301	0.00000
Allosaccharopolyspora	2893576	G	209	21	230	0.00000
Nonomuraea	83681	G	5888	306	6194	0.00004
Streptosporangium	2000	G	3118	195	3313	0.00002
Microbispora	2005	G	1709	109	1818	0.00001
Microtetraspora	1995	G	723	74	797	0.00000
Sphaerisporangium	321315	G	544	34	578	0.00000
Thermobispora	147067	G	311	13	324	0.00000
Sphaerimonospora	1792303	G	274	16	290	0.00000
Spongiactinospora	2871671	G	18	1	19	0.00000
Actinomadura	1988	G	4462	351	4813	0.00003
Actinoallomurus	667113	G	1416	68	1484	0.00001
Spirillospora	58122	G	1398	137	1535	0.00001
Thermomonospora	2019	G	486	40	526	0.00000
Nocardiopsis	2013	G	2274	156	2430	0.00001
Thermobifida	83677	G	615	20	635	0.00000
Streptomonospora	104204	G	419	146	565	0.00000
Spiractinospora	2913367	G	162	1	163	0.00000
Actinomyces	1654	G	7164	362	7526	0.00004
Schaalia	2529408	G	1703	74	1777	0.00001
Flaviflexus	1522056	G	890	77	967	0.00001
Trueperella	1069494	G	678	109	787	0.00000
Actinotignum	1653174	G	335	50	385	0.00000
Arcanobacterium	28263	G	323	36	359	0.00000
Changpingibacter	2912996	G	284	48	332	0.00000
Nanchangia	2888879	G	166	1	167	0.00000
Scrofimicrobium	2815785	G	162	0	162	0.00000
Pauljensenia	2740557	G	139	23	162	0.00000
Gleimia	2692113	G	137	75	212	0.00000
Buchananella	2767323	G	107	3	110	0.00000
Actinobaculum	76833	G	85	1	86	0.00000
Mobiluncus	2050	G	68	13	81	0.00000
Varibaculum	184869	G	65	6	71	0.00000
Winkia	2692118	G	47	27	74	0.00000
Boudabousia	2767318	G	38	0	38	0.00000
Georgenia	154116	G	7132	888	8020	0.00005
Bifidobacterium	1678	G	5108	160	5268	0.00003
Gardnerella	2701	G	538	15	553	0.00000
Scardovia	196081	G	188	5	193	0.00000
Bombiscardovia	1159909	G	62	0	62	0.00000
Parascardovia	196082	G	56	2	58	0.00000
Alloscardovia	419014	G	50	0	50	0.00000
Geodermatophilus	1860	G	1988	168	2156	0.00001
Blastococcus	38501	G	1439	125	1564	0.00001
Modestobacter	88138	G	1132	97	1229	0.00001
Stackebrandtia	283810	G	3402	27	3429	0.00002
Natronoglycomyces	2838311	G	75	0	75	0.00000
Frankia	1854	G	1204	30	1234	0.00001
Pseudofrankia	2994363	G	608	14	622	0.00000
Parafrankia	2994362	G	335	11	346	0.00000
Protofrankia	2994361	G	240	14	254	0.00000
Jiangella	281472	G	1622	55	1677	0.00001
Kineococcus	33981	G	1271	60	1331	0.00001
Angustibacter	908626	G	303	9	312	0.00000
Nakamurella	53460	G	1261	23	1284	0.00001
Jatrophihabitans	1434010	G	822	13	835	0.00000
Candidatus Nanopelagicus	2039639	G	430	1	431	0.00000
Candidatus Planktophila	622681	G	364	0	364	0.00000
Epidermidibacterium	2078948	G	614	230	844	0.00000
Catenulispora	414878	G	604	17	621	0.00000
Actinopolyspora	1849	G	233	2	235	0.00000
Bounagaea	1931219	G	150	30	180	0.00000
Acidothermus	28048	G	90	0	90	0.00000
Baekduia	2600304	G	1136	73	1209	0.00001
Svornostia	3231543	G	334	16	350	0.00000
Conexibacter	191494	G	1164	59	1223	0.00001
Paraconexibacter	2758920	G	718	28	746	0.00000
Capillimicrobium	2976759	G	437	32	469	0.00000
Miltoncostaea	2843200	G	522	7	529	0.00000
Thermoleophilum	192992	G	103	1	104	0.00000
Aquihabitans	1648491	G	823	18	841	0.00000
Iamia	467975	G	784	15	799	0.00000
Dermatobacter	3075137	G	303	5	308	0.00000
Actinomarinicola	2789775	G	223	9	232	0.00000
Actinospongiicola	3449744	G	123	2	125	0.00000
Candidatus Poriferisodalis	2983190	G	886	6	892	0.00001
Candidatus Poriferisocius	2983186	G	540	9	549	0.00000
Ilumatobacter	682522	G	327	1	328	0.00000
Salinilacustrithrix	3436875	G	162	6	168	0.00000
Acidimicrobium	53634	G	33	0	33	0.00000
Candidatus Spongiisocius	2983163	G	29	0	29	0.00000
Eggerthella	84111	G	335	27	362	0.00000
Adlercreutzia	447020	G	150	21	171	0.00000
Gordonibacter	644652	G	146	60	206	0.00000
Raoultibacter	1926677	G	128	10	138	0.00000
Arabiibacter	2005386	G	113	2	115	0.00000
Slackia	84108	G	85	0	85	0.00000
Berryella	2815775	G	53	16	69	0.00000
Xiamenia	2981344	G	37	0	37	0.00000
Phoenicibacter	1981050	G	27	4	31	0.00000
Umbribacter	3472368	G	12	2	14	0.00000
Fannyhessea	2767327	G	141	19	160	0.00000
Olsenella	133925	G	137	0	137	0.00000
Thermophilibacter	2847307	G	109	3	112	0.00000
Lancefieldella	2767353	G	47	0	47	0.00000
Parafannyhessea	2847312	G	35	4	39	0.00000
Parolsenella	2082587	G	26	10	36	0.00000
Atopobium	1380	G	17	0	17	0.00000
Collinsella	102106	G	111	15	126	0.00000
Enorma	1472762	G	54	1	55	0.00000
Coriobacterium	33870	G	26	0	26	0.00000
Leptogranulimonas	2995122	G	21	0	21	0.00000
Rubrobacter	42255	G	726	0	726	0.00000
Euzebya	908623	G	248	0	248	0.00000
Egibacter	1747770	G	196	1	197	0.00000
Egicoccus	1755825	G	183	1	184	0.00000
Enterococcus	1350	G	925034	178576	1103610	0.00637
Vagococcus	2737	G	90392	9170	99562	0.00057
Tetragenococcus	51668	G	16173	3092	19265	0.00011
Melissococcus	33969	G	4430	49	4479	0.00003
Lactobacillus	1578	G	13730	768	14498	0.00008
Ligilactobacillus	2767887	G	7721	460	8181	0.00005
Companilactobacillus	2767879	G	7147	658	7805	0.00005
Pediococcus	1253	G	6756	1587	8343	0.00005
Latilactobacillus	2767885	G	5553	535	6088	0.00004
Leuconostoc	1243	G	5371	281	5652	0.00003
Lactiplantibacillus	2767842	G	4367	671	5038	0.00003
Lacticaseibacillus	2759736	G	4332	604	4936	0.00003
Liquorilactobacillus	2767888	G	3732	839	4571	0.00003
Fructilactobacillus	2767881	G	3347	96	3443	0.00002
Weissella	46255	G	3067	219	3286	0.00002
Lentilactobacillus	2767893	G	2975	221	3196	0.00002
Limosilactobacillus	2742598	G	2779	357	3136	0.00002
Levilactobacillus	2767886	G	2673	446	3119	0.00002
Loigolactobacillus	2767889	G	2652	1175	3827	0.00002
Dellaglioa	2767880	G	1698	208	1906	0.00001
Apilactobacillus	2767877	G	1584	20	1604	0.00001
Bombilactobacillus	2767878	G	1566	12	1578	0.00001
Furfurilactobacillus	2767882	G	1097	139	1236	0.00001
Paucilactobacillus	2767890	G	1037	266	1303	0.00001
Secundilactobacillus	2767892	G	1012	281	1293	0.00001
Oenococcus	46254	G	919	50	969	0.00001
Agrilactobacillus	2767875	G	801	28	829	0.00000
Xylocopilactobacillus	3118928	G	575	0	575	0.00000
Holzapfeliella	2767883	G	447	2	449	0.00000
Lapidilactobacillus	2767884	G	300	7	307	0.00000
Amylolactobacillus	2767876	G	282	48	330	0.00000
Nicoliella	2978367	G	220	2	222	0.00000
Fructobacillus	559173	G	177	1	178	0.00000
Acetilactobacillus	2767874	G	107	0	107	0.00000
Periweissella	2930384	G	65	0	65	0.00000
Schleiferilactobacillus	2767891	G	53	0	53	0.00000
Streptococcus	1301	G	58373	2274	60647	0.00035
Lactococcus	1357	G	17142	3426	20568	0.00012
Pseudolactococcus	3436058	G	4664	412	5076	0.00003
Floricoccus	1930830	G	1302	10	1312	0.00001
Carnobacterium	2747	G	24351	1859	26210	0.00015
Jeotgalibaca	1470540	G	8053	741	8794	0.00005
Granulicatella	117563	G	3916	1018	4934	0.00003
Trichococcus	82802	G	1661	99	1760	0.00001
Dolosigranulum	29393	G	1247	30	1277	0.00001
Desemzia	82800	G	1145	283	1428	0.00001
Alkalibacterium	99906	G	1028	36	1064	0.00001
Marinilactibacillus	191769	G	742	157	899	0.00001
Alloiococcus	1651	G	171	2	173	0.00000
Aerococcus	1375	G	3651	260	3911	0.00002
Globicatella	13075	G	1719	29	1748	0.00001
Fundicoccus	2761542	G	1547	44	1591	0.00001
Tuanshanicoccus	3465067	G	818	13	831	0.00000
Ruoffia	2862144	G	336	50	386	0.00000
Ignavigranum	89092	G	334	6	340	0.00000
Abiotrophia	46123	G	296	5	301	0.00000
Suicoccus	2689587	G	214	20	234	0.00000
Paenibacillus	44249	G	161809	1736	163545	0.00094
Brevibacillus	55080	G	2993	29	3022	0.00002
Cohnella	329857	G	813	13	826	0.00000
Aneurinibacillus	55079	G	325	4	329	0.00000
Thermobacillus	76632	G	251	4	255	0.00000
Pristimantibacillus (SeqCode)	2994560	G	244	6	250	0.00000
Saccharibacillus	456492	G	94	0	94	0.00000
Listeria	1637	G	162004	18320	180324	0.00104
Paenilisteria	3373705	G	1374	15	1389	0.00001
Brochothrix	2755	G	1195	35	1230	0.00001
Bacillus	1386	G	38729	3238	41967	0.00024
Lysinibacillus	400634	G	10182	476	10658	0.00006
Neobacillus	2675232	G	9273	516	9789	0.00006
Niallia	2837506	G	9049	686	9735	0.00006
Priestia	2800373	G	7786	497	8283	0.00005
Peribacillus	2675229	G	7051	357	7408	0.00004
Oceanobacillus	182709	G	6311	230	6541	0.00004
Virgibacillus	84406	G	5067	128	5195	0.00003
Cytobacillus	2675230	G	4878	665	5543	0.00003
Metabacillus	2675233	G	4834	296	5130	0.00003
Psychrobacillus	1221880	G	3814	165	3979	0.00002
Shouchella	2893057	G	2807	97	2904	0.00002
Halobacillus	45667	G	2733	137	2870	0.00002
Heyndrickxia	2837504	G	2678	377	3055	0.00002
Rossellomorea	2837508	G	2085	132	2217	0.00001
Sutcliffiella	2837511	G	1892	86	1978	0.00001
Caldifermentibacillus	3034001	G	1597	7035	8632	0.00005
Gracilibacillus	74385	G	1486	43	1529	0.00001
Mesobacillus	2675231	G	1429	92	1521	0.00001
Alkalihalobacillus	2675234	G	1407	59	1466	0.00001
Cerasibacillus	227864	G	1051	73	1124	0.00001
Amphibacillus	29331	G	1033	59	1092	0.00001
Pontibacillus	289201	G	1007	16	1023	0.00001
Salipaludibacillus	1884449	G	925	20	945	0.00001
Lentibacillus	175304	G	833	14	847	0.00000
Evansella	2837485	G	829	27	856	0.00000
Terribacillus	459532	G	771	21	792	0.00000
Ornithinibacillus	484508	G	756	74	830	0.00000
Radiobacillus	2785518	G	712	23	735	0.00000
Fervidibacillus	3033930	G	681	26	707	0.00000
Pseudobacillus	108525	G	594	93	687	0.00000
Anaerobacillus	704093	G	589	27	616	0.00000
Gottfriedia	2837503	G	561	18	579	0.00000
Aeribacillus	1055323	G	539	543	1082	0.00001
Salicibibacter	2685905	G	520	0	520	0.00000
Schinkia	2837509	G	482	20	502	0.00000
Alkalihalophilus	2893060	G	481	26	507	0.00000
Halalkalibacter	2893056	G	428	47	475	0.00000
Lederbergia	2804231	G	385	7	392	0.00000
Paraliobacillus	200903	G	350	8	358	0.00000
Robertmurraya	2837507	G	328	22	350	0.00000
Falsibacillus	1270155	G	312	14	326	0.00000
Allobacillus	1400133	G	300	7	307	0.00000
Alkalibacillus	331654	G	297	1	298	0.00000
Pradoshia	2651279	G	291	12	303	0.00000
Domibacillus	1433999	G	263	14	277	0.00000
Siminovitchia	2837510	G	228	10	238	0.00000
Mangrovibacillus	2920444	G	210	10	220	0.00000
Ectobacillus	2837502	G	167	6	173	0.00000
Paenalkalicoccus	2944627	G	147	47	194	0.00000
Salimicrobium	351195	G	125	3	128	0.00000
Paraperibacillus	3450404	G	115	4	119	0.00000
Salisediminibacterium	1434042	G	112	2	114	0.00000
Aciduricibacillus	3158337	G	104	4	108	0.00000
Sediminibacillus	482460	G	98	3	101	0.00000
Caldalkalibacillus	379065	G	88	16	104	0.00000
Alkalicoccus	2005375	G	78	1	79	0.00000
Tepidibacillus	1494427	G	65	2	67	0.00000
Halalkalibacterium (ex Joshi et al. 2022)	2893055	G	59	2	61	0.00000
Caldibacillus	1276290	G	56	1255	1311	0.00001
Staphylococcus	1279	G	23101	1355	24456	0.00014
Mammaliicoccus	2803850	G	5062	299	5361	0.00003
Macrococcus	69965	G	3031	353	3384	0.00002
Salinicoccus	45669	G	803	25	828	0.00000
Macrococcoides	3076173	G	794	180	974	0.00001
Jeotgalicoccus	227979	G	295	13	308	0.00000
Nosocomiicoccus	489909	G	216	6	222	0.00000
Sporosarcina	1569	G	4769	202	4971	0.00003
Planococcus	1372	G	3664	136	3800	0.00002
Solibacillus	648800	G	2716	241	2957	0.00002
Ureibacillus	160795	G	1565	282	1847	0.00001
Paenisporosarcina	651660	G	1279	114	1393	0.00001
Rummeliibacillus	648802	G	1045	108	1153	0.00001
Kurthia	1649	G	722	88	810	0.00000
Viridibacillus	496496	G	639	58	697	0.00000
Jeotgalibacillus	157226	G	438	24	462	0.00000
Chryseomicrobium	889388	G	230	22	252	0.00000
Metasolibacillus	2703677	G	97	9	106	0.00000
Anoxybacillus	150247	G	1224	104	1328	0.00001
Parageobacillus	1906945	G	846	356	1202	0.00001
Geobacillus	129337	G	704	798	1502	0.00001
Anoxybacteroides	3389905	G	502	37	539	0.00000
Thermaerobacillus	3390020	G	319	44	363	0.00000
Saccharococcus	29395	G	63	28	91	0.00000
Fictibacillus	1329200	G	1481	102	1583	0.00001
Pseudalkalibacillus	2893058	G	926	43	969	0.00001
Exiguobacterium	33986	G	1831	57	1888	0.00001
Hydrogenibacillus	1609627	G	72	0	72	0.00000
Alicyclobacillus	29330	G	879	2	881	0.00001
Fodinisporobacter	3156481	G	403	2	405	0.00000
Tumebacillus	432330	G	176	1	177	0.00000
Kyrpidia	1129704	G	60	0	60	0.00000
Effusibacillus	1502725	G	17	0	17	0.00000
Gemella	1378	G	1017	48	1065	0.00001
Sporolactobacillus	2077	G	459	4	463	0.00000
Pullulanibacillus	475230	G	363	7	370	0.00000
Guptibacillus	3421338	G	616	70	686	0.00000
Novibacillus	1677050	G	231	7	238	0.00000
Laceyella	292635	G	88	1	89	0.00000
Kroppenstedtia	1274351	G	85	0	85	0.00000
Thermoactinomyces	2023	G	45	0	45	0.00000
Polycladomyces	1348505	G	44	0	44	0.00000
Staphylospora	2689589	G	41	0	41	0.00000
Abyssicoccus	1955413	G	316	62	378	0.00000
Clostridium	1485	G	66950	1914	68864	0.00040
Lactonifactor	420345	G	1009	120	1129	0.00001
Wukongibacter	1884926	G	911	5	916	0.00001
Crassaminicella	1848399	G	811	12	823	0.00000
Haloimpatiens	1755832	G	792	80	872	0.00001
Caloramator	44258	G	564	16	580	0.00000
Oceanirhabdus	1434026	G	367	2	369	0.00000
Hathewaya	1769729	G	208	5	213	0.00000
Sarcina	1266	G	203	7	210	0.00000
Candidatus Neoarthromitus	49082	G	124	0	124	0.00000
Proteiniclasticum	1155385	G	55	1	56	0.00000
Ruminococcus	1263	G	1626	284	1910	0.00001
Faecalibacterium	216851	G	876	110	986	0.00001
Petroclostridium	2304687	G	509	6	515	0.00000
Ruminiclostridium	1508657	G	503	46	549	0.00000
Caproicibacterium	2834348	G	490	67	557	0.00000
Fastidiosipila	236752	G	342	58	400	0.00000
Acidaminobacterium	3570270	G	266	0	266	0.00000
Paludihabitans	2038676	G	198	0	198	0.00000
Flavonifractor	946234	G	119	12	131	0.00000
Vescimonas	2892396	G	111	37	148	0.00000
Subdoligranulum	292632	G	106	10	116	0.00000
Thermoclostridium	2304691	G	102	13	115	0.00000
Dysosmobacter	2591381	G	87	142	229	0.00000
Ruthenibacterium	1905344	G	74	5	79	0.00000
Pseudoflavonifractor	1017280	G	68	4	72	0.00000
Anaerotruncus	244127	G	68	12	80	0.00000
Hominenteromicrobium	3073575	G	63	28	91	0.00000
Amygdalobacter	3079925	G	59	2	61	0.00000
Ethanoligenens	253238	G	56	2	58	0.00000
Thermocaproicibacter	3048127	G	54	9	63	0.00000
Bengtsoniella	3389389	G	53	0	53	0.00000
Oscillibacter	459786	G	50	6	56	0.00000
Owariibacterium	3393728	G	46	11	57	0.00000
Solibaculum	2842531	G	43	7	50	0.00000
Lawsonibacter	2172004	G	29	1	30	0.00000
Mageeibacillus	1637257	G	25	1	26	0.00000
Pusillibacter	2892397	G	17	3	20	0.00000
Eubacterium	1730	G	1742	389	2131	0.00001
Acetobacterium	33951	G	581	6	587	0.00000
Anaerofustis	264995	G	102	6	108	0.00000
Pseudoramibacter	113286	G	82	0	82	0.00000
Alkalibacter	274470	G	21	0	21	0.00000
Desulfosporosinus	79206	G	721	4	725	0.00000
Desulfitobacterium	36853	G	523	6	529	0.00000
Dehalobacter	56112	G	174	12	186	0.00000
Syntrophobotulus	51196	G	60	0	60	0.00000
Thermaerobacter	73918	G	300	0	300	0.00000
Sulfobacillus	28033	G	157	0	157	0.00000
Fenollaria	1686313	G	315	26	341	0.00000
Proteiniborus	415014	G	304	14	318	0.00000
Intestinimonas	1392389	G	99	7	106	0.00000
Flintibacter	1918454	G	27	1	28	0.00000
Levyella	1715798	G	21	1	22	0.00000
Carboxydocella	178898	G	11	0	11	0.00000
Desulforamulus	2916693	G	355	7	362	0.00000
Desulfofarcimen	2282742	G	83	0	83	0.00000
Candidatus Formimonas	2840454	G	64	0	64	0.00000
Desulfofundulus	2282741	G	63	0	63	0.00000
Thermanaerosceptrum	2651578	G	61	0	61	0.00000
Dehalobacterium	51514	G	49	4	53	0.00000
Phosphitispora	2903061	G	40	2	42	0.00000
Acididesulfobacillus	2924872	G	32	0	32	0.00000
Caproiciproducens	1738645	G	286	79	365	0.00000
Caproicibacter	2576755	G	229	17	246	0.00000
Acutalibacter	1918385	G	90	2	92	0.00000
Syntrophomonas	862	G	474	3	477	0.00000
Candidatus Syntrophocurvum	2293313	G	105	0	105	0.00000
Syntrophothermus	129001	G	35	0	35	0.00000
Agathobaculum	2048137	G	243	100	343	0.00000
Butyricicoccus	580596	G	186	25	211	0.00000
Tianxiuia	3680000	G	246	0	246	0.00000
Fusibacter	76008	G	118	0	118	0.00000
Helicovermis	3136917	G	110	0	110	0.00000
Alkalicella	2838170	G	215	0	215	0.00000
Proteinivorax	1491776	G	199	0	199	0.00000
Aristaeella	3046369	G	200	0	200	0.00000
Caldinitratiruptor	1006480	G	75	0	75	0.00000
Symbiobacterium	2733	G	74	0	74	0.00000
Desulfoscipio	2867376	G	145	0	145	0.00000
Thermincola	278993	G	101	2	103	0.00000
Heliorestis	79598	G	42	0	42	0.00000
Heliomicrobium	2831443	G	28	1	29	0.00000
Desulfotomaculum	1562	G	17	3	20	0.00000
Blautia	572511	G	13819	3902	17721	0.00010
Lacrimispora	2719231	G	5879	78	5957	0.00003
Anaerocolumna	1843210	G	5388	15	5403	0.00003
Mediterraneibacter	2316020	G	4963	1710	6673	0.00004
Roseburia	841	G	3907	712	4619	0.00003
Anaerostipes	207244	G	2807	288	3095	0.00002
Lachnoclostridium	1506553	G	2384	207	2591	0.00001
Dorea	189330	G	1876	810	2686	0.00002
Hungatella	1649459	G	1854	358	2212	0.00001
Enterocloster	2719313	G	1615	200	1815	0.00001
Kineothrix	2163168	G	1357	15	1372	0.00001
Anaerobutyricum	2569097	G	1222	315	1537	0.00001
Butyrivibrio	830	G	1126	8	1134	0.00001
Sellimonas	1769710	G	1064	231	1295	0.00001
Eisenbergiella	1432051	G	894	179	1073	0.00001
Allocoprococcus	3569723	G	655	335	990	0.00001
Otoolea	2941495	G	648	99	747	0.00000
Candidatus Epulonipiscium	2383	G	641	20	661	0.00000
Marvinbryantia	248744	G	604	49	653	0.00000
Jutongia	2944194	G	597	54	651	0.00000
Claveliimonas	3076670	G	594	62	656	0.00000
Novisyntrophococcus	2888809	G	575	32	607	0.00000
Coprococcus	33042	G	519	64	583	0.00000
Faecalimonas	2005355	G	496	230	726	0.00000
Anaeromicropila	3024823	G	481	3	484	0.00000
Pseudobutyrivibrio	46205	G	447	7	454	0.00000
Lachnoanaerobaculum	1164882	G	433	11	444	0.00000
Agathobacter	1766253	G	422	199	621	0.00000
Wansuia	2944198	G	373	22	395	0.00000
Qiania	2944195	G	322	31	353	0.00000
Chakrabartyella	3088373	G	296	14	310	0.00000
Lachnospira	28050	G	292	24	316	0.00000
Herbinix	1663717	G	290	70	360	0.00000
Eshraghiella	3342669	G	270	70	340	0.00000
Hominifimenecus	3073585	G	198	0	198	0.00000
Tyzzerella	1506577	G	162	5	167	0.00000
Anaeropeptidivorans	2997360	G	159	0	159	0.00000
Simiaoa	2944193	G	115	31	146	0.00000
Chordicoccus	3031933	G	93	2	95	0.00000
Wujia	2944152	G	84	24	108	0.00000
Stomatobaculum	1213720	G	81	0	81	0.00000
Sporofaciens	2811390	G	26	0	26	0.00000
Cellulosilyticum	698776	G	4101	44	4145	0.00002
Vallitalea	1348611	G	1133	9	1142	0.00001
Petrocella	2603323	G	208	6	214	0.00000
Defluviitalea	1185408	G	414	134	548	0.00000
Anaerotignum	2039240	G	337	84	421	0.00000
Clostridioides	1870884	G	3784	965	4749	0.00003
Romboutsia	1501226	G	2943	489	3432	0.00002
Paraclostridium	1849822	G	2915	156	3071	0.00002
Terrisporobacter	1505652	G	2908	130	3038	0.00002
Faecalimicrobium	3120164	G	1651	264	1915	0.00001
Peptacetobacter	2743582	G	761	54	815	0.00000
Tepidibacter	214904	G	456	7	463	0.00000
Peptostreptococcus	1257	G	317	14	331	0.00000
Intestinibacter	1505657	G	281	36	317	0.00000
Emergencia	1926556	G	500	30	530	0.00000
Aminipila	2060094	G	328	8	336	0.00000
Mogibacterium	86331	G	222	14	236	0.00000
Anoxybacterium	3408579	G	210	1	211	0.00000
Sinanaerobacter	2886866	G	137	2	139	0.00000
Ihubacter	1926667	G	74	3	77	0.00000
Alkaliphilus	114627	G	937	12	949	0.00001
Andreesenella	3685825	G	235	1	236	0.00000
Serpentinicella	1890059	G	74	0	74	0.00000
Filifactor	44259	G	387	90	477	0.00000
Acetoanaerobium	186831	G	319	3	322	0.00000
Geosporobacter	390805	G	453	9	462	0.00000
Caminicella	166484	G	163	3	166	0.00000
Peptoclostridium	1481960	G	40	1	41	0.00000
Thermoanaerobacterium	28895	G	1895	32	1927	0.00001
Thermoanaerobacter	1754	G	866	68	934	0.00001
Carboxydothermus	129957	G	143	0	143	0.00000
Caldanaerobacter	249529	G	94	6	100	0.00000
Aceticella	3051499	G	52	0	52	0.00000
Gelria	189326	G	29	0	29	0.00000
Desulfothermobacter	2079011	G	27	0	27	0.00000
Thermacetogenium	140458	G	20	1	21	0.00000
Candidatus Desulforudis	471826	G	63	0	63	0.00000
Halanaerobium	2330	G	328	0	328	0.00000
Halocella	46466	G	59	96	155	0.00000
Iocasia	2899804	G	39	66	105	0.00000
Acetohalobium	28186	G	133	0	133	0.00000
Halobacteroides	42417	G	119	1	120	0.00000
Natroniella	52003	G	89	0	89	0.00000
Anoxybacter	1769008	G	228	0	228	0.00000
Halothermothrix	32636	G	38	0	38	0.00000
Acetivibrio	35829	G	808	93	901	0.00001
Natranaerobius	375928	G	338	0	338	0.00000
Natranaerofaba	2807497	G	235	0	235	0.00000
Neomoorella	44260	G	322	0	322	0.00000
Thermanaeromonas	202949	G	10	0	10	0.00000
Metallumcola	3234175	G	106	0	106	0.00000
Zhaonella	2748674	G	77	0	77	0.00000
Christensenella	990721	G	319	28	347	0.00000
Tepidanaerobacter	499228	G	126	0	126	0.00000
Biomaibacter	2770094	G	56	0	56	0.00000
Thermosediminibacter	291988	G	18	0	18	0.00000
Monoglobus	2039302	G	191	33	224	0.00000
Koleobacter	2786989	G	56	0	56	0.00000
Mahella	252965	G	39	1	40	0.00000
Erysipelothrix	1647	G	2418	52	2470	0.00001
Hoskinsella	3681505	G	367	189	556	0.00000
Bulleidia	118747	G	362	18	380	0.00000
Amedibacterium	2749267	G	299	78	377	0.00000
Allocoprobacillus	3059504	G	287	20	307	0.00000
Allobaculum	174708	G	149	0	149	0.00000
Solobacterium	123375	G	92	37	129	0.00000
Holdemania	61170	G	90	17	107	0.00000
Longicatena	1918536	G	73	35	108	0.00000
Intestinibaculum	2679910	G	44	0	44	0.00000
Faecalibaculum	1729679	G	34	0	34	0.00000
Massilimicrobiota	1924110	G	11	85	96	0.00000
Thomasclavelia	3025755	G	770	81	851	0.00000
Faecalibacillus	2678885	G	698	133	831	0.00000
Catenibacterium	135858	G	379	7	386	0.00000
Tannockella	2943184	G	274	2	276	0.00000
Turicibacter	191303	G	2022	56	2078	0.00001
Megamonas	158846	G	2082	15	2097	0.00001
Selenomonas	970	G	594	1	595	0.00000
Pectinatus	864	G	362	4	366	0.00000
Mitsuokella	52225	G	100	3	103	0.00000
Sporomusa	2375	G	1227	20	1247	0.00001
Pelosinus	365348	G	823	14	837	0.00000
Methylomusa	2093783	G	164	2	166	0.00000
Anaerosinus	151037	G	145	1	146	0.00000
Phascolarctobacterium	33024	G	1136	13	1149	0.00001
Acidaminococcus	904	G	174	5	179	0.00000
Megasphaera	906	G	502	15	517	0.00000
Veillonella	29465	G	446	2	448	0.00000
Dialister	39948	G	153	2	155	0.00000
Peptoniphilus	162289	G	698	141	839	0.00000
Parvimonas	543311	G	643	57	700	0.00000
Anaerococcus	165779	G	584	38	622	0.00000
Helcococcus	31983	G	549	42	591	0.00000
Miniphocaeibacter	2126548	G	245	0	245	0.00000
Finegoldia	150022	G	241	43	284	0.00000
Microaceticoccus	3421489	G	110	0	110	0.00000
Aedoeadaptatus	2981628	G	48	0	48	0.00000
Tissierella	41273	G	1260	8	1268	0.00001
Gudongella	2692382	G	32	0	32	0.00000
Schnuerera	2794837	G	309	14	323	0.00000
Keratinibaculum	1354809	G	147	7	154	0.00000
Acidilutibacter	2992720	G	271	20	291	0.00000
Gottschalkia	1505664	G	184	1	185	0.00000
Sporanaerobacter	165812	G	94	5	99	0.00000
Caloranaerobacter	171003	G	74	1	75	0.00000
Sedimentibacter	190972	G	835	4	839	0.00000
Ezakiella	1582879	G	33	17	50	0.00000
Caldicellulosiruptor	44000	G	1381	49	1430	0.00001
Anaerocellum	32631	G	46	15	61	0.00000
Geochorda	3366854	G	102	0	102	0.00000
Carboxydichorda	3366853	G	62	0	62	0.00000
Limnochorda	1676651	G	105	181	286	0.00000
Candidatus Contubernalis	338648	G	48	0	48	0.00000
Nostoc	1177	G	3469	57	3526	0.00002
Anabaena	1163	G	1039	719	1758	0.00001
Trichormus	264688	G	91	2	93	0.00000
Richelia	98443	G	56	1	57	0.00000
Cylindrospermum	56106	G	45	0	45	0.00000
Okeanomitos	3231549	G	251	24	275	0.00000
Dolichospermum	748770	G	150	174	324	0.00000
Cylindrospermopsis	77021	G	120	7	127	0.00000
Sphaerospermopsis	752201	G	40	5	45	0.00000
Halotia	1620790	G	182	4	186	0.00000
Nodularia	159191	G	167	2	169	0.00000
Aliinostoc	2035978	G	119	17	136	0.00000
Anabaenopsis	110103	G	51	1	52	0.00000
Tolypothrix	111782	G	465	4	469	0.00000
Chlorogloeopsis	1123	G	415	0	415	0.00000
Rivularia	373984	G	398	1	399	0.00000
Calothrix	1186	G	314	4	318	0.00000
Fischerella	1190	G	246	21	267	0.00000
Brasilonema	383614	G	53	0	53	0.00000
Prochlorococcus	1218	G	2399	16	2415	0.00001
Cyanobium	167375	G	639	38	677	0.00000
Parasynechococcus	2881427	G	13	6	19	0.00000
Synechococcus	1129	G	2028	67	2095	0.00001
Synechocystis	1142	G	195	3	198	0.00000
Altericista	2855430	G	65	0	65	0.00000
Geminocystis	669357	G	648	5	653	0.00000
Cyanobacterium	102234	G	594	9	603	0.00000
Picosynechococcus	3079908	G	266	4	270	0.00000
Gloeothece	28070	G	231	1	232	0.00000
Rippkaea	2546365	G	141	1	142	0.00000
Crocosphaera	263510	G	116	0	116	0.00000
Candidatus Atelocyanobacterium	1453359	G	102	1	103	0.00000
Microcystis	1125	G	358	8	366	0.00000
Halothece	76023	G	276	16	292	0.00000
Euhalothece	65097	G	21	0	21	0.00000
Gloeocapsopsis	693222	G	125	8	133	0.00000
Gloeocapsa	102231	G	96	2	98	0.00000
Limnospira	2596745	G	830	14	844	0.00000
Capilliphycus	2768926	G	47	0	47	0.00000
Planktothrix	54304	G	584	17	601	0.00000
Microcoleus	44471	G	136	18	154	0.00000
Trichodesmium	1205	G	104	0	104	0.00000
Oxynema	1492710	G	87	1	88	0.00000
Koinonema	2023214	G	58	0	58	0.00000
Planktothricoides	132607	G	55	1	56	0.00000
Phormidium	1198	G	50	13	63	0.00000
Allocoleopsis	2886347	G	1176	26	1202	0.00001
Moorena	1155738	G	98	0	98	0.00000
Leptolyngbya	47251	G	700	162	862	0.00000
Leptothermofonsia	2917830	G	243	11	254	0.00000
Kovacikia	1874526	G	61	1	62	0.00000
Leptodesmis	2664261	G	57	5	62	0.00000
Trichothermofontia	3045815	G	22	0	22	0.00000
Pleurocapsa	44474	G	337	8	345	0.00000
Stanieria	102115	G	333	3	336	0.00000
Pseudanabaena	1152	G	359	3	362	0.00000
Limnothrix	132605	G	26	0	26	0.00000
Thalassoporum	2799719	G	141	1	142	0.00000
Dactylococcopsis	13034	G	370	26	396	0.00000
Nodosilinea	1120752	G	86	3	89	0.00000
Halomicronema	170610	G	28	0	28	0.00000
Gloeobacter	33071	G	383	0	383	0.00000
Anthocerotibacter	2857076	G	66	0	66	0.00000
Acaryochloris	155977	G	279	0	279	0.00000
Thermosynechococcus	146785	G	62	0	62	0.00000
Parathermosynechococcus	3161592	G	10	0	10	0.00000
Chroococcidiopsis	54298	G	326	7	333	0.00000
Crinalium	241421	G	226	4	230	0.00000
Chamaesiphon	217161	G	55	0	55	0.00000
Desertifilum	1185872	G	102	2	104	0.00000
Egbenema	3079668	G	41	1	42	0.00000
Thermoleptolyngbya	2303528	G	35	9	44	0.00000
Thermocoleostomius	3065395	G	20	0	20	0.00000
Gloeomargarita	1188227	G	18	0	18	0.00000
Geitlerinema	63132	G	15	227	242	0.00000
Spiroplasma	2132	G	4427	86	4513	0.00003
Mesoplasma	46239	G	945	99	1044	0.00001
Entomoplasma	46238	G	16	2	18	0.00000
Williamsoniiplasma	2919614	G	108	12	120	0.00000
Mycoplasma	2093	G	3736	290	4026	0.00002
Candidatus Hepatoplasma	295595	G	20	11	31	0.00000
Acholeplasma	2147	G	774	7	781	0.00000
Candidatus Phytoplasma	33926	G	514	4	518	0.00000
Haploplasma	2903106	G	199	0	199	0.00000
Mariniplasma	2903100	G	72	0	72	0.00000
Candidatus Izemoplasma	2975549	G	130	0	130	0.00000
Candidatus Xianfuyuplasma	2975521	G	16	0	16	0.00000
Hujiaoplasma	3078171	G	47	6	53	0.00000
Mycoplasmopsis	2767358	G	2821	48	2869	0.00002
Mesomycoplasma	2923352	G	1014	6	1020	0.00001
Metamycoplasma	2895509	G	923	47	970	0.00001
Ureaplasma	2129	G	308	0	308	0.00000
Malacoplasma	2791001	G	151	4	155	0.00000
Mycoplasmoides	2995234	G	123	2	125	0.00000
Chloroflexus	1107	G	170	0	170	0.00000
Roseiflexus	120961	G	165	0	165	0.00000
Candidatus Chlorohelix	3139173	G	63	0	63	0.00000
Thermobaculum	262406	G	48	0	48	0.00000
Dehalococcoides	61434	G	92	0	92	0.00000
Dehalogenimonas	670486	G	75	0	75	0.00000
Candidatus Lucifugimonas	3143249	G	160	0	160	0.00000
Candidatus Leptofilum	3140596	G	174	0	174	0.00000
Candidatus Promineifilum	1988031	G	135	0	135	0.00000
Tepidiforma	2682228	G	207	0	207	0.00000
Candidatus Brevifilum	2019482	G	70	0	70	0.00000
Anaerolinea	233189	G	60	0	60	0.00000
Pelolinea	1649478	G	60	0	60	0.00000
Caldilinea	233191	G	173	0	173	0.00000
Ktedonosporobacter	2692417	G	79	0	79	0.00000
Thermoflexus	1495649	G	70	0	70	0.00000
Phototrophicus	2922426	G	30	0	30	0.00000
Capsulimonas	2494209	G	91	0	91	0.00000
Fimbriimonas	1005038	G	23	0	23	0.00000
Chthonomonas	1077265	G	22	0	22	0.00000
Vulcanimicrobium	3016049	G	86	0	86	0.00000
Fusobacterium	848	G	5725	125	5850	0.00003
Cetobacterium	180162	G	1660	95	1755	0.00001
Ilyobacter	167639	G	481	3	484	0.00000
Leptotrichia	32067	G	2174	6	2180	0.00001
Sebaldella	32068	G	279	0	279	0.00000
Sneathia	168808	G	278	0	278	0.00000
Streptobacillus	34104	G	198	0	198	0.00000
Pseudoleptotrichia	2755140	G	175	0	175	0.00000
Haliovirga	3072462	G	104	0	104	0.00000
Deinococcus	1298	G	3750	0	3750	0.00002
Thermus	270	G	491	1	492	0.00000
Meiothermus	65551	G	122	1	123	0.00000
Oceanithermus	208447	G	55	0	55	0.00000
Allomeiothermus	2935559	G	40	1	41	0.00000
Marinithermus	186191	G	37	0	37	0.00000
Truepera	332248	G	109	0	109	0.00000
Oceanotoga	1255275	G	706	1	707	0.00000
Marinitoga	160798	G	385	0	385	0.00000
Tepiditoga	2778400	G	115	0	115	0.00000
Defluviitoga	1511648	G	95	1	96	0.00000
Petrotoga	28236	G	51	0	51	0.00000
Thermosipho	2420	G	436	0	436	0.00000
Fervidobacterium	2422	G	287	0	287	0.00000
Thermotoga	2335	G	277	0	277	0.00000
Pseudothermotoga	1643951	G	153	0	153	0.00000
Athalassotoga	1769718	G	101	0	101	0.00000
Mesotoga	1184396	G	53	0	53	0.00000
Kosmotoga	651456	G	23	0	23	0.00000
Pyramidobacter	638847	G	165	0	165	0.00000
Jonquetella	428711	G	151	0	151	0.00000
Aminobacterium	81466	G	186	0	186	0.00000
Fretibacterium	1434006	G	36	0	36	0.00000
Cloacibacillus	508459	G	69	0	69	0.00000
Aminomonas	81411	G	29	0	29	0.00000
Thermanaerovibrio	81461	G	18	0	18	0.00000
Aminirod	3415218	G	11	42	53	0.00000
Candidatus Nanosynbacter	2093823	G	218	50	268	0.00000
Candidatus Southlakia	3350975	G	41	1	42	0.00000
Candidatus Saccharimonas	1331051	G	22	0	22	0.00000
Candidatus Mycosynbacter	2831665	G	77	0	77	0.00000
Candidatus Absconditicoccus	2900570	G	180	0	180	0.00000
Fervidibacter	1448928	G	63	0	63	0.00000
Minisyncoccus	3238478	G	29	0	29	0.00000
Candidatus Chazhemtobacterium	2715734	G	17	0	17	0.00000
Candidatus Bipolaricaulis	2250122	G	42	0	42	0.00000
Candidatus Chromulinivorax	2953757	G	19	0	19	0.00000
Candidatus Babela	1551504	G	13	394	407	0.00000
Persicimonas	2766927	G	214	0	214	0.00000
Bradymonas	1779136	G	79	0	79	0.00000
Allomicrovenator	2946507	G	36	0	36	0.00000
Dissulfurimicrobium	1769732	G	32	0	32	0.00000
Homo	9605	G	2325738	140095	2465833	0.01423
Fusarium	5506	G	8918	639	9557	0.00006
Trichoderma	5543	G	1585	158	1743	0.00001
Ustilaginoidea	124426	G	546	22	568	0.00000
Metarhizium	5529	G	425	13	438	0.00000
Pochonia	243023	G	329	11	340	0.00000
Purpureocillium	1052105	G	647	50	697	0.00000
Drechmeria	98402	G	478	13	491	0.00000
Akanthomyces	150366	G	725	38	763	0.00000
Colletotrichum	5455	G	2186	130	2316	0.00001
Neurospora	5140	G	1628	135	1763	0.00001
Sordaria	5146	G	419	104	523	0.00000
Remersonia	72143	G	714	46	760	0.00000
Thermothelomyces	1920207	G	515	18	533	0.00000
Thermothielavioides	2609811	G	492	35	527	0.00000
Podospora	5144	G	904	18	922	0.00001
Pyricularia	48558	G	2313	8	2321	0.00001
Botrytis	33196	G	782	38	820	0.00000
Aspergillus	5052	G	3384	64	3448	0.00002
Penicillium	5073	G	978	64	1042	0.00001
Talaromyces	5094	G	1008	77	1085	0.00001
Coccidioides	5500	G	354	37	391	0.00000
Pyrenophora	5027	G	317	112	429	0.00000
Alternaria	5598	G	215	12	227	0.00000
Ascochyta	5453	G	489	19	508	0.00000
Fulvia	2897311	G	324	5	329	0.00000
Zymoseptoria	1047167	G	298	2	300	0.00000
Cercospora	29002	G	272	17	289	0.00000
Candida	5475	G	1715	85	1800	0.00001
Lodderomyces	36913	G	900	151	1051	0.00001
Debaryomyces	4958	G	330	3	333	0.00000
Scheffersomyces	766733	G	261	15	276	0.00000
Yamadazyma	766765	G	246	38	284	0.00000
Australozyma	3300567	G	275	5	280	0.00000
Candidozyma	3303203	G	161	9	170	0.00000
Pichia	4919	G	2466	237	2703	0.00002
Brettanomyces	13366	G	850	97	947	0.00001
Komagataella	460517	G	278	1	279	0.00000
Ogataea	461281	G	134	8	142	0.00000
Saccharomyces	4930	G	1733	64	1797	0.00001
Naumovozyma	278028	G	956	43	999	0.00001
Henningerozyma	3163253	G	881	46	927	0.00001
Tetrapisispora	113604	G	665	16	681	0.00000
Eremothecium	33170	G	586	209	795	0.00000
Kluyveromyces	4910	G	469	47	516	0.00000
Zygosaccharomyces	4953	G	369	20	389	0.00000
Torulaspora	4948	G	320	26	346	0.00000
Kazachstania	71245	G	301	12	313	0.00000
Nakaseomyces	374468	G	233	46	279	0.00000
Huiozyma	3163251	G	227	11	238	0.00000
Zygotorulaspora	1196389	G	218	46	264	0.00000
Lachancea	300275	G	178	15	193	0.00000
Saccharomycodes	36034	G	444	94	538	0.00000
Sugiyamaella	410829	G	238	25	263	0.00000
Yarrowia	4951	G	173	0	173	0.00000
Schizosaccharomyces	4895	G	577	34	611	0.00000
Kwoniella	490731	G	2994	38	3032	0.00002
Cryptococcus	5206	G	1501	20	1521	0.00001
Vanrija	1851468	G	408	23	431	0.00000
Cutaneotrichosporon	1838142	G	318	4	322	0.00000
Psilocybe	71950	G	939	3	942	0.00001
Marasmius	34448	G	200	1	201	0.00000
Rhizoctonia	1322061	G	555	0	555	0.00000
Puccinia	5296	G	2203	40	2243	0.00001
Malassezia	55193	G	576	53	629	0.00000
Sporisorium	63265	G	224	22	246	0.00000
Mycosarcoma	2689624	G	193	1	194	0.00000
Rhizophagus	1129544	G	4589	277	4866	0.00003
Vairimorpha	6038	G	458	5	463	0.00000
Encephalitozoon	6033	G	170	0	170	0.00000
Lathyrus	3853	G	31006	1296	32302	0.00019
Vicia	3904	G	20556	695	21251	0.00012
Medicago	3877	G	9927	585	10512	0.00006
Trifolium	3898	G	7080	4126	11206	0.00006
Cicer	3826	G	11899	670	12569	0.00007
Lotus	3867	G	9096	757	9853	0.00006
Vigna	3913	G	37434	3506	40940	0.00024
Glycine	3846	G	22012	1235	23247	0.00013
Cajanus	3820	G	13184	812	13996	0.00008
Phaseolus	3883	G	11520	624	12144	0.00007
Arachis	3817	G	42919	2813	45732	0.00026
Lupinus	3869	G	15148	780	15928	0.00009
Malus	3749	G	9916	1359	11275	0.00007
Pyrus	3766	G	7132	1518	8650	0.00005
Prunus	3754	G	9230	983	10213	0.00006
Rosa	3764	G	10470	278	10748	0.00006
Argentina	3131914	G	3410	940	4350	0.00003
Fragaria	3746	G	3042	365	3407	0.00002
Humulus	3484	G	23376	4165	27541	0.00016
Cannabis	3482	G	9032	527	9559	0.00006
Ziziphus	72171	G	8728	2426	11154	0.00006
Hevea	3980	G	18895	908	19803	0.00011
Manihot	3982	G	8323	1538	9861	0.00006
Euphorbia	3990	G	17083	1334	18417	0.00011
Mercurialis	3984	G	8111	2894	11005	0.00006
Ricinus	3987	G	7000	828	7828	0.00005
Populus	3689	G	20620	8138	28758	0.00017
Quercus	3511	G	19056	4732	23788	0.00014
Castanea	21019	G	10869	2422	13291	0.00008
Juglans	16718	G	15955	2407	18362	0.00011
Carya	13402	G	10998	2021	13019	0.00008
Alnus	3515	G	7112	3472	10584	0.00006
Corylus	13450	G	6294	496	6790	0.00004
Benincasa	102210	G	17797	370	18167	0.00010
Cucumis	3655	G	16428	21722	38150	0.00022
Cucurbita	3660	G	4912	619	5531	0.00003
Tripterygium	123484	G	5982	1797	7779	0.00004
Gossypium	3633	G	51910	2041	53951	0.00031
Theobroma	3640	G	6226	211	6437	0.00004
Brassica	3705	G	18534	6630	25164	0.00015
Raphanus	3725	G	7158	10145	17303	0.00010
Camelina	71323	G	9426	328	9754	0.00006
Arabidopsis	3701	G	3139	349	3488	0.00002
Eucalyptus	3932	G	8168	1782	9950	0.00006
Rhodamnia	178132	G	4415	416	4831	0.00003
Punica	22662	G	5368	669	6037	0.00003
Mangifera	23461	G	9251	968	10219	0.00006
Citrus	2706	G	6253	800	7053	0.00004
Vitis	3603	G	14243	1869	16112	0.00009
Solanum	4107	G	59957	14748	74705	0.00043
Capsicum	4071	G	51288	1005	52293	0.00030
Lycium	24646	G	37908	1384	39292	0.00023
Nicotiana	4085	G	67893	2824	70717	0.00041
Ipomoea	4119	G	8067	1151	9218	0.00005
Primulina	48772	G	25579	1589	27168	0.00016
Henckelia	199091	G	9477	584	10061	0.00006
Salvia	21880	G	25532	968	26500	0.00015
Olea	4145	G	19800	412	20212	0.00012
Sesamum	4181	G	6529	436	6965	0.00004
Coffea	13442	G	15133	6439	21572	0.00012
Lactuca	4235	G	78070	14503	92573	0.00053
Rutidosis	125764	G	29092	1845	30937	0.00018
Helianthus	4231	G	23359	415	23774	0.00014
Erigeron	41574	G	8543	516	9059	0.00005
Cynara	4264	G	10600	285	10885	0.00006
Apium	4044	G	25547	527	26074	0.00015
Daucus	4038	G	7362	716	8078	0.00005
Impatiens	35939	G	14326	647	14973	0.00009
Actinidia	3624	G	12139	367	12506	0.00007
Diospyros	13492	G	11701	314	12015	0.00007
Rhododendron	4346	G	8985	538	9523	0.00005
Silene	3573	G	19016	176	19192	0.00011
Beta	3554	G	10347	299	10646	0.00006
Spinacia	3561	G	8157	14036	22193	0.00013
Amaranthus	3564	G	8915	3324	12239	0.00007
Malania	397391	G	21764	383	22147	0.00013
Triticum	4564	G	59238	9207	68445	0.00040
Aegilops	4480	G	4719	9862	14581	0.00008
Hordeum	4512	G	20636	2987	23623	0.00014
Lolium	4520	G	20471	454	20925	0.00012
Brachypodium	15367	G	3146	150	3296	0.00002
Oryza	4527	G	14015	1919	15934	0.00009
Miscanthus	62336	G	16606	736	17342	0.00010
Zea	4575	G	11217	1405	12622	0.00007
Sorghum	4557	G	5496	874	6370	0.00004
Panicum	4539	G	15976	780	16756	0.00010
Setaria	4554	G	5824	381	6205	0.00004
Phragmites	15745	G	10513	792	11305	0.00007
Ananas	4614	G	9465	993	10458	0.00006
Carex	13398	G	9179	2794	11973	0.00007
Typha	4732	G	8557	307	8864	0.00005
Zingiber	4650	G	24600	670	25270	0.00015
Curcuma	99568	G	6894	763	7657	0.00004
Musa	4640	G	10509	8127	18636	0.00011
Elaeis	51952	G	18454	1645	20099	0.00012
Phoenix	4719	G	9565	701	10266	0.00006
Asparagus	4685	G	11227	229	11456	0.00007
Dioscorea	4672	G	11152	321	11473	0.00007
Wolffia	161109	G	6745	236	6981	0.00004
Papaver	3468	G	28140	490	28630	0.00017
Telopea	54954	G	12053	797	12850	0.00007
Macadamia	4329	G	11270	1007	12277	0.00007
Magnolia	3402	G	19283	197	19480	0.00011
Nymphaea	4418	G	6747	362	7109	0.00004
Cryptomeria	3368	G	99845	10636	110481	0.00064
Physcomitrium	37414	G	9588	290	9878	0.00006
Bathycoccus	41874	G	620	33	653	0.00000
Ostreococcus	70447	G	542	24	566	0.00000
Micromonas	38832	G	464	20	484	0.00000
Chlamydomonas	3052	G	1505	21	1526	0.00001
Plasmodium	5820	G	12372	100	12472	0.00007
Theileria	5873	G	1275	5	1280	0.00001
Babesia	5864	G	573	1	574	0.00000
Besnoitia	94642	G	513	2	515	0.00000
Neospora	29175	G	491	0	491	0.00000
Toxoplasma	5810	G	415	20	435	0.00000
Cryptosporidium	5806	G	543	13	556	0.00000
Thalassiosira	35127	G	407	29	436	0.00000
Phaeodactylum	2849	G	177	6	183	0.00000
Bremia	4778	G	501	0	501	0.00000
Bigelowiella	227085	G	76	0	76	0.00000
Leishmania	5658	G	4940	523	5463	0.00003
Porcisia	2761499	G	412	76	488	0.00000
Trypanosoma	5690	G	531	48	579	0.00000
Naegleria	5761	G	11	0	11	0.00000
Trichomonas	5721	G	2838	2	2840	0.00002
Spironucleus	39709	G	425	0	425	0.00000
Giardia	5740	G	212	0	212	0.00000
Dictyostelium	5782	G	1387	11	1398	0.00001
Cyanidioschyzon	45156	G	144	0	144	0.00000
Hemiselmis	77924	G	54	1	55	0.00000
Guillardia	55528	G	45	1	46	0.00000
Halorubrum	56688	G	1010	65	1075	0.00001
Halobaculum	43927	G	879	45	924	0.00001
Haloplanus	376170	G	602	46	648	0.00000
Haloprofundus	1911573	G	312	7	319	0.00000
Haloferax	2251	G	290	1	291	0.00000
Halobellus	1073986	G	230	24	254	0.00000
Halorarum	3163375	G	206	8	214	0.00000
Salinigranum	1644057	G	161	1	162	0.00000
Halolamina	1075397	G	98	8	106	0.00000
Halogeometricum	60846	G	80	0	80	0.00000
Halohasta	1450140	G	79	9	88	0.00000
Halalkaliarchaeum	2678343	G	74	0	74	0.00000
Salinirarus	3415185	G	68	8	76	0.00000
Halopenitus	1209988	G	59	0	59	0.00000
Haloquadratum	293431	G	58	0	58	0.00000
Natrinema	88723	G	832	45	877	0.00001
Halovivax	332951	G	330	2	332	0.00000
Natronococcus	29287	G	289	7	296	0.00000
Natronorubrum	134813	G	264	15	279	0.00000
Natronosalvus	3076685	G	238	3	241	0.00000
Haloterrigena	121871	G	238	14	252	0.00000
Natrarchaeobaculum	2765402	G	227	13	240	0.00000
Halovalidus	3383206	G	172	3	175	0.00000
Halomontanus	3125902	G	152	1	153	0.00000
Halosolutus	2993618	G	132	4	136	0.00000
Salinilacihabitans	3065676	G	131	5	136	0.00000
Natronobacterium	2256	G	129	11	140	0.00000
Halopiger	387342	G	121	7	128	0.00000
Natrialba	63742	G	116	8	124	0.00000
Natrononativus	3065677	G	111	1	112	0.00000
Natronobeatus	3065678	G	99	11	110	0.00000
Natribaculum	1699375	G	39	3	42	0.00000
Halostagnicola	353799	G	33	0	33	0.00000
Haloarcula	2237	G	949	44	993	0.00001
Halosimplex	171163	G	611	48	659	0.00000
Halomicrobium	203135	G	322	6	328	0.00000
Halorientalis	1073987	G	310	37	347	0.00000
Halorhabdus	146825	G	202	4	206	0.00000
Halapricum	1542963	G	158	3	161	0.00000
Salinibaculum	2732368	G	126	7	133	0.00000
Halococcoides	2907507	G	65	0	65	0.00000
Halovenus	1377992	G	43	1	44	0.00000
Natronomonas	63743	G	402	24	426	0.00000
Haloglomus	2806252	G	312	8	320	0.00000
Halorarius	3056835	G	287	26	313	0.00000
Halomarina	871740	G	254	1	255	0.00000
Salinirubellus	2162630	G	226	2	228	0.00000
Halocatena	2907493	G	89	0	89	0.00000
Halosegnis	2841540	G	45	0	45	0.00000
Halorussus	1070314	G	483	32	515	0.00000
Haladaptatus	367188	G	372	0	372	0.00000
Halomicrococcus	2614447	G	139	2	141	0.00000
Halobacterium	2239	G	454	46	500	0.00000
Salarchaeum	1075398	G	110	25	135	0.00000
Halospeciosus	3116496	G	84	9	93	0.00000
Halanaeroarchaeum	1656823	G	79	0	79	0.00000
Halodesulfurarchaeum	1980514	G	47	0	47	0.00000
Halarchaeum	744724	G	40	0	40	0.00000
Halococcus	2249	G	344	0	344	0.00000
Halalkalicoccus	332246	G	96	0	96	0.00000
Salinarchaeum	1269201	G	312	0	312	0.00000
Natranaeroarchaeum	2917705	G	83	0	83	0.00000
Natronorarus	3386557	G	101	0	101	0.00000
Haloarchaeobius	1269031	G	55	0	55	0.00000
Methanosarcina	2207	G	1096	0	1096	0.00001
Methanolobus	2220	G	457	0	457	0.00000
Methanococcoides	2225	G	205	0	205	0.00000
Methanimicrococcus	91559	G	115	0	115	0.00000
Methanomethylovorans	101191	G	80	0	80	0.00000
Methanohalophilus	2175	G	54	0	54	0.00000
Methanohalobium	2321	G	43	0	43	0.00000
Methanolapillus	3136068	G	37	0	37	0.00000
Methanosalsum	196136	G	18	0	18	0.00000
Methanofollis	81416	G	136	0	136	0.00000
Methanoculleus	45989	G	113	0	113	0.00000
Methanoplanus	2314	G	104	0	104	0.00000
Methanogenium	2195	G	57	0	57	0.00000
Methanochimaera	3385476	G	21	0	21	0.00000
Methanomicrobium	2204	G	17	0	17	0.00000
Methanolacinia	230355	G	11	0	11	0.00000
Methanospirillum	2202	G	151	1	152	0.00000
Methanosphaerula	475087	G	97	2	99	0.00000
Methanoregula	395331	G	23	0	23	0.00000
Methanocella	570266	G	147	5	152	0.00000
Methanothrix	2222	G	35	0	35	0.00000
Methanobrevibacter	2172	G	901	1	902	0.00001
Methanobacterium	2160	G	660	2	662	0.00000
Methanosphaera	2316	G	244	0	244	0.00000
Methanothermobacter	145260	G	47	0	47	0.00000
Methanocaldococcus	196118	G	929	10	939	0.00001
Methanotorris	196119	G	26	0	26	0.00000
Methanococcus	2184	G	345	0	345	0.00000
Methanothermococcus	155862	G	151	0	151	0.00000
Methanofervidicoccus	2607661	G	11	0	11	0.00000
Thermococcus	2263	G	516	1	517	0.00000
Pyrococcus	2260	G	393	0	393	0.00000
Palaeococcus	83867	G	57	0	57	0.00000
Archaeoglobus	2233	G	106	0	106	0.00000
Geoglobus	190818	G	33	0	33	0.00000
Ferroglobus	54260	G	15	0	15	0.00000
Methanonatronarchaeum	2022711	G	44	0	44	0.00000
Candidatus Methanoliparum	2545692	G	19	0	19	0.00000
Picrophilus	46631	G	170	0	170	0.00000
Ferroplasma	74968	G	70	0	70	0.00000
Acidiplasma	507753	G	31	0	31	0.00000
Thermoplasma	2302	G	49	0	49	0.00000
Oxyplasma	3373586	G	28	0	28	0.00000
Cuniculiplasma	1747777	G	31	0	31	0.00000
Methanomassiliicoccus	1080709	G	60	0	60	0.00000
Candidatus Methanoplasma	1607807	G	26	0	26	0.00000
Methanomethylophilus	1291539	G	16	0	16	0.00000
Candidatus Aciduliprofundum	379546	G	23	0	23	0.00000
Acidianus	12914	G	369	6	375	0.00000
Saccharolobus	2100760	G	308	64	372	0.00000
Sulfurisphaera	69655	G	171	2	173	0.00000
Sulfolobus	2284	G	170	121	291	0.00000
Metallosphaera	41980	G	136	1	137	0.00000
Sulfuracidifex	2705406	G	64	1	65	0.00000
Stygiolobus	41674	G	57	0	57	0.00000
Vulcanisaeta	164450	G	171	2	173	0.00000
Thermoproteus	2270	G	124	18	142	0.00000
Pyrobaculum	2276	G	94	5	99	0.00000
Caldisphaera	200414	G	194	0	194	0.00000
Acidilobus	105850	G	16	0	16	0.00000
Thermofilum	2268	G	160	0	160	0.00000
Infirmifilum	2856573	G	40	0	40	0.00000
Ignicoccus	54258	G	31	0	31	0.00000
Staphylothermus	2279	G	26	0	26	0.00000
Aeropyrum	56635	G	23	0	23	0.00000
Thermogladius	477695	G	23	0	23	0.00000
Thermosphaera	54253	G	16	0	16	0.00000
Hyperthermus	54247	G	39	0	39	0.00000
Pyrodictium	2308	G	11	0	11	0.00000
Pyrolobus	54251	G	10	0	10	0.00000
Fervidicoccus	685950	G	43	0	43	0.00000
Nitrosopumilus	338191	G	632	1	633	0.00000
Nitrosarchaeum	1007082	G	106	0	106	0.00000
Candidatus Nitrosomarinus	1993653	G	15	0	15	0.00000
Candidatus Nitrosocosmicus	1826864	G	544	0	544	0.00000
Nitrososphaera	497726	G	72	0	72	0.00000
Candidatus Nitrosocaldus	498374	G	18	0	18	0.00000
Nitrosotalea	1078904	G	14	0	14	0.00000
Candidatus Nitrosopelagicus	1593364	G	53	0	53	0.00000
Candidatus Nitrosotenuis	1825023	G	22	0	22	0.00000
Conexivisphaera	2613912	G	12	0	12	0.00000
Promethearchaeum	3366645	G	476	0	476	0.00000
Candidatus Lokiarchaeum	1655637	G	253	0	253	0.00000
Candidatus Nanohalobium	2856051	G	90	1	91	0.00000
Nanobdella	2974824	G	24	0	24	0.00000
Minunavirus	2560178	G	2810	0	2810	0.00002
Kozievirus	3152961	G	1506	0	1506	0.00001
Margaeryvirus	3425048	G	15	4	19	0.00000
Metamorphoovirus	2733195	G	12	4	16	0.00000
Otakuvirus	3152972	G	364	0	364	0.00000
Ittyvirus	3044742	G	321	0	321	0.00000
Harbinvirus	2732970	G	133	9	142	0.00000
Wphvirus	1922327	G	18	0	18	0.00000
Schiekvirus	2732968	G	13	0	13	0.00000
Copernicusvirus	2842616	G	209	0	209	0.00000
Paopuvirus	2948855	G	103	0	103	0.00000
Efekovirus	2948691	G	51	0	51	0.00000
Bonaevitaevirus	2946833	G	18	0	18	0.00000
Vividuovirus	2560251	G	97	0	97	0.00000
Dexdertvirus	2948679	G	10	0	10	0.00000
Eneladusvirus	2560128	G	118	0	118	0.00000
Squashvirus	2733215	G	80	0	80	0.00000
Bongovirus	1983744	G	30	0	30	0.00000
Reyvirus	1623301	G	29	0	29	0.00000
Wroclawvirus	3044857	G	67	0	67	0.00000
Machinavirus	2169624	G	18	0	18	0.00000
Alexandravirus	2733088	G	61	0	61	0.00000
Dismasvirus	2560122	G	55	0	55	0.00000
Rivsvirus	3044804	G	46	0	46	0.00000
Donnerlittchenvirus	3152600	G	34	0	34	0.00000
Slashvirus	1921709	G	35	0	35	0.00000
Woodruffvirus	1982745	G	33	0	33	0.00000
Foxborovirus	2948710	G	26	0	26	0.00000
Bertelyvirus	2733152	G	25	0	25	0.00000
Pepyhexavirus	1982367	G	30	0	30	0.00000
Shandongvirus	2843454	G	30	0	30	0.00000
Fromanvirus	186764	G	28	28	56	0.00000
Cinunavirus	2560117	G	28	0	28	0.00000
Jujuvirus	2948772	G	25	0	25	0.00000
Tlsvirus	1920865	G	17	0	17	0.00000
Audreyjarvisvirus	2843351	G	21	0	21	0.00000
Mooglevirus	1985303	G	17	0	17	0.00000
Muminvirus	2843426	G	19	11	30	0.00000
Trinevirus	2733218	G	18	0	18	0.00000
Valentinivirus	3152976	G	17	0	17	0.00000
Plateaulakevirus	2843436	G	16	0	16	0.00000
Takahashivirus	2843463	G	16	0	16	0.00000
Moineauvirus	1623304	G	11	0	11	0.00000
Skunavirus	1623305	G	14	0	14	0.00000
Polybotosvirus	2560207	G	14	0	14	0.00000
Lillamyvirus	2843418	G	11	0	11	0.00000
Rockefellervirus	2843445	G	11	0	11	0.00000
Roslyckyvirus	3044807	G	11	0	11	0.00000
Sargevirus	3044812	G	11	0	11	0.00000
Omegavirus	1623292	G	10	10	20	0.00000
Sleepyheadvirus	2843457	G	10	0	10	0.00000
Mimasvirus	2560176	G	10	0	10	0.00000
Snuvirus	3044833	G	10	0	10	0.00000
Zhoulongquanvirus	3044869	G	174	0	174	0.00000
Leucotheavirus	2733109	G	117	2	119	0.00000
Makaravirus	3044754	G	24	8	32	0.00000
Tegunavirus	1921704	G	204	0	204	0.00000
Tequatrovirus	10663	G	33	3	36	0.00000
Kanagawavirus	2843399	G	10	0	10	0.00000
Ceceduovirus	2842588	G	72	0	72	0.00000
Ishigurovirus	2842766	G	11	0	11	0.00000
Jiangsuvirus	2948770	G	15	0	15	0.00000
Bragavirus	2948639	G	10	0	10	0.00000
Afonbuvirus	2942989	G	55	0	55	0.00000
Buchavirus	2942994	G	29	0	29	0.00000
Blohavirus	2942993	G	11	2	13	0.00000
Culoivirus	2942992	G	34	0	34	0.00000
Burzaovirus	2948645	G	14	0	14	0.00000
Carjivirus	2948652	G	21	0	21	0.00000
Kolpuevirus	2948787	G	13	0	13	0.00000
Denvervirus	2948677	G	84	0	84	0.00000
Janusvirus	2948769	G	24	0	24	0.00000
Caelumvirus	2948647	G	20	0	20	0.00000
Hawkeyevirus	2169612	G	44	0	44	0.00000
Anayavirus	2946797	G	33	0	33	0.00000
Sophritavirus	3044834	G	19	0	19	0.00000
Thetabobvirus	2843467	G	10	13	23	0.00000
Haetaevirus	3044726	G	17	0	17	0.00000
Aobingvirus	3044659	G	10	0	10	0.00000
Proboscivirus	548689	G	107	0	107	0.00000
Varicellovirus	10319	G	21	0	21	0.00000
Simplexvirus	10294	G	12	0	12	0.00000
Cyvirus	3044698	G	15	0	15	0.00000
Moumouvirus	3080801	G	109	1	110	0.00000
Megavirus	3044761	G	106	0	106	0.00000
Cotonvirus	3044693	G	104	0	104	0.00000
Mimivirus	315393	G	78	1	79	0.00000
Tupanvirus	2094720	G	62	0	62	0.00000
Fadolivirus	2763561	G	169	0	169	0.00000
Theiavirus	3044842	G	22	0	22	0.00000
Rheavirus	3044800	G	14	0	14	0.00000
Biavirus	3044674	G	38	0	38	0.00000
Kratosvirus	3044747	G	11	0	11	0.00000
Iridovirus	10487	G	125	0	125	0.00000
Chloriridovirus	10491	G	17	0	17	0.00000
Lymphocystivirus	10494	G	13	0	13	0.00000
Marseillevirus	1513458	G	43	0	43	0.00000
Losannavirus	3152990	G	33	0	33	0.00000
Alphaorpheovirus	3153020	G	44	0	44	0.00000
Alphapithovirus	3153073	G	37	0	37	0.00000
Chlorovirus	181083	G	46	0	46	0.00000
Prymnesiovirus	181086	G	24	0	24	0.00000
Prasinovirus	181084	G	17	0	17	0.00000
Orthopoxvirus	10242	G	68	0	68	0.00000
Crocodylidpoxvirus	1285599	G	35	0	35	0.00000
Avipoxvirus	10260	G	32	0	32	0.00000
Centapoxvirus	2005509	G	11	0	11	0.00000
Cervidpoxvirus	573055	G	10	0	10	0.00000
Betaentomopoxvirus	10286	G	34	0	34	0.00000
Asfivirus	39743	G	25	0	25	0.00000
Mastadenovirus	10509	G	30	0	30	0.00000
Siadenovirus	129876	G	12	0	12	0.00000
Deltacoronavirus	1159901	G	61	4	65	0.00000
Nepovirus	12270	G	26	0	26	0.00000
Potyvirus	12195	G	12	0	12	0.00000
Betafusarivirus	2946823	G	12	0	12	0.00000
Allexivirus	140568	G	16	0	16	0.00000
Orthobunyavirus	11572	G	19	0	19	0.00000
Goukovirus	1980420	G	28	0	28	0.00000
Bandavirus	2733256	G	10	0	10	0.00000
Sigmavirus	1308858	G	17	0	17	0.00000
Ledantevirus	1978532	G	17	0	17	0.00000
Arlivirus	1884456	G	10	0	10	0.00000
Soymovirus	187214	G	10	0	10	0.00000
Lentivirus	11646	G	12	1	13	0.00000
Alphabaculovirus	558016	G	268	0	268	0.00000
Betabaculovirus	558017	G	18	0	18	0.00000
Alphanudivirus	1511853	G	52	0	52	0.00000
Glossinavirus	1285591	G	24	0	24	0.00000
Pandoravirus	2060084	G	221	25	246	0.00000
