name	taxonomy_id	taxonomy_lvl	kraken_assigned_reads	added_reads	new_est_reads	fraction_total_reads
Citrobacter	544	G	37403296	1649989	39053285	0.35984
Buttiauxella	82976	G	4569754	21935	4591689	0.04231
Enterobacter	547	G	820028	82358	902386	0.00831
Klebsiella	570	G	531382	84540	615922	0.00568
Escherichia	561	G	347799	514718	862517	0.00795
Dryocola	3021684	G	214662	1568	216230	0.00199
Cedecea	158483	G	160823	964	161787	0.00149
Salmonella	590	G	128550	93077	221627	0.00204
Kosakonia	1330547	G	123650	1387	125037	0.00115
Leclercia	83654	G	78674	3420	82094	0.00076
Cronobacter	413496	G	75355	649	76004	0.00070
Kluyvera	579	G	68194	1569	69763	0.00064
Lelliottia	1330545	G	46550	907	47457	0.00044
Pseudocitrobacter	1504576	G	29031	1101	30132	0.00028
Phytobacter	447792	G	24205	2720	26925	0.00025
Atlantibacter	1903434	G	23083	378	23461	0.00022
Siccibacter	1649298	G	19981	128	20109	0.00019
Scandinavium	2726810	G	19677	129	19806	0.00018
Franconibacter	1649295	G	19526	57	19583	0.00018
Plesiomonas	702	G	18488	192	18680	0.00017
Mangrovibacter	451512	G	13349	450	13799	0.00013
Pluralibacter	1330546	G	11591	167	11758	0.00011
Superficieibacter	2303321	G	11511	88	11599	0.00011
Yokenella	158876	G	10027	205	10232	0.00009
Symbiopectobacterium	801	G	4710	14	4724	0.00004
Candidatus Regiella	568988	G	456	2	458	0.00000
Candidatus Williamhamiltonella	568987	G	418	470	888	0.00001
Candidatus Blochmanniella	203804	G	513	0	513	0.00000
Candidatus Westeberhardia	1699619	G	36	0	36	0.00000
Candidatus Hoaglandella	1906659	G	149	0	149	0.00000
Candidatus Doolittlea	1906657	G	114	0	114	0.00000
Candidatus Hartigia	1449912	G	80	0	80	0.00000
Candidatus Tachikawaea	1682492	G	48	1	49	0.00000
Candidatus Mikella	1906660	G	41	0	41	0.00000
Candidatus Gullanella	1906661	G	31	26	57	0.00000
Candidatus Annandia	1302410	G	25	0	25	0.00000
Candidatus Purcelliella	472825	G	11	0	11	0.00000
Trabulsiella	158851	G	6936	185	7121	0.00007
Shimwellia	1335483	G	6510	34	6544	0.00006
Pseudescherichia	2055880	G	6399	228	6627	0.00006
Jejuibacter	2815296	G	5846	9	5855	0.00005
Shigella	620	G	2726	9499	12225	0.00011
Candidatus Ishikawella	409304	G	435	0	435	0.00000
Candidatus Gillettellia	1177217	G	252	223	475	0.00000
Candidatus Profftia	1177214	G	195	0	195	0.00000
Candidatus Curculioniphilus	690591	G	50	0	50	0.00000
Candidatus Moranella	1048757	G	50	0	50	0.00000
Candidatus Schneideria	1081630	G	29	0	29	0.00000
Candidatus Riesia	401618	G	23	0	23	0.00000
Candidatus Psyllophila	3682497	G	21	0	21	0.00000
Serratia	613	G	1877761	29172	1906933	0.01757
Yersinia	629	G	131214	2297	133511	0.00123
Rahnella	34037	G	48726	482	49208	0.00045
Chania	1745211	G	13447	126	13573	0.00013
Rouxiella	1565532	G	5543	53	5596	0.00005
Gibbsiella	929812	G	5501	46	5547	0.00005
Ewingella	41201	G	3901	43	3944	0.00004
Chimaeribacter	2716544	G	2172	34	2206	0.00002
Nissabacter	1964366	G	1661	11	1672	0.00002
Candidatus Fukatsuia	1927833	G	262	0	262	0.00000
Providencia	586	G	675180	66371	741551	0.00683
Xenorhabdus	626	G	17729	30	17759	0.00016
Proteus	583	G	14472	347	14819	0.00014
Morganella	581	G	10398	211	10609	0.00010
Photorhabdus	29487	G	7386	5	7391	0.00007
Moellerella	158848	G	3610	149	3759	0.00003
Arsenophonus	637	G	1139	1	1140	0.00001
Pantoea	53335	G	107357	3147	110504	0.00102
Erwinia	551	G	37695	1686	39381	0.00036
Mixta	2100764	G	4427	478	4905	0.00005
Winslowiella	2997349	G	3969	119	4088	0.00004
Paramixta	3231896	G	3770	98	3868	0.00004
Duffyella	3026546	G	2929	282	3211	0.00003
Tatumella	82986	G	2893	32	2925	0.00003
Buchnera	32199	G	1532	37	1569	0.00001
Izhakiella	1780190	G	333	137	470	0.00000
Wigglesworthia	51228	G	12	0	12	0.00000
Pectobacterium	122277	G	44530	824	45354	0.00042
Dickeya	204037	G	35721	1114	36835	0.00034
Brenneria	71655	G	6403	642	7045	0.00006
Lonsdalea	1082702	G	1784	34	1818	0.00002
Musicola	2884243	G	1628	13	1641	0.00002
Prodigiosinella	3059405	G	453	919	1372	0.00001
Hafnia	568	G	22802	2044	24846	0.00023
Edwardsiella	635	G	13338	218	13556	0.00012
Obesumbacterium	82982	G	462	197	659	0.00001
Sodalis	84565	G	10188	16	10204	0.00009
Limnobaculum	2172100	G	2879	43	2922	0.00003
Leminorella	82980	G	2739	9	2748	0.00003
Pragia	82984	G	1597	31	1628	0.00002
Gallaecimonas	745410	G	839	2	841	0.00001
Acinetobacter	469	G	3519015	117088	3636103	0.03350
Psychrobacter	497	G	2626	13	2639	0.00002
Moraxella	475	G	1693	10	1703	0.00002
Faucicola	1604696	G	627	15	642	0.00001
Aquirhabdus	2824158	G	281	1	282	0.00000
Lwoffella	3444169	G	52	1	53	0.00000
Pseudomonas	286	G	819687	17518	837205	0.00771
Stutzerimonas	2901164	G	8110	786	8896	0.00008
Halopseudomonas	2901189	G	3673	153	3826	0.00004
Metapseudomonas	3236656	G	3491	306	3797	0.00003
Ectopseudomonas	3236654	G	2715	922	3637	0.00003
Aquipseudomonas	3236652	G	2485	288	2773	0.00003
Azotobacter	352	G	1508	164	1672	0.00002
Azorhizophilus	157913	G	178	45	223	0.00000
Thiopseudomonas	1654787	G	654	5	659	0.00001
Entomomonas	2758906	G	620	0	620	0.00001
Phytopseudomonas	3236657	G	396	30	426	0.00000
Permianibacter	1649479	G	388	0	388	0.00000
Geopseudomonas	3236655	G	385	32	417	0.00000
Denitrificimonas	2901261	G	132	2	134	0.00000
Marinobacter	2742	G	5902	317	6219	0.00006
Candidatus Njordibacter	3457297	G	315	0	315	0.00000
Ketobacter	2025617	G	129	0	129	0.00000
Pseudohongiella	1524249	G	69	0	69	0.00000
Stenotrophomonas	40323	G	639053	27578	666631	0.00614
Xanthomonas	338	G	38819	588	39407	0.00036
Pseudoxanthomonas	83618	G	17512	298	17810	0.00016
Lysobacter	68	G	15737	238	15975	0.00015
Luteimonas	83614	G	7966	54	8020	0.00007
Thermomonas	141948	G	3833	37	3870	0.00004
Marilutibacter	3382698	G	1428	11	1439	0.00001
Agrilutibacter	3382696	G	1047	9	1056	0.00001
Solilutibacter	3382695	G	491	8	499	0.00000
Novilysobacter	3382699	G	480	69	549	0.00001
Arenimonas	490567	G	475	2	477	0.00000
Pseudoluteimonas	3382694	G	356	2	358	0.00000
Xylella	2370	G	245	2	247	0.00000
Dyella	231454	G	8746	430	9176	0.00008
Rhodanobacter	75309	G	5513	371	5884	0.00005
Luteibacter	242605	G	4460	114	4574	0.00004
Tahibacter	1453544	G	1529	13	1542	0.00001
Dokdonella	323413	G	1450	22	1472	0.00001
Frateuria	70411	G	1379	211	1590	0.00001
Ahniella	2233801	G	289	1	290	0.00000
Pseudolysobacter	2709666	G	263	0	263	0.00000
Aerosticca	2707020	G	210	43	253	0.00000
Metallibacterium	1218803	G	13	0	13	0.00000
Marinicella	863253	G	117	0	117	0.00000
Cellvibrio	10	G	145992	990	146982	0.00135
Teredinibacter	2425	G	1835	42	1877	0.00002
Gilvimarinus	940550	G	1456	50	1506	0.00001
Simiduia	447467	G	1042	5	1047	0.00001
Saccharophagus	316625	G	1009	52	1061	0.00001
Marinimicrobium	359337	G	667	28	695	0.00001
Maricurvus	1122283	G	378	1	379	0.00000
Marinagarivorans	1792291	G	338	20	358	0.00000
Agaribacterium	2038244	G	206	8	214	0.00000
Agarilytica	2036021	G	123	3	126	0.00000
Microbulbifer	48073	G	7625	215	7840	0.00007
Halioglobus	1217416	G	595	19	614	0.00001
Congregibacter	393661	G	403	115	518	0.00000
Kineobactrum	2678529	G	379	3	382	0.00000
Luminiphilus	1341118	G	141	0	141	0.00000
Candidatus Paraluminiphilus	3040948	G	141	4	145	0.00000
Aequoribacter	2847769	G	57	0	57	0.00000
Spongiibacter	630749	G	699	137	836	0.00001
Oceanicoccus	1084558	G	221	1	222	0.00000
Zhongshania	1434050	G	133	8	141	0.00000
Porticoccus	1123967	G	35	1	36	0.00000
Vibrio	662	G	44220	1203	45423	0.00042
Photobacterium	657	G	5794	336	6130	0.00006
Aliivibrio	511678	G	1219	120	1339	0.00001
Grimontia	246861	G	964	21	985	0.00001
Enterovibrio	188143	G	547	14	561	0.00001
Salinivibrio	51366	G	398	9	407	0.00000
Thaumasiovibrio	2014233	G	340	16	356	0.00000
Parasalinivibrio	3378804	G	319	6	325	0.00000
Paraphotobacterium	2042066	G	66	1	67	0.00000
Shewanella	22	G	16636	164	16800	0.00015
Parashewanella	2547964	G	212	1	213	0.00000
Psychrobium	1573826	G	43	0	43	0.00000
Alteromonas	226	G	5964	426	6390	0.00006
Salinimonas	288793	G	433	9	442	0.00000
Agarivorans	261825	G	2043	13	2056	0.00002
Paraglaciecola	1621534	G	1396	10	1406	0.00001
Catenovulum	1172191	G	961	3	964	0.00001
Alishewanella	111142	G	391	8	399	0.00000
Hydrocarboniclastica	2650549	G	387	0	387	0.00000
Alkalimarinus	1858563	G	318	0	318	0.00000
Saccharobesus	2894574	G	317	1	318	0.00000
Halioxenophilus	2108524	G	294	1	295	0.00000
Saliniradius	2661818	G	205	1	206	0.00000
Lacimicrobium	1751872	G	193	1	194	0.00000
Paraneptunicella	2905123	G	181	1	182	0.00000
Aliiglaciecola	1406885	G	177	5	182	0.00000
Planctobacterium	2200736	G	130	1	131	0.00000
Neptunicella	2125985	G	114	0	114	0.00000
Ningiella	2751156	G	80	0	80	0.00000
Brumicola	3160924	G	45	0	45	0.00000
Pseudoalteromonas	53246	G	9257	951	10208	0.00009
Psychrosphaera	907197	G	168	6	174	0.00000
Flocculibacter	2834759	G	102	0	102	0.00000
Thalassotalea	1518149	G	2673	69	2742	0.00003
Colwellia	28228	G	1120	48	1168	0.00001
Thalassomonas	137583	G	807	15	822	0.00001
Pseudocolwellia	2848177	G	340	16	356	0.00000
Cognaticolwellia	2848171	G	138	28	166	0.00000
Litorilituus	1407056	G	87	2	89	0.00000
Psychromonas	67572	G	1531	5	1536	0.00001
Pseudidiomarina	2800384	G	700	13	713	0.00001
Idiomarina	135575	G	675	37	712	0.00001
Ferrimonas	44011	G	847	7	854	0.00001
Moritella	58050	G	515	18	533	0.00000
Aegicerorhabdus	3614798	G	375	1	376	0.00000
Motilimonas	1914248	G	91	0	91	0.00000
Halomonas	2745	G	13275	865	14140	0.00013
Vreelandella	3137766	G	3892	1767	5659	0.00005
Salinicola	404432	G	2105	76	2181	0.00002
Cobetia	204286	G	1734	22	1756	0.00002
Kushneria	504090	G	1215	1	1216	0.00001
Billgrantia	3137761	G	1036	392	1428	0.00001
Halotalea	376488	G	677	4	681	0.00001
Chromohalobacter	42054	G	655	39	694	0.00001
Zymobacter	33073	G	223	4	227	0.00000
Candidatus Carsonella	114185	G	67	1	68	0.00000
Bisbaumannia	3137762	G	130	6	136	0.00000
Pistricoccus	1897649	G	123	0	123	0.00000
Marinomonas	28253	G	3170	52	3222	0.00003
Marinobacterium	48075	G	1408	39	1447	0.00001
Thalassolituus	187492	G	1005	56	1061	0.00001
Neptuniibacter	459520	G	871	12	883	0.00001
Aliamphritea	3018276	G	600	12	612	0.00001
Venatoribacter	2893036	G	587	97	684	0.00001
Bacterioplanoides	2066071	G	557	12	569	0.00001
Amphritea	515417	G	531	8	539	0.00000
Bermanella	599651	G	529	2	531	0.00000
Nitrincola	267849	G	343	6	349	0.00000
Neptunomonas	75687	G	176	2	178	0.00000
Motiliproteus	1775292	G	159	3	162	0.00000
Marinospirillum	64968	G	127	3	130	0.00000
Bacterioplanes	1537406	G	117	4	121	0.00000
Alloalcanivorax	3020832	G	1065	25	1090	0.00001
Alcanivorax	59753	G	864	23	887	0.00001
Isoalcanivorax	3020833	G	477	11	488	0.00000
Endozoicomonas	305899	G	1742	37	1779	0.00002
Hahella	158481	G	1319	11	1330	0.00001
Allohahella	1855402	G	253	0	253	0.00000
Thermohahella	3449104	G	97	2	99	0.00000
Gynuella	1445504	G	659	3	662	0.00001
Salinispirillum	1649491	G	240	1	241	0.00000
Saccharospirillum	231683	G	171	1	172	0.00000
Reinekea	230494	G	119	0	119	0.00000
Aliikangiella	1920241	G	439	0	439	0.00000
Pleionea	1502941	G	49	0	49	0.00000
Pokkaliibacter	2301194	G	344	1	345	0.00000
Spartinivicinus	2768738	G	277	3	280	0.00000
Oleiphilus	141450	G	225	2	227	0.00000
Marinicellulosiphila	3414216	G	204	0	204	0.00000
Litorivicinus	418700	G	147	0	147	0.00000
Aeromonas	642	G	14494	260	14754	0.00014
Zobellella	347533	G	1404	65	1469	0.00001
Oceanimonas	129577	G	718	41	759	0.00001
Tolumonas	43947	G	426	6	432	0.00000
Pseudaeromonas	1929090	G	375	3	378	0.00000
Oceanisphaera	225143	G	222	0	222	0.00000
Dongshaea	2802288	G	121	0	121	0.00000
Succinivibrio	83770	G	380	0	380	0.00000
Rheinheimera	67575	G	1659	8	1667	0.00002
Thiorhodovibrio	61593	G	1152	8	1160	0.00001
Allochromatium	85072	G	902	16	918	0.00001
Thiocapsa	1056	G	605	4	609	0.00001
Nitrosococcus	1227	G	583	0	583	0.00001
Thiodictyon	53392	G	434	2	436	0.00000
Marichromatium	85076	G	403	11	414	0.00000
Thiocystis	13724	G	328	4	332	0.00000
Thermochromatium	85073	G	274	4	278	0.00000
Thioflavicoccus	156885	G	258	1	259	0.00000
Candidatus Nitrosacidococcus	2796146	G	119	0	119	0.00000
Caldichromatium	2828366	G	109	1	110	0.00000
Candidatus Nitrosoglobus	1980513	G	60	0	60	0.00000
Thioalkalivibrio	106633	G	1119	39	1158	0.00001
Acidihalobacter	1765964	G	1089	16	1105	0.00001
Ectothiorhodospira	1051	G	879	67	946	0.00001
Spiribacter	1335745	G	592	35	627	0.00001
Sediminicurvatus	3383961	G	338	14	352	0.00000
Halorhodospira	85108	G	241	1	242	0.00000
Aquisalimonas	406099	G	210	4	214	0.00000
Alkalilimnicola	133193	G	201	13	214	0.00000
Ectothiorhodosinus	233099	G	40	5	45	0.00000
Candidatus Thiodiazotropha	1913444	G	232	1	233	0.00000
Thiosocius	2780488	G	191	2	193	0.00000
Magnetovirga	3425870	G	186	0	186	0.00000
Sedimenticola	349742	G	155	2	157	0.00000
Candidatus Endoriftia	393764	G	99	2	101	0.00000
Thiolapillus	1608298	G	81	0	81	0.00000
Wenzhouxiangella	1676142	G	724	1	725	0.00001
Guyparkeria	2035712	G	629	5	634	0.00001
Granulosicoccus	437504	G	406	0	406	0.00000
Sulfuriflexus	1860077	G	183	0	183	0.00000
Halothiobacillus	109262	G	538	3	541	0.00000
Mannheimia	75984	G	2326	72	2398	0.00002
Haemophilus	724	G	2147	271	2418	0.00002
Actinobacillus	713	G	1926	114	2040	0.00002
Pasteurella	745	G	1088	539	1627	0.00001
Avibacterium	292486	G	751	48	799	0.00001
Aggregatibacter	416916	G	642	59	701	0.00001
Rodentibacter	1960084	G	458	18	476	0.00000
Lonepinella	53416	G	340	3	343	0.00000
Mergibacter	2899790	G	320	3	323	0.00000
Gallibacterium	155493	G	304	20	324	0.00000
Testudinibacter	1755672	G	272	0	272	0.00000
Bisgaardia	109471	G	218	3	221	0.00000
Glaesserella	2094023	G	177	29	206	0.00000
Vespertiliibacter	1520333	G	168	3	171	0.00000
Frederiksenia	1649317	G	164	4	168	0.00000
Histophilus	214906	G	157	11	168	0.00000
Phocoenobacter	146805	G	86	42	128	0.00000
Otariodibacter	1249016	G	85	1	86	0.00000
Basfia	697331	G	61	0	61	0.00000
Bibersteinia	476528	G	54	6	60	0.00000
Methylomonas	416	G	4248	36	4284	0.00004
Methylococcus	413	G	1702	33	1735	0.00002
Methylocaldum	73778	G	1084	18	1102	0.00001
Methylobacter	429	G	982	40	1022	0.00001
Methylotuvimicrobium	2822410	G	586	12	598	0.00001
Methylomagnum	1760987	G	509	2	511	0.00000
Methylomicrobium	39773	G	472	15	487	0.00000
Methylogaea	1295378	G	313	6	319	0.00000
Candidatus Methylocalor	3135206	G	228	0	228	0.00000
Candidatus Methylospira	1808977	G	215	4	219	0.00000
Methylovulum	762296	G	138	0	138	0.00000
Methylomarinum	1221209	G	112	4	116	0.00000
Methyloprofundus	1565313	G	84	1	85	0.00000
Methylomarinovum	1486720	G	234	0	234	0.00000
Solimonas	413435	G	2877	51	2928	0.00003
Hydrocarboniphaga	243627	G	2390	76	2466	0.00002
Nevskia	64001	G	948	48	996	0.00001
Flagellatimonas	2893022	G	776	35	811	0.00001
Sinimarinibacterium	1861863	G	454	8	462	0.00000
Algiphilus	1266053	G	675	8	683	0.00001
Thiomicrorhabdus	2039723	G	1094	16	1110	0.00001
Methylophaga	40222	G	1091	8	1099	0.00001
Thiomicrospira	933	G	246	30	276	0.00000
Hydrogenovibrio	28884	G	212	54	266	0.00000
Piscirickettsia	1237	G	172	0	172	0.00000
Thiosulfatimonas	2781121	G	110	1	111	0.00000
Thiosulfativibrio	2781120	G	102	1	103	0.00000
Cycloclasticus	34067	G	96	0	96	0.00000
Thiothrix	1030	G	1217	0	1217	0.00001
Beggiatoa	1021	G	125	0	125	0.00000
Francisella	262	G	954	42	996	0.00001
Allofrancisella	1869285	G	298	4	302	0.00000
Cysteiniphilum	2056696	G	61	2	63	0.00000
Legionella	445	G	3668	14	3682	0.00003
Fluoribacter	461	G	55	0	55	0.00000
Rickettsiella	59195	G	358	0	358	0.00000
Coxiella	776	G	243	7	250	0.00000
Aquicella	254245	G	160	145	305	0.00000
Candidiatus Paracoxiella	3405119	G	39	0	39	0.00000
Gilliamella	1193503	G	852	13	865	0.00001
Orbus	743714	G	598	5	603	0.00001
Frischella	1335631	G	391	17	408	0.00000
Utexia	3373510	G	69	0	69	0.00000
Zophobihabitans	2894762	G	22	0	22	0.00000
Candidatus Pseudothioglobus	2841677	G	187	1	188	0.00000
Candidatus Thioglobus	655184	G	84	1	85	0.00000
Candidatus Ruthturnera	1541743	G	28	0	28	0.00000
Candidatus Vesicomyidisocius	2732587	G	28	0	28	0.00000
Candidatus Thiodubiliella	2738885	G	17	1	18	0.00000
Candidatus Reidiella	2738850	G	260	165	425	0.00000
Candidatus Vondammii	2686004	G	36	0	36	0.00000
Celerinatantimonas	412033	G	133	0	133	0.00000
Candidatus Palibaumannia	198346	G	52	0	52	0.00000
Candidatus Nardonella	204619	G	24	0	24	0.00000
Candidatus Steffania	1076625	G	16	0	16	0.00000
Sulfurifustis	1692042	G	476	2	478	0.00000
Sulfuricaulis	1744881	G	286	1	287	0.00000
Acidiferrobacter	986106	G	249	0	249	0.00000
Salinisphaera	180541	G	825	0	825	0.00001
Cardiobacterium	2717	G	302	2	304	0.00000
Dichelobacter	869	G	108	1	109	0.00000
Suttonella	13275	G	38	0	38	0.00000
Ignatzschineria	112008	G	261	2	263	0.00000
Wohlfahrtiimonas	582472	G	84	1	85	0.00000
Thiohalobacter	1273155	G	527	0	527	0.00000
Candidatus Rariloculus ( ex Nguyen 2022)	2978114	G	384	0	384	0.00000
Immundisolibacter	1934947	G	380	1	381	0.00000
Kangiella	261963	G	370	349	719	0.00001
Steroidobacter	469322	G	291	1	292	0.00000
Sulfurivermis	2034504	G	228	4	232	0.00000
Candidatus Spongiihabitans	3033996	G	204	0	204	0.00000
Woeseia	1738655	G	104	0	104	0.00000
Candidatus Foliamicus	3023563	G	84	0	84	0.00000
Devosia	46913	G	1990470	14128	2004598	0.01847
Paradevosia	1573407	G	23698	658	24356	0.00022
Pelagibacterium	1082930	G	16213	968	17181	0.00016
Mariluticola	3064792	G	1892	9	1901	0.00002
Maritalea	623276	G	335	0	335	0.00000
Agrobacterium	357	G	918367	118404	1036771	0.00955
Rhizobium	379	G	561910	86939	648849	0.00598
Neorhizobium	1525371	G	21544	320	21864	0.00020
Pararhizobium	1612611	G	11175	324	11499	0.00011
Pseudorhizobium	1903858	G	1296	44	1340	0.00001
Allorhizobium	78526	G	266	105	371	0.00000
Shinella	323620	G	206221	5949	212170	0.00195
Sinorhizobium	28105	G	118458	2339	120797	0.00111
Ensifer	106591	G	25408	957	26365	0.00024
Hoeflea	274591	G	6756	83	6839	0.00006
Affinirhizobium	3070964	G	2038	25	2063	0.00002
Peteryoungia	2853332	G	1934	14	1948	0.00002
Georhizobium	2661800	G	1798	20	1818	0.00002
Terrirhizobium	3464117	G	1727	13	1740	0.00002
Paenirhizobium	3070963	G	1208	53	1261	0.00001
Ciceribacter	1648508	G	1062	5	1067	0.00001
Lentilitoribacter	1649463	G	261	0	261	0.00000
Liberibacter	34019	G	172	0	172	0.00000
Aminobacter	31988	G	691877	68756	760633	0.00701
Mesorhizobium	68287	G	635869	18451	654320	0.00603
Nitratireductor	245876	G	16337	381	16718	0.00015
Phyllobacterium	28100	G	10567	60	10627	0.00010
Terribium	3143704	G	9866	975	10841	0.00010
Aquibium	2911176	G	7828	122	7950	0.00007
Chelativorans	449972	G	2672	93	2765	0.00003
Aquamicrobium	69278	G	2222	4	2226	0.00002
Bosea	85413	G	437728	4853	442581	0.00408
Brucella	234	G	302465	56510	358975	0.00331
Ochrobactrum	528	G	8467	29663	38130	0.00035
Pseudochrobactrum	354349	G	9787	180	9967	0.00009
Methylobacterium	407	G	161115	2840	163955	0.00151
Microvirga	186650	G	10035	36	10071	0.00009
Methylorubrum	2282523	G	8215	579	8794	0.00008
Bradyrhizobium	374	G	130686	3887	134573	0.00124
Rhodopseudomonas	1073	G	11916	1249	13165	0.00012
Tardiphaga	1395974	G	6756	343	7099	0.00007
Afipia	1033	G	3088	992	4080	0.00004
Nitrobacter	911	G	2412	62	2474	0.00002
Rugositalea	3466653	G	1412	11	1423	0.00001
Variibacter	1649510	G	872	5	877	0.00001
Ancylobacter	99	G	11864	769	12633	0.00012
Labrys	204476	G	6318	129	6447	0.00006
Xanthobacter	279	G	5225	424	5649	0.00005
Starkeya	152053	G	2553	33	2586	0.00002
Pseudolabrys	556257	G	1883	10	1893	0.00002
Azorhizobium	6	G	1390	27	1417	0.00001
Aquabacter	45402	G	1245	9	1254	0.00001
Kaistia	166953	G	29554	290	29844	0.00027
Bauldia	1145345	G	946	1	947	0.00001
Roseibium	150830	G	9247	1544	10791	0.00010
Stappia	152161	G	6012	211	6223	0.00006
Breoghania	1406135	G	3103	14	3117	0.00003
Pannonibacter	227873	G	3023	478	3501	0.00003
Labrenzia	478070	G	1047	748	1795	0.00002
Pseudovibrio	258255	G	461	1	462	0.00000
Aureimonas	414371	G	11504	441	11945	0.00011
Martelella	293088	G	7305	295	7600	0.00007
Antarcticirhabdus	3042730	G	1596	61	1657	0.00002
Jiella	1775688	G	1502	23	1525	0.00001
Aurantimonas	182269	G	1423	50	1473	0.00001
Reyranella	445219	G	18448	42	18490	0.00017
Phreatobacter	1632780	G	15961	76	16037	0.00015
Methylocystis	133	G	6348	110	6458	0.00006
Methylosinus	425	G	2426	48	2474	0.00002
Hyphomicrobium	81	G	5765	29	5794	0.00005
Rhodomicrobium	1068	G	1126	9	1135	0.00001
Methyloceanibacter	1484898	G	1118	4	1122	0.00001
Methyloligella	1485594	G	461	2	463	0.00000
Filomicrobium	119044	G	318	5	323	0.00000
Nordella	169055	G	4122	5	4127	0.00004
Enhydrobacter	212791	G	1887	6	1893	0.00002
Pseudorhodoplanes	1734920	G	1301	3	1304	0.00001
Terrihabitans	2874214	G	740	2	742	0.00001
Candidatus Endowatersipora	376743	G	18	0	18	0.00000
Oricola	1594166	G	2819	48	2867	0.00003
Roseitalea	1915401	G	1696	53	1749	0.00002
Oceaniradius	2679892	G	948	114	1062	0.00001
Ahrensia	152180	G	262	0	262	0.00000
Pleomorphomonas	261933	G	4296	95	4391	0.00004
Hartmannibacter	1572860	G	1119	23	1142	0.00001
Pyruvatibacter	1742974	G	1370	12	1382	0.00001
Kaustia	2838250	G	1309	4	1313	0.00001
Tepidicaulis	1742977	G	853	97	950	0.00001
Parvibaculum	256616	G	629	30	659	0.00001
Anderseniella	444432	G	352	1	353	0.00000
Candidatus Phaeomarinibacter	1541445	G	315	0	315	0.00000
Methylovirgula	1156568	G	1956	13	1969	0.00002
Methylocella	120652	G	962	9	971	0.00001
Methylocapsa	184923	G	663	9	672	0.00001
Beijerinckia	532	G	433	5	438	0.00000
Chelatococcus	28209	G	3394	31	3425	0.00003
Acuticoccus	1904377	G	3264	9	3273	0.00003
Bartonella	773	G	2661	7	2668	0.00002
Blastochloris	59282	G	1659	12	1671	0.00002
Alsobacter	1502180	G	1656	12	1668	0.00002
Salinarimonas	690086	G	1655	12	1667	0.00002
Cohaesibacter	655352	G	1589	4	1593	0.00001
Terrirubrum	3142786	G	1431	2	1433	0.00001
Chenggangzhangella	2041902	G	1346	5	1351	0.00001
Methyloraptor	3382645	G	1308	10	1318	0.00001
Aestuariivirga	2650923	G	1028	2	1030	0.00001
Rhodoligotrophos	987053	G	995	1	996	0.00001
Lichenihabitans	2723776	G	941	1	942	0.00001
Afifella	643217	G	891	16	907	0.00001
Salaquimonas	2712688	G	534	0	534	0.00000
Coralliovum	3228940	G	405	0	405	0.00000
Sphingomonas	13687	G	363776	22609	386385	0.00356
Novosphingobium	165696	G	39508	5858	45366	0.00042
Stakelama	1124625	G	4964	319	5283	0.00005
Sphingosinithalassobacter	2676233	G	2736	98	2834	0.00003
Citromicrobium	72173	G	901	80	981	0.00001
Tardibacter	2685927	G	884	531	1415	0.00001
Parablastomonas	1654718	G	809	21	830	0.00001
Alterisphingorhabdus (ex Yan et al. 2024)	3382518	G	568	1	569	0.00001
Hankyongella	1763827	G	513	20	533	0.00000
Sphingopyxis	165697	G	345043	13249	358292	0.00330
Sphingobium	165695	G	154369	30189	184558	0.00170
Erythrobacter	1041	G	12989	1925	14914	0.00014
Porphyrobacter	1111	G	3626	601	4227	0.00004
Qipengyuania	1855416	G	14923	1793	16716	0.00015
Altererythrobacter	361177	G	9981	1287	11268	0.00010
Croceibacterium	2676755	G	6296	782	7078	0.00007
Croceicoccus	1295327	G	5589	1579	7168	0.00007
Tsuneonella	2800686	G	4599	273	4872	0.00004
Aurantiacibacter	2800681	G	3842	276	4118	0.00004
Caenibius	2827482	G	3727	325	4052	0.00004
Pelagerythrobacter	2800685	G	2959	563	3522	0.00003
Pseudoblastomonas	3423750	G	1340	194	1534	0.00001
Paraurantiacibacter	2800682	G	815	10	825	0.00001
Parerythrobacter	2800684	G	736	64	800	0.00001
Rhizorhabdus	1649486	G	14322	2650	16972	0.00016
Alterirhizorhabdus	3423723	G	2376	56	2432	0.00002
Sphingosinicella	335405	G	7340	279	7619	0.00007
Glacieibacterium	2860235	G	1774	295	2069	0.00002
Polymorphobacter	1508451	G	1343	276	1619	0.00001
Sandaracinobacteroides	2883109	G	759	2	761	0.00001
Sphingorhabdus	1434046	G	3836	144	3980	0.00004
Parasphingorhabdus	2709685	G	2784	149	2933	0.00003
Novosphingopyxis	2709686	G	1791	92	1883	0.00002
Allosphingosinicella	2823232	G	5058	54	5112	0.00005
Sphingomicrobium	1227948	G	1755	30	1785	0.00002
Blastomonas	150203	G	3590	41	3631	0.00003
Parasphingopyxis	1234545	G	2004	4	2008	0.00002
Aquisediminimonas	2676781	G	548	1	549	0.00001
Zymomonas	541	G	447	48	495	0.00000
Brevundimonas	41275	G	847140	21902	869042	0.00801
Caulobacter	75	G	46511	597	47108	0.00043
Phenylobacterium	20	G	13168	169	13337	0.00012
Asticcacaulis	76890	G	4512	47	4559	0.00004
Terricaulis	2768684	G	533	1	534	0.00000
Paracoccus	265	G	65020	4355	69375	0.00064
Pseudooceanicola	1679449	G	3571	117	3688	0.00003
Cereibacter	1653176	G	3408	311	3719	0.00003
Thioclava	285107	G	2865	174	3039	0.00003
Yoonia	2211641	G	2366	104	2470	0.00002
Tabrizicola	1443919	G	2150	347	2497	0.00002
Limimaricola	2211638	G	2061	96	2157	0.00002
Rhodovulum	34008	G	1549	134	1683	0.00002
Pelagovum	2795377	G	1501	65	1566	0.00001
Pontivivens	1844015	G	1374	66	1440	0.00001
Tritonibacter	2083206	G	1212	262	1474	0.00001
Polymorphum	991903	G	1191	140	1331	0.00001
Frigidibacter	1775705	G	1074	180	1254	0.00001
Haematobacter	366614	G	1066	412	1478	0.00001
Marinibacterium	1931200	G	1058	47	1105	0.00001
Gemmobacter	204456	G	1044	135	1179	0.00001
Pseudogemmobacter	2663134	G	966	30	996	0.00001
Roseinatronobacter	121820	G	879	9	888	0.00001
Paroceanicella	2683599	G	837	133	970	0.00001
Arenibacterium	2824249	G	737	89	826	0.00001
Gymnodinialimonas	2937410	G	731	6	737	0.00001
Neotabrizicola	2946607	G	719	132	851	0.00001
Albidovulum	205889	G	695	11	706	0.00001
Fuscovulum	2818469	G	694	121	815	0.00001
Aliiroseovarius	1658781	G	675	23	698	0.00001
Pukyongiella	2831925	G	675	117	792	0.00001
Pacificitalea	2846749	G	664	99	763	0.00001
Pseudoroseicyclus	1813601	G	604	11	615	0.00001
Pikeienuella	2831955	G	580	20	600	0.00001
Paragemmobacter	3143992	G	579	57	636	0.00001
Cognatishimia	2211635	G	495	4	499	0.00000
Parasedimentitalea	2738399	G	469	5	474	0.00000
Marivivens	1759396	G	442	29	471	0.00000
Amaricoccus	56999	G	440	11	451	0.00000
Abyssibius	3029205	G	429	9	438	0.00000
Brevirhabdus	1855413	G	429	140	569	0.00001
Vannielia	2813041	G	416	5	421	0.00000
Nioella	1775424	G	413	4	417	0.00000
Aestuariibius	2109360	G	405	3	408	0.00000
Pseudorhodobacter	238783	G	400	9	409	0.00000
Silicimonas	1955420	G	373	3	376	0.00000
Roseicitreum	1209946	G	361	2	363	0.00000
Falsirhodobacter	1434002	G	339	15	354	0.00000
Fontisubflavum	3118803	G	308	1	309	0.00000
Qingshengfaniella	2816884	G	305	6	311	0.00000
Profundibacter	2778525	G	304	1	305	0.00000
Pseudophaeobacter	1541822	G	234	48	282	0.00000
Algicella	3050722	G	223	1	224	0.00000
Planktomarina	1284657	G	158	2	160	0.00000
Pseudopelagicola	1649483	G	96	0	96	0.00000
Amylibacter	1617805	G	74	0	74	0.00000
Sulfitobacter	60136	G	7449	584	8033	0.00007
Roseovarius	74030	G	5794	183	5977	0.00006
Ketogulonicigenium	92944	G	5647	269	5916	0.00005
Leisingera	191028	G	3510	85	3595	0.00003
Phaeobacter	302485	G	2997	203	3200	0.00003
Celeribacter	875170	G	2595	497	3092	0.00003
Ruegeria	97050	G	2578	336	2914	0.00003
Salipiger	263377	G	2048	261	2309	0.00002
Roseobacter	2433	G	2004	12	2016	0.00002
Alloyangia	2919626	G	1992	28	2020	0.00002
Pseudosulfitobacter	2854186	G	1909	288	2197	0.00002
Thalassovita	335927	G	1761	16	1777	0.00002
Jannaschia	188905	G	1726	10	1736	0.00002
Marinovum	367771	G	1459	60	1519	0.00001
Roseivivax	93682	G	1378	51	1429	0.00001
Roseicyclus	336277	G	1359	5	1364	0.00001
Sagittula	58842	G	1267	154	1421	0.00001
Mameliella	1434019	G	961	38	999	0.00001
Palleronia	315422	G	728	3	731	0.00001
Shimia	573139	G	715	12	727	0.00001
Tateyamaria	299261	G	699	3	702	0.00001
Oceanicola	252301	G	673	4	677	0.00001
Rhodophyticola	2680018	G	658	2	660	0.00001
Octadecabacter	53945	G	629	22	651	0.00001
Ponticoccus	983507	G	605	14	619	0.00001
Actibacterium	1433986	G	538	142	680	0.00001
Tropicibacter	599653	G	491	4	495	0.00000
Seohaeicola	481178	G	461	1	462	0.00000
Falsihalocynthiibacter	2854182	G	437	2	439	0.00000
Thalassococcus	436357	G	395	1	396	0.00000
Marivita	659428	G	380	2	382	0.00000
Antarctobacter	74032	G	377	2	379	0.00000
Dinoroseobacter	309512	G	375	7037	7412	0.00007
Phycobium	3479963	G	372	1	373	0.00000
Aliisedimentitalea	1697958	G	339	10	349	0.00000
Loktanella	245186	G	338	3	341	0.00000
Aliiphycobium	3479962	G	215	2	217	0.00000
Algirhabdus	3412738	G	172	0	172	0.00000
Pelagimonas	1434029	G	143	2	145	0.00000
Thalassovivens	3680327	G	126	0	126	0.00000
Thalassobacter	266808	G	115	0	115	0.00000
Lentibacter	1434014	G	102	2	104	0.00000
Nereida	282198	G	84	0	84	0.00000
Wenxinia	653686	G	20	0	20	0.00000
Rhodobacter	1060	G	3744	114	3858	0.00004
Azospirillum	191	G	21920	353	22273	0.00021
Skermanella	204447	G	3141	109	3250	0.00003
Niveispirillum	1543704	G	1868	43	1911	0.00002
Nitrospirillum	1543705	G	1539	33	1572	0.00001
Indioceanicola	2478349	G	646	15	661	0.00001
Ferrovibrio	1231242	G	2664	8	2672	0.00002
Magnetospirillum	13134	G	1471	333	1804	0.00002
Rhodospirillum	1081	G	1293	28	1321	0.00001
Aerophototrophica	2811387	G	458	5	463	0.00000
Defluviicoccus	111830	G	314	5	319	0.00000
Pararhodospirillum	1612157	G	245	2	247	0.00000
Candidatus Endolissoclinum	1263978	G	64	0	64	0.00000
Thalassospira	168934	G	3138	33	3171	0.00003
Magnetospira	1182780	G	299	0	299	0.00000
Nisaea	390876	G	1294	23	1317	0.00001
Thalassobaculum	526215	G	1287	19	1306	0.00001
Pelagibius	643951	G	1319	3	1322	0.00001
Algihabitans	2821512	G	1010	4	1014	0.00001
Hypericibacter	2705399	G	2288	14	2302	0.00002
Allostella	93	G	1501	7	1508	0.00001
Zavarzinia	204446	G	906	2	908	0.00001
Caenispirillum	414051	G	692	7	699	0.00001
Haematospirillum	1804663	G	75	0	75	0.00000
Hwanghaeella	2605940	G	352	0	352	0.00000
Aestuariispira	1647175	G	331	0	331	0.00000
Paramagnetospirillum	3031148	G	375	196	571	0.00001
Terasakiella	196080	G	276	0	276	0.00000
Varunaivibrio	1866954	G	132	0	132	0.00000
Roseomonas	125216	G	10755	387	11142	0.00010
Sediminicoccus	1706033	G	2704	155	2859	0.00003
Dankookia	1940143	G	1297	36	1333	0.00001
Humitalea	1223303	G	1284	16	1300	0.00001
Muricoccus	3409995	G	1191	40	1231	0.00001
Roseococcus	35812	G	962	64	1026	0.00001
Acetobacter	434	G	2574	187	2761	0.00003
Komagataeibacter	1434011	G	2405	346	2751	0.00003
Lichenicola	2804525	G	1349	6	1355	0.00001
Rhodovastum	504465	G	1206	8	1214	0.00001
Gluconobacter	441	G	1055	52	1107	0.00001
Lichenicoccus	2781897	G	1024	6	1030	0.00001
Pararoseomonas	2870712	G	1008	97	1105	0.00001
Nguyenibacter	1519186	G	997	6	1003	0.00001
Granulibacter	364409	G	641	6	647	0.00001
Gluconacetobacter	89583	G	578	16	594	0.00001
Rhodopila	1070	G	536	2	538	0.00000
Acidibrevibacterium	2603324	G	430	12	442	0.00000
Asaia	91914	G	422	49	471	0.00000
Kozakia	153497	G	299	36	335	0.00000
Novacetimonas	2919364	G	195	96	291	0.00000
Neoasaia	320496	G	147	4	151	0.00000
Parasaccharibacter	1602345	G	127	0	127	0.00000
Neokomagataea	1223423	G	94	1	95	0.00000
Entomobacter	2811380	G	82	0	82	0.00000
Oecophyllibacter	2791118	G	79	0	79	0.00000
Candidatus Kirkpatrickella	3097638	G	66	0	66	0.00000
Swingsia	1649499	G	47	1	48	0.00000
Aristophania	3027666	G	46	0	46	0.00000
Commensalibacter	1079922	G	44	0	44	0.00000
Formicincola	2952773	G	34	0	34	0.00000
Acidiphilium	522	G	651	4	655	0.00001
Acidisoma	512381	G	557	2	559	0.00001
Acidocella	50709	G	358	2	360	0.00000
Elioraea	457933	G	458	1	459	0.00000
Tistrella	171436	G	5470	192	5662	0.00005
Marinivivus	3457535	G	1352	3	1355	0.00001
Hyphomonas	85	G	4884	44	4928	0.00005
Hirschia	2723	G	367	0	367	0.00000
Candidatus Viadribacter	2892997	G	273	0	273	0.00000
Maricaulis	74317	G	1227	23	1250	0.00001
Oceanicaulis	153232	G	1052	26	1078	0.00001
Hyphobacterium	2004661	G	1011	49	1060	0.00001
Glycocaulis	1433402	G	675	17	692	0.00001
Marinicauda	1649466	G	614	28	642	0.00001
Litorimonas	1167830	G	240	0	240	0.00000
Algimonas	1246884	G	209	0	209	0.00000
Fretibacter	1649331	G	145	1	146	0.00000
Rickettsia	780	G	754	2	756	0.00001
Candidatus Tisiphia	2996317	G	467	7	474	0.00000
Orientia	69474	G	111	0	111	0.00000
Candidatus Trichorickettsia	1522201	G	55	0	55	0.00000
Candidatus Phycorickettsia	2115980	G	31	0	31	0.00000
Candidatus Megaera	1742636	G	26	0	26	0.00000
Wolbachia	953	G	825	16	841	0.00001
Ehrlichia	943	G	136	0	136	0.00000
Candidatus Neoehrlichia	467749	G	43	0	43	0.00000
Anaplasma	768	G	32	0	32	0.00000
Neorickettsia	33993	G	27	0	27	0.00000
Candidatus Mesenet	2883098	G	26	0	26	0.00000
Candidatus Bandiella	2716172	G	213	0	213	0.00000
Candidatus Lariskella	1175554	G	44	0	44	0.00000
Candidatus Fokinia	1802983	G	22	0	22	0.00000
Candidatus Deianiraea	2603321	G	35	0	35	0.00000
Hyphococcus	2038635	G	907	0	907	0.00001
Parvularcula	208215	G	597	13	610	0.00001
Aquisalinus	1795639	G	567	1	568	0.00001
Minwuia	2493629	G	1373	3	1376	0.00001
Radicibacter	3462474	G	1123	3	1126	0.00001
Candidatus Bealeia	1920992	G	544	7	551	0.00001
Candidatus Gromoviella	2900571	G	68	33	101	0.00000
Candidatus Cytomitobacter	2601574	G	30	0	30	0.00000
Candidatus Hydrogenosomobacter	2654634	G	10	0	10	0.00000
Candidatus Bodocaedibacter	3163645	G	215	0	215	0.00000
Candidatus Odyssella	84646	G	43	0	43	0.00000
Candidatus Nucleicultrix	1509243	G	142	2	144	0.00000
Gimibacter	3058346	G	510	0	510	0.00000
Temperatibacter	1549129	G	134	0	134	0.00000
Kordiimonas	288021	G	407	0	407	0.00000
Candidatus Pelagibacter	198251	G	882	0	882	0.00001
Candidatus Fonsibacter	2045213	G	56	0	56	0.00000
Emcibacter	1602338	G	339	0	339	0.00000
Paremcibacter	2813804	G	256	0	256	0.00000
Luteithermobacter	2813803	G	167	0	167	0.00000
Pseudemcibacter	2943291	G	44	0	44	0.00000
Sneathiella	510690	G	246	0	246	0.00000
Candidatus Ponderosibacter	3457287	G	64	2	66	0.00000
Candidatus Puniceispirillum	767891	G	57	2	59	0.00000
Candidatus Levibacter	3457288	G	47	8	55	0.00000
Comamonas	283	G	2203414	96872	2300286	0.02120
Variovorax	34072	G	967932	36000	1003932	0.00925
Hydrogenophaga	47420	G	353166	19806	372972	0.00344
Acidovorax	12916	G	168018	7942	175960	0.00162
Rhodoferax	28065	G	59446	1705	61151	0.00056
Delftia	80865	G	41100	6353	47453	0.00044
Ottowia	219181	G	22192	1401	23593	0.00022
Diaphorobacter	238749	G	19280	3477	22757	0.00021
Ramlibacter	174951	G	18549	467	19016	0.00018
Polaromonas	52972	G	17583	115	17698	0.00016
Alicycliphilus	201096	G	17350	5305	22655	0.00021
Paracidovorax	3051137	G	11445	1423	12868	0.00012
Limnohabitans	665874	G	7743	104	7847	0.00007
Vandammella	2919468	G	6391	59	6450	0.00006
Pulveribacter	2678886	G	5827	273	6100	0.00006
Melaminivora	1649468	G	5393	442	5835	0.00005
Paenacidovorax	3051138	G	4944	323	5267	0.00005
Hylemonella	232523	G	3391	48	3439	0.00003
Verminephrobacter	364316	G	3156	24	3180	0.00003
Curvibacter	281915	G	2696	250	2946	0.00003
Serpentinimonas	2490452	G	2501	33	2534	0.00002
Simplicispira	352450	G	1994	118	2112	0.00002
Brachymonas	28219	G	1656	38	1694	0.00002
Candidatus Symbiobacter	1436289	G	377	0	377	0.00000
Alcaligenes	507	G	2883896	53089	2936985	0.02706
Achromobacter	222	G	473427	15162	488589	0.00450
Bordetella	517	G	38783	11429	50212	0.00046
Advenella	290425	G	18852	106	18958	0.00017
Pigmentiphaga	152267	G	7771	118	7889	0.00007
Castellaniella	359336	G	5081	81	5162	0.00005
Orrella	1921582	G	2501	46	2547	0.00002
Pollutimonas	2987599	G	1914	51	1965	0.00002
Kerstersia	257820	G	1623	35	1658	0.00002
Neopusillimonas	2987605	G	1601	47	1648	0.00002
Parapusillimonas	1403714	G	1522	75	1597	0.00001
Pusillimonas	305976	G	929	13	942	0.00001
Paralcaligenes	1148163	G	922	3	925	0.00001
Oligella	90243	G	275	2	277	0.00000
Pelistega	106146	G	241	2	243	0.00000
Basilea	1472344	G	208	1	209	0.00000
Ampullimonas	1920247	G	183	4	187	0.00000
Paenalcaligenes	1100891	G	122	2	124	0.00000
Taylorella	29574	G	85	6	91	0.00000
Duganella	75654	G	522143	25408	547551	0.00505
Massilia	149698	G	57476	3732	61208	0.00056
Pseudoduganella	1522432	G	52424	3278	55702	0.00051
Rugamonas	212744	G	5418	519	5937	0.00005
Telluria	34069	G	3311	830	4141	0.00004
Janthinobacterium	29580	G	22018	500	22518	0.00021
Undibacterium	401469	G	18054	182	18236	0.00017
Herbaspirillum	963	G	14450	296	14746	0.00014
Herminiimonas	303379	G	5982	66	6048	0.00006
Collimonas	202907	G	5248	60	5308	0.00005
Noviherbaspirillum	1344552	G	1787	25	1812	0.00002
Actimicrobium	1051898	G	850	19	869	0.00001
Affinundibacterium	3078230	G	808	7	815	0.00001
Neoundibacterium	3078232	G	467	10	477	0.00000
Glaciimonas	1229970	G	413	5	418	0.00000
Oxalobacter	846	G	363	3	366	0.00000
Candidatus Zinderia	884214	G	10	0	10	0.00000
Cupriavidus	106589	G	50731	3727	54458	0.00050
Burkholderia	32008	G	47505	4214	51719	0.00048
Paraburkholderia	1822464	G	33726	1402	35128	0.00032
Ralstonia	48736	G	13814	1143	14957	0.00014
Pandoraea	93217	G	9187	529	9716	0.00009
Caballeronia	1827195	G	8494	1056	9550	0.00009
Polynucleobacter	44013	G	4842	9	4851	0.00004
Trinickia	2571160	G	1549	70	1619	0.00001
Robbsia	2038280	G	1327	29	1356	0.00001
Imbroritus	3422601	G	1005	112	1117	0.00001
Mycetohabitans	2571159	G	891	8	899	0.00001
Limnobacter	131079	G	722	8	730	0.00001
Lautropia	47670	G	616	11	627	0.00001
Pararobbsia	2718863	G	601	11	612	0.00001
Mycoavidus	1810868	G	290	1	291	0.00000
Ephemeroptericola	2680021	G	66	0	66	0.00000
Candidatus Vallotiella	2018044	G	61	0	61	0.00000
Roseateles	93681	G	30210	1055	31265	0.00029
Piscinibacter	1114981	G	10250	305	10555	0.00010
Methylibium	316612	G	8168	511	8679	0.00008
Rubrivivax	28067	G	7927	506	8433	0.00008
Sphaerotilus	34102	G	6624	511	7135	0.00007
Caldimonas	196013	G	5905	481	6386	0.00006
Aquincola	391952	G	5668	853	6521	0.00006
Leptothrix	88	G	4987	1494	6481	0.00006
Ideonella	36862	G	2284	444	2728	0.00003
Inhella	644355	G	836	30	866	0.00001
Azohydromonas	312063	G	119	0	119	0.00000
Aquabacterium	92793	G	10942	462	11404	0.00011
Xylophilus	54066	G	8402	303	8705	0.00008
Rhizobacter	212743	G	4944	158	5102	0.00005
Thiomonas	32012	G	2133	45	2178	0.00002
Eleftheria	1597779	G	2046	54	2100	0.00002
Tepidimonas	114248	G	1252	100	1352	0.00001
Piscinibacterium	2066914	G	855	5	860	0.00001
Candidatus Ichthyocystis	2929841	G	46	0	46	0.00000
Sutterella	40544	G	430	1	431	0.00000
Duodenibacillus	1980697	G	73	0	73	0.00000
Turicimonas	1918598	G	30	0	30	0.00000
Chromobacterium	535	G	6109	267	6376	0.00006
Paludibacterium	400060	G	1465	26	1491	0.00001
Aquitalea	407217	G	1253	82	1335	0.00001
Vogesella	57739	G	833	43	876	0.00001
Pseudogulbenkiania	568394	G	730	52	782	0.00001
Neisseria	482	G	5338	522	5860	0.00005
Vitreoscilla	59	G	818	17	835	0.00001
Snodgrassella	1193515	G	737	13	750	0.00001
Kingella	32257	G	596	80	676	0.00001
Paralysiella	2898489	G	512	17	529	0.00000
Crenobacter	1654931	G	349	20	369	0.00000
Eikenella	538	G	290	34	324	0.00000
Uruburuella	299568	G	266	9	275	0.00000
Alysiella	194195	G	188	11	199	0.00000
Conchiformibius	334107	G	185	4	189	0.00000
Bergeriella	334108	G	127	20	147	0.00000
Wielerella	2944815	G	95	5	100	0.00000
Simonsiella	71	G	64	3	67	0.00000
Aquella	2593687	G	53	0	53	0.00000
Chitinimonas	240411	G	2241	36	2277	0.00002
Chitinibacter	230666	G	1214	44	1258	0.00001
Jeongeupia	885864	G	1130	27	1157	0.00001
Chitiniphilus	585890	G	925	32	957	0.00001
Chitinolyticbacter	1055692	G	535	15	550	0.00001
Iodobacter	32014	G	340	12	352	0.00000
Chitinirhabdus	3683957	G	292	8	300	0.00000
Deefgea	400947	G	272	10	282	0.00000
Silvimonas	300264	G	228	1	229	0.00000
Microvirgula	57479	G	814	19	833	0.00001
Laribacter	168470	G	586	71	657	0.00001
Aquaspirillum	187	G	274	7	281	0.00000
Thauera	33057	G	5785	440	6225	0.00006
Azoarcus	12960	G	3225	257	3482	0.00003
Parazoarcus	2891322	G	1048	42	1090	0.00001
Nitrogeniibacter	2891294	G	716	7	723	0.00001
Pseudazoarcus	2891323	G	538	13	551	0.00001
Pseudothauera	2891324	G	205	9	214	0.00000
Aromatoleum	551759	G	2461	218	2679	0.00002
Niveibacterium	1769726	G	1559	16	1575	0.00001
Azospira	146937	G	1373	94	1467	0.00001
Oryzomicrobium	1911577	G	511	30	541	0.00000
Dechloromonas	73029	G	2504	432	2936	0.00003
Ferribacterium	88875	G	1349	45	1394	0.00001
Azonexus	146936	G	1023	317	1340	0.00001
Quatrionicoccus	138117	G	340	30	370	0.00000
Fluviibacter	2808942	G	186	2	188	0.00000
Methylophilus	16	G	4297	120	4417	0.00004
Methylovorus	81682	G	686	24	710	0.00001
Candidatus Methylopumilus	1679002	G	536	24	560	0.00001
Methylotenera	359407	G	330	23	353	0.00000
Methylobacillus	404	G	294	17	311	0.00000
Methyloradius	2872156	G	259	14	273	0.00000
Methyloversatilis	378210	G	1236	14	1250	0.00001
Sulfuricystis	3050898	G	700	21	721	0.00001
Sulfuritalea	1054211	G	618	12	630	0.00001
Denitratisoma	311181	G	592	40	632	0.00001
Sterolibacterium	157591	G	421	7	428	0.00000
Rugosibacter	1914449	G	101	2	103	0.00000
Thiobacillus	919	G	1500	34	1534	0.00001
Sulfuritortus	1938335	G	413	42	455	0.00000
Nitrosomonas	914	G	1204	24	1228	0.00001
Nitrosospira	35798	G	665	2	667	0.00001
Sideroxydans	314343	G	448	12	460	0.00000
Ferrigenium	2249462	G	412	11	423	0.00000
Candidatus Nitrotoga	453161	G	331	6	337	0.00000
Sideroxyarcus	2943286	G	275	14	289	0.00000
Ferriphaselus	1443590	G	214	6	220	0.00000
Gallionella	96	G	137	4	141	0.00000
Usitatibacter	2803845	G	1434	4	1438	0.00001
Sulfuriferula	1778653	G	987	15	1002	0.00001
Sulfurimicrobium	2772198	G	307	4	311	0.00000
Sulfuricella	935200	G	136	2	138	0.00000
Casimicrobium	2706000	G	532	10	542	0.00000
Candidatus Accumulibacter	327159	G	477	5	482	0.00000
Chitinivorax	1433992	G	459	9	468	0.00000
Candidatus Kinetoplastidibacterium	33055	G	85	0	85	0.00000
Candidatus Profftella	1381133	G	59	0	59	0.00000
Candidatus Vidania	1191175	G	34	0	34	0.00000
Candidatus Nasuia	1301080	G	10	0	10	0.00000
Ferrovum	416212	G	112	0	112	0.00000
Acidithiobacillus	119977	G	1971	2	1973	0.00002
Thermithiobacillus	119979	G	277	3	280	0.00000
Mariprofundus	377315	G	169	0	169	0.00000
Hydrogenophilus	70774	G	112	0	112	0.00000
Magnetococcus	162171	G	111	0	111	0.00000
Sphingobacterium	28453	G	9574228	114114	9688342	0.08927
Pedobacter	84567	G	800131	9652	809783	0.00746
Mucilaginibacter	423349	G	112603	773	113376	0.00104
Olivibacter	376469	G	16484	530	17014	0.00016
Pseudopedobacter	1649482	G	5469	204	5673	0.00005
Solitalea	929509	G	4419	20	4439	0.00004
Arcticibacter	1288026	G	1375	19	1394	0.00001
Anseongella	1773450	G	1191	1	1192	0.00001
Aurantibacillus	3088889	G	1038	13	1051	0.00001
Empedobacter	59734	G	4378288	68406	4446694	0.04097
Chryseobacterium	59732	G	1014454	7304	1021758	0.00941
Kaistella	2782231	G	5314	29	5343	0.00005
Epilithonimonas	2782229	G	3655	170	3825	0.00004
Elizabethkingia	308865	G	32960	679	33639	0.00031
Faecalibacter	2766734	G	3341	17	3358	0.00003
Cloacibacterium	501783	G	2704	59	2763	0.00003
Riemerella	34084	G	1783	28	1811	0.00002
Apibacter	1778601	G	1119	2	1121	0.00001
Ornithobacterium	28250	G	742	5	747	0.00001
Bergeyella	59735	G	498	6	504	0.00000
Marnyiella	3088764	G	353	1	354	0.00000
Weeksella	1013	G	303	6	309	0.00000
Cruoricaptor	1433995	G	247	5	252	0.00000
Flavobacterium	237	G	1530152	21796	1551948	0.01430
Myroides	76831	G	18829	900	19729	0.00018
Paenimyroides	3085669	G	16225	1485	17710	0.00016
Polaribacter	52959	G	13204	677	13881	0.00013
Flagellimonas	444459	G	10005	666	10671	0.00010
Tenacibaculum	104267	G	9256	407	9663	0.00009
Maribacter	252356	G	7706	333	8039	0.00007
Capnocytophaga	1016	G	6194	49	6243	0.00006
Winogradskyella	286104	G	5653	372	6025	0.00006
Aquimarina	290174	G	5487	112	5599	0.00005
Christiangramia	292691	G	4048	209	4257	0.00004
Cellulophaga	104264	G	3934	191	4125	0.00004
Formosa	225842	G	3669	162	3831	0.00004
Nonlabens	363408	G	3548	174	3722	0.00003
Leeuwenhoekiella	283735	G	3466	266	3732	0.00003
Zobellia	112040	G	3365	70	3435	0.00003
Algibacter	261827	G	2896	238	3134	0.00003
Amniculibacterium	2715289	G	2562	45	2607	0.00002
Aequorivita	153265	G	2319	108	2427	0.00002
Wenyingzhuangia	1518147	G	2277	69	2346	0.00002
Mariniflexile	527198	G	2143	97	2240	0.00002
Salegentibacter	143222	G	2124	603	2727	0.00003
Lacinutrix	291183	G	2067	198	2265	0.00002
Kordia	221065	G	2019	29	2048	0.00002
Zunongwangia	417127	G	1951	582	2533	0.00002
Allomuricauda	111500	G	1603	58	1661	0.00002
Arenibacter	178469	G	1585	218	1803	0.00002
Antarcticibacterium	2058174	G	1511	74	1585	0.00001
Flavivirga	1209327	G	1435	25	1460	0.00001
Lutibacter	358023	G	1418	21	1439	0.00001
Dokdonia	326319	G	1334	44	1378	0.00001
Salinimicrobium	561367	G	1208	43	1251	0.00001
Mangrovimonas	1211036	G	1077	45	1122	0.00001
Olleya	336276	G	1077	181	1258	0.00001
Robiginitalea	252306	G	1057	13	1070	0.00001
Galbibacter	379068	G	1050	100	1150	0.00001
Sinomicrobium	1434045	G	995	3	998	0.00001
Rasiella	2987594	G	860	24	884	0.00001
Aestuariibaculum	1386924	G	847	26	873	0.00001
Patiriisocius	2822394	G	831	34	865	0.00001
Daejeonia	2027867	G	825	22	847	0.00001
Aureibaculum	2706948	G	824	29	853	0.00001
Bizionia	283785	G	820	67	887	0.00001
Pseudalgibacter	2861660	G	803	63	866	0.00001
Seonamhaeicola	1649495	G	771	24	795	0.00001
Psychroflexus	83612	G	700	19	719	0.00001
Euzebyella	1287916	G	675	161	836	0.00001
Psychroserpens	49277	G	600	108	708	0.00001
Siansivirga	1204360	G	591	31	622	0.00001
Gilvibacter	379070	G	581	25	606	0.00001
Imtechella	1165076	G	561	11	572	0.00001
Mesoflavibacter	444051	G	559	35	594	0.00001
Sediminicola	389486	G	551	7	558	0.00001
Pontimicrobium	2918913	G	550	32	582	0.00001
Candidatus Arcticimaribacter	2953860	G	539	21	560	0.00001
Zhouia	561555	G	537	51	588	0.00001
Abyssalbus	2967089	G	524	5	529	0.00000
Vaginella	1935184	G	513	22	535	0.00000
Pukyongia	2831916	G	504	15	519	0.00000
Urechidicola	2700084	G	500	113	613	0.00001
Ulvibacterium	2665910	G	484	0	484	0.00000
Hwangdonia	1649460	G	479	44	523	0.00000
Gillisia	244698	G	473	102	575	0.00001
Yeosuana	288018	G	469	24	493	0.00000
Oceanihabitans	2045416	G	462	74	536	0.00000
Croceiramulus	3568316	G	457	8	465	0.00000
Aggregatimonas	2913017	G	398	2	400	0.00000
Constantimarinum	2907134	G	381	14	395	0.00000
Lutimonas	449810	G	349	3	352	0.00000
Aegicerativicinus	2893197	G	330	5	335	0.00000
Marixanthomonas	387658	G	328	40	368	0.00000
Allotamlana	3400365	G	320	9	329	0.00000
Tamlana	393005	G	319	92	411	0.00000
Croceibacter	216431	G	308	27	335	0.00000
Pseudotamlana	3400368	G	305	77	382	0.00000
Thalassobellus	3400333	G	301	16	317	0.00000
Changchengzhania	2049301	G	285	6	291	0.00000
Costertonia	343334	G	278	39	317	0.00000
Candidatus Marifrigoribacter	3457289	G	276	11	287	0.00000
Muriicola	762641	G	239	2	241	0.00000
Flaviramulus	369400	G	170	11	181	0.00000
Fluviicola	332102	G	84913	80	84993	0.00078
Paracrocinitomix	3024544	G	409	0	409	0.00000
Blattabacterium	34098	G	1373	2	1375	0.00001
Owenweeksia	267986	G	566	0	566	0.00001
Croceimicrobium	2828338	G	542	3	545	0.00001
Sanyastnella	3228946	G	296	0	296	0.00000
Candidatus Karelsulcia	336809	G	237	0	237	0.00000
Candidatus Walczuchella	1940138	G	34	0	34	0.00000
Parvicella	2975260	G	267	0	267	0.00000
Ichthyobacterium	1755829	G	117	0	117	0.00000
Indolivaga	3680098	G	746806	5187	751993	0.00693
Dysgonomonas	156973	G	1681	0	1681	0.00002
Petrimonas	307628	G	1287	222	1509	0.00001
Proteiniphilum	294702	G	1062	22	1084	0.00001
Limibacterium	3404873	G	650	3	653	0.00001
Bacteroides	816	G	18053	463	18516	0.00017
Phocaeicola	909656	G	1773	72	1845	0.00002
Prevotella	838	G	4341	127	4468	0.00004
Segatella	2974251	G	1819	68	1887	0.00002
Paraprevotella	577309	G	435	9	444	0.00000
Hoylesella	2974257	G	293	122	415	0.00000
Xylanibacter	558436	G	172	2	174	0.00000
Pseudoprevotella	2884814	G	81	0	81	0.00000
Parabacteroides	375288	G	5364	180	5544	0.00005
Tannerella	195950	G	470	4	474	0.00000
Alistipes	239759	G	3106	48	3154	0.00003
Acetobacteroides	1647173	G	649	6	655	0.00001
Porphyromonas	836	G	1129	21	1150	0.00001
Macellibacteroides	1159323	G	536	37	573	0.00001
Butyricimonas	574697	G	976	21	997	0.00001
Odoribacter	283168	G	291	4	295	0.00000
Barnesiella	397864	G	648	32	680	0.00001
Coprobacter	1348911	G	494	32	526	0.00000
Muribaculum	1918540	G	468	1	469	0.00000
Duncaniella	2518495	G	206	0	206	0.00000
Sodaliphilus	2815786	G	182	2	184	0.00000
Paramuribaculum	2518497	G	59	0	59	0.00000
Paludibacter	346096	G	291	0	291	0.00000
Salinivirga	1970191	G	256	0	256	0.00000
Candidatus Azobacteroides	511434	G	202	0	202	0.00000
Tenuifilum	2760873	G	191	0	191	0.00000
Draconibacterium	1471399	G	3353	32	3385	0.00003
Aquipluma	2792393	G	749	3	752	0.00001
Maribellus	2678352	G	737	7	744	0.00001
Mangrovibacterium	1573808	G	700	26	726	0.00001
Gaoshiqia	3045890	G	562	3	565	0.00001
Halosquirtibacter	3374594	G	480	15	495	0.00000
Labilibaculum	2060722	G	1091	15	1106	0.00001
Marinifilum	866673	G	1026	18	1044	0.00001
Xiashengella	3129724	G	438	170	608	0.00001
Alkalitalea	1193324	G	272	2	274	0.00000
Runella	105	G	241303	1094	242397	0.00223
Dyadobacter	120831	G	104951	4349	109300	0.00101
Larkinella	332157	G	8283	1505	9788	0.00009
Fibrella	861914	G	1261	250	1511	0.00001
Spirosoma	107	G	29103	324	29427	0.00027
Cytophaga	978	G	1152	59	1211	0.00001
Hymenobacter	89966	G	16857	309	17166	0.00016
Pontibacter	323449	G	6684	368	7052	0.00006
Adhaeribacter	299566	G	2736	95	2831	0.00003
Rufibacter	1379908	G	1694	205	1899	0.00002
Nibribacter	1649474	G	539	148	687	0.00001
Emticicia	312278	G	16835	136	16971	0.00016
Leadbetterella	319458	G	3131	136	3267	0.00003
Marinilongibacter	2975149	G	1351	13	1364	0.00001
Arcticibacterium	2173039	G	1001	20	1021	0.00001
Jiulongibacter	2031119	G	884	29	913	0.00001
Algoriphagus	246875	G	6750	964	7714	0.00007
Echinicola	390846	G	5039	986	6025	0.00006
Cyclobacterium	68288	G	2314	464	2778	0.00003
Aquiflexum	280472	G	1224	98	1322	0.00001
Belliella	232244	G	1148	263	1411	0.00001
Mongoliitalea	1511649	G	412	12	424	0.00000
Flammeovirga	59739	G	2585	294	2879	0.00003
Imperialibacter	1649461	G	1278	266	1544	0.00001
Chondrinema	3051458	G	1185	253	1438	0.00001
Fulvivirga	396811	G	2880	392	3272	0.00003
Chryseolinea	1433993	G	1366	16	1382	0.00001
Ekhidna	447678	G	2325	255	2580	0.00002
Reichenbachiella	156993	G	1350	67	1417	0.00001
Catalinimonas	1522128	G	1855	22	1877	0.00002
Porifericola	1001222	G	747	38	785	0.00001
Tunicatimonas	1077254	G	566	0	566	0.00001
Roseivirga	290180	G	2705	301	3006	0.00003
Marivirga	869806	G	2342	975	3317	0.00003
Bernardetia	1937972	G	2194	5	2199	0.00002
Aquirufa	2676247	G	2156	27	2183	0.00002
Rhodocytophaga	455076	G	2022	27	2049	0.00002
Persicobacter	59740	G	939	81	1020	0.00001
Fulvitalea	1434007	G	536	66	602	0.00001
Aureibacter	1097443	G	482	28	510	0.00000
Mangrovivirga	2858886	G	480	9	489	0.00000
Candidatus Cardinium	273135	G	291	1	292	0.00000
Candidatus Amoebophilus	281119	G	47	0	47	0.00000
Chitinophaga	79328	G	44374	1367	45741	0.00042
Niabella	379899	G	6475	484	6959	0.00006
Paraflavitalea	2698688	G	4514	269	4783	0.00004
Arachidicoccus	1769012	G	4380	149	4529	0.00004
Flavisolibacter	398041	G	3056	299	3355	0.00003
Filimonas	649460	G	2893	166	3059	0.00003
Lacibacter	649461	G	2686	107	2793	0.00003
Phnomibacter	2836216	G	2628	261	2889	0.00003
Mycovorax	3389990	G	2315	329	2644	0.00002
Ferruginibacter	1004303	G	2265	90	2355	0.00002
Niastella	354354	G	2137	220	2357	0.00002
Pseudobacter	1860196	G	2114	246	2360	0.00002
Flavihumibacter	1004301	G	1968	60	2028	0.00002
Rhizosphaericola	3114547	G	1674	96	1770	0.00002
Sediminibacterium	504481	G	1535	101	1636	0.00002
Pseudocnuella	2812019	G	1449	145	1594	0.00001
Panacibacter	1874621	G	1228	22	1250	0.00001
Puia	2045098	G	1151	65	1216	0.00001
Thermoflavifilum	1649506	G	794	9	803	0.00001
Haliscomenobacter	2349	G	1969	8	1977	0.00002
Phaeodactylibacter	1564515	G	500	0	500	0.00000
Aureispira	365032	G	1841	16	1857	0.00002
Saprospira	1007	G	605	2	607	0.00001
Neolewinella	2993541	G	434	6	440	0.00000
Lewinella	70994	G	375	2	377	0.00000
Candidatus Sulfidibacterium	2923290	G	353	0	353	0.00000
Rubrivirga	1434037	G	998	2	1000	0.00001
Rhodothermus	29548	G	558	1	559	0.00001
Rhodocaloribacter	2893090	G	409	2	411	0.00000
Salinibacter	146918	G	462	0	462	0.00000
Prosthecochloris	1101	G	492	2	494	0.00000
Pelodictyon	1099	G	307	4	311	0.00000
Chlorobium	1091	G	122	1	123	0.00000
Chlorobaculum	256319	G	358	1	359	0.00000
Chloroherpeton	100715	G	65	0	65	0.00000
Gracilimonas	649462	G	302	0	302	0.00000
Cyclonatronum	2489367	G	269	6	275	0.00000
Ignavibacterium	795750	G	190	0	190	0.00000
Melioribacter	1134403	G	83	0	83	0.00000
Gemmatimonas	173479	G	963	0	963	0.00001
Gemmatirosa	1706036	G	896	3	899	0.00001
Pseudogemmatithrix	3237678	G	192	0	192	0.00000
Candidatus Palauibacter	3056650	G	1351	0	1351	0.00001
Gaopeijia	3381669	G	550	0	550	0.00001
Candidatus Cloacimonas	456826	G	121	0	121	0.00000
Fidelibacter	3377528	G	72	0	72	0.00000
Fibrobacter	832	G	59	0	59	0.00000
Luteolibacter	518753	G	1233641	13141	1246782	0.01149
Verrucomicrobium	2735	G	85609	2279	87888	0.00081
Haloferula	574899	G	23021	724	23745	0.00022
Roseimicrobium	1348508	G	8178	6	8184	0.00008
Oceaniferula	2886881	G	3529	35	3564	0.00003
Roseibacillus	518755	G	2663	33	2696	0.00002
Sulfuriroseicoccus	2911469	G	2463	48	2511	0.00002
Akkermansia	239934	G	7604	1312	8916	0.00008
Fontisphaera	3050007	G	387	3	390	0.00000
Horticoccus	2986286	G	3725	184	3909	0.00004
Opitutus	178440	G	3310	215	3525	0.00003
Oleiharenicola	2100741	G	2093	431	2524	0.00002
Termitidicoccus	3126963	G	1747	509	2256	0.00002
Actomonas	3138693	G	1700	41	1741	0.00002
Lacunisphaera	1961799	G	1102	162	1264	0.00001
Nibricoccus	2576890	G	971	54	1025	0.00001
Synoicihabitans	2892920	G	948	34	982	0.00001
Lotipaludicoccus	3685778	G	897	182	1079	0.00001
Ereboglobus	2028344	G	644	175	819	0.00001
Congregicoccus	3458163	G	948	65	1013	0.00001
Coraliomargarita	442430	G	1332	0	1332	0.00001
Ruficoccus	2175957	G	896	22	918	0.00001
Rubellicoccus	3138622	G	224	2	226	0.00000
Candidatus Pelagisphaera	3049269	G	368	7	375	0.00000
Methylacidimicrobium	1541670	G	236	231	467	0.00000
Methylacidiphilum (ex Ratnadevi et al. 2023)	511745	G	229	64	293	0.00000
Candidatus Xiphinematobacter	134550	G	19	4	23	0.00000
Tundrisphaera	2029859	G	12681	784	13465	0.00012
Singulisphaera	466152	G	3661	204	3865	0.00004
Tautonia	2680020	G	1857	13	1870	0.00002
Aquisphaera	1511635	G	1776	76	1852	0.00002
Paludisphaera	1763521	G	1016	77	1093	0.00001
Isosphaera	127	G	268	5	273	0.00000
Planctomyces	118	G	9027	520	9547	0.00009
Gimesia	1649453	G	2830	101	2931	0.00003
Alienimonas	2714737	G	1195	56	1251	0.00001
Planctellipticum	3132181	G	1189	47	1236	0.00001
Maioricimonas	2795777	G	1008	103	1111	0.00001
Planctomicrobium	1779141	G	862	23	885	0.00001
Lacunimicrobium	3473513	G	645	15	660	0.00001
Caulifigura	2795778	G	643	5	648	0.00001
Schlesneria	656899	G	590	14	604	0.00001
Crateriforma	2714592	G	580	1080	1660	0.00002
Rubinisphaera	1649490	G	508	120	628	0.00001
Planctopirus	1649480	G	340	7	347	0.00000
Polystyrenella	2795774	G	321	19	340	0.00000
Symmachiella	2795780	G	291	11	302	0.00000
Calycomorphotria	2795776	G	168	8	176	0.00000
Fuerstiella	1936111	G	154	0	154	0.00000
Stratiformator	3076095	G	146	10	156	0.00000
Thalassoglobus	2795865	G	83	2	85	0.00000
Urbifossiella	2807415	G	7273	167	7440	0.00007
Gemmata	113	G	4854	307	5161	0.00005
Frigoriglobus	2774146	G	2219	217	2436	0.00002
Limnoglobus	2731450	G	1665	82	1747	0.00002
Telmatocola	1382832	G	247	2	249	0.00000
Tuwongella	2051044	G	185	5	190	0.00000
Stieleria	2795973	G	2475	128	2603	0.00002
Rosistilla	2795779	G	1004	28	1032	0.00001
Anatilimnocola	2807414	G	867	38	905	0.00001
Bremerella	2714594	G	840	11	851	0.00001
Lignipirellula	2795775	G	747	63	810	0.00001
Rhodopirellula	265488	G	553	28	581	0.00001
Roseimaritima	1579506	G	461	8	469	0.00000
Aureliella	2795605	G	451	11	462	0.00000
Pirellula	123	G	445	0	445	0.00000
Rubripirellula	1579505	G	430	58	488	0.00000
Novipirellula	2795426	G	411	11	422	0.00000
Blastopirellula	265487	G	321	1	322	0.00000
Mariniblastus	2005380	G	264	0	264	0.00000
Roseiconus	2814446	G	167	432	599	0.00001
Lacipirellula	2691417	G	1344	14	1358	0.00001
Pirellulimonas	2795783	G	1019	6	1025	0.00001
Botrimarina	2795782	G	880	17	897	0.00001
Aeoliella	2795781	G	817	15	832	0.00001
Adhaeretor	2862451	G	439	14	453	0.00000
Bythopirellula	1400386	G	89	0	89	0.00000
Thermogutta	1676125	G	139	1	140	0.00000
Engelhardtia	3405233	G	846	38	884	0.00001
Saltatorellus	3405235	G	724	81	805	0.00001
Rohdeia	3405237	G	588	1	589	0.00001
Kolteria	3405236	G	215	0	215	0.00000
Humisphaera	2807511	G	1809	0	1809	0.00002
Fontivita	2989683	G	462	0	462	0.00000
Phycisphaera	666508	G	365	2	367	0.00000
Mucisphaera	2913022	G	345	0	345	0.00000
Poriferisphaera	2803301	G	145	0	145	0.00000
Sedimentisphaera	2483368	G	104	289	393	0.00000
Limihaloglobus	2690160	G	48	0	48	0.00000
Anaerohalosphaera	2690159	G	125	0	125	0.00000
Candidatus Uabimicrobium	2897349	G	279	0	279	0.00000
Candidatus Kuenenia	380738	G	66	0	66	0.00000
Candidatus Protochlamydia	282132	G	514	66	580	0.00001
Parachlamydia	83551	G	249	54	303	0.00000
Neochlamydia	112987	G	223	13	236	0.00000
Waddlia	71666	G	117	12	129	0.00000
Candidatus Rhabdochlamydia	292833	G	70	52	122	0.00000
Simkania	34093	G	50	2	52	0.00000
Candidatus Neptunichlamydia	1891669	G	28	2	30	0.00000
Chlamydia	810	G	476	9	485	0.00000
Tichowtungia	2907187	G	216	0	216	0.00000
Kiritimatiella	1921784	G	139	1468	1607	0.00001
Lentisphaera	256846	G	189	0	189	0.00000
Candidatus Velamenicoccus	2789201	G	45	0	45	0.00000
Sorangium	39643	G	18807	303	19110	0.00018
Polyangium	55	G	989	30	1019	0.00001
Chondromyces	50	G	520	3	523	0.00000
Pajaroellobacter	1882917	G	13	0	13	0.00000
Sandaracinus	1055688	G	1652	16	1668	0.00002
Labilithrix	1524217	G	430	3	433	0.00000
Nannocystis	53	G	2554	14	2568	0.00002
Haliangium	162027	G	858	8	866	0.00001
Myxococcus	32	G	4033	333	4366	0.00004
Corallococcus	83461	G	3535	332	3867	0.00004
Pseudomyxococcus	3434272	G	870	159	1029	0.00001
Pyxidicoccus	224458	G	833	34	867	0.00001
Archangium	47	G	4886	337	5223	0.00005
Cystobacter	42	G	1595	334	1929	0.00002
Melittangium	44	G	1277	165	1442	0.00001
Stigmatella	40	G	507	33	540	0.00000
Anaeromyxobacter	161492	G	2784	50	2834	0.00003
Vulgatibacter	1524214	G	171	2	173	0.00000
Pendulispora	3375062	G	2282	13	2295	0.00002
Desulfovibrio	872	G	2000	20	2020	0.00002
Pseudodesulfovibrio	2035811	G	1871	104	1975	0.00002
Maridesulfovibrio	2794998	G	1055	5	1060	0.00001
Solidesulfovibrio	2910984	G	1040	3	1043	0.00001
Nitratidesulfovibrio	2802295	G	921	11	932	0.00001
Desulfolutivibrio	2773294	G	401	2	403	0.00000
Oceanidesulfovibrio	2905722	G	385	0	385	0.00000
Megalodesulfovibrio	2910978	G	230	0	230	0.00000
Desulfocurvibacter	2582840	G	140	0	140	0.00000
Salidesulfovibrio	2950010	G	136	1	137	0.00000
Bilophila	35832	G	105	0	105	0.00000
Oleidesulfovibrio	2909705	G	89	49	138	0.00000
Mailhella	1981028	G	86	6	92	0.00000
Desulfobaculum	1433996	G	70	0	70	0.00000
Halodesulfovibrio	1912771	G	40	0	40	0.00000
Taurinivorans	3126915	G	35	0	35	0.00000
Lawsonia	41707	G	24	0	24	0.00000
Desulfomicrobium	898	G	401	1	402	0.00000
Thermodesulfomicrobium	2905949	G	58	0	58	0.00000
Desulfohalobium	45662	G	51	0	51	0.00000
Geobacter	28231	G	1270	49	1319	0.00001
Geomonas	2651583	G	1022	57	1079	0.00001
Geotalea	2910589	G	418	14	432	0.00000
Trichlorobacter	115782	G	352	28	380	0.00000
Citrifermentans	2883512	G	186	16	202	0.00000
Desulfuromonas	890	G	840	7	847	0.00001
Pelobacter	18	G	176	56	232	0.00000
Syntrophotalea	2812025	G	579	3	582	0.00001
Geoalkalibacter	392332	G	524	27	551	0.00001
Desulfobacter	2289	G	589	2	591	0.00001
Desulfobacula	28222	G	99	0	99	0.00000
Desulforapulum	2904687	G	68	0	68	0.00000
Desulfosarcina	2299	G	733	7	740	0.00001
Desulfonema	45654	G	295	0	295	0.00000
Desulfococcus	896	G	32	0	32	0.00000
Desulfoluna	497721	G	147	0	147	0.00000
Desulfosudis	2904716	G	129	0	129	0.00000
Desulfatibacillum	218207	G	119	0	119	0.00000
Desulfurivibrio	427922	G	572	0	572	0.00001
Desulfobulbus	893	G	491	13	504	0.00000
Desulfomarina	2894767	G	130	0	130	0.00000
Candidatus Electrothrix	1859128	G	107	0	107	0.00000
Desulfolithobacter	3003266	G	47	0	47	0.00000
Desulfosediminicola	2886823	G	216	0	216	0.00000
Desulfopila	429014	G	123	0	123	0.00000
Desulfofustis	51194	G	99	0	99	0.00000
Desulfotalea	109168	G	86	0	86	0.00000
Desulforhopalus	40413	G	69	0	69	0.00000
Desulfocapsa	53318	G	60	0	60	0.00000
Thiovibrio	2991701	G	149	12	161	0.00000
Desulfarculus	453229	G	332	32	364	0.00000
Desulfoferula	3093638	G	297	0	297	0.00000
Syntrophobacter	29526	G	171	8	179	0.00000
Desulfoglaeba	361106	G	153	0	153	0.00000
Caldimicrobium	444090	G	166	0	166	0.00000
Thermosulfuriphilus	2033601	G	71	0	71	0.00000
Thermodesulfobacterium	1740	G	47	0	47	0.00000
Thermosulfurimonas	1522431	G	18	0	18	0.00000
Thermodesulfatator	241192	G	13	0	13	0.00000
Desulfobacca	60892	G	196	0	196	0.00000
Syntrophus	43773	G	166	0	166	0.00000
Candidatus Desulfofervidus	1902583	G	68	0	68	0.00000
Desulfomonile	2357	G	29	0	29	0.00000
Dissulfuribacter	1433998	G	27	0	27	0.00000
Arcobacter	28196	G	1299	142	1441	0.00001
Aliarcobacter	2321111	G	1215	30	1245	0.00001
Halarcobacter	2321115	G	595	5	600	0.00001
Malaciobacter	2321114	G	441	8	449	0.00000
Poseidonibacter	2321187	G	274	10	284	0.00000
Candidatus Marinarcus	2321204	G	29	0	29	0.00000
Campylobacter	194	G	3020	37	3057	0.00003
Sulfurimonas	202746	G	1953	56	2009	0.00002
Sulfonitrofixus	3451668	G	111	1	112	0.00000
Sulfuricurvum	286130	G	109	3	112	0.00000
Thiomicrolovo	3451667	G	109	105	214	0.00000
Hydrocurvibacter	3451669	G	33	2	35	0.00000
Helicobacter	209	G	1512	20	1532	0.00001
Wolinella	843	G	22	0	22	0.00000
Sulfurospirillum	57665	G	598	2	600	0.00001
Sulfurovum	265570	G	416	4	420	0.00000
Nitratifractor	269260	G	88	1	89	0.00000
Hydrogenimonas	223785	G	374	6	380	0.00000
Nitratiruptor	269258	G	415	0	415	0.00000
Nitrosophilus	2795692	G	282	7	289	0.00000
Nautilia	191291	G	240	0	240	0.00000
Caminibacter	191301	G	179	2	181	0.00000
Granulicella	940557	G	1041	10	1051	0.00001
Tunturiibacter	3154218	G	1006	16	1022	0.00001
Terriglobus	392733	G	995	7	1002	0.00001
Edaphobacter	388463	G	838	10	848	0.00001
Occallatibacter	1742983	G	343	1	344	0.00000
Telmatobacter	1078829	G	340	2	342	0.00000
Silvibacterium	1775468	G	333	29	362	0.00000
Acidisarcina	2608728	G	138	3	141	0.00000
Acidobacterium	33973	G	130	14	144	0.00000
Alloacidobacterium	2951993	G	123	1	124	0.00000
Candidatus Korobacter	658061	G	137	0	137	0.00000
Paludibaculum	1649475	G	615	0	615	0.00001
Geothrix	44675	G	1873	50	1923	0.00002
Mesoterricola	3074468	G	688	23	711	0.00001
Sulfidibacter	2915177	G	525	4	529	0.00000
Acanthopleuribacter	442869	G	352	0	352	0.00000
Thermotomaculum	1172428	G	41	0	41	0.00000
Luteitalea	2004797	G	1297	22	1319	0.00001
Chloracidobacterium	458032	G	320	0	320	0.00000
Treponema	157	G	1929	9	1938	0.00002
Brucepastera	2967962	G	62	0	62	0.00000
Borrelia	138	G	514	1	515	0.00000
Borreliella	64895	G	501	4	505	0.00000
Oceanispirochaeta	2035349	G	108	0	108	0.00000
Spirochaeta	146	G	100	0	100	0.00000
Marispirochaeta	1911565	G	70	0	70	0.00000
Candidatus Haliotispira	3115661	G	67	0	67	0.00000
Salinispira	1616789	G	46	0	46	0.00000
Sediminispirochaeta	1911556	G	38	0	38	0.00000
Entomospira	2834378	G	37	0	37	0.00000
Thiospirochaeta	2792240	G	21	0	21	0.00000
Leadbettera	2951107	G	180	3	183	0.00000
Breznakiella	2845254	G	70	1	71	0.00000
Gracilinema	2951106	G	46	1	47	0.00000
Sphaerochaeta	399320	G	156	2	158	0.00000
Parasphaerochaeta	3062336	G	52	0	52	0.00000
Leptospira	171	G	1460	0	1460	0.00001
Turneriella	338321	G	80	0	80	0.00000
Brachyspira	29521	G	862	1	863	0.00001
Winmispira	3457169	G	138	0	138	0.00000
Thermospira	3024226	G	52	0	52	0.00000
Bdellovibrio	958	G	2274	27	2301	0.00002
Micavibrio	213485	G	354	0	354	0.00000
Pseudobdellovibrio	2862745	G	272	5	277	0.00000
Peredibacter	263370	G	315	0	315	0.00000
Bacteriovorax	146784	G	104	0	104	0.00000
Halobacteriovorax	1652133	G	92	0	92	0.00000
Silvanigrella	2024975	G	160	0	160	0.00000
Pigmentibacter	2838409	G	139	0	139	0.00000
Fluviispira	2698753	G	63	0	63	0.00000
Spirobacillus	495819	G	87	0	87	0.00000
Nitrospira	1234	G	2569	1	2570	0.00002
Leptospirillum	179	G	128	0	128	0.00000
Candidatus Magnetomonas	3459270	G	19	0	19	0.00000
Thermodesulfovibrio	28261	G	124	0	124	0.00000
Dissulfurispira	2811506	G	90	0	90	0.00000
Sphaerobacter	2056	G	388	0	388	0.00000
Thermomicrobium	499	G	89	0	89	0.00000
Denitrovibrio	117999	G	161	0	161	0.00000
Geovibrio	46200	G	12	0	12	0.00000
Mucispirillum	248038	G	90	0	90	0.00000
Calditerrivibrio	545865	G	72	0	72	0.00000
Deferribacter	53572	G	39	0	39	0.00000
Flexistipes	2351	G	30	0	30	0.00000
Caldithrix	187144	G	343	0	343	0.00000
Thermocrinis	75905	G	83	0	83	0.00000
Hydrogenobaculum	168657	G	31	0	31	0.00000
Hydrogenobacter	939	G	22	0	22	0.00000
Pampinifervens	3453421	G	14	0	14	0.00000
Aquifex	2713	G	13	0	13	0.00000
Sulfurihydrogenibium	212790	G	109	0	109	0.00000
Persephonella	182899	G	25	0	25	0.00000
Desulfurobacterium	64159	G	34	0	34	0.00000
Elusimicrobium	423604	G	189	0	189	0.00000
Parelusimicrobium	3416099	G	19	0	19	0.00000
Endomicrobium	1408194	G	12	2	14	0.00000
Candidatus Endomicrobiellum	3238959	G	10	0	10	0.00000
Nitrospina	35800	G	230	0	230	0.00000
Candidatus Caldatribacterium	1454725	G	161	2	163	0.00000
Atribacter	2847777	G	16	1	17	0.00000
Dictyoglomus	13	G	190	0	190	0.00000
Desulfurispirillum	393029	G	124	0	124	0.00000
Zhurongbacter	3470744	G	93	0	93	0.00000
Thermodesulfobium	227388	G	62	0	62	0.00000
Coprothermobacter	68335	G	59	0	59	0.00000
Caldisericum	693074	G	28	0	28	0.00000
Thermosulfidibacter	412592	G	28	0	28	0.00000
Prescottella	2979332	G	4561122	292948	4854070	0.04473
Rhodococcus	1827	G	1310097	88474	1398571	0.01289
Nocardia	1817	G	170627	3034	173661	0.00160
Rhodococcoides	3259750	G	8922	2191	11113	0.00010
Williamsia	85043	G	1936	34	1970	0.00002
Mycobacterium	1763	G	399483	17653	417136	0.00384
Mycolicibacterium	1866885	G	161782	28157	189939	0.00175
Mycobacteroides	670516	G	23889	2202	26091	0.00024
Mycolicibacter	1073531	G	4730	1091	5821	0.00005
Mycolicibacillus	2126281	G	1681	80	1761	0.00002
Gordonia	2053	G	49948	1635	51583	0.00048
Skermania	59613	G	890	46	936	0.00001
Tsukamurella	2060	G	50150	1407	51557	0.00048
Corynebacterium	1716	G	42203	3565	45768	0.00042
Dietzia	37914	G	7418	665	8083	0.00007
Tomitella	741759	G	3912	90	4002	0.00004
Segniliparus	286801	G	370	2	372	0.00000
Hoyosella	697025	G	347	3	350	0.00000
Lawsonella	1847725	G	103	3	106	0.00000
Microbacterium	33882	G	1749983	82631	1832614	0.01689
Leucobacter	55968	G	26728	1460	28188	0.00026
Agromyces	33877	G	18901	895	19796	0.00018
Curtobacterium	2034	G	16922	696	17618	0.00016
Leifsonia	110932	G	12118	618	12736	0.00012
Rathayibacter	33886	G	7055	240	7295	0.00007
Herbiconiux	881616	G	6782	228	7010	0.00006
Agrococcus	46352	G	5958	364	6322	0.00006
Clavibacter	1573	G	5647	354	6001	0.00006
Cryobacterium	69578	G	5471	143	5614	0.00005
Microcella	337004	G	3587	200	3787	0.00003
Salinibacterium	235888	G	3181	90	3271	0.00003
Protaetiibacter	2680004	G	2756	182	2938	0.00003
Frigoribacterium	96492	G	2442	100	2542	0.00002
Plantibacter	190323	G	2422	49	2471	0.00002
Microterricola	518733	G	2360	108	2468	0.00002
Frondihabitans	447237	G	2118	52	2170	0.00002
Cnuibacter	1759331	G	1651	82	1733	0.00002
Gulosibacter	256818	G	1598	163	1761	0.00002
Mycetocola	76634	G	1559	34	1593	0.00001
Subtercola	120212	G	1557	23	1580	0.00001
Paramicrobacterium	3110364	G	1509	42	1551	0.00001
Humibacter	427753	G	815	76	891	0.00001
Lacisediminihabitans	2740558	G	774	16	790	0.00001
Okibacterium	196084	G	747	41	788	0.00001
Homoserinibacter	1649457	G	729	39	768	0.00001
Orlajensenia	3440766	G	644	22	666	0.00001
Rhodoluna	529883	G	383	4	387	0.00000
Aquiluna	529881	G	252	3	255	0.00000
Gryllotalpicola	1195526	G	634	19	653	0.00001
Naasia	1434022	G	532	18	550	0.00001
Humidisolicoccus	3425211	G	511	10	521	0.00000
Ruicaihuangia	3137419	G	494	15	509	0.00000
Diaminobutyricimonas	1433997	G	461	14	475	0.00000
Aurantimicrobium	1705353	G	452	3	455	0.00000
Agreia	110934	G	438	12	450	0.00000
Glaciihabitans	1649454	G	435	9	444	0.00000
Antiquaquibacter	3108736	G	434	6	440	0.00000
Marisediminicola	1230698	G	415	10	425	0.00000
Homoserinimonas	1434009	G	400	12	412	0.00000
Lysinibacter	1857011	G	378	3	381	0.00000
Pontimonas	1434032	G	96	0	96	0.00000
Cellulosimicrobium	157920	G	98664	7572	106236	0.00098
Isoptericola	254250	G	7167	1183	8350	0.00008
Xylanimonas	186188	G	5393	293	5686	0.00005
Promicromonospora	43676	G	4747	135	4882	0.00004
Oerskovia	162491	G	62667	4110	66777	0.00062
Cellulomonas	1707	G	43620	2371	45991	0.00042
Paraoerskovia	665568	G	3195	154	3349	0.00003
Actinotalea	458839	G	1359	107	1466	0.00001
Pseudactinotalea	1926259	G	804	13	817	0.00001
Arthrobacter	1663	G	27235	2982	30217	0.00028
Pseudarthrobacter	1742993	G	6988	1457	8445	0.00008
Glutamicibacter	1742989	G	6447	674	7121	0.00007
Kocuria	57493	G	5526	541	6067	0.00006
Sinomonas	596707	G	3784	87	3871	0.00004
Micrococcus	1269	G	2700	573	3273	0.00003
Paenarthrobacter	1742992	G	2473	794	3267	0.00003
Rothia	32207	G	2302	333	2635	0.00002
Citricoccus	169133	G	1869	285	2154	0.00002
Crystallibacter	3456524	G	814	39	853	0.00001
Auritidibacter	1160973	G	628	13	641	0.00001
Nesterenkonia	57494	G	525	0	525	0.00000
Neomicrococcus	1868332	G	472	31	503	0.00000
Zhihengliuella	370735	G	318	137	455	0.00000
Psychromicrobium	2078575	G	255	3	258	0.00000
Renibacterium	1645	G	220	3	223	0.00000
Paeniglutamicibacter	1742990	G	153	6	159	0.00000
Pseudoglutamicibacter	1742991	G	84	49	133	0.00000
Sanguibacter	60919	G	49428	2032	51460	0.00047
Brachybacterium	43668	G	15309	824	16133	0.00015
Dermabacter	36739	G	574	217	791	0.00001
Helcobacillus	1161125	G	247	19	266	0.00000
Devriesea	472568	G	172	1	173	0.00000
Janibacter	53457	G	4979	350	5329	0.00005
Arsenicicoccus	267408	G	1731	91	1822	0.00002
Phycicoccus	367298	G	1467	184	1651	0.00002
Terrabacter	53355	G	1343	76	1419	0.00001
Oryzobacter	1849973	G	1253	79	1332	0.00001
Pedococcus	2805645	G	1083	50	1133	0.00001
Knoellia	136099	G	999	28	1027	0.00001
Humibacillus	556178	G	792	33	825	0.00001
Intrasporangium	53357	G	727	22	749	0.00001
Nostocoides	99479	G	453	18	471	0.00000
Brevibacterium	1696	G	10573	966	11539	0.00011
Saxibacter	3162691	G	371	4	375	0.00000
Ornithinimicrobium	125287	G	3929	154	4083	0.00004
Serinicoccus	265976	G	1701	93	1794	0.00002
Ruania	626119	G	2941	56	2997	0.00003
Occultella	2828348	G	1187	42	1229	0.00001
Pengzhenrongella	2888818	G	2552	91	2643	0.00002
Luteimicrobium	754249	G	1372	73	1445	0.00001
Timonella	1465824	G	181	6	187	0.00000
Beutenbergia	84756	G	2072	58	2130	0.00002
Miniimonas	947525	G	1015	222	1237	0.00001
Barrientosiimonas	1535207	G	928	118	1046	0.00001
Dermacoccus	57495	G	724	52	776	0.00001
Allobranchiibius	2040262	G	575	13	588	0.00001
Luteipulveratus	745364	G	510	9	519	0.00000
Yimella	908935	G	208	5	213	0.00000
Demequina	577469	G	1814	57	1871	0.00002
Kytococcus	57499	G	861	76	937	0.00001
Gephyromycinifex	2885697	G	509	6	515	0.00000
Dermatophilus	1862	G	129	1	130	0.00000
Austwickia	1184606	G	116	1	117	0.00000
Jonesia	43673	G	164	7	171	0.00000
Tropheryma	2038	G	10	0	10	0.00000
Streptomyces	1883	G	449388	19582	468970	0.00432
Kitasatospora	2063	G	22088	3454	25542	0.00024
Actinacidiphila	2995702	G	3365	469	3834	0.00004
Embleya	2699295	G	2966	85	3051	0.00003
Streptacidiphilus	228398	G	2439	191	2630	0.00002
Peterkaempfera	2995704	G	1230	103	1333	0.00001
Yinghuangia	2805681	G	982	34	1016	0.00001
Streptantibioticus	2995706	G	684	74	758	0.00001
Carbonactinospora	2864378	G	856	47	903	0.00001
Amycolatopsis	1813	G	39372	1782	41154	0.00038
Pseudonocardia	1847	G	15773	692	16465	0.00015
Saccharopolyspora	1835	G	8780	546	9326	0.00009
Saccharothrix	2071	G	7163	821	7984	0.00007
Lentzea	165301	G	6180	336	6516	0.00006
Kutzneria	43356	G	4752	275	5027	0.00005
Actinomycetospora	402649	G	3231	130	3361	0.00003
Actinokineospora	39845	G	2881	363	3244	0.00003
Saccharomonospora	1851	G	2454	217	2671	0.00002
Actinosynnema	40566	G	2438	363	2801	0.00003
Actinoalloteichus	65496	G	2317	39	2356	0.00002
Crossiella	130795	G	1512	117	1629	0.00002
Umezawaea	583360	G	1463	105	1568	0.00001
Kibdelosporangium	2029	G	1164	43	1207	0.00001
Allokutzneria	1137960	G	944	71	1015	0.00001
Alloactinosynnema	674734	G	923	164	1087	0.00001
Salinifilum	2040254	G	651	125	776	0.00001
Prauserella	142577	G	606	18	624	0.00001
Allosaccharopolyspora	2893576	G	595	68	663	0.00001
Micromonospora	1873	G	51374	3422	54796	0.00050
Actinoplanes	1865	G	18812	840	19652	0.00018
Dactylosporangium	35753	G	16986	463	17449	0.00016
Plantactinospora	673534	G	3168	237	3405	0.00003
Solwaraspora	265431	G	2459	155	2614	0.00002
Phytohabitans	907364	G	2121	82	2203	0.00002
Actinocatenispora	390988	G	1799	38	1837	0.00002
Polymorphospora	338583	G	1557	145	1702	0.00002
Catellatospora	53365	G	744	46	790	0.00001
Couchioplanes	56433	G	705	83	788	0.00001
Natronosporangium	2920401	G	640	6	646	0.00001
Krasilnikovia	349312	G	618	57	675	0.00001
Longispora	203522	G	518	20	538	0.00000
Salinispora	168694	G	200	12	212	0.00000
Paractinoplanes	3240234	G	17	0	17	0.00000
Nocardioides	1839	G	44425	2217	46642	0.00043
Aeromicrobium	2040	G	5264	251	5515	0.00005
Pimelobacter	2044	G	2858	548	3406	0.00003
Mumia	1546255	G	2134	78	2212	0.00002
Friedmanniella	53387	G	455	26	481	0.00000
Solicola	3024237	G	415	10	425	0.00000
Micropruina	116071	G	325	46	371	0.00000
Cutibacterium	1912216	G	7190	576	7766	0.00007
Tessaracoccus	72763	G	4421	381	4802	0.00004
Microlunatus	29404	G	2572	73	2645	0.00002
Propioniciclava	1085622	G	2003	496	2499	0.00002
Acidipropionibacterium	1912215	G	1390	270	1660	0.00002
Propionibacterium	1743	G	1354	292	1646	0.00002
Arachnia	2801844	G	1082	19	1101	0.00001
Raineyella	1911549	G	1074	128	1202	0.00001
Auraticoccus	1278221	G	749	34	783	0.00001
Propionimicrobium	203133	G	620	20	640	0.00001
Naumannella	1294511	G	295	33	328	0.00000
Brooklawnia	369926	G	264	40	304	0.00000
Luteococcus	33983	G	220	6	226	0.00000
Ammonicoccus	3417658	G	194	57	251	0.00000
Kribbella	182639	G	14646	379	15025	0.00014
Actinopolymorpha	117156	G	672	13	685	0.00001
Nonomuraea	83681	G	10961	522	11483	0.00011
Streptosporangium	2000	G	6959	360	7319	0.00007
Microbispora	2005	G	3658	162	3820	0.00004
Microtetraspora	1995	G	2070	191	2261	0.00002
Sphaerisporangium	321315	G	1093	71	1164	0.00001
Sphaerimonospora	1792303	G	661	35	696	0.00001
Thermobispora	147067	G	536	23	559	0.00001
Spongiactinospora	2871671	G	49	4	53	0.00000
Actinomadura	1988	G	10360	943	11303	0.00010
Spirillospora	58122	G	2400	291	2691	0.00002
Actinoallomurus	667113	G	2282	108	2390	0.00002
Thermomonospora	2019	G	1336	105	1441	0.00001
Nocardiopsis	2013	G	4080	276	4356	0.00004
Streptomonospora	104204	G	1098	363	1461	0.00001
Thermobifida	83677	G	901	27	928	0.00001
Spiractinospora	2913367	G	531	4	535	0.00000
Actinomyces	1654	G	7053	230	7283	0.00007
Schaalia	2529408	G	1757	84	1841	0.00002
Trueperella	1069494	G	862	156	1018	0.00001
Flaviflexus	1522056	G	650	48	698	0.00001
Buchananella	2767323	G	252	6	258	0.00000
Arcanobacterium	28263	G	234	13	247	0.00000
Nanchangia	2888879	G	229	2	231	0.00000
Actinotignum	1653174	G	189	27	216	0.00000
Scrofimicrobium	2815785	G	172	0	172	0.00000
Pauljensenia	2740557	G	148	22	170	0.00000
Actinobaculum	76833	G	122	1	123	0.00000
Changpingibacter	2912996	G	76	12	88	0.00000
Gleimia	2692113	G	68	31	99	0.00000
Varibaculum	184869	G	68	6	74	0.00000
Mobiluncus	2050	G	58	9	67	0.00000
Winkia	2692118	G	55	28	83	0.00000
Boudabousia	2767318	G	26	0	26	0.00000
Geodermatophilus	1860	G	3531	261	3792	0.00003
Blastococcus	38501	G	3038	235	3273	0.00003
Modestobacter	88138	G	2977	225	3202	0.00003
Georgenia	154116	G	6817	801	7618	0.00007
Bifidobacterium	1678	G	5412	175	5587	0.00005
Gardnerella	2701	G	296	62	358	0.00000
Parascardovia	196082	G	118	7	125	0.00000
Scardovia	196081	G	67	5	72	0.00000
Alloscardovia	419014	G	16	0	16	0.00000
Bombiscardovia	1159909	G	10	0	10	0.00000
Frankia	1854	G	2127	43	2170	0.00002
Pseudofrankia	2994363	G	934	18	952	0.00001
Parafrankia	2994362	G	617	15	632	0.00001
Protofrankia	2994361	G	381	19	400	0.00000
Nakamurella	53460	G	2880	53	2933	0.00003
Jiangella	281472	G	2526	83	2609	0.00002
Kineococcus	33981	G	1671	78	1749	0.00002
Angustibacter	908626	G	749	21	770	0.00001
Jatrophihabitans	1434010	G	1554	24	1578	0.00001
Catenulispora	414878	G	819	21	840	0.00001
Stackebrandtia	283810	G	589	4	593	0.00001
Natronoglycomyces	2838311	G	150	0	150	0.00000
Epidermidibacterium	2078948	G	438	154	592	0.00001
Candidatus Planktophila	622681	G	287	0	287	0.00000
Candidatus Nanopelagicus	2039639	G	46	0	46	0.00000
Bounagaea	1931219	G	276	51	327	0.00000
Actinopolyspora	1849	G	225	2	227	0.00000
Acidothermus	28048	G	136	0	136	0.00000
Dermatobacter	3075137	G	2676	72	2748	0.00003
Aquihabitans	1648491	G	2127	106	2233	0.00002
Iamia	467975	G	1881	72	1953	0.00002
Actinomarinicola	2789775	G	763	70	833	0.00001
Actinospongiicola	3449744	G	344	12	356	0.00000
Candidatus Poriferisodalis	2983190	G	1825	28	1853	0.00002
Candidatus Poriferisocius	2983186	G	945	35	980	0.00001
Ilumatobacter	682522	G	879	4	883	0.00001
Salinilacustrithrix	3436875	G	484	33	517	0.00000
Acidimicrobium	53634	G	77	0	77	0.00000
Candidatus Spongiisocius	2983163	G	171	0	171	0.00000
Baekduia	2600304	G	2124	34	2158	0.00002
Svornostia	3231543	G	382	4	386	0.00000
Conexibacter	191494	G	1914	25	1939	0.00002
Paraconexibacter	2758920	G	1366	14	1380	0.00001
Capillimicrobium	2976759	G	858	16	874	0.00001
Miltoncostaea	2843200	G	824	6	830	0.00001
Thermoleophilum	192992	G	222	1	223	0.00000
Eggerthella	84111	G	488	139	627	0.00001
Gordonibacter	644652	G	312	176	488	0.00000
Adlercreutzia	447020	G	225	95	320	0.00000
Berryella	2815775	G	215	43	258	0.00000
Arabiibacter	2005386	G	205	12	217	0.00000
Slackia	84108	G	143	0	143	0.00000
Raoultibacter	1926677	G	124	6	130	0.00000
Xiamenia	2981344	G	114	1	115	0.00000
Denitrobacterium	79603	G	71	9	80	0.00000
Phoenicibacter	1981050	G	19	5	24	0.00000
Thermophilibacter	2847307	G	365	11	376	0.00000
Olsenella	133925	G	103	0	103	0.00000
Parolsenella	2082587	G	93	23	116	0.00000
Parafannyhessea	2847312	G	49	4	53	0.00000
Fannyhessea	2767327	G	39	3	42	0.00000
Atopobium	1380	G	34	0	34	0.00000
Lancefieldella	2767353	G	34	0	34	0.00000
Collinsella	102106	G	260	37	297	0.00000
Enorma	1472762	G	130	3	133	0.00000
Coriobacterium	33870	G	45	0	45	0.00000
Leptogranulimonas	2995122	G	203	0	203	0.00000
Rubrobacter	42255	G	1519	0	1519	0.00001
Euzebya	908623	G	595	1	596	0.00001
Egicoccus	1755825	G	381	2	383	0.00000
Egibacter	1747770	G	367	1	368	0.00000
Lacrimispora	2719231	G	487131	5178	492309	0.00454
Blautia	572511	G	22605	6138	28743	0.00026
Anaerocolumna	1843210	G	9544	25	9569	0.00009
Mediterraneibacter	2316020	G	6833	2362	9195	0.00008
Roseburia	841	G	5068	906	5974	0.00006
Hungatella	1649459	G	3472	718	4190	0.00004
Enterocloster	2719313	G	3322	413	3735	0.00003
Anaerostipes	207244	G	2979	389	3368	0.00003
Kineothrix	2163168	G	2613	24	2637	0.00002
Lachnoclostridium	1506553	G	2444	266	2710	0.00002
Dorea	189330	G	2374	940	3314	0.00003
Eisenbergiella	1432051	G	1684	288	1972	0.00002
Sellimonas	1769710	G	1683	424	2107	0.00002
Novisyntrophococcus	2888809	G	1537	66	1603	0.00001
Otoolea	2941495	G	1350	180	1530	0.00001
Marvinbryantia	248744	G	1306	115	1421	0.00001
Anaerobutyricum	2569097	G	1189	342	1531	0.00001
Butyrivibrio	830	G	1084	8	1092	0.00001
Allocoprococcus	3569723	G	1069	578	1647	0.00002
Faecalimonas	2005355	G	968	478	1446	0.00001
Claveliimonas	3076670	G	849	132	981	0.00001
Pseudobutyrivibrio	46205	G	620	9	629	0.00001
Anaeromicropila	3024823	G	614	3	617	0.00001
Jutongia	2944194	G	576	70	646	0.00001
Anaeropeptidivorans	2997360	G	533	2	535	0.00000
Wansuia	2944198	G	517	35	552	0.00001
Qiania	2944195	G	466	47	513	0.00000
Agathobacter	1766253	G	366	175	541	0.00000
Lachnoanaerobaculum	1164882	G	359	9	368	0.00000
Eshraghiella	3342669	G	338	76	414	0.00000
Lachnospira	28050	G	285	22	307	0.00000
Hominifimenecus	3073585	G	276	0	276	0.00000
Simiaoa	2944193	G	243	83	326	0.00000
Herbinix	1663717	G	224	32	256	0.00000
Tyzzerella	1506577	G	187	2	189	0.00000
Chakrabartyella	3088373	G	172	3	175	0.00000
Wujia	2944152	G	164	46	210	0.00000
Coprococcus	33042	G	142	24	166	0.00000
Chordicoccus	3031933	G	136	10	146	0.00000
Candidatus Epulonipiscium	2383	G	126	1	127	0.00000
Stomatobaculum	1213720	G	92	0	92	0.00000
Sporofaciens	2811390	G	48	0	48	0.00000
Vallitalea	1348611	G	531	2	533	0.00000
Petrocella	2603323	G	83	2	85	0.00000
Cellulosilyticum	698776	G	492	3	495	0.00000
Anaerotignum	2039240	G	394	41	435	0.00000
Defluviitalea	1185408	G	158	25	183	0.00000
Clostridium	1485	G	54876	1788	56664	0.00052
Lactonifactor	420345	G	1710	200	1910	0.00002
Wukongibacter	1884926	G	452	4	456	0.00000
Haloimpatiens	1755832	G	446	37	483	0.00000
Crassaminicella	1848399	G	349	6	355	0.00000
Caloramator	44258	G	252	5	257	0.00000
Oceanirhabdus	1434026	G	137	0	137	0.00000
Sarcina	1266	G	125	3	128	0.00000
Hathewaya	1769729	G	107	1	108	0.00000
Proteiniclasticum	1155385	G	74	4	78	0.00000
Candidatus Neoarthromitus	49082	G	49	0	49	0.00000
Ruminococcus	1263	G	2581	282	2863	0.00003
Faecalibacterium	216851	G	1473	165	1638	0.00002
Caproicibacterium	2834348	G	977	75	1052	0.00001
Ruminiclostridium	1508657	G	367	28	395	0.00000
Petroclostridium	2304687	G	354	3	357	0.00000
Dysosmobacter	2591381	G	307	219	526	0.00000
Flavonifractor	946234	G	258	26	284	0.00000
Ruthenibacterium	1905344	G	250	18	268	0.00000
Subdoligranulum	292632	G	231	38	269	0.00000
Ethanoligenens	253238	G	172	9	181	0.00000
Paludihabitans	2038676	G	159	0	159	0.00000
Oscillibacter	459786	G	146	23	169	0.00000
Owariibacterium	3393728	G	143	52	195	0.00000
Pseudoflavonifractor	1017280	G	127	9	136	0.00000
Vescimonas	2892396	G	116	46	162	0.00000
Thermoclostridium	2304691	G	114	10	124	0.00000
Acidaminobacterium	3570270	G	104	0	104	0.00000
Hominenteromicrobium	3073575	G	103	49	152	0.00000
Lawsonibacter	2172004	G	89	3	92	0.00000
Anaerotruncus	244127	G	88	13	101	0.00000
Pusillibacter	2892397	G	77	13	90	0.00000
Thermocaproicibacter	3048127	G	57	10	67	0.00000
Solibaculum	2842531	G	46	14	60	0.00000
Amygdalobacter	3079925	G	46	6	52	0.00000
Mageeibacillus	1637257	G	35	5	40	0.00000
Bengtsoniella	3389389	G	33	0	33	0.00000
Fastidiosipila	236752	G	12	2	14	0.00000
Eubacterium	1730	G	1973	337	2310	0.00002
Acetobacterium	33951	G	647	14	661	0.00001
Pseudoramibacter	113286	G	110	1	111	0.00000
Anaerofustis	264995	G	84	6	90	0.00000
Alkalibacter	274470	G	23	0	23	0.00000
Thermaerobacter	73918	G	1114	2	1116	0.00001
Sulfobacillus	28033	G	126	0	126	0.00000
Proteiniborus	415014	G	407	22	429	0.00000
Intestinimonas	1392389	G	156	14	170	0.00000
Fenollaria	1686313	G	92	3	95	0.00000
Levyella	1715798	G	62	5	67	0.00000
Carboxydocella	178898	G	61	0	61	0.00000
Flintibacter	1918454	G	61	4	65	0.00000
Caproiciproducens	1738645	G	1022	155	1177	0.00001
Acutalibacter	1918385	G	230	5	235	0.00000
Caproicibacter	2576755	G	228	174	402	0.00000
Desulfitobacterium	36853	G	622	9	631	0.00001
Desulfosporosinus	79206	G	557	6	563	0.00001
Dehalobacter	56112	G	267	50	317	0.00000
Syntrophobotulus	51196	G	68	0	68	0.00000
Desulforamulus	2916693	G	254	18	272	0.00000
Acididesulfobacillus	2924872	G	123	0	123	0.00000
Dehalobacterium	51514	G	100	9	109	0.00000
Candidatus Formimonas	2840454	G	92	0	92	0.00000
Desulfofarcimen	2282742	G	66	0	66	0.00000
Phosphitispora	2903061	G	59	4	63	0.00000
Desulfofundulus	2282741	G	53	0	53	0.00000
Thermanaerosceptrum	2651578	G	29	0	29	0.00000
Butyricicoccus	580596	G	432	75	507	0.00000
Agathobaculum	2048137	G	247	48	295	0.00000
Intestinibacillus	1928820	G	14	43	57	0.00000
Syntrophomonas	862	G	312	4	316	0.00000
Candidatus Syntrophocurvum	2293313	G	105	0	105	0.00000
Syntrophothermus	129001	G	15	0	15	0.00000
Caldinitratiruptor	1006480	G	219	1	220	0.00000
Symbiobacterium	2733	G	164	0	164	0.00000
Tianxiuia	3680000	G	222	1	223	0.00000
Helicovermis	3136917	G	88	0	88	0.00000
Fusibacter	76008	G	66	1	67	0.00000
Aristaeella	3046369	G	325	0	325	0.00000
Desulfoscipio	2867376	G	245	0	245	0.00000
Proteinivorax	1491776	G	134	0	134	0.00000
Alkalicella	2838170	G	46	0	46	0.00000
Thermincola	278993	G	99	3	102	0.00000
Heliomicrobium	2831443	G	54	2	56	0.00000
Heliorestis	79598	G	34	0	34	0.00000
Desulfotomaculum	1562	G	16	3	19	0.00000
Romboutsia	1501226	G	2407	325	2732	0.00003
Paraclostridium	1849822	G	2391	118	2509	0.00002
Clostridioides	1870884	G	2062	269	2331	0.00002
Terrisporobacter	1505652	G	1404	50	1454	0.00001
Faecalimicrobium	3120164	G	1181	150	1331	0.00001
Peptacetobacter	2743582	G	421	24	445	0.00000
Intestinibacter	1505657	G	239	29	268	0.00000
Tepidibacter	214904	G	182	2	184	0.00000
Peptostreptococcus	1257	G	112	11	123	0.00000
Anoxybacterium	3408579	G	1123	5	1128	0.00001
Aminipila	2060094	G	698	23	721	0.00001
Sinanaerobacter	2886866	G	577	6	583	0.00001
Emergencia	1926556	G	540	52	592	0.00001
Ihubacter	1926667	G	126	7	133	0.00000
Mogibacterium	86331	G	75	6	81	0.00000
Alkaliphilus	114627	G	302	3	305	0.00000
Serpentinicella	1890059	G	129	0	129	0.00000
Andreesenella	3685825	G	108	1	109	0.00000
Geosporobacter	390805	G	376	8	384	0.00000
Acetoanaerobium	186831	G	169	1	170	0.00000
Filifactor	44259	G	58	17	75	0.00000
Caminicella	166484	G	100	2	102	0.00000
Peptoclostridium	1481960	G	40	1	41	0.00000
Thermoanaerobacterium	28895	G	551	7	558	0.00001
Thermoanaerobacter	1754	G	449	29	478	0.00000
Desulfothermobacter	2079011	G	287	0	287	0.00000
Thermacetogenium	140458	G	83	5	88	0.00000
Caldanaerobacter	249529	G	82	9	91	0.00000
Gelria	189326	G	56	0	56	0.00000
Carboxydothermus	129957	G	45	0	45	0.00000
Aceticella	3051499	G	19	0	19	0.00000
Ammonifex	42837	G	11	0	11	0.00000
Candidatus Desulforudis	471826	G	84	0	84	0.00000
Halanaerobium	2330	G	161	0	161	0.00000
Halocella	46466	G	75	172	247	0.00000
Iocasia	2899804	G	15	35	50	0.00000
Halobacteroides	42417	G	114	5	119	0.00000
Acetohalobium	28186	G	44	0	44	0.00000
Natroniella	52003	G	41	0	41	0.00000
Anoxybacter	1769008	G	129	0	129	0.00000
Halothermothrix	32636	G	68	0	68	0.00000
Acetivibrio	35829	G	481	47	528	0.00000
Neomoorella	44260	G	269	0	269	0.00000
Metallumcola	3234175	G	84	0	84	0.00000
Zhaonella	2748674	G	71	0	71	0.00000
Christensenella	990721	G	418	28	446	0.00000
Biomaibacter	2770094	G	90	0	90	0.00000
Tepidanaerobacter	499228	G	73	0	73	0.00000
Thermosediminibacter	291988	G	50	0	50	0.00000
Monoglobus	2039302	G	204	32	236	0.00000
Natranaerofaba	2807497	G	76	0	76	0.00000
Natranaerobius	375928	G	50	0	50	0.00000
Koleobacter	2786989	G	87	0	87	0.00000
Mahella	252965	G	33	1	34	0.00000
Paenibacillus	44249	G	257996	3452	261448	0.00241
Brevibacillus	55080	G	2673	31	2704	0.00002
Cohnella	329857	G	972	14	986	0.00001
Pristimantibacillus (SeqCode)	2994560	G	443	9	452	0.00000
Saccharibacillus	456492	G	316	4	320	0.00000
Thermobacillus	76632	G	314	4	318	0.00000
Aneurinibacillus	55079	G	278	5	283	0.00000
Bacillus	1386	G	12312	2091	14403	0.00013
Neobacillus	2675232	G	2991	172	3163	0.00003
Lysinibacillus	400634	G	2654	230	2884	0.00003
Peribacillus	2675229	G	2237	91	2328	0.00002
Priestia	2800373	G	1510	97	1607	0.00001
Cytobacillus	2675230	G	1331	400	1731	0.00002
Metabacillus	2675233	G	1319	81	1400	0.00001
Virgibacillus	84406	G	1279	21	1300	0.00001
Oceanobacillus	182709	G	1153	39	1192	0.00001
Niallia	2837506	G	860	109	969	0.00001
Halobacillus	45667	G	851	28	879	0.00001
Psychrobacillus	1221880	G	831	39	870	0.00001
Heyndrickxia	2837504	G	756	70	826	0.00001
Mesobacillus	2675231	G	712	44	756	0.00001
Rossellomorea	2837508	G	691	30	721	0.00001
Gracilibacillus	74385	G	561	12	573	0.00001
Sutcliffiella	2837511	G	525	21	546	0.00001
Shouchella	2893057	G	419	11	430	0.00000
Evansella	2837485	G	360	7	367	0.00000
Alkalihalobacillus	2675234	G	334	14	348	0.00000
Terribacillus	459532	G	330	6	336	0.00000
Ornithinibacillus	484508	G	328	24	352	0.00000
Salipaludibacillus	1884449	G	272	4	276	0.00000
Paraperibacillus	3450404	G	231	8	239	0.00000
Schinkia	2837509	G	229	8	237	0.00000
Siminovitchia	2837510	G	209	5	214	0.00000
Alkalihalophilus	2893060	G	195	7	202	0.00000
Salisediminibacterium	1434042	G	185	3	188	0.00000
Salicibibacter	2685905	G	185	0	185	0.00000
Caldifermentibacillus	3034001	G	182	329	511	0.00000
Lentibacillus	175304	G	182	1	183	0.00000
Fervidibacillus	3033930	G	164	4	168	0.00000
Pontibacillus	289201	G	158	2	160	0.00000
Domibacillus	1433999	G	152	8	160	0.00000
Pseudobacillus	108525	G	134	18	152	0.00000
Aeribacillus	1055323	G	133	19	152	0.00000
Paraliobacillus	200903	G	133	2	135	0.00000
Amphibacillus	29331	G	132	4	136	0.00000
Radiobacillus	2785518	G	131	4	135	0.00000
Sediminibacillus	482460	G	109	2	111	0.00000
Lederbergia	2804231	G	108	1	109	0.00000
Tepidibacillus	1494427	G	107	4	111	0.00000
Gottfriedia	2837503	G	96	3	99	0.00000
Salimicrobium	351195	G	93	1	94	0.00000
Alkalicoccus	2005375	G	85	1	86	0.00000
Paenalkalicoccus	2944627	G	75	10	85	0.00000
Halalkalibacter	2893056	G	75	6	81	0.00000
Cerasibacillus	227864	G	74	3	77	0.00000
Falsibacillus	1270155	G	71	2	73	0.00000
Robertmurraya	2837507	G	69	3	72	0.00000
Anaerobacillus	704093	G	45	1	46	0.00000
Caldalkalibacillus	379065	G	41	6	47	0.00000
Mangrovibacillus	2920444	G	38	1	39	0.00000
Halalkalibacterium (ex Joshi et al. 2022)	2893055	G	36	1	37	0.00000
Caldibacillus	1276290	G	36	323	359	0.00000
Pradoshia	2651279	G	32	1	33	0.00000
Ectobacillus	2837502	G	23	0	23	0.00000
Aciduricibacillus	3158337	G	19	0	19	0.00000
Alkalibacillus	331654	G	18	0	18	0.00000
Allobacillus	1400133	G	13	1	14	0.00000
Staphylococcus	1279	G	5810	631	6441	0.00006
Mammaliicoccus	2803850	G	1231	79	1310	0.00001
Macrococcus	69965	G	602	42	644	0.00001
Macrococcoides	3076173	G	356	53	409	0.00000
Salinicoccus	45669	G	279	6	285	0.00000
Jeotgalicoccus	227979	G	146	4	150	0.00000
Nosocomiicoccus	489909	G	88	1	89	0.00000
Sporosarcina	1569	G	1571	73	1644	0.00002
Planococcus	1372	G	1554	65	1619	0.00001
Ureibacillus	160795	G	555	97	652	0.00001
Solibacillus	648800	G	492	45	537	0.00000
Rummeliibacillus	648802	G	272	44	316	0.00000
Paenisporosarcina	651660	G	253	32	285	0.00000
Chryseomicrobium	889388	G	117	16	133	0.00000
Kurthia	1649	G	95	22	117	0.00000
Jeotgalibacillus	157226	G	65	3	68	0.00000
Metasolibacillus	2703677	G	47	1	48	0.00000
Viridibacillus	496496	G	41	5	46	0.00000
Geobacillus	129337	G	757	213	970	0.00001
Parageobacillus	1906945	G	287	95	382	0.00000
Anoxybacillus	150247	G	188	23	211	0.00000
Saccharococcus	29395	G	148	40	188	0.00000
Thermaerobacillus	3390020	G	142	14	156	0.00000
Anoxybacteroides	3389905	G	13	0	13	0.00000
Listeria	1637	G	1472	222	1694	0.00002
Brochothrix	2755	G	112	3	115	0.00000
Paenilisteria	3373705	G	100	1	101	0.00000
Exiguobacterium	33986	G	1114	42	1156	0.00001
Hydrogenibacillus	1609627	G	204	2	206	0.00000
Alicyclobacillus	29330	G	571	1	572	0.00001
Tumebacillus	432330	G	231	3	234	0.00000
Kyrpidia	1129704	G	190	0	190	0.00000
Effusibacillus	1502725	G	91	0	91	0.00000
Fodinisporobacter	3156481	G	80	0	80	0.00000
Fictibacillus	1329200	G	547	31	578	0.00001
Pseudalkalibacillus	2893058	G	250	16	266	0.00000
Kroppenstedtia	1274351	G	182	2	184	0.00000
Staphylospora	2689589	G	71	1	72	0.00000
Laceyella	292635	G	49	0	49	0.00000
Thermoactinomyces	2023	G	48	0	48	0.00000
Novibacillus	1677050	G	46	1	47	0.00000
Polycladomyces	1348505	G	40	0	40	0.00000
Gemella	1378	G	316	14	330	0.00000
Guptibacillus	3421338	G	224	25	249	0.00000
Sporolactobacillus	2077	G	145	1	146	0.00000
Pullulanibacillus	475230	G	69	1	70	0.00000
Abyssicoccus	1955413	G	35	6	41	0.00000
Enterococcus	1350	G	34167	3474	37641	0.00035
Vagococcus	2737	G	1226	41	1267	0.00001
Tetragenococcus	51668	G	183	15	198	0.00000
Melissococcus	33969	G	82	1	83	0.00000
Lactobacillus	1578	G	1862	129	1991	0.00002
Leuconostoc	1243	G	1346	62	1408	0.00001
Lacticaseibacillus	2759736	G	1048	98	1146	0.00001
Lactiplantibacillus	2767842	G	954	101	1055	0.00001
Ligilactobacillus	2767887	G	799	74	873	0.00001
Levilactobacillus	2767886	G	705	53	758	0.00001
Pediococcus	1253	G	551	84	635	0.00001
Limosilactobacillus	2742598	G	485	287	772	0.00001
Companilactobacillus	2767879	G	474	24	498	0.00000
Weissella	46255	G	366	11	377	0.00000
Lentilactobacillus	2767893	G	342	20	362	0.00000
Apilactobacillus	2767877	G	244	4	248	0.00000
Liquorilactobacillus	2767888	G	224	23	247	0.00000
Bombilactobacillus	2767878	G	219	4	223	0.00000
Fructilactobacillus	2767881	G	190	7	197	0.00000
Latilactobacillus	2767885	G	178	12	190	0.00000
Loigolactobacillus	2767889	G	154	26	180	0.00000
Schleiferilactobacillus	2767891	G	143	1	144	0.00000
Furfurilactobacillus	2767882	G	88	4	92	0.00000
Oenococcus	46254	G	88	1	89	0.00000
Dellaglioa	2767880	G	77	4	81	0.00000
Lapidilactobacillus	2767884	G	55	3	58	0.00000
Paucilactobacillus	2767890	G	51	7	58	0.00000
Xylocopilactobacillus	3118928	G	50	0	50	0.00000
Agrilactobacillus	2767875	G	34	0	34	0.00000
Secundilactobacillus	2767892	G	29	5	34	0.00000
Fructobacillus	559173	G	27	0	27	0.00000
Nicoliella	2978367	G	27	0	27	0.00000
Acetilactobacillus	2767874	G	21	0	21	0.00000
Holzapfeliella	2767883	G	16	0	16	0.00000
Amylolactobacillus	2767876	G	11	1	12	0.00000
Streptococcus	1301	G	6798	372	7170	0.00007
Lactococcus	1357	G	1101	144	1245	0.00001
Pseudolactococcus	3436058	G	141	6	147	0.00000
Floricoccus	1930830	G	24	0	24	0.00000
Carnobacterium	2747	G	964	44	1008	0.00001
Jeotgalibaca	1470540	G	321	25	346	0.00000
Alloiococcus	1651	G	245	4	249	0.00000
Desemzia	82800	G	241	38	279	0.00000
Alkalibacterium	99906	G	148	3	151	0.00000
Trichococcus	82802	G	136	3	139	0.00000
Granulicatella	117563	G	117	25	142	0.00000
Dolosigranulum	29393	G	70	2	72	0.00000
Marinilactibacillus	191769	G	50	2	52	0.00000
Aerococcus	1375	G	362	36	398	0.00000
Tuanshanicoccus	3465067	G	131	1	132	0.00000
Fundicoccus	2761542	G	95	2	97	0.00000
Globicatella	13075	G	94	3	97	0.00000
Ruoffia	2862144	G	58	7	65	0.00000
Abiotrophia	46123	G	32	1	33	0.00000
Suicoccus	2689587	G	32	1	33	0.00000
Ignavigranum	89092	G	21	0	21	0.00000
Sporomusa	2375	G	1284	28	1312	0.00001
Methylomusa	2093783	G	234	13	247	0.00000
Pelosinus	365348	G	201	9	210	0.00000
Anaerosinus	151037	G	121	1	122	0.00000
Selenomonas	970	G	619	1	620	0.00001
Megamonas	158846	G	469	2	471	0.00000
Mitsuokella	52225	G	249	7	256	0.00000
Pectinatus	864	G	191	0	191	0.00000
Megasphaera	906	G	467	10	477	0.00000
Veillonella	29465	G	403	2	405	0.00000
Dialister	39948	G	195	3	198	0.00000
Phascolarctobacterium	33024	G	542	10	552	0.00001
Acidaminococcus	904	G	269	9	278	0.00000
Anaerococcus	165779	G	643	57	700	0.00001
Parvimonas	543311	G	287	35	322	0.00000
Peptoniphilus	162289	G	187	45	232	0.00000
Helcococcus	31983	G	175	15	190	0.00000
Finegoldia	150022	G	103	20	123	0.00000
Aedoeadaptatus	2981628	G	98	3	101	0.00000
Microaceticoccus	3421489	G	85	0	85	0.00000
Miniphocaeibacter	2126548	G	81	0	81	0.00000
Murdochiella	1161127	G	36	15	51	0.00000
Tissierella	41273	G	717	8	725	0.00001
Gudongella	2692382	G	25	0	25	0.00000
Acidilutibacter	2992720	G	192	16	208	0.00000
Schnuerera	2794837	G	63	3	66	0.00000
Keratinibaculum	1354809	G	42	2	44	0.00000
Gottschalkia	1505664	G	78	0	78	0.00000
Sporanaerobacter	165812	G	48	3	51	0.00000
Caloranaerobacter	171003	G	45	1	46	0.00000
Sedimentibacter	190972	G	374	2	376	0.00000
Ezakiella	1582879	G	20	12	32	0.00000
Erysipelothrix	1647	G	372	4	376	0.00000
Amedibacterium	2749267	G	334	130	464	0.00000
Hoskinsella	3681505	G	151	77	228	0.00000
Holdemania	61170	G	105	25	130	0.00000
Allocoprobacillus	3059504	G	80	4	84	0.00000
Allobaculum	174708	G	71	0	71	0.00000
Intestinibaculum	2679910	G	62	1	63	0.00000
Longicatena	1918536	G	58	24	82	0.00000
Massilimicrobiota	1924110	G	49	402	451	0.00000
Solobacterium	123375	G	33	15	48	0.00000
Faecalibaculum	1729679	G	28	0	28	0.00000
Bulleidia	118747	G	16	0	16	0.00000
Thomasclavelia	3025755	G	658	42	700	0.00001
Faecalibacillus	2678885	G	193	47	240	0.00000
Catenibacterium	135858	G	175	10	185	0.00000
Tannockella	2943184	G	74	0	74	0.00000
Turicibacter	191303	G	261	12	273	0.00000
Geochorda	3366854	G	207	0	207	0.00000
Carboxydichorda	3366853	G	181	0	181	0.00000
Limnochorda	1676651	G	175	0	175	0.00000
Caldicellulosiruptor	44000	G	413	38	451	0.00000
Anaerocellum	32631	G	29	26	55	0.00000
Candidatus Contubernalis	338648	G	44	23	67	0.00000
Nostoc	1177	G	3856	104	3960	0.00004
Anabaena	1163	G	820	350	1170	0.00001
Trichormus	264688	G	77	2	79	0.00000
Cylindrospermum	56106	G	47	1	48	0.00000
Richelia	98443	G	15	0	15	0.00000
Sphaerospermopsis	752201	G	152	12	164	0.00000
Cylindrospermopsis	77021	G	131	17	148	0.00000
Dolichospermum	748770	G	89	438	527	0.00000
Okeanomitos	3231549	G	71	5	76	0.00000
Nodularia	159191	G	210	38	248	0.00000
Anabaenopsis	110103	G	112	4	116	0.00000
Aliinostoc	2035978	G	76	36	112	0.00000
Halotia	1620790	G	50	1	51	0.00000
Calothrix	1186	G	290	7	297	0.00000
Tolypothrix	111782	G	227	7	234	0.00000
Fischerella	1190	G	186	43	229	0.00000
Rivularia	373984	G	144	0	144	0.00000
Chlorogloeopsis	1123	G	109	0	109	0.00000
Brasilonema	383614	G	28	0	28	0.00000
Synechococcus	1129	G	4048	172	4220	0.00004
Cyanobium	167375	G	1469	117	1586	0.00001
Prochlorococcus	1218	G	981	6	987	0.00001
Parasynechococcus	2881427	G	85	60	145	0.00000
Synechocystis	1142	G	153	2	155	0.00000
Altericista	2855430	G	52	0	52	0.00000
Geminocystis	669357	G	386	4	390	0.00000
Cyanobacterium	102234	G	350	14	364	0.00000
Picosynechococcus	3079908	G	334	7	341	0.00000
Gloeothece	28070	G	489	4	493	0.00000
Candidatus Atelocyanobacterium	1453359	G	188	5	193	0.00000
Crocosphaera	263510	G	127	2	129	0.00000
Rippkaea	2546365	G	80	1	81	0.00000
Microcystis	1125	G	493	37	530	0.00000
Gloeocapsa	102231	G	147	5	152	0.00000
Gloeocapsopsis	693222	G	35	2	37	0.00000
Halothece	76023	G	153	7	160	0.00000
Euhalothece	65097	G	28	0	28	0.00000
Planktothrix	54304	G	540	7	547	0.00001
Microcoleus	44471	G	258	16	274	0.00000
Trichodesmium	1205	G	78	0	78	0.00000
Koinonema	2023214	G	268	2	270	0.00000
Oxynema	1492710	G	136	1	137	0.00000
Phormidium	1198	G	126	11	137	0.00000
Planktothricoides	132607	G	116	1	117	0.00000
Limnospira	2596745	G	184	14	198	0.00000
Capilliphycus	2768926	G	62	0	62	0.00000
Leptolyngbya	47251	G	840	171	1011	0.00001
Leptodesmis	2664261	G	163	15	178	0.00000
Leptothermofonsia	2917830	G	134	5	139	0.00000
Kovacikia	1874526	G	53	0	53	0.00000
Trichothermofontia	3045815	G	63	1	64	0.00000
Pseudanabaena	1152	G	554	5	559	0.00001
Limnothrix	132605	G	195	1	196	0.00000
Thalassoporum	2799719	G	148	1	149	0.00000
Stanieria	102115	G	438	4	442	0.00000
Pleurocapsa	44474	G	353	7	360	0.00000
Gloeobacter	33071	G	414	0	414	0.00000
Anthocerotibacter	2857076	G	251	0	251	0.00000
Chroococcidiopsis	54298	G	437	10	447	0.00000
Thermosynechococcus	146785	G	198	5	203	0.00000
Parathermosynechococcus	3161592	G	12	0	12	0.00000
Acaryochloris	155977	G	114	0	114	0.00000
Nodosilinea	1120752	G	246	9	255	0.00000
Halomicronema	170610	G	18	0	18	0.00000
Dactylococcopsis	13034	G	54	3	57	0.00000
Thermoleptolyngbya	2303528	G	144	43	187	0.00000
Egbenema	3079668	G	92	2	94	0.00000
Thermocoleostomius	3065395	G	47	1	48	0.00000
Moorena	1155738	G	156	0	156	0.00000
Allocoleopsis	2886347	G	43	0	43	0.00000
Geitlerinema	63132	G	197	6	203	0.00000
Chamaesiphon	217161	G	75	0	75	0.00000
Crinalium	241421	G	72	1	73	0.00000
Desertifilum	1185872	G	55	1	56	0.00000
Gloeomargarita	1188227	G	29	124	153	0.00000
Spiroplasma	2132	G	2157	18	2175	0.00002
Mesoplasma	46239	G	333	7	340	0.00000
Entomoplasma	46238	G	21	0	21	0.00000
Williamsoniiplasma	2919614	G	22	0	22	0.00000
Mycoplasma	2093	G	1406	53	1459	0.00001
Candidatus Hepatoplasma	295595	G	17	0	17	0.00000
Acholeplasma	2147	G	242	4	246	0.00000
Candidatus Phytoplasma	33926	G	197	0	197	0.00000
Mariniplasma	2903100	G	43	0	43	0.00000
Haploplasma	2903106	G	41	0	41	0.00000
Candidatus Izemoplasma	2975549	G	99	0	99	0.00000
Mycoplasmopsis	2767358	G	1226	52	1278	0.00001
Metamycoplasma	2895509	G	497	58	555	0.00001
Mesomycoplasma	2923352	G	344	6	350	0.00000
Mycoplasmoides	2995234	G	115	2	117	0.00000
Ureaplasma	2129	G	76	0	76	0.00000
Malacoplasma	2791001	G	45	0	45	0.00000
Candidatus Promineifilum	1988031	G	466	0	466	0.00000
Candidatus Leptofilum	3140596	G	270	0	270	0.00000
Roseiflexus	120961	G	426	1	427	0.00000
Chloroflexus	1107	G	149	0	149	0.00000
Candidatus Chlorohelix	3139173	G	88	0	88	0.00000
Thermobaculum	262406	G	44	2	46	0.00000
Tepidiforma	2682228	G	582	0	582	0.00001
Dehalococcoides	61434	G	137	0	137	0.00000
Dehalogenimonas	670486	G	118	0	118	0.00000
Candidatus Lucifugimonas	3143249	G	111	0	111	0.00000
Anaerolinea	233189	G	104	0	104	0.00000
Pelolinea	1649478	G	104	0	104	0.00000
Candidatus Brevifilum	2019482	G	20	0	20	0.00000
Caldilinea	233191	G	174	0	174	0.00000
Thermoflexus	1495649	G	148	0	148	0.00000
Ktedonosporobacter	2692417	G	102	0	102	0.00000
Phototrophicus	2922426	G	78	0	78	0.00000
Capsulimonas	2494209	G	451	0	451	0.00000
Fimbriimonas	1005038	G	143	0	143	0.00000
Chthonomonas	1077265	G	67	0	67	0.00000
Vulcanimicrobium	3016049	G	214	0	214	0.00000
Deinococcus	1298	G	8123	5	8128	0.00007
Thermus	270	G	1229	40	1269	0.00001
Meiothermus	65551	G	229	0	229	0.00000
Oceanithermus	208447	G	159	0	159	0.00000
Marinithermus	186191	G	136	0	136	0.00000
Allomeiothermus	2935559	G	85	0	85	0.00000
Truepera	332248	G	406	0	406	0.00000
Thermosipho	2420	G	224	0	224	0.00000
Fervidobacterium	2422	G	188	1	189	0.00000
Thermotoga	2335	G	349	0	349	0.00000
Pseudothermotoga	1643951	G	51	0	51	0.00000
Oceanotoga	1255275	G	142	0	142	0.00000
Marinitoga	160798	G	83	0	83	0.00000
Tepiditoga	2778400	G	49	0	49	0.00000
Petrotoga	28236	G	45	1	46	0.00000
Defluviitoga	1511648	G	25	0	25	0.00000
Mesotoga	1184396	G	214	0	214	0.00000
Kosmotoga	651456	G	39	0	39	0.00000
Athalassotoga	1769718	G	11	0	11	0.00000
Pyramidobacter	638847	G	133	0	133	0.00000
Jonquetella	428711	G	70	0	70	0.00000
Cloacibacillus	508459	G	128	0	128	0.00000
Aminomonas	81411	G	55	0	55	0.00000
Thermanaerovibrio	81461	G	14	0	14	0.00000
Fretibacterium	1434006	G	98	0	98	0.00000
Aminobacterium	81466	G	48	0	48	0.00000
Aminithiophilus	3029078	G	107	125	232	0.00000
Fusobacterium	848	G	2605	22	2627	0.00002
Cetobacterium	180162	G	560	2	562	0.00001
Ilyobacter	167639	G	375	0	375	0.00000
Leptotrichia	32067	G	949	6	955	0.00001
Sebaldella	32068	G	183	0	183	0.00000
Sneathia	168808	G	133	0	133	0.00000
Streptobacillus	34104	G	77	1	78	0.00000
Pseudoleptotrichia	2755140	G	24	0	24	0.00000
Haliovirga	3072462	G	168	2167	2335	0.00002
Persicimonas	2766927	G	620	0	620	0.00001
Bradymonas	1779136	G	264	0	264	0.00000
Allomicrovenator	2946507	G	36	0	36	0.00000
Dissulfurimicrobium	1769732	G	84	0	84	0.00000
Candidatus Nanosynbacter	2093823	G	65	17	82	0.00000
Candidatus Saccharimonas	1331051	G	12	0	12	0.00000
Candidatus Mycosynbacter	2831665	G	26	0	26	0.00000
Candidatus Bipolaricaulis	2250122	G	84	0	84	0.00000
Minisyncoccus	3238478	G	52	0	52	0.00000
Candidatus Chazhemtobacterium	2715734	G	10	0	10	0.00000
Fervidibacter	1448928	G	28	0	28	0.00000
Lathyrus	3853	G	11073	447	11520	0.00011
Vicia	3904	G	10373	318	10691	0.00010
Medicago	3877	G	3619	198	3817	0.00004
Trifolium	3898	G	3374	2020	5394	0.00005
Cicer	3826	G	5096	275	5371	0.00005
Lotus	3867	G	3716	306	4022	0.00004
Vigna	3913	G	13650	1390	15040	0.00014
Glycine	3846	G	7266	323	7589	0.00007
Cajanus	3820	G	5075	317	5392	0.00005
Phaseolus	3883	G	4917	295	5212	0.00005
Arachis	3817	G	18092	1538	19630	0.00018
Lupinus	3869	G	6606	358	6964	0.00006
Malus	3749	G	5584	940	6524	0.00006
Pyrus	3766	G	3012	703	3715	0.00003
Prunus	3754	G	3505	306	3811	0.00004
Rosa	3764	G	4080	137	4217	0.00004
Argentina	3131914	G	1467	476	1943	0.00002
Fragaria	3746	G	1340	176	1516	0.00001
Humulus	3484	G	10024	1842	11866	0.00011
Cannabis	3482	G	3958	226	4184	0.00004
Ziziphus	72171	G	3512	994	4506	0.00004
Hevea	3980	G	6874	332	7206	0.00007
Manihot	3982	G	4006	721	4727	0.00004
Euphorbia	3990	G	7427	629	8056	0.00007
Mercurialis	3984	G	3536	1338	4874	0.00004
Ricinus	3987	G	3070	381	3451	0.00003
Populus	3689	G	10494	3522	14016	0.00013
Quercus	3511	G	7156	1579	8735	0.00008
Castanea	21019	G	4272	781	5053	0.00005
Juglans	16718	G	6965	1221	8186	0.00008
Carya	13402	G	3548	759	4307	0.00004
Alnus	3515	G	2964	1461	4425	0.00004
Corylus	13450	G	2362	165	2527	0.00002
Benincasa	102210	G	7241	163	7404	0.00007
Cucumis	3655	G	7053	11012	18065	0.00017
Cucurbita	3660	G	2233	309	2542	0.00002
Tripterygium	123484	G	1880	593	2473	0.00002
Gossypium	3633	G	24943	1179	26122	0.00024
Theobroma	3640	G	2991	115	3106	0.00003
Brassica	3705	G	7364	2836	10200	0.00009
Raphanus	3725	G	2828	5034	7862	0.00007
Camelina	71323	G	4821	182	5003	0.00005
Arabidopsis	3701	G	1790	220	2010	0.00002
Eucalyptus	3932	G	3648	982	4630	0.00004
Rhodamnia	178132	G	2047	213	2260	0.00002
Punica	22662	G	1865	265	2130	0.00002
Mangifera	23461	G	3610	409	4019	0.00004
Citrus	2706	G	2614	370	2984	0.00003
Vitis	3603	G	6291	935	7226	0.00007
Solanum	4107	G	22800	6820	29620	0.00027
Capsicum	4071	G	19646	480	20126	0.00019
Lycium	24646	G	13195	621	13816	0.00013
Nicotiana	4085	G	28708	1397	30105	0.00028
Ipomoea	4119	G	3676	625	4301	0.00004
Primulina	48772	G	12621	842	13463	0.00012
Henckelia	199091	G	3807	262	4069	0.00004
Salvia	21880	G	11403	517	11920	0.00011
Olea	4145	G	7839	190	8029	0.00007
Sesamum	4181	G	2748	207	2955	0.00003
Coffea	13442	G	5653	3573	9226	0.00009
Lactuca	4235	G	32580	7329	39909	0.00037
Rutidosis	125764	G	10996	832	11828	0.00011
Helianthus	4231	G	9440	191	9631	0.00009
Erigeron	41574	G	3648	253	3901	0.00004
Cynara	4264	G	4788	157	4945	0.00005
Apium	4044	G	10743	231	10974	0.00010
Daucus	4038	G	3275	347	3622	0.00003
Actinidia	3624	G	6096	217	6313	0.00006
Impatiens	35939	G	6008	318	6326	0.00006
Diospyros	13492	G	4842	152	4994	0.00005
Rhododendron	4346	G	2810	192	3002	0.00003
Silene	3573	G	9039	99	9138	0.00008
Spinacia	3561	G	4095	8960	13055	0.00012
Beta	3554	G	3450	119	3569	0.00003
Amaranthus	3564	G	3762	1612	5374	0.00005
Malania	397391	G	8872	192	9064	0.00008
Triticum	4564	G	29517	5655	35172	0.00032
Aegilops	4480	G	1809	4571	6380	0.00006
Hordeum	4512	G	9890	1387	11277	0.00010
Lolium	4520	G	11595	263	11858	0.00011
Brachypodium	15367	G	2128	96	2224	0.00002
Oryza	4527	G	7217	875	8092	0.00007
Miscanthus	62336	G	9271	856	10127	0.00009
Zea	4575	G	5377	797	6174	0.00006
Sorghum	4557	G	2469	623	3092	0.00003
Panicum	4539	G	8879	649	9528	0.00009
Setaria	4554	G	3544	374	3918	0.00004
Phragmites	15745	G	5323	482	5805	0.00005
Carex	13398	G	4018	1254	5272	0.00005
Ananas	4614	G	3649	383	4032	0.00004
Typha	4732	G	2534	81	2615	0.00002
Zingiber	4650	G	10670	364	11034	0.00010
Curcuma	99568	G	2857	422	3279	0.00003
Musa	4640	G	5577	4093	9670	0.00009
Elaeis	51952	G	8712	687	9399	0.00009
Phoenix	4719	G	3960	250	4210	0.00004
Asparagus	4685	G	5481	111	5592	0.00005
Dioscorea	4672	G	4012	117	4129	0.00004
Wolffia	161109	G	3009	103	3112	0.00003
Papaver	3468	G	12515	223	12738	0.00012
Telopea	54954	G	4535	379	4914	0.00005
Macadamia	4329	G	4417	464	4881	0.00004
Magnolia	3402	G	7878	81	7959	0.00007
Nymphaea	4418	G	2460	175	2635	0.00002
Cryptomeria	3368	G	41071	5955	47026	0.00043
Physcomitrium	37414	G	3604	276	3880	0.00004
Chlamydomonas	3052	G	2132	31	2163	0.00002
Micromonas	38832	G	466	15	481	0.00000
Ostreococcus	70447	G	304	8	312	0.00000
Bathycoccus	41874	G	99	3	102	0.00000
Homo	9605	G	268104	67686	335790	0.00309
Fusarium	5506	G	14812	745	15557	0.00014
Trichoderma	5543	G	1255	79	1334	0.00001
Ustilaginoidea	124426	G	444	10	454	0.00000
Pochonia	243023	G	391	7	398	0.00000
Metarhizium	5529	G	349	6	355	0.00000
Purpureocillium	1052105	G	684	31	715	0.00001
Drechmeria	98402	G	470	6	476	0.00000
Akanthomyces	150366	G	446	12	458	0.00000
Colletotrichum	5455	G	1380	64	1444	0.00001
Thermothielavioides	2609811	G	861	56	917	0.00001
Remersonia	72143	G	611	31	642	0.00001
Thermothelomyces	1920207	G	452	15	467	0.00000
Neurospora	5140	G	510	20	530	0.00000
Sordaria	5146	G	298	48	346	0.00000
Podospora	5144	G	722	14	736	0.00001
Pyricularia	48558	G	1184	3	1187	0.00001
Botrytis	33196	G	383	9	392	0.00000
Aspergillus	5052	G	2849	63	2912	0.00003
Penicillium	5073	G	994	52	1046	0.00001
Talaromyces	5094	G	479	24	503	0.00000
Coccidioides	5500	G	199	14	213	0.00000
Pyrenophora	5027	G	254	62	316	0.00000
Alternaria	5598	G	159	12	171	0.00000
Ascochyta	5453	G	372	25	397	0.00000
Fulvia	2897311	G	235	5	240	0.00000
Cercospora	29002	G	231	17	248	0.00000
Zymoseptoria	1047167	G	231	3	234	0.00000
Pichia	4919	G	1301	102	1403	0.00001
Brettanomyces	13366	G	379	28	407	0.00000
Komagataella	460517	G	167	1	168	0.00000
Ogataea	461281	G	165	9	174	0.00000
Candida	5475	G	530	25	555	0.00001
Lodderomyces	36913	G	263	43	306	0.00000
Scheffersomyces	766733	G	175	12	187	0.00000
Debaryomyces	4958	G	148	1	149	0.00000
Yamadazyma	766765	G	114	24	138	0.00000
Australozyma	3300567	G	103	2	105	0.00000
Candidozyma	3303203	G	92	4	96	0.00000
Saccharomyces	4930	G	739	22	761	0.00001
Naumovozyma	278028	G	395	11	406	0.00000
Henningerozyma	3163253	G	357	14	371	0.00000
Eremothecium	33170	G	305	119	424	0.00000
Kluyveromyces	4910	G	254	18	272	0.00000
Lachancea	300275	G	233	14	247	0.00000
Torulaspora	4948	G	195	12	207	0.00000
Huiozyma	3163251	G	194	6	200	0.00000
Tetrapisispora	113604	G	193	3	196	0.00000
Kazachstania	71245	G	119	3	122	0.00000
Nakaseomyces	374468	G	117	16	133	0.00000
Zygosaccharomyces	4953	G	89	3	92	0.00000
Zygotorulaspora	1196389	G	53	8	61	0.00000
Saccharomycodes	36034	G	195	25	220	0.00000
Sugiyamaella	410829	G	159	12	171	0.00000
Yarrowia	4951	G	103	0	103	0.00000
Schizosaccharomyces	4895	G	290	10	300	0.00000
Kwoniella	490731	G	1479	28	1507	0.00001
Cryptococcus	5206	G	603	26	629	0.00001
Vanrija	1851468	G	534	21	555	0.00001
Cutaneotrichosporon	1838142	G	107	1	108	0.00000
Psilocybe	71950	G	328	1	329	0.00000
Marasmius	34448	G	108	0	108	0.00000
Rhizoctonia	1322061	G	212	0	212	0.00000
Puccinia	5296	G	1095	19	1114	0.00001
Malassezia	55193	G	620	46	666	0.00001
Sporisorium	63265	G	302	30	332	0.00000
Mycosarcoma	2689624	G	136	0	136	0.00000
Rhizophagus	1129544	G	1693	71	1764	0.00002
Vairimorpha	6038	G	373	3	376	0.00000
Encephalitozoon	6033	G	51	0	51	0.00000
Naegleria	5761	G	3465	0	3465	0.00003
Leishmania	5658	G	2756	147	2903	0.00003
Porcisia	2761499	G	234	21	255	0.00000
Trypanosoma	5690	G	143	0	143	0.00000
Plasmodium	5820	G	3535	104	3639	0.00003
Theileria	5873	G	459	1	460	0.00000
Babesia	5864	G	211	0	211	0.00000
Besnoitia	94642	G	506	3	509	0.00000
Toxoplasma	5810	G	500	79	579	0.00001
Neospora	29175	G	405	0	405	0.00000
Cryptosporidium	5806	G	214	4	218	0.00000
Paramecium	5884	G	34	0	34	0.00000
Phaeodactylum	2849	G	142	11	153	0.00000
Thalassiosira	35127	G	130	18	148	0.00000
Bremia	4778	G	297	0	297	0.00000
Bigelowiella	227085	G	26	0	26	0.00000
Trichomonas	5721	G	1142	3	1145	0.00001
Spironucleus	39709	G	151	0	151	0.00000
Giardia	5740	G	40	0	40	0.00000
Dictyostelium	5782	G	470	15	485	0.00000
Cyanidioschyzon	45156	G	96	0	96	0.00000
Hemiselmis	77924	G	35	0	35	0.00000
Guillardia	55528	G	21	0	21	0.00000
Halorubrum	56688	G	2231	199	2430	0.00002
Halobaculum	43927	G	1498	82	1580	0.00001
Haloplanus	376170	G	1140	93	1233	0.00001
Haloferax	2251	G	744	11	755	0.00001
Salinigranum	1644057	G	569	11	580	0.00001
Halorarum	3163375	G	506	36	542	0.00000
Halobellus	1073986	G	362	43	405	0.00000
Haloprofundus	1911573	G	362	10	372	0.00000
Halolamina	1075397	G	156	16	172	0.00000
Halogeometricum	60846	G	141	0	141	0.00000
Halalkaliarchaeum	2678343	G	107	1	108	0.00000
Salinirarus	3415185	G	105	16	121	0.00000
Halopenitus	1209988	G	69	0	69	0.00000
Haloquadratum	293431	G	51	0	51	0.00000
Halohasta	1450140	G	46	6	52	0.00000
Natrinema	88723	G	2233	99	2332	0.00002
Natronorubrum	134813	G	795	27	822	0.00001
Halovivax	332951	G	702	6	708	0.00001
Haloterrigena	121871	G	650	35	685	0.00001
Halovalidus	3383206	G	499	10	509	0.00000
Natrarchaeobaculum	2765402	G	356	20	376	0.00000
Halopiger	387342	G	326	19	345	0.00000
Natronosalvus	3076685	G	304	3	307	0.00000
Natronococcus	29287	G	280	7	287	0.00000
Natronobacterium	2256	G	265	31	296	0.00000
Halomontanus	3125902	G	248	2	250	0.00000
Salinilacihabitans	3065676	G	234	9	243	0.00000
Halosolutus	2993618	G	214	6	220	0.00000
Natrialba	63742	G	201	12	213	0.00000
Natribaculum	1699375	G	155	14	169	0.00000
Halostagnicola	353799	G	138	1	139	0.00000
Natronobeatus	3065678	G	130	14	144	0.00000
Natrononativus	3065677	G	119	1	120	0.00000
Halosimplex	171163	G	1716	114	1830	0.00002
Haloarcula	2237	G	1469	59	1528	0.00001
Halorientalis	1073987	G	784	191	975	0.00001
Halomicrobium	203135	G	671	9	680	0.00001
Halapricum	1542963	G	492	9	501	0.00000
Halorhabdus	146825	G	488	6	494	0.00000
Salinibaculum	2732368	G	178	12	190	0.00000
Halococcoides	2907507	G	62	0	62	0.00000
Halovenus	1377992	G	25	0	25	0.00000
Natronomonas	63743	G	710	64	774	0.00001
Haloglomus	2806252	G	665	26	691	0.00001
Halomarina	871740	G	460	3	463	0.00000
Halorarius	3056835	G	454	59	513	0.00000
Salinirubellus	2162630	G	361	5	366	0.00000
Halosegnis	2841540	G	96	5	101	0.00000
Halocatena	2907493	G	95	0	95	0.00000
Halorussus	1070314	G	1069	88	1157	0.00001
Haladaptatus	367188	G	537	0	537	0.00000
Halomicrococcus	2614447	G	239	3	242	0.00000
Halobacterium	2239	G	702	70	772	0.00001
Salarchaeum	1075398	G	304	34	338	0.00000
Halanaeroarchaeum	1656823	G	222	0	222	0.00000
Halarchaeum	744724	G	170	2	172	0.00000
Halodesulfurarchaeum	1980514	G	127	0	127	0.00000
Halospeciosus	3116496	G	126	17	143	0.00000
Halococcus	2249	G	440	0	440	0.00000
Halalkalicoccus	332246	G	395	1	396	0.00000
Natranaeroarchaeum	2917705	G	245	1	246	0.00000
Salinarchaeum	1269201	G	196	0	196	0.00000
Natronorarus	3386557	G	221	0	221	0.00000
Haloarchaeobius	1269031	G	70	0	70	0.00000
Methanosarcina	2207	G	1131	3	1134	0.00001
Methanolobus	2220	G	436	3	439	0.00000
Methanococcoides	2225	G	162	5	167	0.00000
Methanimicrococcus	91559	G	112	1	113	0.00000
Methanomethylovorans	101191	G	59	0	59	0.00000
Methanohalophilus	2175	G	50	0	50	0.00000
Methanohalobium	2321	G	50	0	50	0.00000
Methanolapillus	3136068	G	41	0	41	0.00000
Methanosalsum	196136	G	30	0	30	0.00000
Methanofollis	81416	G	264	1	265	0.00000
Methanoculleus	45989	G	257	0	257	0.00000
Methanogenium	2195	G	52	0	52	0.00000
Methanoplanus	2314	G	43	0	43	0.00000
Methanolacinia	230355	G	25	0	25	0.00000
Methanomicrobium	2204	G	13	0	13	0.00000
Methanochimaera	3385476	G	12	0	12	0.00000
Methanosphaerula	475087	G	87	4	91	0.00000
Methanoregula	395331	G	31	0	31	0.00000
Methanospirillum	2202	G	96	1	97	0.00000
Methanocella	570266	G	334	7	341	0.00000
Methanothrix	2222	G	88	0	88	0.00000
Methanobacterium	2160	G	480	4	484	0.00000
Methanobrevibacter	2172	G	468	1	469	0.00000
Methanosphaera	2316	G	173	0	173	0.00000
Methanothermobacter	145260	G	90	0	90	0.00000
Methanococcus	2184	G	286	0	286	0.00000
Methanothermococcus	155862	G	104	0	104	0.00000
Methanocaldococcus	196118	G	332	4	336	0.00000
Methanotorris	196119	G	11	0	11	0.00000
Methanopyrus	2319	G	17	0	17	0.00000
Thermococcus	2263	G	373	0	373	0.00000
Pyrococcus	2260	G	37	0	37	0.00000
Geoglobus	190818	G	100	0	100	0.00000
Archaeoglobus	2233	G	19	0	19	0.00000
Thermoplasma	2302	G	185	0	185	0.00000
Oxyplasma	3373586	G	14	0	14	0.00000
Picrophilus	46631	G	135	0	135	0.00000
Ferroplasma	74968	G	55	2	57	0.00000
Cuniculiplasma	1747777	G	15	0	15	0.00000
Methanomassiliicoccus	1080709	G	188	0	188	0.00000
Methanomethylophilus	1291539	G	23	0	23	0.00000
Candidatus Aciduliprofundum	379546	G	15	0	15	0.00000
Acidianus	12914	G	448	4	452	0.00000
Saccharolobus	2100760	G	192	10	202	0.00000
Sulfurisphaera	69655	G	121	0	121	0.00000
Sulfuracidifex	2705406	G	118	0	118	0.00000
Metallosphaera	41980	G	68	0	68	0.00000
Sulfolobus	2284	G	33	5	38	0.00000
Stygiolobus	41674	G	19	0	19	0.00000
Thermoproteus	2270	G	122	8	130	0.00000
Pyrobaculum	2276	G	64	1	65	0.00000
Vulcanisaeta	164450	G	20	0	20	0.00000
Pyrodictium	2308	G	57	0	57	0.00000
Pyrolobus	54251	G	28	0	28	0.00000
Hyperthermus	54247	G	17	0	17	0.00000
Pyrofollis	3088728	G	10	0	10	0.00000
Desulfurococcus	2273	G	30	0	30	0.00000
Staphylothermus	2279	G	23	0	23	0.00000
Ignicoccus	54258	G	20	0	20	0.00000
Thermogladius	477695	G	19	0	19	0.00000
Aeropyrum	56635	G	10	0	10	0.00000
Thermofilum	2268	G	112	0	112	0.00000
Infirmifilum	2856573	G	20	0	20	0.00000
Fervidicoccus	685950	G	69	0	69	0.00000
Acidilobus	105850	G	17	0	17	0.00000
Caldisphaera	200414	G	10	0	10	0.00000
Tardisphaera	3471631	G	25	0	25	0.00000
Nitrosopumilus	338191	G	327	0	327	0.00000
Nitrosarchaeum	1007082	G	35	0	35	0.00000
Candidatus Nitrosocosmicus	1826864	G	292	0	292	0.00000
Nitrososphaera	497726	G	51	0	51	0.00000
Nitrosotalea	1078904	G	12	0	12	0.00000
Candidatus Nitrosotenuis	1825023	G	106	0	106	0.00000
Conexivisphaera	2613912	G	10	0	10	0.00000
Promethearchaeum	3366645	G	197	0	197	0.00000
Candidatus Lokiarchaeum	1655637	G	103	0	103	0.00000
Nanobdella	2974824	G	39	0	39	0.00000
Candidatus Nanohalobium	2856051	G	36	0	36	0.00000
Candidatus Mancarchaeum	2490204	G	31	0	31	0.00000
Minunavirus	2560178	G	4040	0	4040	0.00004
Kozievirus	3152961	G	476	0	476	0.00000
Quhwahvirus	2733202	G	25	0	25	0.00000
Woodruffvirus	1982745	G	316	0	316	0.00000
Donnerlittchenvirus	3152600	G	154	0	154	0.00000
Xooduovirus	2948956	G	10	6	16	0.00000
Uetakevirus	542960	G	100	0	100	0.00000
Galvastonvirus	3044720	G	60	0	60	0.00000
Liebevirus	2733187	G	13	0	13	0.00000
Beecentumtrevirus	2842397	G	74	0	74	0.00000
Korravirus	1982076	G	70	0	70	0.00000
Paopuvirus	2948855	G	65	0	65	0.00000
Fromanvirus	186764	G	52	2	54	0.00000
Takahashivirus	2843463	G	51	0	51	0.00000
Agricanvirus	1984776	G	16	0	16	0.00000
Dismasvirus	2560122	G	50	0	50	0.00000
Jujuvirus	2948772	G	47	0	47	0.00000
Nyceiraevirus	2560192	G	46	10	56	0.00000
Mooreparkvirus	2842881	G	10	0	10	0.00000
Yanchengvirus	3044859	G	41	0	41	0.00000
Bernalvirus	1982101	G	38	0	38	0.00000
Omegavirus	1623292	G	37	3	40	0.00000
Rivsvirus	3044804	G	35	0	35	0.00000
Turbidovirus	2948936	G	35	0	35	0.00000
Senquatrovirus	2732989	G	14	0	14	0.00000
Ittyvirus	3044742	G	29	0	29	0.00000
Pahexavirus	1982251	G	28	0	28	0.00000
Cornellvirus	1910993	G	21	2	23	0.00000
Bongovirus	1983744	G	10	0	10	0.00000
Foxborovirus	2948710	G	12	1	13	0.00000
Emalynvirus	2560127	G	22	0	22	0.00000
Alexandravirus	2733088	G	21	0	21	0.00000
Tlsvirus	1920865	G	18	0	18	0.00000
Typhavirus	2948937	G	19	0	19	0.00000
Wilnyevirus	2560255	G	14	0	14	0.00000
Bertelyvirus	2733152	G	14	0	14	0.00000
Mooglevirus	1985303	G	16	0	16	0.00000
Phabquatrovirus	2733123	G	16	0	16	0.00000
Mollyvirus	2948826	G	13	0	13	0.00000
Attisvirus	2169652	G	13	20	33	0.00000
Muminvirus	2843426	G	12	19	31	0.00000
Shandongvirus	2843454	G	12	0	12	0.00000
Rosariovirus	2948884	G	12	0	12	0.00000
Ilzatvirus	2560150	G	11	0	11	0.00000
Melbournevirus	3446599	G	11	0	11	0.00000
Sonalivirus	2733214	G	10	0	10	0.00000
Donellivirus	2843376	G	10	0	10	0.00000
Lillamyvirus	2843418	G	10	2	12	0.00000
Inhavirus	1982244	G	10	0	10	0.00000
Immutovirus	2948764	G	10	0	10	0.00000
Gelderlandvirus	1913653	G	25	0	25	0.00000
Mosigvirus	1913652	G	10	5	15	0.00000
Kanagawavirus	2843399	G	10	0	10	0.00000
Slopekvirus	1985328	G	59	0	59	0.00000
Mylasvirus	2948831	G	15	0	15	0.00000
Kuttervirus	2169536	G	17	12	29	0.00000
Nezavisimistyvirus	2841279	G	11	0	11	0.00000
Blohavirus	2942993	G	94	0	94	0.00000
Buchavirus	2942994	G	23	0	23	0.00000
Canhaevirus	2942990	G	26	0	26	0.00000
Anayavirus	2946797	G	68	0	68	0.00000
Timquatrovirus	1623306	G	19	1	20	0.00000
Hautrevirus	2948757	G	52	0	52	0.00000
Camvirus	1982879	G	15	0	15	0.00000
Tanisvirus	2843069	G	66	0	66	0.00000
Pinnievirus	2948866	G	53	0	53	0.00000
Coopervirus	1982898	G	28	0	28	0.00000
Certrevirus	1914850	G	30	0	30	0.00000
Torvergatavirus	3153079	G	13	0	13	0.00000
Dpdavirus	2948682	G	10	0	10	0.00000
Dardanusvirus	2948674	G	12	0	12	0.00000
Hawkeyevirus	2169612	G	20	0	20	0.00000
Nymphadoravirus	2169636	G	16	46	62	0.00000
Corgivirus	3152699	G	13	0	13	0.00000
Bixzunavirus	680114	G	10	0	10	0.00000
Sircambvirus	3152913	G	11	1	12	0.00000
Proboscivirus	548689	G	227	0	227	0.00000
Cytomegalovirus	10358	G	15	0	15	0.00000
Varicellovirus	10319	G	33	0	33	0.00000
Simplexvirus	10294	G	26	0	26	0.00000
Iridovirus	10487	G	2724	0	2724	0.00003
Chloriridovirus	10491	G	19	0	19	0.00000
Ascovirus	43680	G	42	0	42	0.00000
Marseillevirus	1513458	G	16	0	16	0.00000
Alphaorpheovirus	3153020	G	73	0	73	0.00000
Moumouvirus	3080801	G	103	0	103	0.00000
Mimivirus	315393	G	44	0	44	0.00000
Cotonvirus	3044693	G	29	0	29	0.00000
Tupanvirus	2094720	G	23	0	23	0.00000
Megavirus	3044761	G	16	0	16	0.00000
Fadolivirus	2763561	G	26	0	26	0.00000
Theiavirus	3044842	G	17	0	17	0.00000
Kratosvirus	3044747	G	50	0	50	0.00000
Biavirus	3044674	G	32	0	32	0.00000
Prasinovirus	181084	G	100	35	135	0.00000
Chlorovirus	181083	G	24	0	24	0.00000
Crocodylidpoxvirus	1285599	G	46	0	46	0.00000
Orthopoxvirus	10242	G	24	0	24	0.00000
Parapoxvirus	10257	G	14	0	14	0.00000
Cervidpoxvirus	573055	G	14	0	14	0.00000
Molluscipoxvirus	10278	G	12	0	12	0.00000
Avipoxvirus	10260	G	10	0	10	0.00000
Pteropopoxvirus	2733298	G	10	0	10	0.00000
Betaentomopoxvirus	10286	G	11	0	11	0.00000
Asfivirus	39743	G	14	0	14	0.00000
Iflavirus	232799	G	22	3	25	0.00000
Orthonairovirus	1980517	G	13	0	13	0.00000
Alphanucleorhabdovirus	2733245	G	12	0	12	0.00000
Alphabaculovirus	558016	G	185	0	185	0.00000
Betabaculovirus	558017	G	23	0	23	0.00000
Pandoravirus	2060084	G	171	31	202	0.00000
Porprismacovirus	2169663	G	42	0	42	0.00000
Zetapolyomavirus	2843160	G	19	1	20	0.00000
Yingchengvirus	2843153	G	21	0	21	0.00000
