name	taxonomy_id	taxonomy_lvl	kraken_assigned_reads	added_reads	new_est_reads	fraction_total_reads
Hafnia	568	G	19241189	299599	19540788	0.26701
Edwardsiella	635	G	11511	164	11675	0.00016
Obesumbacterium	82982	G	2842	203	3045	0.00004
Citrobacter	544	G	3808505	272358	4080863	0.05576
Buttiauxella	82976	G	1147297	5228	1152525	0.01575
Klebsiella	570	G	766521	58050	824571	0.01127
Enterobacter	547	G	516960	32371	549331	0.00751
Escherichia	561	G	79635	118048	197683	0.00270
Dryocola	3021684	G	53939	395	54334	0.00074
Salmonella	590	G	45233	46683	91916	0.00126
Cedecea	158483	G	44239	257	44496	0.00061
Kosakonia	1330547	G	37337	396	37733	0.00052
Cronobacter	413496	G	23265	458	23723	0.00032
Kluyvera	579	G	22795	621	23416	0.00032
Leclercia	83654	G	22409	939	23348	0.00032
Lelliottia	1330545	G	18203	415	18618	0.00025
Pseudocitrobacter	1504576	G	7874	316	8190	0.00011
Phytobacter	447792	G	7656	993	8649	0.00012
Atlantibacter	1903434	G	6851	125	6976	0.00010
Symbiopectobacterium	801	G	3114	35	3149	0.00004
Candidatus Regiella	568988	G	425	14	439	0.00001
Candidatus Williamhamiltonella	568987	G	421	408	829	0.00001
Candidatus Blochmanniella	203804	G	1210	2	1212	0.00002
Candidatus Hartigia	1449912	G	291	6	297	0.00000
Candidatus Hoaglandella	1906659	G	234	7	241	0.00000
Candidatus Doolittlea	1906657	G	143	108	251	0.00000
Candidatus Gullanella	1906661	G	62	1	63	0.00000
Candidatus Purcelliella	472825	G	40	2	42	0.00000
Candidatus Mikella	1906660	G	39	7	46	0.00000
Candidatus Tachikawaea	1682492	G	30	9	39	0.00000
Siccibacter	1649298	G	6241	45	6286	0.00009
Mangrovibacter	451512	G	5129	168	5297	0.00007
Plesiomonas	702	G	4966	80	5046	0.00007
Pluralibacter	1330546	G	4516	73	4589	0.00006
Franconibacter	1649295	G	4507	12	4519	0.00006
Scandinavium	2726810	G	4497	27	4524	0.00006
Superficieibacter	2303321	G	4270	32	4302	0.00006
Yokenella	158876	G	3554	80	3634	0.00005
Trabulsiella	158851	G	3332	101	3433	0.00005
Jejuibacter	2815296	G	3004	9	3013	0.00004
Pseudescherichia	2055880	G	2116	86	2202	0.00003
Shimwellia	1335483	G	2087	11	2098	0.00003
Shigella	620	G	1273	5010	6283	0.00009
Candidatus Profftia	1177214	G	467	1	468	0.00001
Candidatus Gillettellia	1177217	G	287	0	287	0.00000
Candidatus Schneideria	1081630	G	162	0	162	0.00000
Candidatus Moranella	1048757	G	150	0	150	0.00000
Candidatus Curculioniphilus	690591	G	64	0	64	0.00000
Candidatus Riesia	401618	G	56	0	56	0.00000
Candidatus Ishikawella	409304	G	19	0	19	0.00000
Morganella	581	G	3692997	137808	3830805	0.05235
Providencia	586	G	297395	392946	690341	0.00943
Proteus	583	G	22257	686	22943	0.00031
Xenorhabdus	626	G	13560	21	13581	0.00019
Moellerella	158848	G	10025	564	10589	0.00014
Photorhabdus	29487	G	9395	6	9401	0.00013
Arsenophonus	637	G	3394	4	3398	0.00005
Yersinia	629	G	125197	5467	130664	0.00179
Serratia	613	G	96647	4212	100859	0.00138
Rahnella	34037	G	21585	684	22269	0.00030
Rouxiella	1565532	G	3397	102	3499	0.00005
Chania	1745211	G	2965	90	3055	0.00004
Ewingella	41201	G	2371	90	2461	0.00003
Gibbsiella	929812	G	1495	31	1526	0.00002
Chimaeribacter	2716544	G	844	28	872	0.00001
Nissabacter	1964366	G	754	12	766	0.00001
Candidatus Fukatsuia	1927833	G	582	2	584	0.00001
Limnobaculum	2172100	G	87819	4631	92450	0.00126
Pragia	82984	G	57680	5064	62744	0.00086
Leminorella	82980	G	23050	177	23227	0.00032
Pantoea	53335	G	68950	2364	71314	0.00097
Erwinia	551	G	30655	1085	31740	0.00043
Mixta	2100764	G	3503	351	3854	0.00005
Tatumella	82986	G	3352	37	3389	0.00005
Buchnera	32199	G	2598	53	2651	0.00004
Duffyella	3026546	G	2358	235	2593	0.00004
Winslowiella	2997349	G	1820	45	1865	0.00003
Paramixta	3231896	G	1781	47	1828	0.00002
Pectobacterium	122277	G	57365	2061	59426	0.00081
Dickeya	204037	G	19494	703	20197	0.00028
Brenneria	71655	G	6067	879	6946	0.00009
Lonsdalea	1082702	G	1277	29	1306	0.00002
Musicola	2884243	G	1173	42	1215	0.00002
Prodigiosinella	3059405	G	305	839	1144	0.00002
Sodalis	84565	G	5363	3	5366	0.00007
Gallaecimonas	745410	G	1070	3	1073	0.00001
Pseudomonas	286	G	6270602	152994	6423596	0.08777
Halopseudomonas	2901189	G	155679	14165	169844	0.00232
Stutzerimonas	2901164	G	12099	538	12637	0.00017
Ectopseudomonas	3236654	G	8410	1209	9619	0.00013
Metapseudomonas	3236656	G	5203	167	5370	0.00007
Aquipseudomonas	3236652	G	2969	148	3117	0.00004
Azotobacter	352	G	1993	109	2102	0.00003
Azorhizophilus	157913	G	54	16	70	0.00000
Thiopseudomonas	1654787	G	721	5	726	0.00001
Permianibacter	1649479	G	566	0	566	0.00001
Phytopseudomonas	3236657	G	465	15	480	0.00001
Entomomonas	2758906	G	462	0	462	0.00001
Denitrificimonas	2901261	G	318	4	322	0.00000
Geopseudomonas	3236655	G	208	7	215	0.00000
Marinobacter	2742	G	10107	40	10147	0.00014
Pseudohongiella	1524249	G	339	0	339	0.00000
Candidatus Njordibacter	3457297	G	151	0	151	0.00000
Ketobacter	2025617	G	106	0	106	0.00000
Acinetobacter	469	G	1405283	155390	1560673	0.02133
Psychrobacter	497	G	5970	44	6014	0.00008
Moraxella	475	G	2652	18	2670	0.00004
Faucicola	1604696	G	1471	37	1508	0.00002
Lwoffella	3444169	G	378	9	387	0.00001
Aquirhabdus	2824158	G	20	0	20	0.00000
Stenotrophomonas	40323	G	918374	29111	947485	0.01295
Xanthomonas	338	G	37909	388	38297	0.00052
Pseudoxanthomonas	83618	G	7367	87	7454	0.00010
Lysobacter	68	G	6377	69	6446	0.00009
Luteimonas	83614	G	2474	8	2482	0.00003
Thermomonas	141948	G	1347	8	1355	0.00002
Arenimonas	490567	G	644	1	645	0.00001
Agrilutibacter	3382696	G	376	1	377	0.00001
Solilutibacter	3382695	G	180	1	181	0.00000
Xylella	2370	G	161	1	162	0.00000
Marilutibacter	3382698	G	130	0	130	0.00000
Novilysobacter	3382699	G	106	14	120	0.00000
Pseudoluteimonas	3382694	G	17	0	17	0.00000
Dyella	231454	G	3473	94	3567	0.00005
Luteibacter	242605	G	2692	35	2727	0.00004
Rhodanobacter	75309	G	2082	59	2141	0.00003
Dokdonella	323413	G	1862	18	1880	0.00003
Tahibacter	1453544	G	1480	7	1487	0.00002
Ahniella	2233801	G	323	1	324	0.00000
Pseudolysobacter	2709666	G	307	0	307	0.00000
Frateuria	70411	G	301	24	325	0.00000
Aerosticca	2707020	G	122	19	141	0.00000
Marinicella	863253	G	887	0	887	0.00001
Vibrio	662	G	55725	897	56622	0.00077
Photobacterium	657	G	8095	347	8442	0.00012
Aliivibrio	511678	G	2028	181	2209	0.00003
Salinivibrio	51366	G	1660	25	1685	0.00002
Paraphotobacterium	2042066	G	566	10	576	0.00001
Grimontia	246861	G	453	7	460	0.00001
Enterovibrio	188143	G	341	5	346	0.00000
Parasalinivibrio	3378804	G	333	4	337	0.00000
Thaumasiovibrio	2014233	G	71	2	73	0.00000
Shewanella	22	G	22903	322	23225	0.00032
Parashewanella	2547964	G	1182	7	1189	0.00002
Psychrobium	1573826	G	294	7	301	0.00000
Pseudoalteromonas	53246	G	16125	552	16677	0.00023
Psychrosphaera	907197	G	146	19	165	0.00000
Flocculibacter	2834759	G	60	1	61	0.00000
Alteromonas	226	G	5292	325	5617	0.00008
Salinimonas	288793	G	760	39	799	0.00001
Paraglaciecola	1621534	G	1976	49	2025	0.00003
Agarivorans	261825	G	1561	26	1587	0.00002
Saccharobesus	2894574	G	1170	14	1184	0.00002
Catenovulum	1172191	G	360	3	363	0.00000
Alishewanella	111142	G	337	9	346	0.00000
Lacimicrobium	1751872	G	334	5	339	0.00000
Alkalimarinus	1858563	G	283	1	284	0.00000
Neptunicella	2125985	G	156	3	159	0.00000
Ningiella	2751156	G	84	0	84	0.00000
Halioxenophilus	2108524	G	68	0	68	0.00000
Paraneptunicella	2905123	G	62	1	63	0.00000
Hydrocarboniclastica	2650549	G	56	0	56	0.00000
Aliiglaciecola	1406885	G	55	5	60	0.00000
Saliniradius	2661818	G	53	1	54	0.00000
Planctobacterium	2200736	G	48	1	49	0.00000
Brumicola	3160924	G	31	0	31	0.00000
Colwellia	28228	G	2288	71	2359	0.00003
Thalassotalea	1518149	G	1719	129	1848	0.00003
Thalassomonas	137583	G	619	6	625	0.00001
Pseudocolwellia	2848177	G	90	6	96	0.00000
Litorilituus	1407056	G	71	1	72	0.00000
Cognaticolwellia	2848171	G	48	3	51	0.00000
Idiomarina	135575	G	1432	113	1545	0.00002
Pseudidiomarina	2800384	G	1247	90	1337	0.00002
Ferrimonas	44011	G	2564	72	2636	0.00004
Psychromonas	67572	G	1447	26	1473	0.00002
Moritella	58050	G	998	83	1081	0.00001
Motilimonas	1914248	G	465	11	476	0.00001
Aegicerorhabdus	3614798	G	21	0	21	0.00000
Halomonas	2745	G	10918	1204	12122	0.00017
Vreelandella	3137766	G	6462	1918	8380	0.00011
Kushneria	504090	G	1270	2	1272	0.00002
Salinicola	404432	G	1234	49	1283	0.00002
Billgrantia	3137761	G	1140	847	1987	0.00003
Cobetia	204286	G	1057	48	1105	0.00002
Halotalea	376488	G	202	2	204	0.00000
Pistricoccus	1897649	G	104	1	105	0.00000
Zymobacter	33073	G	57	6	63	0.00000
Candidatus Carsonella	114185	G	23	1	24	0.00000
Chromohalobacter	42054	G	73	11	84	0.00000
Bisbaumannia	3137762	G	54	4	58	0.00000
Marinomonas	28253	G	4950	197	5147	0.00007
Marinobacterium	48075	G	2110	130	2240	0.00003
Thalassolituus	187492	G	1198	55	1253	0.00002
Neptunomonas	75687	G	1158	63	1221	0.00002
Neptuniibacter	459520	G	1063	24	1087	0.00001
Amphritea	515417	G	993	18	1011	0.00001
Bacterioplanoides	2066071	G	563	20	583	0.00001
Aliamphritea	3018276	G	430	6	436	0.00001
Bermanella	599651	G	240	1	241	0.00000
Bacterioplanes	1537406	G	238	22	260	0.00000
Nitrincola	267849	G	189	10	199	0.00000
Motiliproteus	1775292	G	158	9	167	0.00000
Venatoribacter	2893036	G	138	14	152	0.00000
Marinospirillum	64968	G	99	11	110	0.00000
Isoalcanivorax	3020833	G	1513	101	1614	0.00002
Alloalcanivorax	3020832	G	1492	168	1660	0.00002
Alcanivorax	59753	G	1099	21	1120	0.00002
Gynuella	1445504	G	1210	25	1235	0.00002
Salinispirillum	1649491	G	666	14	680	0.00001
Reinekea	230494	G	494	8	502	0.00001
Saccharospirillum	231683	G	449	21	470	0.00001
Endozoicomonas	305899	G	2587	48	2635	0.00004
Hahella	158481	G	1113	48	1161	0.00002
Thermohahella	3449104	G	293	35	328	0.00000
Allohahella	1855402	G	83	1	84	0.00000
Marinicellulosiphila	3414216	G	1405	27	1432	0.00002
Aliikangiella	1920241	G	1149	0	1149	0.00002
Pleionea	1502941	G	29	0	29	0.00000
Litorivicinus	418700	G	786	2	788	0.00001
Spartinivicinus	2768738	G	370	23	393	0.00001
Pokkaliibacter	2301194	G	231	2	233	0.00000
Oleiphilus	141450	G	108	4	112	0.00000
Aeromonas	642	G	21545	698	22243	0.00030
Zobellella	347533	G	2078	170	2248	0.00003
Oceanisphaera	225143	G	1192	7	1199	0.00002
Tolumonas	43947	G	882	21	903	0.00001
Pseudaeromonas	1929090	G	712	13	725	0.00001
Oceanimonas	129577	G	267	36	303	0.00000
Dongshaea	2802288	G	158	0	158	0.00000
Succinivibrio	83770	G	410	0	410	0.00001
Cellvibrio	10	G	3424	3	3427	0.00005
Gilvimarinus	940550	G	1521	0	1521	0.00002
Simiduia	447467	G	1235	0	1235	0.00002
Teredinibacter	2425	G	1127	1	1128	0.00002
Agaribacterium	2038244	G	949	1	950	0.00001
Saccharophagus	316625	G	631	0	631	0.00001
Maricurvus	1122283	G	577	0	577	0.00001
Marinagarivorans	1792291	G	318	0	318	0.00000
Agarilytica	2036021	G	297	0	297	0.00000
Marinimicrobium	359337	G	219	0	219	0.00000
Microbulbifer	48073	G	9285	6	9291	0.00013
Zhongshania	1434050	G	878	3	881	0.00001
Spongiibacter	630749	G	522	4	526	0.00001
Oceanicoccus	1084558	G	27	0	27	0.00000
Halioglobus	1217416	G	515	25	540	0.00001
Congregibacter	393661	G	301	41	342	0.00000
Luminiphilus	1341118	G	203	12	215	0.00000
Aequoribacter	2847769	G	72	14	86	0.00000
Candidatus Paraluminiphilus	3040948	G	69	3	72	0.00000
Kineobactrum	2678529	G	38	2	40	0.00000
Porticoccus	1123967	G	16	0	16	0.00000
Haemophilus	724	G	3141	95	3236	0.00004
Pasteurella	745	G	2998	796	3794	0.00005
Actinobacillus	713	G	2522	121	2643	0.00004
Mannheimia	75984	G	1451	44	1495	0.00002
Gallibacterium	155493	G	1132	32	1164	0.00002
Testudinibacter	1755672	G	925	2	927	0.00001
Avibacterium	292486	G	840	36	876	0.00001
Glaesserella	2094023	G	813	67	880	0.00001
Mergibacter	2899790	G	792	5	797	0.00001
Bibersteinia	476528	G	667	31	698	0.00001
Phocoenobacter	146805	G	622	96	718	0.00001
Aggregatibacter	416916	G	597	34	631	0.00001
Rodentibacter	1960084	G	555	6	561	0.00001
Lonepinella	53416	G	357	0	357	0.00000
Basfia	697331	G	199	2	201	0.00000
Bisgaardia	109471	G	198	2	200	0.00000
Histophilus	214906	G	160	9	169	0.00000
Otariodibacter	1249016	G	130	1	131	0.00000
Vespertiliibacter	1520333	G	80	1	81	0.00000
Frederiksenia	1649317	G	60	1	61	0.00000
Rheinheimera	67575	G	2354	8	2362	0.00003
Thiorhodovibrio	61593	G	1961	185	2146	0.00003
Nitrosococcus	1227	G	1124	31	1155	0.00002
Thioflavicoccus	156885	G	654	70	724	0.00001
Thermochromatium	85073	G	370	99	469	0.00001
Candidatus Nitrosacidococcus	2796146	G	204	16	220	0.00000
Candidatus Nitrosoglobus	1980513	G	170	19	189	0.00000
Thiocapsa	1056	G	92	13	105	0.00000
Thiodictyon	53392	G	73	7	80	0.00000
Caldichromatium	2828366	G	43	10	53	0.00000
Allochromatium	85072	G	40	11	51	0.00000
Marichromatium	85076	G	13	4	17	0.00000
Thiocystis	13724	G	12	2	14	0.00000
Ectothiorhodospira	1051	G	1388	7	1395	0.00002
Halorhodospira	85108	G	724	0	724	0.00001
Sediminicurvatus	3383961	G	687	0	687	0.00001
Thioalkalivibrio	106633	G	423	2	425	0.00001
Acidihalobacter	1765964	G	409	4	413	0.00001
Spiribacter	1335745	G	325	0	325	0.00000
Alkalilimnicola	133193	G	206	3	209	0.00000
Ectothiorhodosinus	233099	G	186	0	186	0.00000
Aquisalimonas	406099	G	182	0	182	0.00000
Granulosicoccus	437504	G	755	0	755	0.00001
Sulfuriflexus	1860077	G	617	4	621	0.00001
Thiosocius	2780488	G	759	2	761	0.00001
Candidatus Thiodiazotropha	1913444	G	341	3	344	0.00000
Candidatus Endoriftia	393764	G	105	2	107	0.00000
Sedimenticola	349742	G	39	0	39	0.00000
Thiolapillus	1608298	G	33	0	33	0.00000
Magnetovirga	3425870	G	10	0	10	0.00000
Halothiobacillus	109262	G	1030	16	1046	0.00001
Guyparkeria	2035712	G	263	4	267	0.00000
Wenzhouxiangella	1676142	G	213	1	214	0.00000
Methylophaga	40222	G	2510	13	2523	0.00003
Hydrogenovibrio	28884	G	1067	517	1584	0.00002
Thiomicrorhabdus	2039723	G	994	36	1030	0.00001
Thiosulfativibrio	2781120	G	714	30	744	0.00001
Thiosulfatimonas	2781121	G	567	34	601	0.00001
Piscirickettsia	1237	G	522	0	522	0.00001
Thiomicrospira	933	G	262	82	344	0.00000
Cycloclasticus	34067	G	159	0	159	0.00000
Francisella	262	G	3143	425	3568	0.00005
Allofrancisella	1869285	G	15	2	17	0.00000
Thiothrix	1030	G	3273	2	3275	0.00004
Beggiatoa	1021	G	75	0	75	0.00000
Cysteiniphilum	2056696	G	592	0	592	0.00001
Methylomonas	416	G	4340	3	4343	0.00006
Methylotuvimicrobium	2822410	G	1523	2	1525	0.00002
Methylogaea	1295378	G	1112	4	1116	0.00002
Methylococcus	413	G	1022	7	1029	0.00001
Methylocaldum	73778	G	709	1	710	0.00001
Methylobacter	429	G	283	2	285	0.00000
Methylomagnum	1760987	G	206	0	206	0.00000
Methyloprofundus	1565313	G	121	0	121	0.00000
Methylovulum	762296	G	65	0	65	0.00000
Methylomarinum	1221209	G	61	0	61	0.00000
Methylomicrobium	39773	G	43	0	43	0.00000
Candidatus Methylospira	1808977	G	28	0	28	0.00000
Candidatus Methylocalor	3135206	G	19	0	19	0.00000
Methylomarinovum	1486720	G	56	0	56	0.00000
Legionella	445	G	6054	27	6081	0.00008
Fluoribacter	461	G	785	127	912	0.00001
Rickettsiella	59195	G	1251	379	1630	0.00002
Aquicella	254245	G	152	0	152	0.00000
Coxiella	776	G	76	0	76	0.00000
Candidiatus Paracoxiella	3405119	G	29	0	29	0.00000
Gilliamella	1193503	G	3788	47	3835	0.00005
Orbus	743714	G	1406	8	1414	0.00002
Zophobihabitans	2894762	G	986	4	990	0.00001
Frischella	1335631	G	948	37	985	0.00001
Utexia	3373510	G	618	4	622	0.00001
Candidatus Pseudothioglobus	2841677	G	932	529	1461	0.00002
Candidatus Thioglobus	655184	G	111	236	347	0.00000
Candidatus Ruthturnera	1541743	G	76	37	113	0.00000
Candidatus Vesicomyidisocius	2732587	G	56	0	56	0.00000
Candidatus Vondammii	2686004	G	15	4	19	0.00000
Candidatus Palibaumannia	198346	G	232	24	256	0.00000
Celerinatantimonas	412033	G	152	0	152	0.00000
Candidatus Steffania	1076625	G	67	0	67	0.00000
Ignatzschineria	112008	G	939	2	941	0.00001
Wohlfahrtiimonas	582472	G	631	4	635	0.00001
Suttonella	13275	G	151	0	151	0.00000
Cardiobacterium	2717	G	68	0	68	0.00000
Solimonas	413435	G	695	3	698	0.00001
Hydrocarboniphaga	243627	G	287	2	289	0.00000
Flagellatimonas	2893022	G	278	4	282	0.00000
Sinimarinibacterium	1861863	G	63	0	63	0.00000
Nevskia	64001	G	43	0	43	0.00000
Algiphilus	1266053	G	109	1	110	0.00000
Kangiella	261963	G	1321	0	1321	0.00002
Immundisolibacter	1934947	G	1132	5	1137	0.00002
Candidatus Foliamicus	3023563	G	783	0	783	0.00001
Acidiferrobacter	986106	G	379	0	379	0.00001
Sulfurifustis	1692042	G	27	0	27	0.00000
Sulfuricaulis	1744881	G	10	0	10	0.00000
Thiohalobacter	1273155	G	304	228	532	0.00001
Candidatus Portiera	235572	G	147	0	147	0.00000
Salinisphaera	180541	G	107	0	107	0.00000
Candidatus Spongiihabitans	3033996	G	80	0	80	0.00000
Sulfurivermis	2034504	G	68	1	69	0.00000
Steroidobacter	469322	G	54	0	54	0.00000
Candidatus Comchoanobacter	2975286	G	21	0	21	0.00000
Candidatus Rariloculus ( ex Nguyen 2022)	2978114	G	12	0	12	0.00000
Comamonas	283	G	7213784	794986	8008770	0.10943
Acidovorax	12916	G	800789	120072	920861	0.01258
Delftia	80865	G	449744	111988	561732	0.00768
Rhodoferax	28065	G	252791	9720	262511	0.00359
Diaphorobacter	238749	G	248485	76257	324742	0.00444
Variovorax	34072	G	208196	11773	219969	0.00301
Limnohabitans	665874	G	169428	4552	173980	0.00238
Hydrogenophaga	47420	G	155187	12466	167653	0.00229
Polaromonas	52972	G	102379	1385	103764	0.00142
Ottowia	219181	G	88642	8045	96687	0.00132
Alicycliphilus	201096	G	75842	35432	111274	0.00152
Paracidovorax	3051137	G	45245	12317	57562	0.00079
Melaminivora	1649468	G	30631	5347	35978	0.00049
Simplicispira	352450	G	28866	3760	32626	0.00045
Vandammella	2919468	G	26661	454	27115	0.00037
Paenacidovorax	3051138	G	17223	2484	19707	0.00027
Pulveribacter	2678886	G	15031	1496	16527	0.00023
Ramlibacter	174951	G	14182	634	14816	0.00020
Verminephrobacter	364316	G	13751	231	13982	0.00019
Serpentinimonas	2490452	G	11267	287	11554	0.00016
Hylemonella	232523	G	10378	271	10649	0.00015
Curvibacter	281915	G	10210	2348	12558	0.00017
Brachymonas	28219	G	7665	259	7924	0.00011
Candidatus Symbiobacter	1436289	G	1667	3	1670	0.00002
Achromobacter	222	G	141473	12088	153561	0.00210
Bordetella	517	G	43918	3770	47688	0.00065
Alcaligenes	507	G	40084	1473	41557	0.00057
Pigmentiphaga	152267	G	7606	114	7720	0.00011
Castellaniella	359336	G	6244	176	6420	0.00009
Pollutimonas	2987599	G	5114	1180	6294	0.00009
Advenella	290425	G	4262	117	4379	0.00006
Neopusillimonas	2987605	G	3083	303	3386	0.00005
Orrella	1921582	G	2927	219	3146	0.00004
Ampullimonas	1920247	G	2278	66	2344	0.00003
Pusillimonas	305976	G	1824	122	1946	0.00003
Parapusillimonas	1403714	G	1308	220	1528	0.00002
Kerstersia	257820	G	1208	64	1272	0.00002
Paralcaligenes	1148163	G	658	10	668	0.00001
Paenalcaligenes	1100891	G	646	26	672	0.00001
Pelistega	106146	G	547	11	558	0.00001
Oligella	90243	G	286	7	293	0.00000
Taylorella	29574	G	92	112	204	0.00000
Basilea	1472344	G	86	1	87	0.00000
Cupriavidus	106589	G	62958	3211	66169	0.00090
Paraburkholderia	1822464	G	44914	1591	46505	0.00064
Burkholderia	32008	G	37724	5501	43225	0.00059
Polynucleobacter	44013	G	33118	105	33223	0.00045
Ralstonia	48736	G	23997	3039	27036	0.00037
Pandoraea	93217	G	14612	826	15438	0.00021
Limnobacter	131079	G	6543	157	6700	0.00009
Caballeronia	1827195	G	5902	679	6581	0.00009
Imbroritus	3422601	G	2471	262	2733	0.00004
Mycetohabitans	2571159	G	1936	23	1959	0.00003
Mycoavidus	1810868	G	1318	8	1326	0.00002
Pararobbsia	2718863	G	1059	19	1078	0.00001
Robbsia	2038280	G	1047	20	1067	0.00001
Ephemeroptericola	2680021	G	443	4	447	0.00001
Lautropia	47670	G	323	7	330	0.00000
Trinickia	2571160	G	232	7	239	0.00000
Candidatus Vallotiella	2018044	G	130	1	131	0.00000
Massilia	149698	G	19969	2092	22061	0.00030
Pseudoduganella	1522432	G	12159	1546	13705	0.00019
Duganella	75654	G	7075	800	7875	0.00011
Rugamonas	212744	G	1816	402	2218	0.00003
Telluria	34069	G	779	223	1002	0.00001
Janthinobacterium	29580	G	15543	1316	16859	0.00023
Herbaspirillum	963	G	15363	710	16073	0.00022
Collimonas	202907	G	6723	278	7001	0.00010
Undibacterium	401469	G	6236	171	6407	0.00009
Herminiimonas	303379	G	2015	76	2091	0.00003
Actimicrobium	1051898	G	1965	146	2111	0.00003
Noviherbaspirillum	1344552	G	1802	70	1872	0.00003
Oxalobacter	846	G	1489	27	1516	0.00002
Affinundibacterium	3078230	G	1133	31	1164	0.00002
Glaciimonas	1229970	G	978	55	1033	0.00001
Neoundibacterium	3078232	G	749	58	807	0.00001
Candidatus Zinderia	884214	G	18	0	18	0.00000
Roseateles	93681	G	38124	1637	39761	0.00054
Piscinibacter	1114981	G	6355	186	6541	0.00009
Caldimonas	196013	G	5511	507	6018	0.00008
Inhella	644355	G	4054	174	4228	0.00006
Rubrivivax	28067	G	3667	229	3896	0.00005
Sphaerotilus	34102	G	3633	316	3949	0.00005
Leptothrix	88	G	2771	58	2829	0.00004
Methylibium	316612	G	2741	216	2957	0.00004
Ideonella	36862	G	2081	440	2521	0.00003
Aquincola	391952	G	1055	177	1232	0.00002
Azohydromonas	312063	G	103	0	103	0.00000
Tepidimonas	114248	G	6693	195	6888	0.00009
Aquabacterium	92793	G	5633	283	5916	0.00008
Xylophilus	54066	G	5407	206	5613	0.00008
Thiomonas	32012	G	2934	18	2952	0.00004
Rhizobacter	212743	G	2261	76	2337	0.00003
Piscinibacterium	2066914	G	1227	9	1236	0.00002
Eleftheria	1597779	G	1208	34	1242	0.00002
Candidatus Ichthyocystis	2929841	G	45	0	45	0.00000
Sutterella	40544	G	890	12	902	0.00001
Turicimonas	1918598	G	96	1	97	0.00000
Duodenibacillus	1980697	G	34	0	34	0.00000
Neisseria	482	G	9496	1007	10503	0.00014
Vitreoscilla	59	G	3310	99	3409	0.00005
Uruburuella	299568	G	1445	81	1526	0.00002
Kingella	32257	G	1326	179	1505	0.00002
Eikenella	538	G	1167	134	1301	0.00002
Alysiella	194195	G	656	79	735	0.00001
Conchiformibius	334107	G	589	19	608	0.00001
Simonsiella	71	G	587	55	642	0.00001
Snodgrassella	1193515	G	538	15	553	0.00001
Paralysiella	2898489	G	445	21	466	0.00001
Wielerella	2944815	G	290	25	315	0.00000
Crenobacter	1654931	G	77	3	80	0.00000
Aquella	2593687	G	42	0	42	0.00000
Bergeriella	334108	G	21	5	26	0.00000
Chromobacterium	535	G	9410	128	9538	0.00013
Aquitalea	407217	G	3814	94	3908	0.00005
Paludibacterium	400060	G	1869	32	1901	0.00003
Pseudogulbenkiania	568394	G	911	23	934	0.00001
Vogesella	57739	G	777	24	801	0.00001
Chitinibacter	230666	G	3023	176	3199	0.00004
Iodobacter	32014	G	2045	78	2123	0.00003
Silvimonas	300264	G	1806	34	1840	0.00003
Chitinolyticbacter	1055692	G	1669	118	1787	0.00002
Deefgea	400947	G	1568	138	1706	0.00002
Jeongeupia	885864	G	1128	61	1189	0.00002
Chitinirhabdus	3683957	G	643	36	679	0.00001
Chitinimonas	240411	G	505	8	513	0.00001
Chitiniphilus	585890	G	420	23	443	0.00001
Aquaspirillum	187	G	1012	16	1028	0.00001
Laribacter	168470	G	887	136	1023	0.00001
Microvirgula	57479	G	83	1	84	0.00000
Thauera	33057	G	6719	551	7270	0.00010
Azoarcus	12960	G	2598	276	2874	0.00004
Nitrogeniibacter	2891294	G	1964	23	1987	0.00003
Pseudothauera	2891324	G	1071	50	1121	0.00002
Parazoarcus	2891322	G	881	25	906	0.00001
Pseudazoarcus	2891323	G	107	2	109	0.00000
Dechloromonas	73029	G	3679	280	3959	0.00005
Azonexus	146936	G	2024	272	2296	0.00003
Ferribacterium	88875	G	1369	22	1391	0.00002
Quatrionicoccus	138117	G	511	41	552	0.00001
Aromatoleum	551759	G	3337	723	4060	0.00006
Azospira	146937	G	2851	86	2937	0.00004
Oryzomicrobium	1911577	G	1057	22	1079	0.00001
Niveibacterium	1769726	G	494	4	498	0.00001
Fluviibacter	2808942	G	469	7	476	0.00001
Methylophilus	16	G	2969	13	2982	0.00004
Methylobacillus	404	G	2222	68	2290	0.00003
Methyloradius	2872156	G	2170	18	2188	0.00003
Methylovorus	81682	G	2022	3	2025	0.00003
Candidatus Methylopumilus	1679002	G	1775	23	1798	0.00002
Methylotenera	359407	G	1400	11	1411	0.00002
Methyloversatilis	378210	G	1695	14	1709	0.00002
Sterolibacterium	157591	G	970	18	988	0.00001
Denitratisoma	311181	G	850	68	918	0.00001
Sulfuricystis	3050898	G	398	6	404	0.00001
Rugosibacter	1914449	G	265	5	270	0.00000
Sulfuritalea	1054211	G	123	0	123	0.00000
Ferriphaselus	1443590	G	1519	52	1571	0.00002
Sideroxydans	314343	G	998	32	1030	0.00001
Candidatus Nitrotoga	453161	G	416	8	424	0.00001
Ferrigenium	2249462	G	262	6	268	0.00000
Sideroxyarcus	2943286	G	179	10	189	0.00000
Gallionella	96	G	23	0	23	0.00000
Sulfuriferula	1778653	G	2204	35	2239	0.00003
Sulfurimicrobium	2772198	G	149	1	150	0.00000
Sulfuricella	935200	G	37	0	37	0.00000
Nitrosomonas	914	G	990	9	999	0.00001
Nitrosospira	35798	G	813	1	814	0.00001
Usitatibacter	2803845	G	767	2	769	0.00001
Thiobacillus	919	G	415	8	423	0.00001
Sulfuritortus	1938335	G	38	3	41	0.00000
Candidatus Accumulibacter	327159	G	892	13	905	0.00001
Candidatus Kinetoplastidibacterium	33055	G	296	1	297	0.00000
Chitinivorax	1433992	G	275	6	281	0.00000
Casimicrobium	2706000	G	31	0	31	0.00000
Candidatus Vidania	1191175	G	30	0	30	0.00000
Candidatus Profftella	1381133	G	20	0	20	0.00000
Candidatus Nasuia	1301080	G	17	0	17	0.00000
Ferrovum	416212	G	106	0	106	0.00000
Brucella	234	G	148725	24268	172993	0.00236
Ochrobactrum	528	G	68173	6569	74742	0.00102
Pseudochrobactrum	354349	G	16216	328	16544	0.00023
Agrobacterium	357	G	125213	15150	140363	0.00192
Rhizobium	379	G	48101	8820	56921	0.00078
Neorhizobium	1525371	G	3903	69	3972	0.00005
Pararhizobium	1612611	G	3020	51	3071	0.00004
Allorhizobium	78526	G	189	67	256	0.00000
Pseudorhizobium	1903858	G	99	4	103	0.00000
Sinorhizobium	28105	G	5726	123	5849	0.00008
Ensifer	106591	G	2175	49	2224	0.00003
Shinella	323620	G	3082	236	3318	0.00005
Hoeflea	274591	G	1313	17	1330	0.00002
Georhizobium	2661800	G	1136	11	1147	0.00002
Affinirhizobium	3070964	G	327	5	332	0.00000
Peteryoungia	2853332	G	281	2	283	0.00000
Paenirhizobium	3070963	G	254	15	269	0.00000
Terrirhizobium	3464117	G	135	1	136	0.00000
Ciceribacter	1648508	G	134	0	134	0.00000
Lentilitoribacter	1649463	G	128	0	128	0.00000
Liberibacter	34019	G	107	1	108	0.00000
Bradyrhizobium	374	G	38300	640	38940	0.00053
Tardiphaga	1395974	G	4003	78	4081	0.00006
Rhodopseudomonas	1073	G	2474	86	2560	0.00003
Afipia	1033	G	471	91	562	0.00001
Nitrobacter	911	G	433	6	439	0.00001
Rugositalea	3466653	G	73	0	73	0.00000
Variibacter	1649510	G	58	0	58	0.00000
Mesorhizobium	68287	G	12620	376	12996	0.00018
Phyllobacterium	28100	G	3126	21	3147	0.00004
Aminobacter	31988	G	2500	154	2654	0.00004
Nitratireductor	245876	G	2496	54	2550	0.00003
Aquamicrobium	69278	G	640	1	641	0.00001
Aquibium	2911176	G	199	3	202	0.00000
Terribium	3143704	G	150	16	166	0.00000
Chelativorans	449972	G	147	8	155	0.00000
Methylorubrum	2282523	G	13530	443	13973	0.00019
Methylobacterium	407	G	4039	60	4099	0.00006
Microvirga	186650	G	1429	6	1435	0.00002
Bosea	85413	G	15203	158	15361	0.00021
Xanthobacter	279	G	7069	634	7703	0.00011
Ancylobacter	99	G	2758	536	3294	0.00005
Aquabacter	45402	G	1295	13	1308	0.00002
Azorhizobium	6	G	1063	30	1093	0.00001
Labrys	204476	G	635	18	653	0.00001
Pseudolabrys	556257	G	598	4	602	0.00001
Starkeya	152053	G	339	5	344	0.00000
Kaistia	166953	G	8793	125	8918	0.00012
Bauldia	1145345	G	91	0	91	0.00000
Devosia	46913	G	5791	59	5850	0.00008
Pelagibacterium	1082930	G	646	31	677	0.00001
Paradevosia	1573407	G	630	48	678	0.00001
Mariluticola	3064792	G	132	0	132	0.00000
Maritalea	623276	G	56	0	56	0.00000
Bartonella	773	G	5166	12	5178	0.00007
Roseibium	150830	G	2280	557	2837	0.00004
Stappia	152161	G	852	49	901	0.00001
Pannonibacter	227873	G	497	188	685	0.00001
Breoghania	1406135	G	383	3	386	0.00001
Pseudovibrio	258255	G	207	1	208	0.00000
Labrenzia	478070	G	203	83	286	0.00000
Aureimonas	414371	G	2288	200	2488	0.00003
Martelella	293088	G	892	55	947	0.00001
Antarcticirhabdus	3042730	G	232	8	240	0.00000
Jiella	1775688	G	156	2	158	0.00000
Aurantimonas	182269	G	52	1	53	0.00000
Reyranella	445219	G	2043	8	2051	0.00003
Pseudorhodoplanes	1734920	G	836	5	841	0.00001
Terrihabitans	2874214	G	375	3	378	0.00001
Enhydrobacter	212791	G	228	1	229	0.00000
Nordella	169055	G	66	0	66	0.00000
Candidatus Hodgkinia	573657	G	11	0	11	0.00000
Methylocystis	133	G	811	5	816	0.00001
Methylosinus	425	G	705	7	712	0.00001
Hartmannibacter	1572860	G	768	32	800	0.00001
Pleomorphomonas	261933	G	480	10	490	0.00001
Hyphomicrobium	81	G	706	4	710	0.00001
Rhodomicrobium	1068	G	368	1	369	0.00001
Methyloligella	1485594	G	92	0	92	0.00000
Methyloceanibacter	1484898	G	33	0	33	0.00000
Filomicrobium	119044	G	20	0	20	0.00000
Cohaesibacter	655352	G	978	5	983	0.00001
Chenggangzhangella	2041902	G	973	6	979	0.00001
Oricola	1594166	G	601	10	611	0.00001
Roseitalea	1915401	G	109	1	110	0.00000
Ahrensia	152180	G	80	0	80	0.00000
Oceaniradius	2679892	G	71	16	87	0.00000
Methylocapsa	184923	G	218	6	224	0.00000
Methylocella	120652	G	186	4	190	0.00000
Methylovirgula	1156568	G	134	2	136	0.00000
Beijerinckia	532	G	67	2	69	0.00000
Acuticoccus	1904377	G	539	3	542	0.00001
Candidatus Phaeomarinibacter	1541445	G	166	0	166	0.00000
Kaustia	2838250	G	96	0	96	0.00000
Pyruvatibacter	1742974	G	95	0	95	0.00000
Tepidicaulis	1742977	G	86	18	104	0.00000
Anderseniella	444432	G	44	0	44	0.00000
Parvibaculum	256616	G	41	3	44	0.00000
Phreatobacter	1632780	G	338	2	340	0.00000
Alsobacter	1502180	G	288	2	290	0.00000
Chelatococcus	28209	G	255	3	258	0.00000
Coralliovum	3228940	G	239	0	239	0.00000
Blastochloris	59282	G	188	2	190	0.00000
Rhodoligotrophos	987053	G	131	0	131	0.00000
Methyloraptor	3382645	G	122	1	123	0.00000
Terrirubrum	3142786	G	118	0	118	0.00000
Lichenihabitans	2723776	G	108	0	108	0.00000
Salaquimonas	2712688	G	84	0	84	0.00000
Salinarimonas	690086	G	68	0	68	0.00000
Aestuariivirga	2650923	G	64	0	64	0.00000
Afifella	643217	G	36	1	37	0.00000
Paracoccus	265	G	14242	1729	15971	0.00022
Thioclava	285107	G	2432	116	2548	0.00003
Pseudooceanicola	1679449	G	1379	95	1474	0.00002
Pukyongiella	2831925	G	1178	383	1561	0.00002
Frigidibacter	1775705	G	945	234	1179	0.00002
Aliiroseovarius	1658781	G	875	30	905	0.00001
Gemmobacter	204456	G	796	108	904	0.00001
Abyssibius	3029205	G	614	25	639	0.00001
Tritonibacter	2083206	G	592	179	771	0.00001
Tabrizicola	1443919	G	556	59	615	0.00001
Cognatishimia	2211635	G	502	10	512	0.00001
Silicimonas	1955420	G	493	5	498	0.00001
Yoonia	2211641	G	445	15	460	0.00001
Pseudoroseicyclus	1813601	G	414	9	423	0.00001
Rhodovulum	34008	G	379	40	419	0.00001
Pseudogemmobacter	2663134	G	338	10	348	0.00000
Cereibacter	1653176	G	309	25	334	0.00000
Polymorphum	991903	G	301	55	356	0.00000
Aestuariibius	2109360	G	261	4	265	0.00000
Gymnodinialimonas	2937410	G	257	4	261	0.00000
Pelagovum	2795377	G	246	7	253	0.00000
Neotabrizicola	2946607	G	246	35	281	0.00000
Pacificitalea	2846749	G	233	60	293	0.00000
Parasedimentitalea	2738399	G	221	6	227	0.00000
Haematobacter	366614	G	192	101	293	0.00000
Roseinatronobacter	121820	G	185	2	187	0.00000
Marinibacterium	1931200	G	151	10	161	0.00000
Limimaricola	2211638	G	144	9	153	0.00000
Paragemmobacter	3143992	G	130	12	142	0.00000
Paroceanicella	2683599	G	115	32	147	0.00000
Pseudopelagicola	1649483	G	114	0	114	0.00000
Amaricoccus	56999	G	113	3	116	0.00000
Qingshengfaniella	2816884	G	110	3	113	0.00000
Arenibacterium	2824249	G	106	21	127	0.00000
Algicella	3050722	G	103	0	103	0.00000
Falsirhodobacter	1434002	G	89	4	93	0.00000
Pontivivens	1844015	G	88	10	98	0.00000
Marivivens	1759396	G	87	6	93	0.00000
Fuscovulum	2818469	G	80	10	90	0.00000
Pseudorhodobacter	238783	G	58	1	59	0.00000
Profundibacter	2778525	G	54	0	54	0.00000
Pseudophaeobacter	1541822	G	47	19	66	0.00000
Planktomarina	1284657	G	44	1	45	0.00000
Nioella	1775424	G	39	0	39	0.00000
Roseicitreum	1209946	G	36	0	36	0.00000
Brevirhabdus	1855413	G	36	25	61	0.00000
Pikeienuella	2831955	G	35	2	37	0.00000
Amylibacter	1617805	G	34	0	34	0.00000
Fontisubflavum	3118803	G	27	0	27	0.00000
Albidovulum	205889	G	25	0	25	0.00000
Vannielia	2813041	G	22	0	22	0.00000
Sulfitobacter	60136	G	3490	683	4173	0.00006
Roseovarius	74030	G	3168	167	3335	0.00005
Phaeobacter	302485	G	1589	383	1972	0.00003
Ruegeria	97050	G	1342	151	1493	0.00002
Pseudosulfitobacter	2854186	G	1314	276	1590	0.00002
Marinovum	367771	G	1169	209	1378	0.00002
Leisingera	191028	G	780	76	856	0.00001
Thalassovita	335927	G	680	22	702	0.00001
Alloyangia	2919626	G	663	39	702	0.00001
Jannaschia	188905	G	647	11	658	0.00001
Ketogulonicigenium	92944	G	636	50	686	0.00001
Roseivivax	93682	G	470	73	543	0.00001
Falsihalocynthiibacter	2854182	G	395	7	402	0.00001
Roseobacter	2433	G	365	15	380	0.00001
Roseicyclus	336277	G	341	6	347	0.00000
Celeribacter	875170	G	337	153	490	0.00001
Salipiger	263377	G	301	103	404	0.00001
Marivita	659428	G	300	7	307	0.00000
Tateyamaria	299261	G	285	9	294	0.00000
Sagittula	58842	G	234	66	300	0.00000
Shimia	573139	G	222	13	235	0.00000
Nereida	282198	G	206	0	206	0.00000
Seohaeicola	481178	G	193	0	193	0.00000
Octadecabacter	53945	G	159	11	170	0.00000
Rhodophyticola	2680018	G	148	1	149	0.00000
Loktanella	245186	G	118	3	121	0.00000
Oceanicola	252301	G	96	1	97	0.00000
Mameliella	1434019	G	92	12	104	0.00000
Tropicibacter	599653	G	87	2	89	0.00000
Antarctobacter	74032	G	83	1	84	0.00000
Dinoroseobacter	309512	G	73	55	128	0.00000
Pelagimonas	1434029	G	65	4	69	0.00000
Palleronia	315422	G	62	0	62	0.00000
Actibacterium	1433986	G	62	55	117	0.00000
Aliisedimentitalea	1697958	G	56	6	62	0.00000
Phycobium	3479963	G	56	0	56	0.00000
Thalassobacter	266808	G	55	0	55	0.00000
Algirhabdus	3412738	G	53	0	53	0.00000
Lentibacter	1434014	G	48	5	53	0.00000
Aliiphycobium	3479962	G	41	1	42	0.00000
Thalassococcus	436357	G	37	0	37	0.00000
Thalassovivens	3680327	G	28	0	28	0.00000
Ponticoccus	983507	G	24	2	26	0.00000
Rhodobacter	1060	G	736	74	810	0.00001
Sphingomonas	13687	G	9491	473	9964	0.00014
Novosphingobium	165696	G	6182	436	6618	0.00009
Stakelama	1124625	G	302	4	306	0.00000
Alterisphingorhabdus (ex Yan et al. 2024)	3382518	G	67	0	67	0.00000
Hankyongella	1763827	G	54	2	56	0.00000
Citromicrobium	72173	G	52	4	56	0.00000
Sphingosinithalassobacter	2676233	G	24	1	25	0.00000
Tardibacter	2685927	G	16	10	26	0.00000
Sphingobium	165695	G	6726	2233	8959	0.00012
Erythrobacter	1041	G	1523	38	1561	0.00002
Porphyrobacter	1111	G	338	17	355	0.00000
Croceicoccus	1295327	G	756	32	788	0.00001
Tsuneonella	2800686	G	567	37	604	0.00001
Aurantiacibacter	2800681	G	562	26	588	0.00001
Qipengyuania	1855416	G	460	30	490	0.00001
Altererythrobacter	361177	G	321	12	333	0.00000
Croceibacterium	2676755	G	276	7	283	0.00000
Pseudoblastomonas	3423750	G	251	20	271	0.00000
Caenibius	2827482	G	112	14	126	0.00000
Pelagerythrobacter	2800685	G	76	3	79	0.00000
Parerythrobacter	2800684	G	19	0	19	0.00000
Sphingopyxis	165697	G	2812	159	2971	0.00004
Parasphingorhabdus	2709685	G	1781	6	1787	0.00002
Sphingorhabdus	1434046	G	537	5	542	0.00001
Novosphingopyxis	2709686	G	107	4	111	0.00000
Blastomonas	150203	G	1871	67	1938	0.00003
Rhizorhabdus	1649486	G	318	51	369	0.00001
Alterirhizorhabdus	3423723	G	135	2	137	0.00000
Allosphingosinicella	2823232	G	310	4	314	0.00000
Sphingomicrobium	1227948	G	36	0	36	0.00000
Glacieibacterium	2860235	G	155	3	158	0.00000
Sphingosinicella	335405	G	98	4	102	0.00000
Sandaracinobacteroides	2883109	G	63	0	63	0.00000
Polymorphobacter	1508451	G	23	3	26	0.00000
Zymomonas	541	G	237	34	271	0.00000
Parasphingopyxis	1234545	G	58	0	58	0.00000
Aquisediminimonas	2676781	G	35	0	35	0.00000
Brevundimonas	41275	G	20956	1661	22617	0.00031
Caulobacter	75	G	9012	200	9212	0.00013
Asticcacaulis	76890	G	1078	5	1083	0.00001
Phenylobacterium	20	G	873	13	886	0.00001
Terricaulis	2768684	G	26	0	26	0.00000
Azospirillum	191	G	6502	76	6578	0.00009
Niveispirillum	1543704	G	521	20	541	0.00001
Skermanella	204447	G	336	69	405	0.00001
Nitrospirillum	1543705	G	270	4	274	0.00000
Indioceanicola	2478349	G	38	0	38	0.00000
Magnetospirillum	13134	G	698	46	744	0.00001
Ferrovibrio	1231242	G	630	3	633	0.00001
Aerophototrophica	2811387	G	537	5	542	0.00001
Candidatus Endolissoclinum	1263978	G	408	0	408	0.00001
Rhodospirillum	1081	G	128	2	130	0.00000
Pararhodospirillum	1612157	G	115	1	116	0.00000
Defluviicoccus	111830	G	95	2	97	0.00000
Thalassospira	168934	G	2101	12	2113	0.00003
Magnetospira	1182780	G	359	1	360	0.00000
Allostella	93	G	1037	7	1044	0.00001
Pelagibius	643951	G	455	1	456	0.00001
Algihabitans	2821512	G	86	0	86	0.00000
Thalassobaculum	526215	G	372	6	378	0.00001
Nisaea	390876	G	64	2	66	0.00000
Haematospirillum	1804663	G	325	2	327	0.00000
Caenispirillum	414051	G	67	1	68	0.00000
Hypericibacter	2705399	G	261	2	263	0.00000
Terasakiella	196080	G	152	0	152	0.00000
Aestuariispira	1647175	G	81	0	81	0.00000
Hwanghaeella	2605940	G	42	0	42	0.00000
Zavarzinia	204446	G	91	0	91	0.00000
Varunaivibrio	1866954	G	72	0	72	0.00000
Paramagnetospirillum	3031148	G	33	6	39	0.00000
Acetobacter	434	G	1352	44	1396	0.00002
Candidatus Kirkpatrickella	3097638	G	1179	8	1187	0.00002
Rhodovastum	504465	G	734	3	737	0.00001
Neoasaia	320496	G	648	7	655	0.00001
Komagataeibacter	1434011	G	646	22	668	0.00001
Gluconobacter	441	G	623	35	658	0.00001
Asaia	91914	G	357	16	373	0.00001
Neokomagataea	1223423	G	196	3	199	0.00000
Pararoseomonas	2870712	G	153	3	156	0.00000
Lichenicoccus	2781897	G	133	0	133	0.00000
Nguyenibacter	1519186	G	122	2	124	0.00000
Granulibacter	364409	G	96	0	96	0.00000
Gluconacetobacter	89583	G	88	1	89	0.00000
Lichenicola	2804525	G	85	0	85	0.00000
Rhodopila	1070	G	81	0	81	0.00000
Oecophyllibacter	2791118	G	79	0	79	0.00000
Acidibrevibacterium	2603324	G	48	0	48	0.00000
Novacetimonas	2919364	G	35	1	36	0.00000
Swingsia	1649499	G	34	1	35	0.00000
Entomobacter	2811380	G	28	0	28	0.00000
Formicincola	2952773	G	18	0	18	0.00000
Aristophania	3027666	G	10	0	10	0.00000
Kozakia	153497	G	10	0	10	0.00000
Roseomonas	125216	G	1335	94	1429	0.00002
Sediminicoccus	1706033	G	374	11	385	0.00001
Humitalea	1223303	G	214	1	215	0.00000
Dankookia	1940143	G	144	2	146	0.00000
Roseococcus	35812	G	80	2	82	0.00000
Muricoccus	3409995	G	42	0	42	0.00000
Elioraea	457933	G	581	1	582	0.00001
Acidiphilium	522	G	170	0	170	0.00000
Acidisoma	512381	G	72	0	72	0.00000
Acidocella	50709	G	30	0	30	0.00000
Wolbachia	953	G	1321	14	1335	0.00002
Ehrlichia	943	G	1193	3	1196	0.00002
Candidatus Mesenet	2883098	G	627	0	627	0.00001
Candidatus Neoehrlichia	467749	G	163	0	163	0.00000
Anaplasma	768	G	101	0	101	0.00000
Rickettsia	780	G	904	7	911	0.00001
Candidatus Tisiphia	2996317	G	492	28	520	0.00001
Orientia	69474	G	169	0	169	0.00000
Candidatus Trichorickettsia	1522201	G	86	0	86	0.00000
Candidatus Fokinia	1802983	G	831	1	832	0.00001
Candidatus Bandiella	2716172	G	57	0	57	0.00000
Candidatus Lariskella	1175554	G	13	0	13	0.00000
Candidatus Deianiraea	2603321	G	103	9	112	0.00000
Hyphococcus	2038635	G	1104	3	1107	0.00002
Parvularcula	208215	G	671	13	684	0.00001
Aquisalinus	1795639	G	243	1	244	0.00000
Sneathiella	510690	G	1915	7	1922	0.00003
Oceanicaulis	153232	G	830	4	834	0.00001
Glycocaulis	1433402	G	256	12	268	0.00000
Hyphobacterium	2004661	G	171	10	181	0.00000
Maricaulis	74317	G	56	1	57	0.00000
Marinicauda	1649466	G	23	2	25	0.00000
Fretibacter	1649331	G	488	0	488	0.00001
Litorimonas	1167830	G	26	0	26	0.00000
Algimonas	1246884	G	23	0	23	0.00000
Pseudemcibacter	2943291	G	1226	5	1231	0.00002
Paremcibacter	2813804	G	60	0	60	0.00000
Luteithermobacter	2813803	G	57	0	57	0.00000
Emcibacter	1602338	G	26	0	26	0.00000
Tistrella	171436	G	1230	112	1342	0.00002
Marinivivus	3457535	G	94	0	94	0.00000
Candidatus Viadribacter	2892997	G	588	2	590	0.00001
Hyphomonas	85	G	379	4	383	0.00001
Hirschia	2723	G	81	0	81	0.00000
Kordiimonas	288021	G	676	2	678	0.00001
Gimibacter	3058346	G	145	0	145	0.00000
Temperatibacter	1549129	G	37	0	37	0.00000
Candidatus Pelagibacter	198251	G	503	1	504	0.00001
Candidatus Fonsibacter	2045213	G	15	0	15	0.00000
Candidatus Cytomitobacter	2601574	G	271	0	271	0.00000
Candidatus Bealeia	1920992	G	175	14	189	0.00000
Candidatus Odyssella	84646	G	11	0	11	0.00000
Candidatus Nucleicultrix	1509243	G	12	0	12	0.00000
Minwuia	2493629	G	362	1	363	0.00000
Candidatus Ponderosibacter	3457287	G	167	0	167	0.00000
Candidatus Puniceispirillum	767891	G	22	0	22	0.00000
Candidatus Levibacter	3457288	G	51	0	51	0.00000
Radicibacter	3462474	G	87	4	91	0.00000
Acidithiobacillus	119977	G	1916	1	1917	0.00003
Thermithiobacillus	119979	G	158	2	160	0.00000
Magnetococcus	162171	G	347	0	347	0.00000
Mariprofundus	377315	G	55	0	55	0.00000
Hydrogenophilus	70774	G	23	0	23	0.00000
Flavobacterium	237	G	9110850	24967	9135817	0.12483
Myroides	76831	G	282842	1394	284236	0.00388
Paenimyroides	3085669	G	25232	658	25890	0.00035
Polaribacter	52959	G	8145	170	8315	0.00011
Tenacibaculum	104267	G	6055	144	6199	0.00008
Flagellimonas	444459	G	4287	22	4309	0.00006
Maribacter	252356	G	3975	21	3996	0.00005
Capnocytophaga	1016	G	3732	45	3777	0.00005
Aquimarina	290174	G	3509	55	3564	0.00005
Winogradskyella	286104	G	2986	56	3042	0.00004
Cellulophaga	104264	G	2156	12	2168	0.00003
Formosa	225842	G	2057	21	2078	0.00003
Leeuwenhoekiella	283735	G	2056	37	2093	0.00003
Mariniflexile	527198	G	1706	12	1718	0.00002
Amniculibacterium	2715289	G	1679	177	1856	0.00003
Zobellia	112040	G	1642	5	1647	0.00002
Dokdonia	326319	G	1640	4	1644	0.00002
Nonlabens	363408	G	1570	7	1577	0.00002
Aequorivita	153265	G	1554	8	1562	0.00002
Antarcticibacterium	2058174	G	1473	15	1488	0.00002
Aestuariibaculum	1386924	G	1385	7	1392	0.00002
Christiangramia	292691	G	1381	13	1394	0.00002
Lutibacter	358023	G	1363	5	1368	0.00002
Algibacter	261827	G	1284	9	1293	0.00002
Wenyingzhuangia	1518147	G	1227	26	1253	0.00002
Lacinutrix	291183	G	1139	29	1168	0.00002
Kordia	221065	G	1134	9	1143	0.00002
Sinomicrobium	1434045	G	1056	0	1056	0.00001
Siansivirga	1204360	G	978	8	986	0.00001
Allomuricauda	111500	G	917	7	924	0.00001
Gilvibacter	379070	G	896	20	916	0.00001
Flavivirga	1209327	G	869	2	871	0.00001
Zunongwangia	417127	G	862	31	893	0.00001
Galbibacter	379068	G	859	27	886	0.00001
Tamlana	393005	G	791	34	825	0.00001
Hwangdonia	1649460	G	769	12	781	0.00001
Salegentibacter	143222	G	617	13	630	0.00001
Euzebyella	1287916	G	616	21	637	0.00001
Croceibacter	216431	G	577	11	588	0.00001
Psychroserpens	49277	G	548	18	566	0.00001
Psychroflexus	83612	G	543	2	545	0.00001
Arenibacter	178469	G	508	19	527	0.00001
Pontimicrobium	2918913	G	501	8	509	0.00001
Patiriisocius	2822394	G	461	11	472	0.00001
Aureibaculum	2706948	G	461	4	465	0.00001
Imtechella	1165076	G	450	1	451	0.00001
Vaginella	1935184	G	445	58	503	0.00001
Costertonia	343334	G	443	9	452	0.00001
Seonamhaeicola	1649495	G	426	2	428	0.00001
Daejeonia	2027867	G	390	36	426	0.00001
Thalassobellus	3400333	G	294	2	296	0.00000
Oceanihabitans	2045416	G	277	7	284	0.00000
Marixanthomonas	387658	G	275	9	284	0.00000
Olleya	336276	G	274	9	283	0.00000
Constantimarinum	2907134	G	274	6	280	0.00000
Zhouia	561555	G	265	5	270	0.00000
Muriicola	762641	G	230	0	230	0.00000
Robiginitalea	252306	G	221	0	221	0.00000
Candidatus Marifrigoribacter	3457289	G	209	5	214	0.00000
Mesoflavibacter	444051	G	195	1	196	0.00000
Ulvibacterium	2665910	G	193	0	193	0.00000
Changchengzhania	2049301	G	190	0	190	0.00000
Mangrovimonas	1211036	G	188	3	191	0.00000
Salinimicrobium	561367	G	184	3	187	0.00000
Allotamlana	3400365	G	181	0	181	0.00000
Pukyongia	2831916	G	153	3	156	0.00000
Rasiella	2987594	G	148	2	150	0.00000
Yeosuana	288018	G	137	1	138	0.00000
Gillisia	244698	G	124	4	128	0.00000
Candidatus Arcticimaribacter	2953860	G	119	0	119	0.00000
Flaviramulus	369400	G	118	1	119	0.00000
Pseudalgibacter	2861660	G	78	0	78	0.00000
Abyssalbus	2967089	G	78	0	78	0.00000
Pseudotamlana	3400368	G	60	2	62	0.00000
Bizionia	283785	G	56	1	57	0.00000
Sediminicola	389486	G	54	0	54	0.00000
Urechidicola	2700084	G	51	2	53	0.00000
Aegicerativicinus	2893197	G	41	0	41	0.00000
Croceiramulus	3568316	G	40	0	40	0.00000
Aggregatimonas	2913017	G	36	0	36	0.00000
Lutimonas	449810	G	28	0	28	0.00000
Chryseobacterium	59732	G	290050	6399	296449	0.00405
Kaistella	2782231	G	2231	19	2250	0.00003
Epilithonimonas	2782229	G	1121	151	1272	0.00002
Empedobacter	59734	G	203345	9472	212817	0.00291
Elizabethkingia	308865	G	5446	207	5653	0.00008
Apibacter	1778601	G	2028	2	2030	0.00003
Faecalibacter	2766734	G	1125	12	1137	0.00002
Cruoricaptor	1433995	G	741	41	782	0.00001
Riemerella	34084	G	707	21	728	0.00001
Cloacibacterium	501783	G	607	52	659	0.00001
Bergeyella	59735	G	544	9	553	0.00001
Ornithobacterium	28250	G	466	7	473	0.00001
Marnyiella	3088764	G	219	1	220	0.00000
Weeksella	1013	G	82	5	87	0.00000
Blattabacterium	34098	G	3027	17	3044	0.00004
Fluviicola	332102	G	1010	1	1011	0.00001
Paracrocinitomix	3024544	G	509	0	509	0.00001
Ichthyobacterium	1755829	G	1282	0	1282	0.00002
Candidatus Karelsulcia	336809	G	935	9	944	0.00001
Candidatus Walczuchella	1940138	G	20	0	20	0.00000
Croceimicrobium	2828338	G	496	4	500	0.00001
Owenweeksia	267986	G	313	0	313	0.00000
Sanyastnella	3228946	G	120	0	120	0.00000
Parvicella	2975260	G	65	0	65	0.00000
Parabacteroides	375288	G	1257498	100509	1358007	0.01856
Tannerella	195950	G	7393	223	7616	0.00010
Bacteroides	816	G	645798	66294	712092	0.00973
Phocaeicola	909656	G	29528	4033	33561	0.00046
Prevotella	838	G	30107	1251	31358	0.00043
Segatella	2974251	G	11238	527	11765	0.00016
Paraprevotella	577309	G	3128	295	3423	0.00005
Hoylesella	2974257	G	2497	732	3229	0.00004
Xylanibacter	558436	G	1383	20	1403	0.00002
Pseudoprevotella	2884814	G	452	4	456	0.00001
Macellibacteroides	1159323	G	27730	646	28376	0.00039
Porphyromonas	836	G	13967	498	14465	0.00020
Limibacterium	3404873	G	9072	480	9552	0.00013
Proteiniphilum	294702	G	6164	765	6929	0.00009
Dysgonomonas	156973	G	5304	8	5312	0.00007
Indolivaga	3680098	G	4911	145	5056	0.00007
Petrimonas	307628	G	4550	657	5207	0.00007
Coprobacter	1348911	G	8487	596	9083	0.00012
Barnesiella	397864	G	7813	442	8255	0.00011
Alistipes	239759	G	9814	564	10378	0.00014
Acetobacteroides	1647173	G	250	3	253	0.00000
Muribaculum	1918540	G	2343	111	2454	0.00003
Duncaniella	2518495	G	1784	35	1819	0.00002
Paramuribaculum	2518497	G	1659	50	1709	0.00002
Sodaliphilus	2815786	G	671	23	694	0.00001
Butyricimonas	574697	G	4770	545	5315	0.00007
Odoribacter	283168	G	1550	111	1661	0.00002
Paludibacter	346096	G	3069	1	3070	0.00004
Candidatus Azobacteroides	511434	G	711	0	711	0.00001
Salinivirga	1970191	G	580	0	580	0.00001
Tenuifilum	2760873	G	464	1	465	0.00001
Draconibacterium	1471399	G	6606	137	6743	0.00009
Maribellus	2678352	G	1550	55	1605	0.00002
Aquipluma	2792393	G	1027	4	1031	0.00001
Mangrovibacterium	1573808	G	1012	109	1121	0.00002
Gaoshiqia	3045890	G	628	9	637	0.00001
Halosquirtibacter	3374594	G	558	20	578	0.00001
Labilibaculum	2060722	G	2942	9	2951	0.00004
Marinifilum	866673	G	2853	20	2873	0.00004
Xiashengella	3129724	G	816	230	1046	0.00001
Alkalitalea	1193324	G	542	3	545	0.00001
Pedobacter	84567	G	79712	2277	81989	0.00112
Sphingobacterium	28453	G	35371	1452	36823	0.00050
Mucilaginibacter	423349	G	22269	480	22749	0.00031
Anseongella	1773450	G	1622	3	1625	0.00002
Olivibacter	376469	G	1548	166	1714	0.00002
Solitalea	929509	G	1295	16	1311	0.00002
Arcticibacter	1288026	G	377	13	390	0.00001
Pseudopedobacter	1649482	G	357	30	387	0.00001
Aurantibacillus	3088889	G	504	1	505	0.00001
Hymenobacter	89966	G	8007	104	8111	0.00011
Pontibacter	323449	G	3816	147	3963	0.00005
Adhaeribacter	299566	G	1308	35	1343	0.00002
Rufibacter	1379908	G	1096	96	1192	0.00002
Nibribacter	1649474	G	94	31	125	0.00000
Dyadobacter	120831	G	6377	71	6448	0.00009
Runella	105	G	1583	2	1585	0.00002
Larkinella	332157	G	1430	22	1452	0.00002
Fibrella	861914	G	136	2	138	0.00000
Spirosoma	107	G	7732	25	7757	0.00011
Cytophaga	978	G	236	3	239	0.00000
Algoriphagus	246875	G	3350	91	3441	0.00005
Echinicola	390846	G	2412	147	2559	0.00003
Mongoliitalea	1511649	G	675	5	680	0.00001
Belliella	232244	G	636	37	673	0.00001
Cyclobacterium	68288	G	267	26	293	0.00000
Aquiflexum	280472	G	127	1	128	0.00000
Ekhidna	447678	G	1300	36	1336	0.00002
Reichenbachiella	156993	G	728	397	1125	0.00002
Marivirga	869806	G	2350	551	2901	0.00004
Flammeovirga	59739	G	902	27	929	0.00001
Chondrinema	3051458	G	754	47	801	0.00001
Imperialibacter	1649461	G	274	19	293	0.00000
Fulvivirga	396811	G	1416	48	1464	0.00002
Chryseolinea	1433993	G	411	1	412	0.00001
Catalinimonas	1522128	G	739	2	741	0.00001
Porifericola	1001222	G	515	7	522	0.00001
Tunicatimonas	1077254	G	442	0	442	0.00001
Jiulongibacter	2031119	G	721	0	721	0.00001
Emticicia	312278	G	552	4	556	0.00001
Marinilongibacter	2975149	G	152	0	152	0.00000
Leadbetterella	319458	G	141	3	144	0.00000
Arcticibacterium	2173039	G	115	0	115	0.00000
Bernardetia	1937972	G	1626	1	1627	0.00002
Fulvitalea	1434007	G	871	17	888	0.00001
Persicobacter	59740	G	365	9	374	0.00001
Aureibacter	1097443	G	360	4	364	0.00000
Rhodocytophaga	455076	G	1022	4	1026	0.00001
Roseivirga	290180	G	948	32	980	0.00001
Aquirufa	2676247	G	643	3	646	0.00001
Mangrovivirga	2858886	G	621	3	624	0.00001
Candidatus Amoebophilus	281119	G	122	0	122	0.00000
Candidatus Cardinium	273135	G	97	0	97	0.00000
Chitinophaga	79328	G	13035	391	13426	0.00018
Arachidicoccus	1769012	G	1934	76	2010	0.00003
Flavihumibacter	1004301	G	1554	40	1594	0.00002
Niabella	379899	G	1550	106	1656	0.00002
Flavisolibacter	398041	G	1484	164	1648	0.00002
Filimonas	649460	G	1162	79	1241	0.00002
Phnomibacter	2836216	G	1003	107	1110	0.00002
Ferruginibacter	1004303	G	943	37	980	0.00001
Paraflavitalea	2698688	G	746	39	785	0.00001
Niastella	354354	G	732	75	807	0.00001
Lacibacter	649461	G	688	27	715	0.00001
Rhizosphaericola	3114547	G	636	38	674	0.00001
Pseudobacter	1860196	G	632	73	705	0.00001
Puia	2045098	G	548	31	579	0.00001
Panacibacter	1874621	G	386	7	393	0.00001
Sediminibacterium	504481	G	351	24	375	0.00001
Pseudocnuella	2812019	G	276	27	303	0.00000
Thermoflavifilum	1649506	G	260	3	263	0.00000
Mycovorax	3389990	G	231	38	269	0.00000
Phaeodactylibacter	1564515	G	1246	2	1248	0.00002
Haliscomenobacter	2349	G	970	2	972	0.00001
Aureispira	365032	G	724	3	727	0.00001
Saprospira	1007	G	124	0	124	0.00000
Lewinella	70994	G	468	2	470	0.00001
Neolewinella	2993541	G	14	0	14	0.00000
Candidatus Sulfidibacterium	2923290	G	842	0	842	0.00001
Chlorobium	1091	G	1161	10	1171	0.00002
Pelodictyon	1099	G	503	0	503	0.00001
Chlorobaculum	256319	G	232	0	232	0.00000
Prosthecochloris	1101	G	94	0	94	0.00000
Chloroherpeton	100715	G	452	0	452	0.00001
Ignavibacterium	795750	G	625	0	625	0.00001
Melioribacter	1134403	G	51	0	51	0.00000
Gracilimonas	649462	G	479	2	481	0.00001
Cyclonatronum	2489367	G	186	19	205	0.00000
Rhodocaloribacter	2893090	G	250	1	251	0.00000
Rhodothermus	29548	G	26	0	26	0.00000
Salinibacter	146918	G	108	0	108	0.00000
Rubrivirga	1434037	G	108	0	108	0.00000
Gemmatimonas	173479	G	1134	0	1134	0.00002
Gemmatirosa	1706036	G	118	2	120	0.00000
Pseudogemmatithrix	3237678	G	63	2	65	0.00000
Candidatus Palauibacter	3056650	G	178	0	178	0.00000
Gaopeijia	3381669	G	96	0	96	0.00000
Candidatus Cloacimonas	456826	G	317	0	317	0.00000
Fibrobacter	832	G	208	11	219	0.00000
Aliarcobacter	2321111	G	4267	525	4792	0.00007
Arcobacter	28196	G	1918	256	2174	0.00003
Malaciobacter	2321114	G	1903	75	1978	0.00003
Candidatus Marinarcus	2321204	G	805	31	836	0.00001
Halarcobacter	2321115	G	688	16	704	0.00001
Poseidonibacter	2321187	G	130	160	290	0.00000
Campylobacter	194	G	9042	48	9090	0.00012
Helicobacter	209	G	4796	65	4861	0.00007
Wolinella	843	G	656	0	656	0.00001
Sulfurimonas	202746	G	2990	171	3161	0.00004
Sulfuricurvum	286130	G	790	5	795	0.00001
Hydrocurvibacter	3451669	G	131	1	132	0.00000
Sulfonitrofixus	3451668	G	114	0	114	0.00000
Thiomicrolovo	3451667	G	19	16	35	0.00000
Sulfurospirillum	57665	G	1932	2	1934	0.00003
Sulfurovum	265570	G	492	1	493	0.00001
Nitratifractor	269260	G	109	2	111	0.00000
Hydrogenimonas	223785	G	452	4	456	0.00001
Nitratiruptor	269258	G	1385	0	1385	0.00002
Nitrosophilus	2795692	G	281	8	289	0.00000
Nautilia	191291	G	215	0	215	0.00000
Caminibacter	191301	G	64	1	65	0.00000
Treponema	157	G	5953	60	6013	0.00008
Brucepastera	2967962	G	219	0	219	0.00000
Leadbettera	2951107	G	1567	65	1632	0.00002
Gracilinema	2951106	G	228	16	244	0.00000
Breznakiella	2845254	G	122	4	126	0.00000
Borrelia	138	G	879	60	939	0.00001
Borreliella	64895	G	696	136	832	0.00001
Sphaerochaeta	399320	G	1697	155	1852	0.00003
Parasphaerochaeta	3062336	G	39	0	39	0.00000
Entomospira	2834378	G	460	0	460	0.00001
Oceanispirochaeta	2035349	G	309	0	309	0.00000
Sediminispirochaeta	1911556	G	225	37	262	0.00000
Thiospirochaeta	2792240	G	197	0	197	0.00000
Spirochaeta	146	G	65	0	65	0.00000
Marispirochaeta	1911565	G	33	0	33	0.00000
Salinispira	1616789	G	30	0	30	0.00000
Candidatus Haliotispira	3115661	G	22	0	22	0.00000
Brachyspira	29521	G	3135	14	3149	0.00004
Leptospira	171	G	2733	0	2733	0.00004
Winmispira	3457169	G	154	0	154	0.00000
Thermospira	3024226	G	52	0	52	0.00000
Stieleria	2795973	G	624	8	632	0.00001
Rosistilla	2795779	G	416	4	420	0.00001
Aureliella	2795605	G	351	1	352	0.00000
Bremerella	2714594	G	334	0	334	0.00000
Rhodopirellula	265488	G	129	1	130	0.00000
Roseimaritima	1579506	G	111	0	111	0.00000
Anatilimnocola	2807414	G	68	0	68	0.00000
Novipirellula	2795426	G	31	0	31	0.00000
Blastopirellula	265487	G	24	0	24	0.00000
Lignipirellula	2795775	G	23	0	23	0.00000
Mariniblastus	2005380	G	17	0	17	0.00000
Pirellula	123	G	16	0	16	0.00000
Aeoliella	2795781	G	228	0	228	0.00000
Lacipirellula	2691417	G	170	0	170	0.00000
Bythopirellula	1400386	G	84	0	84	0.00000
Pirellulimonas	2795783	G	16	0	16	0.00000
Thermogutta	1676125	G	14	0	14	0.00000
Gimesia	1649453	G	1291	2	1293	0.00002
Rubinisphaera	1649490	G	229	1	230	0.00000
Polystyrenella	2795774	G	211	0	211	0.00000
Planctopirus	1649480	G	126	0	126	0.00000
Symmachiella	2795780	G	123	0	123	0.00000
Planctomicrobium	1779141	G	82	0	82	0.00000
Fuerstiella	1936111	G	58	0	58	0.00000
Maioricimonas	2795777	G	47	0	47	0.00000
Alienimonas	2714737	G	43	0	43	0.00000
Stratiformator	3076095	G	43	0	43	0.00000
Crateriforma	2714592	G	27	11	38	0.00000
Planctomyces	118	G	20	0	20	0.00000
Schlesneria	656899	G	10	0	10	0.00000
Aquisphaera	1511635	G	557	2	559	0.00001
Singulisphaera	466152	G	326	1	327	0.00000
Tautonia	2680020	G	68	0	68	0.00000
Tundrisphaera	2029859	G	64	0	64	0.00000
Isosphaera	127	G	39	0	39	0.00000
Paludisphaera	1763521	G	38	0	38	0.00000
Gemmata	113	G	262	1	263	0.00000
Urbifossiella	2807415	G	130	0	130	0.00000
Frigoriglobus	2774146	G	85	0	85	0.00000
Limnoglobus	2731450	G	61	0	61	0.00000
Saltatorellus	3405235	G	172	0	172	0.00000
Rohdeia	3405237	G	98	0	98	0.00000
Engelhardtia	3405233	G	62	0	62	0.00000
Kolteria	3405236	G	11	0	11	0.00000
Candidatus Uabimicrobium	2897349	G	678	0	678	0.00001
Sedimentisphaera	2483368	G	321	2	323	0.00000
Limihaloglobus	2690160	G	51	0	51	0.00000
Humisphaera	2807511	G	85	0	85	0.00000
Fontivita	2989683	G	29	0	29	0.00000
Phycisphaera	666508	G	76	0	76	0.00000
Mucisphaera	2913022	G	21	0	21	0.00000
Poriferisphaera	2803301	G	13	0	13	0.00000
Candidatus Kuenenia	380738	G	201	0	201	0.00000
Luteolibacter	518753	G	1630	2	1632	0.00002
Verrucomicrobium	2735	G	817	0	817	0.00001
Haloferula	574899	G	632	0	632	0.00001
Sulfuriroseicoccus	2911469	G	60	0	60	0.00000
Roseimicrobium	1348508	G	46	0	46	0.00000
Roseibacillus	518755	G	32	0	32	0.00000
Akkermansia	239934	G	1288	1	1289	0.00002
Fontisphaera	3050007	G	14	0	14	0.00000
Opitutus	178440	G	256	0	256	0.00000
Termitidicoccus	3126963	G	153	0	153	0.00000
Horticoccus	2986286	G	120	0	120	0.00000
Ereboglobus	2028344	G	53	0	53	0.00000
Oleiharenicola	2100741	G	40	0	40	0.00000
Actomonas	3138693	G	37	0	37	0.00000
Lacunisphaera	1961799	G	25	0	25	0.00000
Nibricoccus	2576890	G	23	0	23	0.00000
Lotipaludicoccus	3685778	G	18	0	18	0.00000
Synoicihabitans	2892920	G	16	0	16	0.00000
Congregicoccus	3458163	G	13	0	13	0.00000
Coraliomargarita	442430	G	171	0	171	0.00000
Candidatus Pelagisphaera	3049269	G	50	0	50	0.00000
Rubellicoccus	3138622	G	12	1	13	0.00000
Methylacidiphilum (ex Ratnadevi et al. 2023)	511745	G	120	0	120	0.00000
Methylacidimicrobium	1541670	G	38	0	38	0.00000
Chlamydia	810	G	1282	37	1319	0.00002
Chlamydiifrater	2822114	G	15	0	15	0.00000
Parachlamydia	83551	G	535	0	535	0.00001
Neochlamydia	112987	G	158	0	158	0.00000
Candidatus Protochlamydia	282132	G	98	0	98	0.00000
Candidatus Rhabdochlamydia	292833	G	143	11	154	0.00000
Waddlia	71666	G	49	1	50	0.00000
Candidatus Velamenicoccus	2789201	G	527	0	527	0.00001
Tichowtungia	2907187	G	336	0	336	0.00000
Kiritimatiella	1921784	G	12	0	12	0.00000
Lentisphaera	256846	G	223	0	223	0.00000
Desulfovibrio	872	G	1449	68	1517	0.00002
Pseudodesulfovibrio	2035811	G	1165	86	1251	0.00002
Maridesulfovibrio	2794998	G	767	40	807	0.00001
Nitratidesulfovibrio	2802295	G	523	47	570	0.00001
Solidesulfovibrio	2910984	G	344	10	354	0.00000
Lawsonia	41707	G	165	6	171	0.00000
Halodesulfovibrio	1912771	G	76	6	82	0.00000
Megalodesulfovibrio	2910978	G	70	1	71	0.00000
Oleidesulfovibrio	2909705	G	62	94	156	0.00000
Salidesulfovibrio	2950010	G	44	7	51	0.00000
Taurinivorans	3126915	G	40	3	43	0.00000
Desulfolutivibrio	2773294	G	37	3	40	0.00000
Desulfobaculum	1433996	G	26	2	28	0.00000
Mailhella	1981028	G	24	24	48	0.00000
Bilophila	35832	G	20	0	20	0.00000
Oceanidesulfovibrio	2905722	G	12	0	12	0.00000
Desulfocurvibacter	2582840	G	11	0	11	0.00000
Desulfomicrobium	898	G	284	1	285	0.00000
Desulfohalobium	45662	G	11	0	11	0.00000
Syntrophotalea	2812025	G	1075	3	1078	0.00001
Geoalkalibacter	392332	G	702	58	760	0.00001
Desulfuromonas	890	G	450	2	452	0.00001
Trichlorobacter	115782	G	550	9	559	0.00001
Geobacter	28231	G	539	6	545	0.00001
Citrifermentans	2883512	G	276	5	281	0.00000
Geomonas	2651583	G	242	2	244	0.00000
Geotalea	2910589	G	83	0	83	0.00000
Desulforapulum	2904687	G	717	9	726	0.00001
Desulfobacter	2289	G	198	2	200	0.00000
Desulfobacula	28222	G	78	1	79	0.00000
Desulfosarcina	2299	G	362	3	365	0.00000
Desulfonema	45654	G	187	1	188	0.00000
Desulfococcus	896	G	48	0	48	0.00000
Desulfoluna	497721	G	65	1	66	0.00000
Desulfatibacillum	218207	G	36	0	36	0.00000
Desulfosudis	2904716	G	27	0	27	0.00000
Candidatus Electrothrix	1859128	G	352	0	352	0.00000
Desulfobulbus	893	G	238	6	244	0.00000
Desulfomarina	2894767	G	117	0	117	0.00000
Desulfurivibrio	427922	G	21	0	21	0.00000
Desulfofustis	51194	G	261	0	261	0.00000
Desulfocapsa	53318	G	134	0	134	0.00000
Desulfopila	429014	G	108	0	108	0.00000
Desulfosediminicola	2886823	G	103	0	103	0.00000
Desulforhopalus	40413	G	23	0	23	0.00000
Desulfotalea	109168	G	11	0	11	0.00000
Thiovibrio	2991701	G	81	4	85	0.00000
Thermodesulfobacterium	1740	G	288	0	288	0.00000
Caldimicrobium	444090	G	23	0	23	0.00000
Thermosulfurimonas	1522431	G	22	0	22	0.00000
Thermosulfuriphilus	2033601	G	10	0	10	0.00000
Thermodesulfatator	241192	G	87	0	87	0.00000
Desulfobacca	60892	G	237	0	237	0.00000
Syntrophus	43773	G	84	0	84	0.00000
Syntrophobacter	29526	G	58	1	59	0.00000
Desulfoglaeba	361106	G	11	0	11	0.00000
Candidatus Desulfofervidus	1902583	G	51	0	51	0.00000
Desulfoferula	3093638	G	19	0	19	0.00000
Desulfarculus	453229	G	14	0	14	0.00000
Dissulfuribacter	1433998	G	30	0	30	0.00000
Desulfomonile	2357	G	27	0	27	0.00000
Sorangium	39643	G	6138	21	6159	0.00008
Polyangium	55	G	272	0	272	0.00000
Pajaroellobacter	1882917	G	157	0	157	0.00000
Chondromyces	50	G	34	0	34	0.00000
Sandaracinus	1055688	G	1085	1	1086	0.00001
Labilithrix	1524217	G	118	0	118	0.00000
Nannocystis	53	G	756	1	757	0.00001
Haliangium	162027	G	74	0	74	0.00000
Archangium	47	G	1346	7	1353	0.00002
Melittangium	44	G	424	9	433	0.00001
Cystobacter	42	G	177	5	182	0.00000
Stigmatella	40	G	82	2	84	0.00000
Corallococcus	83461	G	788	125	913	0.00001
Myxococcus	32	G	363	33	396	0.00001
Pyxidicoccus	224458	G	84	3	87	0.00000
Pseudomyxococcus	3434272	G	23	5	28	0.00000
Anaeromyxobacter	161492	G	534	1	535	0.00001
Vulgatibacter	1524214	G	14	0	14	0.00000
Pendulispora	3375062	G	624	0	624	0.00001
Bdellovibrio	958	G	4026	0	4026	0.00006
Micavibrio	213485	G	159	0	159	0.00000
Pseudobdellovibrio	2862745	G	121	0	121	0.00000
Pigmentibacter	2838409	G	367	1	368	0.00001
Silvanigrella	2024975	G	333	1	334	0.00000
Fluviispira	2698753	G	144	0	144	0.00000
Peredibacter	263370	G	432	0	432	0.00001
Bacteriovorax	146784	G	123	0	123	0.00000
Halobacteriovorax	1652133	G	93	0	93	0.00000
Acidobacterium	33973	G	464	1	465	0.00001
Tunturiibacter	3154218	G	458	3	461	0.00001
Granulicella	940557	G	446	1	447	0.00001
Telmatobacter	1078829	G	420	1	421	0.00001
Edaphobacter	388463	G	309	2	311	0.00000
Terriglobus	392733	G	251	0	251	0.00000
Silvibacterium	1775468	G	89	0	89	0.00000
Alloacidobacterium	2951993	G	46	0	46	0.00000
Acidisarcina	2608728	G	26	0	26	0.00000
Occallatibacter	1742983	G	15	0	15	0.00000
Candidatus Korobacter	658061	G	33	0	33	0.00000
Paludibaculum	1649475	G	79	0	79	0.00000
Geothrix	44675	G	1088	2	1090	0.00001
Mesoterricola	3074468	G	103	0	103	0.00000
Acanthopleuribacter	442869	G	477	0	477	0.00001
Sulfidibacter	2915177	G	119	3	122	0.00000
Thermotomaculum	1172428	G	82	0	82	0.00000
Chloracidobacterium	458032	G	444	0	444	0.00001
Luteitalea	2004797	G	206	0	206	0.00000
Nitrospira	1234	G	1772	0	1772	0.00002
Leptospirillum	179	G	203	0	203	0.00000
Candidatus Magnetomonas	3459270	G	22	0	22	0.00000
Dissulfurispira	2811506	G	272	0	272	0.00000
Thermodesulfovibrio	28261	G	187	0	187	0.00000
Dictyoglomus	13	G	961	0	961	0.00001
Hydrogenobacter	939	G	354	1	355	0.00000
Aquifex	2713	G	69	0	69	0.00000
Thermocrinis	75905	G	58	0	58	0.00000
Hydrogenobaculum	168657	G	42	0	42	0.00000
Sulfurihydrogenibium	212790	G	159	0	159	0.00000
Persephonella	182899	G	24	0	24	0.00000
Desulfurobacterium	64159	G	193	0	193	0.00000
Geovibrio	46200	G	360	0	360	0.00000
Mucispirillum	248038	G	214	0	214	0.00000
Deferribacter	53572	G	34	0	34	0.00000
Calditerrivibrio	545865	G	18	0	18	0.00000
Flexistipes	2351	G	15	0	15	0.00000
Desulfurispirillum	393029	G	487	2	489	0.00001
Caldithrix	187144	G	417	0	417	0.00001
Atribacter	2847777	G	205	0	205	0.00000
Thermatribacter	3240450	G	131	6	137	0.00000
Candidatus Caldatribacterium	1454725	G	32	0	32	0.00000
Elusimicrobium	423604	G	213	0	213	0.00000
Thermodesulfobium	227388	G	205	0	205	0.00000
Nitrospina	35800	G	43	0	43	0.00000
Sphaerobacter	2056	G	17	0	17	0.00000
Thermomicrobium	499	G	13	0	13	0.00000
Zhurongbacter	3470744	G	27	0	27	0.00000
Thermosulfidibacter	412592	G	26	0	26	0.00000
Coprothermobacter	68335	G	16	0	16	0.00000
Caldisericum	693074	G	13	0	13	0.00000
Enterococcus	1350	G	395308	53602	448910	0.00613
Vagococcus	2737	G	15788	1858	17646	0.00024
Tetragenococcus	51668	G	6335	1625	7960	0.00011
Melissococcus	33969	G	432	8	440	0.00001
Lactobacillus	1578	G	20585	911	21496	0.00029
Pediococcus	1253	G	8173	1945	10118	0.00014
Companilactobacillus	2767879	G	7634	602	8236	0.00011
Ligilactobacillus	2767887	G	7068	550	7618	0.00010
Lactiplantibacillus	2767842	G	5527	1319	6846	0.00009
Leuconostoc	1243	G	4649	497	5146	0.00007
Lacticaseibacillus	2759736	G	3543	455	3998	0.00005
Fructilactobacillus	2767881	G	3459	123	3582	0.00005
Lentilactobacillus	2767893	G	2915	487	3402	0.00005
Liquorilactobacillus	2767888	G	2531	625	3156	0.00004
Apilactobacillus	2767877	G	2307	33	2340	0.00003
Limosilactobacillus	2742598	G	2262	418	2680	0.00004
Weissella	46255	G	2149	94	2243	0.00003
Paucilactobacillus	2767890	G	1609	238	1847	0.00003
Dellaglioa	2767880	G	1569	268	1837	0.00003
Levilactobacillus	2767886	G	1474	166	1640	0.00002
Latilactobacillus	2767885	G	875	197	1072	0.00001
Bombilactobacillus	2767878	G	778	8	786	0.00001
Secundilactobacillus	2767892	G	607	165	772	0.00001
Xylocopilactobacillus	3118928	G	606	0	606	0.00001
Acetilactobacillus	2767874	G	566	0	566	0.00001
Oenococcus	46254	G	556	26	582	0.00001
Holzapfeliella	2767883	G	174	2	176	0.00000
Loigolactobacillus	2767889	G	164	66	230	0.00000
Amylolactobacillus	2767876	G	161	55	216	0.00000
Periweissella	2930384	G	122	0	122	0.00000
Agrilactobacillus	2767875	G	94	4	98	0.00000
Furfurilactobacillus	2767882	G	69	3	72	0.00000
Lapidilactobacillus	2767884	G	61	2	63	0.00000
Schleiferilactobacillus	2767891	G	45	0	45	0.00000
Streptococcus	1301	G	55082	5169	60251	0.00082
Lactococcus	1357	G	7680	1664	9344	0.00013
Pseudolactococcus	3436058	G	4200	537	4737	0.00006
Floricoccus	1930830	G	2505	47	2552	0.00003
Carnobacterium	2747	G	5474	714	6188	0.00008
Jeotgalibaca	1470540	G	2864	383	3247	0.00004
Trichococcus	82802	G	1462	101	1563	0.00002
Granulicatella	117563	G	1157	358	1515	0.00002
Alkalibacterium	99906	G	1125	14	1139	0.00002
Alloiococcus	1651	G	1112	13	1125	0.00002
Dolosigranulum	29393	G	604	12	616	0.00001
Desemzia	82800	G	362	127	489	0.00001
Marinilactibacillus	191769	G	317	61	378	0.00001
Tuanshanicoccus	3465067	G	2773	47	2820	0.00004
Aerococcus	1375	G	2338	329	2667	0.00004
Fundicoccus	2761542	G	1788	98	1886	0.00003
Globicatella	13075	G	1159	56	1215	0.00002
Ruoffia	2862144	G	1157	152	1309	0.00002
Suicoccus	2689587	G	686	119	805	0.00001
Abiotrophia	46123	G	346	10	356	0.00000
Ignavigranum	89092	G	175	6	181	0.00000
Bacillus	1386	G	66265	10216	76481	0.00105
Lysinibacillus	400634	G	23805	2273	26078	0.00036
Neobacillus	2675232	G	17204	1716	18920	0.00026
Peribacillus	2675229	G	14290	1544	15834	0.00022
Niallia	2837506	G	12668	1348	14016	0.00019
Oceanobacillus	182709	G	11910	1039	12949	0.00018
Virgibacillus	84406	G	11681	447	12128	0.00017
Priestia	2800373	G	8915	1322	10237	0.00014
Psychrobacillus	1221880	G	7296	677	7973	0.00011
Metabacillus	2675233	G	5975	1066	7041	0.00010
Gracilibacillus	74385	G	5904	368	6272	0.00009
Cytobacillus	2675230	G	4521	1382	5903	0.00008
Heyndrickxia	2837504	G	4265	1687	5952	0.00008
Sutcliffiella	2837511	G	3967	450	4417	0.00006
Alkalihalobacillus	2675234	G	3434	304	3738	0.00005
Mesobacillus	2675231	G	3164	350	3514	0.00005
Terribacillus	459532	G	3041	144	3185	0.00004
Halobacillus	45667	G	2935	257	3192	0.00004
Amphibacillus	29331	G	2600	340	2940	0.00004
Alkalihalophilus	2893060	G	2522	394	2916	0.00004
Rossellomorea	2837508	G	2313	252	2565	0.00004
Shouchella	2893057	G	1808	195	2003	0.00003
Caldifermentibacillus	3034001	G	1723	13267	14990	0.00020
Pseudobacillus	108525	G	1600	626	2226	0.00003
Pontibacillus	289201	G	1570	39	1609	0.00002
Cerasibacillus	227864	G	1418	215	1633	0.00002
Ornithinibacillus	484508	G	1333	228	1561	0.00002
Pradoshia	2651279	G	1278	110	1388	0.00002
Anaerobacillus	704093	G	1177	131	1308	0.00002
Fervidibacillus	3033930	G	1168	104	1272	0.00002
Paraliobacillus	200903	G	1141	61	1202	0.00002
Lentibacillus	175304	G	1139	51	1190	0.00002
Tepidibacillus	1494427	G	1131	74	1205	0.00002
Radiobacillus	2785518	G	1004	82	1086	0.00001
Paraperibacillus	3450404	G	935	84	1019	0.00001
Salipaludibacillus	1884449	G	914	39	953	0.00001
Gottfriedia	2837503	G	798	64	862	0.00001
Alkalicoccus	2005375	G	742	28	770	0.00001
Salisediminibacterium	1434042	G	728	38	766	0.00001
Lederbergia	2804231	G	707	33	740	0.00001
Aciduricibacillus	3158337	G	693	62	755	0.00001
Ectobacillus	2837502	G	684	59	743	0.00001
Sediminibacillus	482460	G	677	50	727	0.00001
Caldalkalibacillus	379065	G	649	364	1013	0.00001
Salicibibacter	2685905	G	621	1	622	0.00001
Robertmurraya	2837507	G	562	87	649	0.00001
Domibacillus	1433999	G	561	76	637	0.00001
Halalkalibacter	2893056	G	413	112	525	0.00001
Schinkia	2837509	G	390	35	425	0.00001
Salimicrobium	351195	G	292	20	312	0.00000
Aeribacillus	1055323	G	276	1737	2013	0.00003
Paenalkalicoccus	2944627	G	250	141	391	0.00001
Evansella	2837485	G	112	7	119	0.00000
Halalkalibacterium (ex Joshi et al. 2022)	2893055	G	101	10	111	0.00000
Falsibacillus	1270155	G	79	7	86	0.00000
Siminovitchia	2837510	G	71	5	76	0.00000
Allobacillus	1400133	G	63	3	66	0.00000
Mangrovibacillus	2920444	G	47	5	52	0.00000
Alkalibacillus	331654	G	20	0	20	0.00000
Caldibacillus	1276290	G	14	542	556	0.00001
Paenibacillus	44249	G	133055	4322	137377	0.00188
Brevibacillus	55080	G	7529	277	7806	0.00011
Aneurinibacillus	55079	G	2723	68	2791	0.00004
Cohnella	329857	G	1434	35	1469	0.00002
Pristimantibacillus (SeqCode)	2994560	G	846	48	894	0.00001
Thermobacillus	76632	G	344	11	355	0.00000
Saccharibacillus	456492	G	41	1	42	0.00000
Staphylococcus	1279	G	35197	5660	40857	0.00056
Mammaliicoccus	2803850	G	6366	596	6962	0.00010
Macrococcus	69965	G	4283	777	5060	0.00007
Macrococcoides	3076173	G	1529	504	2033	0.00003
Nosocomiicoccus	489909	G	1390	139	1529	0.00002
Jeotgalicoccus	227979	G	398	16	414	0.00001
Salinicoccus	45669	G	307	17	324	0.00000
Sporosarcina	1569	G	12742	1271	14013	0.00019
Planococcus	1372	G	5141	320	5461	0.00007
Ureibacillus	160795	G	4298	3173	7471	0.00010
Solibacillus	648800	G	3319	407	3726	0.00005
Rummeliibacillus	648802	G	3038	439	3477	0.00005
Paenisporosarcina	651660	G	2442	484	2926	0.00004
Kurthia	1649	G	1506	402	1908	0.00003
Chryseomicrobium	889388	G	650	183	833	0.00001
Viridibacillus	496496	G	154	22	176	0.00000
Metasolibacillus	2703677	G	104	35	139	0.00000
Jeotgalibacillus	157226	G	98	16	114	0.00000
Listeria	1637	G	10610	2145	12755	0.00017
Paenilisteria	3373705	G	2520	82	2602	0.00004
Brochothrix	2755	G	1130	124	1254	0.00002
Parageobacillus	1906945	G	1788	903	2691	0.00004
Anoxybacillus	150247	G	1620	359	1979	0.00003
Geobacillus	129337	G	1326	1056	2382	0.00003
Thermaerobacillus	3390020	G	739	175	914	0.00001
Saccharococcus	29395	G	39	20	59	0.00000
Anoxybacteroides	3389905	G	39	4	43	0.00000
Alicyclobacillus	29330	G	2118	4	2122	0.00003
Fodinisporobacter	3156481	G	911	10	921	0.00001
Tumebacillus	432330	G	493	7	500	0.00001
Effusibacillus	1502725	G	96	0	96	0.00000
Kyrpidia	1129704	G	18	0	18	0.00000
Gemella	1378	G	3230	400	3630	0.00005
Guptibacillus	3421338	G	2840	1002	3842	0.00005
Exiguobacterium	33986	G	2768	110	2878	0.00004
Fictibacillus	1329200	G	1578	272	1850	0.00003
Pseudalkalibacillus	2893058	G	406	59	465	0.00001
Sporolactobacillus	2077	G	1729	46	1775	0.00002
Pullulanibacillus	475230	G	157	10	167	0.00000
Laceyella	292635	G	1336	38	1374	0.00002
Kroppenstedtia	1274351	G	119	2	121	0.00000
Polycladomyces	1348505	G	29	0	29	0.00000
Thermoactinomyces	2023	G	27	1	28	0.00000
Novibacillus	1677050	G	15	1	16	0.00000
Staphylospora	2689589	G	10	0	10	0.00000
Abyssicoccus	1955413	G	100	62	162	0.00000
Hoskinsella	3681505	G	391116	118511	509627	0.00696
Amedibacterium	2749267	G	102941	22536	125477	0.00171
Longicatena	1918536	G	92525	32459	124984	0.00171
Erysipelothrix	1647	G	25314	160	25474	0.00035
Allocoprobacillus	3059504	G	12066	860	12926	0.00018
Solobacterium	123375	G	3459	1152	4611	0.00006
Intestinibaculum	2679910	G	2809	32	2841	0.00004
Holdemania	61170	G	2104	313	2417	0.00003
Allobaculum	174708	G	1923	38	1961	0.00003
Bulleidia	118747	G	1788	142	1930	0.00003
Massilimicrobiota	1924110	G	1026	5620	6646	0.00009
Faecalibaculum	1729679	G	740	63	803	0.00001
Thomasclavelia	3025755	G	28452	1213	29665	0.00041
Tannockella	2943184	G	9918	105	10023	0.00014
Faecalibacillus	2678885	G	9339	1372	10711	0.00015
Catenibacterium	135858	G	7863	172	8035	0.00011
Turicibacter	191303	G	11663	198	11861	0.00016
Clostridium	1485	G	217499	21956	239455	0.00327
Lactonifactor	420345	G	2900	378	3278	0.00004
Crassaminicella	1848399	G	2778	55	2833	0.00004
Haloimpatiens	1755832	G	2465	232	2697	0.00004
Caloramator	44258	G	1939	89	2028	0.00003
Wukongibacter	1884926	G	1225	6	1231	0.00002
Candidatus Neoarthromitus	49082	G	870	5	875	0.00001
Hathewaya	1769729	G	739	59	798	0.00001
Sarcina	1266	G	165	15	180	0.00000
Oceanirhabdus	1434026	G	164	2	166	0.00000
Proteiniclasticum	1155385	G	60	3	63	0.00000
Ruminococcus	1263	G	7323	741	8064	0.00011
Paludihabitans	2038676	G	4252	26	4278	0.00006
Faecalibacterium	216851	G	2998	470	3468	0.00005
Caproicibacterium	2834348	G	2685	783	3468	0.00005
Ruminiclostridium	1508657	G	2379	400	2779	0.00004
Petroclostridium	2304687	G	1671	28	1699	0.00002
Flavonifractor	946234	G	1056	187	1243	0.00002
Hominenteromicrobium	3073575	G	849	425	1274	0.00002
Anaerotruncus	244127	G	741	242	983	0.00001
Amygdalobacter	3079925	G	731	35	766	0.00001
Owariibacterium	3393728	G	720	223	943	0.00001
Acidaminobacterium	3570270	G	617	2	619	0.00001
Mageeibacillus	1637257	G	468	57	525	0.00001
Thermocaproicibacter	3048127	G	351	138	489	0.00001
Bengtsoniella	3389389	G	333	4	337	0.00000
Thermoclostridium	2304691	G	228	38	266	0.00000
Solibaculum	2842531	G	198	52	250	0.00000
Ruthenibacterium	1905344	G	193	21	214	0.00000
Ethanoligenens	253238	G	149	18	167	0.00000
Pusillibacter	2892397	G	105	23	128	0.00000
Dysosmobacter	2591381	G	100	196	296	0.00000
Pseudoflavonifractor	1017280	G	89	10	99	0.00000
Subdoligranulum	292632	G	83	10	93	0.00000
Fastidiosipila	236752	G	65	7	72	0.00000
Vescimonas	2892396	G	58	21	79	0.00000
Oscillibacter	459786	G	52	48	100	0.00000
Lawsonibacter	2172004	G	49	4	53	0.00000
Eubacterium	1730	G	9233	2377	11610	0.00016
Acetobacterium	33951	G	2284	28	2312	0.00003
Anaerofustis	264995	G	429	24	453	0.00001
Alkalibacter	274470	G	104	0	104	0.00000
Pseudoramibacter	113286	G	42	0	42	0.00000
Desulfitobacterium	36853	G	4042	86	4128	0.00006
Desulfosporosinus	79206	G	2291	22	2313	0.00003
Dehalobacter	56112	G	389	61	450	0.00001
Syntrophobotulus	51196	G	139	0	139	0.00000
Desulforamulus	2916693	G	1137	115	1252	0.00002
Acididesulfobacillus	2924872	G	708	6	714	0.00001
Dehalobacterium	51514	G	481	96	577	0.00001
Thermanaerosceptrum	2651578	G	357	5	362	0.00000
Candidatus Formimonas	2840454	G	214	0	214	0.00000
Phosphitispora	2903061	G	83	13	96	0.00000
Desulfofarcimen	2282742	G	46	0	46	0.00000
Desulfofundulus	2282741	G	43	0	43	0.00000
Caproiciproducens	1738645	G	1860	510	2370	0.00003
Caproicibacter	2576755	G	262	395	657	0.00001
Acutalibacter	1918385	G	189	9	198	0.00000
Sulfobacillus	28033	G	559	0	559	0.00001
Thermaerobacter	73918	G	108	0	108	0.00000
Proteiniborus	415014	G	590	63	653	0.00001
Fenollaria	1686313	G	558	4	562	0.00001
Flintibacter	1918454	G	148	17	165	0.00000
Intestinimonas	1392389	G	106	15	121	0.00000
Levyella	1715798	G	88	4	92	0.00000
Alkalicella	2838170	G	1546	6	1552	0.00002
Proteinivorax	1491776	G	360	0	360	0.00000
Desulfoscipio	2867376	G	1797	14	1811	0.00002
Tianxiuia	3680000	G	1002	4	1006	0.00001
Helicovermis	3136917	G	695	2	697	0.00001
Fusibacter	76008	G	73	0	73	0.00000
Agathobaculum	2048137	G	486	342	828	0.00001
Butyricicoccus	580596	G	229	45	274	0.00000
Syntrophomonas	862	G	415	96	511	0.00001
Candidatus Syntrophocurvum	2293313	G	147	0	147	0.00000
Syntrophothermus	129001	G	19	0	19	0.00000
Heliorestis	79598	G	226	0	226	0.00000
Heliomicrobium	2831443	G	10	0	10	0.00000
Aristaeella	3046369	G	170	0	170	0.00000
Symbiobacterium	2733	G	47	0	47	0.00000
Caldinitratiruptor	1006480	G	13	0	13	0.00000
Desulfotomaculum	1562	G	25	13	38	0.00000
Thermincola	278993	G	14	0	14	0.00000
Blautia	572511	G	44037	11463	55500	0.00076
Mediterraneibacter	2316020	G	19068	6403	25471	0.00035
Anaerocolumna	1843210	G	17590	52	17642	0.00024
Lacrimispora	2719231	G	16846	199	17045	0.00023
Roseburia	841	G	13026	2392	15418	0.00021
Lachnoclostridium	1506553	G	10998	1166	12164	0.00017
Anaerostipes	207244	G	10991	1156	12147	0.00017
Kineothrix	2163168	G	6300	69	6369	0.00009
Sellimonas	1769710	G	5732	729	6461	0.00009
Dorea	189330	G	5694	2407	8101	0.00011
Hungatella	1649459	G	5400	1119	6519	0.00009
Enterocloster	2719313	G	5319	869	6188	0.00008
Eisenbergiella	1432051	G	5230	1120	6350	0.00009
Butyrivibrio	830	G	4627	24	4651	0.00006
Faecalimonas	2005355	G	4156	1918	6074	0.00008
Otoolea	2941495	G	3149	509	3658	0.00005
Chakrabartyella	3088373	G	3124	221	3345	0.00005
Anaerobutyricum	2569097	G	2964	811	3775	0.00005
Anaeromicropila	3024823	G	2907	19	2926	0.00004
Novisyntrophococcus	2888809	G	2771	170	2941	0.00004
Claveliimonas	3076670	G	2275	215	2490	0.00003
Marvinbryantia	248744	G	2014	120	2134	0.00003
Pseudobutyrivibrio	46205	G	1854	35	1889	0.00003
Allocoprococcus	3569723	G	1822	945	2767	0.00004
Lachnoanaerobaculum	1164882	G	1772	26	1798	0.00002
Herbinix	1663717	G	1627	517	2144	0.00003
Wansuia	2944198	G	949	55	1004	0.00001
Qiania	2944195	G	911	90	1001	0.00001
Simiaoa	2944193	G	895	260	1155	0.00002
Jutongia	2944194	G	814	71	885	0.00001
Tyzzerella	1506577	G	744	37	781	0.00001
Agathobacter	1766253	G	726	350	1076	0.00001
Hominifimenecus	3073585	G	605	1	606	0.00001
Eshraghiella	3342669	G	583	157	740	0.00001
Coprococcus	33042	G	564	90	654	0.00001
Anaeropeptidivorans	2997360	G	506	3	509	0.00001
Lachnospira	28050	G	431	36	467	0.00001
Candidatus Epulonipiscium	2383	G	357	17	374	0.00001
Wujia	2944152	G	310	95	405	0.00001
Chordicoccus	3031933	G	239	7	246	0.00000
Stomatobaculum	1213720	G	159	2	161	0.00000
Sporofaciens	2811390	G	50	0	50	0.00000
Vallitalea	1348611	G	2799	30	2829	0.00004
Petrocella	2603323	G	246	9	255	0.00000
Cellulosilyticum	698776	G	1320	45	1365	0.00002
Anaerotignum	2039240	G	795	297	1092	0.00001
Defluviitalea	1185408	G	292	131	423	0.00001
Clostridioides	1870884	G	22281	1754	24035	0.00033
Terrisporobacter	1505652	G	7702	261	7963	0.00011
Romboutsia	1501226	G	5410	594	6004	0.00008
Paraclostridium	1849822	G	4949	203	5152	0.00007
Peptacetobacter	2743582	G	3864	197	4061	0.00006
Intestinibacter	1505657	G	912	88	1000	0.00001
Faecalimicrobium	3120164	G	682	76	758	0.00001
Peptostreptococcus	1257	G	432	16	448	0.00001
Tepidibacter	214904	G	379	3	382	0.00001
Aminipila	2060094	G	3338	287	3625	0.00005
Emergencia	1926556	G	2501	132	2633	0.00004
Sinanaerobacter	2886866	G	1584	23	1607	0.00002
Ihubacter	1926667	G	911	32	943	0.00001
Anoxybacterium	3408579	G	858	4	862	0.00001
Mogibacterium	86331	G	487	37	524	0.00001
Alkaliphilus	114627	G	2385	25	2410	0.00003
Andreesenella	3685825	G	406	1	407	0.00001
Serpentinicella	1890059	G	179	0	179	0.00000
Acetoanaerobium	186831	G	817	6	823	0.00001
Filifactor	44259	G	343	59	402	0.00001
Geosporobacter	390805	G	568	11	579	0.00001
Caminicella	166484	G	172	3	175	0.00000
Peptoclostridium	1481960	G	60	1	61	0.00000
Thermoanaerobacterium	28895	G	1935	50	1985	0.00003
Thermoanaerobacter	1754	G	1041	2	1043	0.00001
Aceticella	3051499	G	415	5	420	0.00001
Thermacetogenium	140458	G	137	14	151	0.00000
Caldanaerobacter	249529	G	62	7	69	0.00000
Desulfothermobacter	2079011	G	50	0	50	0.00000
Carboxydothermus	129957	G	28	0	28	0.00000
Candidatus Desulforudis	471826	G	166	0	166	0.00000
Neomoorella	44260	G	1149	0	1149	0.00002
Thermanaeromonas	202949	G	31	0	31	0.00000
Zhaonella	2748674	G	674	3	677	0.00001
Metallumcola	3234175	G	54	0	54	0.00000
Halanaerobium	2330	G	856	2	858	0.00001
Iocasia	2899804	G	262	161	423	0.00001
Halocella	46466	G	57	33	90	0.00000
Natroniella	52003	G	147	0	147	0.00000
Halobacteroides	42417	G	84	0	84	0.00000
Acetohalobium	28186	G	79	0	79	0.00000
Anoxybacter	1769008	G	59	0	59	0.00000
Halothermothrix	32636	G	48	0	48	0.00000
Christensenella	990721	G	1416	103	1519	0.00002
Biomaibacter	2770094	G	715	0	715	0.00001
Tepidanaerobacter	499228	G	115	0	115	0.00000
Thermosediminibacter	291988	G	54	0	54	0.00000
Acetivibrio	35829	G	481	73	554	0.00001
Monoglobus	2039302	G	453	83	536	0.00001
Natranaerofaba	2807497	G	193	0	193	0.00000
Natranaerobius	375928	G	26	0	26	0.00000
Mahella	252965	G	193	8	201	0.00000
Koleobacter	2786989	G	51	0	51	0.00000
Megamonas	158846	G	4398	36	4434	0.00006
Selenomonas	970	G	2135	8	2143	0.00003
Pectinatus	864	G	359	3	362	0.00000
Mitsuokella	52225	G	106	3	109	0.00000
Sporomusa	2375	G	3689	43	3732	0.00005
Pelosinus	365348	G	1688	11	1699	0.00002
Anaerosinus	151037	G	1269	13	1282	0.00002
Methylomusa	2093783	G	91	0	91	0.00000
Megasphaera	906	G	1133	24	1157	0.00002
Veillonella	29465	G	1101	11	1112	0.00002
Dialister	39948	G	409	9	418	0.00001
Phascolarctobacterium	33024	G	2081	19	2100	0.00003
Acidaminococcus	904	G	251	7	258	0.00000
Helcococcus	31983	G	2746	156	2902	0.00004
Anaerococcus	165779	G	2193	114	2307	0.00003
Parvimonas	543311	G	967	42	1009	0.00001
Microaceticoccus	3421489	G	935	2	937	0.00001
Peptoniphilus	162289	G	472	81	553	0.00001
Finegoldia	150022	G	232	36	268	0.00000
Aedoeadaptatus	2981628	G	198	3	201	0.00000
Miniphocaeibacter	2126548	G	152	0	152	0.00000
Murdochiella	1161127	G	19	4	23	0.00000
Tissierella	41273	G	2945	10	2955	0.00004
Gudongella	2692382	G	102	1	103	0.00000
Sporanaerobacter	165812	G	2280	54	2334	0.00003
Keratinibaculum	1354809	G	582	15	597	0.00001
Schnuerera	2794837	G	67	1	68	0.00000
Acidilutibacter	2992720	G	260	13	273	0.00000
Gottschalkia	1505664	G	152	0	152	0.00000
Caloranaerobacter	171003	G	110	1	111	0.00000
Sedimentibacter	190972	G	1330	5	1335	0.00002
Ezakiella	1582879	G	423	153	576	0.00001
Caldicellulosiruptor	44000	G	2698	19	2717	0.00004
Candidatus Contubernalis	338648	G	234	0	234	0.00000
Geochorda	3366854	G	28	8	36	0.00000
Limnochorda	1676651	G	22	37	59	0.00000
Microbacterium	33882	G	522505	48701	571206	0.00781
Curtobacterium	2034	G	6469	385	6854	0.00009
Leucobacter	55968	G	6066	592	6658	0.00009
Agromyces	33877	G	5000	340	5340	0.00007
Leifsonia	110932	G	4829	316	5145	0.00007
Cryobacterium	69578	G	2659	59	2718	0.00004
Rathayibacter	33886	G	2306	89	2395	0.00003
Clavibacter	1573	G	1916	192	2108	0.00003
Mycetocola	76634	G	1869	55	1924	0.00003
Microcella	337004	G	1836	187	2023	0.00003
Salinibacterium	235888	G	1414	55	1469	0.00002
Herbiconiux	881616	G	1398	72	1470	0.00002
Agrococcus	46352	G	1315	139	1454	0.00002
Plantibacter	190323	G	925	21	946	0.00001
Microterricola	518733	G	746	42	788	0.00001
Frondihabitans	447237	G	703	21	724	0.00001
Lysinibacter	1857011	G	680	9	689	0.00001
Paramicrobacterium	3110364	G	653	31	684	0.00001
Protaetiibacter	2680004	G	621	50	671	0.00001
Frigoribacterium	96492	G	584	34	618	0.00001
Rhodoluna	529883	G	324	4	328	0.00000
Aquiluna	529881	G	215	2	217	0.00000
Gulosibacter	256818	G	459	73	532	0.00001
Cnuibacter	1759331	G	439	39	478	0.00001
Subtercola	120212	G	408	6	414	0.00001
Diaminobutyricimonas	1433997	G	367	15	382	0.00001
Gryllotalpicola	1195526	G	363	16	379	0.00001
Lacisediminihabitans	2740558	G	276	7	283	0.00000
Glaciihabitans	1649454	G	270	7	277	0.00000
Orlajensenia	3440766	G	261	13	274	0.00000
Okibacterium	196084	G	260	18	278	0.00000
Humibacter	427753	G	238	41	279	0.00000
Marisediminicola	1230698	G	208	7	215	0.00000
Homoserinibacter	1649457	G	182	13	195	0.00000
Antiquaquibacter	3108736	G	173	3	176	0.00000
Ruicaihuangia	3137419	G	163	7	170	0.00000
Aurantimicrobium	1705353	G	135	1	136	0.00000
Naasia	1434022	G	134	6	140	0.00000
Homoserinimonas	1434009	G	134	5	139	0.00000
Agreia	110934	G	117	4	121	0.00000
Humidisolicoccus	3425211	G	104	2	106	0.00000
Arthrobacter	1663	G	21940	4638	26578	0.00036
Pseudarthrobacter	1742993	G	3821	1207	5028	0.00007
Glutamicibacter	1742989	G	2932	384	3316	0.00005
Rothia	32207	G	2199	293	2492	0.00003
Kocuria	57493	G	2153	383	2536	0.00003
Sinomonas	596707	G	1748	56	1804	0.00002
Paenarthrobacter	1742992	G	1721	1072	2793	0.00004
Micrococcus	1269	G	1058	261	1319	0.00002
Citricoccus	169133	G	972	349	1321	0.00002
Crystallibacter	3456524	G	247	27	274	0.00000
Neomicrococcus	1868332	G	229	28	257	0.00000
Renibacterium	1645	G	211	6	217	0.00000
Nesterenkonia	57494	G	185	0	185	0.00000
Auritidibacter	1160973	G	175	6	181	0.00000
Psychromicrobium	2078575	G	155	4	159	0.00000
Zhihengliuella	370735	G	153	242	395	0.00001
Paeniglutamicibacter	1742990	G	145	13	158	0.00000
Pseudoglutamicibacter	1742991	G	137	151	288	0.00000
Cellulomonas	1707	G	28881	3282	32163	0.00044
Paraoerskovia	665568	G	1858	228	2086	0.00003
Oerskovia	162491	G	1771	346	2117	0.00003
Actinotalea	458839	G	1087	291	1378	0.00002
Pseudactinotalea	1926259	G	543	22	565	0.00001
Cellulosimicrobium	157920	G	7086	1314	8400	0.00011
Isoptericola	254250	G	3148	869	4017	0.00005
Xylanimonas	186188	G	2545	389	2934	0.00004
Promicromonospora	43676	G	1551	114	1665	0.00002
Janibacter	53457	G	2263	437	2700	0.00004
Arsenicicoccus	267408	G	738	92	830	0.00001
Pedococcus	2805645	G	636	77	713	0.00001
Knoellia	136099	G	565	46	611	0.00001
Oryzobacter	1849973	G	545	100	645	0.00001
Phycicoccus	367298	G	521	230	751	0.00001
Terrabacter	53355	G	487	77	564	0.00001
Intrasporangium	53357	G	354	27	381	0.00001
Humibacillus	556178	G	255	32	287	0.00000
Nostocoides	99479	G	179	19	198	0.00000
Brachybacterium	43668	G	5362	456	5818	0.00008
Dermabacter	36739	G	480	300	780	0.00001
Devriesea	472568	G	391	7	398	0.00001
Helcobacillus	1161125	G	290	33	323	0.00000
Brevibacterium	1696	G	5198	754	5952	0.00008
Saxibacter	3162691	G	260	5	265	0.00000
Sanguibacter	60919	G	4692	406	5098	0.00007
Pengzhenrongella	2888818	G	3093	253	3346	0.00005
Luteimicrobium	754249	G	859	122	981	0.00001
Timonella	1465824	G	251	19	270	0.00000
Ornithinimicrobium	125287	G	2820	228	3048	0.00004
Serinicoccus	265976	G	616	82	698	0.00001
Ruania	626119	G	1908	94	2002	0.00003
Occultella	2828348	G	776	86	862	0.00001
Demequina	577469	G	2509	214	2723	0.00004
Beutenbergia	84756	G	1300	83	1383	0.00002
Miniimonas	947525	G	660	386	1046	0.00001
Dermacoccus	57495	G	414	74	488	0.00001
Yimella	908935	G	337	19	356	0.00000
Allobranchiibius	2040262	G	291	13	304	0.00000
Barrientosiimonas	1535207	G	246	66	312	0.00000
Luteipulveratus	745364	G	89	3	92	0.00000
Jonesia	43673	G	496	47	543	0.00001
Kytococcus	57499	G	494	103	597	0.00001
Gephyromycinifex	2885697	G	231	6	237	0.00000
Austwickia	1184606	G	153	4	157	0.00000
Dermatophilus	1862	G	104	2	106	0.00000
Tropheryma	2038	G	19	0	19	0.00000
Rhodococcus	1827	G	272067	15200	287267	0.00393
Nocardia	1817	G	11667	314	11981	0.00016
Prescottella	2979332	G	829	68	897	0.00001
Rhodococcoides	3259750	G	508	92	600	0.00001
Williamsia	85043	G	308	9	317	0.00000
Mycobacteroides	670516	G	91456	5271	96727	0.00132
Mycolicibacterium	1866885	G	12643	858	13501	0.00018
Mycobacterium	1763	G	10930	437	11367	0.00016
Mycolicibacter	1073531	G	1264	82	1346	0.00002
Mycolicibacillus	2126281	G	294	20	314	0.00000
Corynebacterium	1716	G	39497	7083	46580	0.00064
Gordonia	2053	G	5259	299	5558	0.00008
Skermania	59613	G	70	1	71	0.00000
Dietzia	37914	G	4853	512	5365	0.00007
Tsukamurella	2060	G	497	22	519	0.00001
Tomitella	741759	G	362	15	377	0.00001
Hoyosella	697025	G	32	0	32	0.00000
Segniliparus	286801	G	23	0	23	0.00000
Lawsonella	1847725	G	12	0	12	0.00000
Streptomyces	1883	G	100030	6323	106353	0.00145
Kitasatospora	2063	G	4129	910	5039	0.00007
Embleya	2699295	G	776	33	809	0.00001
Streptacidiphilus	228398	G	733	103	836	0.00001
Actinacidiphila	2995702	G	489	88	577	0.00001
Peterkaempfera	2995704	G	316	35	351	0.00000
Yinghuangia	2805681	G	133	7	140	0.00000
Streptantibioticus	2995706	G	121	17	138	0.00000
Carbonactinospora	2864378	G	116	10	126	0.00000
Nocardioides	1839	G	10652	1061	11713	0.00016
Aeromicrobium	2040	G	2352	199	2551	0.00003
Mumia	1546255	G	540	38	578	0.00001
Friedmanniella	53387	G	445	56	501	0.00001
Solicola	3024237	G	414	19	433	0.00001
Pimelobacter	2044	G	235	90	325	0.00000
Micropruina	116071	G	17	5	22	0.00000
Tessaracoccus	72763	G	2875	437	3312	0.00005
Cutibacterium	1912216	G	1268	220	1488	0.00002
Propioniciclava	1085622	G	1075	441	1516	0.00002
Microlunatus	29404	G	942	60	1002	0.00001
Raineyella	1911549	G	815	80	895	0.00001
Acidipropionibacterium	1912215	G	318	81	399	0.00001
Arachnia	2801844	G	309	8	317	0.00000
Auraticoccus	1278221	G	306	29	335	0.00000
Propionibacterium	1743	G	284	449	733	0.00001
Ammonicoccus	3417658	G	200	106	306	0.00000
Luteococcus	33983	G	175	8	183	0.00000
Propionimicrobium	203133	G	106	5	111	0.00000
Naumannella	1294511	G	53	11	64	0.00000
Brooklawnia	369926	G	24	5	29	0.00000
Kribbella	182639	G	5037	288	5325	0.00007
Actinopolymorpha	117156	G	127	4	131	0.00000
Micromonospora	1873	G	10592	1000	11592	0.00016
Actinoplanes	1865	G	4265	212	4477	0.00006
Dactylosporangium	35753	G	4171	156	4327	0.00006
Actinocatenispora	390988	G	1009	32	1041	0.00001
Plantactinospora	673534	G	645	46	691	0.00001
Catellatospora	53365	G	294	24	318	0.00000
Solwaraspora	265431	G	248	12	260	0.00000
Couchioplanes	56433	G	231	27	258	0.00000
Phytohabitans	907364	G	230	9	239	0.00000
Polymorphospora	338583	G	223	21	244	0.00000
Natronosporangium	2920401	G	178	3	181	0.00000
Salinispora	168694	G	99	6	105	0.00000
Longispora	203522	G	69	3	72	0.00000
Paractinoplanes	3240234	G	44	0	44	0.00000
Krasilnikovia	349312	G	28	2	30	0.00000
Amycolatopsis	1813	G	5609	241	5850	0.00008
Pseudonocardia	1847	G	2652	175	2827	0.00004
Saccharopolyspora	1835	G	1472	109	1581	0.00002
Actinomycetospora	402649	G	1252	64	1316	0.00002
Actinosynnema	40566	G	1246	201	1447	0.00002
Umezawaea	583360	G	1131	85	1216	0.00002
Saccharomonospora	1851	G	1072	40	1112	0.00002
Lentzea	165301	G	1011	65	1076	0.00001
Saccharothrix	2071	G	867	93	960	0.00001
Actinokineospora	39845	G	771	84	855	0.00001
Kutzneria	43356	G	738	49	787	0.00001
Allokutzneria	1137960	G	418	38	456	0.00001
Actinoalloteichus	65496	G	347	12	359	0.00000
Kibdelosporangium	2029	G	274	11	285	0.00000
Salinifilum	2040254	G	153	49	202	0.00000
Prauserella	142577	G	137	3	140	0.00000
Crossiella	130795	G	132	12	144	0.00000
Allosaccharopolyspora	2893576	G	129	14	143	0.00000
Alloactinosynnema	674734	G	98	15	113	0.00000
Nonomuraea	83681	G	3484	297	3781	0.00005
Streptosporangium	2000	G	3013	376	3389	0.00005
Microbispora	2005	G	1483	163	1646	0.00002
Thermobispora	147067	G	287	13	300	0.00000
Microtetraspora	1995	G	226	35	261	0.00000
Sphaerisporangium	321315	G	189	18	207	0.00000
Sphaerimonospora	1792303	G	148	13	161	0.00000
Actinomadura	1988	G	1210	186	1396	0.00002
Actinoallomurus	667113	G	618	48	666	0.00001
Spirillospora	58122	G	276	56	332	0.00000
Thermomonospora	2019	G	163	19	182	0.00000
Nocardiopsis	2013	G	987	154	1141	0.00002
Streptomonospora	104204	G	226	29	255	0.00000
Thermobifida	83677	G	178	9	187	0.00000
Spiractinospora	2913367	G	124	1	125	0.00000
Actinomyces	1654	G	4434	230	4664	0.00006
Schaalia	2529408	G	1628	106	1734	0.00002
Trueperella	1069494	G	1113	347	1460	0.00002
Flaviflexus	1522056	G	646	52	698	0.00001
Arcanobacterium	28263	G	640	55	695	0.00001
Gleimia	2692113	G	270	153	423	0.00001
Nanchangia	2888879	G	253	3	256	0.00000
Buchananella	2767323	G	148	6	154	0.00000
Actinobaculum	76833	G	131	2	133	0.00000
Actinotignum	1653174	G	116	21	137	0.00000
Scrofimicrobium	2815785	G	111	0	111	0.00000
Winkia	2692118	G	90	73	163	0.00000
Changpingibacter	2912996	G	81	23	104	0.00000
Mobiluncus	2050	G	81	12	93	0.00000
Pauljensenia	2740557	G	29	7	36	0.00000
Varibaculum	184869	G	22	3	25	0.00000
Boudabousia	2767318	G	18	0	18	0.00000
Bifidobacterium	1678	G	6585	249	6834	0.00009
Gardnerella	2701	G	626	52	678	0.00001
Bombiscardovia	1159909	G	362	14	376	0.00001
Scardovia	196081	G	105	6	111	0.00000
Parascardovia	196082	G	80	8	88	0.00000
Alloscardovia	419014	G	17	0	17	0.00000
Georgenia	154116	G	3982	694	4676	0.00006
Modestobacter	88138	G	674	87	761	0.00001
Geodermatophilus	1860	G	575	82	657	0.00001
Blastococcus	38501	G	398	56	454	0.00001
Pseudofrankia	2994363	G	796	26	822	0.00001
Frankia	1854	G	324	10	334	0.00000
Protofrankia	2994361	G	129	14	143	0.00000
Parafrankia	2994362	G	81	3	84	0.00000
Jatrophihabitans	1434010	G	770	18	788	0.00001
Nakamurella	53460	G	737	23	760	0.00001
Jiangella	281472	G	528	22	550	0.00001
Candidatus Planktophila	622681	G	275	1	276	0.00000
Candidatus Nanopelagicus	2039639	G	211	1	212	0.00000
Stackebrandtia	283810	G	395	5	400	0.00001
Natronoglycomyces	2838311	G	47	0	47	0.00000
Kineococcus	33981	G	314	26	340	0.00000
Angustibacter	908626	G	120	6	126	0.00000
Catenulispora	414878	G	344	16	360	0.00000
Epidermidibacterium	2078948	G	141	89	230	0.00000
Bounagaea	1931219	G	55	18	73	0.00000
Actinopolyspora	1849	G	42	0	42	0.00000
Acidothermus	28048	G	33	0	33	0.00000
Adlercreutzia	447020	G	763	26	789	0.00001
Raoultibacter	1926677	G	404	49	453	0.00001
Eggerthella	84111	G	353	6	359	0.00000
Slackia	84108	G	159	0	159	0.00000
Phoenicibacter	1981050	G	123	35	158	0.00000
Denitrobacterium	79603	G	41	11	52	0.00000
Arabiibacter	2005386	G	37	0	37	0.00000
Umbribacter	3472368	G	35	12	47	0.00000
Cryptobacterium	84162	G	17	0	17	0.00000
Berryella	2815775	G	16	0	16	0.00000
Fannyhessea	2767327	G	508	129	637	0.00001
Olsenella	133925	G	216	0	216	0.00000
Thermophilibacter	2847307	G	54	4	58	0.00000
Atopobium	1380	G	35	0	35	0.00000
Parolsenella	2082587	G	22	18	40	0.00000
Collinsella	102106	G	302	93	395	0.00001
Enorma	1472762	G	20	3	23	0.00000
Leptogranulimonas	2995122	G	10	0	10	0.00000
Aquihabitans	1648491	G	322	20	342	0.00000
Iamia	467975	G	107	5	112	0.00000
Actinospongiicola	3449744	G	48	4	52	0.00000
Dermatobacter	3075137	G	32	0	32	0.00000
Actinomarinicola	2789775	G	25	2	27	0.00000
Candidatus Poriferisodalis	2983190	G	167	6	173	0.00000
Candidatus Poriferisocius	2983186	G	120	11	131	0.00000
Acidimicrobium	53634	G	86	0	86	0.00000
Ilumatobacter	682522	G	86	1	87	0.00000
Salinilacustrithrix	3436875	G	63	11	74	0.00000
Candidatus Spongiisocius	2983163	G	12	0	12	0.00000
Conexibacter	191494	G	195	13	208	0.00000
Baekduia	2600304	G	152	8	160	0.00000
Svornostia	3231543	G	33	1	34	0.00000
Paraconexibacter	2758920	G	136	5	141	0.00000
Capillimicrobium	2976759	G	87	5	92	0.00000
Miltoncostaea	2843200	G	34	0	34	0.00000
Thermoleophilum	192992	G	22	1	23	0.00000
Rubrobacter	42255	G	153	0	153	0.00000
Egicoccus	1755825	G	58	1	59	0.00000
Euzebya	908623	G	56	2	58	0.00000
Egibacter	1747770	G	13	0	13	0.00000
Spiroplasma	2132	G	10162	93	10255	0.00014
Mesoplasma	46239	G	1717	67	1784	0.00002
Williamsoniiplasma	2919614	G	67	1	68	0.00000
Mycoplasma	2093	G	5222	210	5432	0.00007
Candidatus Hepatoplasma	295595	G	140	3	143	0.00000
Acholeplasma	2147	G	2038	16	2054	0.00003
Mariniplasma	2903100	G	1343	3	1346	0.00002
Candidatus Phytoplasma	33926	G	573	12	585	0.00001
Haploplasma	2903106	G	444	2	446	0.00001
Candidatus Izemoplasma	2975549	G	1653	2	1655	0.00002
Candidatus Xianfuyuplasma	2975521	G	679	7	686	0.00001
Hujiaoplasma	3078171	G	118	6	124	0.00000
Mycoplasmopsis	2767358	G	3327	123	3450	0.00005
Metamycoplasma	2895509	G	1827	84	1911	0.00003
Mesomycoplasma	2923352	G	1675	43	1718	0.00002
Malacoplasma	2791001	G	1569	12	1581	0.00002
Ureaplasma	2129	G	802	0	802	0.00001
Mycoplasmoides	2995234	G	41	0	41	0.00000
Crocosphaera	263510	G	868	6	874	0.00001
Gloeothece	28070	G	685	6	691	0.00001
Candidatus Atelocyanobacterium	1453359	G	531	13	544	0.00001
Rippkaea	2546365	G	155	2	157	0.00000
Cyanobacterium	102234	G	1295	32	1327	0.00002
Geminocystis	669357	G	538	4	542	0.00001
Picosynechococcus	3079908	G	300	3	303	0.00000
Gloeocapsa	102231	G	954	26	980	0.00001
Gloeocapsopsis	693222	G	139	11	150	0.00000
Microcystis	1125	G	523	16	539	0.00001
Halothece	76023	G	145	11	156	0.00000
Euhalothece	65097	G	14	0	14	0.00000
Planktothrix	54304	G	757	10	767	0.00001
Trichodesmium	1205	G	523	1	524	0.00001
Microcoleus	44471	G	112	29	141	0.00000
Capilliphycus	2768926	G	692	11	703	0.00001
Limnospira	2596745	G	75	10	85	0.00000
Phormidium	1198	G	232	28	260	0.00000
Planktothricoides	132607	G	204	8	212	0.00000
Oxynema	1492710	G	127	3	130	0.00000
Koinonema	2023214	G	28	0	28	0.00000
Nostoc	1177	G	3205	262	3467	0.00005
Anabaena	1163	G	391	232	623	0.00001
Richelia	98443	G	70	7	77	0.00000
Cylindrospermum	56106	G	41	21	62	0.00000
Trichormus	264688	G	12	7	19	0.00000
Calothrix	1186	G	1151	18	1169	0.00002
Nodularia	159191	G	599	26	625	0.00001
Anabaenopsis	110103	G	101	6	107	0.00000
Halotia	1620790	G	95	3	98	0.00000
Aliinostoc	2035978	G	13	3	16	0.00000
Cylindrospermopsis	77021	G	431	26	457	0.00001
Dolichospermum	748770	G	123	114	237	0.00000
Sphaerospermopsis	752201	G	25	0	25	0.00000
Okeanomitos	3231549	G	18	0	18	0.00000
Chlorogloeopsis	1123	G	590	0	590	0.00001
Rivularia	373984	G	273	1	274	0.00000
Fischerella	1190	G	244	8	252	0.00000
Tolypothrix	111782	G	184	5	189	0.00000
Brasilonema	383614	G	100	1	101	0.00000
Synechococcus	1129	G	3927	66	3993	0.00005
Prochlorococcus	1218	G	2051	19	2070	0.00003
Cyanobium	167375	G	229	15	244	0.00000
Parasynechococcus	2881427	G	11	4	15	0.00000
Synechocystis	1142	G	638	15	653	0.00001
Altericista	2855430	G	50	0	50	0.00000
Acaryochloris	155977	G	1197	4	1201	0.00002
Thermosynechococcus	146785	G	474	2	476	0.00001
Parathermosynechococcus	3161592	G	15	0	15	0.00000
Pseudanabaena	1152	G	887	23	910	0.00001
Limnothrix	132605	G	337	4	341	0.00000
Thalassoporum	2799719	G	80	0	80	0.00000
Leptolyngbya	47251	G	933	159	1092	0.00001
Kovacikia	1874526	G	120	2	122	0.00000
Leptothermofonsia	2917830	G	39	1	40	0.00000
Leptodesmis	2664261	G	34	5	39	0.00000
Trichothermofontia	3045815	G	21	0	21	0.00000
Moorena	1155738	G	660	4	664	0.00001
Allocoleopsis	2886347	G	80	2	82	0.00000
Nodosilinea	1120752	G	398	22	420	0.00001
Halomicronema	170610	G	91	0	91	0.00000
Dactylococcopsis	13034	G	54	5	59	0.00000
Chroococcidiopsis	54298	G	372	16	388	0.00001
Stanieria	102115	G	248	3	251	0.00000
Pleurocapsa	44474	G	45	1	46	0.00000
Crinalium	241421	G	219	6	225	0.00000
Chamaesiphon	217161	G	18	0	18	0.00000
Thermocoleostomius	3065395	G	106	5	111	0.00000
Thermoleptolyngbya	2303528	G	69	6	75	0.00000
Egbenema	3079668	G	14	0	14	0.00000
Desertifilum	1185872	G	138	4	142	0.00000
Gloeobacter	33071	G	55	0	55	0.00000
Geitlerinema	63132	G	33	1	34	0.00000
Dehalococcoides	61434	G	1955	19	1974	0.00003
Dehalogenimonas	670486	G	176	0	176	0.00000
Chloroflexus	1107	G	799	0	799	0.00001
Roseiflexus	120961	G	113	0	113	0.00000
Candidatus Chlorohelix	3139173	G	101	0	101	0.00000
Thermobaculum	262406	G	22	0	22	0.00000
Caldilinea	233191	G	508	0	508	0.00001
Candidatus Leptofilum	3140596	G	333	0	333	0.00000
Candidatus Promineifilum	1988031	G	88	0	88	0.00000
Ktedonosporobacter	2692417	G	177	0	177	0.00000
Anaerolinea	233189	G	53	0	53	0.00000
Pelolinea	1649478	G	35	0	35	0.00000
Tepidiforma	2682228	G	19	0	19	0.00000
Thermoflexus	1495649	G	12	0	12	0.00000
Phototrophicus	2922426	G	12	0	12	0.00000
Fimbriimonas	1005038	G	117	0	117	0.00000
Capsulimonas	2494209	G	38	0	38	0.00000
Vulcanimicrobium	3016049	G	11	0	11	0.00000
Fusobacterium	848	G	14014	424	14438	0.00020
Ilyobacter	167639	G	2015	9	2024	0.00003
Cetobacterium	180162	G	1887	26	1913	0.00003
Leptotrichia	32067	G	5007	361	5368	0.00007
Sneathia	168808	G	554	7	561	0.00001
Sebaldella	32068	G	433	2	435	0.00001
Streptobacillus	34104	G	252	7	259	0.00000
Pseudoleptotrichia	2755140	G	18	1	19	0.00000
Haliovirga	3072462	G	922	6	928	0.00001
Deinococcus	1298	G	3766	3	3769	0.00005
Thermus	270	G	338	0	338	0.00000
Meiothermus	65551	G	100	0	100	0.00000
Allomeiothermus	2935559	G	17	0	17	0.00000
Marinithermus	186191	G	12	0	12	0.00000
Truepera	332248	G	27	0	27	0.00000
Thermosipho	2420	G	1200	2	1202	0.00002
Fervidobacterium	2422	G	747	2	749	0.00001
Pseudothermotoga	1643951	G	647	0	647	0.00001
Thermotoga	2335	G	207	0	207	0.00000
Defluviitoga	1511648	G	243	4	247	0.00000
Marinitoga	160798	G	230	0	230	0.00000
Oceanotoga	1255275	G	169	0	169	0.00000
Petrotoga	28236	G	129	0	129	0.00000
Tepiditoga	2778400	G	24	0	24	0.00000
Kosmotoga	651456	G	115	0	115	0.00000
Mesotoga	1184396	G	13	0	13	0.00000
Cloacibacillus	508459	G	268	1	269	0.00000
Pyramidobacter	638847	G	96	0	96	0.00000
Aminobacterium	81466	G	42	0	42	0.00000
Candidatus Chromulinivorax	2953757	G	677	0	677	0.00001
Candidatus Babela	1551504	G	13	0	13	0.00000
Candidatus Minimicrobia	2905967	G	12	1	13	0.00000
Candidatus Bipolaricaulis	2250122	G	24	0	24	0.00000
Minisyncoccus	3238478	G	20	0	20	0.00000
Fervidibacter	1448928	G	16	0	16	0.00000
Candidatus Absconditicoccus	2900570	G	11	0	11	0.00000
Allomicrovenator	2946507	G	188	0	188	0.00000
Persicimonas	2766927	G	49	0	49	0.00000
Dissulfurimicrobium	1769732	G	12	0	12	0.00000
Lathyrus	3853	G	18945	782	19727	0.00027
Vicia	3904	G	15381	463	15844	0.00022
Medicago	3877	G	7224	348	7572	0.00010
Trifolium	3898	G	4384	2510	6894	0.00009
Cicer	3826	G	6548	308	6856	0.00009
Lotus	3867	G	5017	435	5452	0.00007
Vigna	3913	G	22686	2409	25095	0.00034
Glycine	3846	G	12653	683	13336	0.00018
Cajanus	3820	G	8446	533	8979	0.00012
Phaseolus	3883	G	6231	373	6604	0.00009
Arachis	3817	G	23535	1569	25104	0.00034
Lupinus	3869	G	10974	524	11498	0.00016
Malus	3749	G	7714	1394	9108	0.00012
Pyrus	3766	G	4540	1037	5577	0.00008
Prunus	3754	G	4792	441	5233	0.00007
Rosa	3764	G	6870	386	7256	0.00010
Argentina	3131914	G	2581	1510	4091	0.00006
Fragaria	3746	G	1290	390	1680	0.00002
Humulus	3484	G	18533	3610	22143	0.00030
Cannabis	3482	G	6728	421	7149	0.00010
Ziziphus	72171	G	7754	2283	10037	0.00014
Quercus	3511	G	12153	2871	15024	0.00021
Castanea	21019	G	9252	1873	11125	0.00015
Juglans	16718	G	10415	1576	11991	0.00016
Carya	13402	G	7328	1466	8794	0.00012
Alnus	3515	G	5424	3029	8453	0.00012
Corylus	13450	G	3362	319	3681	0.00005
Hevea	3980	G	10232	422	10654	0.00015
Manihot	3982	G	5157	969	6126	0.00008
Ricinus	3987	G	8009	937	8946	0.00012
Mercurialis	3984	G	4797	1876	6673	0.00009
Euphorbia	3990	G	7659	567	8226	0.00011
Populus	3689	G	13062	4657	17719	0.00024
Benincasa	102210	G	13292	287	13579	0.00019
Cucumis	3655	G	8065	13615	21680	0.00030
Cucurbita	3660	G	2103	281	2384	0.00003
Tripterygium	123484	G	2265	763	3028	0.00004
Gossypium	3633	G	35824	1063	36887	0.00050
Theobroma	3640	G	2786	89	2875	0.00004
Brassica	3705	G	9823	4277	14100	0.00019
Raphanus	3725	G	4642	7175	11817	0.00016
Camelina	71323	G	7847	369	8216	0.00011
Arabidopsis	3701	G	2004	292	2296	0.00003
Mangifera	23461	G	7970	914	8884	0.00012
Citrus	2706	G	4060	458	4518	0.00006
Eucalyptus	3932	G	4090	920	5010	0.00007
Rhodamnia	178132	G	3231	268	3499	0.00005
Punica	22662	G	2292	271	2563	0.00004
Vitis	3603	G	8120	971	9091	0.00012
Solanum	4107	G	38197	9810	48007	0.00066
Capsicum	4071	G	34896	631	35527	0.00049
Lycium	24646	G	19048	549	19597	0.00027
Nicotiana	4085	G	46252	1983	48235	0.00066
Ipomoea	4119	G	6340	974	7314	0.00010
Primulina	48772	G	14690	1379	16069	0.00022
Henckelia	199091	G	5516	510	6026	0.00008
Salvia	21880	G	16243	689	16932	0.00023
Olea	4145	G	12488	281	12769	0.00017
Sesamum	4181	G	3979	274	4253	0.00006
Coffea	13442	G	8428	4340	12768	0.00017
Lactuca	4235	G	58439	13318	71757	0.00098
Rutidosis	125764	G	22380	1594	23974	0.00033
Helianthus	4231	G	15597	309	15906	0.00022
Erigeron	41574	G	5503	371	5874	0.00008
Cynara	4264	G	8206	243	8449	0.00012
Apium	4044	G	14016	285	14301	0.00020
Daucus	4038	G	4224	437	4661	0.00006
Impatiens	35939	G	8776	440	9216	0.00013
Actinidia	3624	G	7792	250	8042	0.00011
Diospyros	13492	G	6888	204	7092	0.00010
Rhododendron	4346	G	5097	336	5433	0.00007
Silene	3573	G	15265	163	15428	0.00021
Beta	3554	G	7651	257	7908	0.00011
Spinacia	3561	G	5332	9919	15251	0.00021
Amaranthus	3564	G	5288	2252	7540	0.00010
Malania	397391	G	16525	319	16844	0.00023
Triticum	4564	G	39452	5673	45125	0.00062
Aegilops	4480	G	2077	4727	6804	0.00009
Hordeum	4512	G	14736	2112	16848	0.00023
Lolium	4520	G	13484	272	13756	0.00019
Brachypodium	15367	G	2257	88	2345	0.00003
Oryza	4527	G	5284	482	5766	0.00008
Miscanthus	62336	G	9989	325	10314	0.00014
Zea	4575	G	7686	806	8492	0.00012
Sorghum	4557	G	4042	524	4566	0.00006
Panicum	4539	G	11143	422	11565	0.00016
Setaria	4554	G	3752	119	3871	0.00005
Phragmites	15745	G	7523	1057	8580	0.00012
Carex	13398	G	5776	2002	7778	0.00011
Typha	4732	G	4378	160	4538	0.00006
Ananas	4614	G	4226	487	4713	0.00006
Zingiber	4650	G	17243	452	17695	0.00024
Curcuma	99568	G	4333	439	4772	0.00007
Musa	4640	G	10039	8628	18667	0.00026
Elaeis	51952	G	14538	956	15494	0.00021
Phoenix	4719	G	5886	387	6273	0.00009
Asparagus	4685	G	10228	224	10452	0.00014
Dioscorea	4672	G	8511	283	8794	0.00012
Wolffia	161109	G	4638	244	4882	0.00007
Papaver	3468	G	20389	382	20771	0.00028
Telopea	54954	G	10529	644	11173	0.00015
Macadamia	4329	G	6092	528	6620	0.00009
Magnolia	3402	G	12262	133	12395	0.00017
Nymphaea	4418	G	5465	333	5798	0.00008
Cryptomeria	3368	G	75030	8468	83498	0.00114
Physcomitrium	37414	G	5757	391	6148	0.00008
Chlamydomonas	3052	G	1065	4	1069	0.00001
Micromonas	38832	G	906	5	911	0.00001
Bathycoccus	41874	G	66	1	67	0.00000
Ostreococcus	70447	G	36	0	36	0.00000
Homo	9605	G	92621	23562	116183	0.00159
Fusarium	5506	G	2493	174	2667	0.00004
Trichoderma	5543	G	864	103	967	0.00001
Ustilaginoidea	124426	G	336	13	349	0.00000
Metarhizium	5529	G	89	2	91	0.00000
Pochonia	243023	G	58	1	59	0.00000
Akanthomyces	150366	G	287	10	297	0.00000
Purpureocillium	1052105	G	107	9	116	0.00000
Drechmeria	98402	G	76	1	77	0.00000
Colletotrichum	5455	G	1400	50	1450	0.00002
Thermothielavioides	2609811	G	1053	33	1086	0.00001
Thermothelomyces	1920207	G	306	4	310	0.00000
Remersonia	72143	G	89	2	91	0.00000
Podospora	5144	G	872	8	880	0.00001
Sordaria	5146	G	211	29	240	0.00000
Neurospora	5140	G	206	9	215	0.00000
Pyricularia	48558	G	1493	5	1498	0.00002
Botrytis	33196	G	361	15	376	0.00001
Aspergillus	5052	G	1820	53	1873	0.00003
Penicillium	5073	G	855	35	890	0.00001
Talaromyces	5094	G	616	38	654	0.00001
Coccidioides	5500	G	70	5	75	0.00000
Ascochyta	5453	G	1172	66	1238	0.00002
Pyrenophora	5027	G	273	51	324	0.00000
Alternaria	5598	G	68	4	72	0.00000
Zymoseptoria	1047167	G	203	3	206	0.00000
Cercospora	29002	G	191	15	206	0.00000
Fulvia	2897311	G	81	1	82	0.00000
Lodderomyces	36913	G	704	75	779	0.00001
Candida	5475	G	529	19	548	0.00001
Scheffersomyces	766733	G	262	7	269	0.00000
Debaryomyces	4958	G	186	1	187	0.00000
Yamadazyma	766765	G	88	7	95	0.00000
Australozyma	3300567	G	381	5	386	0.00001
Candidozyma	3303203	G	31	1	32	0.00000
Brettanomyces	13366	G	1170	94	1264	0.00002
Pichia	4919	G	566	22	588	0.00001
Komagataella	460517	G	37	0	37	0.00000
Ogataea	461281	G	37	0	37	0.00000
Saccharomyces	4930	G	847	54	901	0.00001
Naumovozyma	278028	G	401	11	412	0.00001
Kluyveromyces	4910	G	337	22	359	0.00000
Tetrapisispora	113604	G	199	3	202	0.00000
Zygotorulaspora	1196389	G	186	15	201	0.00000
Eremothecium	33170	G	171	58	229	0.00000
Torulaspora	4948	G	126	5	131	0.00000
Henningerozyma	3163253	G	101	4	105	0.00000
Zygosaccharomyces	4953	G	99	3	102	0.00000
Huiozyma	3163251	G	92	2	94	0.00000
Kazachstania	71245	G	84	1	85	0.00000
Nakaseomyces	374468	G	67	6	73	0.00000
Lachancea	300275	G	42	1	43	0.00000
Saccharomycodes	36034	G	204	23	227	0.00000
Sugiyamaella	410829	G	723	36	759	0.00001
Yarrowia	4951	G	76	0	76	0.00000
Schizosaccharomyces	4895	G	374	24	398	0.00001
Kwoniella	490731	G	2683	74	2757	0.00004
Cryptococcus	5206	G	373	15	388	0.00001
Cutaneotrichosporon	1838142	G	124	3	127	0.00000
Vanrija	1851468	G	101	6	107	0.00000
Marasmius	34448	G	408	2	410	0.00001
Psilocybe	71950	G	227	1	228	0.00000
Rhizoctonia	1322061	G	400	1	401	0.00001
Malassezia	55193	G	413	41	454	0.00001
Sporisorium	63265	G	205	21	226	0.00000
Mycosarcoma	2689624	G	165	0	165	0.00000
Puccinia	5296	G	722	12	734	0.00001
Rhizophagus	1129544	G	2383	128	2511	0.00003
Vairimorpha	6038	G	267	3	270	0.00000
Encephalitozoon	6033	G	35	0	35	0.00000
Plasmodium	5820	G	5915	103	6018	0.00008
Theileria	5873	G	1493	5	1498	0.00002
Babesia	5864	G	282	0	282	0.00000
Cryptosporidium	5806	G	935	7	942	0.00001
Neospora	29175	G	157	0	157	0.00000
Toxoplasma	5810	G	155	28	183	0.00000
Besnoitia	94642	G	90	1	91	0.00000
Bremia	4778	G	232	0	232	0.00000
Thalassiosira	35127	G	165	0	165	0.00000
Phaeodactylum	2849	G	60	0	60	0.00000
Trichomonas	5721	G	2519	8	2527	0.00003
Spironucleus	39709	G	269	0	269	0.00000
Giardia	5740	G	160	0	160	0.00000
Leishmania	5658	G	1452	2	1454	0.00002
Porcisia	2761499	G	783	1	784	0.00001
Trypanosoma	5690	G	702	1	703	0.00001
Dictyostelium	5782	G	476	16	492	0.00001
Cyanidioschyzon	45156	G	30	0	30	0.00000
Natrialba	63742	G	788	28	816	0.00001
Natronobacterium	2256	G	400	6	406	0.00001
Natrinema	88723	G	287	13	300	0.00000
Natronorubrum	134813	G	139	4	143	0.00000
Halosolutus	2993618	G	101	0	101	0.00000
Halovivax	332951	G	94	0	94	0.00000
Natronobeatus	3065678	G	75	2	77	0.00000
Halomontanus	3125902	G	71	0	71	0.00000
Halovalidus	3383206	G	68	0	68	0.00000
Haloterrigena	121871	G	59	0	59	0.00000
Natronosalvus	3076685	G	45	0	45	0.00000
Natrarchaeobaculum	2765402	G	31	0	31	0.00000
Natronococcus	29287	G	23	6	29	0.00000
Halopiger	387342	G	19	0	19	0.00000
Natrononativus	3065677	G	11	0	11	0.00000
Halobaculum	43927	G	590	26	616	0.00001
Halorubrum	56688	G	181	85	266	0.00000
Haloplanus	376170	G	138	36	174	0.00000
Haloferax	2251	G	82	1	83	0.00000
Halobellus	1073986	G	48	36	84	0.00000
Halorarum	3163375	G	47	9	56	0.00000
Haloprofundus	1911573	G	43	5	48	0.00000
Salinigranum	1644057	G	41	2	43	0.00000
Halohasta	1450140	G	40	81	121	0.00000
Halalkaliarchaeum	2678343	G	24	1	25	0.00000
Salinirarus	3415185	G	18	10	28	0.00000
Natronorarus	3386557	G	933	1	934	0.00001
Haloarcula	2237	G	468	59	527	0.00001
Halomicrobium	203135	G	157	5	162	0.00000
Halosimplex	171163	G	116	4	120	0.00000
Halorientalis	1073987	G	92	10	102	0.00000
Halorhabdus	146825	G	28	0	28	0.00000
Halapricum	1542963	G	19	0	19	0.00000
Salinibaculum	2732368	G	18	1	19	0.00000
Halovenus	1377992	G	12	0	12	0.00000
Halorarius	3056835	G	164	14	178	0.00000
Natronomonas	63743	G	68	1	69	0.00000
Halosegnis	2841540	G	52	0	52	0.00000
Halocatena	2907493	G	38	0	38	0.00000
Halomarina	871740	G	19	0	19	0.00000
Salinirubellus	2162630	G	17	0	17	0.00000
Haloglomus	2806252	G	15	2	17	0.00000
Haladaptatus	367188	G	228	0	228	0.00000
Halorussus	1070314	G	104	6	110	0.00000
Halococcus	2249	G	189	0	189	0.00000
Halalkalicoccus	332246	G	22	0	22	0.00000
Salarchaeum	1075398	G	85	4	89	0.00000
Halobacterium	2239	G	74	2	76	0.00000
Halarchaeum	744724	G	24	0	24	0.00000
Halospeciosus	3116496	G	20	3	23	0.00000
Salinarchaeum	1269201	G	15	0	15	0.00000
Natranaeroarchaeum	2917705	G	12	0	12	0.00000
Methanosarcina	2207	G	1494	0	1494	0.00002
Methanolapillus	3136068	G	425	14	439	0.00001
Methanolobus	2220	G	291	0	291	0.00000
Methanococcoides	2225	G	275	1	276	0.00000
Methanomethylovorans	101191	G	263	0	263	0.00000
Methanimicrococcus	91559	G	24	0	24	0.00000
Methanosalsum	196136	G	19	0	19	0.00000
Methanohalophilus	2175	G	11	0	11	0.00000
Methanospirillum	2202	G	624	1	625	0.00001
Methanogenium	2195	G	212	0	212	0.00000
Methanofollis	81416	G	98	0	98	0.00000
Methanoculleus	45989	G	59	0	59	0.00000
Methanoplanus	2314	G	33	1	34	0.00000
Methanolacinia	230355	G	24	0	24	0.00000
Methanomicrobium	2204	G	16	0	16	0.00000
Methanosphaerula	475087	G	324	1	325	0.00000
Methanocella	570266	G	699	0	699	0.00001
Methanothrix	2222	G	14	0	14	0.00000
Methanosphaera	2316	G	1111	142	1253	0.00002
Methanobrevibacter	2172	G	563	6	569	0.00001
Methanobacterium	2160	G	362	7	369	0.00001
Methanothermobacter	145260	G	24	0	24	0.00000
Methanococcus	2184	G	730	181	911	0.00001
Methanothermococcus	155862	G	80	2	82	0.00000
Methanocaldococcus	196118	G	313	151	464	0.00001
Methanotorris	196119	G	11	2	13	0.00000
Methanopyrus	2319	G	122	0	122	0.00000
Thermococcus	2263	G	761	0	761	0.00001
Pyrococcus	2260	G	144	0	144	0.00000
Archaeoglobus	2233	G	657	1	658	0.00001
Methanomassiliicoccus	1080709	G	276	0	276	0.00000
Ferroplasma	74968	G	119	0	119	0.00000
Thermoplasma	2302	G	103	0	103	0.00000
Cuniculiplasma	1747777	G	37	0	37	0.00000
Saccharolobus	2100760	G	890	92	982	0.00001
Acidianus	12914	G	709	40	749	0.00001
Sulfolobus	2284	G	140	1	141	0.00000
Sulfurisphaera	69655	G	42	0	42	0.00000
Stygiolobus	41674	G	39	0	39	0.00000
Metallosphaera	41980	G	11	0	11	0.00000
Caldisphaera	200414	G	144	0	144	0.00000
Staphylothermus	2279	G	36	0	36	0.00000
Desulfurococcus	2273	G	11	0	11	0.00000
Hyperthermus	54247	G	12	0	12	0.00000
Pyrobaculum	2276	G	34	0	34	0.00000
Vulcanisaeta	164450	G	25	0	25	0.00000
Fervidicoccus	685950	G	10	0	10	0.00000
Candidatus Nitrosocosmicus	1826864	G	709	0	709	0.00001
Nitrosopumilus	338191	G	370	8	378	0.00001
Candidatus Nitrosomarinus	1993653	G	164	10	174	0.00000
Nitrosarchaeum	1007082	G	20	0	20	0.00000
Candidatus Lokiarchaeum	1655637	G	766	0	766	0.00001
Promethearchaeum	3366645	G	33	0	33	0.00000
Candidatus Nanohalococcus	3157592	G	11	0	11	0.00000
Hzauvirus	3044735	G	758	0	758	0.00001
Pagevirus	1921184	G	631	0	631	0.00001
Zhangqianvirus	3044868	G	394	1	395	0.00001
Colossusvirus	2733153	G	256	0	256	0.00000
Trigintaduovirus	2169657	G	244	0	244	0.00000
Pecentumvirus	1857844	G	142	0	142	0.00000
Watanabevirus	2843129	G	44	29	73	0.00000
Kungbxnavirus	2843406	G	166	0	166	0.00000
Audreyjarvisvirus	2843351	G	111	2	113	0.00000
Ceduovirus	186532	G	106	0	106	0.00000
Baltivirus	2946816	G	98	0	98	0.00000
Cinunavirus	2560117	G	97	0	97	0.00000
Liaoningvirus	3153013	G	77	0	77	0.00000
Exceevirus	2948704	G	28	0	28	0.00000
Jacevirus	2733181	G	48	0	48	0.00000
Ravarandavirus	2843444	G	44	0	44	0.00000
Obolenskvirus	1915205	G	44	0	44	0.00000
Roslyckyvirus	3044807	G	40	0	40	0.00000
Wroclawvirus	3044857	G	27	0	27	0.00000
Franklinbayvirus	2733176	G	25	0	25	0.00000
Vividuovirus	2560251	G	21	0	21	0.00000
Syrbvirus	3044838	G	24	0	24	0.00000
Donnerlittchenvirus	3152600	G	20	0	20	0.00000
Tlsvirus	1920865	G	21	0	21	0.00000
Erskinevirus	2169623	G	10	0	10	0.00000
Graikaemvirus	3044724	G	12	0	12	0.00000
Dolmabahcevirus	3152508	G	12	0	12	0.00000
Mimasvirus	2560176	G	12	0	12	0.00000
Minhovirus	2842870	G	11	0	11	0.00000
Karamvirus	1913650	G	841	0	841	0.00001
Kanagawavirus	2843399	G	45	0	45	0.00000
Gaprivervirus	1913654	G	14	0	14	0.00000
Lazarusvirus	2842820	G	240	0	240	0.00000
Slopekvirus	1985328	G	21	0	21	0.00000
Ormenosvirus	2948849	G	12	2	14	0.00000
Drivevirus	2948684	G	29	0	29	0.00000
Carjivirus	2948652	G	22	0	22	0.00000
Endlipuvirus	2948697	G	13	0	13	0.00000
Whopevirus	2948952	G	13	0	13	0.00000
Dabirmavirus	2948671	G	12	0	12	0.00000
Jahgtovirus	2948767	G	80	0	80	0.00000
Stupnyavirus	2731980	G	90	0	90	0.00000
Berlinvirus	2732677	G	17	0	17	0.00000
Haetaevirus	3044726	G	61	1	62	0.00000
Imvubuvirus	2948765	G	14	0	14	0.00000
Simplexvirus	10294	G	115	0	115	0.00000
Proboscivirus	548689	G	46	0	46	0.00000
Ostreavirus	548686	G	14	0	14	0.00000
Megavirus	3044761	G	55	111	166	0.00000
Tupanvirus	2094720	G	24	4	28	0.00000
Cotonvirus	3044693	G	17	82	99	0.00000
Moumouvirus	3080801	G	17	57	74	0.00000
Rheavirus	3044800	G	49	0	49	0.00000
Chlorovirus	181083	G	125	23	148	0.00000
Cervidpoxvirus	573055	G	279	0	279	0.00000
Mastadenovirus	10509	G	91	0	91	0.00000
Orthobunyavirus	11572	G	207	0	207	0.00000
Orthohantavirus	1980442	G	56	0	56	0.00000
Tymovirus	12148	G	47	0	47	0.00000
Potexvirus	12176	G	19	4	23	0.00000
Orthoflavivirus	3044782	G	53	65	118	0.00000
Kahnayevirus	2842782	G	10	0	10	0.00000
Alphanudivirus	1511853	G	177	0	177	0.00000
Betabaculovirus	558017	G	94	0	94	0.00000
Alphabaculovirus	558016	G	51	0	51	0.00000
Bracoviriform	2946836	G	66	0	66	0.00000
Pandoravirus	2060084	G	17	8	25	0.00000
