name	taxonomy_id	taxonomy_lvl	kraken_assigned_reads	added_reads	new_est_reads	fraction_total_reads
Citrobacter braakii	57706	S	727516	2941467	3668983	0.07403
Citrobacter freundii	546	S	78568	250800	329368	0.00665
Citrobacter portucalensis	1639133	S	57448	81900	139348	0.00281
Citrobacter werkmanii	67827	S	12677	10948	23625	0.00048
Citrobacter cronae	1748967	S	6489	31244	37733	0.00076
Citrobacter youngae	133448	S	5610	14889	20499	0.00041
Citrobacter gillenii	67828	S	3325	2169	5494	0.00011
Citrobacter freundii complex sp. CFNIH2	2066049	S	963	459	1422	0.00003
Citrobacter freundii complex sp. CFNIH9	2077149	S	575	1947	2522	0.00005
Citrobacter sp. MGH105	1686380	S	518	3463	3981	0.00008
Citrobacter freundii complex sp. CFNIH3	2077147	S	122	4644	4766	0.00010
Citrobacter sp. BIDMC108	1686385	S	32	582	614	0.00001
Citrobacter sp. MGH103	1686378	S	25	1938	1963	0.00004
Citrobacter freundii complex sp. CFNIH4	2077148	S	20	623	643	0.00001
Citrobacter sp. ABFQG	2529121	S	14	2755	2769	0.00006
Citrobacter sedlakii	67826	S	627	351	978	0.00002
Citrobacter sp. RHBSTW-00986	2742675	S	39398	195273	234671	0.00473
Citrobacter sp. RHB35-C21	2742626	S	26431	115006	141437	0.00285
Citrobacter sp. RHBSTW-00524	2742653	S	25069	116595	141664	0.00286
Citrobacter sp. RHBSTW-00887	2742668	S	24706	96696	121402	0.00245
Citrobacter sp. RHB36-C18	2742627	S	22096	138104	160200	0.00323
Citrobacter sp. S39	2660638	S	19596	334436	354032	0.00714
Citrobacter sp. TSA-1	184912	S	8393	43368	51761	0.00104
Citrobacter sp. RHBSTW-00570	2742655	S	5990	65215	71205	0.00144
Citrobacter sp. RHB25-C09	2742624	S	5225	81	5306	0.00011
Citrobacter sp. R56	1573676	S	2761	157	2918	0.00006
Citrobacter sp. RHBSTW-00881	2742667	S	1990	30195	32185	0.00065
Citrobacter sp. C1	2769343	S	1529	878	2407	0.00005
Citrobacter sp. CRE-46	1703250	S	1373	3743	5116	0.00010
Citrobacter sp. BDA59-3	2781952	S	851	65	916	0.00002
Citrobacter sp. RHBSTW-00944	2742671	S	705	19547	20252	0.00041
Citrobacter sp. RHBSTW-00903	2742670	S	639	33484	34123	0.00069
Citrobacter sp. B72	2807631	S	631	2539	3170	0.00006
Citrobacter sp. RHBSTW-00678	2742661	S	593	20916	21509	0.00043
Citrobacter sp. RHBSTW-01013	2742677	S	525	10345	10870	0.00022
Citrobacter sp. FDAARGOS_156	1702170	S	494	1589	2083	0.00004
Citrobacter sp. Colony219	2861802	S	488	1758	2246	0.00005
Citrobacter sp. LUTT5	2697370	S	359	2936	3295	0.00007
Citrobacter sp. CFNIH10	1920110	S	359	1579	1938	0.00004
Citrobacter sp. RHBSTW-01044	2742678	S	349	11342	11691	0.00024
Citrobacter sp. SX206	2712025	S	299	418197	418496	0.00844
Citrobacter sp. 21OH12SH02A-Citro	3015952	S	289	4453	4742	0.00010
Citrobacter sp. On28M	2678565	S	282	7	289	0.00001
Citrobacter sp. Colony475	2861800	S	237	2502	2739	0.00006
Citrobacter sp. RHBSTW-00535	2742654	S	236	12342	12578	0.00025
Citrobacter sp. RHBSTW-00599	2742657	S	233	3726	3959	0.00008
Citrobacter sp. XT1-2-2	2942480	S	190	2915	3105	0.00006
Citrobacter sp. MGH 55	1439319	S	186	536	722	0.00001
Citrobacter sp. C13	2769347	S	177	856	1033	0.00002
Citrobacter sp. RHBSTW-00696	2742662	S	151	2890	3041	0.00006
Citrobacter sp. Colony322	2861801	S	148	1360	1508	0.00003
Citrobacter sp. 172116965	2683822	S	133	10171	10304	0.00021
Citrobacter sp. MAL-2	3464630	S	132	4144	4276	0.00009
Citrobacter sp. RHBSTW-00229	2742641	S	124	4233	4357	0.00009
Citrobacter sp. RHBSTW-00127	2742636	S	117	4861	4978	0.00010
Citrobacter sp. RHBSTW-00859	2742666	S	115	176735	176850	0.00357
Citrobacter sp. RHBSTW-00053	2742632	S	113	4843	4956	0.00010
Citrobacter sp. RHBSTW-00021	2742630	S	104	15050	15154	0.00031
Citrobacter sp. RHBSTW-00424	2742647	S	101	15261	15362	0.00031
Citrobacter sp. RHBSTW-00848	2742665	S	97	17379	17476	0.00035
Citrobacter sp. RHBSTW-00107	2742635	S	92	73509	73601	0.00149
Citrobacter sp. RHBSTW-00821	2742663	S	91	4713	4804	0.00010
Citrobacter sp. RHBSTW-00667	2742659	S	89	10701	10790	0.00022
Citrobacter sp. RHB35-C17	2742625	S	83	308	391	0.00001
Citrobacter sp. RHBSTW-00137	2742638	S	82	20754	20836	0.00042
Citrobacter sp. RHBSTW-00628	2742658	S	77	68490	68567	0.00138
Citrobacter sp. RHBSTW-00446	2742648	S	70	18309	18379	0.00037
Citrobacter sp. RHBSTW-00976	2742674	S	67	2939	3006	0.00006
Citrobacter sp. CF971	2566012	S	66	1531	1597	0.00003
Citrobacter sp. RHBSTW-00017	2742629	S	64	12864	12928	0.00026
Citrobacter sp. C5_2	2769344	S	15	40380	40395	0.00082
Citrobacter sp. C6_2	2769346	S	11	46185	46196	0.00093
Citrobacter meridianamericanus	2894201	S	24283	3354	27637	0.00056
Citrobacter europaeus	1914243	S	23927	4286	28213	0.00057
Citrobacter arsenatis	2546350	S	20165	2488	22653	0.00046
Citrobacter tructae	2562449	S	13072	492	13564	0.00027
Citrobacter amalonaticus	35703	S	9637	19596	29233	0.00059
Citrobacter farmeri	67824	S	5821	401	6222	0.00013
Citrobacter koseri	545	S	5743	5910	11653	0.00024
Citrobacter enshiensis	2971264	S	3942	182	4124	0.00008
Citrobacter rodentium	67825	S	3540	134	3674	0.00007
Citrobacter pasteurii	1563222	S	2694	5611	8305	0.00017
Klebsiella oxytoca	571	S	459073	32355	491428	0.00992
Klebsiella planticola	575	S	43018	27494	70512	0.00142
Klebsiella pneumoniae	573	S	16151	82987	99138	0.00200
Klebsiella variicola	244366	S	10074	24558	34632	0.00070
Klebsiella quasipneumoniae	1463165	S	3883	4839	8722	0.00018
Klebsiella quasivariicola	2026240	S	735	154	889	0.00002
Klebsiella sp. I138	2755385	S	1835	25	1860	0.00004
Klebsiella sp. WOUb02	3161071	S	1809	39	1848	0.00004
Klebsiella sp. R445	2755393	S	848	53	901	0.00002
Klebsiella sp. MISC125	2755386	S	691	192	883	0.00002
Klebsiella sp. R390	2755400	S	500	50	550	0.00001
Klebsiella sp. HC6	2923366	S	459	55	514	0.00001
Klebsiella sp. B345	2755398	S	446	46	492	0.00001
Klebsiella sp. WP3-W18-ESBL-02	2675710	S	140	1969	2109	0.00004
Klebsiella sp. CTHL.F3a	2873296	S	139	327	466	0.00001
Klebsiella sp. R2A007	3416669	S	92	88	180	0.00000
Klebsiella sp. WP4-W18-ESBL-05	2675713	S	66	839	905	0.00002
Klebsiella sp. A52	2834819	S	66	40	106	0.00000
Klebsiella sp. WP8-S18-ESBL-06	2675726	S	65	143	208	0.00000
Klebsiella sp. P1CD1	2267618	S	41	188	229	0.00000
Klebsiella sp. BDA134-6	2787706	S	29	79	108	0.00000
Klebsiella sp. FDAARGOS_511	2488567	S	22	73	95	0.00000
Klebsiella sp. PL-2018	2851540	S	12	18	30	0.00000
Klebsiella sp. LY	2015795	S	10	231	241	0.00000
Klebsiella michiganensis	1134687	S	9895	7546	17441	0.00035
Klebsiella aerogenes	548	S	7032	489	7521	0.00015
Klebsiella ornithinolytica	54291	S	2264	4180	6444	0.00013
Klebsiella huaxiensis	2153354	S	2151	289	2440	0.00005
Klebsiella electrica	1259973	S	1828	84	1912	0.00004
Klebsiella grimontii	2058152	S	1683	3198	4881	0.00010
Klebsiella terrigena	577	S	732	199	931	0.00002
Klebsiella pasteurii	2587529	S	613	1628	2241	0.00005
Klebsiella africana	2489010	S	489	57	546	0.00001
Buttiauxella agrestis	82977	S	175781	8145	183926	0.00371
Buttiauxella sp. WJP83	2986951	S	35071	8139	43210	0.00087
Buttiauxella sp. 3AFRM03	2479367	S	9950	29098	39048	0.00079
Buttiauxella selenatireducens	3073902	S	40642	8962	49604	0.00100
Buttiauxella ferragutiae	82989	S	10909	35676	46585	0.00094
Enterobacter hormaechei	158836	S	12012	21929	33941	0.00068
Enterobacter cloacae	550	S	6122	872	6994	0.00014
Enterobacter ludwigii	299767	S	4340	2664	7004	0.00014
Enterobacter asburiae	61645	S	3319	1558	4877	0.00010
Enterobacter kobei	208224	S	2775	2628	5403	0.00011
Enterobacter cancerogenus	69218	S	2723	61	2784	0.00006
Enterobacter roggenkampii	1812935	S	1837	490	2327	0.00005
Enterobacter cloacae complex sp.	2027919	S	581	103	684	0.00001
Enterobacter cloacae complex sp. Mu1197	3152302	S	167	52	219	0.00000
Enterobacter cloacae complex sp. EB5	3073865	S	154	3146	3300	0.00007
Enterobacter cloacae complex sp. ECL405	2912630	S	102	561	663	0.00001
Enterobacter sp. BIDMC 29	1329841	S	97	90	187	0.00000
Enterobacter cloacae complex sp. FDA-CDC-AR_0164	2077136	S	59	104	163	0.00000
Enterobacter cloacae complex sp. R_G8	2969431	S	43	46	89	0.00000
Enterobacter sichuanensis	2071710	S	1191	53	1244	0.00003
Enterobacter chengduensis	2494701	S	1168	99	1267	0.00003
Enterobacter chuandaensis	2497875	S	808	53	861	0.00002
Enterobacter pasteurii	3029761	S	368	79	447	0.00001
Enterobacter mori	539813	S	19206	1693	20899	0.00042
Enterobacter sp. SA197	2937860	S	1723	11	1734	0.00003
Enterobacter sp. RHBSTW-00994	2742676	S	1675	23	1698	0.00003
Enterobacter sp. CP102	2976431	S	807	35	842	0.00002
Enterobacter sp. JS8-1	3411633	S	719	206	925	0.00002
Enterobacter sp. ECC-175	3116479	S	716	11	727	0.00001
Enterobacter sp. Colony194	2866201	S	650	52	702	0.00001
Enterobacter sp. C2	2870346	S	600	7	607	0.00001
Enterobacter sp. JBIWA003	2831890	S	597	295	892	0.00002
Enterobacter sp. ECC-219	3116480	S	474	26	500	0.00001
Enterobacter sp. ODB01	1827481	S	383	1359	1742	0.00004
Enterobacter sp. PGRG2	3104013	S	372	374	746	0.00002
Enterobacter sp. RHBSTW-00175	2742639	S	334	110	444	0.00001
Enterobacter sp. 638	399742	S	316	34	350	0.00001
Enterobacter sp. SA187	1914861	S	312	284	596	0.00001
Enterobacter sp. JJBC	3080020	S	235	253	488	0.00001
Enterobacter sp. ECC-019	3116478	S	230	29	259	0.00001
Enterobacter sp. ECC-249	3116481	S	209	31	240	0.00000
Enterobacter sp. SGAir0187	2836161	S	108	24	132	0.00000
Enterobacter sp. T2	2707174	S	84	194	278	0.00001
Enterobacter sp. JBIWA005	2831891	S	82	79	161	0.00000
Enterobacter sp. R4-368	1166130	S	80	17	97	0.00000
Enterobacter sp. BNK-18	3376155	S	70	97	167	0.00000
Enterobacter sp. N18-03635	2500132	S	67	135	202	0.00000
Enterobacter sp. DTU_2021_1002640_1_SI_PRY_ASU_LCPMC_013	3077940	S	62	32	94	0.00000
Enterobacter sp. S-33	3026145	S	54	109	163	0.00000
Enterobacter sp. JUb54	2724468	S	50	43	93	0.00000
Enterobacter sp. AN-K1	2894203	S	38	76	114	0.00000
Enterobacter sp. E12	2769348	S	28	25	53	0.00000
Enterobacter sp. SES19	2705458	S	27	14	41	0.00000
Enterobacter sp. IBGEEm25P6	3475615	S	26	78	104	0.00000
Enterobacter sp. D2	3102784	S	25	2	27	0.00000
Enterobacter sp. 18A13	2565914	S	23	73	96	0.00000
Enterobacter sp. R-25	3404057	S	16	23	39	0.00000
Enterobacter sp. HK169	1868135	S	13	15	28	0.00000
Enterobacter sp. RHBSTW-00593	2742656	S	11	34	45	0.00000
Enterobacter sp. A103	3102785	S	10	0	10	0.00000
Enterobacter soli	885040	S	1545	81	1626	0.00003
Enterobacter oligotrophicus	2478464	S	1242	24	1266	0.00003
Enterobacter bugandensis	881260	S	1185	283	1468	0.00003
Enterobacter huaxiensis	2494702	S	1067	25	1092	0.00002
Enterobacter wuhouensis	2529381	S	967	45	1012	0.00002
Enterobacter adelaidei	3142537	S	590	53	643	0.00001
Enterobacter pseudoroggenkampii	2996112	S	199	43	242	0.00000
Enterobacter quasiroggenkampii	2497436	S	137	45	182	0.00000
Enterobacter vonholyi	2797505	S	26	32	58	0.00000
Escherichia coli	562	S	47717	90987	138704	0.00280
Escherichia fergusonii	564	S	5134	1130	6264	0.00013
Escherichia albertii	208962	S	4948	334	5282	0.00011
Escherichia marmotae	1499973	S	1438	86	1524	0.00003
Escherichia sp. E4742	2044467	S	1255	87	1342	0.00003
Escherichia sp. HH091_1A	2509662	S	27	72	99	0.00000
Escherichia ruysiae	2608867	S	116	65	181	0.00000
Salmonella enterica	28901	S	33819	36455	70274	0.00142
Salmonella bongori	54736	S	1463	495	1958	0.00004
Salmonella sp. HY31	3344879	S	265	33	298	0.00001
Salmonella sp. SA14318	3030529	S	15	2	17	0.00000
Dryocola sp. LX212	3242728	S	6747	224	6971	0.00014
Dryocola mayonis	3133271	S	6314	541	6855	0.00014
Dryocola sharpae	3133272	S	5931	491	6422	0.00013
Cedecea neteri	158822	S	12082	711	12793	0.00026
Cedecea lapagei	158823	S	1733	242	1975	0.00004
Cedecea sp. FDAARGOS_727	2545798	S	716	1976	2692	0.00005
Cedecea davisae	158484	S	710	1863	2573	0.00005
Kosakonia cowanii	208223	S	2217	864	3081	0.00006
Kosakonia sp. ML.JS2a	2980557	S	787	96	883	0.00002
Kosakonia sp. MUSA4	2067958	S	699	252	951	0.00002
Kosakonia sp. SMBL-WEM22	2725560	S	456	111	567	0.00001
Kosakonia sp. CCTCC M2018092	2492396	S	200	208	408	0.00001
Kosakonia radicincitans	283686	S	1380	586	1966	0.00004
Kosakonia pseudosacchari	1646340	S	1379	299	1678	0.00003
Kosakonia sacchari	1158459	S	1371	312	1683	0.00003
Kosakonia arachidis	551989	S	1148	80	1228	0.00002
Kosakonia calanthes	3139408	S	1104	32	1136	0.00002
Kosakonia beeri	3458729	S	1012	25	1037	0.00002
Kosakonia styphnolobii	3064532	S	936	25	961	0.00002
Kosakonia oryzendophytica	1005665	S	671	80	751	0.00002
Kosakonia oryzae	497725	S	643	269	912	0.00002
Leclercia adecarboxylata	83655	S	2887	2008	4895	0.00010
Leclercia sp. 29361	2714951	S	578	49	627	0.00001
Leclercia sp. S52	3138178	S	488	36	524	0.00001
Leclercia sp. W6	2282310	S	309	273	582	0.00001
Leclercia sp. 119287	2681308	S	305	429	734	0.00001
Leclercia sp. W17	2282309	S	178	182	360	0.00001
Leclercia sp. TB492	3412682	S	107	126	233	0.00000
Leclercia sp. J807	2681307	S	50	28	78	0.00000
Leclercia sp. G3L	2898725	S	39	55	94	0.00000
Leclercia sp. Colony189	2681309	S	37	388	425	0.00001
Leclercia sp. LSNIH3	1920116	S	17	368	385	0.00001
Leclercia pneumoniae	2815358	S	1682	35	1717	0.00003
Cronobacter sakazakii	28141	S	1800	346	2146	0.00004
Cronobacter dublinensis	413497	S	1563	114	1677	0.00003
Cronobacter turicensis	413502	S	1523	129	1652	0.00003
Cronobacter malonaticus	413503	S	1247	353	1600	0.00003
Cronobacter condimenti	1163710	S	1197	52	1249	0.00003
Cronobacter sp. JZ38	1906275	S	397	618	1015	0.00002
Cronobacter universalis	535744	S	266	67	333	0.00001
Cronobacter muytjensii	413501	S	156	203	359	0.00001
Kluyvera intermedia	61648	S	2527	76	2603	0.00005
Kluyvera ascorbata	51288	S	1720	543	2263	0.00005
Kluyvera cryocrescens	580	S	1529	52	1581	0.00003
Kluyvera sichuanensis	2725494	S	1296	42	1338	0.00003
Kluyvera georgiana	73098	S	918	67	985	0.00002
Kluyvera sp. CRP	2873269	S	409	529	938	0.00002
Kluyvera genomosp. 3	2774055	S	161	228	389	0.00001
Lelliottia amnigena	61646	S	3327	114	3441	0.00007
Lelliottia sp. JS-SCA-14	3110110	S	1044	26	1070	0.00002
Lelliottia sp. WB101	2153385	S	939	414	1353	0.00003
Lelliottia sp. AC1	2067959	S	922	424	1346	0.00003
Lelliottia nimipressuralis	69220	S	1634	863	2497	0.00005
[Enterobacter] lignolyticus	1334193	S	3283	25	3308	0.00007
Pluralibacter gergoviae	61647	S	1071	18	1089	0.00002
Yokenella regensburgei	158877	S	4095	69	4164	0.00008
Pseudocitrobacter corydidari	2891570	S	2252	328	2580	0.00005
Pseudocitrobacter faecalis	1398493	S	851	133	984	0.00002
Symbiopectobacterium purcellii	2871826	S	1932	7	1939	0.00004
Blochmannia endosymbiont of Camponotus modoc	2945587	S	192	208	400	0.00001
Blochmannia endosymbiont of Camponotus sp.	700220	S	30	5	35	0.00000
Blochmannia endosymbiont of Camponotus (Colobopsis) obliquus	1505597	S	20	0	20	0.00000
Blochmannia endosymbiont of Polyrhachis (Hedomyrma) turneri	1505596	S	11	0	11	0.00000
Candidatus Blochmanniella vafra	251535	S	28	0	28	0.00000
Candidatus Williamhamiltonella defendens	138072	S	69	107	176	0.00000
Candidatus Regiella endosymbiont of Tuberolachnus salignus	3077956	S	133	1	134	0.00000
secondary endosymbiont of Heteropsylla cubana	134287	S	130	3	133	0.00000
secondary endosymbiont of Ctenarytaina eucalypti	1199245	S	74	0	74	0.00000
Candidatus Hartigia pinicola	1345115	S	132	0	132	0.00000
secondary endosymbiont of Trabutina mannipara	1835721	S	87	2	89	0.00000
Candidatus Hoaglandella endobia	1778263	S	54	0	54	0.00000
Candidatus Doolittlea endobia	1778262	S	52	0	52	0.00000
Candidatus Gullanella endobia	1070130	S	23	0	23	0.00000
Candidatus Mikella endobia	1778264	S	22	1	23	0.00000
Candidatus Tachikawaea gelatinosa	1410383	S	20	1	21	0.00000
Candidatus Purcelliella pentastirinorum	472834	S	10	0	10	0.00000
Phytobacter cepae	3458728	S	1440	12	1452	0.00003
Phytobacter ursingii	1972431	S	1246	93	1339	0.00003
Phytobacter sp. SCO41	1756993	S	130	55	185	0.00000
Phytobacter sp. MRY16-398	2487150	S	12	113	125	0.00000
Phytobacter diazotrophicus	395631	S	109	333	442	0.00001
Atlantibacter hermannii	565	S	2139	49	2188	0.00004
Atlantibacter subterraneus	255519	S	843	53	896	0.00002
Trabulsiella odontotermitis	379893	S	2820	66	2886	0.00006
Siccibacter colletis	1505757	S	1381	37	1418	0.00003
Siccibacter turicensis	357233	S	1093	49	1142	0.00002
Superficieibacter sp. HKU1	3031919	S	1220	198	1418	0.00003
Superficieibacter sp. BNK-5	3376142	S	861	135	996	0.00002
Franconibacter daqui	2047724	S	1143	42	1185	0.00002
Franconibacter helveticus	357240	S	1065	0	1065	0.00002
Plesiomonas shigelloides	703	S	1989	21	2010	0.00004
Scandinavium goeteborgense	1851514	S	1921	9	1930	0.00004
Shigella dysenteriae	622	S	747	897	1644	0.00003
Shigella boydii	621	S	431	856	1287	0.00003
Shigella flexneri	623	S	278	1488	1766	0.00004
Shigella sonnei	624	S	51	74	125	0.00000
Mangrovibacter phragmitis	1691903	S	1631	38	1669	0.00003
Jejuibacter calystegiae	2579935	S	497	572	1069	0.00002
Jejuibacter sp. L23	3092086	S	135	345	480	0.00001
Pseudescherichia vulneris	566	S	1354	43	1397	0.00003
Shimwellia blattae	563	S	1343	5	1348	0.00003
Enterobacteriaceae endosymbiont of Donacia thalassina	2675786	S	133	52	185	0.00000
Enterobacteriaceae endosymbiont of Donacia bicoloricornis	2675772	S	109	39	148	0.00000
Enterobacteriaceae endosymbiont of Donacia versicolorea	2675788	S	44	100	144	0.00000
Enterobacteriaceae endosymbiont of Donacia simplex	2675784	S	40	28	68	0.00000
Enterobacteriaceae endosymbiont of Donacia tomentosa	2675787	S	38	2	40	0.00000
Enterobacteriaceae endosymbiont of Donacia marginata	2675779	S	31	17	48	0.00000
Enterobacteriaceae endosymbiont of Plateumaris pusilla	2675795	S	20	9	29	0.00000
Enterobacteriaceae endosymbiont of Plateumaris consimilis	2675794	S	12	5	17	0.00000
Enterobacteriaceae endosymbiont of Macroplea mutica	2675791	S	11	1	12	0.00000
Candidatus Profftia tarda	1177216	S	116	1	117	0.00000
Candidatus Profftia lariciata	1987921	S	49	0	49	0.00000
Candidatus Profftia sp. (ex Adelges kitamiensis)	2864218	S	47	0	47	0.00000
Candidatus Gillettellia adelgis	1177218	S	134	0	134	0.00000
Candidatus Schneideria nysicola	1081631	S	39	0	39	0.00000
Candidatus Curculioniphilus buchneri	690594	S	33	0	33	0.00000
Candidatus Moranella endobia	1048758	S	32	0	32	0.00000
Candidatus Ishikawella capsulata	168169	S	23	0	23	0.00000
Hafnia paralvei	546367	S	6179451	356807	6536258	0.13188
Hafnia alvei	569	S	120683	28867	149550	0.00302
Hafnia sp. CBA7124	1848580	S	21	49	70	0.00000
Edwardsiella ictaluri	67780	S	8835	394	9229	0.00019
Edwardsiella tarda	636	S	1540	68	1608	0.00003
Edwardsiella piscicida	1263550	S	1116	54	1170	0.00002
Edwardsiella hoshinae	93378	S	173	3	176	0.00000
Edwardsiella anguillarum	1821960	S	18	251	269	0.00001
Obesumbacterium proteus	82983	S	4130	405	4535	0.00009
Morganella morganii	582	S	3005692	76293	3081985	0.06218
Providencia rettgeri	587	S	86062	22947	109009	0.00220
Providencia alcalifaciens	126385	S	28536	392	28928	0.00058
Providencia sp. R33	2828763	S	1778	13	1791	0.00004
Providencia sp. PROV170	2936792	S	485	2380	2865	0.00006
Providencia sp. PROV046	2949776	S	475	595	1070	0.00002
Providencia sp. PROV040	2949771	S	408	1262	1670	0.00003
Providencia sp. TYF-12	3151124	S	393	180	573	0.00001
Providencia sp. PROV024	2949758	S	341	381	722	0.00001
Providencia sp. PROV114	2949825	S	336	601	937	0.00002
Providencia sp. 21OH12SH02B-Prov	3015951	S	333	123	456	0.00001
Providencia sp. PROV200	2936794	S	294	109	403	0.00001
Providencia sp. PROV188	2939731	S	276	19	295	0.00001
Providencia sp. PROV012	2936772	S	207	5789	5996	0.00012
Providencia sp. PROV099	2949815	S	193	870	1063	0.00002
Providencia sp. PROV252	2936799	S	192	59	251	0.00001
Providencia sp. PROV175	2949878	S	188	136	324	0.00001
Providencia sp. PROV001	2936765	S	168	13251	13419	0.00027
Providencia sp. PROV280	2936805	S	147	8948	9095	0.00018
Providencia sp. PROV277	2936802	S	139	391986	392125	0.00791
Providencia sp. PROV162	2936791	S	113	19505	19618	0.00040
Providencia sp. PROV236	2936798	S	86	40	126	0.00000
Providencia sp. PROV080	2936780	S	77	191	268	0.00001
Providencia sp. PROV004	2936768	S	34	5042	5076	0.00010
Providencia sp. PROV278	2936803	S	17	302	319	0.00001
Providencia sp. PROV101	2936786	S	13	493	506	0.00001
Providencia sp. 2.29	2791982	S	13	46	59	0.00000
Providencia sp. PROV279	2936804	S	12	826	838	0.00002
Providencia stuartii	588	S	3423	753	4176	0.00008
Providencia hangzhouensis	3031799	S	3284	7181	10465	0.00021
Providencia huaxiensis	2027290	S	2670	135	2805	0.00006
Providencia huashanensis	3037798	S	1799	621	2420	0.00005
Providencia sneebia	516075	S	1017	3	1020	0.00002
Providencia rustigianii	158850	S	774	5	779	0.00002
Providencia heimbachae	333962	S	768	15	783	0.00002
Providencia lanzhouensis	3378099	S	688	68	756	0.00002
Providencia manganoxydans	2923283	S	481	25	506	0.00001
Providencia xihuensis	3342830	S	165	25	190	0.00000
Providencia zhijiangensis	3053982	S	78	5	83	0.00000
Candidatus Providencia siddallii	1715285	S	57	0	57	0.00000
Providencia vermicola	333965	S	48	59	107	0.00000
Proteus mirabilis	584	S	4033	221	4254	0.00009
Proteus vulgaris	585	S	1467	657	2124	0.00004
Proteus hauseri	183417	S	932	27	959	0.00002
Proteus terrae	1574161	S	704	780	1484	0.00003
Proteus sp. NMG38-2	2883107	S	303	1113	1416	0.00003
Proteus sp. ZN5	2697019	S	181	65	246	0.00000
Proteus sp. CD3	1921565	S	18	28	46	0.00000
Proteus faecis	2050967	S	217	30	247	0.00000
Proteus penneri	102862	S	110	20	130	0.00000
Proteus columbae	1987580	S	92	23	115	0.00000
Proteus appendicitidis	3034648	S	50	78	128	0.00000
Moellerella wisconsensis	158849	S	4749	245	4994	0.00010
Xenorhabdus bovienii	40576	S	1620	79	1699	0.00003
Xenorhabdus stockiae	351614	S	581	13	594	0.00001
Xenorhabdus hominickii	351679	S	361	15	376	0.00001
Xenorhabdus nematophila	628	S	292	12	304	0.00001
Xenorhabdus griffiniae	351672	S	258	97	355	0.00001
Xenorhabdus budapestensis	290110	S	240	10	250	0.00001
Xenorhabdus doucetiae	351671	S	231	6	237	0.00000
Xenorhabdus bakwenae	3026967	S	177	10	187	0.00000
Xenorhabdus taiwanensis	3085177	S	165	19	184	0.00000
Xenorhabdus poinarii	40577	S	121	5	126	0.00000
Xenorhabdus sp. TH1	3130166	S	96	88	184	0.00000
Photorhabdus asymbiotica	291112	S	777	48	825	0.00002
Photorhabdus laumondii	2218628	S	315	166	481	0.00001
Photorhabdus akhurstii	171438	S	246	67	313	0.00001
Photorhabdus tasmaniensis	1004159	S	184	75	259	0.00001
Photorhabdus sp. SF281	3459527	S	164	97	261	0.00001
Photorhabdus thracensis	230089	S	161	126	287	0.00001
Arsenophonus nasoniae	638	S	614	34	648	0.00001
Arsenophonus sp. aPb	3041619	S	291	31	322	0.00001
Arsenophonus endosymbiont of Crataerina pallida	3066235	S	27	7	34	0.00000
Arsenophonus endosymbiont of Aleurodicus dispersus	235559	S	18	0	18	0.00000
Arsenophonus endosymbiont of Aphis craccivora	1231049	S	13	2	15	0.00000
Candidatus Arsenophonus nilaparvatae	1247023	S	239	104	343	0.00001
Arsenophonus apicola	2879119	S	50	2	52	0.00000
Serratia fonticola	47917	S	702106	70430	772536	0.01559
Serratia sp. L9	3423946	S	127880	1206	129086	0.00260
Serratia sp. 3ACOL1	2448483	S	65695	8274	73969	0.00149
Serratia sp. D1N4	3569184	S	55274	423	55697	0.00112
Serratia sp. UGAL515B_01	2986763	S	21621	154	21775	0.00044
Serratia sp. JSRIV002	2831894	S	9011	6466	15477	0.00031
Serratia sp. JSRIV004	2831895	S	8833	9225	18058	0.00036
Serratia sp. JSRIV001	2831893	S	8472	8491	16963	0.00034
Serratia sp. JSRIV006	2831896	S	7548	6759	14307	0.00029
Serratia sp. FDAARGOS_506	2420306	S	2954	247	3201	0.00006
Serratia sp. FGI94	671990	S	2047	220	2267	0.00005
Serratia sp. NFX21	3402279	S	1379	374	1753	0.00004
Serratia sp. PAMC26656	2775909	S	1293	208	1501	0.00003
Serratia sp. P2ACOL2	2482769	S	965	529	1494	0.00003
Serratia sp. MYb239	2033438	S	554	412	966	0.00002
Serratia sp. ID 25-353	3680078	S	400	301	701	0.00001
Serratia sp. Tan611	2773264	S	392	290	682	0.00001
Serratia sp. JUb9	2724469	S	386	291	677	0.00001
Serratia sp. 1D1416	2447890	S	325	155	480	0.00001
Serratia sp. SSNIH1	1758196	S	264	682	946	0.00002
Serratia sp. SCBI	488142	S	209	323	532	0.00001
Serratia sp. BNK-12	3376149	S	203	242	445	0.00001
Serratia sp. (in: enterobacteria)	616	S	197	429	626	0.00001
Serratia sp. AXJ-M	2754727	S	192	166	358	0.00001
Serratia sp. NGAS9	2697369	S	173	411	584	0.00001
Serratia sp. FS14	1327989	S	164	130	294	0.00001
Serratia sp. BNK-10	3376147	S	154	213	367	0.00001
Serratia sp. 2C06	3416180	S	142	345	487	0.00001
Serratia sp. CMO1	2785630	S	138	415	553	0.00001
Serratia sp. LS-1	2485839	S	104	330	434	0.00001
Serratia sp. JKS000199	1938820	S	73	262	335	0.00001
Serratia sp. BNK-23	3376158	S	36	268580	268616	0.00542
Serratia sp. K-E0102	3021405	S	18	310	328	0.00001
Serratia sp. BNK-26-b	3376163	S	12	13163	13175	0.00027
Serratia aquatilis	1737515	S	175087	952	176039	0.00355
Serratia proteamaculans	28151	S	32425	1641	34066	0.00069
Serratia marcescens	615	S	30243	27248	57491	0.00116
Serratia odorifera	618	S	18463	207	18670	0.00038
Serratia plymuthica	82996	S	17641	2278	19919	0.00040
Serratia liquefaciens	614	S	15871	3500	19371	0.00039
Serratia grimesii	82995	S	11985	182	12167	0.00025
Serratia entomophila	42906	S	11383	751	12134	0.00024
Serratia inhibens	2338073	S	11265	470	11735	0.00024
Serratia symbiotica	138074	S	8337	43	8380	0.00017
Serratia rubidaea	61652	S	5718	320	6038	0.00012
Serratia surfactantfaciens	2741499	S	5037	302	5339	0.00011
Serratia rhizosphaerae	2597702	S	4557	407	4964	0.00010
Serratia ureilytica	300181	S	3903	3388	7291	0.00015
Serratia quinivorans	137545	S	3844	597	4441	0.00009
Serratia nevei	2703794	S	732	1631	2363	0.00005
Serratia bockelmannii	2703793	S	321	815	1136	0.00002
Serratia ficaria	61651	S	283	168	451	0.00001
Serratia sarumanii	3020826	S	179	1193	1372	0.00003
Serratia nematodiphila	458197	S	141	314	455	0.00001
Yersinia massiliensis	419257	S	86642	137338	223980	0.00452
Yersinia frederiksenii	29484	S	27363	19440	46803	0.00094
Yersinia enterocolitica	630	S	11793	2507	14300	0.00029
Yersinia ruckeri	29486	S	6726	174	6900	0.00014
Yersinia pseudotuberculosis	633	S	2293	921	3214	0.00006
Yersinia similis	367190	S	915	18	933	0.00002
Yersinia pestis	632	S	308	3472	3780	0.00008
Yersinia mollaretii	33060	S	2593	116	2709	0.00005
Yersinia intermedia	631	S	2136	1977	4113	0.00008
Yersinia hibernica	2339259	S	1974	106	2080	0.00004
Yersinia vastinensis	2890318	S	1974	82	2056	0.00004
Yersinia aleksiciae	263819	S	1882	110	1992	0.00004
Yersinia fenwicki	3344550	S	1806	145	1951	0.00004
Yersinia canariae	2607663	S	1624	75	1699	0.00003
Yersinia aldovae	29483	S	1472	72	1544	0.00003
Yersinia entomophaga	935293	S	1411	34	1445	0.00003
Yersinia alsatica	2890317	S	1373	83	1456	0.00003
Yersinia rohdei	29485	S	1274	37	1311	0.00003
Yersinia bercovieri	634	S	635	1642	2277	0.00005
Yersinia kristensenii	28152	S	631	48	679	0.00001
Yersinia sp. KBS0713	1179669	S	314	1088	1402	0.00003
Yersinia sp. SCPM-O-B-9106 (C-191)	2992843	S	147	184	331	0.00001
Yersinia rochesterensis	1604335	S	352	382	734	0.00001
Chania multitudinisentens	1639108	S	10871	82	10953	0.00022
Rahnella sikkimica	1805933	S	1762	108	1870	0.00004
Rahnella sp. PAMC25559	3423225	S	1424	136	1560	0.00003
Rahnella aceris	2703885	S	1157	267	1424	0.00003
Rahnella variigena	574964	S	1122	320	1442	0.00003
Rahnella inusitata	58169	S	1019	117	1136	0.00002
Rahnella bonaserana	2816248	S	569	201	770	0.00002
Rahnella aquatilis	34038	S	551	129	680	0.00001
Rahnella victoriana	1510570	S	529	121	650	0.00001
Gibbsiella quercinecans	929813	S	941	391	1332	0.00003
Gibbsiella dentisursi	796890	S	533	368	901	0.00002
Rouxiella badensis	1646377	S	482	45	527	0.00001
Rouxiella chamberiensis	1513468	S	450	32	482	0.00001
Rouxiella sp. WC2420	3234145	S	433	42	475	0.00001
Nissabacter sp. SGAir0207	2126321	S	711	3	714	0.00001
Ewingella americana	41202	S	665	6	671	0.00001
Chimaeribacter arupi	2060066	S	374	5	379	0.00001
Candidatus Fukatsuia anoeciicola	2994492	S	94	58	152	0.00000
Pantoea sp. MT58	2768165	S	2708	3004	5712	0.00012
Pantoea sp. At-9b	592316	S	1440	24	1464	0.00003
Pantoea sp. App145	3071567	S	724	15	739	0.00001
Pantoea sp. BRR-3P	3141541	S	652	48	700	0.00001
Pantoea sp. FN060301	3420380	S	468	27	495	0.00001
Pantoea sp. SOD02	2970818	S	306	170	476	0.00001
Pantoea sp. Lij88	3028622	S	256	13	269	0.00001
Pantoea sp. GABEPS69	3028805	S	247	19	266	0.00001
Pantoea sp. Ep11b	3141459	S	160	9	169	0.00000
Pantoea sp. CCBC3-3-1	2490851	S	152	324	476	0.00001
Pantoea sp. Z09	2886821	S	125	5	130	0.00000
Pantoea sp. S18	3019892	S	109	58	167	0.00000
Pantoea sp. SGAir0184	2070352	S	81	140	221	0.00000
Pantoea sp. BJ2	3141322	S	80	129	209	0.00000
Pantoea sp. SS70	3024247	S	67	239	306	0.00001
Pantoea sp. MBD-2R	3141540	S	64	154	218	0.00000
Pantoea sp. JZ2	2654189	S	60	72	132	0.00000
Pantoea sp. X85	3037258	S	58	258	316	0.00001
Pantoea sp. SGAir0175	2070349	S	46	75	121	0.00000
Pantoea sp. RSPAM1	2675223	S	36	86	122	0.00000
Pantoea sp. Lu_F5_004	3443507	S	31	75	106	0.00000
Pantoea sp. y20	3591909	S	30	128	158	0.00000
Pantoea sp. SO10	2575375	S	29	55	84	0.00000
Pantoea sp. SM3640	2787629	S	15	27	42	0.00000
Pantoea sp. SGAir0430	2567882	S	15	27	42	0.00000
Pantoea sp. Nvir	2576760	S	13	6	19	0.00000
Pantoea agglomerans	549	S	2223	910	3133	0.00006
Pantoea ananatis	553	S	1537	281	1818	0.00004
Pantoea allii	574096	S	1266	85	1351	0.00003
Pantoea vagans	470934	S	1248	249	1497	0.00003
Pantoea cypripedii	55209	S	910	12	922	0.00002
Candidatus Pantoea soli	3098669	S	848	23	871	0.00002
Pantoea alhagi	1891675	S	756	104	860	0.00002
Pantoea piersonii	2364647	S	719	26	745	0.00002
Pantoea phytostimulans	2769024	S	702	12	714	0.00001
Pantoea dispersa	59814	S	662	389	1051	0.00002
Candidatus Pantoea rara	1947037	S	659	28	687	0.00001
Pantoea eucrina	472693	S	544	19	563	0.00001
Pantoea rwandensis	1076550	S	430	9	439	0.00001
Pantoea phytobeneficialis	2052056	S	426	5	431	0.00001
Pantoea deleyi	470932	S	381	18	399	0.00001
Pantoea alfalfae	3074822	S	329	21	350	0.00001
Pantoea anthophila	470931	S	311	7	318	0.00001
Pantoea stewartii	66269	S	278	225	503	0.00001
Pantoea eucalypti	470933	S	100	57	157	0.00000
Pantoea septica	472695	S	97	53	150	0.00000
Candidatus Pantoea carbekii	1235990	S	24	0	24	0.00000
Erwinia sp. E602	2675378	S	929	29	958	0.00002
Erwinia sp. HDF1-3R	3141543	S	396	49	445	0.00001
Erwinia sp. QL-Z3	2547962	S	212	378	590	0.00001
Erwinia sp. LJJL01	3391839	S	187	223	410	0.00001
Erwinia sp. E_sp_W01_1	3039407	S	34	1179	1213	0.00002
Erwinia sp. INIA01	2991500	S	17	0	17	0.00000
Erwinia persicina	55211	S	2092	119	2211	0.00004
Erwinia rhapontici	55212	S	1523	78	1601	0.00003
Erwinia tracheiphila	65700	S	1283	47	1330	0.00003
Erwinia amylovora	552	S	1042	52	1094	0.00002
Erwinia sorbitola	2681984	S	960	42	1002	0.00002
[Pantoea] beijingensis	1324864	S	711	19	730	0.00001
Candidatus Erwinia haradaeae	1922217	S	665	0	665	0.00001
Erwinia pyrifoliae	79967	S	586	30	616	0.00001
Erwinia aphidicola	68334	S	520	409	929	0.00002
Erwinia pyri	3062598	S	472	29	501	0.00001
Erwinia billingiae	182337	S	466	403	869	0.00002
Erwinia tasmaniensis	338565	S	408	13	421	0.00001
Buchnera aphidicola	9	S	4985	44	5029	0.00010
Mixta intestinalis	1615494	S	976	48	1024	0.00002
Mixta gaviniae	665914	S	441	61	502	0.00001
Mixta hanseatica	2872648	S	255	52	307	0.00001
Mixta calida	665913	S	220	31	251	0.00001
Duffyella gerundensis	1619313	S	1578	150	1728	0.00003
Tatumella citrea	53336	S	682	9	691	0.00001
Tatumella ptyseos	82987	S	607	8	615	0.00001
Winslowiella toletana	92490	S	424	552	976	0.00002
Winslowiella sp. 2C04	3416179	S	89	124	213	0.00000
Paramixta manurensis	2740817	S	848	21	869	0.00002
Pectobacterium carotovorum	554	S	6362	3086	9448	0.00019
Pectobacterium brasiliense	180957	S	1700	700	2400	0.00005
Pectobacterium versatile	2488639	S	799	320	1119	0.00002
Pectobacterium peruviense	2066479	S	753	49	802	0.00002
Pectobacterium parmentieri	1905730	S	720	44	764	0.00002
Pectobacterium atrosepticum	29471	S	716	42	758	0.00002
Pectobacterium aquaticum	2204145	S	587	263	850	0.00002
Pectobacterium sp. A5351	2914983	S	235	25	260	0.00001
Pectobacterium sp. F1-1	2949614	S	95	98	193	0.00000
Pectobacterium sp. PL64	2738983	S	89	18	107	0.00000
Pectobacterium sp. B1J-3	3385371	S	14	2	16	0.00000
Pectobacterium sp. 21LCBS03	2935858	S	13	29	42	0.00000
Pectobacterium polaris	2042057	S	403	82	485	0.00001
Pectobacterium zantedeschiae	2034769	S	383	18	401	0.00001
Pectobacterium polonicum	2485124	S	306	28	334	0.00001
Pectobacterium cacticida	69221	S	278	4	282	0.00001
Pectobacterium wasabiae	55208	S	267	20	287	0.00001
Pectobacterium araliae	3073862	S	258	14	272	0.00001
Pectobacterium aroidearum	1201031	S	234	225	459	0.00001
Pectobacterium punjabense	2108399	S	206	17	223	0.00000
Pectobacterium actinidiae	1507808	S	185	14	199	0.00000
Pectobacterium parvum	2778550	S	172	56	228	0.00000
Pectobacterium odoriferum	78398	S	119	28	147	0.00000
Pectobacterium colocasium	2878098	S	85	118	203	0.00000
Pectobacterium sinaloense	3419008	S	75	97	172	0.00000
Pectobacterium quasiaquaticum	2774015	S	48	16	64	0.00000
Dickeya zeae	204042	S	1976	699	2675	0.00005
Dickeya chrysanthemi	556	S	1280	93	1373	0.00003
Dickeya poaceiphila	568768	S	579	31	610	0.00001
Dickeya solani	1089444	S	574	83	657	0.00001
Dickeya fangzhongdai	1778540	S	516	1188	1704	0.00003
Dickeya dadantii	204038	S	512	76	588	0.00001
Dickeya dianthicola	204039	S	420	123	543	0.00001
Dickeya lacustris	2259638	S	248	24	272	0.00001
Dickeya ananatis	3061286	S	100	36	136	0.00000
Dickeya oryzae	1240404	S	99	124	223	0.00000
Dickeya sp. NCPPB 3274	568766	S	77	75	152	0.00000
Dickeya sp. Secpp 1600	2037915	S	13	103	116	0.00000
Dickeya parazeae	2893572	S	20	45	65	0.00000
Brenneria rubrifaciens	55213	S	893	212	1105	0.00002
Brenneria izadpanahii	2722756	S	826	335	1161	0.00002
Brenneria goodwinii	1109412	S	463	182	645	0.00001
Brenneria uluponensis	3057057	S	220	410	630	0.00001
Lonsdalea britannica	1082704	S	387	26	413	0.00001
Lonsdalea populi	1172565	S	220	19	239	0.00000
Musicola paradisiaca	69223	S	524	0	524	0.00001
Prodigiosinella confusarubida	104623	S	76	145	221	0.00000
Sodalis-like secondary symbiont of Drepanosiphum platanoidis	2994493	S	102	0	102	0.00000
Sodalis sp. (in: enterobacteria)	1898979	S	60	0	60	0.00000
Sodalis sp. RH14	3394329	S	44	570	614	0.00001
Sodalis sp. RH15	3394330	S	33	244	277	0.00001
Sodalis endosymbiont of Henestaris halophilus	1929246	S	31	0	31	0.00000
Sodalis sp. RH19	3394334	S	28	254	282	0.00001
Sodalis sp. RH16	3394331	S	25	174	199	0.00000
Sodalis sp. C49	3228929	S	12	115	127	0.00000
Sodalis praecaptivus	1239307	S	701	193	894	0.00002
Sodalis glossinidius	63612	S	122	2	124	0.00000
Candidatus Sodalis pierantonii	1486991	S	83	24	107	0.00000
Sodalis ligni	2697027	S	67	174	241	0.00000
Leminorella grimontii	82981	S	745	14	759	0.00002
Leminorella richardii	158841	S	644	13	657	0.00001
Limnobaculum zhutongyuii	2498113	S	709	71	780	0.00002
Limnobaculum parvum	2172103	S	307	33	340	0.00001
Pragia fontium	82985	S	322	4	326	0.00001
Gallaecimonas aegicerasi	3131926	S	450	1	451	0.00001
Gallaecimonas mangrovi	2291597	S	83	0	83	0.00000
Gallaecimonas kandeliae	3029055	S	52	0	52	0.00000
Stenotrophomonas maltophilia	40324	S	2123229	1078697	3201926	0.06460
Stenotrophomonas sp. ESTM1D_MKCIP4_1	2072414	S	6299	199	6498	0.00013
Stenotrophomonas sp. ZAC14D2_NAIMI4_6	2072406	S	3505	251	3756	0.00008
Stenotrophomonas sp. SAU14A_NAIMI4_5	2072413	S	3460	1809	5269	0.00011
Stenotrophomonas sp. ZAC14D2_NAIMI4_7	2072405	S	2989	131	3120	0.00006
Stenotrophomonas sp. ZAC14A_NAIMI4_1	2072412	S	2568	371	2939	0.00006
Stenotrophomonas sp. YAU14D1_LEIMI4_1	2072407	S	1699	104	1803	0.00004
Stenotrophomonas maltophilia group sp. P373	3456024	S	1600	2620	4220	0.00009
Stenotrophomonas maltophilia group sp. RY12688	3454438	S	919	2624	3543	0.00007
Stenotrophomonas maltophilia group sp. vghtpe118	3459469	S	687	2168	2855	0.00006
Stenotrophomonas sp. YAU14A_MKIMI4_1	2072408	S	610	134	744	0.00002
Stenotrophomonas sp. SAU14A_NAIMI4_8	2072409	S	312	68	380	0.00001
Stenotrophomonas sp. ZAC14D1_NAIMI4_1	2072411	S	200	47213	47413	0.00096
Stenotrophomonas sp. ZAC14D1_NAIMI4_6	2072410	S	11	2227	2238	0.00005
Stenotrophomonas pavanii	487698	S	16253	23363	39616	0.00080
Stenotrophomonas hibiscicola	86189	S	13188	2733	15921	0.00032
Stenotrophomonas sepilia	2860290	S	4112	5112	9224	0.00019
Stenotrophomonas forensis	2871169	S	3650	1776	5426	0.00011
Stenotrophomonas riyadhensis	2859893	S	917897	1146838	2064735	0.04166
Stenotrophomonas sp. PUT21	3456954	S	41211	1366	42577	0.00086
Stenotrophomonas sp. SBJS02	2599307	S	13948	31316	45264	0.00091
Stenotrophomonas sp. S11A1a	3455011	S	13336	2634	15970	0.00032
Stenotrophomonas sp. WZN-1	2005046	S	12363	1947	14310	0.00029
Stenotrophomonas sp. 57	3051119	S	10753	1032	11785	0.00024
Stenotrophomonas sp. ASS1	2282124	S	9941	12655	22596	0.00046
Stenotrophomonas sp. NA06056	2742129	S	9878	527	10405	0.00021
Stenotrophomonas sp. STK17_22	3455201	S	9499	13862	23361	0.00047
Stenotrophomonas sp. C-A	3591789	S	8550	3584	12134	0.00024
Stenotrophomonas sp. 59	3051120	S	7607	1552	9159	0.00018
Stenotrophomonas sp. 24(2023)	3068324	S	6772	132	6904	0.00014
Stenotrophomonas sp. BIO128-Bstrain	3027225	S	5099	478	5577	0.00011
Stenotrophomonas sp. STK16_22	3395906	S	4429	6074	10503	0.00021
Stenotrophomonas sp. SXG-1	2682487	S	4385	9455	13840	0.00028
Stenotrophomonas sp. DR822	2871174	S	3322	922	4244	0.00009
Stenotrophomonas sp. JC08	3445779	S	2989	47	3036	0.00006
Stenotrophomonas sp. LGBM10	3390038	S	2661	67	2728	0.00006
Stenotrophomonas sp. SI-NJAU-1	2886359	S	2159	1297	3456	0.00007
Stenotrophomonas sp. G4	2303750	S	2099	1254	3353	0.00007
Stenotrophomonas sp. LM091	1904944	S	1839	137	1976	0.00004
Stenotrophomonas sp. MYb57	1827305	S	1801	1784	3585	0.00007
Stenotrophomonas sp. Pemsol	2040586	S	1322	2351	3673	0.00007
Stenotrophomonas sp. 169	2770322	S	1191	62	1253	0.00003
Stenotrophomonas sp. T8	3446365	S	1086	3012	4098	0.00008
Stenotrophomonas sp. EMP41	3396625	S	1049	2590	3639	0.00007
Stenotrophomonas sp. PSU-St7	3569649	S	1018	1803	2821	0.00006
Stenotrophomonas sp. WHRI 8082	3162571	S	909	50	959	0.00002
Stenotrophomonas sp. NY11291	2939415	S	893	1467	2360	0.00005
Stenotrophomonas sp. 364	2691571	S	782	296	1078	0.00002
Stenotrophomonas sp. P2112	3308998	S	584	1678	2262	0.00005
Stenotrophomonas sp. Y-13	3384161	S	513	248	761	0.00002
Stenotrophomonas sp. STK1_22	3395907	S	100	1377	1477	0.00003
Stenotrophomonas sp. FSL W7-1447	2954546	S	55	1693	1748	0.00004
Stenotrophomonas sp. LC732	3458628	S	32	420	452	0.00001
Stenotrophomonas sp. 17(2023)	3051123	S	32	40	72	0.00000
Stenotrophomonas sp. PAMC25021	2565559	S	23	1499	1522	0.00003
Stenotrophomonas sp. 8(2023)	3051122	S	16	32006	32022	0.00065
Stenotrophomonas sp. As-6	3051116	S	10	89813	89823	0.00181
Stenotrophomonas indicatrix	2045451	S	28644	12475	41119	0.00083
Stenotrophomonas geniculata	86188	S	15631	15332	30963	0.00062
Stenotrophomonas rhizophila	216778	S	12669	1040	13709	0.00028
Stenotrophomonas tuberculopleuritidis	3055079	S	11196	717	11913	0.00024
Stenotrophomonas lactitubi	2045214	S	10649	1515	12164	0.00025
Stenotrophomonas muris	2963283	S	6698	14161	20859	0.00042
Stenotrophomonas cyclobalanopsidis	2771362	S	4719	403	5122	0.00010
Stenotrophomonas lacuserhaii	2760084	S	3777	57	3834	0.00008
Stenotrophomonas nematodicola	2656746	S	2753	79	2832	0.00006
Stenotrophomonas oahuensis	3003271	S	2738	17	2755	0.00006
Stenotrophomonas acidaminiphila	128780	S	2143	1113	3256	0.00007
Stenotrophomonas pigmentata	3055080	S	2126	15	2141	0.00004
Stenotrophomonas bentonitica	1450134	S	1724	272	1996	0.00004
Stenotrophomonas aracearum	3003272	S	1390	35	1425	0.00003
Stenotrophomonas nitritireducens	83617	S	882	553	1435	0.00003
Xanthomonas arboricola	56448	S	4010	3190	7200	0.00015
Xanthomonas oryzae	347	S	1270	94	1364	0.00003
Xanthomonas sp. 10-10	3115848	S	277	8	285	0.00001
Xanthomonas sp. SI	2724123	S	250	40	290	0.00001
Xanthomonas sp. CFBP 8445	2971236	S	147	18	165	0.00000
Xanthomonas sp. NCPPB 2632	3240912	S	126	0	126	0.00000
Xanthomonas sp. NCPPB 3005	3240913	S	67	5	72	0.00000
Xanthomonas sp. WHRI 6108	3161567	S	47	39	86	0.00000
Xanthomonas sp. NCPPB 4037	487568	S	43	26	69	0.00000
Xanthomonas sp. AM6	2982531	S	41	2	43	0.00000
Xanthomonas sp. CFBP 8443	2971235	S	20	0	20	0.00000
Xanthomonas sp. NCPPB 3582	487557	S	17	5	22	0.00000
Xanthomonas sp. NCPPB 1325	487529	S	12	2	14	0.00000
Xanthomonas campestris	339	S	889	1154	2043	0.00004
Xanthomonas graminis	3390026	S	522	19	541	0.00001
Xanthomonas translucens	343	S	120	26	146	0.00000
Xanthomonas cerealis	3390025	S	83	8	91	0.00000
Xanthomonas hortorum	56454	S	696	63	759	0.00002
Xanthomonas albilineans	29447	S	621	1	622	0.00001
Xanthomonas sacchari	56458	S	341	69	410	0.00001
Xanthomonas theicola	56464	S	229	5	234	0.00000
Xanthomonas vesicatoria	56460	S	223	10	233	0.00000
Xanthomonas sontii	2650745	S	222	142	364	0.00001
Xanthomonas citri	346	S	214	511	725	0.00001
Xanthomonas cannabis	1885674	S	169	32	201	0.00000
Xanthomonas axonopodis	53413	S	139	169	308	0.00001
Xanthomonas fragariae	48664	S	115	1	116	0.00000
Xanthomonas prunicola	2053930	S	101	3	104	0.00000
Xanthomonas vasicola	56459	S	92	4	96	0.00000
Xanthomonas dyei	743699	S	79	217	296	0.00001
Xanthomonas boreopolis	86183	S	75	0	75	0.00000
Xanthomonas tesorieronis	3160839	S	71	3	74	0.00000
Xanthomonas indica	2912242	S	66	9	75	0.00000
Xanthomonas hawaiiensis	3003247	S	65	6	71	0.00000
Xanthomonas hyacinthi	56455	S	61	3	64	0.00000
Xanthomonas medicagonis	3160841	S	49	1	50	0.00000
Xanthomonas nasturtii	1843581	S	41	1	42	0.00000
Xanthomonas phaseoli	1985254	S	31	220	251	0.00001
Xanthomonas hydrangeae	2775159	S	28	2	30	0.00000
Xanthomonas cassavae	56450	S	28	1	29	0.00000
Xanthomonas euroxanthea	2259622	S	23	11	34	0.00000
Xanthomonas rydalmerensis	3046274	S	12	0	12	0.00000
Pseudoxanthomonas sp. SL93	2995142	S	419	10	429	0.00001
Pseudoxanthomonas sp.	1871049	S	332	2	334	0.00001
Pseudoxanthomonas sp. SE1	1664560	S	288	21	309	0.00001
Pseudoxanthomonas sp. JBR18	2969308	S	280	2	282	0.00001
Pseudoxanthomonas sp. X-1	2571115	S	196	25	221	0.00000
Pseudoxanthomonas sp. UC19_8	3350175	S	14	7	21	0.00000
Pseudoxanthomonas winnipegensis	2480810	S	665	427	1092	0.00002
Pseudoxanthomonas suwonensis	314722	S	452	6	458	0.00001
Pseudoxanthomonas mexicana	128785	S	392	109	501	0.00001
Pseudoxanthomonas japonensis	69284	S	337	53	390	0.00001
Pseudoxanthomonas spadix	415229	S	219	10	229	0.00000
Pseudoxanthomonas beigongshangi	2782537	S	191	1	192	0.00000
Pseudoxanthomonas daejeonensis	266062	S	55	0	55	0.00000
Pseudoxanthomonas koreensis	266061	S	52	0	52	0.00000
Lysobacter sp. CW239	2762611	S	523	14	537	0.00001
Lysobacter sp. S4-A87	2925843	S	194	19	213	0.00000
Lysobacter sp. HDW10	2714936	S	190	2	192	0.00000
Lysobacter sp. FW306-1B-D06B	3140250	S	111	7	118	0.00000
Lysobacter sp. K5869	2820808	S	67	14	81	0.00000
Lysobacter sp. H21R4	2781021	S	58	39	97	0.00000
Lysobacter sp. Hz 25	3383698	S	37	11	48	0.00000
Lysobacter sp. 5GHs7-4	2904253	S	30	2	32	0.00000
Lysobacter sp. KIS68-7	2904252	S	25	0	25	0.00000
Lysobacter sp. TY2-98	2290922	S	16	0	16	0.00000
Lysobacter sp. H23M47	2781024	S	14	17	31	0.00000
Lysobacter capsici	435897	S	572	603	1175	0.00002
Lysobacter enzymogenes	69	S	227	243	470	0.00001
Lysobacter firmicutimachus	1792846	S	120	7	127	0.00000
Lysobacter arenosi	2795387	S	82	6	88	0.00000
Lysobacter antibioticus	84531	S	76	17	93	0.00000
Lysobacter soyae	2764185	S	67	0	67	0.00000
Lysobacter soli	453783	S	63	4	67	0.00000
Lysobacter auxotrophicus	2992573	S	29	3	32	0.00000
Lysobacter yananisis	1003114	S	10	59	69	0.00000
Luteimonas sp. JM171	1896164	S	661	46	707	0.00001
Luteimonas sp. YGD11-2	2508168	S	218	13	231	0.00000
Luteimonas sp. R10	3108176	S	80	0	80	0.00000
Luteimonas sp. S4-F44	2925842	S	61	0	61	0.00000
Luteimonas sp. MC1750	2799326	S	60	1	61	0.00000
Luteimonas sp. MC1825	2761107	S	49	3	52	0.00000
Luteimonas sp. MC1572	2799325	S	18	1	19	0.00000
Luteimonas sp. WGS1318	3366815	S	10	0	10	0.00000
Luteimonas chenhongjianii	2006110	S	115	2	117	0.00000
Luteimonas yindakuii	2565782	S	36	1	37	0.00000
Luteimonas granuli	1176533	S	24	0	24	0.00000
Luteimonas fraxinea	2901869	S	20	0	20	0.00000
Luteimonas dalianensis	1148196	S	15	1	16	0.00000
Thermomonas aquatica	2202149	S	336	1	337	0.00001
Thermomonas sp. XSG	2771436	S	77	30	107	0.00000
Thermomonas sp. HDW16	2714945	S	75	0	75	0.00000
Thermomonas brevis	215691	S	121	0	121	0.00000
Thermomonas paludicola	2884874	S	95	0	95	0.00000
Thermomonas carbonis	1463158	S	40	0	40	0.00000
Arenimonas daejeonensis	370777	S	333	0	333	0.00001
Agrilutibacter solisilvae	2763317	S	226	1	227	0.00000
Agrilutibacter terrestris	2865112	S	16	0	16	0.00000
Marilutibacter alkalisoli	2591633	S	147	1	148	0.00000
Marilutibacter maris	1605891	S	35	0	35	0.00000
Xylella fastidiosa	2371	S	132	16	148	0.00000
Xylella taiwanensis	1444770	S	11	0	11	0.00000
Novilysobacter luteus	2822368	S	17	0	17	0.00000
Novilysobacter ciconiae	2781022	S	10	0	10	0.00000
Pseudoluteimonas lycopersici	1324796	S	16	0	16	0.00000
Solilutibacter oculi	2698682	S	11	0	11	0.00000
Dyella sp. Tek66A03	3458298	S	233	16	249	0.00001
Dyella sp. M7H15-1	2501295	S	179	2	181	0.00000
Dyella sp. 20L07	3384240	S	133	6	139	0.00000
Dyella sp. BiH032	3075430	S	53	3	56	0.00000
Dyella sp. GSA-30	2994496	S	27	1	28	0.00000
Dyella jiangningensis	1379159	S	374	23	397	0.00001
Dyella caseinilytica	1849581	S	249	3	252	0.00001
Dyella japonica	231455	S	178	18	196	0.00000
Dyella aluminiiresistens	3069105	S	148	5	153	0.00000
Dyella thailandensis	3422216	S	99	10	109	0.00000
Dyella marensis	500610	S	79	8	87	0.00000
Dyella terrae	522259	S	41	1	42	0.00000
Dyella thiooxydans	445710	S	35	2	37	0.00000
Dyella kyungheensis	1242174	S	27	2	29	0.00000
Dyella telluris	2763498	S	26	2	28	0.00000
Dyella acidisoli	1867834	S	25	0	25	0.00000
Dyella nitratireducens	1849580	S	21	0	21	0.00000
Dyella halodurans	1920171	S	18	1	19	0.00000
Luteibacter aegosomatissinici	2911539	S	466	10	476	0.00001
Luteibacter rhizovicinus	242606	S	430	6	436	0.00001
Luteibacter pinisoli	2589080	S	228	5	233	0.00000
Luteibacter aegosomatis	2911537	S	141	4	145	0.00000
Luteibacter aegosomaticola	2911538	S	104	2	106	0.00000
Luteibacter flocculans	2780091	S	84	2	86	0.00000
Luteibacter sp. Lutesp34	3243030	S	62	15	77	0.00000
Luteibacter sp. E-22	3404050	S	13	0	13	0.00000
Luteibacter anthropi	564369	S	36	0	36	0.00000
Luteibacter yeojuensis	345309	S	34	2	36	0.00000
Rhodanobacter sp. Col0626	3415679	S	334	27	361	0.00001
Rhodanobacter sp. AS-Z3	3031330	S	126	8	134	0.00000
Rhodanobacter sp. FDAARGOS 1247	2778082	S	115	282	397	0.00001
Rhodanobacter sp. BL-MT-08	3242500	S	25	1	26	0.00000
Rhodanobacter thiooxydans	416169	S	155	82	237	0.00000
Rhodanobacter denitrificans	666685	S	133	68	201	0.00000
Rhodanobacter glycinis	582702	S	19	0	19	0.00000
Rhodanobacter soli	590609	S	13	5	18	0.00000
Tahibacter sp. UC22_41	3350178	S	905	7	912	0.00002
Tahibacter amnicola	2976241	S	253	1	254	0.00001
Dokdonella koreensis	323415	S	641	6	647	0.00001
Dokdonella sp. MW10	2992926	S	456	3	459	0.00001
Pseudolysobacter antarcticus	2511995	S	219	0	219	0.00000
Ahniella affigens	2021234	S	210	0	210	0.00000
Frateuria aurantia	81475	S	103	3	106	0.00000
Frateuria soli	1542730	S	73	10	83	0.00000
Aerosticca soli	2010829	S	91	12	103	0.00000
Marinicella algicola	3023713	S	393	0	393	0.00001
Pseudomonas sp. J380	2605424	S	30645	29618	60263	0.00122
Pseudomonas sp. CCI1.1	3048613	S	29147	166947	196094	0.00396
Pseudomonas sp. KT_2_4	3241600	S	29050	213155	242205	0.00489
Pseudomonas sp. B16120	3235108	S	28617	150436	179053	0.00361
Pseudomonas sp. FSL L8-0168	2921518	S	24282	176173	200455	0.00404
Pseudomonas sp. MYb193	1827300	S	22495	16389	38884	0.00078
Pseudomonas sp. AK181	3097255	S	10402	7604	18006	0.00036
Pseudomonas sp. FP215	2738126	S	8760	20377	29137	0.00059
Pseudomonas sp. FJ2-5-13	2976884	S	8025	7222	15247	0.00031
Pseudomonas sp. FDAARGOS_380	2018067	S	3143	6980	10123	0.00020
Pseudomonas sp. LS44	1357074	S	2213	28	2241	0.00005
Pseudomonas sp. A014	3458058	S	2008	1579	3587	0.00007
Pseudomonas sp. FP597	2954096	S	1976	232	2208	0.00004
Pseudomonas sp. R5-89-07	658644	S	1926	407	2333	0.00005
Pseudomonas sp. FP453	2954094	S	1508	203	1711	0.00003
Pseudomonas sp. S09G 359	2054919	S	1422	178	1600	0.00003
Pseudomonas sp. MUP55	3087234	S	1407	259	1666	0.00003
Pseudomonas sp. NUPR-001	3416058	S	1403	141	1544	0.00003
Pseudomonas sp. FP2338	2954093	S	1395	256	1651	0.00003
Pseudomonas sp. PSKL.D1	3029060	S	1313	51	1364	0.00003
Pseudomonas sp. FP2335	2954092	S	1299	150	1449	0.00003
Pseudomonas sp. LG1E9	2219057	S	1279	196	1475	0.00003
Pseudomonas sp. CCC3.1	3048607	S	1264	78	1342	0.00003
Pseudomonas sp. SL4(2022)	2994661	S	1188	34	1222	0.00002
Pseudomonas sp. B22129	3235111	S	1080	131	1211	0.00002
Pseudomonas sp. P9_2	3043447	S	1079	6705	7784	0.00016
Pseudomonas sp. ADAK18	2730848	S	1073	51	1124	0.00002
Pseudomonas sp. FP2309	2954091	S	1055	109	1164	0.00002
Pseudomonas sp. Ost2	2678260	S	1051	47	1098	0.00002
Pseudomonas sp. JQ170C	3110111	S	1043	81	1124	0.00002
Pseudomonas sp. S35	1573719	S	1006	137	1143	0.00002
Pseudomonas sp. HN8-3	2886361	S	986	1627	2613	0.00005
Pseudomonas sp. LB3P31	3682575	S	939	52	991	0.00002
Pseudomonas sp. HN11	1344094	S	895	100	995	0.00002
Pseudomonas sp. NyZ201	3409857	S	857	29	886	0.00002
Pseudomonas sp. ABC1	2748080	S	843	16	859	0.00002
Pseudomonas sp. OST1909	2777367	S	817	4415	5232	0.00011
Pseudomonas sp. M30-35	1981174	S	817	5	822	0.00002
Pseudomonas sp. SG20056	3074146	S	815	43	858	0.00002
Pseudomonas sp. MDT2-39-1	1259591	S	785	209	994	0.00002
Pseudomonas sp. PB3P13	3682587	S	774	36	810	0.00002
Pseudomonas sp. TCU-HL1	1856685	S	764	15	779	0.00002
Pseudomonas sp. MPB23	3388490	S	756	156	912	0.00002
Pseudomonas sp. L7	3388343	S	747	91	838	0.00002
Pseudomonas sp. BR20	3137452	S	728	173	901	0.00002
Pseudomonas sp. McL0111	3457357	S	713	53	766	0.00002
Pseudomonas sp. NS1(2017)	2025658	S	668	175	843	0.00002
Pseudomonas sp. Lz4W	1206777	S	656	33	689	0.00001
Pseudomonas sp. MM211	2866808	S	650	11	661	0.00001
Pseudomonas sp. WMBT8	3414496	S	641	84	725	0.00001
Pseudomonas sp. A34-9	3034675	S	627	123	750	0.00002
Pseudomonas sp. KnCO4	3381355	S	627	289	916	0.00002
Pseudomonas sp. P8_241	3043445	S	626	43	669	0.00001
Pseudomonas sp. HR96	1027966	S	601	14	615	0.00001
Pseudomonas sp. ML2-2023-3	3122375	S	583	91	674	0.00001
Pseudomonas sp. SA195	2937879	S	576	7	583	0.00001
Pseudomonas sp. S2_H01	3233487	S	555	18	573	0.00001
Pseudomonas sp. ADAK13	2730847	S	548	69	617	0.00001
Pseudomonas sp. DC1.2	3048622	S	545	19	564	0.00001
Pseudomonas sp. YJ42	3392115	S	541	6	547	0.00001
Pseudomonas sp. CYM-20-01	2870750	S	533	169	702	0.00001
Pseudomonas sp. NA-150	3367525	S	524	8	532	0.00001
Pseudomonas sp. R76	1573711	S	524	178	702	0.00001
Pseudomonas sp. B21-023	2895477	S	523	4878	5401	0.00011
Pseudomonas sp. MH9.2	3048629	S	522	7	529	0.00001
Pseudomonas sp. TMB3-21	1259620	S	518	25	543	0.00001
Pseudomonas sp. MPB26	3388491	S	517	105	622	0.00001
Pseudomonas sp. FP2294	2954089	S	517	4252	4769	0.00010
Pseudomonas sp. StFLB209	1028989	S	509	13	522	0.00001
Pseudomonas sp. JS425	2829498	S	508	16883	17391	0.00035
Pseudomonas sp. DG56-2	2320270	S	507	19	526	0.00001
Pseudomonas sp. PDNC002	2811422	S	499	48	547	0.00001
Pseudomonas sp. PL-6	3478411	S	497	29	526	0.00001
Pseudomonas sp. GXZC	3003351	S	492	202	694	0.00001
Pseudomonas sp. QE6	3242491	S	490	141	631	0.00001
Pseudomonas sp. DTU_2021_1001937_2_SI_NGA_ILE_001	3077589	S	480	12	492	0.00001
Pseudomonas sp. D3	517398	S	472	104	576	0.00001
Pseudomonas sp. KU43P	2487887	S	456	32	488	0.00001
Pseudomonas sp. L5B5	2883205	S	454	31	485	0.00001
Pseudomonas sp. CC6-YY-74	1930532	S	439	48	487	0.00001
Pseudomonas sp. ABY48	3402865	S	425	93	518	0.00001
Pseudomonas sp. KNUC1026	2893890	S	419	9	428	0.00001
Pseudomonas sp. p1(2021b)	2874628	S	418	86	504	0.00001
Pseudomonas sp. R2-37-08W	1173273	S	413	1191	1604	0.00003
Pseudomonas sp. MH9.3	3048630	S	411	120	531	0.00001
Pseudomonas sp. Marseille-QA0892	3477505	S	404	1	405	0.00001
Pseudomonas sp. OE 28.3	2745519	S	401	1036	1437	0.00003
Pseudomonas sp. 10S4	3048583	S	401	35	436	0.00001
Pseudomonas sp. LB1P83	3682578	S	382	118	500	0.00001
Pseudomonas sp. LB3P93	3682572	S	380	113	493	0.00001
Pseudomonas sp. Q1-7	3020843	S	377	25	402	0.00001
Pseudomonas sp. ZT5P21	3682582	S	365	34	399	0.00001
Pseudomonas sp. HLS-6	2049589	S	364	26	390	0.00001
Pseudomonas sp. HN2-3	2886360	S	361	2527	2888	0.00006
Pseudomonas sp. NFX224	3402862	S	360	48	408	0.00001
Pseudomonas sp. X10	484423	S	359	8	367	0.00001
Pseudomonas sp. R3-18-08	1173283	S	359	597	956	0.00002
Pseudomonas sp. FP2196	2954086	S	354	41	395	0.00001
Pseudomonas sp. R1-7	2817398	S	352	58	410	0.00001
Pseudomonas sp. B33.4	3104265	S	352	113	465	0.00001
Pseudomonas sp. Marseille-QA0332	3477504	S	351	5	356	0.00001
Pseudomonas sp. NIBRBAC000502773	2590776	S	346	237	583	0.00001
Pseudomonas sp. Seg1	2678259	S	346	46	392	0.00001
Pseudomonas sp. F3-2	3141539	S	345	5	350	0.00001
Pseudomonas sp. TMP25	3136561	S	334	290	624	0.00001
Pseudomonas sp. LS1212	2972478	S	330	7	337	0.00001
Pseudomonas sp. REST10	2512235	S	326	319	645	0.00001
Pseudomonas sp. WOUb67	3161136	S	319	61	380	0.00001
Pseudomonas sp. MYb327	2745230	S	314	28	342	0.00001
Pseudomonas sp. OIL-1	2706126	S	304	71	375	0.00001
Pseudomonas sp. J452	2898441	S	304	14	318	0.00001
Pseudomonas sp. G.S.17	3137451	S	296	6	302	0.00001
Pseudomonas sp. KU26590	2991051	S	292	12	304	0.00001
Pseudomonas sp. R4-35-07	658643	S	292	1236	1528	0.00003
Pseudomonas sp. CBS	2971912	S	290	107	397	0.00001
Pseudomonas sp. C27(2019)	2604941	S	289	1	290	0.00001
Pseudomonas sp. N3-W	2975049	S	288	20	308	0.00001
Pseudomonas sp. nanlin1	3040605	S	280	5	285	0.00001
Pseudomonas sp. N2-3-1-14	3240264	S	276	504	780	0.00002
Pseudomonas sp. bs2935	1761895	S	276	14689	14965	0.00030
Pseudomonas sp. S2_H10	3233489	S	271	56	327	0.00001
Pseudomonas sp. AK106	2937872	S	267	17	284	0.00001
Pseudomonas sp. MPFS	2795724	S	267	375	642	0.00001
Pseudomonas sp. DTU12.3	2073078	S	266	38	304	0.00001
Pseudomonas sp. DR48	2871095	S	260	56	316	0.00001
Pseudomonas sp. Pseusp16	3243021	S	257	40	297	0.00001
Pseudomonas sp. LRP2-20	2944234	S	257	27	284	0.00001
Pseudomonas sp. App30	3068990	S	247	7	254	0.00001
Pseudomonas sp. S2_F03	3233484	S	246	301	547	0.00001
Pseudomonas sp. IzPS59	2774459	S	246	128	374	0.00001
Pseudomonas sp. NMS19W	3079768	S	240	104	344	0.00001
Pseudomonas sp. BW7P1	2973088	S	239	26	265	0.00001
Pseudomonas sp. S34	1573718	S	235	49	284	0.00001
Pseudomonas sp. SK3(2021)	2841064	S	233	90	323	0.00001
Pseudomonas sp. R3-56	2817401	S	232	570	802	0.00002
Pseudomonas sp. PP3	2815936	S	230	47	277	0.00001
Pseudomonas sp. HN2	2884805	S	229	795	1024	0.00002
Pseudomonas sp. YH-1	3384787	S	224	22	246	0.00000
Pseudomonas sp. MM227	3019968	S	221	7	228	0.00000
Pseudomonas sp. WJP1	2986947	S	220	23	243	0.00000
Pseudomonas sp. DR 5-09	1534110	S	220	224	444	0.00001
Pseudomonas sp. microsymbiont 2	3470626	S	216	24	240	0.00000
Pseudomonas sp. N4	571124	S	212	34	246	0.00000
Pseudomonas sp. R11-23-07	658632	S	211	1280	1491	0.00003
Pseudomonas sp. P5_109	3043441	S	209	39	248	0.00001
Pseudomonas sp. PSE1(2024)	3228746	S	207	425	632	0.00001
Pseudomonas sp. ADAK22	2730851	S	207	376	583	0.00001
Pseudomonas sp. UBT	3239198	S	201	381	582	0.00001
Pseudomonas sp. YeP6b	2861775	S	200	848	1048	0.00002
Pseudomonas sp. JQ36	3453660	S	199	77	276	0.00001
Pseudomonas sp. Hz4	1259581	S	194	88	282	0.00001
Pseudomonas sp. LBUM920	2126069	S	192	346	538	0.00001
Pseudomonas sp. OHS18	3399679	S	191	5	196	0.00000
Pseudomonas sp. REB1044	2675224	S	190	120	310	0.00001
Pseudomonas sp. AN-1	3096605	S	190	8	198	0.00000
Pseudomonas sp. 7SR1	1881017	S	189	9	198	0.00000
Pseudomonas sp. RHF3.3-3	3396624	S	186	230	416	0.00001
Pseudomonas sp. MTM4	2705472	S	185	8	193	0.00000
Pseudomonas sp. B19125	3235109	S	182	468	650	0.00001
Pseudomonas sp. GB2N2	3682586	S	182	12	194	0.00000
Pseudomonas sp. CMR5c	658630	S	180	164	344	0.00001
Pseudomonas sp. LB3P14	3682577	S	179	47	226	0.00000
Pseudomonas sp. HT11	3230490	S	179	342	521	0.00001
Pseudomonas sp. NFX183	3399573	S	178	321	499	0.00001
Pseudomonas sp. ATCC 13867	1294143	S	177	17	194	0.00000
Pseudomonas sp. ZS1P83	3682581	S	177	66	243	0.00000
Pseudomonas sp. SC11	326927	S	175	150	325	0.00001
Pseudomonas sp. GOM7	2998079	S	175	274	449	0.00001
Pseudomonas sp. MDT1-85	1259590	S	170	37	207	0.00000
Pseudomonas sp. B21-053	2895493	S	167	34	201	0.00000
Pseudomonas sp. H1_A03	3233414	S	166	455	621	0.00001
Pseudomonas sp. FGI182	1259844	S	166	263	429	0.00001
Pseudomonas sp. LG1D9	2083054	S	163	391	554	0.00001
Pseudomonas sp. CLCA07	3468842	S	163	19	182	0.00000
Pseudomonas sp. B21128	3235110	S	161	66	227	0.00000
Pseudomonas sp. GCEP-101	2974552	S	159	15	174	0.00000
Pseudomonas sp. SCB32	2653853	S	156	9	165	0.00000
Pseudomonas sp. Emmai	3683594	S	154	22	176	0.00000
Pseudomonas sp. ArH3a	2862945	S	150	615	765	0.00002
Pseudomonas sp. AO-1	2855434	S	150	88	238	0.00000
Pseudomonas sp. R4-34-07	658642	S	148	559	707	0.00001
Pseudomonas sp. FP1911	2954081	S	145	8479	8624	0.00017
Pseudomonas sp. Stari2	2954814	S	145	38	183	0.00000
Pseudomonas sp. G11	528343	S	143	668	811	0.00002
Pseudomonas sp. XS1P51	3682580	S	140	15	155	0.00000
Pseudomonas sp. RtIB026	2749999	S	140	38	178	0.00000
Pseudomonas sp. DR208	2870840	S	139	579	718	0.00001
Pseudomonas sp. LPB0260	2614442	S	139	43	182	0.00000
Pseudomonas sp. Tri1	2823875	S	138	311	449	0.00001
Pseudomonas sp. G2-4	1506334	S	136	15	151	0.00000
Pseudomonas sp. W03	3090666	S	135	356	491	0.00001
Pseudomonas sp. TE3-3-F2023	3119004	S	134	36	170	0.00000
Pseudomonas sp. HS6	2850559	S	134	27	161	0.00000
Pseudomonas sp. B21-021	2895476	S	134	285	419	0.00001
Pseudomonas sp. S3_A03	3233490	S	134	589	723	0.00001
Pseudomonas sp. H1_D04	3233417	S	131	261	392	0.00001
Pseudomonas sp. LS.1a	2920387	S	130	30	160	0.00000
Pseudomonas sp. R2-7-07	658641	S	127	805	932	0.00002
Pseudomonas sp. LB3P25	3682573	S	124	30	154	0.00000
Pseudomonas sp. 9.2(2024)	3144666	S	124	70	194	0.00000
Pseudomonas sp. S1_E04	3233460	S	119	26411	26530	0.00054
Pseudomonas sp. R1-43-08	1173270	S	118	448	566	0.00001
Pseudomonas sp. RT4P38	3682584	S	114	66	180	0.00000
Pseudomonas sp. So3.2b	2864101	S	114	820	934	0.00002
Pseudomonas sp. R3-52-08	1173284	S	108	415	523	0.00001
Pseudomonas sp. MLB6B	3448670	S	106	4	110	0.00000
Pseudomonas sp. MAC6	3401633	S	105	5	110	0.00000
Pseudomonas sp. 15A4	2804761	S	104	15	119	0.00000
Pseudomonas sp. 31-12	2201356	S	104	18	122	0.00000
Pseudomonas sp. FP1742	2954079	S	102	34	136	0.00000
Pseudomonas sp. R4-39-08	1173288	S	101	391	492	0.00001
Pseudomonas sp. CF10PS3	3466052	S	100	184	284	0.00001
Pseudomonas sp. MAG733B	3122079	S	98	29	127	0.00000
Pseudomonas sp. R2-60-08W	1173280	S	97	421	518	0.00001
Pseudomonas sp. FP2254	2954087	S	96	128	224	0.00000
Pseudomonas sp. TMP9	3133144	S	96	87	183	0.00000
Pseudomonas sp. CP4	3388844	S	90	34	124	0.00000
Pseudomonas sp. B21-047	2895489	S	89	122	211	0.00000
Pseudomonas sp. JS3066	3090665	S	88	305	393	0.00001
Pseudomonas sp. NC02	2067572	S	87	237	324	0.00001
Pseudomonas sp. FP818	2954099	S	87	604	691	0.00001
Pseudomonas sp. HOU2	3230301	S	87	30	117	0.00000
Pseudomonas sp. PLMAX	2201998	S	87	45	132	0.00000
Pseudomonas sp. Z003-0.4C(8344-21)	1855380	S	86	53	139	0.00000
Pseudomonas sp. WCS374	1495331	S	85	2395	2480	0.00005
Pseudomonas sp. B10	118613	S	85	107	192	0.00000
Pseudomonas sp. NY11382	2939495	S	85	234	319	0.00001
Pseudomonas sp. S3_E10	3233500	S	82	890	972	0.00002
Pseudomonas sp. B21-056	2895495	S	81	8	89	0.00000
Pseudomonas sp. AN-B15	2697023	S	79	124	203	0.00000
Pseudomonas sp. UW4	1207075	S	79	73	152	0.00000
Pseudomonas sp. MRSN 12121	1611770	S	77	57	134	0.00000
Pseudomonas sp. GT1P32	3682583	S	77	26	103	0.00000
Pseudomonas sp. 273	75692	S	77	12	89	0.00000
Pseudomonas sp. B21-012	2895472	S	76	213	289	0.00001
Pseudomonas sp. COR18	3399680	S	74	89	163	0.00000
Pseudomonas sp. ACM7	2052956	S	74	76	150	0.00000
Pseudomonas sp. NFX1	2201355	S	73	40	113	0.00000
Pseudomonas sp. B21-010	2895471	S	73	340	413	0.00001
Pseudomonas sp. RSB 5.4	3127459	S	72	41	113	0.00000
Pseudomonas sp. B21-051	2895491	S	70	32	102	0.00000
Pseudomonas sp. SK	2729423	S	69	61	130	0.00000
Pseudomonas sp. LS2P72	3682579	S	69	21	90	0.00000
Pseudomonas sp. GR 6-02	1659194	S	68	274	342	0.00001
Pseudomonas sp. E102	181579	S	66	543	609	0.00001
Pseudomonas sp. NEEL19	2867409	S	65	98	163	0.00000
Pseudomonas sp. 02C 26	2054914	S	65	95	160	0.00000
Pseudomonas sp. R1-15	2817399	S	64	238	302	0.00001
Pseudomonas sp. S3_A09	3233491	S	64	717	781	0.00002
Pseudomonas sp. HLT2-19-2	1259575	S	63	36	99	0.00000
Pseudomonas sp. MS646	3118751	S	62	219	281	0.00001
Pseudomonas sp. Z2-11	2937882	S	62	158	220	0.00000
Pseudomonas sp. FP1740	2954078	S	61	61	122	0.00000
Pseudomonas sp. Y39-6	2749807	S	60	406	466	0.00001
Pseudomonas sp. MM213	2866807	S	60	33	93	0.00000
Pseudomonas sp. S49	1573720	S	59	285	344	0.00001
Pseudomonas sp. FP198	2954084	S	58	32	90	0.00000
Pseudomonas sp. CCOS 191	1649877	S	56	26	82	0.00000
Pseudomonas sp. Z8(2022)	2962597	S	56	26	82	0.00000
Pseudomonas sp. P9_31	3043448	S	55	86	141	0.00000
Pseudomonas sp. S2_A05	3233468	S	55	325	380	0.00001
Pseudomonas sp. R84	1573712	S	55	431	486	0.00001
Pseudomonas sp. DTU12.1	2654238	S	54	125	179	0.00000
Pseudomonas sp. Z1-12	2817408	S	51	41	92	0.00000
Pseudomonas sp. SO81	2983246	S	50	1	51	0.00000
Pseudomonas sp. Colony2	2861799	S	50	162	212	0.00000
Pseudomonas sp. A1230	3235106	S	47	85	132	0.00000
Pseudomonas sp. SA233	2937880	S	46	234	280	0.00001
Pseudomonas sp. BF61	2741068	S	46	0	46	0.00000
Pseudomonas sp. MDT1-16	1259584	S	45	25	70	0.00000
Pseudomonas sp. C9-3	3078264	S	44	12	56	0.00000
Pseudomonas sp. VD9	3342076	S	44	1360	1404	0.00003
Pseudomonas sp. St29	1500687	S	44	162	206	0.00000
Pseudomonas sp. B21-048	2895490	S	44	10	54	0.00000
Pseudomonas sp. B21-054	2895494	S	43	7	50	0.00000
Pseudomonas sp. St316	2678257	S	43	10	53	0.00000
Pseudomonas sp. Leaf58	1736226	S	42	59	101	0.00000
Pseudomonas sp. WHRI 8519	3162567	S	40	58	98	0.00000
Pseudomonas sp. H3_C08	3233440	S	40	144	184	0.00000
Pseudomonas sp. SC3(2021)	2871493	S	39	140	179	0.00000
Pseudomonas sp. LTJR-52	2479392	S	39	26	65	0.00000
Pseudomonas sp. MBLB4136	3451558	S	39	8	47	0.00000
Pseudomonas sp. S2_A02	3233467	S	39	12	51	0.00000
Pseudomonas sp. 3-2	2867408	S	38	37	75	0.00000
Pseudomonas sp. TMW 2.1634	1886807	S	38	160	198	0.00000
Pseudomonas sp. PONIH3	1636610	S	37	184	221	0.00000
Pseudomonas sp. H1_G08	3233421	S	36	651	687	0.00001
Pseudomonas sp. R1-1	1602529	S	36	18	54	0.00000
Pseudomonas sp. 09C 129	2054915	S	34	63	97	0.00000
Pseudomonas sp. H2_H03	3233434	S	33	1251	1284	0.00003
Pseudomonas sp. Nvir	2899657	S	32	147	179	0.00000
Pseudomonas sp. B21-019	2895475	S	32	25	57	0.00000
Pseudomonas sp. MPB03	3388489	S	31	27	58	0.00000
Pseudomonas sp. B21-040	2895486	S	31	34	65	0.00000
Pseudomonas sp. CFSAN084952	2664899	S	28	23836	23864	0.00048
Pseudomonas sp. ZY71	3115647	S	28	32	60	0.00000
Pseudomonas sp. BNK-15	3376152	S	27	71	98	0.00000
Pseudomonas sp. S2_C03	3233477	S	27	71	98	0.00000
Pseudomonas sp. R1-6	2817397	S	25	130	155	0.00000
Pseudomonas sp. Z1-29	2817410	S	25	135	160	0.00000
Pseudomonas sp. gcc21	2726989	S	24	0	24	0.00000
Pseudomonas sp. WC2401	3234143	S	24	67	91	0.00000
Pseudomonas sp. AA-38	3028807	S	23	38	61	0.00000
Pseudomonas sp. LY-1	2926673	S	22	121	143	0.00000
Pseudomonas sp. Pc102	2678261	S	22	15	37	0.00000
Pseudomonas sp. BNK-30	3376165	S	22	63	85	0.00000
Pseudomonas sp. NFX71	3399121	S	21	49	70	0.00000
Pseudomonas sp. AU10	882697	S	21	182	203	0.00000
Pseudomonas sp. MBLB4123	3451557	S	20	5	25	0.00000
Pseudomonas sp. BNK-45	3376180	S	20	83	103	0.00000
Pseudomonas sp. Z3-8	2817412	S	20	54	74	0.00000
Pseudomonas sp. SW-3	147212	S	20	105	125	0.00000
Pseudomonas sp. A2	107445	S	20	50	70	0.00000
Pseudomonas sp. Z4-7	2817413	S	19	73	92	0.00000
Pseudomonas sp. Y5-11	2749808	S	18	30	48	0.00000
Pseudomonas sp. BC42	2933816	S	18	77	95	0.00000
Pseudomonas sp. G166	3094846	S	17	39	56	0.00000
Pseudomonas sp. NY8896	3068639	S	17	437	454	0.00001
Pseudomonas sp. SWI36	2083052	S	17	41	58	0.00000
Pseudomonas sp. M1	95619	S	17	38	55	0.00000
Pseudomonas sp. CIP-10	2892442	S	16	137	153	0.00000
Pseudomonas sp. SCA2728.1_7	2825975	S	15	18	33	0.00000
Pseudomonas sp. B21-028	2895480	S	15	28	43	0.00000
Pseudomonas sp. B21-031	2895482	S	15	60	75	0.00000
Pseudomonas sp. NLJ1	3086079	S	15	52	67	0.00000
Pseudomonas sp. QL9	3242725	S	14	13	27	0.00000
Pseudomonas sp. IAC-BECa141	2793103	S	14	25	39	0.00000
Pseudomonas sp. B21-015	2895473	S	14	21	35	0.00000
Pseudomonas sp. TUM22785	3019098	S	14	12	26	0.00000
Pseudomonas sp. HS-18	2879114	S	13	36	49	0.00000
Pseudomonas sp. S150	2559074	S	13	1356	1369	0.00003
Pseudomonas sp. DNDY-54	2870860	S	13	3	16	0.00000
Pseudomonas sp. D3-10	2817392	S	13	93	106	0.00000
Pseudomonas sp. GM17	1144323	S	13	20	33	0.00000
Pseudomonas sp. NyZ480	3035289	S	13	153	166	0.00000
Pseudomonas sp. Z1-14	2817409	S	12	33	45	0.00000
Pseudomonas sp. B21-035	2895484	S	12	66	78	0.00000
Pseudomonas sp. HLG18	3449277	S	12	14	26	0.00000
Pseudomonas sp. S2_E02	3233482	S	12	52	64	0.00000
Pseudomonas sp. B14-6	2738843	S	12	44	56	0.00000
Pseudomonas sp. B21-036	2895485	S	11	38	49	0.00000
Pseudomonas sp. AE27	3127460	S	11	27	38	0.00000
Pseudomonas sp. S2_B07	3233474	S	11	38	49	0.00000
Pseudomonas sp. A6	410021	S	11	20	31	0.00000
Pseudomonas sp. S07E 245	2866278	S	11	22	33	0.00000
Pseudomonas sp. B21-032	2895483	S	10	27	37	0.00000
Pseudomonas sp. Eqa60	2799184	S	10	82	92	0.00000
Pseudomonas sp. SG20052	3074147	S	10	25	35	0.00000
Pseudomonas sp. IsoF	2821559	S	10	76	86	0.00000
Pseudomonas sp. SWI6	2083051	S	10	140	150	0.00000
Pseudomonas sp. MC6	3413494	S	10	80	90	0.00000
Pseudomonas sp. S3_H06	3233508	S	10	3100	3110	0.00006
Pseudomonas sp. URMO17WK12:I11	1283291	S	10	43	53	0.00000
Pseudomonas sp. D1-1	1040793	S	10	53	63	0.00000
Pseudomonas sp. B21-059	2895496	S	10	31	41	0.00000
Pseudomonas synxantha	47883	S	16717	9289	26006	0.00052
Pseudomonas orientalis	76758	S	9801	943	10744	0.00022
Pseudomonas fluorescens	294	S	6754	3222	9976	0.00020
Pseudomonas libanensis	75588	S	4705	1614	6319	0.00013
Pseudomonas poae	200451	S	3306	549	3855	0.00008
Pseudomonas mucidolens	46679	S	3137	1907	5044	0.00010
Pseudomonas rhodesiae	76760	S	1652	163	1815	0.00004
Pseudomonas trivialis	200450	S	1501	314	1815	0.00004
Pseudomonas azotoformans	47878	S	1467	1290	2757	0.00006
Pseudomonas brenneri	129817	S	1251	135	1386	0.00003
Pseudomonas marginalis	298	S	1202	886	2088	0.00004
Pseudomonas tolaasii	29442	S	1066	95	1161	0.00002
Pseudomonas migulae	78543	S	821	214	1035	0.00002
Pseudomonas veronii	76761	S	728	2295	3023	0.00006
Pseudomonas ogarae	1114970	S	538	236	774	0.00002
Pseudomonas cedrina	651740	S	462	87	549	0.00001
Pseudomonas congelans	200452	S	423	59	482	0.00001
Pseudomonas mediterranea	183795	S	368	141	509	0.00001
Pseudomonas koreensis	198620	S	213	170	383	0.00001
Pseudomonas extremorientalis	169669	S	210	410	620	0.00001
Pseudomonas moraviensis	321662	S	140	121	261	0.00001
Pseudomonas corrugata	47879	S	127	10	137	0.00000
Pseudomonas granadensis	1421430	S	111	40	151	0.00000
Pseudomonas mandelii	75612	S	75	193	268	0.00001
Pseudomonas petroselini	2899822	S	71	113	184	0.00000
Pseudomonas rustica	2827099	S	44	4	48	0.00000
Pseudomonas neuropathica	2730425	S	43	9	52	0.00000
Pseudomonas putida	303	S	27841	71979	99820	0.00201
Pseudomonas oryzihabitans	47885	S	1302	217	1519	0.00003
Pseudomonas fulva	47880	S	1165	2242	3407	0.00007
Pseudomonas mosselii	78327	S	262	50	312	0.00001
Pseudomonas plecoglossicida	70775	S	235	51	286	0.00001
Pseudomonas inefficax	2078786	S	207	153	360	0.00001
Pseudomonas sp. SGAir0191	2217867	S	139	50	189	0.00000
Pseudomonas shirazica	1940636	S	53	538	591	0.00001
Pseudomonas monteilii	76759	S	52	1975	2027	0.00004
Pseudomonas wadenswilerensis	1785161	S	46	7	53	0.00000
Pseudomonas lactis	1615674	S	22978	12426	35404	0.00071
Pseudomonas salmasensis	2745514	S	12610	5759	18369	0.00037
Pseudomonas syringae	317	S	3382	1714	5096	0.00010
Pseudomonas amygdali	47877	S	876	3779	4655	0.00009
Pseudomonas savastanoi	29438	S	415	1400	1815	0.00004
Pseudomonas ficuserectae	53410	S	12	14	26	0.00000
Pseudomonas viridiflava	33069	S	860	334	1194	0.00002
Pseudomonas syringae group genomosp. 7	251699	S	391	1	392	0.00001
Pseudomonas cichorii	36746	S	315	16	331	0.00001
Pseudomonas coronafaciens	53409	S	291	311	602	0.00001
Pseudomonas lijiangensis	2995658	S	141	7	148	0.00000
Pseudomonas caspiana	1451454	S	140	4	144	0.00000
Pseudomonas asturiensis	1190415	S	48	35	83	0.00000
Pseudomonas avellanae	46257	S	19	23	42	0.00000
Pseudomonas syringae group genomosp. 3	251701	S	19	122	141	0.00000
Pseudomonas chlororaphis	587753	S	5418	9040	14458	0.00029
Pseudomonas protegens	380021	S	2040	26863	28903	0.00058
Pseudomonas danubii	2497146	S	647	1596	2243	0.00005
Pseudomonas fragi	296	S	520	799	1319	0.00003
Pseudomonas piscis	2614538	S	442	219	661	0.00001
Pseudomonas lundensis	86185	S	278	7	285	0.00001
Pseudomonas sp. JDS08PS003	2497162	S	133	14	147	0.00000
Pseudomonas sessilinigenes	658629	S	26	53	79	0.00000
Pseudomonas palleroniana	191390	S	9103	548	9651	0.00019
Pseudomonas aeruginosa	287	S	2851	14742	17593	0.00035
Pseudomonas nitroreducens	46680	S	664	538	1202	0.00002
Pseudomonas multiresinivorans	95301	S	236	41	277	0.00001
Pseudomonas paraeruginosa	2994495	S	383	415	798	0.00002
Pseudomonas citronellolis	53408	S	360	355	715	0.00001
Pseudomonas anguilliseptica	53406	S	188	6	194	0.00000
Pseudomonas yamanorum	515393	S	2164	384	2548	0.00005
Pseudomonas vanderleydeniana	2745495	S	1932	75	2007	0.00004
Pseudomonas xanthosomatis	2842356	S	1886	240	2126	0.00004
Pseudomonas taetrolens	47884	S	1791	42	1833	0.00004
Pseudomonas antarctica	219572	S	1635	662	2297	0.00005
Pseudomonas entomophila	312306	S	1433	96	1529	0.00003
Pseudomonas asiatica	2219225	S	1353	7249	8602	0.00017
Pseudomonas abietaniphila	89065	S	1286	27	1313	0.00003
Pseudomonas serbica	2965074	S	1227	418	1645	0.00003
Pseudomonas parafulva	157782	S	1173	715	1888	0.00004
Pseudomonas laurentiana	2364649	S	1153	110	1263	0.00003
Pseudomonas alkylphenolica	237609	S	1074	62	1136	0.00002
Pseudomonas helleri	1608996	S	1073	40	1113	0.00002
Pseudomonas asplenii	53407	S	1037	36	1073	0.00002
Pseudomonas eucalypticola	2599595	S	977	22	999	0.00002
Pseudomonas simiae	321846	S	969	3431	4400	0.00009
Pseudomonas imrae	2992837	S	951	33	984	0.00002
Pseudomonas luteola	47886	S	884	1082	1966	0.00004
Pseudomonas lurida	244566	S	880	107	987	0.00002
Pseudomonas lini	163011	S	820	602	1422	0.00003
Pseudomonas extremaustralis	359110	S	816	122	938	0.00002
Pseudomonas canadensis	915099	S	811	208	1019	0.00002
Pseudomonas oryzae	1392877	S	780	26	806	0.00002
Pseudomonas frederiksbergensis	104087	S	744	227	971	0.00002
Pseudomonas cremoricolorata	157783	S	723	14	737	0.00001
Pseudomonas hefeiensis	2738125	S	719	68	787	0.00002
Pseudomonas arabinosi	3398357	S	717	173	890	0.00002
Pseudomonas kurunegalensis	485880	S	705	2135	2840	0.00006
Pseudomonas muyukensis	2842357	S	682	66	748	0.00002
Pseudomonas azerbaijanoccidentalis	2842347	S	645	114	759	0.00002
Pseudomonas pohangensis	364197	S	644	2	646	0.00001
Pseudomonas marincola	437900	S	618	25	643	0.00001
Pseudomonas soli	1306993	S	609	1288	1897	0.00004
Pseudomonas abieticivorans	2931382	S	609	10	619	0.00001
Pseudomonas juntendi	2666183	S	601	1928	2529	0.00005
Pseudomonas versuta	1788301	S	574	21	595	0.00001
Pseudomonas graminis	158627	S	561	73	634	0.00001
Pseudomonas hormoni	3093767	S	534	260	794	0.00002
Pseudomonas khavaziana	2842351	S	529	1431	1960	0.00004
Pseudomonas nicosulfuronedens	2571105	S	488	25	513	0.00001
Pseudomonas grandcourensis	3136736	S	480	103	583	0.00001
Pseudomonas farris	2841207	S	453	458	911	0.00002
Pseudomonas bambusae	3139142	S	444	5	449	0.00001
Pseudomonas sivasensis	1880678	S	436	717	1153	0.00002
Pseudomonas promysalinigenes	485898	S	433	17	450	0.00001
Pseudomonas benzenivorans	556533	S	407	57	464	0.00001
Pseudomonas psychrophila	122355	S	406	33	439	0.00001
Pseudomonas segetis	298908	S	398	8	406	0.00001
Pseudomonas vancouverensis	95300	S	376	21	397	0.00001
Pseudomonas leptonychotis	2448482	S	374	9	383	0.00001
Pseudomonas silesiensis	1853130	S	368	28	396	0.00001
Pseudomonas saxonica	2600598	S	362	22	384	0.00001
Pseudomonas hygromyciniae	2812000	S	352	65	417	0.00001
Pseudomonas tussilaginis	3067780	S	337	15	352	0.00001
Pseudomonas vranovensis	321661	S	327	140	467	0.00001
Pseudomonas saudiphocaensis	1499686	S	319	6	325	0.00001
Pseudomonas nunensis	2961896	S	314	54	368	0.00001
Pseudomonas umsongensis	198618	S	310	26	336	0.00001
Pseudomonas kribbensis	1628086	S	309	167	476	0.00001
Pseudomonas atacamensis	2565368	S	286	281	567	0.00001
Pseudomonas brassicacearum	930166	S	280	998	1278	0.00003
uncultured Pseudomonas sp.	114707	S	273	8	281	0.00001
Pseudomonas berkeleyensis	2726956	S	273	19	292	0.00001
Pseudomonas batumici	226910	S	272	8	280	0.00001
Pseudomonas purpurea	3136737	S	271	13	284	0.00001
Pseudomonas edaphica	2006980	S	260	302	562	0.00001
Pseudomonas monsensis	2745509	S	259	256	515	0.00001
Pseudomonas triclosanedens	2961893	S	258	15	273	0.00001
Pseudomonas phytophila	2867264	S	255	6	261	0.00001
Pseudomonas agarici	46677	S	253	2	255	0.00001
Pseudomonas arsenicoxydans	702115	S	252	30	282	0.00001
Pseudomonas hamedanensis	2745504	S	250	19	269	0.00001
Pseudomonas germanica	2815720	S	248	151	399	0.00001
Pseudomonas huanghezhanensis	3002903	S	242	2	244	0.00000
Pseudomonas iridis	2710587	S	238	338	576	0.00001
Pseudomonas pergaminensis	2853159	S	236	161	397	0.00001
Pseudomonas izuensis	2684212	S	234	18	252	0.00001
Pseudomonas quebecensis	2995174	S	226	295	521	0.00001
Pseudomonas paraveronii	3040598	S	216	79	295	0.00001
Pseudomonas fakonensis	2842355	S	208	36	244	0.00000
Pseudomonas kielensis	2762577	S	196	17	213	0.00000
Pseudomonas glycinae	1785145	S	191	88	279	0.00001
Pseudomonas sediminis	1691904	S	180	20	200	0.00000
Pseudomonas reinekei	395598	S	180	24	204	0.00000
Pseudomonas xantholysinigenes	2745490	S	179	15	194	0.00000
Pseudomonas cavernae	2320867	S	176	3	179	0.00000
Pseudomonas baltica	2762576	S	176	2	178	0.00000
Pseudomonas solani	2731552	S	173	65	238	0.00000
Pseudomonas laurylsulfatiphila	2011015	S	172	70	242	0.00000
Pseudomonas fragariae (ex Marin et al. 2024)	3080056	S	170	612	782	0.00002
Pseudomonas maumuensis	2842354	S	169	37	206	0.00000
Pseudomonas alvandae	2842348	S	166	214	380	0.00001
Pseudomonas shahriarae	2745512	S	163	351	514	0.00001
Pseudomonas rhizophila	2045200	S	159	603	762	0.00002
Pseudomonas mohnii	395600	S	158	24	182	0.00000
Pseudomonas bijieensis	2681983	S	156	436	592	0.00001
Pseudomonas tructae	2518644	S	153	8	161	0.00000
Pseudomonas kermanshahensis	2745482	S	152	128	280	0.00001
Pseudomonas rhizosphaerae	216142	S	151	4	155	0.00000
Pseudomonas phoenicis	3132207	S	148	6	154	0.00000
Pseudomonas tritici	2745518	S	147	384	531	0.00001
Pseudomonas allokribbensis	2774460	S	142	34	176	0.00000
Pseudomonas donghuensis	1163398	S	142	222	364	0.00001
Pseudomonas prosekii	1148509	S	136	8	144	0.00000
Pseudomonas siliginis	2842346	S	130	578	708	0.00001
Pseudomonas thivervalensis	86265	S	122	20	142	0.00000
Pseudomonas paeninsulae	3110772	S	118	11	129	0.00000
Pseudomonas coleopterorum	1605838	S	106	5	111	0.00000
Pseudomonas wenzhouensis	2906062	S	99	10	109	0.00000
Pseudomonas benzopyrenica	2993566	S	95	45	140	0.00000
Pseudomonas shirazensis	2745494	S	95	36	131	0.00000
Pseudomonas kilonensis	132476	S	93	156	249	0.00001
Pseudomonas fitomaticsae	2837969	S	88	33	121	0.00000
Pseudomonas alabamensis	3064349	S	88	4	92	0.00000
Candidatus Pseudomonas adelgestsugas	1302376	S	86	0	86	0.00000
Pseudomonas moorei	395599	S	85	6	91	0.00000
Pseudomonas tohonis	2725477	S	85	31	116	0.00000
Pseudomonas serboccidentalis	2964670	S	83	13	96	0.00000
Pseudomonas paracarnis	2750625	S	82	47738	47820	0.00096
Pseudomonas beijingensis	2954101	S	82	135	217	0.00000
Pseudomonas lyxosi	3398358	S	79	22	101	0.00000
Pseudomonas iranensis	2745503	S	78	70	148	0.00000
Pseudomonas viciae	2505979	S	74	10	84	0.00000
Pseudomonas cucumis	2954082	S	74	17	91	0.00000
Pseudomonas gozinkensis	2774461	S	73	20	93	0.00000
Pseudomonas knackmussii	65741	S	72	39	111	0.00000
Pseudomonas bubulae	2316085	S	65	164	229	0.00000
Pseudomonas gelidaquae	1702250	S	60	1229	1289	0.00003
Pseudomonas triticicola	2842345	S	56	17	73	0.00000
Pseudomonas helvetica	3136738	S	53	34	87	0.00000
Pseudomonas svalbardensis	3042029	S	51	100	151	0.00000
Pseudomonas oryziphila	2894079	S	51	90	141	0.00000
Pseudomonas anuradhapurensis	485870	S	49	29	78	0.00000
Pseudomonas sichuanensis	2213015	S	46	80	126	0.00000
Pseudomonas azerbaijanorientalis	2842350	S	39	30	69	0.00000
Pseudomonas tensinigenes	2745511	S	37	20	57	0.00000
Pseudomonas zeae	2745510	S	37	72	109	0.00000
Pseudomonas asgharzadehiana	2842349	S	33	287	320	0.00001
Pseudomonas sihuiensis	1274359	S	33	9	42	0.00000
Pseudomonas fortuita	3233375	S	30	237	267	0.00001
Pseudomonas qingdaonensis	2056231	S	28	78	106	0.00000
Pseudomonas palmensis	2815362	S	25	86	111	0.00000
Pseudomonas guariconensis	1288410	S	23	100	123	0.00000
Pseudomonas hunanensis	1247546	S	17	83	100	0.00000
Pseudomonas phenolilytica	2746321	S	16	3	19	0.00000
Pseudomonas aestiva	3136739	S	13	7	20	0.00000
Pseudomonas gorinensis	3240790	S	10	2001	2011	0.00004
Stutzerimonas stutzeri	316	S	1530	898	2428	0.00005
Stutzerimonas chloritidismutans	203192	S	315	173	488	0.00001
Stutzerimonas kunmingensis	1211807	S	23	18	41	0.00000
Stutzerimonas frequens	2968969	S	28	41	69	0.00000
Stutzerimonas balearica	74829	S	26	3	29	0.00000
Stutzerimonas nitrititolerans	2482751	S	484	79	563	0.00001
Stutzerimonas urumqiensis	638269	S	363	10	373	0.00001
Stutzerimonas zhaodongensis	1176257	S	276	327	603	0.00001
Stutzerimonas xanthomarina	271420	S	139	13	152	0.00000
Stutzerimonas decontaminans	3022791	S	11	3	14	0.00000
Ectopseudomonas mendocina	300	S	1859	251	2110	0.00004
Ectopseudomonas oleovorans	301	S	670	498	1168	0.00002
Ectopseudomonas composti	658457	S	438	63	501	0.00001
Ectopseudomonas guguanensis	1198456	S	146	85	231	0.00000
Ectopseudomonas toyotomiensis	554344	S	98	30	128	0.00000
Ectopseudomonas hydrolytica	2493633	S	42	13	55	0.00000
Ectopseudomonas khazarica	2502979	S	27	12	39	0.00000
Metapseudomonas lalkuanensis	2604832	S	1657	78	1735	0.00004
Metapseudomonas resinovorans	53412	S	633	81	714	0.00001
Metapseudomonas boanensis	2822138	S	358	4	362	0.00001
Metapseudomonas furukawaii	1149133	S	290	14	304	0.00001
Metapseudomonas otitidis	319939	S	242	11	253	0.00001
Halopseudomonas sp. SMJS2	3041098	S	489	46	535	0.00001
Halopseudomonas maritima	2918528	S	448	76	524	0.00001
Halopseudomonas oceani	1708783	S	252	87	339	0.00001
Halopseudomonas sabulinigri	472181	S	189	10	199	0.00000
Halopseudomonas phragmitis	1931241	S	166	5	171	0.00000
Halopseudomonas nanhaiensis	2830842	S	142	21	163	0.00000
Halopseudomonas salegens	1434072	S	138	3	141	0.00000
Halopseudomonas pelagia	553151	S	80	16	96	0.00000
Pseudomonas denitrificans (nom. rej.)	43306	S	43	4	47	0.00000
Halopseudomonas xinjiangensis	487184	S	39	4	43	0.00000
Halopseudomonas litoralis	797277	S	20	4	24	0.00000
Aquipseudomonas alcaligenes	43263	S	699	46	745	0.00002
Aquipseudomonas campi	2731681	S	303	7	310	0.00001
Thiopseudomonas denitrificans	1501432	S	442	10	452	0.00001
Thiopseudomonas alkaliphila	1697053	S	304	1	305	0.00001
Azotobacter salinestris	69964	S	453	18	471	0.00001
Azotobacter chroococcum	353	S	170	5	175	0.00000
Azotobacter vinelandii	354	S	11	20	31	0.00000
Azorhizophilus paspali	69963	S	15	1	16	0.00000
Permianibacter aggregans	1510150	S	262	0	262	0.00001
Phytopseudomonas seleniipraecipitans	640205	S	129	2	131	0.00000
Phytopseudomonas argentinensis	289370	S	103	6	109	0.00000
Entomomonas moraniae	2213226	S	116	0	116	0.00000
Entomomonas sp. E2T0	2930213	S	100	1	101	0.00000
Denitrificimonas caeni	521720	S	64	0	64	0.00000
Geopseudomonas guangdongensis	1245526	S	17	0	17	0.00000
Marinobacter sp. es.042	1761794	S	665	294	959	0.00002
Marinobacter sp.	50741	S	548	178	726	0.00001
Marinobacter sp. CA1	2817656	S	328	2	330	0.00001
Marinobacter sp. LV10R510-11A	1415568	S	313	3	316	0.00001
Marinobacter sp. AN1	2886046	S	101	21	122	0.00000
Marinobacter sp. MIT932201	3096995	S	90	473	563	0.00001
Marinobacter sp. NP-4(2019)	2488665	S	69	15	84	0.00000
Marinobacter sp. MMG032	3158548	S	12	62	74	0.00000
Marinobacter sp. BSs20148	490759	S	11	3	14	0.00000
Marinobacter adhaerens	1033846	S	361	240	601	0.00001
Marinobacter salinus	1874317	S	234	3	237	0.00000
Marinobacter nanhaiticus	1305740	S	171	3	174	0.00000
Marinobacter shengliensis	1389223	S	167	408	575	0.00001
Marinobacter salarius	1420917	S	165	276	441	0.00001
Marinobacter fonticola	2603215	S	154	1	155	0.00000
Marinobacter salinisoli	2769486	S	114	0	114	0.00000
Marinobacter psychrophilus	330734	S	83	10	93	0.00000
Marinobacter flavimaris	262076	S	48	74	122	0.00000
Marinobacter similis	1420916	S	20	1	21	0.00000
Marinobacter salsuginis	418719	S	13	14	27	0.00000
Ketobacter alkanivorans	1917421	S	159	0	159	0.00000
Pseudohongiella spirulinae	1249552	S	150	0	150	0.00000
Candidatus Njordibacter sp. Uisw_058	3230974	S	24	0	24	0.00000
Candidatus Njordibacter sp. Uisw_039	3230972	S	23	0	23	0.00000
Candidatus Njordibacter sp. Uisw_056	3230973	S	17	0	17	0.00000
Acinetobacter sp. CE-15	3425693	S	87372	69063	156435	0.00316
Acinetobacter sp. TAC-1	3027470	S	87214	75724	162938	0.00329
Acinetobacter sp. NyZ410	2929509	S	77439	64985	142424	0.00287
Acinetobacter sp.	472	S	29599	3822	33421	0.00067
Acinetobacter sp. SEK541	3379131	S	26825	4394	31219	0.00063
Acinetobacter sp. MYb10	1827285	S	17316	15202	32518	0.00066
Acinetobacter sp. C32I	2950074	S	14906	1620	16526	0.00033
Acinetobacter sp. WCHA55	2004646	S	7391	1671	9062	0.00018
Acinetobacter sp. NEB 394	2743575	S	6382	6010	12392	0.00025
Acinetobacter sp. BZX-2	3683593	S	2812	73	2885	0.00006
Acinetobacter sp. Tol 5	710648	S	2712	4241	6953	0.00014
Acinetobacter sp. LUNF3	2925837	S	2469	6784	9253	0.00019
Acinetobacter sp. Z1	2953738	S	2354	208	2562	0.00005
Acinetobacter sp. WCHAc010034	1879049	S	1689	101	1790	0.00004
Acinetobacter sp. P1332	3366266	S	1649	12110	13759	0.00028
Acinetobacter sp. TTH0-4	1646498	S	1474	103	1577	0.00003
Acinetobacter sp. TGL-Y2	1407071	S	1447	24	1471	0.00003
Acinetobacter sp. A1-4-2	3156489	S	967	204	1171	0.00002
Acinetobacter sp. ASP199	2773709	S	960	64	1024	0.00002
Acinetobacter sp. YH16056_T	2929514	S	904	655	1559	0.00003
Acinetobacter sp. TR11	3003393	S	884	1540	2424	0.00005
Acinetobacter sp. WZC-1	3459034	S	867	4	871	0.00002
Acinetobacter sp. KS-LM10	3120518	S	776	50	826	0.00002
Acinetobacter sp. A2	362457	S	756	196	952	0.00002
Acinetobacter sp. PC34	3453032	S	684	4953	5637	0.00011
Acinetobacter sp. SH20PTE14	2905879	S	604	463	1067	0.00002
Acinetobacter sp. PK01	2930198	S	596	382	978	0.00002
Acinetobacter sp. WCHA45	2004644	S	564	307	871	0.00002
Acinetobacter sp. GSS19	3020716	S	518	20	538	0.00001
Acinetobacter sp. NCu2D-2	1608473	S	504	32	536	0.00001
Acinetobacter sp. LF10	3403576	S	497	1016	1513	0.00003
Acinetobacter sp. SCLZS86	2908637	S	488	289	777	0.00002
Acinetobacter sp. YH12068_T	2929515	S	485	453	938	0.00002
Acinetobacter sp. TR3	3003392	S	484	942	1426	0.00003
Acinetobacter sp. FL	3231720	S	476	591	1067	0.00002
Acinetobacter sp. YH12138	2601122	S	471	351	822	0.00002
Acinetobacter sp. ACNIH2	1758189	S	435	303	738	0.00001
Acinetobacter sp. CS-2	2798861	S	425	152	577	0.00001
Acinetobacter sp. 10FS3-1	2563897	S	369	82	451	0.00001
Acinetobacter sp. LoGeW2-3	1808001	S	330	13	343	0.00001
Acinetobacter sp. ESL0695	2983215	S	300	3	303	0.00001
Acinetobacter sp. WCHAc010052	2004647	S	248	86	334	0.00001
Acinetobacter sp. XS-4	2923375	S	182	22	204	0.00000
Acinetobacter sp. AHP123	2913495	S	173	72	245	0.00000
Acinetobacter sp. WY4	2708348	S	152	138	290	0.00001
Acinetobacter sp. AS23	2871688	S	145	81	226	0.00000
Acinetobacter sp. RW6	3242680	S	141	34	175	0.00000
Acinetobacter sp. ACNIH1	1636603	S	126	205	331	0.00001
Acinetobacter sp. ANC 7201	3035288	S	98	82	180	0.00000
Acinetobacter sp. PVC-6A	3393463	S	92	523	615	0.00001
Acinetobacter sp. YH16040_T	2929512	S	83	64	147	0.00000
Acinetobacter sp. G18	2952152	S	78	64	142	0.00000
Acinetobacter sp. TW_SC_4	3466788	S	78	120	198	0.00000
Acinetobacter sp. BHS4	2836181	S	57	77	134	0.00000
Acinetobacter sp. F9	2853158	S	56	58	114	0.00000
Acinetobacter sp. Colony158	2810070	S	47	38	85	0.00000
Acinetobacter sp. D009	3138069	S	43	76	119	0.00000
Acinetobacter sp. YWS30-1	2996862	S	37	32	69	0.00000
Acinetobacter sp. SWBY1	2079596	S	29	36	65	0.00000
Acinetobacter sp. T63	3469223	S	27	77	104	0.00000
Acinetobacter sp. 16	3081771	S	26	165	191	0.00000
Acinetobacter sp. KB005	3416667	S	19	9	28	0.00000
Acinetobacter sp. FDAARGOS_724	2545797	S	16	126	142	0.00000
Acinetobacter sp. C26M	2950076	S	13	6097	6110	0.00012
Acinetobacter sp. NEB149	2725684	S	10	30	40	0.00000
Acinetobacter johnsonii	40214	S	509979	246894	756873	0.01527
Acinetobacter dispersus	70348	S	142920	11760	154680	0.00312
Acinetobacter guillouiae	106649	S	101784	36491	138275	0.00279
Acinetobacter bereziniae	106648	S	27191	8300	35491	0.00072
Acinetobacter baumannii	470	S	4489	11211	15700	0.00032
Acinetobacter pittii	48296	S	2793	1760	4553	0.00009
Acinetobacter calcoaceticus	471	S	1081	195	1276	0.00003
Acinetobacter nosocomialis	106654	S	1016	899	1915	0.00004
Acinetobacter seifertii	1530123	S	955	302	1257	0.00003
Acinetobacter lactucae	1785128	S	238	201	439	0.00001
Acinetobacter vivianii	1776742	S	6620	354	6974	0.00014
Acinetobacter proteolyticus	1776741	S	4859	432	5291	0.00011
Acinetobacter venetianus	52133	S	3020	337	3357	0.00007
Acinetobacter courvalinii	280147	S	2131	147	2278	0.00005
Acinetobacter colistiniresistens	280145	S	2065	132	2197	0.00004
Acinetobacter bohemicus	1435036	S	2042	121	2163	0.00004
Acinetobacter haemolyticus	29430	S	1932	346	2278	0.00005
Acinetobacter wuhouensis	1879050	S	1883	187	2070	0.00004
Acinetobacter schindleri	108981	S	1607	174	1781	0.00004
Acinetobacter towneri	202956	S	1452	774	2226	0.00004
Acinetobacter corruptisaponis	3045147	S	1397	178	1575	0.00003
Acinetobacter indicus	756892	S	1397	521	1918	0.00004
Acinetobacter junii	40215	S	1258	1125	2383	0.00005
Acinetobacter bouvetii	202951	S	1236	30	1266	0.00003
Acinetobacter piscicola	2006115	S	1130	76	1206	0.00002
Acinetobacter tibetensis	2943497	S	1109	47	1156	0.00002
Acinetobacter lwoffii	28090	S	1070	642	1712	0.00003
Acinetobacter equi	1324350	S	1064	26	1090	0.00002
Acinetobacter shaoyimingii	2715164	S	1027	25	1052	0.00002
Acinetobacter baylyi	202950	S	836	272	1108	0.00002
Acinetobacter soli	487316	S	805	62	867	0.00002
Acinetobacter lanii	2715163	S	768	18	786	0.00002
Acinetobacter ursingii	108980	S	704	391	1095	0.00002
Acinetobacter thermotolerans	3151487	S	700	52	752	0.00002
Acinetobacter defluvii	1871111	S	678	87	765	0.00002
Acinetobacter zhairuonensis	2919921	S	610	19	629	0.00001
Acinetobacter cumulans	2136182	S	596	30	626	0.00001
Acinetobacter chinensis	2004650	S	569	96	665	0.00001
Acinetobacter larvae	1789224	S	470	9	479	0.00001
Acinetobacter gandensis	1443941	S	400	55	455	0.00001
Acinetobacter wanghuae	2662362	S	362	9	371	0.00001
Acinetobacter variabilis	70346	S	332	280	612	0.00001
Acinetobacter radioresistens	40216	S	323	100	423	0.00001
Acinetobacter suaedae	2609668	S	293	54	347	0.00001
Acinetobacter pseudolwoffii	2053287	S	266	114	380	0.00001
Acinetobacter yuyunsongii	3157368	S	250	112	362	0.00001
Acinetobacter septicus	465797	S	193	241	434	0.00001
Acinetobacter oleivorans	1148157	S	177	63	240	0.00000
Acinetobacter terrestris	2529843	S	15	3	18	0.00000
Acinetobacter portensis	1839785	S	14	14	28	0.00000
Psychrobacter sp. AntiMn-1	1720344	S	481	1333	1814	0.00004
Psychrobacter sp. DM8	3440636	S	458	10	468	0.00001
Psychrobacter sp. LV10R520-6	1415574	S	167	0	167	0.00000
Psychrobacter sp. P11F6	1699621	S	68	9	77	0.00000
Psychrobacter sp. G	571800	S	55	25	80	0.00000
Psychrobacter sp. ER1	3406645	S	34	2	36	0.00000
Psychrobacter sp. HD31	3112003	S	29	0	29	0.00000
Psychrobacter sp. M13	3067275	S	27	0	27	0.00000
Psychrobacter sp. KFRI-CH2-11	3156079	S	20	1	21	0.00000
Psychrobacter sp. DM4	3440637	S	19	0	19	0.00000
Psychrobacter sp. P11G3	1699623	S	16	1	17	0.00000
Psychrobacter sp. YP14	2203895	S	15	7	22	0.00000
Psychrobacter sanguinis	861445	S	437	14	451	0.00001
Psychrobacter arcticus	334543	S	208	2	210	0.00000
Psychrobacter urativorans	45610	S	27	0	27	0.00000
Psychrobacter pacificensis	112002	S	16	23	39	0.00000
Psychrobacter cryohalolentis	330922	S	12	3	15	0.00000
Psychrobacter noctis	2772254	S	12	0	12	0.00000
Moraxella catarrhalis	480	S	319	80	399	0.00001
Moraxella nasibovis	2904120	S	172	11	183	0.00000
Moraxella veridica	3344666	S	148	81	229	0.00000
Moraxella bovoculi	386891	S	91	110	201	0.00000
Moraxella cuniculi	34061	S	86	3	89	0.00000
Moraxella bovis	476	S	79	22	101	0.00000
Moraxella nonliquefaciens	478	S	28	14	42	0.00000
Moraxella nasicaprae	2904122	S	23	1	24	0.00000
Faucicola atlantae	34059	S	661	4	665	0.00001
Faucicola osloensis	34062	S	316	13	329	0.00001
Faucicola mancuniensis	1309795	S	208	1	209	0.00000
Lwoffella lincolnii	90241	S	167	3	170	0.00000
Aquirhabdus parva	2283318	S	75	0	75	0.00000
Shewanella sp. MTB7	2746932	S	405	5	410	0.00001
Shewanella sp. KX20019	2803864	S	192	6	198	0.00000
Shewanella sp. FJAT-52076	2864202	S	159	153	312	0.00001
Shewanella sp. Arc9-LZ	2698686	S	99	17	116	0.00000
Shewanella sp. WE21	2029986	S	98	197	295	0.00001
Shewanella sp. ENK2	2775245	S	75	116	191	0.00000
Shewanella sp. NFH-SH190041	2950245	S	56	1	57	0.00000
Shewanella sp. ANA-3	94122	S	43	58	101	0.00000
Shewanella sp. Scap07	2589987	S	40	1	41	0.00000
Shewanella sp. MEBiC00475	2575361	S	21	42	63	0.00000
Shewanella sp. MR-4	60480	S	13	7	20	0.00000
Shewanella sp. OMA3-2	2908650	S	11	0	11	0.00000
Shewanella denitrificans	192073	S	747	22	769	0.00002
Shewanella psychromarinicola	2487742	S	490	18	508	0.00001
Shewanella zhangzhouensis	2864213	S	463	428	891	0.00002
Shewanella khirikhana	1965282	S	459	18	477	0.00001
Shewanella mesophila	2864208	S	354	20	374	0.00001
Shewanella cyperi	2814292	S	231	58	289	0.00001
Shewanella algae	38313	S	228	419	647	0.00001
Shewanella goraebulensis	3050637	S	196	26	222	0.00000
Shewanella sedimentimangrovi	2814293	S	189	78	267	0.00001
Shewanella woodyi	60961	S	184	4	188	0.00000
Shewanella dokdonensis	712036	S	162	2	164	0.00000
Shewanella baltica	62322	S	148	846	994	0.00002
Shewanella psychrophila	225848	S	147	8	155	0.00000
Shewanella violacea	60217	S	116	5	121	0.00000
Shewanella inventionis	1738770	S	114	18	132	0.00000
Shewanella carassii	1987584	S	112	91	203	0.00000
Shewanella frigidimarina	56812	S	100	24	124	0.00000
Shewanella gaetbuli	220752	S	97	2	99	0.00000
Shewanella halifaxensis	271098	S	95	4	99	0.00000
Shewanella psychropiezotolerans	2593655	S	91	6	97	0.00000
Shewanella amazonensis	60478	S	81	8	89	0.00000
Shewanella sediminis	271097	S	80	2	82	0.00000
Shewanella basaltis	472183	S	80	7	87	0.00000
Shewanella xiamenensis	332186	S	70	186	256	0.00001
Shewanella bicestrii	2018305	S	60	80	140	0.00000
Shewanella aestuarii	1028752	S	56	1	57	0.00000
Shewanella marisflavi	260364	S	48	2	50	0.00000
Shewanella avicenniae	2814294	S	46	1	47	0.00000
Shewanella maritima	2520507	S	44	0	44	0.00000
Shewanella piezotolerans	404011	S	42	1	43	0.00000
Shewanella putrefaciens	24	S	41	156	197	0.00000
Shewanella oneidensis	70863	S	40	5	45	0.00000
Shewanella decolorationis	256839	S	36	23	59	0.00000
Shewanella youngdeokensis	2999068	S	35	1	36	0.00000
Shewanella benthica	43661	S	34	2	36	0.00000
Shewanella psychrotolerans	2864206	S	31	1	32	0.00000
Shewanella donghaensis	238836	S	29	0	29	0.00000
Shewanella litorisediminis	1173586	S	28	2	30	0.00000
Shewanella loihica	359303	S	27	30	57	0.00000
Shewanella yunxiaonensis	2829809	S	27	0	27	0.00000
Shewanella oncorhynchi	2726434	S	26	26	52	0.00000
Shewanella rhizosphaerae	2864207	S	14	14	28	0.00000
Shewanella pealeana	70864	S	12	0	12	0.00000
Shewanella indica	768528	S	11	14	25	0.00000
Shewanella livingstonensis	150120	S	10	0	10	0.00000
Shewanella halotolerans	2864204	S	10	4	14	0.00000
Shewanella acanthi	2864212	S	10	0	10	0.00000
Parashewanella spongiae	342950	S	424	1	425	0.00001
Parashewanella tropica	2547970	S	11	0	11	0.00000
Psychrobium sp. nBUS_13	3395319	S	227	3	230	0.00000
Pseudoalteromonas sp. SaAl2	3464624	S	384	34	418	0.00001
Pseudoalteromonas sp. SCSIO 43201	2822842	S	220	11	231	0.00000
Pseudoalteromonas sp. R3	1709477	S	181	13	194	0.00000
Pseudoalteromonas sp. KG3	2951137	S	158	255	413	0.00001
Pseudoalteromonas sp. A25	116092	S	150	4	154	0.00000
Pseudoalteromonas sp. T1lg65	2077101	S	146	4	150	0.00000
Pseudoalteromonas sp. THAF3	2587843	S	134	94	228	0.00000
Pseudoalteromonas sp. MM1	3036714	S	112	24	136	0.00000
Pseudoalteromonas sp. HL-AS1	3071081	S	80	164	244	0.00000
Pseudoalteromonas sp. 1_2015MBL_MicDiv	1720343	S	65	223	288	0.00001
Pseudoalteromonas sp. SCSIO 43088	2822846	S	34	14	48	0.00000
Pseudoalteromonas sp. JC3	2810196	S	17	263	280	0.00001
Pseudoalteromonas sp. NC201	1514074	S	16	75	91	0.00000
Pseudoalteromonas sp. DL-6	1390185	S	15	12	27	0.00000
Pseudoalteromonas sp. APM04	2699396	S	12	50	62	0.00000
Pseudoalteromonas luteoviolacea	43657	S	592	17	609	0.00001
Pseudoalteromonas ruthenica	151081	S	580	423	1003	0.00002
Pseudoalteromonas rubra	43658	S	477	22	499	0.00001
Pseudoalteromonas tunicata	314281	S	290	10	300	0.00001
Pseudoalteromonas xiamenensis	882626	S	241	3	244	0.00000
Pseudoalteromonas rhizosphaerae	2518973	S	230	84	314	0.00001
Pseudoalteromonas aliena	247523	S	169	26	195	0.00000
Pseudoalteromonas ulvae	107327	S	148	7	155	0.00000
Pseudoalteromonas piratica	1348114	S	118	8	126	0.00000
Pseudoalteromonas espejiana	28107	S	117	17	134	0.00000
Pseudoalteromonas viridis	339617	S	115	9	124	0.00000
Pseudoalteromonas carrageenovora	227	S	86	56	142	0.00000
Pseudoalteromonas phenolica	161398	S	77	2	79	0.00000
Pseudoalteromonas piscicida	43662	S	73	106	179	0.00000
Pseudoalteromonas ostreae	2774154	S	66	16	82	0.00000
Pseudoalteromonas mariniglutinosa	206042	S	36	33	69	0.00000
Pseudoalteromonas spongiae	298657	S	36	3	39	0.00000
Pseudoalteromonas arctica	394751	S	27	17	44	0.00000
Pseudoalteromonas translucida	166935	S	15	49	64	0.00000
Pseudoalteromonas issachenkonii	152297	S	13	123	136	0.00000
Pseudoalteromonas marina	267375	S	12	32	44	0.00000
Psychrosphaera aestuarii	1266052	S	232	18	250	0.00001
Alteromonas macleodii	28108	S	631	73	704	0.00001
Alteromonas sp. OM2203	3398817	S	112	10	122	0.00000
Alteromonas sp. MB-3u-76	2058133	S	104	34	138	0.00000
Alteromonas sp. M12	3135644	S	97	2	99	0.00000
Alteromonas sp. 4B03	2603817	S	78	4	82	0.00000
Alteromonas sp. H39	3389876	S	40	1	41	0.00000
Alteromonas sp. 76-1	2358187	S	39	4	43	0.00000
Alteromonas sp. Mac1	1777491	S	38	294	332	0.00001
Alteromonas sp. D210916BOD_24	3157618	S	37	1	38	0.00000
Alteromonas sp. CI.11.F.A3	3079555	S	16	1	17	0.00000
Alteromonas sp. RKMC-009	2267264	S	16	0	16	0.00000
Alteromonas ulvae	3410269	S	424	21	445	0.00001
Alteromonas pelagimontana	1858656	S	267	11	278	0.00001
Alteromonas mediterranea	314275	S	103	8	111	0.00000
Alteromonas gracilis	1479524	S	75	2	77	0.00000
Alteromonas naphthalenivorans	715451	S	67	15	82	0.00000
Alteromonas stellipolaris	233316	S	30	259	289	0.00001
Alteromonas algae	3410268	S	16	0	16	0.00000
Salinimonas iocasae	2572577	S	98	8	106	0.00000
Salinimonas lutimaris	914153	S	92	4	96	0.00000
Salinimonas marina	2785918	S	86	2	88	0.00000
Salinimonas sediminis	2303538	S	75	3	78	0.00000
Paraglaciecola sp. L3A3	2686358	S	686	15	701	0.00001
Paraglaciecola sp. L1A13	2686359	S	110	2	112	0.00000
Paraglaciecola sp. T6c	3042615	S	49	1	50	0.00000
Paraglaciecola psychrophila	326544	S	63	1	64	0.00000
Paraglaciecola mesophila	197222	S	26	1	27	0.00000
Agarivorans sp. DSG3-1	3342249	S	131	16	147	0.00000
Agarivorans sp. B2Z047	2652721	S	68	202	270	0.00001
Agarivorans gilvus	680279	S	284	7	291	0.00001
Agarivorans aestuarii	1563703	S	15	10	25	0.00000
Saccharobesus litoralis	2172099	S	444	3	447	0.00001
Catenovulum adriaticum	2984846	S	158	2	160	0.00000
Catenovulum sediminis	1740262	S	135	1	136	0.00000
Alishewanella sp. d11	3414030	S	59	1	60	0.00000
Alishewanella sp. HL-SH05	3461145	S	10	180	190	0.00000
Paraneptunicella aestuarii	2831148	S	224	3	227	0.00000
Lacimicrobium alkaliphilum	1526571	S	218	3	221	0.00000
Ningiella algicola	3023715	S	206	2	208	0.00000
Alkalimarinus sediminis	1632866	S	147	0	147	0.00000
Neptunicella plasticusilytica	3117012	S	114	2	116	0.00000
Halioxenophilus aromaticivorans	1306992	S	62	0	62	0.00000
Hydrocarboniclastica marina	2259620	S	34	0	34	0.00000
Saliniradius amylolyticus	2183582	S	26	0	26	0.00000
Aliiglaciecola sp. LCG003	3053655	S	17	1	18	0.00000
Planctobacterium marinum	1631968	S	14	0	14	0.00000
Thalassotalea crassostreae	1763536	S	429	6	435	0.00001
Thalassotalea atypica	2054316	S	377	6	383	0.00001
Thalassotalea sediminis	1759089	S	129	3	132	0.00000
Thalassotalea maritima	3242416	S	90	2	92	0.00000
Thalassotalea sp. LPB0316	2769490	S	49	0	49	0.00000
Thalassotalea sp. HSM 43	2552945	S	23	0	23	0.00000
Thalassotalea sp. PS06	2594005	S	14	0	14	0.00000
Thalassotalea nanhaiensis	3065648	S	74	1	75	0.00000
Thalassotalea hakodatensis	3030492	S	58	8	66	0.00000
Thalassotalea psychrophila	3065647	S	42	0	42	0.00000
Thalassotalea piscium	1230533	S	37	5	42	0.00000
Thalassotalea aquiviva	3242415	S	31	1	32	0.00000
Thalassotalea ponticola	1523392	S	16	0	16	0.00000
Thalassotalea fonticola	3065649	S	13	0	13	0.00000
Colwellia sp. Arc7-635	2497879	S	220	4	224	0.00000
Colwellia sp. 20A7	2689569	S	150	1	151	0.00000
Colwellia sp. MT41	58049	S	134	1	135	0.00000
Colwellia sp. PAMC 20917	1816218	S	89	0	89	0.00000
Colwellia sp. Arc7-D	2161872	S	64	1	65	0.00000
Colwellia sp. PAMC 21821	1816219	S	35	0	35	0.00000
Colwellia sp. M166	2583805	S	14	2	16	0.00000
Colwellia psychrerythraea	28229	S	420	4	424	0.00001
Thalassomonas viridans	137584	S	110	1	111	0.00000
Thalassomonas haliotis	485448	S	46	2	48	0.00000
Thalassomonas actiniarum	485447	S	23	0	23	0.00000
Litorilituus sediminis	718192	S	123	1	124	0.00000
Cognaticolwellia beringensis	1967665	S	70	2	72	0.00000
Pseudocolwellia sp. HL-MZ19	3400846	S	19	10	29	0.00000
Pseudocolwellia sp. HL-MZ7	3400627	S	11	6	17	0.00000
Ferrimonas sp. YFM	3028878	S	697	14	711	0.00001
Ferrimonas sp. SCSIO 43195	2822844	S	523	11	534	0.00001
Ferrimonas balearica	44012	S	395	6	401	0.00001
Ferrimonas lipolytica	2724191	S	46	0	46	0.00000
Idiomarina sp. OT37-5b	2100422	S	68	17	85	0.00000
Idiomarina sp. PL1-037	3095365	S	58	73	131	0.00000
Idiomarina sp. X4	2055892	S	44	27	71	0.00000
Idiomarina sp.	1874361	S	30	7	37	0.00000
Idiomarina loihiensis	135577	S	123	56	179	0.00000
Idiomarina seosinensis	281739	S	53	0	53	0.00000
Idiomarina abyssalis	86102	S	48	1	49	0.00000
Idiomarina piscisalsi	1096243	S	24	3	27	0.00000
Pseudidiomarina andamanensis	1940690	S	524	7	531	0.00001
Pseudidiomarina sp. PP-1MA	3237706	S	47	11	58	0.00000
Pseudidiomarina marina	502366	S	25	0	25	0.00000
Pseudidiomarina salilacus	3384452	S	10	0	10	0.00000
Psychromonas sp. PT13	3439547	S	344	3	347	0.00001
Psychromonas sp. CNPT3	314282	S	211	4	215	0.00000
Psychromonas sp. KJ10-10	3391823	S	202	1	203	0.00000
Psychromonas sp. GE-S-Ul-11	3241170	S	110	1	111	0.00000
Psychromonas sp. MME1	3231032	S	86	1	87	0.00000
Psychromonas sp. KJ10-2	3391822	S	69	0	69	0.00000
Psychromonas ingrahamii	357794	S	87	0	87	0.00000
Moritella sp. 5	2746231	S	250	81	331	0.00001
Moritella sp. 24	2746230	S	25	1	26	0.00000
Moritella sp. 28	2746232	S	15	40	55	0.00000
Moritella yayanosii	69539	S	127	9	136	0.00000
Moritella marina	90736	S	36	1	37	0.00000
Motilimonas cestriensis	2742685	S	195	3	198	0.00000
Aegicerorhabdus qinzhovensis	3131927	S	16	0	16	0.00000
Vibrio celticus	446372	S	3620	1287	4907	0.00010
Vibrio sp. DW001	2912315	S	845	100	945	0.00002
Vibrio sp. SCSIO 43137	3021011	S	383	4	387	0.00001
Vibrio sp. nBUS_14	3395321	S	349	48	397	0.00001
Vibrio sp. MA40-2	3391828	S	283	4	287	0.00001
Vibrio sp. SCSIO 43136	2819101	S	228	2	230	0.00000
Vibrio sp. SS-MA-C1-2	2908646	S	207	2	209	0.00000
Vibrio sp. BS-M-Sm-2	3241167	S	164	49	213	0.00000
Vibrio sp. HB236076	3232307	S	159	3	162	0.00000
Vibrio sp. YMD68	3042300	S	106	26	132	0.00000
Vibrio sp. NTOU-M3	3234954	S	85	3	88	0.00000
Vibrio sp. F13	2070777	S	82	52	134	0.00000
Vibrio sp. AK197	2937888	S	71	0	71	0.00000
Vibrio sp. B1FLJ16	2751178	S	71	2	73	0.00000
Vibrio sp. SCSIO 43135	2819096	S	50	12	62	0.00000
Vibrio sp. JC009	2912314	S	37	0	37	0.00000
Vibrio sp. NH-7	3470823	S	35	46	81	0.00000
Vibrio sp. VB16	2785746	S	33	4	37	0.00000
Vibrio sp. SCSIO 43133	2802577	S	33	35	68	0.00000
Vibrio sp. B1Z05	2654980	S	26	2	28	0.00000
Vibrio sp. qd031	1603038	S	24	0	24	0.00000
Vibrio sp. HDW18	2714948	S	23	2	25	0.00000
Vibrio sp. 16	391586	S	20	25	45	0.00000
Vibrio sp. SCSIO 43132	2779363	S	10	3	13	0.00000
Vibrio parahaemolyticus	670	S	959	1213	2172	0.00004
Vibrio harveyi	669	S	359	260	619	0.00001
Vibrio campbellii	680	S	223	103	326	0.00001
Vibrio rotiferianus	190895	S	169	55	224	0.00000
Vibrio azureus	512649	S	159	1	160	0.00000
Vibrio natriegens	691	S	119	56	175	0.00000
Vibrio mytili	50718	S	117	2	119	0.00000
Vibrio alginolyticus	663	S	76	117	193	0.00000
Vibrio jasicida	766224	S	44	31	75	0.00000
Vibrio owensii	696485	S	42	15	57	0.00000
Vibrio diabolicus	50719	S	14	16	30	0.00000
Vibrio scophthalmi	45658	S	637	48	685	0.00001
Vibrio cholerae	666	S	573	1482	2055	0.00004
Vibrio proteolyticus	671	S	501	10	511	0.00001
Vibrio coralliilyticus	190893	S	495	192	687	0.00001
Vibrio fluvialis	676	S	487	180	667	0.00001
Vibrio mimicus	674	S	463	36	499	0.00001
Vibrio crassostreae	246167	S	439	117	556	0.00001
Vibrio artabrorum	446374	S	410	26	436	0.00001
Vibrio chagasii	170679	S	408	28	436	0.00001
Vibrio cincinnatiensis	675	S	355	11	366	0.00001
Vibrio tubiashii	29498	S	31	171	202	0.00000
Vibrio europaeus	300876	S	18	109	127	0.00000
Vibrio sinaloensis	379097	S	13	0	13	0.00000
Vibrio navarrensis	29495	S	326	34	360	0.00001
Vibrio palustris	1918946	S	316	4	320	0.00001
Vibrio aerogenes	92172	S	294	1	295	0.00001
Vibrio cyclitrophicus	47951	S	283	44	327	0.00001
Vibrio splendidus	29497	S	267	92	359	0.00001
Vibrio quintilis	1117707	S	263	1	264	0.00001
Vibrio gangliei	2077090	S	246	6	252	0.00001
Vibrio chaetopteri	3016528	S	242	4	246	0.00000
Vibrio furnissii	29494	S	242	88	330	0.00001
Vibrio inusitatus	413402	S	236	7	243	0.00000
Vibrio anguillarum	55601	S	230	120	350	0.00001
Vibrio vulnificus	672	S	226	10	236	0.00000
Vibrio fortis	212667	S	214	21	235	0.00000
Vibrio aphrogenes	1891186	S	205	2	207	0.00000
Vibrio qinghaiensis	2025808	S	195	58	253	0.00001
Vibrio penaeicida	104609	S	190	12	202	0.00000
Vibrio gallicus	190897	S	179	3	182	0.00000
Vibrio breoganii	553239	S	172	4	176	0.00000
Vibrio porteresiae	435912	S	156	4	160	0.00000
Vibrio panuliri	1381081	S	138	2	140	0.00000
Vibrio tapetis	52443	S	135	1	136	0.00000
Vibrio paracholerae	650003	S	121	154	275	0.00001
Vibrio casei	673372	S	119	4	123	0.00000
Vibrio ponticus	265668	S	113	1	114	0.00000
Vibrio metschnikovii	28172	S	113	3	116	0.00000
Vibrio zhugei	2479546	S	111	3	114	0.00000
Vibrio comitans	413401	S	110	3	113	0.00000
Vibrio aquimaris	2587862	S	105	0	105	0.00000
uncultured Vibrio sp.	114054	S	104	37	141	0.00000
Vibrio pelagius	28169	S	93	5	98	0.00000
Vibrio tarriae	2014742	S	89	41	130	0.00000
Vibrio cortegadensis	1328770	S	89	1	90	0.00000
Vibrio aestuarianus	28171	S	88	3	91	0.00000
Vibrio neonatus	278860	S	78	6	84	0.00000
Vibrio tritonius	1435069	S	76	1	77	0.00000
Vibrio gazogenes	687	S	73	1	74	0.00000
Vibrio misgurnus	2993714	S	68	6	74	0.00000
Vibrio iocasae	3098914	S	63	0	63	0.00000
Vibrio ruber	184755	S	63	1	64	0.00000
Vibrio alfacsensis	1074311	S	60	19	79	0.00000
Vibrio rhizosphaerae	398736	S	58	1	59	0.00000
Vibrio ziniensis	2711221	S	56	1	57	0.00000
Vibrio nigripulchritudo	28173	S	53	5	58	0.00000
Vibrio gallaecicus	552386	S	53	2	55	0.00000
Vibrio astriarenae	1481923	S	52	0	52	0.00000
Vibrio mangrovi	474394	S	49	0	49	0.00000
Vibrio taketomensis	2572923	S	48	0	48	0.00000
Vibrio syngnathi	3034029	S	45	16	61	0.00000
Vibrio metoecus	1481663	S	44	7	51	0.00000
Vibrio toranzoniae	1194427	S	42	8	50	0.00000
Vibrio lentus	136468	S	37	7	44	0.00000
Vibrio rarus	413403	S	35	0	35	0.00000
Vibrio algicola	2662262	S	35	0	35	0.00000
Vibrio sinus	2946865	S	31	0	31	0.00000
Vibrio mediterranei	689	S	29	7	36	0.00000
Vibrio rumoiensis	76258	S	28	1	29	0.00000
Vibrio japonicus	1824638	S	27	0	27	0.00000
Vibrio spartinae	1918945	S	26	0	26	0.00000
Vibrio diazotrophicus	685	S	25	1	26	0.00000
Vibrio kanaloae	170673	S	23	3	26	0.00000
Vibrio plantisponsor	664643	S	22	1	23	0.00000
Vibrio ishigakensis	1481914	S	22	0	22	0.00000
Vibrio cidicii	1763883	S	18	3	21	0.00000
Vibrio apostichopi	3035453	S	16	3	19	0.00000
Vibrio pectenicida	62763	S	13	0	13	0.00000
Vibrio ostreae	2841925	S	11	7	18	0.00000
Vibrio gigantis	296199	S	11	2	13	0.00000
Vibrio maritimus	990268	S	10	0	10	0.00000
Photobacterium sp. CCB-ST2H9	2912855	S	384	5	389	0.00001
Photobacterium sp. DA100	3027472	S	233	3	236	0.00000
Photobacterium sp. TLY01	2907534	S	200	5	205	0.00000
Photobacterium sp. GJ3	2829502	S	72	0	72	0.00000
Photobacterium sp. TY1-4	2899122	S	64	1	65	0.00000
Photobacterium sp. GSS17	3020715	S	18	39	57	0.00000
Photobacterium damselae	38293	S	663	117	780	0.00002
Photobacterium sanguinicancri	875932	S	502	16	518	0.00001
Photobacterium leiognathi	553611	S	377	16	393	0.00001
Photobacterium swingsii	680026	S	185	7	192	0.00000
Photobacterium phosphoreum	659	S	184	9	193	0.00000
Photobacterium ganghwense	320778	S	91	99	190	0.00000
Photobacterium toruni	1935446	S	85	5	90	0.00000
Photobacterium piscicola	1378299	S	45	3	48	0.00000
Photobacterium atrarenae	865757	S	38	0	38	0.00000
Photobacterium profundum	74109	S	37	0	37	0.00000
Aliivibrio fischeri	668	S	569	43	612	0.00001
Aliivibrio salmonicida	40269	S	81	17	98	0.00000
Aliivibrio logei	688	S	60	2	62	0.00000
Salinivibrio costicola	51367	S	215	12	227	0.00000
Salinivibrio kushneri	1908198	S	178	2	180	0.00000
Salinivibrio proteolyticus	334715	S	15	2	17	0.00000
Grimontia sp. NTOU-MAR1	3111011	S	93	3	96	0.00000
Grimontia hollisae	673	S	53	0	53	0.00000
Grimontia kaedaensis	2872157	S	30	1	31	0.00000
Enterovibrio litoreus	3241166	S	110	1	111	0.00000
Enterovibrio norvegicus	188144	S	53	0	53	0.00000
Candidatus Enterovibrio altilux	1927128	S	12	0	12	0.00000
Paraphotobacterium marinum	1755811	S	154	2	156	0.00000
Parasalinivibrio latis	2952610	S	63	0	63	0.00000
Thaumasiovibrio subtropicus	1891207	S	42	1	43	0.00000
Halomonas sp.	1486246	S	942	51	993	0.00002
Halomonas sp. SH5A2	2749040	S	688	53	741	0.00001
Halomonas sp. THAF5a	2587844	S	314	75	389	0.00001
Halomonas sp. H5	3423910	S	225	20	245	0.00000
Halomonas sp. M4R1S46	2982692	S	150	8	158	0.00000
Halomonas sp. LS-001	3465833	S	132	7	139	0.00000
Halomonas sp. M1	3035470	S	129	10	139	0.00000
Halomonas sp. R57-5	1610576	S	101	69	170	0.00000
Halomonas sp. KO116	1504981	S	85	357	442	0.00001
Halomonas sp. Y3	2956797	S	79	124	203	0.00000
Halomonas sp. HK25	3394321	S	53	3	56	0.00000
Halomonas sp. FeN2	2832500	S	51	233	284	0.00001
Halomonas sp. A40-4	2785909	S	47	6	53	0.00000
Halomonas sp. NyZ770	2883106	S	40	78	118	0.00000
Halomonas sp. 3H	2952527	S	39	8	47	0.00000
Halomonas sp. 7T	2893469	S	36	16	52	0.00000
Halomonas sp. HAL1	550984	S	36	34	70	0.00000
Halomonas sp. 18071143	2855441	S	26	87	113	0.00000
Halomonas sp. TD01	999141	S	26	19	45	0.00000
Halomonas sp. E14	3397245	S	20	1	21	0.00000
Halomonas sp. YLGW01	2773308	S	18	1	19	0.00000
Halomonas sp. BDJS001	2992143	S	17	5	22	0.00000
Halomonas sp. I5-271120	3061632	S	17	6	23	0.00000
Halomonas sp. MS1	507763	S	16	332	348	0.00001
Halomonas sp. CKK8	3036127	S	14	1	15	0.00000
Halomonas sp. H2	261936	S	14	11	25	0.00000
Halomonas sp. JS92-SW72	2306583	S	13	22	35	0.00000
Halomonas sp. GT	1971364	S	11	13	24	0.00000
Halomonas binhaiensis	2562282	S	382	5	387	0.00001
Halomonas piscis	3031727	S	268	2	270	0.00001
Halomonas elongata	2746	S	213	2	215	0.00000
Halomonas cupida	44933	S	175	4	179	0.00000
Halomonas litopenaei	2109328	S	158	26	184	0.00000
Halomonas huangheensis	1178482	S	101	1	102	0.00000
Halomonas mongoliensis	321265	S	100	45	145	0.00000
Halomonas casei	2742613	S	94	13	107	0.00000
Halomonas alkalicola	1930622	S	51	68	119	0.00000
Halomonas beimenensis	475662	S	41	1	42	0.00000
Halomonas qinghailakensis	2937790	S	41	88	129	0.00000
Halomonas chromatireducens	507626	S	24	0	24	0.00000
Halomonas alkaliantarctica	232346	S	22	2	24	0.00000
Halomonas halophila	29573	S	18	44	62	0.00000
Halomonas qaidamensis	2866211	S	10	20	30	0.00000
Vreelandella sp. F11	3394751	S	520	111	631	0.00001
Vreelandella sp.	3137778	S	79	15	94	0.00000
Vreelandella sp. EE22	3449838	S	60	50	110	0.00000
Vreelandella sp. EE27	3449835	S	12	221	233	0.00000
Vreelandella venusta	44935	S	667	409	1076	0.00002
Vreelandella subglaciescola	29571	S	608	28	636	0.00001
Vreelandella aquamarina	77097	S	270	224	494	0.00001
Vreelandella zhaodongensis	1176240	S	88	13	101	0.00000
Vreelandella alkaliphila	272774	S	72	466	538	0.00001
Vreelandella profundi	2852117	S	25	3	28	0.00000
Vreelandella sulfidaeris	115553	S	20	13	33	0.00000
Vreelandella titanicae	664683	S	18	114	132	0.00000
Vreelandella stevensii	502821	S	15	14	29	0.00000
Vreelandella neptunia	115551	S	13	56	69	0.00000
Cobetia sp. L2A1	2686360	S	373	201	574	0.00001
Cobetia sp. cqz5-12	2609415	S	20	187	207	0.00000
Salinicola sp. JS01	3050071	S	193	89	282	0.00001
Salinicola sp. NYA28a	3465832	S	12	14	26	0.00000
Salinicola lusitanus	1949085	S	160	26	186	0.00000
Salinicola endophyticus	1949083	S	147	46	193	0.00000
Salinicola tamaricis	1771309	S	16	7	23	0.00000
Kushneria sp. AK178	2937864	S	151	8	159	0.00000
Kushneria sp. Sum13	3459196	S	48	6	54	0.00000
Kushneria sp. TE3	3449832	S	18	360	378	0.00001
Kushneria konosiri	698828	S	29	9	38	0.00000
Kushneria phosphatilytica	657387	S	18	0	18	0.00000
Billgrantia antri	2846777	S	389	23	412	0.00001
Billgrantia sp. C5P2	3436239	S	127	448	575	0.00001
Billgrantia diversa	2781855	S	85	2	87	0.00000
Billgrantia tianxiuensis	2497861	S	33	2	35	0.00000
Zymobacter palmae	33074	S	94	15	109	0.00000
Zymobacter sp. IVIA_12111.31 C1	3394854	S	25	17	42	0.00000
Candidatus Carsonella ruddii	114186	S	96	4	100	0.00000
Halotalea alkalilenta	376489	S	167	2	169	0.00000
Chromohalobacter israelensis	141390	S	39	8	47	0.00000
Chromohalobacter canadensis	141389	S	34	11	45	0.00000
Pistricoccus aurantiacus	1883414	S	63	0	63	0.00000
Bisbaumannia salifodinae	438745	S	29	2	31	0.00000
Marinomonas sp. RS-M-Aa-14	3241169	S	180	138	318	0.00001
Marinomonas sp. PE14-40	3060621	S	111	9	120	0.00000
Marinomonas sp. THO17	3149048	S	102	9	111	0.00000
Marinomonas sp.	1904862	S	44	31	75	0.00000
Marinomonas sp. FW-1	2071621	S	44	16	60	0.00000
Marinomonas sp. A3A	2065312	S	23	20	43	0.00000
Marinomonas sp. GJ51-6	2992802	S	18	2	20	0.00000
Marinomonas sp. CT5	2066133	S	13	1	14	0.00000
Marinomonas algicola	2773454	S	568	42	610	0.00001
Marinomonas profundi	2726122	S	392	111	503	0.00001
Marinomonas primoryensis	178399	S	341	44	385	0.00001
Marinomonas mediterranea	119864	S	262	20	282	0.00001
Marinomonas gallaica	1806667	S	150	13	163	0.00000
Marinomonas posidonica	936476	S	108	13	121	0.00000
Marinomonas arctica	383750	S	96	74	170	0.00000
Marinomonas polaris	293552	S	39	24	63	0.00000
Marinomonas foliarum	491950	S	25	26	51	0.00000
Marinomonas rhizomae	491948	S	20	20	40	0.00000
Marinomonas pontica	264739	S	17	7	24	0.00000
Marinobacterium sp. YM272	3421654	S	329	13	342	0.00001
Marinobacterium sp. LSUCC0821	2668067	S	273	8	281	0.00001
Marinobacterium aestuarii	1821621	S	372	23	395	0.00001
Marinobacterium rhizophilum	420402	S	140	8	148	0.00000
Marinobacterium iners	48076	S	108	10	118	0.00000
Marinobacterium sediminicola	518898	S	67	4	71	0.00000
Aliamphritea ceti	1524258	S	579	7	586	0.00001
Aliamphritea hakodatensis	2895352	S	177	2	179	0.00000
Aliamphritea spongicola	707589	S	88	0	88	0.00000
Amphritea atlantica	355243	S	264	5	269	0.00001
Amphritea sp. HPY	3421652	S	203	1	204	0.00000
Amphritea japonica	452627	S	152	1	153	0.00000
Neptunomonas concharum	1031538	S	521	23	544	0.00001
Neptunomonas japonica	417574	S	44	0	44	0.00000
Neptunomonas phycophila	1572645	S	25	1	26	0.00000
Thalassolituus sp. LLYu03	3421656	S	448	12	460	0.00001
Candidatus Thalassolituus haligoni	3100113	S	44	0	44	0.00000
Thalassolituus oleivorans	187493	S	41	3	44	0.00000
Thalassolituus hydrocarboniclasticus	2742796	S	17	3	20	0.00000
Neptuniibacter sp. QD29_5	3398207	S	125	96	221	0.00000
Neptuniibacter sp. SY11_33	3398215	S	10	1	11	0.00000
Neptuniibacter halophilus	651666	S	224	1	225	0.00000
Neptuniibacter marinus	1806670	S	43	3	46	0.00000
Bacterioplanoides sp.	2066072	S	270	9	279	0.00001
Bacterioplanoides sp. SCSIO 12839	2829569	S	34	0	34	0.00000
Bacterioplanes sanyensis	1249553	S	130	9	139	0.00000
Motiliproteus sp.	1898955	S	104	4	108	0.00000
Nitrincola salilacus	3400273	S	57	2	59	0.00000
Nitrincola iocasae	2614693	S	24	0	24	0.00000
Bermanella marisrubri	207949	S	60	0	60	0.00000
Marinospirillum sp.	2183934	S	76	7	83	0.00000
Venatoribacter cucullus	2661630	S	26	1	27	0.00000
Venatorbacter sp. C2-1	2597518	S	26	5	31	0.00000
Isoalcanivorax pacificus	1306787	S	827	44	871	0.00002
Alloalcanivorax xenomutans	1094342	S	333	64	397	0.00001
Alloalcanivorax dieselolei	285091	S	318	25	343	0.00001
Alloalcanivorax venustensis	172371	S	86	2	88	0.00000
Alcanivorax sp.	1872427	S	185	513	698	0.00001
Gynuella sunshinyii	1445505	S	739	12	751	0.00002
Salinispirillum sp. LH 10-3-1	2952525	S	348	5	353	0.00001
Reinekea forsetii	1336806	S	275	4	279	0.00001
Saccharospirillum mangrovi	2161747	S	219	8	227	0.00000
Endozoicomonas sp. SCSIO W0465	2918516	S	195	200	395	0.00001
Endozoicomonas sp. 8E	3035692	S	67	149	216	0.00000
Endozoicomonas sp. GU-1	3009078	S	45	22	67	0.00000
Endozoicomonas sp.	1892382	S	37	30	67	0.00000
Endozoicomonas sp. 4G	2872754	S	21	12	33	0.00000
Endozoicomonas sp. Mp262	2919499	S	21	1	22	0.00000
Endozoicomonas euniceicola	1234143	S	118	5	123	0.00000
Endozoicomonas montiporae	1027273	S	107	5	112	0.00000
Aliikangiella sp. IMCC44359	3459125	S	673	0	673	0.00001
Aliikangiella sp. IMCC44653	3458939	S	33	6	39	0.00000
Aliikangiella sp. IMCC44632	3462278	S	11	2	13	0.00000
Pleionea litopenaei	3070815	S	11	0	11	0.00000
Hahella chejuensis	158327	S	186	67	253	0.00001
Hahella sp. KA22	1628392	S	154	63	217	0.00000
Hahella sp. NBU794	3422590	S	14	4	18	0.00000
Hahella aquimaris	3015983	S	55	21	76	0.00000
Thermohahella caldifontis	3142973	S	131	12	143	0.00000
Allohahella sp. A8	3141461	S	10	0	10	0.00000
Litorivicinus lipolyticus	418701	S	387	0	387	0.00001
Marinicellulosiphila megalodicopiae	2724896	S	361	5	366	0.00001
Spartinivicinus ruber	2683272	S	189	9	198	0.00000
Pokkaliibacter plantistimulans	1635171	S	155	1	156	0.00000
Oleiphilus messinensis	141451	S	24	0	24	0.00000
Aeromonas hydrophila	644	S	2074	1089	3163	0.00006
Aeromonas veronii	654	S	1642	736	2378	0.00005
Aeromonas caviae	648	S	1073	1957	3030	0.00006
Aeromonas sp. FDAARGOS 1415	2778064	S	366	38	404	0.00001
Aeromonas sp. FDAARGOS 1417	2778066	S	218	299	517	0.00001
Aeromonas sp. ASNIH4	1636609	S	117	153	270	0.00001
Aeromonas sp. CA23	2033032	S	117	60	177	0.00000
Aeromonas sp. CU5	2033033	S	72	5	77	0.00000
Aeromonas sp. FDAARGOS 1403	2778052	S	14	28	42	0.00000
Aeromonas dhakensis	196024	S	594	431	1025	0.00002
Aeromonas salmonicida	645	S	530	38	568	0.00001
Aeromonas media	651	S	480	106	586	0.00001
Aeromonas rivuli	648794	S	314	7	321	0.00001
Aeromonas simiae	218936	S	198	6	204	0.00000
Aeromonas rivipollensis	948519	S	125	71	196	0.00000
Aeromonas allosaccharophila	656	S	121	45	166	0.00000
Aeromonas encheleia	73010	S	106	3	109	0.00000
Aeromonas enteropelogenes	29489	S	98	53	151	0.00000
Aeromonas popoffii	70856	S	72	3	75	0.00000
Aeromonas jandaei	650	S	68	23	91	0.00000
Aeromonas schubertii	652	S	39	1	40	0.00000
Aeromonas bestiarum	105751	S	14	4	18	0.00000
Zobellella sp. DQSA1	3342386	S	453	53	506	0.00001
Zobellella sp. An-6	3400218	S	178	44	222	0.00000
Zobellella denitrificans	347534	S	320	80	400	0.00001
Zobellella taiwanensis	347535	S	69	34	103	0.00000
Oceanisphaera avium	1903694	S	466	162	628	0.00001
Oceanisphaera sp. IT1-181	3081199	S	21	37	58	0.00000
Pseudaeromonas aegiceratis	3153928	S	387	10	397	0.00001
Tolumonas auensis	43948	S	309	10	319	0.00001
Oceanimonas pelagia	3028314	S	53	9	62	0.00000
Oceanimonas smirnovii	264574	S	44	93	137	0.00000
Oceanimonas sp. GK1	511062	S	19	6	25	0.00000
Dongshaea marina	2047966	S	67	0	67	0.00000
Succinivibrio dextrinosolvens	83771	S	298	0	298	0.00001
Cellvibrio sp. KY-GH-1	2303332	S	421	2	423	0.00001
Cellvibrio sp. PSBB006	1987723	S	337	0	337	0.00001
Cellvibrio sp. KY-YJ-3	454662	S	178	15	193	0.00000
Cellvibrio sp. QJXJ	2964606	S	151	11	162	0.00000
Cellvibrio sp. PSBB023	1945512	S	53	0	53	0.00000
Cellvibrio japonicus	155077	S	549	0	549	0.00001
Gilvimarinus sp. DA14	2956798	S	592	1	593	0.00001
Gilvimarinus japonicus	1796469	S	113	1	114	0.00000
Simiduia agarivorans	447471	S	375	0	375	0.00001
Simiduia sp. 21SJ11W-1	2909669	S	281	0	281	0.00001
Simiduia litorea	1435348	S	13	0	13	0.00000
Agaribacterium sp. ZY112	3233574	S	465	1	466	0.00001
Teredinibacter haidensis	2731755	S	138	0	138	0.00000
Teredinibacter turnerae	2426	S	119	0	119	0.00000
Teredinibacter purpureus	2731756	S	98	0	98	0.00000
Teredinibacter sp. KSP-S5-2	3034506	S	86	0	86	0.00000
Maricurvus nonylphenolicus	1008307	S	378	0	378	0.00001
Saccharophagus degradans	86304	S	219	0	219	0.00000
Marinagarivorans cellulosilyticus	2721545	S	213	1	214	0.00000
Marinimicrobium sp. C6131	3022676	S	171	0	171	0.00000
Agarilytica rhodophyticola	1737490	S	101	0	101	0.00000
Microbulbifer sp. CnH-101-G	3243393	S	295	179	474	0.00001
Microbulbifer sp. A4B17	359370	S	221	105	326	0.00001
Microbulbifer sp. YPW1	2745199	S	202	62	264	0.00001
Microbulbifer sp. SAOS-129_SWC	3145235	S	157	5	162	0.00000
Microbulbifer sp. ARAS458-1	3140242	S	128	16	144	0.00000
Microbulbifer sp. GL-2	2591606	S	100	8	108	0.00000
Microbulbifer sp. ALW1	1516059	S	73	4	77	0.00000
Microbulbifer sp. THAF38	2587856	S	54	30	84	0.00000
Microbulbifer sp. TRSA001	3243381	S	40	372	412	0.00001
Microbulbifer sp. MLAF003	3032582	S	35	618	653	0.00001
Microbulbifer sp. MCCC 1A16149	3411322	S	23	7	30	0.00000
Microbulbifer sp. PSTR4-B	3243396	S	22	244	266	0.00001
Microbulbifer celer	435905	S	461	18	479	0.00001
Microbulbifer elongatus	86173	S	410	66	476	0.00001
Microbulbifer agarilyticus	260552	S	181	6	187	0.00000
Microbulbifer pacificus	407164	S	110	7	117	0.00000
Microbulbifer bruguierae	3029061	S	87	5	92	0.00000
Microbulbifer aggregans	1769779	S	51	2	53	0.00000
Microbulbifer hydrolyticus	48074	S	47	3	50	0.00000
Microbulbifer spongiae	2944933	S	28	1	29	0.00000
Microbulbifer harenosus	2576840	S	12	93	105	0.00000
Congregibacter variabilis	3081200	S	238	68	306	0.00001
Congregibacter brevis	3081201	S	88	23	111	0.00000
Congregibacter litoralis	393662	S	38	12	50	0.00000
Halioglobus sp. Uisw_031	3230977	S	127	12	139	0.00000
Halioglobus maricola	2601894	S	20	2	22	0.00000
Luminiphilus sp. nBUS_16	3395315	S	87	24	111	0.00000
Aequoribacter fuscus	2518989	S	40	16	56	0.00000
Kineobactrum salinum	2708301	S	30	4	34	0.00000
Candidatus Paraluminiphilus aquimaris	2518994	S	27	2	29	0.00000
Spongiibacter taiwanensis	1748242	S	122	0	122	0.00000
Spongiibacter nanhainus	2794344	S	122	2	124	0.00000
Spongiibacter sp. IMCC21906	1620392	S	105	2	107	0.00000
Zhongshania aliphaticivorans	1470434	S	336	1	337	0.00001
Oceanicoccus sagamiensis	716816	S	12	0	12	0.00000
Haemophilus parainfluenzae	729	S	447	31	478	0.00001
Haemophilus influenzae	727	S	345	513	858	0.00002
Haemophilus pittmaniae	249188	S	96	4	100	0.00000
Haemophilus parahaemolyticus	735	S	90	4	94	0.00000
Haemophilus haemolyticus	726	S	53	17	70	0.00000
[Haemophilus] ducreyi	730	S	15	0	15	0.00000
Pasteurella multocida	747	S	789	342	1131	0.00002
Pasteurella dagmatis	754	S	331	3	334	0.00001
Pasteurella atlantica	2827233	S	105	45	150	0.00000
Pasteurella canis	753	S	89	1	90	0.00000
Pasteurella testudinis	761	S	77	0	77	0.00000
Pasteurella sp. PK-2025	3413133	S	24	0	24	0.00000
Actinobacillus equuli	718	S	314	289	603	0.00001
Actinobacillus delphinicola	51161	S	181	1	182	0.00000
Actinobacillus succinogenes	67854	S	155	0	155	0.00000
Actinobacillus genomosp. 1	254839	S	71	24	95	0.00000
Actinobacillus pleuropneumoniae	715	S	34	64	98	0.00000
Actinobacillus lignieresii	720	S	26	23	49	0.00000
Actinobacillus indolicus	51049	S	16	1	17	0.00000
Actinobacillus porcitonsillarum	189834	S	14	1	15	0.00000
Actinobacillus genomosp. 2	230709	S	11	2	13	0.00000
Mannheimia granulomatis	85402	S	411	11	422	0.00001
Mannheimia varigena	85404	S	100	10	110	0.00000
Mannheimia pernigra	111844	S	28	41	69	0.00000
Mannheimia bovis	2770636	S	14	4	18	0.00000
Mannheimia haemolytica	75985	S	12	80	92	0.00000
Mannheimia sp. USDA-ARS-USMARC-1261	1432056	S	10	7	17	0.00000
Glaesserella parasuis	738	S	421	23	444	0.00001
Glaesserella sp. 15-184	2030797	S	221	10	231	0.00000
Avibacterium sp. 20-132	2911526	S	56	161	217	0.00000
Avibacterium sp. 21-595	2911527	S	18	45	63	0.00000
Avibacterium paragallinarum	728	S	170	9	179	0.00000
Avibacterium volantium	762	S	168	5	173	0.00000
Testudinibacter sp. P27/CKL/0425	3464184	S	69	331	400	0.00001
Gallibacterium salpingitidis	505341	S	175	1	176	0.00000
Gallibacterium anatis	750	S	110	7	117	0.00000
Gallibacterium sp. ZY190522	3469824	S	105	13	118	0.00000
Bibersteinia trehalosi	47735	S	245	8	253	0.00001
Rodentibacter caecimuris	1796644	S	76	2	78	0.00000
Rodentibacter haemolyticus	2778911	S	46	76	122	0.00000
Rodentibacter abscessus	3381777	S	19	16	35	0.00000
Phocoenobacter skyensis	97481	S	210	18	228	0.00000
Phocoenobacter atlanticus	3416742	S	18	6	24	0.00000
Histophilus somni	731	S	217	7	224	0.00000
Aggregatibacter sp. HMT-949	3235088	S	75	1	76	0.00000
Aggregatibacter actinomycetemcomitans	714	S	54	2	56	0.00000
Aggregatibacter aphrophilus	732	S	31	3	34	0.00000
Lonepinella sp. MS14436	3003619	S	12	101	113	0.00000
Lonepinella koalarum	53417	S	25	27	52	0.00000
Mergibacter septicus	221402	S	150	0	150	0.00000
Otariodibacter oris	1032623	S	59	0	59	0.00000
Bisgaardia hudsonensis	109472	S	33	0	33	0.00000
Frederiksenia canicola	123824	S	28	0	28	0.00000
Vespertiliibacter pulmonis	1443036	S	24	0	24	0.00000
Rheinheimera sp. MM224	3019969	S	481	14	495	0.00001
Rheinheimera sp. F8	1763998	S	270	0	270	0.00001
Rheinheimera sp. MMS21-TC3	3072790	S	212	2	214	0.00000
Rheinheimera mangrovi	2498451	S	250	7	257	0.00001
Thiorhodovibrio frisius	631362	S	345	39	384	0.00001
Thiorhodovibrio winogradskyi	77007	S	343	24	367	0.00001
Thiorhodovibrio litoralis	2952932	S	86	6	92	0.00000
Nitrosococcus watsonii	473531	S	547	34	581	0.00001
Nitrosococcus halophilus	133539	S	55	1	56	0.00000
Nitrosococcus oceani	1229	S	51	2	53	0.00000
Nitrosococcus wardiae	1814290	S	14	0	14	0.00000
Thioflavicoccus mobilis	80679	S	319	30	349	0.00001
Thermochromatium tepidum	1050	S	210	51	261	0.00001
Thiocapsa bogorovii	521689	S	42	5	47	0.00000
Thiocapsa sp.	2024551	S	39	4	43	0.00000
Thiocystis violascens	73141	S	80	16	96	0.00000
Candidatus Nitrosoglobus terrae	1630141	S	47	4	51	0.00000
Candidatus Nitrosacidococcus tergens	553981	S	39	3	42	0.00000
Caldichromatium japonicum	2699430	S	36	7	43	0.00000
Allochromatium tepidum	553982	S	19	7	26	0.00000
Allochromatium vinosum	1049	S	14	3	17	0.00000
Candidatus Thiodictyon syntrophicum	1166950	S	22	1	23	0.00000
Ectothiorhodospira haloalkaliphila	421628	S	472	54	526	0.00001
Ectothiorhodospira shaposhnikovii	1054	S	278	10	288	0.00001
Ectothiorhodospira sp. BSL-9	1442136	S	16	1	17	0.00000
Halorhodospira halochloris	1052	S	400	0	400	0.00001
Halorhodospira halophila	1053	S	38	0	38	0.00000
Sediminicurvatus halobius	2182432	S	427	0	427	0.00001
Thioalkalivibrio nitratireducens	186931	S	72	3	75	0.00000
Thioalkalivibrio sp. K90mix	396595	S	68	1	69	0.00000
Thioalkalivibrio sulfidiphilus	1033854	S	58	0	58	0.00000
Thioalkalivibrio paradoxus	108010	S	30	1	31	0.00000
Thioalkalivibrio versutus	106634	S	18	0	18	0.00000
Acidihalobacter ferrooxydans	1765967	S	114	0	114	0.00000
Acidihalobacter aeolianus	2792603	S	107	1	108	0.00000
Acidihalobacter yilgarnensis	2819280	S	20	0	20	0.00000
Spiribacter roseus	1855875	S	72	1	73	0.00000
Spiribacter curvatus	1335757	S	68	1	69	0.00000
Spiribacter sp. 2438	2666185	S	12	0	12	0.00000
Alkalilimnicola ehrlichii	351052	S	136	1	137	0.00000
Aquisalimonas sp. 2447	2740807	S	119	0	119	0.00000
Ectothiorhodosinus mongolicus	233100	S	94	0	94	0.00000
Thiosocius teredinicola	1973002	S	515	0	515	0.00001
Candidatus Thiodiazotropha sp. CDECU1	3065865	S	178	2	180	0.00000
Candidatus Thiodiazotropha sp. LNASS1	3096260	S	11	0	11	0.00000
Sedimenticola thiotaurini	1543721	S	186	0	186	0.00000
Candidatus Endoriftia persephonae	393765	S	68	0	68	0.00000
Thiolapillus brandeum	1076588	S	12	0	12	0.00000
Granulosicoccus antarcticus	437505	S	469	0	469	0.00001
Sulfuriflexus mobilis	1811807	S	268	1	269	0.00001
Halothiobacillus diazotrophicus	1860122	S	222	1	223	0.00000
Halothiobacillus neapolitanus	927	S	221	2	223	0.00000
Halothiobacillus sp. DCM-1	3112558	S	200	2	202	0.00000
Guyparkeria halophila	47960	S	120	2	122	0.00000
Wenzhouxiangella marina	1579979	S	85	0	85	0.00000
Wenzhouxiangella sp. AB-CW3	2771012	S	36	0	36	0.00000
Methylophaga pinxianii	2881052	S	662	10	672	0.00001
Methylophaga marina	45495	S	180	1	181	0.00000
Methylophaga nitratireducenticrescens	754476	S	88	0	88	0.00000
Methylophaga thalassica	40223	S	74	0	74	0.00000
Methylophaga frappieri	754477	S	10	0	10	0.00000
Thiomicrorhabdus indica	2267253	S	309	30	339	0.00001
Thiomicrorhabdus aquaedulcis	2211106	S	290	16	306	0.00001
Thiomicrorhabdus sp.	2039724	S	99	23	122	0.00000
Thiomicrorhabdus lithotrophica	2949997	S	73	4	77	0.00000
Thiomicrorhabdus sediminis	2580412	S	18	1	19	0.00000
Thiosulfativibrio zosterae	2675053	S	757	94	851	0.00002
Thiomicrospira aerophila	92245	S	211	7	218	0.00000
Thiomicrospira microaerophila	406020	S	60	4	64	0.00000
Thiomicrospira sp. R3	3035472	S	41	1	42	0.00000
Thiomicrospira cyclica	147268	S	10	0	10	0.00000
Thiosulfatimonas sediminis	2675054	S	258	44	302	0.00001
Hydrogenovibrio marinus	28885	S	164	24	188	0.00000
Hydrogenovibrio crunogenus	39765	S	76	35	111	0.00000
Piscirickettsia salmonis	1238	S	116	0	116	0.00000
Francisella tularensis	263	S	603	179	782	0.00002
Francisella salimarina	2599927	S	270	482	752	0.00002
Candidatus Francisella endociliophora	653937	S	183	6	189	0.00000
Francisella sp. Scap27	2589986	S	140	25	165	0.00000
Francisella sp. LA112445	1395624	S	13	0	13	0.00000
Francisella adeliensis	2007306	S	152	26	178	0.00000
Francisella uliginis	573570	S	149	4	153	0.00000
Francisella philomiragia	28110	S	42	9	51	0.00000
Francisella halioticida	549298	S	42	0	42	0.00000
Francisella persica	954	S	30	0	30	0.00000
Francisella hispaniensis	622488	S	30	2	32	0.00000
Allofrancisella guangzhouensis	594679	S	215	6	221	0.00000
Thiothrix winogradskyi	96472	S	539	39	578	0.00001
Candidatus Thiothrix anitrata	2823902	S	406	48	454	0.00001
Thiothrix subterranea	2735563	S	223	11	234	0.00000
Thiothrix lacustris	525917	S	144	55	199	0.00000
Thiothrix unzii	111769	S	14	1	15	0.00000
Thiothrix litoralis	2891210	S	14	9	23	0.00000
Beggiatoa leptomitoformis	288004	S	14	0	14	0.00000
Cysteiniphilum sp. QT6929	2975055	S	108	0	108	0.00000
Methylomonas sp. 2BW1-5-20	3376686	S	96	3	99	0.00000
Methylomonas sp. AM2-LC	3153301	S	87	0	87	0.00000
Methylomonas sp. DH-1	1727196	S	86	101	187	0.00000
Methylomonas sp. MS20	3418769	S	43	669	712	0.00001
Methylomonas sp. BW4-1	3376685	S	32	84	116	0.00000
Methylomonas sp. TEB	3398229	S	23	70	93	0.00000
Methylomonas sp. EFPC3	3021710	S	19	24	43	0.00000
Methylomonas sp. LL1	2785785	S	14	2	16	0.00000
Methylomonas paludis	1173101	S	385	1	386	0.00001
Methylomonas montana	3058963	S	184	2	186	0.00000
Methylomonas rapida	2963939	S	80	1	81	0.00000
Methylomonas stagni	3417647	S	57	101	158	0.00000
Methylomonas denitrificans	1538553	S	31	0	31	0.00000
Methylomonas methanica	421	S	17	0	17	0.00000
Methylomonas koyamae	702114	S	11	3	14	0.00000
Methylotuvimicrobium sp. KM2	3133976	S	202	459	661	0.00001
Methylotuvimicrobium sp. KM1	3377707	S	75	78	153	0.00000
Methylococcus capsulatus	414	S	488	72	560	0.00001
Methylococcus mesophilus	2993564	S	99	1	100	0.00000
Methylogaea oryzae	1295382	S	435	1	436	0.00001
Methylocaldum szegediense	73780	S	281	46	327	0.00001
Methylocaldum marinum	1432792	S	48	17	65	0.00000
Methylocaldum sp. MU1018	3468929	S	17	1	18	0.00000
Methyloprofundus sp.	2020875	S	293	0	293	0.00001
Methylomagnum ishizawai	1760988	S	162	0	162	0.00000
Methylobacter sp. S3L5C	2839024	S	56	0	56	0.00000
Methylobacter sp. sgz302048	3455945	S	43	1	44	0.00000
Methylobacter sp. YRD-M1	2911520	S	18	0	18	0.00000
Methylobacter arcticus	3230117	S	10	0	10	0.00000
Methylomicrobium lacus	136992	S	52	0	52	0.00000
Methylomicrobium album	39775	S	14	0	14	0.00000
Methylovulum psychrotolerans	1704499	S	54	0	54	0.00000
Candidatus Methylocalor cossyra	3108543	S	14	0	14	0.00000
Candidatus Methylospira mobilis	1808979	S	10	0	10	0.00000
Methylomarinovum caldicuralii	438856	S	17	1	18	0.00000
Legionella sp. D16C41	3402688	S	409	0	409	0.00001
Legionella sp. 227	3367288	S	146	33	179	0.00000
Legionella sp. PC997	2755562	S	101	5	106	0.00000
Legionella sp. MW5194	2662448	S	74	17	91	0.00000
Legionella sp. PC1000	2746060	S	16	0	16	0.00000
Legionella pneumophila	446	S	683	77	760	0.00002
Legionella clemsonensis	1867846	S	263	29	292	0.00001
Legionella sainthelensi	28087	S	210	16	226	0.00000
Legionella micdadei	451	S	195	2	197	0.00000
Legionella israelensis	454	S	168	0	168	0.00000
Legionella cardiaca	1071983	S	142	1	143	0.00000
Legionella fallonii	96230	S	130	4	134	0.00000
Legionella lansingensis	45067	S	105	0	105	0.00000
Legionella adelaidensis	45056	S	103	0	103	0.00000
Legionella longbeachae	450	S	71	3	74	0.00000
Legionella jordanis	456	S	51	2	53	0.00000
Legionella oakridgensis	29423	S	44	2	46	0.00000
Legionella spiritensis	452	S	38	1	39	0.00000
Legionella lytica	96232	S	38	0	38	0.00000
Legionella antarctica	2708020	S	33	0	33	0.00000
Legionella cherrii	28084	S	23	0	23	0.00000
Legionella geestiana	45065	S	22	0	22	0.00000
Legionella hackeliae	449	S	22	5	27	0.00000
Legionella anisa	28082	S	19	3	22	0.00000
Fluoribacter dumoffii	463	S	14	0	14	0.00000
Rickettsiella endosymbiont of Aleochara curtula	3077936	S	166	19	185	0.00000
Rickettsiella endosymbiont of Miltochrista miniata	3066239	S	94	12	106	0.00000
Rickettsiella endosymbiont of Litargus connexus	3066237	S	63	3	66	0.00000
Rickettsiella endosymbiont of Dermanyssus gallinae	2856608	S	58	1	59	0.00000
Rickettsiella endosymbiont of Rhagonycha lignosa	3077937	S	12	3	15	0.00000
Candidatus Rickettsiella viridis	676208	S	60	0	60	0.00000
Coxiella-like endosymbiont	1592897	S	123	6	129	0.00000
Aquicella siphonis	254247	S	58	0	58	0.00000
Aquicella lusitana	254246	S	17	0	17	0.00000
Coxiella endosymbiont of Amblyomma nuttalli	2749996	S	10	0	10	0.00000
Gilliamella sp. B3022	2817969	S	320	23	343	0.00001
Gilliamella sp. ESL0405	2704653	S	150	7	157	0.00000
Gilliamella sp. ESL0443	2704655	S	147	10	157	0.00000
Gilliamella sp. wkB7	3120264	S	80	21	101	0.00000
Gilliamella sp. ESL0441	2704654	S	75	3	78	0.00000
Gilliamella apis	1970738	S	350	19	369	0.00001
Gilliamella apicola	1196095	S	115	22	137	0.00000
Orbus sturtevantii	3074109	S	267	4	271	0.00001
Orbus wheelerorum	3074111	S	133	3	136	0.00000
Orbus mooreae	3074107	S	79	2	81	0.00000
Utexia brackfieldae	3074108	S	225	0	225	0.00000
Frischella perrara	1267021	S	203	2	205	0.00000
Zophobihabitans entericus	1635327	S	168	0	168	0.00000
Candidatus Pseudothioglobus singularis	1427364	S	154	31	185	0.00000
Candidatus Pseudothioglobus sp. Uisw_050_01	3230997	S	32	39	71	0.00000
Candidatus Pseudothioglobus sp. Uisw_086	3230998	S	31	28	59	0.00000
Pseudothioglobus sp. nBUS_23	3395318	S	10	1	11	0.00000
Candidatus Thioglobus sp. NP1	2508687	S	237	209	446	0.00001
Candidatus Thioglobus autotrophicus	1705394	S	23	10	33	0.00000
Candidatus Vesicomyidisocius sp. SY067_SCS001	2732590	S	26	148	174	0.00000
Candidatus Vesicomyidisocius calyptogenae	412965	S	10	55	65	0.00000
Candidatus Ruthturnera calyptogenae	386487	S	78	8	86	0.00000
Candidatus Ruthia endofausta	2738852	S	27	4	31	0.00000
Bathymodiolus thermophilus thioautotrophic gill symbiont	2360	S	195	153	348	0.00001
Bathymodiolus septemdierum thioautotrophic gill symbiont	113267	S	46	77	123	0.00000
Candidatus Palibaumannia cicadellinicola	186490	S	143	3	146	0.00000
Celerinatantimonas diazotrophica	412034	S	33	0	33	0.00000
Solimonas sp. K1W22B-7	2303331	S	378	2	380	0.00001
Flagellatimonas centrodinii	2806210	S	225	4	229	0.00000
Hydrocarboniphaga sp.	2033016	S	120	2	122	0.00000
Hydrocarboniphaga effusa	243629	S	55	0	55	0.00000
Sinimarinibacterium sp. NLF-5-8	2698684	S	59	0	59	0.00000
Nevskia ramosa	64002	S	23	0	23	0.00000
Algiphilus sp.	1872431	S	65	0	65	0.00000
Ignatzschineria larvae	112009	S	320	1	321	0.00001
Ignatzschineria rhizosphaerae	2923279	S	148	0	148	0.00000
Wohlfahrtiimonas chitiniclastica	400946	S	173	0	173	0.00000
Cardiobacterium sp. Marseille-Q4385	2866573	S	89	0	89	0.00000
Cardiobacterium hominis	2718	S	30	0	30	0.00000
Suttonella sp. R2A3	2908648	S	118	0	118	0.00000
Kangiella koreensis	261964	S	336	4	340	0.00001
Kangiella geojedonensis	914150	S	96	0	96	0.00000
Kangiella sp. M94	3680434	S	68	0	68	0.00000
Kangiella profundi	1561924	S	30	0	30	0.00000
Kangiella sediminilitoris	1144748	S	25	0	25	0.00000
Immundisolibacter cernigliae	1810504	S	526	1	527	0.00001
Candidatus Foliamicus sp.	3101301	S	419	0	419	0.00001
Acidiferrobacter sp. SPIII_3	1281578	S	349	25	374	0.00001
Sulfurifustis variabilis	1675686	S	24	0	24	0.00000
Sulfuricaulis limicola	1620215	S	13	0	13	0.00000
Thiohalobacter sp. COW1	2795687	S	114	48	162	0.00000
Thiohalobacter sp. IOR34	3057176	S	17	0	17	0.00000
Thiohalobacter thiocyanaticus	585455	S	10	5	15	0.00000
Salinisphaera sp. LB1	2183911	S	50	0	50	0.00000
Salinisphaera sp. SPP-AMP-43	3121288	S	47	0	47	0.00000
Abyssogena phaseoliformis symbiont	596095	S	45	0	45	0.00000
endosymbiont of unidentified scaly snail isolate Monju	1248727	S	43	0	43	0.00000
Candidatus Spongiihabitans sp.	3101308	S	61	0	61	0.00000
Steroidobacter denitrificans	465721	S	55	0	55	0.00000
Sulfurivermis fontis	1972068	S	44	0	44	0.00000
Candidatus Portiera aleyrodidarum	91844	S	42	0	42	0.00000
Woeseia oceani	1548547	S	20	0	20	0.00000
Candidatus Rariloculus sp.	3101265	S	10	0	10	0.00000
Comamonas testosteroni	285	S	2171291	652635	2823926	0.05698
Comamonas sp. B21-038	2918299	S	817041	185769	1002810	0.02023
Comamonas sp. GB3 AK4-5	3231487	S	201275	4767	206042	0.00416
Comamonas sp. Y33R10-2	2853257	S	189711	6118	195829	0.00395
Comamonas sp. 23	3415008	S	9736	23013	32749	0.00066
Comamonas sp. C11	2966554	S	6053	13461	19514	0.00039
Comamonas sp. NLF-1-9	2853163	S	4227	128	4355	0.00009
Comamonas sp. 7D-2evo1	2927787	S	147	185117	185264	0.00374
Comamonas sp. 7D-2	1232667	S	80	4894	4974	0.00010
Comamonas sp. 7D-2evo2	2927788	S	25	20479	20504	0.00041
Comamonas aquatica	225991	S	1014889	125869	1140758	0.02302
Comamonas sediminis	1783360	S	902589	209043	1111632	0.02243
Comamonas kerstersii	225992	S	672432	22272	694704	0.01402
Comamonas thiooxydans	363952	S	597319	157826	755145	0.01524
Comamonas terrigena	32013	S	176417	5509	181926	0.00367
Comamonas fluminis	2796366	S	137814	9260	147074	0.00297
Comamonas piscis	1562974	S	120413	2697	123110	0.00248
Comamonas resistens	3046670	S	98257	9159	107416	0.00217
Comamonas odontotermitis	379895	S	61840	1575	63415	0.00128
Comamonas antarctica	2743470	S	29918	2546	32464	0.00066
Comamonas endophytica	2949090	S	25692	1070	26762	0.00054
Comamonas squillarum	2977320	S	13702	21844	35546	0.00072
Comamonas serinivorans	1082851	S	12874	351	13225	0.00027
Comamonas koreensis	160825	S	11021	20639	31660	0.00064
Comamonas flocculans	2597701	S	6710	1013	7723	0.00016
Acidovorax sp. 1608163	2478662	S	28161	1978	30139	0.00061
Acidovorax sp. DW039	3095606	S	25893	1567	27460	0.00055
Acidovorax sp. HDW3	2714923	S	19092	1079	20171	0.00041
Acidovorax sp. T1	1858609	S	16775	12114	28889	0.00058
Acidovorax sp. FHTAMBA	3140252	S	14600	5307	19907	0.00040
Acidovorax sp. RAC01	1842533	S	13633	2412	16045	0.00032
Acidovorax sp.	1872122	S	12972	658	13630	0.00028
Acidovorax sp. SDU_ACID1	3136632	S	12950	1105	14055	0.00028
Acidovorax sp. M14	3411354	S	12090	7678	19768	0.00040
Acidovorax sp. KKS102	358220	S	11480	8833	20313	0.00041
Acidovorax sp. A79	3056107	S	9308	945	10253	0.00021
Acidovorax sp. M2(2025)	3411355	S	9095	837	9932	0.00020
Acidovorax sp. NCPPB 3576	2940488	S	6089	1399	7488	0.00015
Acidovorax sp. JMULE5	2518343	S	5457	6525	11982	0.00024
Acidovorax sp. GBBC 1281	2940492	S	4332	2895	7227	0.00015
Acidovorax sp. BLS4	3273430	S	3590	2712	6302	0.00013
Acidovorax temperans	80878	S	32172	11014	43186	0.00087
Acidovorax carolinensis	553814	S	28430	13138	41568	0.00084
Acidovorax radicis	758826	S	25262	1746	27008	0.00054
Acidovorax facilis	12917	S	14586	10336	24922	0.00050
Acidovorax delafieldii	47920	S	10978	3190	14168	0.00029
Acidovorax sacchari	3230736	S	3533	2771	6304	0.00013
Delftia acidovorans	80866	S	47471	35303	82774	0.00167
Delftia sp. PS-11	2767222	S	27124	1136	28260	0.00057
Delftia sp. Cs1-4	742013	S	2263	2346	4609	0.00009
Delftia sp. HK171	1920191	S	2097	2315	4412	0.00009
Delftia sp. DS1230	3153805	S	238	533	771	0.00002
Delftia sp. UGAL515B_04	2986766	S	22	551	573	0.00001
Delftia tsuruhatensis	180282	S	20842	33805	54647	0.00110
Delftia lacustris	558537	S	4221	11804	16025	0.00032
Diaphorobacter sp. HDW4B	2714925	S	21205	824	22029	0.00044
Diaphorobacter sp. HDW4A	2714924	S	19449	5574	25023	0.00050
Diaphorobacter sp. MNS-0	2866628	S	2336	9306	11642	0.00023
Diaphorobacter sp. LI3	2952886	S	1783	4622	6405	0.00013
Diaphorobacter sp. JS3050	2735554	S	1741	7811	9552	0.00019
Diaphorobacter sp. C33	3060154	S	1504	3494	4998	0.00010
Diaphorobacter sp. ED-3	3016636	S	1396	5596	6992	0.00014
Diaphorobacter sp. JS3051	2792224	S	1093	5165	6258	0.00013
Diaphorobacter ruginosibacter	1715720	S	16463	480	16943	0.00034
Diaphorobacter aerolatus	1288495	S	15062	2643	17705	0.00036
Diaphorobacter limosus	3036128	S	10153	3241	13394	0.00027
Diaphorobacter nitroreducens	164759	S	2468	4793	7261	0.00015
[Acidovorax] ebreus	721785	S	2196	6251	8447	0.00017
Rhodoferax sp. GW822-FHT02A01	3141537	S	11058	372	11430	0.00023
Rhodoferax sp. PAMC 29310	2822760	S	10458	938	11396	0.00023
Rhodoferax sp. WC2427	3234144	S	10027	651	10678	0.00022
Rhodoferax sp. AJA081-3	2752316	S	9371	507	9878	0.00020
Rhodoferax sp. BAB1	2741720	S	5361	470	5831	0.00012
Rhodoferax ferrireducens	192843	S	13973	805	14778	0.00030
Rhodoferax lithotrophicus	2798804	S	13581	557	14138	0.00029
Rhodoferax aquaticus	2527691	S	11952	1078	13030	0.00026
Rhodoferax antarcticus	81479	S	9891	687	10578	0.00021
Rhodoferax saidenbachensis	1484693	S	9318	697	10015	0.00020
Rhodoferax sediminis	2509614	S	6657	252	6909	0.00014
Rhodoferax mekongensis	3068341	S	6435	1622	8057	0.00016
Rhodoferax koreensis	1842727	S	4299	433	4732	0.00010
Variovorax sp. PAMC 28711	1795631	S	5339	91	5430	0.00011
Variovorax sp. PAMC28562	2762323	S	4479	35	4514	0.00009
Variovorax sp. PBS-H4	434008	S	3581	653	4234	0.00009
Variovorax sp. WDL1	207745	S	3108	1534	4642	0.00009
Variovorax sp. KK3	1855728	S	2627	90	2717	0.00005
Variovorax sp. PBL-H6	434009	S	2301	2268	4569	0.00009
Variovorax sp. RA8	662548	S	1858	338	2196	0.00004
Variovorax sp. PAMC26660	2762322	S	1670	69	1739	0.00004
Variovorax sp. R-27	3404058	S	1594	1846	3440	0.00007
Variovorax sp. V213	3065955	S	1523	113	1636	0.00003
Variovorax sp. 38R	2774875	S	1520	601	2121	0.00004
Variovorax sp. UC74_104	3374555	S	1305	271	1576	0.00003
Variovorax sp. HW608	1034889	S	1265	26	1291	0.00003
Variovorax sp. V118	3065954	S	1243	1331	2574	0.00005
Variovorax sp. W6	3093895	S	1183	298	1481	0.00003
Variovorax sp. EBFNA2	3342097	S	1082	368	1450	0.00003
Variovorax sp. V116	3065953	S	915	1567	2482	0.00005
Variovorax sp. DAIF25	3080983	S	878	525	1403	0.00003
Variovorax sp.	1871043	S	783	183	966	0.00002
Variovorax sp. RKNM96	2681552	S	760	49	809	0.00002
Variovorax sp. Varisp41	3243033	S	606	295	901	0.00002
Variovorax sp. PBL-E5	434014	S	527	922	1449	0.00003
Variovorax sp. SCN45	3394349	S	462	6505	6967	0.00014
Variovorax sp. 350MFTsu5.1	3158365	S	326	1256	1582	0.00003
Variovorax sp. 160MFSha2.1	3158367	S	133	475	608	0.00001
Variovorax sp. V15	3065952	S	106	408	514	0.00001
Variovorax sp. UC122_21	3374554	S	98	85	183	0.00000
Variovorax sp. YR566	3450237	S	88	83	171	0.00000
Variovorax sp. SRS16	282217	S	39	56	95	0.00000
Variovorax sp. 375MFSha3.1	3158364	S	37	1373	1410	0.00003
Variovorax sp. WS11	1105204	S	26	0	26	0.00000
Variovorax paradoxus	34073	S	27056	7527	34583	0.00070
Variovorax boronicumulans	436515	S	3261	1106	4367	0.00009
Variovorax atrisoli	3394203	S	1829	263	2092	0.00004
Variovorax ureilyticus	1836198	S	1439	63	1502	0.00003
Limnohabitans sp. TEGF004	2986281	S	12586	1872	14458	0.00029
Limnohabitans sp. MORI2	1751150	S	11718	1038	12756	0.00026
Limnohabitans sp. 63ED37-2	1678128	S	11338	1652	12990	0.00026
Limnohabitans sp. YIMB22184	3374104	S	11039	824	11863	0.00024
Limnohabitans sp. INBF002	2986280	S	10925	2020	12945	0.00026
Limnohabitans sp. 103DPR2	1678129	S	10108	756	10864	0.00022
Limnohabitans sp. DCL3	3374103	S	9623	707	10330	0.00021
Hydrogenophaga sp. PAMC20947	2565558	S	7311	110	7421	0.00015
Hydrogenophaga sp.	1904254	S	6879	1175	8054	0.00016
Hydrogenophaga sp. A37	1945864	S	6309	224	6533	0.00013
Hydrogenophaga sp. PBL-H3	434010	S	5346	1511	6857	0.00014
Hydrogenophaga sp. RAC07	1842537	S	5153	1174	6327	0.00013
Hydrogenophaga sp. SL48	2806347	S	4453	299	4752	0.00010
Hydrogenophaga sp. BPS33	2651974	S	3854	625	4479	0.00009
Hydrogenophaga sp. PBC	795665	S	3734	397	4131	0.00008
Hydrogenophaga sp. ANAO-22	3166645	S	3252	4794	8046	0.00016
Hydrogenophaga sp. SNF1	3098762	S	1475	681	2156	0.00004
Hydrogenophaga sp. NH-16	2184519	S	1302	3346	4648	0.00009
Hydrogenophaga sp. YM1	2806262	S	470	176	646	0.00001
Hydrogenophaga crassostreae	1763535	S	8630	102	8732	0.00018
Hydrogenophaga taeniospiralis	65656	S	5725	718	6443	0.00013
Hydrogenophaga pseudoflava	47421	S	1130	2818	3948	0.00008
Hydrogenophaga crocea	2716225	S	659	89	748	0.00002
Polaromonas sp.	1869339	S	8961	5590	14551	0.00029
Polaromonas sp. JS666	296591	S	7248	2353	9601	0.00019
Polaromonas aquatica	332657	S	8935	196	9131	0.00018
Polaromonas vacuolata	37448	S	7905	351	8256	0.00017
Polaromonas naphthalenivorans	216465	S	4428	1564	5992	0.00012
Polaromonas hydrogenivorans	335476	S	4382	1510	5892	0.00012
Ottowia sp. VDI28	3133968	S	7707	306	8013	0.00016
Ottowia sp. oral taxon 894	1658672	S	5668	102	5770	0.00012
Ottowia sp. SB7-C50	3081231	S	3191	462	3653	0.00007
Ottowia oryzae	2109914	S	12825	1224	14049	0.00028
Ottowia caeni	2870339	S	6379	235	6614	0.00013
Ottowia testudinis	2816950	S	5191	150	5341	0.00011
Ottowia pentelensis	511108	S	4305	568	4873	0.00010
Alicycliphilus denitrificans	179636	S	29151	9556	38707	0.00078
Alicycliphilus soli	3228789	S	9834	2339	12173	0.00025
Paracidovorax avenae	80867	S	12830	5191	18021	0.00036
Paracidovorax cattleyae	80868	S	4005	1456	5461	0.00011
Paracidovorax citrulli	80869	S	2493	1545	4038	0.00008
Melaminivora jejuensis	1267217	S	8112	623	8735	0.00018
Melaminivora suipulveris	2109913	S	7722	1318	9040	0.00018
Simplicispira suum	2109915	S	14523	1160	15683	0.00032
Vandammella animalimorsus	2029117	S	14472	149	14621	0.00030
Paenacidovorax monticola	1926868	S	9183	806	9989	0.00020
Pulveribacter suum	2116657	S	7223	436	7659	0.00015
Verminephrobacter eiseniae	364317	S	6951	72	7023	0.00014
Ramlibacter tataouinensis	94132	S	4812	153	4965	0.00010
Ramlibacter sp. MMS24-I3-19	3416606	S	2030	47	2077	0.00004
Serpentinimonas raichei	1458425	S	2958	104	3062	0.00006
Serpentinimonas maccroryi	1458426	S	2589	141	2730	0.00006
Curvibacter sp. AEP1-3	1844971	S	5388	761	6149	0.00012
Hylemonella gracilis	80880	S	5212	81	5293	0.00011
Brachymonas wangyanguii	3130163	S	4317	85	4402	0.00009
Candidatus Symbiobacter mobilis	1436290	S	857	1	858	0.00002
Achromobacter xylosoxidans	85698	S	14543	14115	28658	0.00058
Achromobacter sp. MFA1 R4	1881016	S	1956	234	2190	0.00004
Achromobacter sp. AONIH1	1758194	S	1703	185	1888	0.00004
Achromobacter sp. HNDS-1	3151598	S	734	973	1707	0.00003
Achromobacter sp. E1	3141581	S	255	685	940	0.00002
Achromobacter sp. B7	2282475	S	231	537	768	0.00002
Achromobacter sp. EB05	3142974	S	194	1140	1334	0.00003
Achromobacter sp. PD1	3399125	S	191	362	553	0.00001
Achromobacter sp. 77	2756133	S	130	240	370	0.00001
Achromobacter sp. ES-001	2860286	S	86	220	306	0.00001
Achromobacter sp. JD417	2893881	S	78	95	173	0.00000
Achromobacter sp. KK8	3469812	S	70	504	574	0.00001
Achromobacter sp. CF-sbj1-Ac2-l	3444091	S	50	289	339	0.00001
Achromobacter spanius	217203	S	5211	2289	7500	0.00015
Achromobacter seleniivolatilans	3047478	S	2924	73	2997	0.00006
Achromobacter marplatensis	470868	S	2518	211	2729	0.00006
Achromobacter denitrificans	32002	S	2437	259	2696	0.00005
Achromobacter kerstersii	1353890	S	2219	125	2344	0.00005
Achromobacter deleyi	1353891	S	1693	268	1961	0.00004
Achromobacter veterisilvae	2069367	S	1399	117	1516	0.00003
Achromobacter anxifer	1287737	S	1321	193	1514	0.00003
Achromobacter pestifer	1353889	S	1313	269	1582	0.00003
Achromobacter insolitus	217204	S	1270	84	1354	0.00003
Achromobacter aegrifaciens	1287736	S	1163	473	1636	0.00003
Achromobacter piechaudii	72556	S	898	51	949	0.00002
Achromobacter ruhlandii	72557	S	848	843	1691	0.00003
Achromobacter mucicolens	1389922	S	639	523	1162	0.00002
Bordetella sp. MIP270_01_BMS	3470762	S	2435	106	2541	0.00005
Bordetella sp. N	1746199	S	1765	78	1843	0.00004
Bordetella sp. 2513F-2	3679867	S	1242	77	1319	0.00003
Bordetella sp. H567	1697043	S	1161	49	1210	0.00002
Bordetella hinzii	103855	S	5973	715	6688	0.00013
Bordetella petrii	94624	S	3846	948	4794	0.00010
Bordetella trematum	123899	S	2170	165	2335	0.00005
Bordetella holmesii	35814	S	1657	147	1804	0.00004
Bordetella avium	521	S	1600	62	1662	0.00003
Bordetella bronchialis	463025	S	1495	47	1542	0.00003
Bordetella pseudohinzii	1331258	S	982	106	1088	0.00002
Bordetella genomosp. 13	463040	S	771	49	820	0.00002
Bordetella genomosp. 9	1416803	S	757	33	790	0.00002
Bordetella flabilis	463014	S	534	10	544	0.00001
Bordetella bronchiseptica	518	S	505	2055	2560	0.00005
Bordetella genomosp. 6	463024	S	317	496	813	0.00002
Bordetella genomosp. 8	1416806	S	310	10	320	0.00001
Bordetella pertussis	520	S	118	510	628	0.00001
Bordetella parapertussis	519	S	34	223	257	0.00001
Alcaligenes faecalis	511	S	7136	2922	10058	0.00020
Alcaligenes sp. SDU_A2	3136634	S	2015	54	2069	0.00004
Alcaligenes sp. WGS1538	3366811	S	1538	75	1613	0.00003
Alcaligenes sp. SORT26	2813780	S	798	54	852	0.00002
Alcaligenes sp. SMD-FA	2991054	S	99	325	424	0.00001
Alcaligenes sp. 1735tsa3	2953809	S	74	167	241	0.00000
Alcaligenes sp. NLF5-7	2918755	S	23	93	116	0.00000
Alcaligenes aquatilis	323284	S	1619	2453	4072	0.00008
Alcaligenes ammonioxydans	2582914	S	540	1727	2267	0.00005
Alcaligenes nematophilus	2994643	S	421	1132	1553	0.00003
Pigmentiphaga litoralis	516702	S	1689	26	1715	0.00003
Pigmentiphaga sp. H8	2488560	S	1248	79	1327	0.00003
Pigmentiphaga sp. CHJ604	3081984	S	194	25	219	0.00000
Pigmentiphaga aceris	1940612	S	1112	10	1122	0.00002
Castellaniella sp. MT123	3140381	S	879	640	1519	0.00003
Castellaniella ginsengisoli	546114	S	852	54	906	0.00002
Castellaniella caeni	266123	S	717	37	754	0.00002
Castellaniella defragrans	75697	S	131	11	142	0.00000
Pollutimonas thiosulfatoxidans	2028345	S	1913	854	2767	0.00006
Pollutimonas sp. M17	2962065	S	993	31	1024	0.00002
Advenella mimigardefordensis	302406	S	1051	100	1151	0.00002
Advenella alkanexedens	1481665	S	732	67	799	0.00002
Advenella kashmirensis	310575	S	540	46	586	0.00001
Advenella sp. S44	1982755	S	12	10	22	0.00000
Orrella dioscoreae	1851544	S	742	47	789	0.00002
Orrella marina	2163011	S	609	95	704	0.00001
Orrella daihaiensis	2782176	S	383	7	390	0.00001
Neopusillimonas maritima	2026239	S	746	57	803	0.00002
Neopusillimonas aromaticivorans	2979868	S	663	160	823	0.00002
Neopusillimonas aestuarii	2716226	S	226	18	244	0.00000
Ampullimonas aquatilis	1341549	S	1142	20	1162	0.00002
Pusillimonas sp. T7-7	1007105	S	1024	88	1112	0.00002
Kerstersia gyiorum	206506	S	852	47	899	0.00002
Parapusillimonas sp. JC17	3445768	S	739	144	883	0.00002
Paenalcaligenes faecalis	2980099	S	417	18	435	0.00001
Paralcaligenes sp. KSB-10	2901142	S	393	6	399	0.00001
Oligella urethralis	90245	S	170	10	180	0.00000
Oligella ureolytica	90244	S	163	10	173	0.00000
Oligella sp. MSHR50489EDL	3139409	S	36	3	39	0.00000
Pelistega ratti	2652177	S	179	3	182	0.00000
Basilea psittacipulmonis	1472345	S	116	1	117	0.00000
Taylorella equigenitalis	29575	S	37	54	91	0.00000
Taylorella asinigenitalis	84590	S	16	0	16	0.00000
Cupriavidus sp. WKF15	3032282	S	1787	206	1993	0.00004
Cupriavidus sp. DF5525	3160989	S	1508	482	1990	0.00004
Cupriavidus sp. EM10	2839983	S	782	393	1175	0.00002
Cupriavidus sp. KK10	1478019	S	585	2239	2824	0.00006
Cupriavidus sp. H19C3	3241603	S	564	133	697	0.00001
Cupriavidus sp. BIC8F	3079014	S	410	367	777	0.00002
Cupriavidus sp. TMH.W2	3434465	S	393	126	519	0.00001
Cupriavidus sp. PET2-C1	3569259	S	279	69	348	0.00001
Cupriavidus sp. 30B13	3384241	S	209	18	227	0.00000
Cupriavidus sp. H39	3401635	S	205	111	316	0.00001
Cupriavidus sp. H18C1	3241601	S	165	100	265	0.00001
Cupriavidus sp. JZ107	2937856	S	151	86	237	0.00000
Cupriavidus sp. USMAHM13	1389192	S	41	609	650	0.00001
Cupriavidus sp. H18C2	3241602	S	36	63	99	0.00000
Cupriavidus sp. MP-37	2884455	S	23	19	42	0.00000
Cupriavidus sp. P-10	2027911	S	11	243	254	0.00001
Cupriavidus sp. U2	2920269	S	10	18	28	0.00000
Cupriavidus necator	106590	S	3902	1781	5683	0.00011
Cupriavidus taiwanensis	164546	S	3425	2613	6038	0.00012
Cupriavidus metallidurans	119219	S	1853	458	2311	0.00005
Cupriavidus pauculus	82633	S	1681	716	2397	0.00005
Cupriavidus basilensis	68895	S	1298	356	1654	0.00003
Cupriavidus oxalaticus	96344	S	1186	668	1854	0.00004
Cupriavidus campinensis	151783	S	827	243	1070	0.00002
Cupriavidus nantongensis	1796606	S	689	494	1183	0.00002
Cupriavidus pinatubonensis	248026	S	551	23	574	0.00001
Cupriavidus gilardii	82541	S	360	178	538	0.00001
Cupriavidus phytorum	3024399	S	242	324	566	0.00001
Cupriavidus yeoncheonensis	1462994	S	116	8	124	0.00000
Cupriavidus neocaledonicus	1040979	S	38	36	74	0.00000
Cupriavidus malaysiensis	367825	S	25	166	191	0.00000
Cupriavidus cauae	2608999	S	21	13	34	0.00000
Paraburkholderia sp. PREW-6R	3141544	S	642	24	666	0.00001
Paraburkholderia sp. IMGN_8	3136564	S	493	25	518	0.00001
Paraburkholderia sp. SOS3	1926494	S	397	12	409	0.00001
Paraburkholderia sp. FT54	3074437	S	371	37	408	0.00001
Paraburkholderia sp. PGU19	2735434	S	370	90	460	0.00001
Paraburkholderia sp. 22B1P	3080498	S	246	737	983	0.00002
Paraburkholderia sp. D15	2880218	S	223	18	241	0.00000
Paraburkholderia sp. A3BS-1L	3028375	S	55	373	428	0.00001
Paraburkholderia sp. DD10	3409691	S	11	78	89	0.00000
Paraburkholderia strydomiana	1245417	S	1606	336	1942	0.00004
Paraburkholderia graminis	60548	S	1191	97	1288	0.00003
Paraburkholderia phenoliruptrix	252970	S	1111	101	1212	0.00002
Paraburkholderia bonniea	2152891	S	983	20	1003	0.00002
Paraburkholderia tropica	92647	S	980	74	1054	0.00002
Paraburkholderia ginsengisoli	311231	S	943	82	1025	0.00002
Paraburkholderia acidisoli	2571748	S	825	41	866	0.00002
Paraburkholderia dokdonensis	2211211	S	795	96	891	0.00002
Paraburkholderia sacchari	159450	S	724	80	804	0.00002
Paraburkholderia acidiphila	2571747	S	719	37	756	0.00002
Paraburkholderia aromaticivorans	2026199	S	704	111	815	0.00002
Paraburkholderia fungorum	134537	S	694	168	862	0.00002
Paraburkholderia caffeinilytica	1761016	S	576	40	616	0.00001
Paraburkholderia hospita	169430	S	538	224	762	0.00002
Paraburkholderia pallida	2547399	S	443	21	464	0.00001
Paraburkholderia megapolitana	420953	S	442	28	470	0.00001
Paraburkholderia phymatum	148447	S	410	47	457	0.00001
Paraburkholderia terrae	311230	S	369	120	489	0.00001
Paraburkholderia largidicola	3014751	S	358	1156	1514	0.00003
Paraburkholderia phytofirmans	261302	S	272	48	320	0.00001
Paraburkholderia kirstenboschensis	1245436	S	218	20	238	0.00000
Paraburkholderia caledonica	134536	S	209	67	276	0.00001
Paraburkholderia xenovorans	36873	S	179	35	214	0.00000
Paraburkholderia sabiae	273251	S	159	10	169	0.00000
Paraburkholderia sprentiae	948107	S	136	5	141	0.00000
Paraburkholderia bryophila	420952	S	131	8	139	0.00000
Paraburkholderia edwinii	2861782	S	118	3	121	0.00000
Paraburkholderia kururiensis	984307	S	98	46	144	0.00000
Paraburkholderia acidicola	1912599	S	88	5	93	0.00000
Paraburkholderia caribensis	75105	S	80	11	91	0.00000
Paraburkholderia dioscoreae	2604047	S	77	15	92	0.00000
Paraburkholderia atlantica	2654982	S	60	3	63	0.00000
Paraburkholderia terricola	169427	S	15	59	74	0.00000
Burkholderia stabilis	95485	S	1761	711	2472	0.00005
Burkholderia pyrrocinia	60550	S	1184	411	1595	0.00003
Burkholderia multivorans	87883	S	1019	115	1134	0.00002
Burkholderia anthina	179879	S	782	391	1173	0.00002
Burkholderia dolosa	152500	S	729	79	808	0.00002
Burkholderia ambifaria	152480	S	534	254	788	0.00002
Burkholderia lata	482957	S	517	177	694	0.00001
Burkholderia cepacia	292	S	501	838	1339	0.00003
Burkholderia cenocepacia	95486	S	422	502	924	0.00002
Burkholderia contaminans	488447	S	380	136	516	0.00001
Burkholderia sola	2843302	S	239	780	1019	0.00002
Burkholderia ubonensis	101571	S	210	66	276	0.00001
Burkholderia metallica	488729	S	167	32	199	0.00000
Burkholderia semiarida	2843303	S	146	196	342	0.00001
Burkholderia latens	488446	S	122	11	133	0.00000
Burkholderia diffusa	488732	S	87	16	103	0.00000
Burkholderia pseudomultivorans	1207504	S	74	10	84	0.00000
Burkholderia seminalis	488731	S	64	74	138	0.00000
Burkholderia stagnalis	1503054	S	55	6	61	0.00000
Burkholderia vietnamiensis	60552	S	40	65	105	0.00000
Burkholderia aenigmatica	2015348	S	19	10	29	0.00000
Burkholderia territorii	1503055	S	17	3	20	0.00000
Burkholderia arboris	488730	S	16	2	18	0.00000
Burkholderia sp. FERM BP-3421	1494466	S	397	16	413	0.00001
Burkholderia sp. LA-2-3-30-S1-D2	1637862	S	317	102	419	0.00001
Burkholderia sp. PAMC 28687	1795874	S	314	484	798	0.00002
Burkholderia sp. LMG 21824	3158172	S	244	53	297	0.00001
Burkholderia sp. 22PA0106	3237371	S	95	93	188	0.00000
Burkholderia sp. MS455	2811788	S	53	25	78	0.00000
Burkholderia sp. 22PA0099	3237372	S	23	22	45	0.00000
Burkholderia sp. THE68	758782	S	22	70	92	0.00000
Burkholderia sp. MSMB0856	1637869	S	20	7	27	0.00000
Burkholderia sp. LMG 32019	3158173	S	19	4	23	0.00000
Burkholderia sp. JP2-270	2217913	S	19	7	26	0.00000
Burkholderia sp. NRF60-BP8	1637853	S	19	4	23	0.00000
Burkholderia sp. F1	3366817	S	15	3	18	0.00000
Burkholderia sp. KBS0801	1179675	S	15	19	34	0.00000
Burkholderia sp. IDO3	1705310	S	14	12	26	0.00000
Burkholderia sp. PAMC 26561	1795043	S	12	10	22	0.00000
Burkholderia pseudomallei	28450	S	232	1200	1432	0.00003
Burkholderia oklahomensis	342113	S	110	13	123	0.00000
Burkholderia thailandensis	57975	S	73	1984	2057	0.00004
Burkholderia mayonis	1385591	S	60	3	63	0.00000
Burkholderia singularis	1503053	S	51	1	52	0.00000
Burkholderia mallei	13373	S	29	115	144	0.00000
Burkholderia humptydooensis	430531	S	27	21	48	0.00000
Burkholderia gladioli	28095	S	667	32	699	0.00001
Burkholderia glumae	337	S	261	17	278	0.00001
Burkholderia plantarii	41899	S	112	12	124	0.00000
Burkholderia perseverans	2615214	S	51	6	57	0.00000
Burkholderia theae	3143496	S	10	3	13	0.00000
Polynucleobacter sp. TUM22923	3022126	S	3204	83	3287	0.00007
Polynucleobacter sp. AM-7D1	2689102	S	753	393	1146	0.00002
Polynucleobacter sp. MWH-Svant-W18	1855909	S	422	85	507	0.00001
Polynucleobacter sp. MWH-UH35A	1855619	S	412	45	457	0.00001
Polynucleobacter sp. MWH-CaK5	2689107	S	406	9	415	0.00001
Polynucleobacter sp. AP-Ainpum-60-G11	2576926	S	376	67	443	0.00001
Polynucleobacter sp. Adler-ghost	2770234	S	354	80	434	0.00001
Polynucleobacter sp. JS-Mosq-20-D10	2576922	S	339	56	395	0.00001
Polynucleobacter sp. es-EL-1	1855652	S	304	45	349	0.00001
Polynucleobacter sp. TSB-Sco08W16	1758374	S	270	29	299	0.00001
Polynucleobacter sp. JS-JIR-II-50	2576919	S	256	68	324	0.00001
Polynucleobacter sp. JS-JIR-II-b4	1758390	S	250	80	330	0.00001
Polynucleobacter sp. MWH-Aus1W21	1855880	S	239	57	296	0.00001
Polynucleobacter sp. MWH-S4W17	1855910	S	227	65	292	0.00001
Polynucleobacter sp. MWH-Braz-FAM2G	1855883	S	212	13	225	0.00000
Polynucleobacter sp. MWH-UH23A	1855613	S	211	22	233	0.00000
Polynucleobacter sp. VK25	1758398	S	207	39	246	0.00000
Polynucleobacter sp. AP-Kolm-20A-A1	2081041	S	205	82	287	0.00001
Polynucleobacter sp. HIN8	3047867	S	187	90	277	0.00001
Polynucleobacter sp. MWH-UH2A	1855617	S	93	14	107	0.00000
Polynucleobacter sp. MWH-P3-07-1	1743173	S	89	35	124	0.00000
Polynucleobacter sp. MWH-UH24A	2689110	S	89	43	132	0.00000
Polynucleobacter sp. JS-JIR-5-A7	1758395	S	85	129	214	0.00000
Polynucleobacter sp. AP-Titi-500A-B4	2576923	S	69	10	79	0.00000
Polynucleobacter sp. HIN5	3047864	S	63	24	87	0.00000
Polynucleobacter sp. UK-FUSCHL-C3	2955208	S	59	1	60	0.00000
Polynucleobacter sp. MWH-UH19D	1855610	S	55	3	58	0.00000
Polynucleobacter sp. KF022	2982615	S	44	10	54	0.00000
Polynucleobacter sp. AP-Nino-20-G2	2576917	S	24	5	29	0.00000
Polynucleobacter sp. HIN7	3047866	S	17	81	98	0.00000
Polynucleobacter sp. MG-Unter2-18	2081052	S	14	4	18	0.00000
Polynucleobacter sp. AP-Elch-400A-B2	2576930	S	12	2	14	0.00000
Polynucleobacter sp. MWH-UH25E	1855616	S	11	1	12	0.00000
Polynucleobacter sp. AP-Sving-400A-A2	2081049	S	10	2	12	0.00000
Polynucleobacter yangtzensis	1743159	S	701	180	881	0.00002
Polynucleobacter paneuropaeus	2527775	S	690	134	824	0.00002
Polynucleobacter asymbioticus	576611	S	676	80	756	0.00002
Polynucleobacter necessarius	576610	S	478	43	521	0.00001
Polynucleobacter difficilis	556054	S	450	38	488	0.00001
Polynucleobacter corsicus	2081042	S	410	104	514	0.00001
Polynucleobacter antarcticus	1743162	S	364	10	374	0.00001
Polynucleobacter acidiphobus	556053	S	264	54	318	0.00001
Polynucleobacter wuianus	1743168	S	141	43	184	0.00000
Polynucleobacter duraquae	1835254	S	114	40	154	0.00000
Polynucleobacter ibericus	1819725	S	108	19	127	0.00000
Polynucleobacter tropicus	1743174	S	67	12	79	0.00000
Polynucleobacter arcticus	1743165	S	23	1	24	0.00000
Ralstonia sp. Ralssp110	3243004	S	1085	180	1265	0.00003
Ralstonia sp. R-29	3404059	S	807	133	940	0.00002
Ralstonia sp. UNC404CL21Col	1380362	S	628	92	720	0.00001
Ralstonia sp. 25C	3447363	S	335	33	368	0.00001
Ralstonia sp. RRA	3122075	S	283	105	388	0.00001
Ralstonia sp. SA306	2937884	S	152	146	298	0.00001
Ralstonia pseudosolanacearum	1310165	S	1354	208	1562	0.00003
Ralstonia solanacearum	305	S	712	46	758	0.00002
Ralstonia syzygii	28097	S	105	66	171	0.00000
Ralstonia pickettii	329	S	958	205	1163	0.00002
Ralstonia insidiosa	190721	S	879	204	1083	0.00002
Ralstonia wenshanensis	2842456	S	810	38	848	0.00002
Ralstonia thomasii	3058596	S	417	4168	4585	0.00009
Ralstonia mannitolilytica	105219	S	259	64	323	0.00001
Ralstonia holmesii	3058602	S	18	17	35	0.00000
Pandoraea oxalativorans	573737	S	1587	220	1807	0.00004
Pandoraea sp. XY-2	2518599	S	666	74	740	0.00001
Pandoraea sp. NE5	2904129	S	298	496	794	0.00002
Pandoraea sp. XJJ-1	3002643	S	17	30	47	0.00000
Pandoraea norimbergensis	93219	S	959	231	1190	0.00002
Pandoraea pnomenusa	93220	S	602	58	660	0.00001
Pandoraea fibrosis	1891094	S	580	41	621	0.00001
Pandoraea apista	93218	S	456	29	485	0.00001
Pandoraea commovens	2508289	S	350	65	415	0.00001
Pandoraea vervacti	656178	S	272	19	291	0.00001
Pandoraea sputorum	93222	S	261	37	298	0.00001
Pandoraea faecigallinarum	656179	S	226	16	242	0.00000
Pandoraea pulmonicola	93221	S	164	5	169	0.00000
Pandoraea thiooxydans	445709	S	143	2	145	0.00000
Caballeronia sp. KNU42	3448835	S	453	11	464	0.00001
Caballeronia sp. SBC2	2705547	S	442	298	740	0.00001
Caballeronia sp. TF1N1	2878153	S	361	22	383	0.00001
Caballeronia sp. Lep1P3	2878150	S	304	90	394	0.00001
Caballeronia sp. S22	3137182	S	202	52	254	0.00001
Caballeronia sp. NK8	140098	S	156	456	612	0.00001
Caballeronia sp. DA-9	3436237	S	88	4	92	0.00000
Caballeronia sp. Sq4a	2878152	S	22	4	26	0.00000
Caballeronia sp. M1242	2814653	S	12	1	13	0.00000
Caballeronia cordobensis	1353886	S	515	280	795	0.00002
Caballeronia insecticola	758793	S	81	16	97	0.00000
Caballeronia zhejiangensis	871203	S	50	22	72	0.00000
Caballeronia grimmiae	1071679	S	18	6	24	0.00000
Limnobacter thiooxidans	131080	S	1180	102	1282	0.00003
Limnobacter sp.	2003368	S	1077	259	1336	0.00003
Limnobacter profundi	2732163	S	453	112	565	0.00001
Imbroritus primus	3058603	S	1252	98	1350	0.00003
Mycetohabitans rhizoxinica	412963	S	646	22	668	0.00001
Mycetohabitans endofungorum	417203	S	441	11	452	0.00001
Robbsia sp. KACC 23696	3149231	S	361	6	367	0.00001
Robbsia andropogonis	28092	S	308	8	316	0.00001
Mycoavidus cysteinexigens	1553431	S	410	4	414	0.00001
Mycoavidus sp. B2-EB	2651972	S	39	2	41	0.00000
Mycoavidus sp. HKI	2840467	S	11	178	189	0.00000
Pararobbsia alpina	621374	S	522	8	530	0.00001
Lautropia mirabilis	47671	S	219	3	222	0.00000
Ephemeroptericola cinctiostellae	2268024	S	204	1	205	0.00000
Trinickia caryophylli	28094	S	127	2	129	0.00000
Trinickia violacea	2571746	S	35	1	36	0.00000
Candidatus Vallotiella adelgis	1177211	S	47	1	48	0.00000
Candidatus Vallotiella hemipterorum	1177213	S	35	2	37	0.00000
Massilia sp. W12	3126507	S	1718	33	1751	0.00004
Massilia sp. erpn	2738142	S	736	797	1533	0.00003
Massilia sp. PAMC28688	2861283	S	676	115	791	0.00002
Massilia sp. WG5	1707785	S	471	192	663	0.00001
Massilia sp. YMA4	1593482	S	404	208	612	0.00001
Massilia sp. R2A-15	3064278	S	404	84	488	0.00001
Massilia sp. METH4	3123041	S	282	60	342	0.00001
Massilia sp. GER05	3394605	S	157	163	320	0.00001
Massilia sp. H6	2970464	S	116	15	131	0.00000
Massilia sp. NP310	2861282	S	54	29	83	0.00000
Massilia sp. NR 4-1	1678028	S	11	206	217	0.00000
Massilia putida	1141883	S	1019	425	1444	0.00003
Massilia oculi	945844	S	588	293	881	0.00002
Massilia violaceinigra	2045208	S	586	127	713	0.00001
Massilia litorea	2769491	S	485	75	560	0.00001
Massilia antarctica	2765360	S	287	72	359	0.00001
Massilia forsythiae	2728020	S	132	18	150	0.00000
Massilia endophytica	2899220	S	107	13	120	0.00000
Massilia atriviolacea	2495579	S	92	23	115	0.00000
Massilia varians	457921	S	49	738	787	0.00002
Massilia cellulosiltytica	2683234	S	34	35	69	0.00000
Pseudoduganella sp. UC29_71	3350174	S	768	217	985	0.00002
Pseudoduganella sp. UC29_106	3374553	S	351	58	409	0.00001
Pseudoduganella sp. HUAS MS19	3469873	S	276	197	473	0.00001
Pseudoduganella sp. SL102	2995154	S	248	272	520	0.00001
Pseudoduganella sp. S-14	3404065	S	230	1383	1613	0.00003
Pseudoduganella armeniaca	2072590	S	608	258	866	0.00002
Pseudoduganella aquatica	2660641	S	521	144	665	0.00001
Pseudoduganella plicata	321984	S	477	78	555	0.00001
Pseudoduganella lutea	321985	S	403	63	466	0.00001
Pseudoduganella chitinolytica	34070	S	315	84	399	0.00001
Pseudoduganella flava	871742	S	263	37	300	0.00001
Pseudoduganella umbonata	864828	S	206	42	248	0.00001
Pseudoduganella albidiflava	321983	S	177	189	366	0.00001
Duganella sp. BuS-21	2943848	S	612	239	851	0.00002
Duganella sp. PWIR1	3569034	S	592	236	828	0.00002
Duganella sp. P38	3423949	S	291	62	353	0.00001
Duganella dendranthematis	2728021	S	1096	135	1231	0.00002
Duganella zoogloeoides	75659	S	1095	153	1248	0.00003
Rugamonas sp. DEMB1	3039386	S	1046	255	1301	0.00003
Telluria beijingensis	3068633	S	468	111	579	0.00001
Telluria mixta	34071	S	68	43	111	0.00000
Janthinobacterium sp. 17J80-10	2497863	S	695	54	749	0.00002
Janthinobacterium sp. PAMC25594	2861284	S	458	268	726	0.00001
Janthinobacterium sp. J1-1	3065910	S	440	92	532	0.00001
Janthinobacterium sp. 1_2014MBL_MicDiv	1644131	S	412	129	541	0.00001
Janthinobacterium sp. LM6	1938606	S	216	135	351	0.00001
Janthinobacterium sp. B9-8	1236179	S	168	5	173	0.00000
Janthinobacterium sp. NFX145	3415602	S	74	170	244	0.00000
Janthinobacterium sp. HH102	1537274	S	45	183	228	0.00000
Janthinobacterium sp. SUN098	3002437	S	24	126	150	0.00000
Janthinobacterium aestuarii	2985511	S	1556	776	2332	0.00005
Janthinobacterium lividum	29581	S	873	2031	2904	0.00006
Janthinobacterium agaricidamnosum	55508	S	536	164	700	0.00001
Janthinobacterium svalbardensis	368607	S	136	76	212	0.00000
Janthinobacterium rivuli	2751478	S	58	83	141	0.00000
Janthinobacterium tructae	2590869	S	27	16	43	0.00000
Herbaspirillum frisingense	92645	S	1500	270	1770	0.00004
Herbaspirillum sp. meg3	2025949	S	919	43	962	0.00002
Herbaspirillum sp. DW155	3095609	S	456	145	601	0.00001
Herbaspirillum sp. WKF16	3028312	S	121	23	144	0.00000
Herbaspirillum huttiense	863372	S	1346	345	1691	0.00003
Herbaspirillum seropedicae	964	S	1143	278	1421	0.00003
Herbaspirillum hiltneri	341045	S	1135	70	1205	0.00002
Herbaspirillum rubrisubalbicans	80842	S	518	126	644	0.00001
Herbaspirillum robiniae	2014887	S	392	73	465	0.00001
Collimonas fungivorans	158899	S	1551	89	1640	0.00003
Collimonas arenae	279058	S	1445	76	1521	0.00003
Collimonas pratensis	279113	S	901	51	952	0.00002
Undibacterium sp. YM2	2058625	S	1034	285	1319	0.00003
Undibacterium sp. CCC3.4	3048609	S	519	30	549	0.00001
Undibacterium sp. KW1	2058624	S	341	93	434	0.00001
Undibacterium sp. WLX3042	3412686	S	192	842	1034	0.00002
Undibacterium sp. WLHG33	3412482	S	13	57	70	0.00000
Noviherbaspirillum sp. ST 5-3	3349878	S	596	18	614	0.00001
Noviherbaspirillum sp. UKPF54	2601898	S	510	31	541	0.00001
Herminiimonas arsenitoxidans	1809410	S	1097	46	1143	0.00002
Actimicrobium sp. CCC2.4	3048606	S	1026	83	1109	0.00002
Oxalobacter formigenes	847	S	372	8	380	0.00001
Oxalobacter vibrioformis	933080	S	312	4	316	0.00001
Oxalobacter aliiformigenes	2946593	S	62	1	63	0.00000
Glaciimonas sp. PAMC28666	2807626	S	534	35	569	0.00001
Affinundibacterium cyanobacteriorum	3073561	S	529	15	544	0.00001
Neoundibacterium parvum	401471	S	316	27	343	0.00001
Candidatus Zinderia endosymbiont of Aphrophora alni	3077951	S	12	0	12	0.00000
Paucibacter sp. KCTC 42545	1768242	S	2998	113	3111	0.00006
Roseateles sp. DAIF2	2714952	S	2808	175	2983	0.00006
Roseateles sp. SL47	2995138	S	2494	95	2589	0.00005
Roseateles sp. UC29_93	3350177	S	979	445	1424	0.00003
Roseateles sp. So40a	3400226	S	479	37	516	0.00001
Roseateles sp.	1971397	S	470	23	493	0.00001
Roseateles sp. L2-2	3422597	S	319	1095	1414	0.00003
Roseateles sp. MS654	3412685	S	272	13	285	0.00001
Mitsuaria sp. 7	1658665	S	261	38	299	0.00001
Kinneretia aquatilis	2070761	S	2242	87	2329	0.00005
Roseateles depolymerans	76731	S	1576	57	1633	0.00003
Paucibacter sediminis	3019553	S	1218	69	1287	0.00003
Roseateles chitinivorans	2917965	S	670	437	1107	0.00002
Roseateles noduli	2052484	S	620	255	875	0.00002
Roseateles amylovorans	2978473	S	474	15	489	0.00001
Piscinibacter gummiphilus	946333	S	1821	59	1880	0.00004
Piscinibacter sp. XHJ-5	3037797	S	930	13	943	0.00002
Piscinibacter sakaiensis	1547922	S	596	4	600	0.00001
Caldimonas thermodepolymerans	215580	S	1195	188	1383	0.00003
Caldimonas brevitalea	413882	S	778	17	795	0.00002
Caldimonas aquatica	376175	S	695	83	778	0.00002
Sphaerotilus microaerophilus	2914710	S	1030	60	1090	0.00002
Sphaerotilus sulfidivorans	639200	S	582	164	746	0.00002
Sphaerotilus natans	34103	S	441	143	584	0.00001
Inhella inkyongensis	392593	S	2138	78	2216	0.00004
Rubrivivax sp. RP6-9	3415750	S	1182	311	1493	0.00003
Rubrivivax gelatinosus	28068	S	370	95	465	0.00001
Leptothrix cholodnii	34029	S	529	32	561	0.00001
Methylibium sp.	2067992	S	835	84	919	0.00002
Methylibium sp. Pch-M	2082386	S	124	28	152	0.00000
Methylibium petroleiphilum	105560	S	400	62	462	0.00001
Ideonella dechloratans	36863	S	1062	140	1202	0.00002
Aquincola tertiaricarbonis	391953	S	479	73	552	0.00001
Azohydromonas lata	45677	S	86	0	86	0.00000
Tepidimonas sp. HKU77	3414503	S	12	2068	2080	0.00004
Tepidimonas taiwanensis	307486	S	1588	59	1647	0.00003
Xylophilus rhododendri	2697032	S	1741	91	1832	0.00004
Xylophilus sp. GOD-11R	3089814	S	1312	52	1364	0.00003
Aquabacterium olei	1296669	S	2782	115	2897	0.00006
Aquabacterium sp. J223	2898431	S	212	8	220	0.00000
Aquabacterium sp. OR-4	2978127	S	31	0	31	0.00000
Thiomonas arsenitoxydans	426114	S	614	471	1085	0.00002
Thiomonas sp. X19	1050370	S	205	63	268	0.00001
Thiomonas intermedia	926	S	132	4	136	0.00000
Rhizobacter sp. AJA081-3	2753607	S	654	16	670	0.00001
Rhizobacter fulvus	363843	S	648	15	663	0.00001
Piscinibacterium candidicorallinum	1793872	S	602	3	605	0.00001
Eleftheria terrae	1597781	S	496	10	506	0.00001
Candidatus Ichthyocystis hellenicum	1561003	S	21	0	21	0.00000
Sutterella faecalis	2584944	S	362	11	373	0.00001
Sutterella wadsworthensis	40545	S	147	4	151	0.00000
Sutterella megalosphaeroides	2494234	S	107	3	110	0.00000
Turicimonas muris	1796652	S	78	0	78	0.00000
Duodenibacillus massiliensis	1852381	S	41	0	41	0.00000
Neisseria musculi	1815583	S	680	20	700	0.00001
Neisseria shayeganii	607712	S	518	41	559	0.00001
Neisseria sp. Ec49-e6-T10	3140744	S	86	1	87	0.00000
Neisseria sp. DTU_2021_1001991_1_SI_NGA_ILE_055	3077590	S	84	88	172	0.00000
Neisseria sp. KEM232	655307	S	34	96	130	0.00000
Neisseria sp. CCUG17229	3392036	S	12	2	14	0.00000
Neisseria leonii	2995413	S	281	14	295	0.00001
Neisseria weaveri	28091	S	244	39	283	0.00001
Neisseria wadsworthii	607711	S	214	26	240	0.00000
Neisseria dentiae	194197	S	205	9	214	0.00000
Neisseria flavescens	484	S	193	130	323	0.00001
Neisseria arctica	1470200	S	170	10	180	0.00000
Neisseria meningitidis	487	S	161	132	293	0.00001
Neisseria subflava	28449	S	134	111	245	0.00000
Neisseria chenwenguii	1853278	S	122	6	128	0.00000
Neisseria gonorrhoeae	485	S	102	868	970	0.00002
Neisseria animaloris	326522	S	72	10	82	0.00000
Neisseria canis	493	S	66	10	76	0.00000
Neisseria zoodegmatis	326523	S	54	25	79	0.00000
Neisseria mucosa	488	S	48	187	235	0.00000
Neisseria brasiliensis	2666100	S	44	11	55	0.00000
Neisseria weixii	1853276	S	35	2	37	0.00000
Neisseria animalis	492	S	34	7	41	0.00000
Neisseria elongata	495	S	30	10	40	0.00000
Neisseria zalophi	640030	S	23	1	24	0.00000
Neisseria yangbaofengii	2709396	S	19	1	20	0.00000
Neisseria dumasiana	1931275	S	18	4	22	0.00000
Neisseria bacilliformis	267212	S	11	1	12	0.00000
Vitreoscilla filiformis	63	S	1516	26	1542	0.00003
Vitreoscilla massiliensis	1689272	S	311	11	322	0.00001
Vitreoscilla sp. C1	96942	S	36	19	55	0.00000
Uruburuella testudinis	1282863	S	457	26	483	0.00001
Uruburuella suis	252130	S	291	16	307	0.00001
Kingella oralis	505	S	417	58	475	0.00001
Kingella negevensis	1522312	S	182	22	204	0.00000
Kingella denitrificans	502	S	22	8	30	0.00000
Kingella potus	265175	S	20	1	21	0.00000
Kingella kingae	504	S	13	1	14	0.00000
Snodgrassella alvi	1196083	S	406	18	424	0.00001
Snodgrassella communis	2946699	S	231	11	242	0.00000
Eikenella halliae	1795832	S	197	310	507	0.00001
Eikenella corrodens	539	S	23	32	55	0.00000
Conchiformibius kuhniae	211502	S	399	12	411	0.00001
Conchiformibius steedae	153493	S	41	1	42	0.00000
Alysiella crassa	153491	S	315	36	351	0.00001
Alysiella filiformis	194196	S	19	1	20	0.00000
Simonsiella muelleri	72	S	273	24	297	0.00001
Paralysiella testudinis	2809020	S	244	11	255	0.00001
Wielerella bovis	2917790	S	113	9	122	0.00000
Crenobacter cavernae	2290923	S	53	2	55	0.00000
Bergeriella denitrificans	494	S	14	3	17	0.00000
Aquella oligotrophica	2067065	S	13	0	13	0.00000
Chromobacterium sp. IIBBL 290-4	2953890	S	508	35	543	0.00001
Chromobacterium sp. Beijing	2735795	S	455	806	1261	0.00003
Chromobacterium sp. ATCC 53434	2059672	S	290	20	310	0.00001
Chromobacterium sp. CV08	3133274	S	142	12	154	0.00000
Chromobacterium amazonense	1382803	S	661	55	716	0.00001
Chromobacterium vaccinii	1108595	S	227	79	306	0.00001
Chromobacterium rhizoryzae	1778675	S	189	870	1059	0.00002
Chromobacterium phragmitis	2202141	S	178	24	202	0.00000
Chromobacterium violaceum	536	S	174	49	223	0.00000
Chromobacterium paludis	2605945	S	173	21	194	0.00000
Chromobacterium subtsugae	251747	S	28	2	30	0.00000
Chromobacterium haemolyticum	394935	S	17	147	164	0.00000
Chromobacterium piscinae	686831	S	12	6	18	0.00000
Aquitalea aquatilis	1537400	S	788	45	833	0.00002
Aquitalea magnusonii	332411	S	592	75	667	0.00001
Aquitalea denitrificans	519081	S	440	48	488	0.00001
Aquitalea sp. USM4	1590041	S	223	25	248	0.00001
Paludibacterium paludis	1225769	S	730	174	904	0.00002
Paludibacterium yongneupense	400061	S	84	34	118	0.00000
Pseudogulbenkiania sp. NH8B	748280	S	519	15	534	0.00001
Vogesella sp. XCS3	2877939	S	360	15	375	0.00001
Vogesella sp. LIG4	1192162	S	53	0	53	0.00000
Chitinibacter sp. SCUT-21	2970891	S	375	217	592	0.00001
Chitinibacter sp. S2-10	3373597	S	159	74	233	0.00000
Chitinibacter bivalviorum	2739434	S	162	104	266	0.00001
Chitinibacter mangrovi	3153927	S	151	91	242	0.00000
Chitinibacter fontanus	1737446	S	94	53	147	0.00000
Iodobacter ciconiae	2496266	S	527	324	851	0.00002
Iodobacter fluviatilis	537	S	221	107	328	0.00001
Chitinolyticbacter meiyuanensis	682798	S	894	66	960	0.00002
Silvimonas soli	2980100	S	827	16	843	0.00002
Deefgea piscis	2739061	S	436	40	476	0.00001
Deefgea tanakiae	2865840	S	382	35	417	0.00001
Jeongeupia sp. USM3	1906741	S	347	21	368	0.00001
Jeongeupia sp. HS-3	1009682	S	324	16	340	0.00001
Jeongeupia wiesaeckerbachi	3051218	S	31	1	32	0.00000
Chitinimonas arctica	2594795	S	334	4	338	0.00001
Chitinimonas koreensis	356302	S	227	5	232	0.00000
Chitinirhabdus sediminis	3456123	S	287	17	304	0.00001
Chitiniphilus eburneus	2571148	S	156	5	161	0.00000
Chitiniphilus purpureus	2981137	S	85	7	92	0.00000
Aquaspirillum sp. LM1	1938604	S	611	11	622	0.00001
Laribacter hongkongensis	168471	S	532	57	589	0.00001
Microvirgula aerodenitrificans	57480	S	45	0	45	0.00000
Thauera butanivorans	86174	S	963	76	1039	0.00002
Thauera sp. JM12B12	3142262	S	483	49	532	0.00001
Thauera sp. GDN1	2944810	S	251	35	286	0.00001
Thauera sp. WB-2	2897772	S	49	4	53	0.00000
Thauera sinica	2665146	S	575	150	725	0.00001
Thauera humireducens	1134435	S	385	49	434	0.00001
Thauera aminoaromatica	164330	S	269	53	322	0.00001
Thauera aromatica	59405	S	162	38	200	0.00000
Thauera chlorobenzoica	96773	S	24	6	30	0.00000
Azoarcus sp. DD4	2027405	S	452	36	488	0.00001
Azoarcus sp. CIB	198107	S	364	56	420	0.00001
Azoarcus sp. DN11	356837	S	130	11	141	0.00000
Azoarcus sp. KH32C	748247	S	35	0	35	0.00000
Azoarcus olearius	418699	S	457	10	467	0.00001
Nitrogeniibacter aestuarii	2815343	S	465	3	468	0.00001
Nitrogeniibacter mangrovi	2016596	S	445	5	450	0.00001
Parazoarcus communis	41977	S	531	10	541	0.00001
Pseudothauera hydrothermalis	2184083	S	514	16	530	0.00001
Pseudazoarcus pumilus	2067960	S	59	0	59	0.00000
Dechloromonas sp. ARDL1	3322121	S	921	53	974	0.00002
Dechloromonas sp. A34	447588	S	327	5	332	0.00001
Dechloromonas sp. TW-R-39-2	2654218	S	55	23	78	0.00000
Dechloromonas sp. HYN0024	2231055	S	45	1	46	0.00000
Dechloromonas denitrificans	281362	S	445	143	588	0.00001
Dechloromonas aquae	2664436	S	312	5	317	0.00001
Azonexus sp. IMCC34839	3133695	S	468	6	474	0.00001
Azonexus sp. IMCC34842	3420950	S	39	17	56	0.00000
Azonexus hydrophilus	418702	S	475	83	558	0.00001
Ferribacterium limneticum	76259	S	735	10	745	0.00002
Quatrionicoccus australiensis	138118	S	328	20	348	0.00001
Azospira inquinata	2785627	S	1059	33	1092	0.00002
Azospira restricta	404405	S	177	13	190	0.00000
Azospira sp. I09	1765049	S	15	128	143	0.00000
Azospira sp. APE16	3394231	S	13	201	214	0.00000
Aromatoleum evansii	59406	S	750	79	829	0.00002
Aromatoleum aromaticum	551760	S	487	30	517	0.00001
Aromatoleum petrolei	76116	S	54	6	60	0.00000
Aromatoleum bremense	76115	S	18	1	19	0.00000
Oryzomicrobium terrae	1735038	S	694	9	703	0.00001
Niveibacterium terrae	3373598	S	247	1	248	0.00001
Niveibacterium microcysteis	2811415	S	106	0	106	0.00000
Niveibacterium sp. SC-1	3135646	S	29	0	29	0.00000
Fluviibacter phosphoraccumulans	1751046	S	301	3	304	0.00001
Methylobacillus flagellatus	405	S	1065	26	1091	0.00002
Methylophilus sp. TWE2	1662285	S	422	25	447	0.00001
Methylophilus sp. DW102	3095607	S	337	6	343	0.00001
Methylophilus methylotrophus	17	S	142	8	150	0.00000
Methylophilus medardicus	2588534	S	119	1	120	0.00000
Methylovorus glucosotrophus	266009	S	94	582	676	0.00001
Methylovorus sp. SPW-M1	3468960	S	51	194	245	0.00000
Methylovorus sp. MP688	887061	S	22	89	111	0.00000
Methyloradius palustris	2778876	S	945	8	953	0.00002
Candidatus Methylopumilus universalis	2588536	S	393	106	499	0.00001
Candidatus Methylopumilus turicensis	1581680	S	250	3	253	0.00001
Candidatus Methylopumilus planktonicus	1581557	S	87	21	108	0.00000
Methylotenera mobilis	359408	S	437	4	441	0.00001
Methylotenera versatilis	1055487	S	57	0	57	0.00000
Methyloversatilis sp. RAC08	1842540	S	706	5	711	0.00001
Methyloversatilis sp.	2569862	S	301	2	303	0.00001
Sterolibacterium denitrificans	157592	S	637	7	644	0.00001
Denitratisoma sp. DHT3	1981880	S	297	25	322	0.00001
Denitratisoma oestradiolicum	311182	S	275	4	279	0.00001
Sulfuricystis multivorans	2211108	S	206	2	208	0.00000
Sulfuricystis thermophila	2496847	S	70	3	73	0.00000
Rugosibacter aromaticivorans	1565605	S	204	3	207	0.00000
Sulfuritalea hydrogenivorans	748811	S	98	0	98	0.00000
Ferriphaselus amnicola	1188319	S	753	30	783	0.00002
Sideroxydans lithotrophicus	63745	S	246	14	260	0.00001
Sideroxydans sp. CL21	2600596	S	233	7	240	0.00000
Candidatus Nitrotoga sp. AM1P	2559597	S	194	8	202	0.00000
Candidatus Nitrotoga arctica	453162	S	53	2	55	0.00000
Ferrigenium kumadai	1682490	S	127	4	131	0.00000
Ferrigenium straubiae	2919506	S	81	2	83	0.00000
Sideroxyarcus emersonii	2764705	S	142	9	151	0.00000
Gallionella capsiferriformans	370405	S	25	0	25	0.00000
Nitrosomonas sp.	42353	S	139	0	139	0.00000
Nitrosomonas sp. Is79A3	261292	S	52	0	52	0.00000
Nitrosomonas sp. wSCUT-2	3470775	S	35	5	40	0.00000
Nitrosomonas eutropha	916	S	175	5	180	0.00000
Nitrosomonas ureae	44577	S	86	0	86	0.00000
Nitrosomonas europaea	915	S	26	144	170	0.00000
Nitrosospira sp. Is2	3080532	S	135	1	136	0.00000
Nitrosospira sp. NRS527	155925	S	120	107	227	0.00000
Nitrosospira lacus	1288494	S	89	0	89	0.00000
Nitrosospira multiformis	1231	S	61	0	61	0.00000
Nitrosospira briensis	35799	S	11	10	21	0.00000
Sulfuriferula sp. AH1	1985873	S	356	17	373	0.00001
Sulfuriferula sp. GW1	3345111	S	55	2	57	0.00000
Sulfuriferula plumbiphila	171865	S	340	14	354	0.00001
Sulfuriferula nivalis	2675298	S	280	9	289	0.00001
Sulfurimicrobium lacus	2715678	S	67	0	67	0.00000
Sulfuricella denitrificans	649841	S	36	0	36	0.00000
Usitatibacter palustris	2732487	S	400	2	402	0.00001
Usitatibacter rugosus	2732067	S	23	0	23	0.00000
Thiobacillus sedimenti	3110231	S	150	2	152	0.00000
Thiobacillus denitrificans	36861	S	82	1	83	0.00000
Thiobacillus sp.	924	S	12	0	12	0.00000
Sulfuritortus calidifontis	1914471	S	23	1	24	0.00000
Candidatus Kinetoplastidibacterium crithidiae	33056	S	148	0	148	0.00000
Candidatus Kinetoplastidibacterium kentomonadis	1576550	S	133	3	136	0.00000
Candidatus Kinetoplastidibacterium blastocrithidiae	233181	S	74	0	74	0.00000
Candidatus Kinetoplastidibacterium galati	994695	S	41	4	45	0.00000
Candidatus Kinetoplastidibacterium stringomonadis	994696	S	20	1	21	0.00000
Candidatus Kinetoplastidibacterium desouzai	994692	S	12	0	12	0.00000
Candidatus Accumulibacter phosphatis	327160	S	271	2	273	0.00001
Candidatus Vidania fulgoroideorum	881286	S	144	1	145	0.00000
Chitinivorax sp. PXF-14	3230488	S	129	2	131	0.00000
Casimicrobium huifangae	2591109	S	38	0	38	0.00000
Ferrovum myxofaciens	416213	S	78	0	78	0.00000
Brucella pseudogrignonensis	419475	S	134684	32823	167507	0.00338
Brucella pituitosa	571256	S	53782	4242	58024	0.00117
Brucella sp. BE17	3142977	S	6931	63	6994	0.00014
Brucella sp. MAB-22	2986424	S	1335	1732	3067	0.00006
Brucella sp. NM4	3045175	S	652	11124	11776	0.00024
Brucella sp. 2280	2592625	S	520	714	1234	0.00002
Brucella sp. 09RB8471	1149952	S	432	554	986	0.00002
Brucella sp. 10RB9215	1149953	S	369	278	647	0.00001
Brucella sp. BO3	2691913	S	357	390	747	0.00002
Brucella sp. 2716	2975052	S	357	259	616	0.00001
Brucella sp. JSBI001	2886044	S	352	701	1053	0.00002
Brucella sp. 6810	2769351	S	316	371	687	0.00001
Brucella sp. 09RB8910	1844051	S	301	237	538	0.00001
Brucella sp. BO2	693750	S	231	317	548	0.00001
Brucella sp. 458	2821140	S	158	258	416	0.00001
Brucella sp. bbatCR03	2942452	S	95	239	334	0.00001
Brucella intermedia	94625	S	10158	398	10556	0.00021
Brucella haematophila	419474	S	9473	1250	10723	0.00022
Brucella anthropi	529	S	6112	19407	25519	0.00051
Brucella pseudintermedia	370111	S	5174	390	5564	0.00011
Brucella vulpis	981386	S	360	130	490	0.00001
Brucella inopinata	1218315	S	305	273	578	0.00001
Brucella melitensis	29459	S	174	3735	3909	0.00008
Brucella abortus	235	S	152	5039	5191	0.00010
Brucella suis	29461	S	73	1156	1229	0.00002
Brucella ovis	236	S	67	262	329	0.00001
Brucella ceti	120577	S	43	289	332	0.00001
Brucella canis	36855	S	15	1069	1084	0.00002
Brucella amazoniensis	2837955	S	12	72	84	0.00000
Ochrobactrum quorumnocens	271865	S	17579	434	18013	0.00036
Ochrobactrum sp. BTU1	2840456	S	6909	1854	8763	0.00018
Ochrobactrum sp. SSR	3045176	S	212	6303	6515	0.00013
Ochrobactrum sp. LM19	1449781	S	83	8	91	0.00000
Pseudochrobactrum sp. Wa41.01b-1	2864102	S	12933	2533	15466	0.00031
Pseudochrobactrum sp. MP213Fo	3022250	S	1791	19	1810	0.00004
Pseudochrobactrum sp. XF203	2879116	S	1333	279	1612	0.00003
Pseudochrobactrum algeriensis	2834768	S	1416	323	1739	0.00004
Pseudochrobactrum asaccharolyticum	354351	S	1263	60	1323	0.00003
Agrobacterium tumefaciens	358	S	8925	5147	14072	0.00028
Agrobacterium fabrum	1176649	S	482	202	684	0.00001
Agrobacterium radiobacter	362	S	121	394	515	0.00001
Agrobacterium arsenijevicii	1585697	S	4560	936	5496	0.00011
Agrobacterium leguminum	2792015	S	1933	469	2402	0.00005
Agrobacterium vitis	373	S	1690	194	1884	0.00004
Agrobacterium sp. T29	2580515	S	469	179	648	0.00001
Agrobacterium sp. rho-13.3	3072980	S	404	38	442	0.00001
Agrobacterium sp. El2ro-1b	2969528	S	120	55	175	0.00000
Agrobacterium sp. RAC06	1842536	S	76	67	143	0.00000
Agrobacterium sp. 33MFTa1.1	1279031	S	46	134	180	0.00000
Agrobacterium sp. MA01	2664893	S	29	24	53	0.00000
Agrobacterium sp. CGMCC 11546	2579248	S	25	21	46	0.00000
Agrobacterium cucumeris	2862866	S	1182	387	1569	0.00003
Agrobacterium pusense	648995	S	943	821	1764	0.00004
Agrobacterium rosae	1972867	S	612	72	684	0.00001
Agrobacterium vaccinii	2735528	S	571	13	584	0.00001
Agrobacterium larrymoorei	160699	S	465	24	489	0.00001
Agrobacterium salinitolerans	1183413	S	389	61	450	0.00001
Agrobacterium rubi	28099	S	245	71	316	0.00001
Agrobacterium deltae	1183412	S	20	172	192	0.00000
Rhizobium sp. X9	2815360	S	2954	1829	4783	0.00010
Rhizobium sp. WL3	2603277	S	548	18	566	0.00001
Rhizobium sp. SYY.PMSO	3382192	S	438	4	442	0.00001
Rhizobium sp. CB3060	3138255	S	394	622	1016	0.00002
Rhizobium sp. SSA_523	2952477	S	367	5	372	0.00001
Rhizobium sp. SL42	2806346	S	238	3	241	0.00000
Rhizobium sp. Z1P35	3453142	S	225	706	931	0.00002
Rhizobium sp. CB3090	3039156	S	222	5	227	0.00000
Rhizobium sp. YTU87027	3417741	S	180	21	201	0.00000
Rhizobium sp. TH2	2775403	S	158	0	158	0.00000
Rhizobium sp. AB2/73	2795216	S	130	22	152	0.00000
Rhizobium sp. 32-5/1	3019602	S	123	2	125	0.00000
Rhizobium sp. 11515TR	2028343	S	111	2	113	0.00000
Rhizobium sp. BT04	3045157	S	110	105	215	0.00000
Rhizobium sp. ZX09	2291939	S	106	215	321	0.00001
Rhizobium sp. WW22	3389070	S	101	3	104	0.00000
Rhizobium sp. NZLR1	2731096	S	99	9	108	0.00000
Rhizobium sp. KDH_Rht_773_N	3465510	S	90	1	91	0.00000
Rhizobium sp. 007	2785056	S	84	78	162	0.00000
Rhizobium sp. Kim5	2020311	S	79	142	221	0.00000
Rhizobium sp. BG4	2613770	S	66	8	74	0.00000
Rhizobium sp. Pop5	1223565	S	63	8	71	0.00000
Rhizobium sp. CB3171	3039157	S	58	24	82	0.00000
Rhizobium sp. F40D2	3453141	S	57	6	63	0.00000
Rhizobium sp. CIAT894	2020312	S	52	6	58	0.00000
Rhizobium sp. YTUHZ044	2962678	S	49	77	126	0.00000
Rhizobium sp. PAMB 3182	3463631	S	44	7	51	0.00000
Rhizobium sp. C104	2917727	S	42	10	52	0.00000
Rhizobium sp. BT03	3045156	S	40	9	49	0.00000
Rhizobium sp. Rhizsp82	3243057	S	34	4	38	0.00000
Rhizobium sp. PAMB 3174	3463630	S	34	5	39	0.00000
Rhizobium sp. K102	2918527	S	28	9	37	0.00000
Rhizobium sp. WYJ-E13	2849093	S	27	12	39	0.00000
Rhizobium sp. TAL182	2020313	S	23	27	50	0.00000
Rhizobium sp. NXC14	1981173	S	21	5	26	0.00000
Rhizobium sp. B230/85	2819994	S	20	63	83	0.00000
Rhizobium sp. CCGE 510	1132836	S	19	1	20	0.00000
Rhizobium sp. YTUHZ045	2962888	S	17	6	23	0.00000
Rhizobium sp. ZK1	3389872	S	17	13	30	0.00000
Rhizobium sp. SU303	3138065	S	16	25	41	0.00000
Rhizobium sp. NLR16a	2731112	S	16	28	44	0.00000
Rhizobium sp. WSM1274	3138254	S	13	17	30	0.00000
Rhizobium sp. NXC24	2048897	S	11	13	24	0.00000
Rhizobium sp. SRDI969	3138252	S	11	30	41	0.00000
Rhizobium sp. TRM95796	2979862	S	11	0	11	0.00000
Rhizobium sp. TRM96650	2979863	S	10	0	10	0.00000
Rhizobium oryzihabitans	2267833	S	2525	1974	4499	0.00009
Rhizobium bangladeshense	1138189	S	1567	76	1643	0.00003
Rhizobium leguminosarum	384	S	1533	1141	2674	0.00005
Rhizobium rhizogenes	359	S	563	158	721	0.00001
Rhizobium hidalgonense	1538159	S	402	27	429	0.00001
Rhizobium etli	29449	S	283	53	336	0.00001
Rhizobium anhuiense	1184720	S	275	42	317	0.00001
Rhizobium sullae	50338	S	211	5	216	0.00000
Rhizobium cremeum	2813827	S	187	3	190	0.00000
Rhizobium rosettiformans	1368430	S	170	18	188	0.00000
Rhizobium ruizarguesonis	2081791	S	162	49	211	0.00000
Rhizobium phaseoli	396	S	153	34	187	0.00000
Rhizobium tumorigenes	2041385	S	147	22	169	0.00000
Rhizobium jaguaris	1312183	S	144	1	145	0.00000
Rhizobium lentis	1138194	S	128	11	139	0.00000
Rhizobium gallicum	56730	S	120	33	153	0.00000
Rhizobium lusitanum	293958	S	118	1	119	0.00000
Rhizobium binae	1138190	S	84	13	97	0.00000
Rhizobium tropici	398	S	65	32	97	0.00000
Rhizobium indicum	2583231	S	39	12	51	0.00000
Rhizobium laguerreae	1076926	S	30	23	53	0.00000
Rhizobium acidisoli	1538158	S	26	8	34	0.00000
Rhizobium grahamii	1120045	S	18	0	18	0.00000
Rhizobium brockwellii	3019932	S	14	51	65	0.00000
Rhizobium croatiense	2867516	S	12	2	14	0.00000
Neorhizobium sp. SOG26	2060726	S	617	10	627	0.00001
Neorhizobium sp. NCHU2750	1825976	S	220	24	244	0.00000
Neorhizobium sp. CSC1952	2978974	S	89	5	94	0.00000
Neorhizobium sp. DAR64860/K0K1	3421955	S	31	74	105	0.00000
Neorhizobium sp. DAR64872/K0K18	3421958	S	30	67	97	0.00000
Neorhizobium sp. EC2-8	3129230	S	29	1	30	0.00000
Neorhizobium petrolearium	515361	S	1141	64	1205	0.00002
Neorhizobium galegae	399	S	334	9	343	0.00001
Pararhizobium sp. IMCC3301	3067904	S	259	4	263	0.00001
Pararhizobium sp. A13	3133975	S	176	4	180	0.00000
Pararhizobium sp. O133	3449278	S	125	29	154	0.00000
Pararhizobium sp. IMCC21322	3067903	S	107	2	109	0.00000
Pararhizobium qamdonense	3031126	S	273	11	284	0.00001
Pararhizobium gei	1395951	S	95	3	98	0.00000
Pararhizobium polonicum	1612624	S	10	2	12	0.00000
Allorhizobium ampelinum	3025782	S	144	112	256	0.00001
Pseudorhizobium banfieldiae	1125847	S	132	7	139	0.00000
Sinorhizobium sp. RAC02	1842534	S	599	11	610	0.00001
Sinorhizobium sp. BG8	2613773	S	328	4	332	0.00001
Sinorhizobium sp. CCBAU 05631	794846	S	92	135	227	0.00000
Sinorhizobium fredii	380	S	522	114	636	0.00001
Sinorhizobium garamanticum	680247	S	444	19	463	0.00001
Sinorhizobium terangae	110322	S	398	10	408	0.00001
Sinorhizobium meliloti	382	S	320	341	661	0.00001
Sinorhizobium alkalisoli	1752398	S	270	20	290	0.00001
Sinorhizobium numidicum	680248	S	240	9	249	0.00001
Sinorhizobium chiapasense	501572	S	178	8	186	0.00000
Sinorhizobium medicae	110321	S	167	52	219	0.00000
Sinorhizobium sojae	716925	S	153	28	181	0.00000
Sinorhizobium americanum	194963	S	106	7	113	0.00000
Sinorhizobium mexicanum	375549	S	57	1	58	0.00000
Sinorhizobium prairiense	2976820	S	32	14	46	0.00000
Sinorhizobium kummerowiae	158892	S	14	42	56	0.00000
Ensifer adhaerens	106592	S	725	69	794	0.00002
Ensifer sp. PDNC004	2811423	S	353	68	421	0.00001
Ensifer sp. R-19	3404055	S	162	16	178	0.00000
Ensifer sp. WSM1721	1041159	S	68	9	77	0.00000
Ensifer canadensis	555315	S	137	19	156	0.00000
Ensifer aridi	1708715	S	110	17	127	0.00000
Shinella sp. H4-D48	2925841	S	393	90	483	0.00001
Shinella sp. PSBB067	2715959	S	295	107	402	0.00001
Shinella sp. HZN7	879274	S	178	143	321	0.00001
Shinella zoogloeoides	352475	S	818	201	1019	0.00002
Shinella sedimenti	2919913	S	276	95	371	0.00001
Shinella sumterensis	1967501	S	152	48	200	0.00000
Shinella oryzae	2871820	S	120	16	136	0.00000
Shinella yambaruensis	415996	S	81	54	135	0.00000
Hoeflea sp.	1940281	S	548	23	571	0.00001
Hoeflea sp. Naph1	3388653	S	168	16	184	0.00000
Hoeflea sp. IMCC20628	1620421	S	139	8	147	0.00000
Hoeflea alexandrii	288436	S	182	3	185	0.00000
Hoeflea phototrophica	244596	S	82	8	90	0.00000
Georhizobium sp. MAB10	3028319	S	535	56	591	0.00001
Georhizobium profundi	2341112	S	49	6	55	0.00000
Peteryoungia desertarenae	1813451	S	194	2	196	0.00000
Peteryoungia algae	2919917	S	81	1	82	0.00000
Paenirhizobium daejeonense	240521	S	255	32	287	0.00001
Affinirhizobium rhizoryzae	451876	S	130	4	134	0.00000
Affinirhizobium pseudoryzae	379684	S	104	4	108	0.00000
Terrirhizobium terrae	2926709	S	149	3	152	0.00000
Lentilitoribacter sp. Alg239-R112	2305987	S	114	0	114	0.00000
Ciceribacter thiooxidans	1969821	S	84	1	85	0.00000
Candidatus Liberibacter americanus	309868	S	17	0	17	0.00000
Candidatus Liberibacter asiaticus	34021	S	14	1	15	0.00000
Candidatus Liberibacter solanacearum	556287	S	12	0	12	0.00000
Bradyrhizobium sp. I71	2590772	S	490	298	788	0.00002
Bradyrhizobium sp. CCBAU 051011	858422	S	325	15	340	0.00001
Bradyrhizobium sp. McL0615	3415673	S	299	10	309	0.00001
Bradyrhizobium sp. CCBAU 53338	1325111	S	289	224	513	0.00001
Bradyrhizobium sp. STM 3562	578924	S	273	4	277	0.00001
Bradyrhizobium sp. WD16	1521768	S	244	5	249	0.00001
Bradyrhizobium sp. NC92	55395	S	241	409	650	0.00001
Bradyrhizobium sp. BWA-3-5	3080013	S	228	10	238	0.00000
Bradyrhizobium sp. B120	3410088	S	160	78	238	0.00000
Bradyrhizobium sp. NP1	3049772	S	148	2	150	0.00000
Bradyrhizobium sp. 191	2782659	S	142	74	216	0.00000
Bradyrhizobium sp. B117	3140246	S	138	287	425	0.00001
Bradyrhizobium sp. PUT101	3447427	S	133	54	187	0.00000
Bradyrhizobium sp. T-1	3680192	S	126	26	152	0.00000
Bradyrhizobium sp. WCU1	3457316	S	125	13	138	0.00000
Bradyrhizobium sp. 930_D9_N1_4	3240374	S	120	8	128	0.00000
Bradyrhizobium sp. 1(2017)	1404888	S	107	9	116	0.00000
Bradyrhizobium genosp. P	83641	S	104	2	106	0.00000
Bradyrhizobium sp. Pa8	3386552	S	102	25	127	0.00000
Bradyrhizobium sp. A11	3133974	S	93	51	144	0.00000
Bradyrhizobium sp. 186	2782654	S	87	10	97	0.00000
Bradyrhizobium sp. SK17	2057741	S	82	14	96	0.00000
Bradyrhizobium sp. CCBAU 53351	1325114	S	81	85	166	0.00000
Bradyrhizobium sp. CCBAU 51753	1325100	S	80	4	84	0.00000
Bradyrhizobium sp. CCGE-LA001	1223566	S	75	7	82	0.00000
Bradyrhizobium sp. STM 3557	578920	S	74	1	75	0.00000
Bradyrhizobium sp. CB82	3039159	S	71	4	75	0.00000
Bradyrhizobium sp. CB3481	3039158	S	67	3	70	0.00000
Bradyrhizobium genosp. L	83637	S	67	3	70	0.00000
Bradyrhizobium sp. ORS 278	114615	S	60	2	62	0.00000
Bradyrhizobium sp. McL0616	3415674	S	60	2	62	0.00000
Bradyrhizobium sp. RDM12	3450174	S	58	5	63	0.00000
Bradyrhizobium sp. LMG 9283	592064	S	56	5	61	0.00000
Bradyrhizobium sp. CB1717	3039154	S	53	9	62	0.00000
Bradyrhizobium sp. CCBAU 53340	1325112	S	52	11	63	0.00000
Bradyrhizobium sp. CCBAU 51765	1325102	S	49	24	73	0.00000
Bradyrhizobium sp. 195	2782662	S	49	6	55	0.00000
Bradyrhizobium sp. 200	2782665	S	47	4	51	0.00000
Bradyrhizobium sp. CIAT3101	439387	S	44	3	47	0.00000
Bradyrhizobium sp. BLXBL-03	3395916	S	44	2	46	0.00000
Bradyrhizobium sp. NDS-1	3080014	S	43	4	47	0.00000
Bradyrhizobium sp. CB1650	3039153	S	43	3	46	0.00000
Bradyrhizobium sp. ORS 285	115808	S	41	1	42	0.00000
Bradyrhizobium sp. 170	2782641	S	41	4	45	0.00000
Bradyrhizobium sp. Ash2021	2954771	S	39	1	40	0.00000
Bradyrhizobium sp. sBnM-33	2831780	S	37	1	38	0.00000
Bradyrhizobium sp. CCBAU 53421	1325120	S	37	5	42	0.00000
Bradyrhizobium sp. A5	3133696	S	37	6	43	0.00000
Bradyrhizobium sp. ORS 111	1685958	S	33	16	49	0.00000
Bradyrhizobium sp. B039	3140239	S	30	1382	1412	0.00003
Bradyrhizobium sp. BLXBL-01	3395915	S	28	127	155	0.00000
Bradyrhizobium sp. 27S5	3139728	S	28	122	150	0.00000
Bradyrhizobium sp. ORS 86	1685970	S	27	13	40	0.00000
Bradyrhizobium sp. CB1015	2976822	S	24	4	28	0.00000
Bradyrhizobium sp. B097	3140244	S	22	10	32	0.00000
Bradyrhizobium sp. RDM4	3378765	S	18	31	49	0.00000
Bradyrhizobium sp. ma5	3344828	S	18	4	22	0.00000
Bradyrhizobium sp. Pha-3	208375	S	18	15	33	0.00000
Bradyrhizobium sp. B124	3140245	S	17	7	24	0.00000
Bradyrhizobium genosp. A	83626	S	17	1	18	0.00000
Bradyrhizobium sp. LCT2	2493093	S	17	22	39	0.00000
Bradyrhizobium sp. CCGUVB23	2949630	S	16	14	30	0.00000
Bradyrhizobium sp. 4	2782678	S	16	32	48	0.00000
Bradyrhizobium sp. BTAi1	288000	S	15	95	110	0.00000
Bradyrhizobium sp. 2S1	1404429	S	15	46	61	0.00000
Bradyrhizobium sp. BEA-2-5	3080015	S	15	10	25	0.00000
Bradyrhizobium sp.	376	S	14	47	61	0.00000
Bradyrhizobium sp. STM 3566	578928	S	13	37	50	0.00000
Bradyrhizobium sp. 6(2017)	1197460	S	13	8	21	0.00000
Bradyrhizobium sp. CB2312	3039155	S	12	25	37	0.00000
Bradyrhizobium sp. YCK136	3351346	S	11	27	38	0.00000
Bradyrhizobium sp. 40	2782674	S	10	17	27	0.00000
Bradyrhizobium erythrophlei	1437360	S	499	5	504	0.00001
Bradyrhizobium icense	1274631	S	448	9	457	0.00001
Bradyrhizobium paxllaeri	190148	S	395	11	406	0.00001
Bradyrhizobium cenepequi	2821403	S	332	4	336	0.00001
Bradyrhizobium sediminis	2840469	S	332	8	340	0.00001
Bradyrhizobium pachyrhizi	280333	S	331	114	445	0.00001
Bradyrhizobium arachidis	858423	S	322	157	479	0.00001
Bradyrhizobium diazoefficiens	1355477	S	264	1476	1740	0.00004
Bradyrhizobium roseum	3056648	S	263	5	268	0.00001
Bradyrhizobium barranii	2992140	S	226	268	494	0.00001
Bradyrhizobium canariense	255045	S	193	2	195	0.00000
Bradyrhizobium lablabi	722472	S	172	91	263	0.00001
Bradyrhizobium quebecense	2748629	S	147	29	176	0.00000
Bradyrhizobium ontarionense	2898149	S	146	3	149	0.00000
Bradyrhizobium prioriisuperbiae	2854389	S	144	1	145	0.00000
Bradyrhizobium cosmicum	1404864	S	125	11	136	0.00000
Bradyrhizobium guangdongense	1325090	S	116	24	140	0.00000
Bradyrhizobium liaoningense	43992	S	108	18	126	0.00000
Bradyrhizobium denitrificans	2734912	S	97	594	691	0.00001
Bradyrhizobium ganzhouense	1179767	S	91	3	94	0.00000
Bradyrhizobium symbiodeficiens	1404367	S	85	25	110	0.00000
Bradyrhizobium guangzhouense	1325095	S	81	16	97	0.00000
Bradyrhizobium brasilense	1419277	S	72	10	82	0.00000
Bradyrhizobium japonicum	375	S	70	85	155	0.00000
Bradyrhizobium betae	244734	S	68	35	103	0.00000
Bradyrhizobium commune	83627	S	50	1	51	0.00000
Bradyrhizobium oligotrophicum	44255	S	50	1	51	0.00000
Bradyrhizobium xenonodulans	2736875	S	48	2	50	0.00000
Bradyrhizobium guangxiense	1325115	S	45	9	54	0.00000
Bradyrhizobium yuanmingense	108015	S	44	32	76	0.00000
Bradyrhizobium elkanii	29448	S	42	99	141	0.00000
Bradyrhizobium centrosematis	1300039	S	35	1	36	0.00000
Bradyrhizobium huanghuaihaiense	990078	S	35	3	38	0.00000
Bradyrhizobium septentrionale	1404411	S	27	6	33	0.00000
Bradyrhizobium zhanjiangense	1325107	S	25	10	35	0.00000
Bradyrhizobium daqingense	993502	S	18	2	20	0.00000
Bradyrhizobium dasycarpae	3341829	S	18	2	20	0.00000
Bradyrhizobium ottawaense	931866	S	17	18	35	0.00000
Tardiphaga sp. 768_D3_N2_1	3240783	S	628	23	651	0.00001
Tardiphaga sp. 20_F10_N6_6	3240788	S	278	239	517	0.00001
Tardiphaga sp. 709	3076039	S	196	22	218	0.00000
Tardiphaga sp. 215_C5_N2_1	3240774	S	163	112	275	0.00001
Tardiphaga sp. 172_B4_N1_3	3240787	S	50	29	79	0.00000
Tardiphaga sp. 866_E4_N1_4	3240766	S	42	17	59	0.00000
Tardiphaga sp. 42S5	1404799	S	24	7	31	0.00000
Tardiphaga alba	340268	S	405	14	419	0.00001
Tardiphaga robiniae	943830	S	10	7	17	0.00000
Rhodopseudomonas palustris	1076	S	1060	277	1337	0.00003
Rhodopseudomonas sp. BAL398	3034676	S	157	213	370	0.00001
Rhodopseudomonas sp. P1	3434357	S	10	63	73	0.00000
Rhodopseudomonas boonkerdii	475937	S	143	43	186	0.00000
Afipia carboxidovorans	40137	S	173	114	287	0.00001
Afipia sp. TerB	3450748	S	115	6	121	0.00000
Afipia sp. GAS231	1882747	S	42	11	53	0.00000
Afipia carboxydohydrogena	290	S	143	11	154	0.00000
Nitrobacter sp. TKz-YC01	3398703	S	83	32	115	0.00000
Nitrobacter sp. JJSN	3453033	S	47	13	60	0.00000
Nitrobacter sp. TKz-YC02	3398704	S	40	3	43	0.00000
Nitrobacter winogradskyi	913	S	43	18	61	0.00000
Nitrobacter hamburgensis	912	S	42	10	52	0.00000
Rugositalea oryzae	674703	S	159	0	159	0.00000
Variibacter gotjawalensis	1333996	S	69	0	69	0.00000
Xanthobacter sp. ZOL 2024	3464953	S	4834	389	5223	0.00011
Xanthobacter sp. YC-JY1	2419844	S	939	901	1840	0.00004
Xanthobacter dioxanivorans	2528964	S	2463	1358	3821	0.00008
Xanthobacter autotrophicus	280	S	889	972	1861	0.00004
Ancylobacter sp. SL191	2995166	S	425	134	559	0.00001
Ancylobacter sp.	1872567	S	381	15	396	0.00001
Ancylobacter sp. IITR112	3138073	S	357	355	712	0.00001
Ancylobacter sp. TS-1	1850374	S	310	22	332	0.00001
Ancylobacter sp. WKF20	3039801	S	303	97	400	0.00001
Ancylobacter polymorphus	223390	S	426	239	665	0.00001
Ancylobacter pratisalsi	1745854	S	385	23	408	0.00001
Ancylobacter novellus	921	S	281	15	296	0.00001
Aquabacter sp. L1I39	2820278	S	1953	28	1981	0.00004
Azorhizobium caulinodans	7	S	1664	62	1726	0.00003
Labrys okinawensis	346911	S	264	14	278	0.00001
Labrys sp. KNU-23	2789216	S	209	11	220	0.00000
Labrys miyagiensis	346912	S	108	15	123	0.00000
Pseudolabrys sp. FHR47	2562284	S	329	5	334	0.00001
Pseudolabrys taiwanensis	331696	S	164	3	167	0.00000
Starkeya sp. ORNL1	2709380	S	459	11	470	0.00001
Mesorhizobium sp. AaZ16	3402289	S	537	10	547	0.00001
Mesorhizobium sp. M1E.F.Ca.ET.045.02.1.1	2493672	S	363	163	526	0.00001
Mesorhizobium sp. NZP2077	2483404	S	316	81	397	0.00001
Mesorhizobium sp. ASY16-5R	3445772	S	274	2	276	0.00001
Mesorhizobium sp. DCY119	2108445	S	223	4	227	0.00000
Mesorhizobium sp. M1B.F.Ca.ET.045.04.1.1	2493673	S	203	50	253	0.00001
Mesorhizobium sp. 8	2584466	S	200	3	203	0.00000
Mesorhizobium sp. B4-1-4	2589888	S	190	11	201	0.00000
Mesorhizobium sp. Pch-S	2082387	S	185	9	194	0.00000
Mesorhizobium sp. M3A.F.Ca.ET.080.04.2.1	2493676	S	176	42	218	0.00000
Mesorhizobium sp. INR15	2654248	S	170	4	174	0.00000
Mesorhizobium sp. B2-1-8	2589967	S	157	14	171	0.00000
Mesorhizobium sp. NZP2298	2483403	S	153	81	234	0.00000
Mesorhizobium sp. NBSH29	2654249	S	152	1	153	0.00000
Mesorhizobium sp. M7D.F.Ca.US.005.01.1.1	2493678	S	152	51	203	0.00000
Mesorhizobium sp. PAMC28654	2880934	S	151	6	157	0.00000
Mesorhizobium sp. 131-3-5	2744520	S	147	658	805	0.00002
Mesorhizobium sp. ANAO-SY3R2	3166644	S	147	6	153	0.00000
Mesorhizobium sp. B2-8-5	2589903	S	124	12	136	0.00000
Mesorhizobium sp. RIZ17	3132743	S	116	37	153	0.00000
Mesorhizobium sp. 10J20-29	3458246	S	114	1	115	0.00000
Mesorhizobium sp. B1-1-8	2589976	S	111	5	116	0.00000
Mesorhizobium sp. ISC25	3077335	S	109	18	127	0.00000
Mesorhizobium sp. M2A.F.Ca.ET.043.05.1.1	2493671	S	107	60	167	0.00000
Mesorhizobium sp. WSM4083	3446363	S	102	44	146	0.00000
Mesorhizobium sp. AR10	2865839	S	100	20	120	0.00000
Mesorhizobium sp. 113-1-2	2744515	S	99	59	158	0.00000
Mesorhizobium sp. L-8-3	2744522	S	82	350	432	0.00001
Mesorhizobium sp.	1871066	S	79	3	82	0.00000
Mesorhizobium sp. M9A.F.Ca.ET.002.03.1.2	2493668	S	79	38	117	0.00000
Mesorhizobium sp. J8	2777475	S	72	5	77	0.00000
Mesorhizobium sp. M1A.F.Ca.IN.022.06.1.1	2493680	S	71	20	91	0.00000
Mesorhizobium sp. ORM8.1	3453665	S	71	4	75	0.00000
Mesorhizobium sp. AR07	2865838	S	70	22	92	0.00000
Mesorhizobium sp. 131-2-1	2744518	S	66	42	108	0.00000
Mesorhizobium sp. L-2-11	2744521	S	66	55	121	0.00000
Mesorhizobium sp. AR02	2865837	S	66	24	90	0.00000
Mesorhizobium sp. M8A.F.Ca.ET.057.01.1.1	2493679	S	65	19	84	0.00000
Mesorhizobium sp. M1D.F.Ca.ET.043.01.1.1	2493669	S	63	38	101	0.00000
Mesorhizobium sp. AA22	1854057	S	63	9	72	0.00000
Mesorhizobium sp. L-8-10	2744523	S	57	237	294	0.00001
Mesorhizobium sp. 113-3-3	2744516	S	55	40	95	0.00000
Mesorhizobium sp. M7A.F.Ce.TU.012.03.2.1	2493681	S	54	25	79	0.00000
Mesorhizobium sp. 113-3-9	2744517	S	42	40	82	0.00000
Mesorhizobium sp. B2-1-1	2589974	S	41	57	98	0.00000
Mesorhizobium sp. M4B.F.Ca.ET.058.02.1.1	2493675	S	40	11	51	0.00000
Mesorhizobium sp. C416B	2956834	S	34	297	331	0.00001
Mesorhizobium sp. M2A.F.Ca.ET.046.03.2.1	2493674	S	32	94	126	0.00000
Mesorhizobium sp. M2A.F.Ca.ET.043.02.1.1	2493670	S	24	63	87	0.00000
Mesorhizobium sp. M6A.T.Cr.TU.016.01.1.1	2493677	S	22	48	70	0.00000
Mesorhizobium sp. C395A	2956832	S	16	99	115	0.00000
Mesorhizobium sp. WSM4906	3038546	S	15	57	72	0.00000
Mesorhizobium sp. WSM4875	3038539	S	12	0	12	0.00000
Mesorhizobium sp. WSM1497	278153	S	12	70	82	0.00000
Mesorhizobium sp. C089B	2956823	S	11	78	89	0.00000
Mesorhizobium sp. WSM4904	3038545	S	11	42	53	0.00000
Mesorhizobium amorphae	71433	S	444	121	565	0.00001
Mesorhizobium opportunistum	593909	S	243	68	311	0.00001
Mesorhizobium koreense	3074855	S	147	0	147	0.00000
Mesorhizobium erdmanii	1777866	S	102	24	126	0.00000
Mesorhizobium onobrychidis	2775404	S	86	16	102	0.00000
Mesorhizobium huakuii	28104	S	85	46	131	0.00000
Mesorhizobium loti	381	S	80	42	122	0.00000
Mesorhizobium australicum	536018	S	74	27	101	0.00000
Mesorhizobium japonicum	2066070	S	73	58	131	0.00000
Mesorhizobium muleiense	1004279	S	62	18	80	0.00000
Mesorhizobium ciceri	39645	S	52	225	277	0.00001
Mesorhizobium maamorense	3376989	S	23	30	53	0.00000
Mesorhizobium mediterraneum	43617	S	17	37	54	0.00000
Mesorhizobium jarvisii	1777867	S	10	221	231	0.00000
Phyllobacterium sp. 628	2718938	S	745	39	784	0.00002
Phyllobacterium sp. K27	3680951	S	371	10	381	0.00001
Phyllobacterium sp. A18/5-2	2978392	S	222	19	241	0.00000
Phyllobacterium meliloti	555317	S	985	43	1028	0.00002
Phyllobacterium zundukense	1867719	S	839	51	890	0.00002
Phyllobacterium pellucidum	2740464	S	183	3	186	0.00000
Nitratireductor sp. GISD-1A_MAKvit	3234198	S	315	37	352	0.00001
Nitratireductor sp. OM-1	1756988	S	53	305	358	0.00001
Nitratireductor sp. L15S-10	3034028	S	14	182	196	0.00000
Nitratireductor rhodophyticola	2854036	S	198	117	315	0.00001
Nitratireductor thuwali	2267699	S	189	17	206	0.00000
Nitratireductor aquimarinus	889300	S	143	448	591	0.00001
Nitratireductor kimnyeongensis	430679	S	107	7	114	0.00000
Nitratireductor mangrovi	2599600	S	56	0	56	0.00000
Aminobacter sp. UC22_36	3374549	S	146	4	150	0.00000
Aminobacter sp. BA135	537596	S	92	49	141	0.00000
Aminobacter sp. SR38	2774562	S	80	94	174	0.00000
Aminobacter sp. NyZ550	2979870	S	44	83	127	0.00000
Aminobacter sp. MSH1	374606	S	40	23	63	0.00000
Aminobacter sp. P9b	3133697	S	20	11	31	0.00000
Aminobacter aminovorans	83263	S	398	659	1057	0.00002
Aminobacter niigataensis	83265	S	74	49	123	0.00000
Aquamicrobium terrae	1324945	S	411	1	412	0.00001
Chelativorans sp. AA-79	3028735	S	206	9	215	0.00000
Aquibium oceanicum	1670800	S	117	2	119	0.00000
Aquibium microcysteis	675281	S	79	2	81	0.00000
Terribium terrae	2725666	S	186	22	208	0.00000
Kaistia sp. 32K	2795690	S	16020	187	16207	0.00033
Bauldia sp.	2575872	S	59	0	59	0.00000
Methylorubrum extorquens	408	S	2704	613	3317	0.00007
Methylorubrum populi	223967	S	1316	68	1384	0.00003
Methylorubrum sp. B1-46	2897334	S	146	18	164	0.00000
Methylorubrum sp. GM97	2938232	S	21	122	143	0.00000
Methylorubrum aminovorans	269069	S	102	4	106	0.00000
Methylobacterium sp. WL1	2603276	S	168	7	175	0.00000
Methylobacterium sp. CM6257	3568943	S	124	16	140	0.00000
Methylobacterium sp. CM6241	3681381	S	72	63	135	0.00000
Methylobacterium sp. AMS5	925818	S	57	7	64	0.00000
Methylobacterium sp. 17Sr1-1	2202826	S	43	8	51	0.00000
Methylobacterium sp. CM6244	3681382	S	25	21	46	0.00000
Methylobacterium sp. C1	1479019	S	13	223	236	0.00000
Methylobacterium sp. NMS14P	2894310	S	13	6	19	0.00000
Methylobacterium flocculans	2984843	S	443	9	452	0.00001
Methylobacterium bullatum	570505	S	154	12	166	0.00000
Methylobacterium aquaticum	270351	S	147	38	185	0.00000
Methylobacterium mesophilicum	39956	S	90	9	99	0.00000
Methylobacterium brachiatum	269660	S	90	30	120	0.00000
Methylobacterium nodulans	114616	S	87	0	87	0.00000
Methylobacterium symbioticum	2584084	S	85	36	121	0.00000
Methylobacterium tardum	374432	S	82	29	111	0.00000
Methylobacterium indicum	1775910	S	82	20	102	0.00000
Methylobacterium organophilum	410	S	78	19	97	0.00000
Methylobacterium currus	2051553	S	70	13	83	0.00000
Methylobacterium radiodurans	2202828	S	68	3	71	0.00000
Methylobacterium oryzae	334852	S	56	73	129	0.00000
Methylobacterium durans	2202825	S	52	0	52	0.00000
Methylobacterium terrae	2202827	S	34	6	40	0.00000
Methylobacterium phyllosphaerae	418223	S	29	280	309	0.00001
Methylobacterium radiotolerans	31998	S	16	94	110	0.00000
Microvirga sp. M2	3073270	S	232	14	246	0.00000
Microvirga sp. VF16	2807101	S	180	13	193	0.00000
Microvirga sp. RSM25	3273802	S	114	17	131	0.00000
Microvirga sp. 17 mud 1-3	2082949	S	75	4	79	0.00000
Microvirga ossetica	1882682	S	199	24	223	0.00000
Microvirga lotononidis	864069	S	84	11	95	0.00000
Microvirga thermotolerans	2651334	S	82	4	86	0.00000
Microvirga terrae	2740529	S	67	6	73	0.00000
Devosia sp. A16	1736675	S	790	16	806	0.00002
Devosia sp. MC521	2759954	S	578	63	641	0.00001
Devosia sp. XK-2	3126689	S	487	25	512	0.00001
Devosia sp. CN2-171	3400909	S	206	2	208	0.00000
Devosia sp. FJ2-5-3	2976680	S	170	15	185	0.00000
Devosia sp.	1871048	S	156	4	160	0.00000
Devosia sp. SD17-2	2976459	S	98	14	112	0.00000
Devosia sp. J2-20	3026161	S	94	3	97	0.00000
Devosia sp. 1566	2499144	S	91	3	94	0.00000
Devosia sp. SL43	2806348	S	75	2	77	0.00000
Devosia sp. I507	2083786	S	66	15	81	0.00000
Devosia sp. YIM 151766	3017325	S	66	4	70	0.00000
Devosia rhodophyticola	3026423	S	227	22	249	0.00001
Devosia rhizosphaerae	3049774	S	207	5	212	0.00000
Devosia lacusdianchii	2917991	S	96	3	99	0.00000
Devosia ginsengisoli	400770	S	88	3	91	0.00000
Devosia neptuniae	191302	S	78	2	80	0.00000
Devosia salina	2860336	S	76	23	99	0.00000
Devosia polycyclovorans	3345148	S	76	11	87	0.00000
Devosia rhizoryzae	2774137	S	71	1	72	0.00000
Devosia beringensis	2657486	S	67	2	69	0.00000
Devosia oryziradicis	2801335	S	63	2	65	0.00000
Devosia algicola	3026418	S	58	4	62	0.00000
Pelagibacterium nitratireducens	1046114	S	260	62	322	0.00001
Pelagibacterium sp. H642	1881069	S	107	28	135	0.00000
Pelagibacterium sp.	1967288	S	56	11	67	0.00000
Pelagibacterium sp. 26DY04	2967130	S	45	19	64	0.00000
Pelagibacterium halotolerans	531813	S	157	12	169	0.00000
Pelagibacterium flavum	2984530	S	89	14	103	0.00000
Paradevosia shaoguanensis	1335043	S	379	67	446	0.00001
Paradevosia tibetensis	1447062	S	77	10	87	0.00000
Mariluticola halotolerans	2909283	S	134	0	134	0.00000
Maritalea myrionectae	454601	S	66	0	66	0.00000
Roseibium sp.	1936156	S	812	40	852	0.00002
Roseibium sp. M-1	3569461	S	296	5	301	0.00001
Roseibium sp. Sym1	3016006	S	124	36	160	0.00000
Roseibium aggregatum	187304	S	233	319	552	0.00001
Roseibium album	311410	S	166	1	167	0.00000
Roseibium alexandrii	388408	S	93	5	98	0.00000
Roseibium algicola	2857014	S	51	128	179	0.00000
Stappia sp.	1870903	S	558	29	587	0.00001
Stappia sp. ES.058	1881061	S	84	4	88	0.00000
Stappia indica	538381	S	213	21	234	0.00000
Pannonibacter phragmitetus	121719	S	794	186	980	0.00002
Breoghania sp.	2065378	S	348	2	350	0.00001
Breoghania sp. L-A4	2304600	S	126	0	126	0.00000
Labrenzia sp. PHM005	2590016	S	129	43	172	0.00000
Labrenzia sp. VG12	2021862	S	78	28	106	0.00000
Labrenzia sp. THAF82	2587861	S	14	20	34	0.00000
Pseudovibrio brasiliensis	1898042	S	121	40	161	0.00000
Pseudovibrio sp. FO-BEG1	911045	S	66	24	90	0.00000
Bartonella sp. B41	3239296	S	144	9	153	0.00000
Bartonella sp. B30(2025)	3239293	S	64	7	71	0.00000
Bartonella sp. DGB2	3388426	S	48	0	48	0.00000
Bartonella sp. DGB1	3239807	S	48	0	48	0.00000
Bartonella sp. WD16.2	1933904	S	33	5	38	0.00000
Bartonella sp. TP	3057550	S	32	0	32	0.00000
Bartonella sp. B17	3239291	S	30	13	43	0.00000
Bartonella sp. B10	3239289	S	27	10	37	0.00000
Bartonella sp. HY406	2979331	S	25	977	1002	0.00002
Bartonella sp. B23	3239292	S	21	6	27	0.00000
Bartonella sp. HY038	2759660	S	17	630	647	0.00001
Bartonella sp. B35(2025)	3239294	S	16	1	17	0.00000
Bartonella sp. C271	3070220	S	14	5	19	0.00000
Bartonella sp. B12(2025)	3239290	S	13	4	17	0.00000
Bartonella apihabitans	2750929	S	432	19	451	0.00001
Bartonella henselae	38323	S	293	17	310	0.00001
Bartonella taylorii	33046	S	123	45	168	0.00000
Bartonella choladocola	2750995	S	114	6	120	0.00000
Bartonella bacilliformis	774	S	111	4	115	0.00000
Bartonella grahamii	33045	S	102	30	132	0.00000
Bartonella tribocorum	85701	S	92	84	176	0.00000
Bartonella australis	388640	S	82	2	84	0.00000
Bartonella bovis	155194	S	65	3	68	0.00000
Bartonella schoenbuchensis	165694	S	52	5	57	0.00000
Bartonella machadoae	2893471	S	47	7	54	0.00000
Bartonella quintana	803	S	36	1	37	0.00000
Bartonella krasnovii	2267275	S	26	3	29	0.00000
Bartonella gliris	3004109	S	23	7	30	0.00000
Bartonella birtlesii	111504	S	21	8	29	0.00000
Bartonella heixiaziensis	1461000	S	18	7	25	0.00000
Bartonella vinsonii	33047	S	14	1	15	0.00000
Bartonella harrusi	2961895	S	13	2	15	0.00000
Bartonella alsatica	52764	S	12	0	12	0.00000
Bartonella ancashensis	1318743	S	10	0	10	0.00000
Aureimonas altamirensis	370622	S	1161	62	1223	0.00002
Aureimonas sp. OT7	2816454	S	530	174	704	0.00001
Aureimonas sp. AU20	1349819	S	253	6	259	0.00001
Aureimonas sp. SA4125	2826993	S	114	1	115	0.00000
Aureimonas populi	1701758	S	187	3	190	0.00000
Aureimonas phyllosphaerae	1166078	S	130	8	138	0.00000
Aureimonas mangrovi	2758041	S	75	2	77	0.00000
Aureimonas ureilytica	401562	S	73	5	78	0.00000
Martelella endophytica	1486262	S	298	5	303	0.00001
Martelella mediterranea	293089	S	155	28	183	0.00000
Martelella sp. AD-3	686597	S	138	51	189	0.00000
Martelella soudanensis	2740297	S	133	5	138	0.00000
Martelella lutilitoris	2583532	S	104	39	143	0.00000
uncultured Martelella sp.	392331	S	13	0	13	0.00000
Antarcticirhabdus aurantiaca	2606717	S	228	8	236	0.00000
Jiella pelagia	2986949	S	89	1	90	0.00000
Aurantimonas sp. HBX-1	2906072	S	60	2	62	0.00000
Bosea sp. Tri-49	1867715	S	699	59	758	0.00002
Bosea sp. F3-2	2599640	S	292	19	311	0.00001
Bosea sp. NBC_00550	2969621	S	248	15	263	0.00001
Bosea sp. PAMC 26642	1792307	S	224	5	229	0.00000
Bosea sp. RAC05	1842539	S	222	172	394	0.00001
Bosea sp. ANAM02	2020412	S	134	18	152	0.00000
Bosea sp. 685	3080057	S	129	22	151	0.00000
Bosea sp. AS-1	2015316	S	96	6	102	0.00000
Bosea sp. (in: a-proteobacteria)	1871050	S	93	90	183	0.00000
Bosea sp. UC22_33	3350165	S	78	12	90	0.00000
Bosea vestrisii	151416	S	591	58	649	0.00001
Bosea minatitlanensis	128782	S	96	23	119	0.00000
Bosea vaviloviae	1526658	S	76	14	90	0.00000
Bosea beijingensis	3068632	S	71	14	85	0.00000
Methylocystis parvus	134	S	232	13	245	0.00000
Methylocystis sp. MJC1	2654282	S	86	17	103	0.00000
Methylocystis sp. SC2	187303	S	47	7	54	0.00000
Methylocystis sp. S23	3470774	S	36	3	39	0.00000
Methylocystis sp. JAN1	3397211	S	31	2	33	0.00000
Methylocystis sp. SB2	743836	S	16	33	49	0.00000
Methylocystis iwaonis	2885079	S	141	17	158	0.00000
Methylocystis heyeri	391905	S	137	4	141	0.00000
Methylocystis bryophila	655015	S	71	4	75	0.00000
Methylocystis echinoides	29468	S	54	1	55	0.00000
Methylocystis rosea	173366	S	27	19	46	0.00000
Methylosinus sporium	428	S	412	94	506	0.00001
Methylosinus sp. C49	2699395	S	23	9	32	0.00000
Hyphomicrobium sp. B1	3075651	S	284	80	364	0.00001
Hyphomicrobium sp. 1Nfss2.1	3413936	S	162	2	164	0.00000
Hyphomicrobium sp. DMF-1	3019544	S	84	1	85	0.00000
Hyphomicrobium sp. ghe19	2682968	S	53	2	55	0.00000
Hyphomicrobium sp. MC1	717785	S	20	0	20	0.00000
Hyphomicrobium nitrativorans	1427356	S	78	2	80	0.00000
Hyphomicrobium denitrificans	53399	S	73	2	75	0.00000
Rhodomicrobium lacus	2498452	S	243	5	248	0.00001
Rhodomicrobium vannielii	1069	S	51	1	52	0.00000
Methyloligella sp. GL2	2742204	S	105	0	105	0.00000
Candidatus Filomicrobium marinum	1608628	S	42	0	42	0.00000
Methyloceanibacter sp. wino2	2170729	S	19	1	20	0.00000
Methyloceanibacter caenitepidi	1384459	S	15	0	15	0.00000
Pseudorhodoplanes sinuspersici	1235591	S	485	1	486	0.00001
Terrihabitans soli	708113	S	240	1	241	0.00000
Enhydrobacter sp.	1894999	S	176	0	176	0.00000
Candidatus Hodgkinia cicadicola	573658	S	146	0	146	0.00000
Nordella sp. HKS 07	2712222	S	85	0	85	0.00000
Candidatus Endowatersipora endosymbiont of Watersipora subatra	3077946	S	10	0	10	0.00000
Reyranella sp.	1929291	S	1123	3	1126	0.00002
uncultured Pleomorphomonas sp.	442121	S	303	17	320	0.00001
Pleomorphomonas sp. PLEO	3239306	S	151	3	154	0.00000
Hartmannibacter diazotrophicus	1482074	S	414	11	425	0.00001
Cohaesibacter marisflavi	655353	S	420	9	429	0.00001
uncultured Cohaesibacter sp.	1002546	S	341	7	348	0.00001
Cohaesibacter sp. ES.047	1798205	S	72	0	72	0.00000
Oricola sp.	1979950	S	224	1	225	0.00000
Oricola thermophila	2742145	S	152	1	153	0.00000
Oricola indica	2872591	S	118	3	121	0.00000
Roseitalea porphyridii	1852022	S	114	0	114	0.00000
Oceaniradius stylonematis	2184161	S	107	14	121	0.00000
Ahrensia marina	1514904	S	71	0	71	0.00000
Methylocapsa sp. D3K7	3041435	S	153	3	156	0.00000
Methylocapsa polymorpha	3080828	S	47	2	49	0.00000
Methylocella tundrae	227605	S	106	2	108	0.00000
Methylocella silvestris	199596	S	66	2	68	0.00000
Methylovirgula sp. 4M-Z18	2293567	S	80	0	80	0.00000
Methylovirgula sp. HY1	2822761	S	40	0	40	0.00000
Methylovirgula ligni	569860	S	52	3	55	0.00000
Beijerinckia indica	533	S	97	3	100	0.00000
Pyruvatibacter mobilis	1712261	S	148	1	149	0.00000
Kaustia mangrovi	2593653	S	111	0	111	0.00000
Candidatus Phaeomarinibacter ectocarpi	1458461	S	109	0	109	0.00000
Anderseniella sp. Alg231-50	1922226	S	84	0	84	0.00000
Tepidicaulis sp.	1920809	S	68	10	78	0.00000
Parvibaculum lavamentivorans	256618	S	57	3	60	0.00000
Chenggangzhangella methanolivorans	1437009	S	481	2	483	0.00001
Acuticoccus sp. MNP-M23	3072793	S	266	1	267	0.00001
Acuticoccus sp. I52.16.1	2928472	S	126	0	126	0.00000
Acuticoccus sp.	1904378	S	19	0	19	0.00000
Phreatobacter stygius	1940610	S	185	2	187	0.00000
Phreatobacter cathodiphilus	1868589	S	98	3	101	0.00000
Phreatobacter aquaticus	2570229	S	82	2	84	0.00000
Chelatococcus daeguensis	444444	S	158	38	196	0.00000
Chelatococcus sp. CO-6	1702325	S	89	18	107	0.00000
Coralliovum pocilloporae	3066369	S	206	0	206	0.00000
Blastochloris tepida	2233851	S	113	8	121	0.00000
Blastochloris viridis	1079	S	80	6	86	0.00000
Alsobacter sp. KACC 23698	3149229	S	129	1	130	0.00000
Lichenihabitans sp. PAMC28606	2880932	S	55	28	83	0.00000
Lichenihabitans psoromatis	2528642	S	31	13	44	0.00000
Terrirubrum flagellatum	2895980	S	113	0	113	0.00000
Rhodoligotrophos ferricapiens	3069264	S	113	0	113	0.00000
Aestuariivirga sp.	2650926	S	103	0	103	0.00000
Methyloraptor flagellatus	3162530	S	87	0	87	0.00000
Salaquimonas pukyongi	2712698	S	80	0	80	0.00000
Salinarimonas sp.	2766526	S	80	0	80	0.00000
Afifella sp. YEN Y35	3388337	S	42	1	43	0.00000
Paracoccus sp. S3-43	3030011	S	252	101	353	0.00001
Paracoccus sp. TOH	1263728	S	201	121	322	0.00001
Paracoccus sp. AK26	2589076	S	192	24	216	0.00000
Paracoccus sp. MA	2895796	S	181	149	330	0.00001
Paracoccus sp. T5	3402161	S	71	19	90	0.00000
Paracoccus sp. SCSIO 75233	3017782	S	66	103	169	0.00000
Paracoccus sp. SJTW-4	3078428	S	63	32	95	0.00000
Paracoccus sp. MC1862	2760307	S	55	1	56	0.00000
Paracoccus sp. ME4	3138066	S	28	4	32	0.00000
Paracoccus sp. Arc7-R13	2500532	S	24	44	68	0.00000
Paracoccus sp. TD-10	3395918	S	14	169	183	0.00000
Paracoccus alcaliphilus	34002	S	1258	114	1372	0.00003
Paracoccus kondratievae	135740	S	891	120	1011	0.00002
Paracoccus versutus	34007	S	673	176	849	0.00002
Paracoccus aerodenitrificans	3017781	S	529	425	954	0.00002
Paracoccus homiensis	364199	S	430	110	540	0.00001
Paracoccus methylovorus	2812658	S	343	38	381	0.00001
Paracoccus denitrificans	266	S	327	70	397	0.00001
Paracoccus saliphilus	405559	S	315	9	324	0.00001
Paracoccus yeei	147645	S	304	151	455	0.00001
Paracoccus aminovorans	34004	S	277	21	298	0.00001
Paracoccus marcusii	59779	S	254	74	328	0.00001
Paracoccus tegillarcae	1529068	S	221	6	227	0.00000
Paracoccus aminophilus	34003	S	197	17	214	0.00000
Paracoccus pantotrophus	82367	S	185	779	964	0.00002
Paracoccus aestuarii	453842	S	171	6	177	0.00000
Paracoccus albus	3017784	S	153	49	202	0.00000
Paracoccus suum	2259340	S	140	9	149	0.00000
Paracoccus everestensis	2903900	S	128	25	153	0.00000
Paracoccus fistulariae	658446	S	108	18	126	0.00000
Paracoccus jeotgali	2065379	S	93	7	100	0.00000
Paracoccus zhejiangensis	1077935	S	86	12	98	0.00000
Paracoccus seriniphilus	184748	S	86	2	88	0.00000
Paracoccus liaowanqingii	2560053	S	73	1	74	0.00000
Paracoccus actinidiae	3064531	S	55	6	61	0.00000
Paracoccus stylophorae	659350	S	55	12	67	0.00000
Paracoccus sediminicola	3017783	S	50	15	65	0.00000
Paracoccus contaminans	1945662	S	43	3	46	0.00000
Paracoccus sanguinis	1545044	S	31	4	35	0.00000
Paracoccus mutanolyticus	1499308	S	12	23	35	0.00000
Thioclava sp. FR2	3445780	S	205	8	213	0.00000
Thioclava sp. GXIMD2076	3131931	S	132	99	231	0.00000
Thioclava sp. 'Guangxiensis'	3149044	S	27	15	42	0.00000
Thioclava sp. GXIMD4215	3131928	S	20	24	44	0.00000
Thioclava sp. GXIMD4216	3131929	S	16	22	38	0.00000
Thioclava electrotropha	1549850	S	498	20	518	0.00001
Thioclava litoralis	3076557	S	192	315	507	0.00001
Thioclava nitratireducens	1915078	S	74	24	98	0.00000
Pseudooceanicola nitratireducens	517719	S	225	35	260	0.00001
Pseudooceanicola atlanticus	1461694	S	182	8	190	0.00000
Pseudooceanicola spongiae	2613965	S	170	4	174	0.00000
Pseudooceanicola sp. 502str34	2698675	S	81	4	85	0.00000
Pseudooceanicola sp. LIPI14-2-Ac024	3344875	S	72	3	75	0.00000
Pseudooceanicola algae	1537215	S	65	1	66	0.00000
Pukyongiella litopenaei	2605946	S	692	238	930	0.00002
Aliiroseovarius crassostreae	154981	S	582	17	599	0.00001
Aliiroseovarius sp. M344	2867010	S	62	5	67	0.00000
Gemmobacter fulvus	2840474	S	538	86	624	0.00001
Frigidibacter mobilis	1335048	S	505	123	628	0.00001
Tritonibacter scottomollicae	483013	S	214	28	242	0.00000
Tritonibacter mobilis	379347	S	155	169	324	0.00001
Haematobacter massiliensis	195105	S	370	176	546	0.00001
Yoonia rhodophyticola	3137370	S	131	2	133	0.00000
Yoonia phaeophyticola	3137369	S	88	3	91	0.00000
Yoonia sp. TsM2_T14_4	3415141	S	44	3	47	0.00000
Yoonia sp. R78084	3093869	S	25	1	26	0.00000
Yoonia vestfoldensis	245188	S	33	15	48	0.00000
Yoonia algicola	3137368	S	27	1	28	0.00000
Tabrizicola sp. BL-A-41-H6	3421107	S	168	5	173	0.00000
Tabrizicola sp. M-4	3055847	S	55	16	71	0.00000
Tabrizicola sp.	2005166	S	44	1	45	0.00000
Tabrizicola piscis	2494374	S	73	20	93	0.00000
Cognatishimia activa	1715691	S	341	6	347	0.00001
Abyssibius alkaniclasticus	2881234	S	338	13	351	0.00001
Cereibacter sphaeroides	1063	S	166	15	181	0.00000
Cereibacter azotoformans	43057	S	94	24	118	0.00000
Cereibacter changlensis	402884	S	28	1	29	0.00000
Pseudogemmobacter blasticus	1075	S	277	9	286	0.00001
Silicimonas algicola	1826607	S	275	3	278	0.00001
Pseudopelagicola sp. nBUS_19	3395316	S	198	64	262	0.00001
Pseudoroseicyclus sp. CXY001	3242492	S	232	5	237	0.00000
Rhodovulum sp. P5	1564506	S	94	6	100	0.00000
Rhodovulum sp. MB263	308754	S	19	58	77	0.00000
Rhodovulum sulfidophilum	35806	S	41	45	86	0.00000
Pacificitalea manganoxidans	1411902	S	208	56	264	0.00001
Roseinatronobacter sp. S2	3035471	S	146	4	150	0.00000
Roseinatronobacter bogoriensis	119542	S	42	1	43	0.00000
Limimaricola sp. AA108-03	3425945	S	56	15	71	0.00000
Limimaricola litoreus	2955316	S	43	2	45	0.00000
Limimaricola variabilis	1492771	S	40	8	48	0.00000
Polymorphum gilvum	991904	S	154	22	176	0.00000
Aestuariibius sp. HNIBRBA575	3233343	S	149	2	151	0.00000
Pelagovum sp. HNIBRBA483	3233341	S	104	2	106	0.00000
Pelagovum pacificum	2588711	S	44	2	46	0.00000
Gymnodinialimonas ceratoperidinii	2856823	S	91	3	94	0.00000
Gymnodinialimonas sp. 57CJ19	3138498	S	42	0	42	0.00000
Arenibacterium sp. LLYu02	3404132	S	129	27	156	0.00000
Paroceanicella profunda	2579971	S	128	38	166	0.00000
Parasedimentitalea psychrophila	2997337	S	77	3	80	0.00000
Parasedimentitalea marina	2483033	S	48	1	49	0.00000
Falsirhodobacter algicola	2692330	S	100	5	105	0.00000
Marinibacterium sp. SX1	3388424	S	97	7	104	0.00000
Paragemmobacter aquarius	2169400	S	96	10	106	0.00000
Amaricoccus sp. B4	3368557	S	88	2	90	0.00000
Neotabrizicola shimadae	2807096	S	80	14	94	0.00000
Pseudorhodobacter turbinis	2500533	S	80	2	82	0.00000
Pontivivens nitratireducens	2758038	S	52	12	64	0.00000
Pontivivens ytuae	2789856	S	23	0	23	0.00000
Qingshengfaniella alkalisoli	2599296	S	71	2	73	0.00000
Fuscovulum ytuae	3042299	S	65	11	76	0.00000
Marivivens sp. JLT3646	1920883	S	36	5	41	0.00000
Marivivens sp. LCG002	3051171	S	28	0	28	0.00000
Algicella marina	2683284	S	62	0	62	0.00000
Roseicitreum antarcticum	564137	S	61	0	61	0.00000
Profundibacter amoris	2171755	S	60	0	60	0.00000
Defluviimonas sp. SAOS-178_SWC	3121287	S	60	1	61	0.00000
Pseudophaeobacter sp. TrK17	2815167	S	54	23	77	0.00000
Nioella sp.	1912091	S	52	1	53	0.00000
Vannielia sp. SX4	3463852	S	43	0	43	0.00000
Planktomarina temperata	1284658	S	39	1	40	0.00000
Amylibacter sp. IMCC11727	3039851	S	35	0	35	0.00000
Fontisubflavum oceani	2978973	S	31	0	31	0.00000
Pikeienuella piscinae	2748098	S	27	1	28	0.00000
Brevirhabdus pacifica	1267768	S	24	17	41	0.00000
Sulfitobacter sp. SH22	3421172	S	396	32	428	0.00001
Sulfitobacter sp. THAF37	2587855	S	146	113	259	0.00001
Sulfitobacter sp. S223	2867023	S	95	1	96	0.00000
Sulfitobacter sp. M13	3466484	S	79	67	146	0.00000
Sulfitobacter sp. CB2047	1525218	S	78	114	192	0.00000
Sulfitobacter sp. DSM 110093	2883127	S	77	7	84	0.00000
Sulfitobacter sp. SK011	1389004	S	55	0	55	0.00000
Sulfitobacter sp. S190	2867022	S	53	3	56	0.00000
Sulfitobacter sp. TCYB15	3229275	S	35	35	70	0.00000
Sulfitobacter sp. W002	2867024	S	33	13	46	0.00000
Sulfitobacter sp. BSw21498	664426	S	17	27	44	0.00000
Sulfitobacter sp. W074	2867026	S	17	36	53	0.00000
Sulfitobacter sp. W027	2867025	S	16	1	17	0.00000
Sulfitobacter sp. SK012	1389005	S	16	0	16	0.00000
Sulfitobacter sp. M368	2867021	S	12	2	14	0.00000
Sulfitobacter mediterraneus	83219	S	477	104	581	0.00001
Sulfitobacter indolifex	225422	S	221	74	295	0.00001
Sulfitobacter faviae	1775881	S	152	94	246	0.00000
Sulfitobacter pontiacus	60137	S	93	116	209	0.00000
Sulfitobacter albidus	2829501	S	38	0	38	0.00000
Sulfitobacter rhodophyticola	3238304	S	32	1	33	0.00000
Sulfitobacter alexandrii	1917485	S	21	26	47	0.00000
Roseovarius sp. Pro17	3108175	S	331	2	333	0.00001
Roseovarius sp.	1486281	S	54	5	59	0.00000
Roseovarius sp. THAF8	2587846	S	30	26	56	0.00000
Roseovarius sp. SCSIO 43702	2823043	S	20	0	20	0.00000
Roseovarius sp. THAF9	2587847	S	19	13	32	0.00000
Roseovarius pacificus	337701	S	478	13	491	0.00001
Roseovarius indicus	540747	S	183	64	247	0.00000
Roseovarius pelagicus	2980108	S	113	19	132	0.00000
Roseovarius confluentis	1852027	S	99	28	127	0.00000
Roseovarius tolerans	74031	S	84	1	85	0.00000
Roseovarius faecimaris	2494550	S	80	1	81	0.00000
Roseovarius phycicola	3080976	S	29	37	66	0.00000
Roseovarius mucosus	215743	S	27	213	240	0.00000
Roseovarius rhodophyticola	3080827	S	11	12	23	0.00000
Phaeobacter inhibens	221822	S	431	172	603	0.00001
Phaeobacter piscinae	1580596	S	208	146	354	0.00001
Phaeobacter bryozoorum	1086632	S	206	22	228	0.00000
Phaeobacter gallaeciensis	60890	S	166	105	271	0.00001
Phaeobacter porticola	1844006	S	47	13	60	0.00000
Phaeobacter sp. BS52	2907241	S	10	18	28	0.00000
Ruegeria sp. AD91A	2293862	S	361	29	390	0.00001
Ruegeria sp. SCSIO 43209	2793010	S	176	74	250	0.00001
Ruegeria sp. B32	2867020	S	100	5	105	0.00000
Ruegeria sp. THAF33	2587853	S	35	24	59	0.00000
Ruegeria sp. YS9	2966453	S	16	5	21	0.00000
Ruegeria pomeroyi	89184	S	120	7	127	0.00000
Ruegeria conchae	981384	S	34	1	35	0.00000
Ketogulonicigenium vulgare	92945	S	597	61	658	0.00001
Ketogulonicigenium robustum	92947	S	187	9	196	0.00000
Pseudosulfitobacter sp. SM2401	3350098	S	425	5	430	0.00001
Pseudosulfitobacter sp. DSM 107133	2883100	S	54	56	110	0.00000
Pseudosulfitobacter pseudonitzschiae	1402135	S	172	124	296	0.00001
Marinovum algicola	42444	S	629	119	748	0.00002
Marinovum sedimenti	3470136	S	18	0	18	0.00000
Leisingera sp. M523	2867013	S	94	82	176	0.00000
Leisingera sp. S132	2867016	S	43	10	53	0.00000
Leisingera caerulea	506591	S	135	50	185	0.00000
Leisingera aquaemixtae	1396826	S	63	29	92	0.00000
Leisingera thetidis	2930199	S	34	12	46	0.00000
Leisingera methylohalidivorans	133924	S	32	5	37	0.00000
Jannaschia sp. W003	2867012	S	293	5	298	0.00001
Jannaschia sp. CCS1	290400	S	127	1	128	0.00000
Jannaschia sp. M317	2867011	S	29	0	29	0.00000
Jannaschia ovalis	3038773	S	19	0	19	0.00000
Alloyangia pacifica	311180	S	383	28	411	0.00001
Alloyangia sp. H15	3029062	S	66	4	70	0.00000
Celeribacter indicus	1208324	S	202	193	395	0.00001
Celeribacter baekdonensis	875171	S	89	27	116	0.00000
Celeribacter ethanolicus	1758178	S	54	31	85	0.00000
Celeribacter marinus	1397108	S	43	7	50	0.00000
Celeribacter sp. SCSIO 80788	3117013	S	40	2	42	0.00000
Thalassovita sp.	1979401	S	276	16	292	0.00001
Thalassobius sp. MITS945101	3096994	S	102	9	111	0.00000
Thalassovita gelatinovora	53501	S	54	1	55	0.00000
Roseobacter algicola (ex Choi et al. 2025) (nom. illeg.)	3092138	S	94	8	102	0.00000
Roseobacter litoralis	42443	S	90	12	102	0.00000
Roseobacter denitrificans	2434	S	42	2	44	0.00000
Roseobacter ponti	1891787	S	42	0	42	0.00000
Roseobacter fucihabitans	1537242	S	38	0	38	0.00000
Roseobacter sp. A03A-229	3467295	S	28	0	28	0.00000
Shimia sp. MIT1388	3096992	S	253	13	266	0.00001
Shimia sp. W99	3453413	S	33	4	37	0.00000
Shimia sp. MIT910701	3096987	S	21	1	22	0.00000
Roseicyclus elongatus	159346	S	223	4	227	0.00000
Roseicyclus marinus	2161673	S	38	32	70	0.00000
Roseivivax marinus	1379903	S	198	34	232	0.00000
Roseivivax sp. THAF30	2587852	S	56	39	95	0.00000
Falsihalocynthiibacter arcticus	1579316	S	148	2	150	0.00000
Falsihalocynthiibacter sp. SS001	3349698	S	96	1	97	0.00000
Tateyamaria sp. SN6-1	3092148	S	165	8	173	0.00000
Tateyamaria sp. SN3-11	3092147	S	43	1	44	0.00000
Tateyamaria omphalii	299262	S	22	0	22	0.00000
Sagittula sp. MA-2	3048007	S	108	104	212	0.00000
Sagittula sp. P11	2009329	S	15	28	43	0.00000
Sagittula stellata	52603	S	43	3	46	0.00000
Octadecabacter antarcticus	1217908	S	109	2	111	0.00000
Octadecabacter arcticus	53946	S	44	0	44	0.00000
Octadecabacter sp. SW4	2602067	S	40	12	52	0.00000
Octadecabacter temperatus	1458307	S	21	0	21	0.00000
Marivita sp.	2003365	S	210	4	214	0.00000
Salipiger profundus	1229727	S	93	65	158	0.00000
Salipiger abyssi	1250539	S	63	32	95	0.00000
Salipiger sp. CCB-MM3	1792508	S	43	2	45	0.00000
Oceanicola sp. D3	2587163	S	140	2	142	0.00000
Rhodophyticola sp. CCM32	2916397	S	115	1	116	0.00000
Rhodophyticola porphyridii	1852017	S	25	0	25	0.00000
Mameliella alba	561184	S	92	26	118	0.00000
Mameliella sp.	1924940	S	32	0	32	0.00000
Aliisedimentitalea scapharcae	1524259	S	110	13	123	0.00000
Loktanella salsilacus	195913	S	90	3	93	0.00000
Phycobium rhodophyticola	2978344	S	76	1	77	0.00000
Antarctobacter heliothermus	74033	S	71	1	72	0.00000
Palleronia sp. THAF1	2587842	S	36	0	36	0.00000
Palleronia sp. LCG004	3079304	S	32	0	32	0.00000
Tropicibacter oceani	3058420	S	67	2	69	0.00000
Actibacterium sp. EMB200-NS6	1609966	S	65	62	127	0.00000
Thalassobacter stenotrophicus	266809	S	54	0	54	0.00000
Pelagimonas varians	696760	S	51	4	55	0.00000
Aliiphycobium algicola	3092120	S	41	1	42	0.00000
Ponticoccus alexandrii	1943633	S	38	3	41	0.00000
Thalassococcus sp. S3	2017482	S	36	0	36	0.00000
Algirhabdus cladophorae	3377108	S	36	0	36	0.00000
Thalassovivens spotae	3103127	S	34	0	34	0.00000
Dinoroseobacter shibae	215813	S	30	25	55	0.00000
Lentibacter algarum	576131	S	23	2	25	0.00000
Rhodobacter capsulatus	1061	S	527	23	550	0.00001
Rhodobacter xanthinilyticus	1850250	S	159	55	214	0.00000
Rhodobacter sp. CZR27	2033869	S	138	9	147	0.00000
Brevundimonas sp. GW460-12-10-14-LB2	1827469	S	2826	1229	4055	0.00008
Brevundimonas sp. 'scallop'	2562582	S	1898	913	2811	0.00006
Brevundimonas sp. S1H14	3078084	S	1456	194	1650	0.00003
Brevundimonas sp.	1871086	S	1269	38	1307	0.00003
Brevundimonas sp. SGAir0440	2579977	S	1060	185	1245	0.00003
Brevundimonas sp. C43	3068314	S	925	608	1533	0.00003
Brevundimonas sp. LF-1	3126100	S	233	119	352	0.00001
Brevundimonas sp. SL130	2995143	S	198	7	205	0.00000
Brevundimonas sp. CEF1	3442642	S	155	11	166	0.00000
Brevundimonas sp. NIBR11	3015999	S	141	1	142	0.00000
Brevundimonas sp. BH3	3133089	S	90	5	95	0.00000
Brevundimonas sp. MF30-B	2561924	S	81	0	81	0.00000
Brevundimonas sp. PAMC22021	2861285	S	73	2	75	0.00000
Brevundimonas sp. DS20	1532555	S	68	83	151	0.00000
Brevundimonas sp. Bb-A	2560058	S	66	78	144	0.00000
Brevundimonas sp. NIBR10	3015997	S	65	0	65	0.00000
Brevundimonas sp. M20	2591463	S	64	0	64	0.00000
Brevundimonas sp. LM2	1938605	S	44	0	44	0.00000
Brevundimonas sp. R86498	3093845	S	40	0	40	0.00000
Brevundimonas sp. AJA228-03	2752515	S	32	0	32	0.00000
Brevundimonas diminuta	293	S	6714	2060	8774	0.00018
Brevundimonas vesicularis	41276	S	5523	1267	6790	0.00014
Brevundimonas nasdae	172043	S	2006	297	2303	0.00005
Brevundimonas bullata	13160	S	1317	70	1387	0.00003
Brevundimonas fontaquae	2813778	S	968	193	1161	0.00002
Brevundimonas phoenicis	3132211	S	753	157	910	0.00002
Brevundimonas olei	657642	S	749	43	792	0.00002
Brevundimonas naejangsanensis	588932	S	490	133	623	0.00001
Brevundimonas vitis	2800818	S	361	3	364	0.00001
Brevundimonas subvibrioides	74313	S	155	3	158	0.00000
Brevundimonas mediterranea	74329	S	142	10	152	0.00000
Brevundimonas sanguinis	3021811	S	125	75	200	0.00000
Brevundimonas pondensis	2774189	S	119	7	126	0.00000
Brevundimonas albigilva	1312364	S	99	10	109	0.00000
Brevundimonas vancanneytii	1325724	S	94	98	192	0.00000
Brevundimonas intermedia	74315	S	86	3	89	0.00000
Brevundimonas staleyi	74326	S	70	2	72	0.00000
Brevundimonas goettingensis	2774190	S	59	0	59	0.00000
Caulobacter sp. UC70_42	3374551	S	519	81	600	0.00001
Caulobacter sp. FWC26	69665	S	141	23	164	0.00000
Caulobacter sp. RL271	3458546	S	119	6	125	0.00000
Caulobacter sp. NIBR2454	3015996	S	44	1	45	0.00000
Caulobacter sp. NIBR1757	3016000	S	31	0	31	0.00000
Caulobacter sp.	78	S	19	1	20	0.00000
Caulobacter sp. ErkDOM-E	3402778	S	12	3	15	0.00000
Caulobacter flavus	1679497	S	405	9	414	0.00001
Caulobacter soli	2708539	S	282	7	289	0.00001
Caulobacter segnis	88688	S	196	8	204	0.00000
Caulobacter vibrioides	155892	S	146	10	156	0.00000
Caulobacter mirabilis	69666	S	55	0	55	0.00000
Caulobacter inopinatus	3161137	S	38	0	38	0.00000
Caulobacter rhizosphaerae	2010972	S	33	0	33	0.00000
Caulobacter henricii	69395	S	20	0	20	0.00000
Asticcacaulis sp. SL142	2995155	S	344	4	348	0.00001
Asticcacaulis sp. DW145	3095608	S	78	6	84	0.00000
Asticcacaulis sp. ZE23SCel15	3059027	S	63	0	63	0.00000
Asticcacaulis sp. AND118	2840468	S	43	0	43	0.00000
Asticcacaulis sp. MM231	3157666	S	37	0	37	0.00000
Asticcacaulis excentricus	78587	S	127	7	134	0.00000
Asticcacaulis solisilvae	1217274	S	31	0	31	0.00000
Phenylobacterium sp. NIBR 498073	3015177	S	95	2	97	0.00000
Phenylobacterium sp. LH3H17	2903901	S	26	0	26	0.00000
Phenylobacterium sp.	1871053	S	12	0	12	0.00000
Phenylobacterium zucineum	284016	S	55	1	56	0.00000
Phenylobacterium montanum	2823693	S	20	0	20	0.00000
Terricaulis silvestris	2686094	S	24	0	24	0.00000
Sphingomonas sp. MMS24-J13	3238686	S	577	6	583	0.00001
Sphingomonas sp. QA11	2950605	S	442	9	451	0.00001
Sphingomonas sp. AP4-R1	2735134	S	377	5	382	0.00001
Sphingomonas sp. KRR8	2942996	S	257	3	260	0.00001
Sphingomonas sp. C3-2	3062169	S	222	4	226	0.00000
Sphingomonas sp. Sphisp66	3243051	S	135	9	144	0.00000
Sphingomonas sp. DBB INV C78	3349434	S	119	7	126	0.00000
Sphingomonas sp.	28214	S	104	11	115	0.00000
Sphingomonas sp. HMP9	1517554	S	100	14	114	0.00000
Sphingomonas sp. KC8	1030157	S	69	5	74	0.00000
Sphingomonas sp. NY01	2968057	S	60	26	86	0.00000
Sphingomonas sp. CJ99	3416391	S	52	2	54	0.00000
Sphingomonas sp. CL5.1	2653203	S	40	5	45	0.00000
Sphingomonas sp. MS122	3412683	S	37	1	38	0.00000
Sphingomonas sp. S2-65	2903960	S	35	1	36	0.00000
Sphingomonas sp. CV7422	3018036	S	35	3	38	0.00000
Sphingomonas sp. 7/4-4	3018446	S	34	1	35	0.00000
Sphingomonas sp. So64.6b	2997354	S	32	0	32	0.00000
Sphingomonas sp. FARSPH	2219696	S	30	7	37	0.00000
Sphingomonas sp. MM-1	745310	S	30	20	50	0.00000
Sphingomonas sp. CJ20	3373591	S	29	0	29	0.00000
Sphingomonas sp. LM7	1938607	S	28	0	28	0.00000
Sphingomonas sp. AAP5	1523415	S	28	2	30	0.00000
Sphingomonas sp. MMS12-HWE2-04	3234199	S	26	0	26	0.00000
Sphingomonas sp. VDB2	3228751	S	23	70	93	0.00000
Sphingomonas sp. R1	399176	S	23	2	25	0.00000
Sphingomonas sp. IC081	304378	S	23	31	54	0.00000
Sphingomonas sp. NBWT7	2596913	S	22	1	23	0.00000
Sphingomonas sp. HT-1	3400348	S	20	2	22	0.00000
Sphingomonas sp. SUN039	2937787	S	17	0	17	0.00000
Sphingomonas sp. S1-29	2991074	S	17	1	18	0.00000
Sphingomonas sp. ASY06-1R	3445771	S	16	0	16	0.00000
Sphingomonas sp. SUN019	2937788	S	15	0	15	0.00000
Sphingomonas sp. J315	2898433	S	14	1	15	0.00000
Sphingomonas sp. HDW15A	2714942	S	13	0	13	0.00000
Sphingomonas sp. NIC1	1961362	S	13	7	20	0.00000
Sphingomonas sp. HMP6	1517551	S	11	0	11	0.00000
Sphingomonas sp. Tas61C01	3458297	S	10	0	10	0.00000
Sphingomonas sp. NIBR02145	3014784	S	10	0	10	0.00000
Sphingomonas paucimobilis	13689	S	424	100	524	0.00001
Sphingomonas panacis	1560345	S	320	5	325	0.00001
Sphingomonas changnyeongensis	2698679	S	254	3	257	0.00001
Sphingomonas koreensis	93064	S	193	36	229	0.00000
Sphingomonas carotinifaciens	1166323	S	166	57	223	0.00000
Sphingomonas sanxanigenens	397260	S	143	32	175	0.00000
Sphingomonas naphthae	1813468	S	140	32	172	0.00000
Sphingomonas nostoxanthinifaciens	2872652	S	87	1	88	0.00000
Sphingomonas flavalba	2559804	S	79	12	91	0.00000
Sphingomonas hengshuiensis	1609977	S	78	1	79	0.00000
Sphingomonas alpina	653931	S	65	0	65	0.00000
Sphingomonas citri	2862499	S	60	3	63	0.00000
Sphingomonas endolithica	2972485	S	55	0	55	0.00000
Sphingomonas morindae	1541170	S	52	0	52	0.00000
Sphingomonas hankookensis	563996	S	50	27	77	0.00000
Sphingomonas psychrotolerans	1327635	S	43	0	43	0.00000
Sphingomonas parapaucimobilis	28213	S	40	3	43	0.00000
Sphingomonas melonis	152682	S	36	11	47	0.00000
Sphingomonas xanthus	2594473	S	35	1	36	0.00000
Sphingomonas abietis	3012344	S	35	0	35	0.00000
Sphingomonas zeae	1646122	S	34	23	57	0.00000
Sphingomonas leidyi	68569	S	32	5	37	0.00000
Sphingomonas piscis	2714943	S	29	0	29	0.00000
Sphingomonas aerolata	185951	S	27	3	30	0.00000
Sphingomonas sanguinis	33051	S	25	3	28	0.00000
Sphingomonas paeninsulae	2319844	S	25	0	25	0.00000
Sphingomonas lacunae	2698828	S	24	0	24	0.00000
Sphingomonas cannabina	2899123	S	23	0	23	0.00000
Sphingomonas sediminicola	386874	S	22	0	22	0.00000
Sphingomonas lutea	1045317	S	19	0	19	0.00000
Sphingomonas kaistensis	298708	S	17	0	17	0.00000
Sphingomonas taxi	1549858	S	17	0	17	0.00000
Sphingomonas glaciei	2938948	S	16	0	16	0.00000
Sphingomonas albertensis	2762591	S	16	1	17	0.00000
Sphingomonas radiodurans	2890321	S	15	0	15	0.00000
Sphingomonas flavescens	3132797	S	15	0	15	0.00000
Sphingomonas yabuuchiae	172044	S	15	2	17	0.00000
Sphingomonas pseudosanguinis	413712	S	14	1	15	0.00000
Sphingomonas suaedae	2599297	S	12	0	12	0.00000
Sphingomonas panacisoli	1813879	S	12	0	12	0.00000
Sphingomonas aliaeris	2759526	S	11	0	11	0.00000
Sphingomonas aurantiaca	185949	S	10	1	11	0.00000
Sphingomonas bisphenolicum	296544	S	10	17	27	0.00000
Novosphingobium sp. BL-8H	3127640	S	780	344	1124	0.00002
Novosphingobium sp. BL-8A	3127639	S	493	202	695	0.00001
Novosphingobium sp. ES2-1	2780074	S	467	179	646	0.00001
Novosphingobium sp. KACC 22771	3025670	S	300	16	316	0.00001
Novosphingobium sp. P6W	1609758	S	130	7	137	0.00000
Novosphingobium sp. BL-52-GroH	3349877	S	102	4	106	0.00000
Novosphingobium sp. 9	2025349	S	79	2	81	0.00000
Novosphingobium sp. KA1	164608	S	68	88	156	0.00000
Novosphingobium sp. ZN18A2	3079861	S	62	0	62	0.00000
Novosphingobium sp.	1874826	S	54	1	55	0.00000
Novosphingobium sp. EMRT-2	2571749	S	44	11	55	0.00000
Novosphingobium sp. THN1	1016987	S	35	3	38	0.00000
Novosphingobium sp. PP1Y	702113	S	33	38	71	0.00000
Novosphingobium sp. Gsoil 351	2675225	S	14	0	14	0.00000
Novosphingobium resinovorum	158500	S	301	79	380	0.00001
Novosphingobium kaempferiae	2896849	S	247	10	257	0.00001
Novosphingobium olei	2728851	S	216	15	231	0.00000
Novosphingobium aromaticivorans	48935	S	160	78	238	0.00000
Novosphingobium humi	2282397	S	123	6	129	0.00000
Novosphingobium capsulatum	13688	S	108	19	127	0.00000
Novosphingobium decolorationis	2698673	S	104	20	124	0.00000
Novosphingobium rhizosphaerae	1551649	S	53	2	55	0.00000
Novosphingobium terrae	2726189	S	31	0	31	0.00000
Novosphingobium ginsenosidimutans	1176536	S	18	0	18	0.00000
Novosphingobium pentaromativorans	205844	S	17	23	40	0.00000
Stakelama saccharophila	3075605	S	109	0	109	0.00000
Stakelama tenebrarum	2711215	S	25	1	26	0.00000
Alterisphingorhabdus coralli	3071408	S	67	0	67	0.00000
Citromicrobium sp. JL477	1634516	S	34	2	36	0.00000
Sphingosinithalassobacter sp. LHW66-3	3424718	S	13	7	20	0.00000
Hankyongella ginsenosidimutans	1763828	S	20	0	20	0.00000
Tardibacter chloracetimidivorans	1921510	S	18	8	26	0.00000
Sphingobium sp. CFD-1	2878545	S	426	532	958	0.00002
Sphingobium sp. Cam5-1	2789327	S	316	69	385	0.00001
Sphingobium sp. CAP-1	2676077	S	213	56	269	0.00001
Sphingobium sp. SYK-6	627192	S	205	26	231	0.00000
Sphingobium sp. PAMC28499	2565554	S	115	57	172	0.00000
Sphingobium sp. CR28	3400272	S	102	0	102	0.00000
Sphingobium sp. JS3065	2970925	S	82	19	101	0.00000
Sphingobium sp. AntQ-1	2930091	S	62	42	104	0.00000
Sphingobium sp. RSMS	520734	S	49	110	159	0.00000
Sphingobium sp. AP49	1144307	S	49	1	50	0.00000
Sphingobium sp. RAC03	1843368	S	38	2	40	0.00000
Sphingobium sp. WTD-1	2979467	S	36	21	57	0.00000
Sphingobium sp. KCTC 72723	2733867	S	36	0	36	0.00000
Sphingobium sp. SCG-1	2072936	S	32	0	32	0.00000
Sphingobium sp. SJ10-10	3114999	S	30	9	39	0.00000
Sphingobium sp. EP60837	1855519	S	26	2	28	0.00000
Sphingobium sp. MI1205	407020	S	23	12	35	0.00000
Sphingobium sp. TKS	1315974	S	22	14	36	0.00000
Sphingobium sp. V4	3038927	S	21	1	22	0.00000
Sphingobium sp. R-21	3404056	S	21	0	21	0.00000
Sphingobium sp. DN12	3378073	S	18	17	35	0.00000
Sphingobium sp. YC-XJ3	3024245	S	17	54	71	0.00000
Sphingobium yanoikuyae	13690	S	1060	643	1703	0.00003
Sphingobium ummariense	420994	S	339	11	350	0.00001
Sphingobium xenophagum	121428	S	250	85	335	0.00001
Sphingobium amiense	135719	S	173	111	284	0.00001
Sphingobium cloacae	120107	S	54	35	89	0.00000
Sphingobium chlorophenolicum	46429	S	42	6	48	0.00000
Sphingobium wenxiniae	595605	S	40	21	61	0.00000
Sphingobium phenoxybenzoativorans	1592790	S	32	4	36	0.00000
Sphingobium cupriresistens	1132417	S	24	22	46	0.00000
Sphingobium naphthae	1886786	S	16	3	19	0.00000
Sphingobium fuliginis	336203	S	10	13	23	0.00000
Erythrobacter sp. JK5	2829500	S	164	9	173	0.00000
Erythrobacter sp.	1042	S	124	10	134	0.00000
Erythrobacter sp. KY5	2011159	S	107	0	107	0.00000
Erythrobacter sp. THAF29	2587851	S	82	3	85	0.00000
Erythrobacter sp. SCSIO 43205	2779361	S	69	1	70	0.00000
Erythrobacter sp. BLCC-B19	3025315	S	56	1	57	0.00000
Erythrobacter sp. HL-111	1798193	S	29	0	29	0.00000
Erythrobacter sp. 3-20A1M	2653850	S	19	3	22	0.00000
Erythrobacter sp. HKB08	2502843	S	18	0	18	0.00000
Erythrobacter sp. Dej080120_24	3024837	S	17	1	18	0.00000
Erythrobacter sp. Alg231-14	1922225	S	11	0	11	0.00000
Erythrobacter aurantius	2909249	S	203	2	205	0.00000
Erythrobacter aureus	2182384	S	59	0	59	0.00000
Erythrobacter mangrovi	2739433	S	18	1	19	0.00000
Erythrobacter neustonensis	1112	S	10	0	10	0.00000
Porphyrobacter sp. HT-58-2	2023229	S	64	2	66	0.00000
Porphyrobacter sp. ULC335	2854260	S	59	0	59	0.00000
Porphyrobacter sp. YT40	2547601	S	30	4	34	0.00000
Porphyrobacter sp. CACIAM 03H1	2003315	S	18	1	19	0.00000
Croceicoccus marinus	450378	S	158	193	351	0.00001
Croceicoccus sp. YJ47	2798724	S	22	3	25	0.00000
Croceicoccus sp. Ery5	1703340	S	14	45	59	0.00000
Croceicoccus naphthovorans	1348774	S	25	57	82	0.00000
Qipengyuania sp. DGS2-2	3349631	S	34	0	34	0.00000
Qipengyuania sp. SM2512	3424765	S	28	12	40	0.00000
Qipengyuania sp. DGS5-3	3349632	S	22	9	31	0.00000
Qipengyuania citrea	225971	S	67	13	80	0.00000
Qipengyuania flava	192812	S	47	6	53	0.00000
Qipengyuania profunda	3113984	S	24	10	34	0.00000
Qipengyuania spongiae	2909673	S	19	2	21	0.00000
Qipengyuania psychrotolerans	2867238	S	17	0	17	0.00000
Qipengyuania sediminis	1532023	S	12	0	12	0.00000
Qipengyuania aurantiaca	2867233	S	10	0	10	0.00000
Altererythrobacter sp. B11	2060312	S	69	5	74	0.00000
Altererythrobacter sp. GH1-8	3349333	S	50	3	53	0.00000
Altererythrobacter sp. ZODW24	2185142	S	45	0	45	0.00000
Altererythrobacter sp. BO-6	2604537	S	37	0	37	0.00000
Altererythrobacter sp. TH136	2067415	S	12	0	12	0.00000
Altererythrobacter sp. H2	3108391	S	12	1	13	0.00000
Altererythrobacter rubellus	2173831	S	38	0	38	0.00000
Altererythrobacter epoxidivorans	361183	S	22	0	22	0.00000
Aurantiacibacter atlanticus	1648404	S	181	24	205	0.00000
Aurantiacibacter sp. MUD61	3009083	S	75	1	76	0.00000
Aurantiacibacter sp. MUD11	3003265	S	11	0	11	0.00000
Aurantiacibacter gangjinensis	502682	S	19	0	19	0.00000
Tsuneonella flava	2055955	S	134	9	143	0.00000
Tsuneonella amylolytica	2338327	S	15	0	15	0.00000
Tsuneonella dongtanensis	692370	S	11	0	11	0.00000
Tsuneonella sp. CC-YZS046	3042152	S	11	0	11	0.00000
Croceibacterium atlanticum	1267766	S	112	8	120	0.00000
Croceibacterium sp. TMG7-5b_MA50	3121290	S	62	0	62	0.00000
Pseudoblastomonas marina	1867408	S	122	11	133	0.00000
Caenibius tardaugens	169176	S	44	5	49	0.00000
Caenibius sp. WL	2872646	S	18	0	18	0.00000
Pelagerythrobacter marinus	538382	S	29	6	35	0.00000
Pelagerythrobacter marensis	543877	S	22	0	22	0.00000
Parerythrobacter aurantius	3127706	S	10	0	10	0.00000
Sphingopyxis sp. FD7	1914525	S	164	15	179	0.00000
Sphingopyxis sp. EG6	1874061	S	155	16	171	0.00000
Sphingopyxis sp. BSN-002	2911495	S	125	1	126	0.00000
Sphingopyxis sp. YF1	2482763	S	124	7	131	0.00000
Sphingopyxis sp. NJF-3	3412479	S	110	4	114	0.00000
Sphingopyxis sp. 113P3	292913	S	76	12	88	0.00000
Sphingopyxis sp. PET50	2976533	S	49	0	49	0.00000
Sphingopyxis sp.	1908224	S	30	0	30	0.00000
Sphingopyxis sp. MG	1866325	S	24	53	77	0.00000
Sphingopyxis sp. OPL5	2486273	S	20	0	20	0.00000
Sphingopyxis sp. PAMC25046	2565556	S	16	1	17	0.00000
Sphingopyxis sp. DBS4	2968500	S	16	8	24	0.00000
Sphingopyxis sp. QXT-31	1357916	S	13	0	13	0.00000
Sphingopyxis sp. USTB-05	2830667	S	12	0	12	0.00000
Sphingopyxis fribergensis	1515612	S	290	13	303	0.00001
Sphingopyxis macrogoltabida	33050	S	241	37	278	0.00001
Sphingopyxis panaciterrae	363841	S	198	7	205	0.00000
Sphingopyxis granuli	267128	S	80	45	125	0.00000
Sphingopyxis indica	436663	S	50	8	58	0.00000
Sphingopyxis kveilinensis	3114367	S	18	0	18	0.00000
Sphingopyxis alaskensis	117207	S	12	0	12	0.00000
Sphingopyxis chilensis	180400	S	12	0	12	0.00000
Sphingopyxis terrae	33052	S	11	11	22	0.00000
Parasphingorhabdus litoris	394733	S	346	1	347	0.00001
Parasphingorhabdus sp.	2709688	S	192	2	194	0.00000
Parasphingorhabdus sp. NYA22	3465831	S	11	0	11	0.00000
Parasphingorhabdus sp. DH2-15	3444112	S	10	0	10	0.00000
Parasphingorhabdus cellanae	2806553	S	208	0	208	0.00000
Parasphingorhabdus halotolerans	2725558	S	107	0	107	0.00000
Sphingorhabdus sp. SMR4y	2584094	S	139	2	141	0.00000
Sphingorhabdus sp. M41	1806885	S	94	0	94	0.00000
Sphingorhabdus sp. Alg231-15	1922222	S	15	0	15	0.00000
Sphingorhabdus sp. YGSMI21	2077182	S	14	0	14	0.00000
Sphingorhabdus lacus	392610	S	37	1	38	0.00000
Sphingorhabdus lutea	1913578	S	34	0	34	0.00000
Novosphingopyxis iocasae	2762729	S	24	2	26	0.00000
Novosphingopyxis sp.	2709690	S	11	0	11	0.00000
Blastomonas sp.	1909299	S	374	40	414	0.00001
Blastomonas sp. SL216	2995169	S	97	0	97	0.00000
Blastomonas sp. RAC04	1842535	S	11	1	12	0.00000
Blastomonas fulva	1550728	S	359	69	428	0.00001
Rhizorhabdus wittichii	160791	S	124	16	140	0.00000
Rhizorhabdus phycosphaerae	2711156	S	34	0	34	0.00000
Rhizorhabdus dicambivorans	1850238	S	20	9	29	0.00000
Alterirhizorhabdus profundi	2681549	S	81	1	82	0.00000
Zymomonas mobilis	542	S	195	14	209	0.00000
Glacieibacterium sp.	2860237	S	64	0	64	0.00000
Sphingosinicella microcystinivorans	335406	S	37	1	38	0.00000
Sphingosinicella sp. BN140058	1892855	S	32	0	32	0.00000
Sandaracinobacteroides saxicola	2759707	S	24	0	24	0.00000
Polymorphobacter sp. PAMC 29334	2862331	S	11	4	15	0.00000
Polymorphobacter sp.	1909290	S	10	0	10	0.00000
Allosphingosinicella flava	2771430	S	95	0	95	0.00000
Allosphingosinicella humi	2068657	S	41	0	41	0.00000
Allosphingosinicella indica	941907	S	10	0	10	0.00000
Sphingomicrobium flavum	1229164	S	25	1	26	0.00000
Parasphingopyxis sp. CP4	2724527	S	17	0	17	0.00000
Parasphingopyxis algicola	2026624	S	14	0	14	0.00000
Aquisediminimonas profunda	1550733	S	21	0	21	0.00000
Azospirillum largimobile	52761	S	1012	362	1374	0.00003
Azospirillum sp. TSH100	652764	S	119	24	143	0.00000
Azospirillum sp. HJ39	3159496	S	89	39	128	0.00000
Azospirillum sp. B2RO_4	3027796	S	80	25	105	0.00000
Azospirillum sp. B510	137722	S	62	7	69	0.00000
Azospirillum sp. A29	3160606	S	53	50	103	0.00000
Azospirillum sp. A26	3160607	S	45	67	112	0.00000
Azospirillum sp. TSA2s	709810	S	17	10	27	0.00000
Azospirillum sp. A23	3160608	S	16	42	58	0.00000
Azospirillum endophyticum	2800326	S	279	55	334	0.00001
Azospirillum argentinense	2970906	S	261	231	492	0.00001
Azospirillum brasilense	192	S	213	168	381	0.00001
Azospirillum thermophilum	2202148	S	150	5	155	0.00000
Azospirillum humicireducens	1226968	S	114	36	150	0.00000
Azospirillum baldaniorum	1064539	S	66	107	173	0.00000
Azospirillum melinis	328839	S	42	82	124	0.00000
Azospirillum oryzae	286727	S	38	26	64	0.00000
Azospirillum doebereinerae	92933	S	30	1	31	0.00000
Azospirillum ramasamyi	682998	S	25	7	32	0.00000
Azospirillum thiophilum	528244	S	24	12	36	0.00000
Azospirillum palustre	2044885	S	22	38	60	0.00000
Azospirillum formosense	861533	S	21	16	37	0.00000
Niveispirillum cyanobacteriorum	1612173	S	231	18	249	0.00001
Niveispirillum fermenti	1233113	S	200	13	213	0.00000
Nitrospirillum viridazoti	3144925	S	242	3	245	0.00000
Skermanella cutis	2775420	S	88	44	132	0.00000
Skermanella mucosa	1789672	S	18	4	22	0.00000
Skermanella rosea	1817965	S	12	4	16	0.00000
Skermanella pratensis	2233999	S	11	1	12	0.00000
Indioceanicola profundi	2220096	S	52	0	52	0.00000
Ferrovibrio sp.	1917215	S	369	2	371	0.00001
Ferrovibrio terrae	2594003	S	65	0	65	0.00000
Magnetospirillum gryphiswaldense	55518	S	163	2	165	0.00000
Magnetospirillum sp. XM-1	1663591	S	117	32	149	0.00000
Magnetospirillum sp. ME-1	1639348	S	39	13	52	0.00000
Aerophototrophica crusticola	1709002	S	283	2	285	0.00001
Candidatus Endolissoclinum faulkneri	1263979	S	214	0	214	0.00000
Rhodospirillum rubrum	1085	S	69	0	69	0.00000
Rhodospirillum centenum	34018	S	44	1	45	0.00000
Pararhodospirillum photometricum	1084	S	91	0	91	0.00000
Defluviicoccus vanus	111831	S	53	1	54	0.00000
Thalassospira sp. GO-4	2946605	S	113	129	242	0.00000
Thalassospira sp. SM2505	3457314	S	46	3	49	0.00000
Thalassospira sp. B30-1	2785911	S	25	72	97	0.00000
Thalassospira sp. SN3W	3035476	S	25	78	103	0.00000
Thalassospira sp. A40-3	2785908	S	22	16	38	0.00000
Thalassospira lucentensis	168935	S	371	23	394	0.00001
Thalassospira marina	2048283	S	209	3	212	0.00000
Thalassospira australica	1528106	S	46	5	51	0.00000
Thalassospira indica	1891279	S	34	18	52	0.00000
Thalassospira tepidiphila	393657	S	15	7	22	0.00000
Magnetospira sp. QH-2	1288970	S	212	0	212	0.00000
Allostella humosa	94	S	547	2	549	0.00001
Thalassobaculum sp.	2022740	S	186	9	195	0.00000
Thalassobaculum sp. OXR-137	3100173	S	109	6	115	0.00000
Nisaea sp.	2024842	S	71	3	74	0.00000
Nisaea acidiphila	1862145	S	56	0	56	0.00000
Pelagibius sp.	1931238	S	233	0	233	0.00000
Algihabitans albus	2164067	S	114	1	115	0.00000
Algihabitans sp.	2821514	S	35	0	35	0.00000
Hypericibacter terrae	2602015	S	230	4	234	0.00000
Hypericibacter adhaerens	2602016	S	59	1	60	0.00000
Haematospirillum jordaniae	1549855	S	186	0	186	0.00000
Caenispirillum salinarum	859058	S	58	0	58	0.00000
Aestuariispira ectoiniformans	2775080	S	90	0	90	0.00000
Hwanghaeella sp.	2605943	S	37	0	37	0.00000
Terasakiella sp. SH-1	2560057	S	44	49	93	0.00000
Zavarzinia sp. CC-PAN008	3243332	S	54	0	54	0.00000
Varunaivibrio sulfuroxidans	1773489	S	48	0	48	0.00000
Paramagnetospirillum magneticum	84159	S	16	5	21	0.00000
Acetobacter pasteurianus	438	S	172	75	247	0.00000
Acetobacter ascendens	481146	S	123	20	143	0.00000
Acetobacter vaccinii	2592655	S	112	2	114	0.00000
Acetobacter sp. KSO5	3373674	S	99	29	128	0.00000
Acetobacter persici	1076596	S	64	0	64	0.00000
Acetobacter aceti	435	S	40	2	42	0.00000
Acetobacter orientalis	146474	S	35	1	36	0.00000
Acetobacter cerevisiae	178900	S	22	3	25	0.00000
Acetobacter pomorum	65959	S	20	387	407	0.00001
Acetobacter senegalensis	446692	S	16	3	19	0.00000
Acetobacter tropicalis	104102	S	14	2	16	0.00000
Acetobacter ghanensis	431306	S	12	0	12	0.00000
Gluconobacter japonicus	376620	S	274	20	294	0.00001
Gluconobacter albidus	318683	S	87	13	100	0.00000
Gluconobacter oxydans	442	S	30	6	36	0.00000
Gluconobacter potus	2724927	S	21	5	26	0.00000
Gluconobacter sphaericus	574987	S	20	3	23	0.00000
Gluconobacter roseus	586239	S	20	3	23	0.00000
Gluconobacter cerinus	38307	S	17	1	18	0.00000
Gluconobacter frateurii	38308	S	13	1	14	0.00000
Candidatus Kirkpatrickella diaphorinae	2984322	S	512	2	514	0.00001
Komagataeibacter xylinus	28448	S	92	91	183	0.00000
Komagataeibacter saccharivorans	265959	S	38	11	49	0.00000
Komagataeibacter medellinensis	1177712	S	24	15	39	0.00000
Komagataeibacter europaeus	33995	S	18	13	31	0.00000
Komagataeibacter diospyri	1932662	S	18	9	27	0.00000
Komagataeibacter rhaeticus	215221	S	16	6	22	0.00000
Komagataeibacter nataicola	265960	S	15	12	27	0.00000
Komagataeibacter intermedius	66229	S	13	15	28	0.00000
Komagataeibacter oboediens	65958	S	11	11	22	0.00000
Neoasaia chiangmaiensis	320497	S	379	5	384	0.00001
Rhodovastum atsumiense	504468	S	366	1	367	0.00001
Asaia bogorensis	91915	S	94	4	98	0.00000
Asaia sp. BMEF1	3155932	S	94	3	97	0.00000
Asaia lannensis	415421	S	71	22	93	0.00000
Nguyenibacter vanlangensis	1216886	S	178	23	201	0.00000
Nguyenibacter sp. L1	3049350	S	11	1	12	0.00000
Lichenicoccus sp.	2781899	S	129	0	129	0.00000
Neokomagataea tanensis	661191	S	104	1	105	0.00000
Granulibacter bethesdensis	364410	S	85	0	85	0.00000
Novacetimonas hansenii	436	S	67	2	69	0.00000
Pararoseomonas sp. SCSIO 73927	3114537	S	67	2	69	0.00000
Rhodopila sp.	2480087	S	57	0	57	0.00000
Oecophyllibacter saccharovorans	2558360	S	56	0	56	0.00000
Gluconacetobacter diazotrophicus	33996	S	51	0	51	0.00000
Lichenicola cladoniae	1484109	S	24	0	24	0.00000
Lichenicola sp.	2804529	S	24	1	25	0.00000
Acidibrevibacterium fodinaquatile	1969806	S	32	0	32	0.00000
Swingsia samuiensis	1293412	S	24	0	24	0.00000
Kozakia baliensis	153496	S	23	1	24	0.00000
Entomobacter blattae	2762277	S	13	0	13	0.00000
Roseomonas fluvialis	1750527	S	222	1	223	0.00000
Roseomonas cutis	2897332	S	210	15	225	0.00000
Roseomonas gilardii	257708	S	209	3	212	0.00000
Roseomonas sp. CCTCC AB2023176	3342640	S	85	0	85	0.00000
Roseomonas sp. WA12	3466480	S	69	0	69	0.00000
Roseomonas sp. FDAARGOS_362	2018065	S	54	101	155	0.00000
Teichococcus cervicalis	204525	S	64	1	65	0.00000
Roseomonas marmotae	2768161	S	52	1	53	0.00000
Roseomonas haemaphysalidis	2768162	S	43	0	43	0.00000
Roseomonas mucosa	207340	S	31	7	38	0.00000
Sediminicoccus rosea	1225128	S	308	25	333	0.00001
Sediminicoccus sp. BL-A-41-H5	3421106	S	62	5	67	0.00000
Sediminicoccus sp. KRV36	3133721	S	49	1	50	0.00000
Humitalea sp. 24SJ18S-53	3422307	S	172	1	173	0.00000
Dankookia sp. P2	3423955	S	80	1	81	0.00000
Roseococcus microcysteis	2771361	S	45	1	46	0.00000
Muricoccus radiodurans	2231721	S	33	0	33	0.00000
Elioraea tepida	2843330	S	224	0	224	0.00000
Acidiphilium multivorum	62140	S	37	44	81	0.00000
Acidisoma cladoniae	3040935	S	35	0	35	0.00000
Acidocella sp. MX-AZ03	2697363	S	33	0	33	0.00000
Wolbachia endosymbiont (group A) of Lypha dubia	3066146	S	1127	808	1935	0.00004
Wolbachia endosymbiont of Ctenocephalides felis wCfeJ	2732594	S	182	0	182	0.00000
Wolbachia endosymbiont of Tetranychus urticae	169184	S	70	71	141	0.00000
Wolbachia endosymbiont of Cantharis cryptica	3066132	S	27	0	27	0.00000
Wolbachia endosymbiont of Oedothorax gibbosus	931100	S	26	0	26	0.00000
Wolbachia endosymbiont of Folsomia candida	169402	S	26	0	26	0.00000
Wolbachia endosymbiont of Ctenocephalides felis wCfeT	2732593	S	22	0	22	0.00000
Wolbachia endosymbiont of Zygogramma bicolorata	3134048	S	10	3	13	0.00000
Wolbachia pipientis	955	S	62	24	86	0.00000
Ehrlichia canis	944	S	462	8	470	0.00001
Ehrlichia ruminantium	779	S	159	1	160	0.00000
Ehrlichia muris	35795	S	127	22	149	0.00000
Ehrlichia sennetsu	951	S	24	0	24	0.00000
Candidatus Mesenet endosymbiont of Phosphuga atrata	3066221	S	114	0	114	0.00000
Neoehrlichia mikurensis	89586	S	87	0	87	0.00000
Candidatus Tisiphia endosymbiont of Nemotelus uliginosus	3077926	S	114	257	371	0.00001
Candidatus Tisiphia endosymbiont of Oplodontha viridula	3077925	S	13	29	42	0.00000
Rickettsia endosymbiont of Cantharis rufa	3066248	S	34	67	101	0.00000
Rickettsia typhi	785	S	71	7	78	0.00000
Candidatus Trichorickettsia mobilis	1346319	S	248	0	248	0.00001
Orientia tsutsugamushi	784	S	132	0	132	0.00000
Candidatus Phycorickettsia trachydisci	2115978	S	65	0	65	0.00000
Candidatus Fokinia crypta	1920990	S	114	2	116	0.00000
Candidatus Bandiella numerosa	2570586	S	35	0	35	0.00000
Candidatus Lariskella endosymbiont of Hedychridium roseum	3077949	S	14	13	27	0.00000
Rickettsiales endosymbiont of Stachyamoeba lipophora	2486578	S	37	0	37	0.00000
Candidatus Deianiraea vastatrix	2163644	S	12	0	12	0.00000
Oceanicaulis sp. LC35	3349635	S	74	7	81	0.00000
Oceanicaulis sp.	1924941	S	36	177	213	0.00000
Oceanicaulis alexandrii	153233	S	44	221	265	0.00001
Hyphobacterium sp.	2004662	S	324	25	349	0.00001
Hyphobacterium sp. CCMP332	2749086	S	79	0	79	0.00000
Glycocaulis alkaliphilus	1434191	S	107	3	110	0.00000
Glycocaulis abyssi	1433403	S	30	1	31	0.00000
Maricaulis maris	74318	S	29	0	29	0.00000
Maricaulis sp. MIT060901	3096993	S	12	0	12	0.00000
Marinicauda algicola	2029849	S	20	1	21	0.00000
Fretibacter rubidus	570162	S	257	0	257	0.00001
Litorimonas sp. RW-G-Af-16	3241168	S	137	0	137	0.00000
Algimonas porphyrae	1128113	S	27	0	27	0.00000
Candidatus Pelagibacter sp. Uisw_127	3230988	S	163	43	206	0.00000
Candidatus Pelagibacter sp. Uisw_121	3230987	S	91	149	240	0.00000
Candidatus Pelagibacter sp. Uisw_090	3230993	S	82	31	113	0.00000
Candidatus Pelagibacter sp. IMCC9063	1002672	S	63	0	63	0.00000
Candidatus Pelagibacter sp. Uisw_134_02	3230990	S	62	16	78	0.00000
Candidatus Pelagibacter sp. Uisw_094	3230980	S	53	42	95	0.00000
Candidatus Pelagibacter bacterium nBUS_32	3374192	S	52	37	89	0.00000
Candidatus Pelagibacter sp. Uisw_136	3230991	S	48	31	79	0.00000
Candidatus Pelagibacter bacterium nBUS_25	3374187	S	43	13	56	0.00000
Candidatus Pelagibacter sp. RS39	1977864	S	41	1	42	0.00000
Candidatus Pelagibacter sp.	2024849	S	36	1	37	0.00000
Candidatus Pelagibacter bacterium nBUS_30	3374191	S	26	18	44	0.00000
Candidatus Pelagibacter sp. Uisw_099_02	3230981	S	20	8	28	0.00000
Candidatus Pelagibacter sp. FZCC0015	2268451	S	16	0	16	0.00000
Candidatus Pelagibacter sp. RS40	1977865	S	13	0	13	0.00000
Candidatus Pelagibacter bacterium nBUS_29	3374190	S	12	5	17	0.00000
Candidatus Pelagibacter bacterium nBUS_28	3374189	S	11	1	12	0.00000
Hyphococcus sp.	2038636	S	459	2	461	0.00001
Hyphococcus formosus	3143534	S	26	0	26	0.00000
Hyphococcus flavus	1866326	S	10	0	10	0.00000
Parvularcula sp. IMCC14364	3067902	S	366	1	367	0.00001
Parvularcula sp. LCG005	3078805	S	32	0	32	0.00000
Parvularcula bermudensis	208216	S	37	2	39	0.00000
Aquisalinus flavus	1526572	S	143	0	143	0.00000
Tistrella mobilis	171437	S	586	42	628	0.00001
Tistrella bauzanensis	657419	S	305	10	315	0.00001
Marinivivus vitaminiproducens	3035935	S	98	0	98	0.00000
Hyphomonas neptunium	81032	S	251	11	262	0.00001
Hyphomonas sp. CACIAM 19H1	1873716	S	70	3	73	0.00000
Hyphomonas sp.	87	S	36	4	40	0.00000
Hyphomonas sp. FCG-A18	3080019	S	27	0	27	0.00000
Hyphomonas sp. KY3	2016196	S	19	3	22	0.00000
Hyphomonas atlantica corrig.	1280948	S	12	2	14	0.00000
Candidatus Viadribacter manganicus	1759059	S	265	0	265	0.00001
Hirschia baltica	2724	S	36	0	36	0.00000
Kordiimonas sp.	1970157	S	277	0	277	0.00001
Kordiimonas sp. SCSIO 12603	2829596	S	123	0	123	0.00000
Kordiimonas sp. SCSIO 12610	2829597	S	33	0	33	0.00000
Kordiimonas pumila	2161677	S	88	0	88	0.00000
Gimibacter soli	3024400	S	95	0	95	0.00000
Temperatibacter marinus	1456591	S	93	0	93	0.00000
Sneathiella marina	2950108	S	334	0	334	0.00001
Sneathiella aquimaris	2599305	S	136	0	136	0.00000
Pseudemcibacter aquimaris	2857064	S	301	0	301	0.00001
Paremcibacter congregatus	2043170	S	60	0	60	0.00000
Luteithermobacter gelatinilyticus	2582913	S	53	0	53	0.00000
Emcibacter sp.	1979954	S	19	0	19	0.00000
Minwuia sp.	2493630	S	94	200	294	0.00001
Candidatus Bealeia paramacronuclearis	1921001	S	120	0	120	0.00000
Candidatus Cytomitobacter primus	2066024	S	76	0	76	0.00000
Candidatus Nucleicultrix amoebiphila	1509244	S	10	0	10	0.00000
Candidatus Ponderosibacter sp. Uisw_141_02	3231000	S	120	0	120	0.00000
Candidatus Levibacter sp. Uisw_134_01	3230999	S	37	0	37	0.00000
Radicibacter daui	3064829	S	56	0	56	0.00000
Acidithiobacillus sp. AMEEHan	2994951	S	453	70	523	0.00001
Acidithiobacillus sulfuriphilus	1867749	S	220	48	268	0.00001
Acidithiobacillus caldus	33059	S	109	36	145	0.00000
Acidithiobacillus ferriphilus	1689834	S	88	64	152	0.00000
Acidithiobacillus thiooxidans	930	S	63	40	103	0.00000
Acidithiobacillus ferrivorans	160808	S	63	75	138	0.00000
Acidithiobacillus montserratensis	2729135	S	10	3	13	0.00000
Thermithiobacillus tepidarius	929	S	89	0	89	0.00000
Magnetococcus marinus	1124597	S	231	0	231	0.00000
Mariprofundus aestuarium	1921086	S	23	0	23	0.00000
Mariprofundus ferrinatatus	1921087	S	21	0	21	0.00000
Hydrogenophilus thermoluteolus	297	S	24	0	24	0.00000
Parabacteroides goldsteinii	328812	S	131350	14458	145808	0.00294
Parabacteroides sp. APC149_11_2_Y6	3372857	S	75969	6590	82559	0.00167
Parabacteroides sp. ASD2025	3415987	S	40235	5824	46059	0.00093
Parabacteroides sp. CT06	2025876	S	205	16388	16593	0.00033
Parabacteroides faecis	1217282	S	65958	7728	73686	0.00149
Parabacteroides chongii	2685834	S	61935	7144	69079	0.00139
Parabacteroides merdae	46503	S	35917	11620	47537	0.00096
Parabacteroides distasonis	823	S	30414	88838	119252	0.00241
Parabacteroides johnsonii	387661	S	24870	4269	29139	0.00059
Parabacteroides absconsus	2951805	S	17874	1532	19406	0.00039
Parabacteroides gordonii	574930	S	13	0	13	0.00000
Tannerella forsythia	28112	S	2697	88	2785	0.00006
Tannerella serpentiformis	712710	S	1186	17	1203	0.00002
Bacteroides thetaiotaomicron	818	S	27074	3911	30985	0.00063
Bacteroides fragilis	817	S	21796	11953	33749	0.00068
Bacteroides nordii	291645	S	16104	1811	17915	0.00036
Bacteroides graminisolvens	477666	S	13375	13	13388	0.00027
Bacteroides hominis	2763023	S	10761	31532	42293	0.00085
Bacteroides faecis	674529	S	10548	2374	12922	0.00026
Bacteroides mucinivorans	3096000	S	10500	1162	11662	0.00024
Bacteroides ovatus	28116	S	9522	10504	20026	0.00040
Bacteroides salyersiae	291644	S	9490	1005	10495	0.00021
Bacteroides zhangwenhongii	2650157	S	9067	4900	13967	0.00028
Bacteroides xylanisolvens	371601	S	8409	5614	14023	0.00028
Bacteroides sp. M10	2763022	S	1799	990	2789	0.00006
Bacteroides sp. D2	556259	S	1497	1411	2908	0.00006
Bacteroides sp. HF-162	2785531	S	1440	6900	8340	0.00017
Bacteroides sp. ZJ-18	2709390	S	980	3603	4583	0.00009
Bacteroides sp. CACC 737	2755405	S	140	351	491	0.00001
Bacteroides sp. A1C1	2528203	S	62	194	256	0.00001
Bacteroides sp. DH3716P	2847299	S	40	204	244	0.00000
Bacteroides faecium	2715212	S	7036	98	7134	0.00014
Bacteroides cellulosilyticus	246787	S	6885	2136	9021	0.00018
Bacteroides caecimuris	1796613	S	6714	1423	8137	0.00016
Bacteroides intestinalis	329854	S	5750	233	5983	0.00012
Bacteroides stercoris	46506	S	5449	1449	6898	0.00014
Bacteroides uniformis	820	S	5318	3218	8536	0.00017
Bacteroides helcogenes	290053	S	4910	49	4959	0.00010
Bacteroides caccae	47678	S	4524	996	5520	0.00011
Bacteroides pyogenes	310300	S	4497	235	4732	0.00010
uncultured Bacteroides sp.	162156	S	3990	25	4015	0.00008
Bacteroides luhongzhouii	2650158	S	3368	281	3649	0.00007
Bacteroides zoogleoformans	28119	S	3110	458	3568	0.00007
Bacteroides difficilis	2763021	S	3005	1605	4610	0.00009
Bacteroides sedimenti	2136147	S	2973	22	2995	0.00006
Bacteroides eggerthii	28111	S	2541	657	3198	0.00006
Bacteroides celer	2025659	S	2170	1369	3539	0.00007
Bacteroides maternus	3117552	S	1591	174	1765	0.00004
Prevotella heparinolytica	28113	S	1291	146	1437	0.00003
Bacteroides finegoldii	338188	S	1054	402	1456	0.00003
Bacteroides parvus	2763025	S	163	569	732	0.00001
Phocaeicola vulgatus	821	S	4939	3047	7986	0.00016
Phocaeicola coprophilus	387090	S	2257	498	2755	0.00006
Phocaeicola dorei	357276	S	1996	1367	3363	0.00007
Phocaeicola salanitronis	376805	S	1843	94	1937	0.00004
Prevotella sp. E9-3	2913621	S	1015	56	1071	0.00002
Prevotella sp.	59823	S	590	36	626	0.00001
Prevotella sp. oral taxon 475	712471	S	462	16	478	0.00001
Prevotella sp. E2-28	2913620	S	339	11	350	0.00001
Prevotella sp. oral taxon 299	652716	S	305	30	335	0.00001
Prevotella sp. E13-17	2913616	S	245	5	250	0.00001
Prevotella sp. E15-22	2937774	S	159	7	166	0.00000
Prevotella sp. Rep29	2691580	S	107	3	110	0.00000
Prevotella scopos	589437	S	2135	773	2908	0.00006
Prevotella melaninogenica	28132	S	1619	328	1947	0.00004
Prevotella denticola	28129	S	758	219	977	0.00002
Prevotella communis	2913614	S	656	25	681	0.00001
Prevotella intermedia	28131	S	651	199	850	0.00002
Prevotella histicola	470565	S	517	66	583	0.00001
Prevotella nigrescens	28133	S	408	288	696	0.00001
Prevotella jejuni	1177574	S	394	143	537	0.00001
Prevotella veroralis	28137	S	321	72	393	0.00001
Prevotella herbatica	2801997	S	317	19	336	0.00001
Prevotella dentalis	52227	S	309	35	344	0.00001
Prevotella multiformis	282402	S	290	98	388	0.00001
Prevotella bivia	28125	S	273	26	299	0.00001
Prevotella corporis	28128	S	173	35	208	0.00000
Prevotella fusca	589436	S	98	18	116	0.00000
Segatella copri	165179	S	3380	225	3605	0.00007
Segatella hominis	2518605	S	893	211	1104	0.00002
Segatella oris	28135	S	325	115	440	0.00001
Segatella bryantii	77095	S	93	173	266	0.00001
Segatella baroniae	305719	S	39	155	194	0.00000
Paraprevotella xylaniphila	454155	S	619	257	876	0.00002
Paraprevotella clara	454154	S	524	199	723	0.00001
Hoylesella buccalis	28127	S	1032	353	1385	0.00003
Hoylesella enoeca	76123	S	137	100	237	0.00000
Xylanibacter ruminicola	839	S	728	14	742	0.00001
Pseudoprevotella muciniphila	2133944	S	246	2	248	0.00001
Macellibacteroides fermentans	879969	S	14155	393	14548	0.00029
Porphyromonas gingivalis	837	S	2598	182	2780	0.00006
Porphyromonas pogonae	867595	S	1948	100	2048	0.00004
Porphyromonas cangingivalis	36874	S	680	44	724	0.00001
Porphyromonas endodontalis	28124	S	551	31	582	0.00001
Porphyromonas asaccharolytica	28123	S	337	7	344	0.00001
Porphyromonas crevioricanis	393921	S	329	11	340	0.00001
Porphyromonas sp. oral taxon 275	712435	S	145	1	146	0.00000
Porphyromonas somerae	322095	S	98	6	104	0.00000
Limibacterium fermenti	3229863	S	4309	189	4498	0.00009
Proteiniphilum saccharofermentans	1642647	S	2172	169	2341	0.00005
Proteiniphilum propionicum	2829812	S	964	167	1131	0.00002
Petrimonas mucosa	1642646	S	813	278	1091	0.00002
Petrimonas sp.	2023866	S	471	1020	1491	0.00003
Petrimonas sulfuriphila	285070	S	212	435	647	0.00001
Dysgonomonas sp. HDW5A	2714926	S	771	1103	1874	0.00004
Dysgonomonas sp. HDW5B	2714927	S	350	486	836	0.00002
Indolivaga capnocytophagoides	45254	S	2506	72	2578	0.00005
Barnesiella sp. An22	1965590	S	1535	422	1957	0.00004
Barnesiella intestinihominis	487174	S	1128	95	1223	0.00002
Barnesiella viscericola	397865	S	1016	396	1412	0.00003
Coprobacter fastidiosus	1099853	S	2097	52	2149	0.00004
Coprobacter secundus	1501392	S	2032	266	2298	0.00005
Alistipes senegalensis	1288121	S	1091	216	1307	0.00003
Alistipes sp. dk3624	2662363	S	683	34	717	0.00001
Alistipes sp. i18-0019-D1	3132707	S	47	11	58	0.00000
Alistipes onderdonkii	328813	S	627	151	778	0.00002
Alistipes shahii	328814	S	462	375	837	0.00002
Alistipes indistinctus	626932	S	422	24	446	0.00001
uncultured Alistipes sp.	538949	S	403	18	421	0.00001
Alistipes putredinis	28117	S	356	88	444	0.00001
Alistipes communis	2585118	S	299	39	338	0.00001
Alistipes ihumii	1470347	S	181	1	182	0.00000
Alistipes dispar	2585119	S	116	9	125	0.00000
Alistipes finegoldii	214856	S	41	20	61	0.00000
uncultured Acetobacteroides sp.	1760811	S	197	1	198	0.00000
Muribaculum intestinale	1796646	S	771	22	793	0.00002
Muribaculum gordoncarteri	2530390	S	717	72	789	0.00002
Paramuribaculum intestinale	2094151	S	943	38	981	0.00002
Duncaniella dubosii	2518971	S	664	23	687	0.00001
Sodaliphilus pleomorphus	2606626	S	354	13	367	0.00001
Butyricimonas virosa	544645	S	767	369	1136	0.00002
Butyricimonas faecalis	2093856	S	740	254	994	0.00002
Butyricimonas paravirosa	1472417	S	159	183	342	0.00001
Odoribacter splanchnicus	28118	S	779	71	850	0.00002
Paludibacter propionicigenes	185300	S	1703	0	1703	0.00003
Candidatus Azobacteroides pseudotrichonymphae	511435	S	374	0	374	0.00001
Salinivirga cyanobacteriivorans	1307839	S	301	0	301	0.00001
Tenuifilum thalassicum	2590900	S	216	0	216	0.00000
uncultured Draconibacterium sp.	1573823	S	1702	95	1797	0.00004
Draconibacterium orientale	1168034	S	1689	283	1972	0.00004
Draconibacterium halophilum	2706887	S	209	7	216	0.00000
Maribellus comscasis	2681766	S	1017	29	1046	0.00002
Mangrovibacterium marinum	1639118	S	545	48	593	0.00001
Aquipluma nitroreducens	2010828	S	526	1	527	0.00001
Halosquirtibacter xylanolyticus	3374599	S	319	12	331	0.00001
Halosquirtibacter laminarini	3374600	S	100	5	105	0.00000
Gaoshiqia hydrogeniformans	3290090	S	374	4	378	0.00001
Labilibaculum antarcticum	1717717	S	835	11	846	0.00002
Labilibaculum euxinicum	2686357	S	488	176	664	0.00001
Labilibaculum sp.	2060723	S	198	152	350	0.00001
Marinifilum fragile	570161	S	1119	9	1128	0.00002
Marinifilum sp.	2033137	S	367	2	369	0.00001
Xiashengella succiniciproducens	2949635	S	326	88	414	0.00001
Alkalitalea saponilacus	889453	S	316	1	317	0.00001
Chryseobacterium scophthalmum	59733	S	127071	17231	144302	0.00291
Chryseobacterium sp. M5	3379128	S	51203	11504	62707	0.00127
Chryseobacterium sp. 3008163	2478663	S	1194	59	1253	0.00003
Chryseobacterium sp. Y16C	2920939	S	972	118	1090	0.00002
Chryseobacterium sp. C-71	2893882	S	795	34	829	0.00002
Chryseobacterium sp. S-02	3404064	S	727	22	749	0.00002
Chryseobacterium sp. G0201	2487065	S	693	19	712	0.00001
Chryseobacterium sp. MMS23-Vi53	3386644	S	622	14	636	0.00001
Chryseobacterium sp. MEBOG06	2879938	S	605	15	620	0.00001
Chryseobacterium sp. PMSZPI	1033900	S	562	14	576	0.00001
Chryseobacterium sp. CT-SW4	3459744	S	562	5	567	0.00001
Chryseobacterium sp. POL2	2713414	S	553	86	639	0.00001
Chryseobacterium sp. IHB B 17019	1721091	S	528	9	537	0.00001
Chryseobacterium sp. MEBOG07	2879939	S	469	14	483	0.00001
Chryseobacterium sp. MYb264	2745153	S	410	8	418	0.00001
Chryseobacterium sp. CBSDS_008	3415265	S	397	15	412	0.00001
Chryseobacterium sp. POE27	3138177	S	368	16	384	0.00001
Chryseobacterium sp. ZHDP1	2838877	S	305	42	347	0.00001
Chryseobacterium sp. T16E-39	2015076	S	299	4	303	0.00001
Chryseobacterium sp. JJR-5R	3093923	S	261	2	263	0.00001
Chryseobacterium sp. PTM-20240506	3400631	S	205	164	369	0.00001
Chryseobacterium sp. G0186	2487064	S	195	21	216	0.00000
Chryseobacterium sp. G0162	2487063	S	183	23	206	0.00000
Chryseobacterium sp. HR92	3094839	S	179	21	200	0.00000
Chryseobacterium sp. StRB126	878220	S	143	5	148	0.00000
Chryseobacterium sp. KCF3-3	3231511	S	139	13	152	0.00000
Chryseobacterium sp. PET-29	2983267	S	127	38	165	0.00000
Chryseobacterium sp. SG20098	3074145	S	125	280	405	0.00001
Chryseobacterium sp. MA9	2966625	S	117	13	130	0.00000
Chryseobacterium sp. Chry.R1	3139392	S	91	73	164	0.00000
Chryseobacterium sp.	1871047	S	91	12	103	0.00000
Chryseobacterium sp. CP-77	3116594	S	88	48	136	0.00000
Chryseobacterium sp. 6424	2039166	S	86	2	88	0.00000
Chryseobacterium sp. SNU WT5	2594269	S	59	7	66	0.00000
Chryseobacterium sp. JV274	1932669	S	51	310	361	0.00001
Chryseobacterium sp. PCH239	2825845	S	41	121	162	0.00000
Chryseobacterium sp. R2ACT005	3416668	S	38	55	93	0.00000
Chryseobacterium balustinum	246	S	17953	1004	18957	0.00038
Chryseobacterium indoltheticum	254	S	13093	374	13467	0.00027
Chryseobacterium indologenes	253	S	1185	90	1275	0.00003
Chryseobacterium gleum	250	S	1068	201	1269	0.00003
Chryseobacterium lactis	1241981	S	729	82	811	0.00002
Chryseobacterium camelliae	1265445	S	646	28	674	0.00001
Chryseobacterium shandongense	1493872	S	644	62	706	0.00001
Chryseobacterium gallinarum	1324352	S	638	19	657	0.00001
Chryseobacterium gambrini	373672	S	634	32	666	0.00001
Chryseobacterium glaciei	1685010	S	578	10	588	0.00001
Chryseobacterium joostei	112234	S	552	31	583	0.00001
Chryseobacterium arthrosphaerae	651561	S	550	46	596	0.00001
Chryseobacterium wangxinyae	2997336	S	517	8	525	0.00001
Chryseobacterium chendengshani	2864040	S	500	6	506	0.00001
Chryseobacterium oryzae	2929799	S	349	18	367	0.00001
Chryseobacterium fluminis	2983606	S	344	5	349	0.00001
Chryseobacterium taklimakanense	536441	S	343	37	380	0.00001
Chryseobacterium daecheongense	192389	S	298	8	306	0.00001
Chryseobacterium paludis	2956784	S	296	3	299	0.00001
Chryseobacterium capnotolerans	2759528	S	255	12	267	0.00001
Chryseobacterium piperi	558152	S	248	2	250	0.00001
Chryseobacterium oranimense	421058	S	243	3	246	0.00000
Chryseobacterium nakagawai	1241982	S	234	38	272	0.00001
Chryseobacterium gotjawalense	3042315	S	217	10	227	0.00000
Chryseobacterium aureum	2497456	S	177	4	181	0.00000
Chryseobacterium carnipullorum	1124835	S	161	14	175	0.00000
Chryseobacterium nepalense	1854498	S	140	44	184	0.00000
Chryseobacterium cucumeris	1813611	S	127	69	196	0.00000
Chryseobacterium manosquense	2754694	S	124	18	142	0.00000
Chryseobacterium cupriresistens	3366770	S	118	66	184	0.00000
Chryseobacterium bernardetii	1241978	S	80	80	160	0.00000
Chryseobacterium koreense	232216	S	79	4	83	0.00000
Chryseobacterium salivictor	2547600	S	64	3	67	0.00000
Chryseobacterium suipulveris	2929800	S	55	6	61	0.00000
Chryseobacterium panacisoli	1807141	S	41	1	42	0.00000
Chryseobacterium rhizoplanae	1609531	S	37	38	75	0.00000
Kaistella flava (ex Peng et al. 2021)	2038776	S	298	3	301	0.00001
Kaistella jeonii	266749	S	209	0	209	0.00000
Kaistella faecalis	2852098	S	189	0	189	0.00000
Kaistella daneshvariae	2487074	S	168	1	169	0.00000
Kaistella antarctica	266748	S	151	0	151	0.00000
Candidatus Kaistella beijingensis	2820270	S	133	6	139	0.00000
Kaistella polysaccharea	2878534	S	91	0	91	0.00000
Kaistella sp. 97-N-M2	2908645	S	26	0	26	0.00000
Kaistella carnis	1241979	S	17	0	17	0.00000
Epilithonimonas vandammei	2487072	S	885	232	1117	0.00002
Epilithonimonas sp. UC225_85	3350167	S	77	0	77	0.00000
Epilithonimonas zeae	1416779	S	55	0	55	0.00000
Empedobacter brevis	247	S	4397	381	4778	0.00010
Empedobacter falsenii	343874	S	486	202	688	0.00001
Empedobacter stercoris	1628248	S	292	212	504	0.00001
Elizabethkingia anophelis	1117645	S	569	499	1068	0.00002
Elizabethkingia meningoseptica	238	S	252	5	257	0.00001
Elizabethkingia miricola	172045	S	222	144	366	0.00001
Elizabethkingia ursingii	1756150	S	208	25	233	0.00000
Elizabethkingia sp. JS20170427COW	2583851	S	68	1	69	0.00000
Elizabethkingia sp. 2-6	2575699	S	12	197	209	0.00000
Elizabethkingia sp. M8	2796140	S	11	61	72	0.00000
Elizabethkingia bruuniana	1756149	S	43	10	53	0.00000
Apibacter raozihei	2500547	S	463	0	463	0.00001
Apibacter sp. B2966	2656761	S	50	270	320	0.00001
Cloacibacterium sp. TD35	2976818	S	247	31	278	0.00001
Cloacibacterium caeni	2004710	S	201	68	269	0.00001
Cloacibacterium normanense	237258	S	18	5	23	0.00000
Cruoricaptor ignavus	1118202	S	502	28	530	0.00001
Riemerella anatipestifer	34085	S	253	8	261	0.00001
Riemerella columbina	103810	S	175	8	183	0.00000
Faecalibacter bovis	2898187	S	182	4	186	0.00000
Faecalibacter sp. LW9	3103144	S	160	4	164	0.00000
Bergeyella cardium	1585976	S	145	4	149	0.00000
Bergeyella porcorum	1735111	S	61	1	62	0.00000
Ornithobacterium rhinotracheale	28251	S	141	3	144	0.00000
Candidatus Ornithobacterium hominis	2497989	S	15	0	15	0.00000
Weeksella virosa	1014	S	77	9	86	0.00000
Marnyiella aurantia	2758037	S	60	1	61	0.00000
Myroides odoratus	256	S	132614	3986	136600	0.00276
Myroides fluvii	2572594	S	5741	247	5988	0.00012
Myroides albus	2562892	S	896	107	1003	0.00002
Myroides odoratimimus	76832	S	870	1220	2090	0.00004
Myroides sp. JBRI-B21084	3119977	S	174	25	199	0.00000
Myroides sp. A21	1583100	S	172	445	617	0.00001
Myroides sp. ZB35	1458492	S	33	81	114	0.00000
Myroides profundi	480520	S	416	49	465	0.00001
Myroides phaeus	702745	S	322	22	344	0.00001
Flavobacterium sp. SM2513	3424766	S	515	13	528	0.00001
Flavobacterium sp. LPB0248	2614441	S	502	276	778	0.00002
Flavobacterium sp. 2	308053	S	453	72	525	0.00001
Flavobacterium sp. 25HG05S-40	3458682	S	361	10	371	0.00001
Flavobacterium sp. I3-2	2748319	S	296	77	373	0.00001
Flavobacterium sp. NG2	3097547	S	294	15	309	0.00001
Flavobacterium sp. YJ01	3031997	S	293	127	420	0.00001
Flavobacterium sp. N502536	2986837	S	280	47	327	0.00001
Flavobacterium sp.	239	S	278	29	307	0.00001
Flavobacterium sp. JP2137	3414510	S	267	13	280	0.00001
Flavobacterium sp. IMCC34518	3003623	S	266	579	845	0.00002
Flavobacterium sp. TMP13	3425950	S	255	9	264	0.00001
Flavobacterium sp. N3904	2986835	S	224	11	235	0.00000
Flavobacterium sp. KACC 22761	3092665	S	223	51	274	0.00001
Flavobacterium sp. ZE23DGlu08	3059026	S	222	36	258	0.00001
Flavobacterium sp. N1736	2986823	S	220	20	240	0.00000
Flavobacterium sp. GSB-24	2994319	S	212	43	255	0.00001
Flavobacterium sp. K5-23	2746225	S	210	13	223	0.00000
Flavobacterium sp. KACC 22758	3025667	S	200	226	426	0.00001
Flavobacterium sp. M31R6	2739062	S	188	12	200	0.00000
Flavobacterium sp. P21	3423948	S	181	34	215	0.00000
Flavobacterium sp. HNIBRBA15423	3458683	S	174	4	178	0.00000
Flavobacterium sp. N2820	2986834	S	149	12	161	0.00000
Flavobacterium sp. CECT 9288	2845819	S	143	76	219	0.00000
Flavobacterium sp. MMS24-S5	3416605	S	143	41	184	0.00000
Flavobacterium sp. KACC 22763	3025668	S	140	74	214	0.00000
Flavobacterium sp. SLB02	2665645	S	138	15	153	0.00000
Flavobacterium sp. N502540	2986838	S	136	87	223	0.00000
Flavobacterium sp. KBS0721	1179672	S	110	14	124	0.00000
Flavobacterium sp. TR2	2977321	S	93	20	113	0.00000
Flavobacterium sp. N1994	2986827	S	87	2	89	0.00000
Flavobacterium sp. WV_118_3	3151764	S	77	3	80	0.00000
Flavobacterium sp. CLA17	2724135	S	76	4	80	0.00000
Flavobacterium sp. N1719	2885633	S	72	1	73	0.00000
Flavobacterium sp. B183	907046	S	69	58	127	0.00000
Flavobacterium sp. WC2430	3234137	S	60	236	296	0.00001
Flavobacterium sp. xlx-214	2654325	S	59	3	62	0.00000
Flavobacterium sp. W1B	3394146	S	58	4	62	0.00000
Flavobacterium sp. MDT1-60	1979344	S	53	4	57	0.00000
Flavobacterium sp. N2038	2986829	S	52	6	58	0.00000
Flavobacterium sp. PS2	3384157	S	45	3	48	0.00000
Flavobacterium sp. Sr18	935222	S	40	4	44	0.00000
Flavobacterium sp. CFS9	3143118	S	39	11	50	0.00000
Flavobacterium sp. 140616W15	2478552	S	35	2	37	0.00000
Flavobacterium sp. PL002	1897058	S	28	2	30	0.00000
Flavobacterium sp. TN-1	3463858	S	26	1447	1473	0.00003
Flavobacterium sp. KS-LB2	3120525	S	22	2	24	0.00000
Flavobacterium sp. CS20	2775246	S	14	2	16	0.00000
Flavobacterium sp. N2270	2986831	S	13	1	14	0.00000
Flavobacterium sp. CHNK8	2871165	S	13	7	20	0.00000
Flavobacterium cupriresistens	2893885	S	1152	76	1228	0.00002
Flavobacterium kingsejongi	1678728	S	1036	85	1121	0.00002
Flavobacterium eburneipallidum	3003263	S	891	29	920	0.00002
Flavobacterium anhuiense	459526	S	627	96	723	0.00001
Flavobacterium nitratireducens	992289	S	595	28	623	0.00001
uncultured Flavobacterium sp.	165435	S	593	59	652	0.00001
Flavobacterium johnsoniae	986	S	579	292	871	0.00002
Flavobacterium bizetiae	2704140	S	569	71	640	0.00001
Flavobacterium nackdongense	2547394	S	536	10	546	0.00001
Flavobacterium sediminis	2201181	S	513	113	626	0.00001
Flavobacterium collinsii	1114861	S	502	88	590	0.00001
Flavobacterium indicum	312277	S	492	14	506	0.00001
Flavobacterium soyae	2903098	S	486	53	539	0.00001
Flavobacterium ginsenosidimutans	687844	S	471	81	552	0.00001
Flavobacterium ardleyense	2038737	S	450	11	461	0.00001
Flavobacterium psychrophilum	96345	S	437	19	456	0.00001
Flavobacterium microcysteis	2596891	S	410	24	434	0.00001
Flavobacterium columnare	996	S	385	170	555	0.00001
Flavobacterium luteolum	3003259	S	385	149	534	0.00001
Flavobacterium marginilacus	3003256	S	374	13	387	0.00001
Flavobacterium inviolabile	2748320	S	343	13	356	0.00001
Flavobacterium nitrogenifigens	1617283	S	341	161	502	0.00001
Flavobacterium album	2175091	S	318	4	322	0.00001
Flavobacterium acetivorans	2893883	S	312	20	332	0.00001
Flavobacterium endoglycinae	2816357	S	309	20	329	0.00001
Flavobacterium haoranii	683124	S	286	45	331	0.00001
Flavobacterium faecale	1355330	S	281	18	299	0.00001
Flavobacterium gilvum	1492737	S	277	8	285	0.00001
Flavobacterium pallidum	2172098	S	269	4	273	0.00001
Flavobacterium humidisoli	2937442	S	247	55	302	0.00001
Flavobacterium ginsengisoli	871694	S	235	56	291	0.00001
Flavobacterium panacagri	3034146	S	226	39	265	0.00001
Flavobacterium agricola	2870839	S	221	15	236	0.00000
Flavobacterium commune	1306519	S	215	9	224	0.00000
Flavobacterium pectinovorum	29533	S	212	18	230	0.00000
Flavobacterium cyclinae	2895947	S	211	19	230	0.00000
Flavobacterium flavigenum	3003258	S	207	34	241	0.00000
Flavobacterium dauae	1563479	S	205	25	230	0.00000
Flavobacterium psychrotrophum	2294119	S	193	2	195	0.00000
Flavobacterium ammonificans	1751056	S	190	13	203	0.00000
Flavobacterium crassostreae	1763534	S	182	10	192	0.00000
Flavobacterium ovatum	1928857	S	171	10	181	0.00000
Flavobacterium mekongense	3379707	S	164	4	168	0.00000
Flavobacterium lacustre	3016339	S	158	7	165	0.00000
Flavobacterium azooxidireducens	1871076	S	155	2	157	0.00000
Flavobacterium ammoniigenes	1751095	S	144	9	153	0.00000
Flavobacterium cerinum	2502784	S	139	5	144	0.00000
Flavobacterium flavipigmentatum	2893884	S	136	8	144	0.00000
Flavobacterium litorale	2856519	S	122	2	124	0.00000
Flavobacterium gyeonganense	1310418	S	114	24	138	0.00000
Flavobacterium channae	2897181	S	111	14	125	0.00000
Flavobacterium aestivum	3003257	S	109	4	113	0.00000
Flavobacterium oreochromis	2906078	S	103	11	114	0.00000
Flavobacterium fluviale	2249356	S	95	17	112	0.00000
Flavobacterium capsici	3075618	S	89	1	90	0.00000
Flavobacterium nakdongense	3073563	S	84	2	86	0.00000
Flavobacterium covae	2906076	S	83	1242	1325	0.00003
Flavobacterium davisii	2906077	S	83	9	92	0.00000
Flavobacterium tructae	1114873	S	81	51	132	0.00000
Flavobacterium magnum	2162713	S	74	1	75	0.00000
Flavobacterium alkalisoli	2602769	S	69	1	70	0.00000
Flavobacterium branchiophilum	55197	S	68	1	69	0.00000
Flavobacterium arcticum	1784713	S	62	1	63	0.00000
Flavobacterium adiutor	3400345	S	56	5	61	0.00000
Flavobacterium limnophilum	3003262	S	53	2	55	0.00000
Flavobacterium crocinum	2183896	S	49	8	57	0.00000
Flavobacterium galactosidilyticum	2893886	S	48	3	51	0.00000
Flavobacterium gelatinilyticum	3003260	S	38	4	42	0.00000
Flavobacterium sangjuense	2518177	S	32	0	32	0.00000
Flavobacterium rivulicola	2732161	S	31	1	32	0.00000
Flavobacterium aquiphilum	3003261	S	29	1	30	0.00000
Flavobacterium okayamense	2830782	S	14	1	15	0.00000
Flavobacterium praedii	3002900	S	12	26	38	0.00000
Polaribacter sp. MED152	313598	S	376	20	396	0.00001
Polaribacter sp. ALD11	2058137	S	267	28	295	0.00001
Polaribacter sp. NJDZ03	2855841	S	219	64	283	0.00001
Polaribacter sp. KT25b	1855336	S	218	16	234	0.00000
Polaribacter sp. L3A8	2686361	S	209	53	262	0.00001
Polaribacter sp. R77954	3093870	S	198	12	210	0.00000
Polaribacter sp. Hel1_33_78	1336804	S	124	7	131	0.00000
Polaribacter sp. SA4-10	754397	S	85	4	89	0.00000
Polaribacter sp. HL-MS24	3077735	S	79	9	88	0.00000
Polaribacter sp. Q13	2806551	S	57	7	64	0.00000
Polaribacter sp. HaHaR_3_91	2745561	S	50	498	548	0.00001
Polaribacter sp. BM10	1529069	S	15	15	30	0.00000
Polaribacter sp. SA4-12	1312072	S	13	0	13	0.00000
Polaribacter sejongensis	985043	S	579	119	698	0.00001
Polaribacter cellanae	2818493	S	553	18	571	0.00001
Polaribacter vadi	1774273	S	289	11	300	0.00001
Polaribacter marinivivus	1524260	S	267	52	319	0.00001
Polaribacter reichenbachii	996801	S	239	9	248	0.00001
Polaribacter marinaquae	1642819	S	235	206	441	0.00001
Polaribacter litorisediminis	1908341	S	203	9	212	0.00000
Polaribacter pacificus	1775173	S	154	21	175	0.00000
Polaribacter staleyi	2022337	S	146	111	257	0.00001
Polaribacter batillariae	2808900	S	143	4	147	0.00000
Polaribacter haliotis	1888915	S	142	15	157	0.00000
Polaribacter tangerinus	1920034	S	116	5	121	0.00000
Polaribacter atrinae	1333662	S	93	21	114	0.00000
Polaribacter huanghezhanensis	1354726	S	92	3	95	0.00000
Polaribacter gangjinensis	574710	S	91	11	102	0.00000
Polaribacter butkevichii	218490	S	59	51	110	0.00000
Polaribacter dokdonensis	326329	S	53	3	56	0.00000
Polaribacter pectinis	2738844	S	15	1	16	0.00000
Paenimyroides ceti	395087	S	6194	395	6589	0.00013
Paenimyroides aestuarii	2968490	S	53	58	111	0.00000
Tenacibaculum maritimum	107401	S	602	27	629	0.00001
Tenacibaculum sp. nBUS_03	3395320	S	319	13	332	0.00001
Tenacibaculum sp. SZ-18	754423	S	89	4	93	0.00000
Tenacibaculum sp. ZS6-P6	3447503	S	73	4	77	0.00000
Tenacibaculum sp. C7A-26P2	3447504	S	53	2	55	0.00000
Tenacibaculum sp. A30	3442644	S	38	21	59	0.00000
Tenacibaculum polynesiense	3137857	S	408	24	432	0.00001
Tenacibaculum todarodis	1850252	S	366	39	405	0.00001
Tenacibaculum pacificus	3018314	S	326	66	392	0.00001
Tenacibaculum platacis	3137852	S	321	10	331	0.00001
Tenacibaculum retecalamus	3018315	S	209	27	236	0.00000
Tenacibaculum soleae	447689	S	167	33	200	0.00000
Tenacibaculum singaporense	2358479	S	166	57	223	0.00000
Tenacibaculum tangerinum	3038772	S	133	5	138	0.00000
Tenacibaculum ovolyticum	104270	S	119	11	130	0.00000
Tenacibaculum aestuariivivum	2006131	S	110	15	125	0.00000
Tenacibaculum ascidiaceicola	1699411	S	89	8	97	0.00000
Tenacibaculum vairaonense	3137860	S	84	3	87	0.00000
Tenacibaculum mesophilum	104268	S	80	177	257	0.00001
Tenacibaculum insulae	2029677	S	65	9	74	0.00000
Tenacibaculum jejuense	584609	S	48	2	50	0.00000
Tenacibaculum finnmarkense	2781243	S	31	6	37	0.00000
Tenacibaculum dicentrarchi	669041	S	13	3	16	0.00000
Maribacter sp. MJ134	2496865	S	272	43	315	0.00001
Maribacter sp. R77961	3093871	S	268	10	278	0.00001
Maribacter sp. HTCC2170	313603	S	246	3	249	0.00001
Maribacter sp. X9	3402159	S	138	2	140	0.00000
Maribacter sp. IgM3_T14_3	3415140	S	124	13	137	0.00000
Maribacter sp. BPC-D8	3053613	S	115	8	123	0.00000
Maribacter sp. LLG6340-A2	3160834	S	69	6	75	0.00000
Maribacter sp. R86514	3093854	S	37	3	40	0.00000
Maribacter hydrothermalis	1836467	S	254	10	264	0.00001
Maribacter litoralis	2059726	S	254	68	322	0.00001
Maribacter litopenaei	2976127	S	254	20	274	0.00001
Maribacter aestuarii	1130723	S	152	24	176	0.00000
Maribacter halichondriae	2980554	S	80	0	80	0.00000
Maribacter dokdonensis	320912	S	48	115	163	0.00000
Maribacter cobaltidurans	1178778	S	43	28	71	0.00000
Winogradskyella sp. R77965	3093872	S	520	28	548	0.00001
Winogradskyella sp. PC-19	754417	S	272	44	316	0.00001
Winogradskyella sp. J14-2	1936080	S	187	7	194	0.00000
Winogradskyella sp. HaHa_3_26	2749995	S	172	59	231	0.00000
Winogradskyella sp. HB-48	3416808	S	151	5	156	0.00000
Winogradskyella sp. PC D3.3	3479081	S	111	22	133	0.00000
Winogradskyella sp.	1883156	S	101	1	102	0.00000
Winogradskyella sp. PG-2	754409	S	59	2	61	0.00000
Winogradskyella sp. MIT101101	3098297	S	35	173	208	0.00000
Winogradskyella sediminis	1382466	S	247	60	307	0.00001
Winogradskyella helgolandensis	2697010	S	135	38	173	0.00000
Winogradskyella forsetii	2686077	S	19	10	29	0.00000
Winogradskyella schleiferi	2686078	S	17	15	32	0.00000
Capnocytophaga sp. oral taxon 878	1316596	S	331	46	377	0.00001
Capnocytophaga sp. ARDL2	3238809	S	276	28	304	0.00001
Capnocytophaga canimorsus	28188	S	319	46	365	0.00001
Capnocytophaga sputigena	1019	S	278	44	322	0.00001
Capnocytophaga stomatis	1848904	S	237	27	264	0.00001
Capnocytophaga gingivalis	1017	S	128	7	135	0.00000
Capnocytophaga granulosa	45242	S	79	1	80	0.00000
Capnocytophaga leadbetteri	327575	S	46	197	243	0.00000
Capnocytophaga ochracea	1018	S	40	63	103	0.00000
Capnocytophaga haemolytica	45243	S	12	0	12	0.00000
Aquimarina sp. Aq107	1191912	S	444	277	721	0.00001
Aquimarina sp. TRL1	2736252	S	349	12	361	0.00001
Aquimarina sp. AD10	1714849	S	150	3	153	0.00000
Aquimarina sp. BL5	1714860	S	127	4	131	0.00000
Aquimarina sp. LLG6339-5	3160830	S	25	13	38	0.00000
Aquimarina sp. AD1	1714848	S	13	7	20	0.00000
Aquimarina sp. ERC-38	2949996	S	12	0	12	0.00000
Aquimarina muelleri	279356	S	431	12	443	0.00001
Aquimarina macrocephali	666563	S	180	3	183	0.00000
Aquimarina besae	3342247	S	130	3	133	0.00000
Aquimarina rhodophyticola	3342246	S	31	0	31	0.00000
Flagellimonas sp.	2058762	S	738	304	1042	0.00002
Flagellimonas sp. HMM57	2905121	S	385	7	392	0.00001
Flagellimonas sp. CMM7	2654676	S	26	1	27	0.00000
Flagellimonas maritima	1383885	S	144	2	146	0.00000
Flagellimonas alvinocaridis	2530200	S	138	15	153	0.00000
Flagellimonas rhodophyticola	3410791	S	129	5	134	0.00000
Flagellimonas ruestringensis	111501	S	66	8	74	0.00000
Flagellimonas ulvae	3410790	S	29	0	29	0.00000
Flagellimonas oceani	2698672	S	22	21	43	0.00000
Flagellimonas cixiensis	3228750	S	19	0	19	0.00000
Formosa sp. L2A11	2686363	S	357	44	401	0.00001
Formosa sp. Hel1_31_208	1798225	S	271	14	285	0.00001
Formosa sp. A9	3442641	S	148	5	153	0.00000
Formosa sp. Hel3_A1_48	1336795	S	43	10	53	0.00000
Formosa sp. Hel1_33_131	1336794	S	27	0	27	0.00000
Formosa sediminum	2594004	S	216	14	230	0.00000
Formosa agariphila	320324	S	163	30	193	0.00000
Cellulophaga sp. L1A9	2686362	S	209	251	460	0.00001
Cellulophaga sp. HaHaR_3_176	1942464	S	86	18	104	0.00000
Cellulophaga algicola	59600	S	302	85	387	0.00001
Cellulophaga lytica	979	S	89	73	162	0.00000
Cellulophaga baltica	76594	S	75	34	109	0.00000
Cellulophaga omnivescoria	1888890	S	19	20	39	0.00000
Zobellia laminariae	248906	S	383	70	453	0.00001
Zobellia galactanivorans	63186	S	203	13	216	0.00000
Zobellia nedashkovskayae	2779510	S	202	71	273	0.00001
Zobellia alginiliquefaciens	3032586	S	184	10	194	0.00000
Zobellia russellii	248907	S	12	0	12	0.00000
Mariniflexile litorale	3045158	S	360	31	391	0.00001
Mariniflexile fucanivorans	264023	S	181	23	204	0.00000
Mariniflexile sp. AS56	3063957	S	174	51	225	0.00000
Mariniflexile rhizosphaerae	2027857	S	166	10	176	0.00000
Lacinutrix sp. Bg11-31	2057808	S	429	19	448	0.00001
Lacinutrix sp. WUR7	2653681	S	45	3	48	0.00000
Lacinutrix sp. 5H-3-7-4	983544	S	14	2	16	0.00000
Lacinutrix undariae	1639656	S	209	48	257	0.00001
Lacinutrix venerupis	1486034	S	162	13	175	0.00000
Lacinutrix neustonica	2980107	S	63	11	74	0.00000
Psychroserpens ponticola	2932268	S	530	45	575	0.00001
Psychroserpens sp. MEBiC05023	517748	S	256	10	266	0.00001
Psychroserpens sp. NJDZ02	2570561	S	124	74	198	0.00000
Christiangramia sp. LLG6405-1	3160832	S	203	13	216	0.00000
Gramella sp. MT6	2705471	S	69	2	71	0.00000
Gramella sp. MAR_2010_147	1250205	S	68	1	69	0.00000
Christiangramia sp. OXR-203	3100176	S	31	9	40	0.00000
Christiangramia flava	1486245	S	236	31	267	0.00001
Christiangramia echinicola	279359	S	159	4	163	0.00000
Christiangramia fulva	2126553	S	66	1	67	0.00000
Christiangramia forsetii	411153	S	41	4	45	0.00000
Christiangramia salexigens	1913577	S	16	0	16	0.00000
Nonlabens sp. Hel1_33_55	1336802	S	68	4	72	0.00000
Nonlabens sp. Ci31	2608253	S	59	4	63	0.00000
Nonlabens sp. MIC269	1476901	S	13	231	244	0.00000
Nonlabens spongiae	331648	S	194	39	233	0.00000
Nonlabens ulvanivorans	906888	S	140	14	154	0.00000
Nonlabens dokdonensis	328515	S	90	9	99	0.00000
Nonlabens marinus	930802	S	62	6	68	0.00000
Algibacter sp. L1A34	2686365	S	379	53	432	0.00001
Algibacter sp. AS12	3135773	S	80	3	83	0.00000
Algibacter sp. L3A6	2686366	S	30	14	44	0.00000
Algibacter sp. R77976	3093873	S	16	1	17	0.00000
Algibacter luteus	1178825	S	213	12	225	0.00000
Algibacter lectus	221126	S	71	28	99	0.00000
Leeuwenhoekiella sp. LLG6367-2.1	3160833	S	216	218	434	0.00001
Leeuwenhoekiella sp. H156	3450128	S	45	13	58	0.00000
Leeuwenhoekiella obamensis	3119018	S	127	35	162	0.00000
Leeuwenhoekiella palythoae	573501	S	120	111	231	0.00000
Lutibacter sp. A64	2918526	S	443	18	461	0.00001
Lutibacter sp. A80	2918453	S	209	7	216	0.00000
Lutibacter profundi	1622118	S	148	2	150	0.00000
Aequorivita ciconiae	2494375	S	104	20	124	0.00000
Aequorivita marisscotiae	3040348	S	98	127	225	0.00000
Aequorivita sublithincola	101385	S	92	44	136	0.00000
Aequorivita nionensis	1287690	S	53	229	282	0.00001
Antarcticibacterium sp. 1MA-6-2	2908210	S	463	24	487	0.00001
Antarcticibacterium flavum	2058175	S	191	24	215	0.00000
Antarcticibacterium arcticum	2585771	S	53	2	55	0.00000
Kordia sp. SMS9	2282170	S	211	16	227	0.00000
Kordia sp.	1965332	S	97	14	111	0.00000
Kordia algicida	221066	S	282	43	325	0.00001
Kordia antarctica	1218801	S	33	3	36	0.00000
Dokdonia sp. Dokd-P16	2173169	S	301	39	340	0.00001
Dokdonia sp. PRO95	1239415	S	129	137	266	0.00001
Dokdonia donghaensis	326320	S	12	2	14	0.00000
Zunongwangia profunda	398743	S	360	201	561	0.00001
Zunongwangia sp. HRR-M8	3015170	S	69	52	121	0.00000
Zunongwangia sp. HGR-M22	3015168	S	55	38	93	0.00000
Zunongwangia sp. SCSIO 43204	2779359	S	17	6	23	0.00000
Flavivirga eckloniae	1803846	S	339	6	345	0.00001
Flavivirga abyssicola	3063533	S	244	5	249	0.00001
Aestuariibaculum lutulentum	2920935	S	441	17	458	0.00001
Aestuariibaculum sp. YM273	3070659	S	111	5	116	0.00000
Seonamhaeicola sp. S2-3	1936081	S	281	18	299	0.00001
Seonamhaeicola sp. MEBiC01930	2976768	S	204	5	209	0.00000
Seonamhaeicola sp. ML3	2937786	S	48	0	48	0.00000
Galbibacter sp. BG1	1170699	S	465	52	517	0.00001
Candidatus Marifrigoribacter sp. Uisw_064	3230970	S	450	20	470	0.00001
Wenyingzhuangia sp. IMCC45467	3478764	S	166	6	172	0.00000
Wenyingzhuangia sp. IMCC45574	3479082	S	99	3	102	0.00000
Wenyingzhuangia sp. IMCC45533	3478765	S	66	2	68	0.00000
Wenyingzhuangia fucanilytica	1790137	S	106	5	111	0.00000
Tamlana sp. s12	1630406	S	411	145	556	0.00001
Amniculibacterium sp. G2-70	2767188	S	410	91	501	0.00001
Siansivirga zeaxanthinifaciens	762954	S	394	25	419	0.00001
Salegentibacter mishustinae	270918	S	126	69	195	0.00000
Salegentibacter salegens	143223	S	78	2	80	0.00000
Salegentibacter agarivorans	345907	S	71	52	123	0.00000
Salegentibacter sp. T436	1729720	S	38	35	73	0.00000
Sinomicrobium kalidii	2900738	S	333	1	334	0.00001
Psychroflexus torquis	57029	S	172	1	173	0.00000
Psychroflexus sp. ALD_RP9	2777186	S	148	7	155	0.00000
Aureibaculum algae	2584122	S	305	12	317	0.00001
Daejeonia sp. YH14	3439042	S	277	51	328	0.00001
Croceibacter atlanticus	313588	S	277	28	305	0.00001
Patiriisocius sp. Uisw_017	3230968	S	174	5	179	0.00000
Patiriisocius sp. Uisw_047	3230969	S	103	6	109	0.00000
Rasiella sp. SM2506	3423914	S	228	8	236	0.00000
Rasiella rasia	2744027	S	24	0	24	0.00000
Euzebyella marina	1761453	S	252	73	325	0.00001
Allomuricauda sp. R78024	3093867	S	141	14	155	0.00000
Allomuricauda sp. SCSIO 64092	2908842	S	90	0	90	0.00000
Allomuricauda sp. SCSIO 65647	2908843	S	13	0	13	0.00000
Gilvibacter sp. SZ-19	754429	S	87	164	251	0.00001
Thalassobellus suaedae	3074124	S	223	14	237	0.00000
Pontimicrobium sp. SW4	3153519	S	112	4	116	0.00000
Pontimicrobium sp. IMCC45349	3391574	S	110	13	123	0.00000
Yeosuana sp. AK3	3476459	S	218	14	232	0.00000
Arenibacter algicola	616991	S	180	61	241	0.00000
Arenibacter antarcticus	2040469	S	17	0	17	0.00000
Imtechella halotolerans	1165090	S	192	4	196	0.00000
Vaginella massiliensis	1816680	S	192	41	233	0.00000
Costertonia aggregata	343403	S	189	32	221	0.00000
Bizionia sp. M204	2675331	S	145	13	158	0.00000
Algorimicrobium bowmanii	3476336	S	30	3	33	0.00000
Hwangdonia lutea	3075823	S	165	18	183	0.00000
Abyssalbus ytuae	2926907	S	165	1	166	0.00000
Marixanthomonas sp. SCSIO 43207	2779360	S	152	22	174	0.00000
Allotamlana fucoidanivorans	2583814	S	152	5	157	0.00000
Constantimarinum furrinae	2562285	S	125	5	130	0.00000
Changchengzhania lutea	2049305	S	124	3	127	0.00000
Zhouia spongiae	2202721	S	116	13	129	0.00000
Ulvibacterium sp.	2665914	S	111	0	111	0.00000
Robiginitalea sp. IMCC44478	3459122	S	89	3	92	0.00000
Robiginitalea biformata	252307	S	10	0	10	0.00000
Oceanihabitans sp. IOP_32	2529032	S	110	21	131	0.00000
Olleya sp. R77988	3093875	S	37	2	39	0.00000
Olleya sp. Bg11-27	2058135	S	31	16	47	0.00000
Olleya sp. HaHaR_3_96	2745560	S	20	11	31	0.00000
Olleya sp. YS	3028318	S	11	0	11	0.00000
Muriicola soli	2507538	S	82	0	82	0.00000
Mesoflavibacter sp. SCSIO 43206	2779362	S	48	41	89	0.00000
Pukyongia salina	2094025	S	70	2	72	0.00000
Salinimicrobium sp. 3283s	3114359	S	19	43	62	0.00000
Flaviramulus sp. BrNp1-15	2916754	S	66	5	71	0.00000
Mangrovimonas sp. YM274	3070660	S	34	1	35	0.00000
Mangrovimonas cancribranchiae	3080055	S	28	0	28	0.00000
Candidatus Arcticimaribacter forsetii	2820661	S	58	2	60	0.00000
Gillisia sp. Hel1_33_143	1336796	S	49	12	61	0.00000
Urechidicola croceus	1850246	S	31	8	39	0.00000
Lutimonas zeaxanthinifaciens	3060215	S	31	0	31	0.00000
Pseudalgibacter alginicilyticus	1736674	S	26	2	28	0.00000
Pseudotamlana carrageenivorans	2069432	S	25	7	32	0.00000
Aggregatimonas sangjinii	2583587	S	21	0	21	0.00000
Croceiramulus getboli	3038202	S	15	0	15	0.00000
Sediminicola sp. YIK13	1453352	S	13	0	13	0.00000
Aegicerativicinus sediminis	2893202	S	10	0	10	0.00000
Blattabacterium cuenoti	1653831	S	2411	183	2594	0.00005
Blattabacterium sp. (Blaberus giganteus)	1186051	S	37	5	42	0.00000
Blattabacterium sp. (Periplaneta americana)	367488	S	17	77	94	0.00000
Fluviicola sp.	1917219	S	480	0	480	0.00001
Fluviicola taffensis	191579	S	396	3	399	0.00001
Paracrocinitomix mangrovi	2862509	S	202	0	202	0.00000
Ichthyobacterium seriolicida	242600	S	512	0	512	0.00001
Croceimicrobium hydrocarbonivorans	2761580	S	143	1	144	0.00000
Croceimicrobium sp.	2828340	S	73	0	73	0.00000
Owenweeksia hongkongensis	253245	S	194	0	194	0.00000
Candidatus Karelsulcia muelleri	336810	S	250	62	312	0.00001
Parvicella tangerina	2829795	S	155	0	155	0.00000
Sanyastnella coralliicola	3069118	S	68	0	68	0.00000
Sphingobacterium sp. E70	2853439	S	129586	7025	136611	0.00276
Sphingobacterium sp. ML3W	1538644	S	24091	3571	27662	0.00056
Sphingobacterium sp. DR205	2713573	S	3150	126	3276	0.00007
Sphingobacterium sp. R2	3112958	S	733	36	769	0.00002
Sphingobacterium sp. CZ-2	2557994	S	653	30	683	0.00001
Sphingobacterium sp. WOUb80	3234028	S	585	27	612	0.00001
Sphingobacterium sp. UDSM-2020	2795738	S	541	38	579	0.00001
Sphingobacterium sp. SYP-B4668	2996035	S	435	4	439	0.00001
Sphingobacterium sp. UGAL515B_05	2986767	S	356	407	763	0.00002
Sphingobacterium sp. G1-14	2003121	S	308	509	817	0.00002
Sphingobacterium sp.	341027	S	300	227	527	0.00001
Sphingobacterium sp. LZ7M1	2961941	S	292	31	323	0.00001
Sphingobacterium sp. BN32	3058432	S	221	19	240	0.00000
Sphingobacterium sp. SRCM116780	2907623	S	202	2	204	0.00000
Sphingobacterium sp. B29	1933220	S	201	890	1091	0.00002
Sphingobacterium sp. SG20118	3367156	S	140	66	206	0.00000
Sphingobacterium sp. Lzh-3	3382150	S	131	171	302	0.00001
Sphingobacterium sp. WM	3031802	S	110	34	144	0.00000
Sphingobacterium sp. PCS056	2931400	S	85	90	175	0.00000
Sphingobacterium detergens	1145106	S	32804	2576	35380	0.00071
Sphingobacterium puteale	2420510	S	4152	207	4359	0.00009
Sphingobacterium thalpophilum	259	S	960	206	1166	0.00002
Sphingobacterium multivorum	28454	S	948	399	1347	0.00003
Sphingobacterium siyangense	459529	S	832	1022	1854	0.00004
Sphingobacterium spiritivorum	258	S	765	111	876	0.00002
Sphingobacterium daejeonense	371142	S	552	24	576	0.00001
Sphingobacterium faecium	34087	S	499	235	734	0.00001
Sphingobacterium lactis	797291	S	243	18	261	0.00001
Sphingobacterium mizutaii	1010	S	188	8	196	0.00000
Sphingobacterium cellulitidis	1768011	S	173	87	260	0.00001
Sphingobacterium bambusae	662858	S	170	1	171	0.00000
Sphingobacterium psychroaquaticum	561061	S	136	1	137	0.00000
Sphingobacterium zhuxiongii	2662364	S	136	1	137	0.00000
Sphingobacterium oryzagri	3025669	S	134	1	135	0.00000
Sphingobacterium hotanense	649196	S	113	4	117	0.00000
Sphingobacterium paramultivorum	2886510	S	59	68	127	0.00000
Mucilaginibacter sp. NFX135	3402687	S	546	2	548	0.00001
Mucilaginibacter sp. 21P	2778902	S	542	2	544	0.00001
Mucilaginibacter sp. Mucisp86	3243060	S	365	12	377	0.00001
Mucilaginibacter sp. R-33	3416711	S	295	57	352	0.00001
Mucilaginibacter sp. cycad4	3342096	S	287	10	297	0.00001
Mucilaginibacter sp. PAMB04274	3138568	S	273	183	456	0.00001
Mucilaginibacter sp. CSA2-8R	3141542	S	259	3	262	0.00001
Mucilaginibacter sp. KACC 22773	3025671	S	214	19	233	0.00000
Mucilaginibacter sp.	1882438	S	180	0	180	0.00000
Mucilaginibacter sp. 5C4	3048589	S	127	1	128	0.00000
Mucilaginibacter sp. SJ	3029053	S	123	14	137	0.00000
Mucilaginibacter sp. KACC 22063	3025666	S	107	0	107	0.00000
Mucilaginibacter sp. SMC90	2929803	S	102	7	109	0.00000
Mucilaginibacter sp. 14171R-50	2703789	S	84	0	84	0.00000
Mucilaginibacter sp. McL0603	3415670	S	54	0	54	0.00000
Mucilaginibacter yixingensis	1295612	S	697	3	700	0.00001
Mucilaginibacter rubeus	2027860	S	571	871	1442	0.00003
Mucilaginibacter saanensis	2723091	S	514	2	516	0.00001
Mucilaginibacter gotjawali	1550579	S	514	1	515	0.00001
Mucilaginibacter robiniae	2728022	S	491	4	495	0.00001
Mucilaginibacter xinganensis	1234841	S	431	2	433	0.00001
Mucilaginibacter cryoferens	2723090	S	424	3	427	0.00001
Mucilaginibacter paludis	423351	S	342	1	343	0.00001
Mucilaginibacter ginsenosidivorans	398053	S	294	1	295	0.00001
Mucilaginibacter tundrae	2723089	S	277	1	278	0.00001
Mucilaginibacter mali	2740462	S	263	1	264	0.00001
Mucilaginibacter sabulilitoris	1173583	S	194	0	194	0.00000
Mucilaginibacter celer	2305508	S	192	1	193	0.00000
Mucilaginibacter mallensis	652787	S	181	2	183	0.00000
Mucilaginibacter aureus	3349873	S	166	0	166	0.00000
Mucilaginibacter geliditolerans	2723088	S	135	1	136	0.00000
Mucilaginibacter ginkgonis	2682091	S	114	0	114	0.00000
Mucilaginibacter empetricola	2723092	S	97	0	97	0.00000
Mucilaginibacter jinjuensis	1176721	S	90	0	90	0.00000
Mucilaginibacter ginsenosidivorax	862126	S	70	0	70	0.00000
Mucilaginibacter daejeonensis	398049	S	10	0	10	0.00000
Mucilaginibacter sediminis	3349874	S	10	0	10	0.00000
Pedobacter sp.	1411316	S	964	87	1051	0.00002
Pedobacter sp. PACM 27299	1727164	S	710	177	887	0.00002
Pedobacter sp. R-06	3404051	S	538	43	581	0.00001
Pedobacter sp. NJ-S-72	3476222	S	417	35	452	0.00001
Pedobacter sp. AW31-3R	3445781	S	338	8	346	0.00001
Pedobacter sp. FW305-3-2-15-E-R2A2	3140251	S	279	20	299	0.00001
Pedobacter sp. MW01-1-1	3383027	S	262	18	280	0.00001
Pedobacter sp. UC225_65	3350173	S	246	2	248	0.00001
Pedobacter sp. AW1-32	3383026	S	203	4	207	0.00000
Pedobacter sp. BS3	2567937	S	159	1	160	0.00000
Pedobacter sp. KBS0701	2578106	S	88	269	357	0.00001
Pedobacter sp. HDW13	2714940	S	69	3	72	0.00000
Pedobacter sp. P26	3423956	S	67	210	277	0.00001
Pedobacter sp. D749	2856523	S	57	5	62	0.00000
Pedobacter sp. PWIIR3	3569033	S	56	1	57	0.00000
Pedobacter sp. SL55	2995161	S	53	0	53	0.00000
Pedobacter sp. WC2423	3234142	S	40	6	46	0.00000
Pedobacter sp. G11	2482728	S	36	2	38	0.00000
Pedobacter sp. KACC 23697	3149230	S	34	2	36	0.00000
Pedobacter sp. KLB.chiD	3387402	S	17	2	19	0.00000
Pedobacter panaciterrae	363849	S	767	70	837	0.00002
Pedobacter foliorum	2739058	S	706	53	759	0.00002
Pedobacter suwonensis	332999	S	404	54	458	0.00001
Pedobacter lusitanus	1503925	S	347	25	372	0.00001
Pedobacter roseus	336820	S	280	57	337	0.00001
Pedobacter gandavensis	2679963	S	280	100	380	0.00001
Pedobacter riviphilus	2766984	S	261	29	290	0.00001
Pedobacter heparinus	984	S	258	5	263	0.00001
Pedobacter mucosus	2895286	S	258	10	268	0.00001
Pedobacter endophyticus	2789740	S	218	6	224	0.00000
Pedobacter cryoconitis	188932	S	203	54	257	0.00001
Pedobacter steynii	430522	S	117	7	124	0.00000
Pedobacter ginsengisoli	363852	S	93	8	101	0.00000
Pedobacter aquae	2605747	S	88	0	88	0.00000
Anseongella ginsenosidimutans	496056	S	877	0	877	0.00002
Olivibacter sp. SDN3	2764720	S	235	2	237	0.00000
Olivibacter sp. LS-1	2592345	S	83	198	281	0.00001
Olivibacter sp. EAT-5	3376061	S	56	186	242	0.00000
Olivibacter sp. SA151	2937867	S	13	19	32	0.00000
Solitalea canadensis	995	S	474	2	476	0.00001
Solitalea lacus	2911172	S	270	0	270	0.00001
Pseudopedobacter saltans	151895	S	259	16	275	0.00001
Arcticibacter sp. MXS-1	3341726	S	214	2	216	0.00000
Aurantibacillus circumpalustris	3036359	S	219	0	219	0.00000
Hymenobacter sp. GOD-10R	3093922	S	352	9	361	0.00001
Hymenobacter sp. PAMC 26628	1484118	S	273	11	284	0.00001
Hymenobacter sp. 5317J-9	2932250	S	264	24	288	0.00001
Hymenobacter sp. 5516J-16	2932253	S	118	271	389	0.00001
Hymenobacter sp. NBH84	2596915	S	102	14	116	0.00000
Hymenobacter sp. 102	3403152	S	70	12	82	0.00000
Hymenobacter sp. HDW8	2714932	S	52	71	123	0.00000
Hymenobacter sp. DG01	2584940	S	40	21	61	0.00000
Hymenobacter sp. APR13	1356852	S	34	32	66	0.00000
Hymenobacter sp. DG25B	1385664	S	33	6	39	0.00000
Hymenobacter sp. BT18	2835648	S	23	0	23	0.00000
Hymenobacter sp. BRD128	2675878	S	22	0	22	0.00000
Hymenobacter sp. BRD67	2675877	S	14	2	16	0.00000
Hymenobacter volaticus	2932254	S	698	31	729	0.00001
Hymenobacter tibetensis	497967	S	598	27	625	0.00001
Hymenobacter aerilatus	2932251	S	190	18	208	0.00000
Hymenobacter monticola	1705399	S	157	5	162	0.00000
Hymenobacter cellulosilyticus	2932248	S	153	5	158	0.00000
Hymenobacter baengnokdamensis	2615203	S	128	22	150	0.00000
Hymenobacter weizhouensis	2987689	S	121	5	126	0.00000
Hymenobacter cellulosivorans	2932249	S	76	3	79	0.00000
Hymenobacter radiodurans	2496028	S	75	112	187	0.00000
Hymenobacter qilianensis	1385715	S	67	2	69	0.00000
Hymenobacter sediminicola	2761579	S	66	3	69	0.00000
Hymenobacter jejuensis	2502781	S	42	1	43	0.00000
Hymenobacter yonginensis	748197	S	40	15	55	0.00000
Hymenobacter sedentarius	1411621	S	37	1	38	0.00000
Hymenobacter canadensis	2999067	S	35	4	39	0.00000
Hymenobacter swuensis	1446467	S	26	1	27	0.00000
Hymenobacter latericus	2987688	S	17	0	17	0.00000
Hymenobacter sublimis	2933777	S	13	28	41	0.00000
Pontibacter korlensis	400092	S	1024	37	1061	0.00002
Pontibacter sp. G13	3074898	S	319	0	319	0.00001
Pontibacter sp. SGAir0037	2571030	S	248	25	273	0.00001
Pontibacter sp. MBLB2868	3451555	S	204	5	209	0.00000
Pontibacter kalidii	2592049	S	201	6	207	0.00000
Pontibacter actiniarum	323450	S	119	8	127	0.00000
Pontibacter pudoricolor	2694930	S	84	5	89	0.00000
Pontibacter akesuensis	388950	S	11	1	12	0.00000
Pontibacter russatus	2694929	S	11	0	11	0.00000
Rufibacter tibetensis	512763	S	548	62	610	0.00001
Rufibacter radiotolerans	1379910	S	72	3	75	0.00000
Adhaeribacter radiodurans	2745197	S	304	9	313	0.00001
Adhaeribacter swui	2086471	S	200	7	207	0.00000
Nibribacter ruber	2698458	S	75	31	106	0.00000
Dyadobacter sp. 32	538966	S	403	9	412	0.00001
Dyadobacter sp. 676	3088362	S	302	12	314	0.00001
Dyadobacter sp. NIV53	2861765	S	224	3	227	0.00000
Dyadobacter endophyticus	1749036	S	478	20	498	0.00001
Dyadobacter chenwenxiniae	2906456	S	478	37	515	0.00001
Dyadobacter fermentans	94254	S	402	24	426	0.00001
Dyadobacter fanqingshengii	2906443	S	224	51	275	0.00001
Dyadobacter sandarakinus	2747268	S	202	7	209	0.00000
Dyadobacter chenhuakuii	2909339	S	197	40	237	0.00000
Dyadobacter pollutisoli	2910158	S	85	3	88	0.00000
Runella slithyformis	106	S	264	1	265	0.00001
Runella sp. SP2	2268026	S	155	0	155	0.00000
Runella sp.	1960881	S	69	0	69	0.00000
Runella rosea	2259595	S	180	0	180	0.00000
Larkinella insperata	332158	S	232	3	235	0.00000
Larkinella sp.	2034517	S	201	3	204	0.00000
Larkinella roseola	2674997	S	161	7	168	0.00000
Larkinella bombi	2907205	S	13	0	13	0.00000
Fibrella aestuarina	651143	S	150	1	151	0.00000
Spirosoma sp. SC4-14	3128900	S	365	1	366	0.00001
Spirosoma sp. KCTC 42546	2520506	S	320	1	321	0.00001
Spirosoma sp. KUDC1026	2745947	S	146	1	147	0.00000
Spirosoma sp. KNUC1025	2894082	S	145	1	146	0.00000
Spirosoma aerolatum	1211326	S	744	2	746	0.00002
Spirosoma oryzicola	2898794	S	674	2	676	0.00001
Spirosoma endbachense	2666025	S	221	5	226	0.00000
Spirosoma foliorum	2710596	S	218	1	219	0.00000
Spirosoma radiotolerans	1379870	S	172	1	173	0.00000
Spirosoma pollinicola	2057025	S	151	0	151	0.00000
Spirosoma rhododendri	2728024	S	151	1	152	0.00000
Spirosoma linguale	108	S	141	0	141	0.00000
Spirosoma aureum	2692134	S	137	4	141	0.00000
Spirosoma rigui	564064	S	132	0	132	0.00000
Spirosoma montaniterrae	1178516	S	101	0	101	0.00000
Spirosoma taeanense	2735870	S	86	1	87	0.00000
Cytophaga hutchinsonii	985	S	126	1	127	0.00000
Algoriphagus sp. NG3	3097546	S	357	17	374	0.00001
Algoriphagus sp. Y33	2772483	S	152	17	169	0.00000
Algoriphagus sp. NBT04N3	2705473	S	70	10	80	0.00000
Algoriphagus sanaruensis	1727163	S	327	14	341	0.00001
Algoriphagus yeomjeoni	291403	S	302	32	334	0.00001
Algoriphagus machipongonensis	388413	S	240	7	247	0.00000
Algoriphagus halophilus	226505	S	116	1	117	0.00000
Algoriphagus halophytocola	2991499	S	99	9	108	0.00000
Echinicola sp. 20G	2781961	S	440	9	449	0.00001
Echinicola soli	2591634	S	260	7	267	0.00001
Echinicola vietnamensis	390884	S	220	67	287	0.00001
Echinicola rosea	1807691	S	198	58	256	0.00001
Echinicola marina	2859768	S	143	37	180	0.00000
Echinicola strongylocentroti	1795355	S	72	5	77	0.00000
Cyclobacterium marinum	104	S	115	17	132	0.00000
Cyclobacterium xiamenense	1297121	S	73	0	73	0.00000
Cyclobacterium amurskyense	320787	S	17	0	17	0.00000
Belliella baltica	232259	S	156	7	163	0.00000
Mongoliitalea daihaiensis	2782006	S	135	0	135	0.00000
Aquiflexum balticum	280473	S	72	0	72	0.00000
Flammeovirga kamogawensis	373891	S	398	39	437	0.00001
Flammeovirga yaeyamensis	367791	S	212	179	391	0.00001
Flammeovirga pectinis	2494373	S	133	13	146	0.00000
Flammeovirga sp. MY04	1191459	S	108	92	200	0.00000
Chondrinema litorale	2994555	S	862	50	912	0.00002
Imperialibacter roseus	1324217	S	109	25	134	0.00000
Imperialibacter sp.	2038411	S	48	9	57	0.00000
Catalinimonas niigatensis	1397264	S	554	1	555	0.00001
Tunicatimonas pelagia	931531	S	279	0	279	0.00001
Porifericola rhodea	930972	S	274	3	277	0.00001
Ekhidna sp.	2608089	S	476	17	493	0.00001
Ekhidna algicida	3395267	S	35	0	35	0.00000
Reichenbachiella agarivorans	2979464	S	195	104	299	0.00001
Reichenbachiella sp.	2184521	S	100	54	154	0.00000
Reichenbachiella carrageenanivorans	2979869	S	70	58	128	0.00000
Emticicia oligotrophica	312279	S	239	4	243	0.00000
Emticicia sp. 21SJ11W-3	2916755	S	110	1	111	0.00000
Leadbetterella byssophila	316068	S	309	7	316	0.00001
Jiulongibacter sp. NS-SX5	3463854	S	230	0	230	0.00000
Marinilongibacter aquaticus	2975157	S	81	0	81	0.00000
Arcticibacterium luteifluviistationis	1784714	S	65	0	65	0.00000
Bernardetia sp. OM2101	3344876	S	350	38	388	0.00001
Bernardetia sp. ABR2-2B	3127472	S	140	8	148	0.00000
Bernardetia sp. Wsw4-3y2	3127471	S	134	98	232	0.00000
Bernardetia sp. MNP-M8	3127470	S	11	8	19	0.00000
Bernardetia litoralis	999	S	169	36	205	0.00000
Marivirga tractuosa	1006	S	713	232	945	0.00002
Marivirga harenae	2010992	S	184	6	190	0.00000
Marivirga salinarum	3059078	S	43	1	44	0.00000
Marivirga arenosa	3059076	S	35	1	36	0.00000
Fulvivirga ligni	2904246	S	372	10	382	0.00001
Fulvivirga maritima	2904247	S	239	10	249	0.00001
Fulvivirga ulvae	2904245	S	179	5	184	0.00000
Fulvivirga lutea	2810512	S	19	1	20	0.00000
Chryseolinea soli	2321403	S	166	0	166	0.00000
Fulvitalea axinellae	1182444	S	304	5	309	0.00001
Persicobacter psychrovividus	387638	S	168	4	172	0.00000
Aureibacter tunicatorum	866807	S	142	1	143	0.00000
Roseivirga seohaensis	1914963	S	240	5	245	0.00000
Roseivirga spongicola	333140	S	133	6	139	0.00000
Roseivirga sp.	1964215	S	84	2	86	0.00000
Roseivirga pacifica	1267423	S	81	1	82	0.00000
Rhodocytophaga rosea	2704465	S	419	1	420	0.00001
Aquirufa nivalisilvae	2516557	S	313	4	317	0.00001
Aquirufa lenticrescens	2696560	S	19	1	20	0.00000
Cardinium endosymbiont of Tipula unca	3066216	S	106	4	110	0.00000
Cardinium endosymbiont of Philonthus spinipes	3077941	S	94	0	94	0.00000
Cardinium endosymbiont of Sogatella furcifera	650378	S	39	0	39	0.00000
Candidatus Cardinium hertigii	247481	S	16	0	16	0.00000
Candidatus Amoebophilus asiaticus	281120	S	40	0	40	0.00000
Mangrovivirga cuniculi	2715131	S	269	1	270	0.00001
Chitinophaga sp. MM2321	3137178	S	563	286	849	0.00002
Chitinophaga sp. LS1	3051176	S	541	182	723	0.00001
Chitinophaga sp. HK235	2952571	S	296	337	633	0.00001
Chitinophaga sp. XS-30	2604421	S	56	4	60	0.00000
Chitinophaga caeni	2029983	S	1013	17	1030	0.00002
Chitinophaga caseinilytica	2267521	S	587	23	610	0.00001
Chitinophaga niabensis	536979	S	534	19	553	0.00001
Chitinophaga agri	2703787	S	503	35	538	0.00001
Chitinophaga sancti	1004	S	447	55	502	0.00001
Chitinophaga pinensis	79329	S	400	20	420	0.00001
Chitinophaga filiformis	104663	S	324	15	339	0.00001
Chitinophaga horti	2920382	S	305	13	318	0.00001
Chitinophaga oryzae	2725414	S	233	9	242	0.00000
Chitinophaga pollutisoli	3133966	S	49	5	54	0.00000
Chitinophaga alhagiae	2203219	S	34	0	34	0.00000
Niabella soli	446683	S	604	31	635	0.00001
Niabella yanshanensis	577386	S	223	13	236	0.00000
Niabella ginsenosidivorans	1176587	S	187	8	195	0.00000
Niabella insulamsoli	3144874	S	36	2	38	0.00000
Arachidicoccus soli	2341117	S	343	9	352	0.00001
Arachidicoccus ginsenosidimutans	1850526	S	278	11	289	0.00001
Arachidicoccus ginsenosidivorans	496057	S	180	5	185	0.00000
Arachidicoccus terrestris	2875539	S	119	3	122	0.00000
Flavisolibacter tropicus	1492898	S	543	56	599	0.00001
Flavisolibacter ginsenosidimutans	661481	S	181	6	187	0.00000
Flavihumibacter fluvii	2838157	S	616	12	628	0.00001
Flavihumibacter rivuli	2838156	S	13	0	13	0.00000
Phnomibacter ginsenosidimutans	2676868	S	276	32	308	0.00001
Phnomibacter sp. MR	3042318	S	216	22	238	0.00000
Niastella koreensis	354356	S	503	41	544	0.00001
Filimonas lacunae	477680	S	489	28	517	0.00001
Paraflavitalea speifideaquila	3076558	S	269	38	307	0.00001
Paraflavitalea soli	2315862	S	125	19	144	0.00000
Ferruginibacter lapsinanis	563172	S	360	11	371	0.00001
Ferruginibacter albus	2875540	S	39	1	40	0.00000
Lacibacter sediminis	2760713	S	185	6	191	0.00000
Lacibacter sp. MH-610	3020883	S	179	5	184	0.00000
Panacibacter ginsenosidivorans	1813871	S	333	4	337	0.00001
Pseudocnuella soli	2502779	S	313	25	338	0.00001
Pseudobacter ginsenosidimutans	661488	S	300	27	327	0.00001
Puia sp. P3	3423952	S	299	13	312	0.00001
Sediminibacterium planctonicum	575378	S	214	11	225	0.00000
Sediminibacterium longum	1751071	S	13	0	13	0.00000
Thermoflavifilum sp.	1968839	S	187	1	188	0.00000
Rhizosphaericola mali	2545455	S	129	6	135	0.00000
Mycovorax composti	2962693	S	103	15	118	0.00000
Phaeodactylibacter xiamenensis	1524460	S	626	0	626	0.00001
Haliscomenobacter hydrossis	2350	S	497	0	497	0.00001
Aureispira anguillae	2864201	S	211	0	211	0.00000
Aureispira sp. CCB-E	3051121	S	197	0	197	0.00000
Saprospira grandis	1008	S	138	20	158	0.00000
Saprospira sp. CCB-QB6	3023936	S	98	21	119	0.00000
Lewinella sp. LCG006	3231911	S	91	1	92	0.00000
Candidatus Sulfidibacterium hydrothermale	2875962	S	423	0	423	0.00001
Chlorobium limicola	1092	S	631	4	635	0.00001
Chlorobium phaeobacteroides	1096	S	75	0	75	0.00000
Pelodictyon phaeoclathratiforme	34090	S	240	1	241	0.00000
Chlorobaculum sp. MV4-Y	2976335	S	28	167	195	0.00000
Chlorobaculum parvum	274539	S	13	20	33	0.00000
Prosthecochloris sp. HL-130-GSB	1974213	S	24	6	30	0.00000
Prosthecochloris aestuarii	1102	S	19	0	19	0.00000
Chloroherpeton thalassium	100716	S	193	0	193	0.00000
Gracilimonas sp.	1974203	S	283	4	287	0.00001
Cyclonatronum proteinivorum	1457365	S	95	10	105	0.00000
Rhodocaloribacter litoris	2558931	S	139	0	139	0.00000
Rhodothermus marinus	29549	S	23	0	23	0.00000
Rubrivirga aquatilis	3391575	S	32	0	32	0.00000
Rubrivirga halophila	3391614	S	21	0	21	0.00000
Rubrivirga sp.	1885344	S	16	0	16	0.00000
Salinibacter ruber	146919	S	20	0	20	0.00000
Ignavibacterium album	591197	S	64	48	112	0.00000
Ignavibacterium sp.	2651167	S	54	42	96	0.00000
Melioribacter roseus	1134405	S	24	0	24	0.00000
Gemmatimonas groenlandica	2732249	S	279	0	279	0.00001
Gemmatimonas sp.	1962908	S	34	0	34	0.00000
Gemmatimonas phototrophica	1379270	S	12	0	12	0.00000
Gemmatirosa kalamazoonensis	861299	S	28	0	28	0.00000
Pseudogemmatithrix spongiicola	3062599	S	16	0	16	0.00000
Candidatus Palauibacter sp.	3101350	S	36	0	36	0.00000
Candidatus Palauibacter irciniicola	3056733	S	16	0	16	0.00000
Gaopeijia maritima	3119007	S	12	0	12	0.00000
Fibrobacter succinogenes	833	S	109	6	115	0.00000
Candidatus Cloacimonas acidaminovorans	456827	S	71	0	71	0.00000
Aliarcobacter cryaerophilus	28198	S	1091	211	1302	0.00003
Aliarcobacter lanthieri	1355374	S	726	57	783	0.00002
Aliarcobacter butzleri	28197	S	692	117	809	0.00002
Aliarcobacter trophiarum	708186	S	501	41	542	0.00001
Aliarcobacter thereius	544718	S	308	106	414	0.00001
Aliarcobacter cibarius	255507	S	174	28	202	0.00000
Aliarcobacter skirrowii	28200	S	108	46	154	0.00000
Aliarcobacter faecis	1564138	S	70	18	88	0.00000
Aliarcobacter vitoriensis	2011099	S	60	7	67	0.00000
Arcobacter sp.	1872629	S	342	42	384	0.00001
Arcobacter sp. L	944547	S	192	213	405	0.00001
Arcobacter sp. FWKO B	2593672	S	183	5	188	0.00000
Arcobacter sp. 15-2	3374109	S	22	1	23	0.00000
Arcobacter nitrofigilis	28199	S	387	44	431	0.00001
Arcobacter roscoffensis	2961520	S	252	14	266	0.00001
Arcobacter venerupis	1054033	S	221	14	235	0.00000
Arcobacter ellisii	913109	S	143	21	164	0.00000
Arcobacter acticola	1849015	S	106	5	111	0.00000
Arcobacter iocasae	2906515	S	99	21	120	0.00000
Arcobacter peruensis	2320140	S	97	428	525	0.00001
Arcobacter cloacae	1054034	S	85	9	94	0.00000
Arcobacter porcinus	1935204	S	80	35	115	0.00000
Arcobacter aquimarinus	1315211	S	34	3	37	0.00000
Arcobacter suis	1278212	S	21	1	22	0.00000
Halarcobacter sp.	2321133	S	809	119	928	0.00002
Halarcobacter ebronensis	1462615	S	225	63	288	0.00001
Halarcobacter bivalviorum	663364	S	174	10	184	0.00000
Halarcobacter anaerophilus	877500	S	31	0	31	0.00000
Malaciobacter molluscorum	1032072	S	377	24	401	0.00001
Malaciobacter mytili	603050	S	228	9	237	0.00000
Malaciobacter pacificus	1080223	S	142	10	152	0.00000
Malaciobacter canalis	1912871	S	83	48	131	0.00000
Malaciobacter marinus	505249	S	73	53	126	0.00000
Malaciobacter halophilus	197482	S	42	8	50	0.00000
Candidatus Marinarcus sp.	3100987	S	400	15	415	0.00001
Poseidonibacter lekithochrous	1904463	S	359	16	375	0.00001
Campylobacter sp. RM16704	1500960	S	155	8	163	0.00000
Campylobacter sp. CCS1377	3158229	S	153	4	157	0.00000
Campylobacter sp. RM12651	1660079	S	79	12	91	0.00000
Campylobacter sp. LH-2024	3239825	S	79	20	99	0.00000
Campylobacter sp. 2014D-0216	1813595	S	44	3	47	0.00000
Campylobacter sp. CS_NA3	2984142	S	33	110	143	0.00000
Campylobacter sp. CN_NE2	2984146	S	24	82	106	0.00000
Campylobacter sp. RM5004	1660078	S	22	4	26	0.00000
Campylobacter lari	201	S	665	25	690	0.00001
Campylobacter concisus	199	S	595	1	596	0.00001
Campylobacter fetus	196	S	417	12	429	0.00001
Campylobacter blaseri	2042961	S	359	3	362	0.00001
Campylobacter ureolyticus	827	S	357	12	369	0.00001
Campylobacter sputorum	206	S	338	8	346	0.00001
Campylobacter vicugnae	1660076	S	315	7	322	0.00001
Campylobacter coli	195	S	279	72	351	0.00001
Campylobacter iguaniorum	1244531	S	194	7	201	0.00000
Campylobacter jejuni	197	S	177	843	1020	0.00002
Campylobacter bilis	2691918	S	173	3	176	0.00000
Campylobacter insulaenigrae	260714	S	159	6	165	0.00000
Campylobacter lanienae	75658	S	126	5	131	0.00000
Campylobacter devanensis	3161138	S	107	3	110	0.00000
Campylobacter curvus	200	S	99	0	99	0.00000
Campylobacter cuniculorum	374106	S	80	1	81	0.00000
Campylobacter armoricus	2505970	S	77	7	84	0.00000
Campylobacter volucris	1031542	S	68	2	70	0.00000
Campylobacter pinnipediorum	1965231	S	66	1	67	0.00000
Campylobacter novaezeelandiae	2267891	S	62	2	64	0.00000
Campylobacter rectus	203	S	54	0	54	0.00000
Campylobacter hyointestinalis	198	S	44	1	45	0.00000
Campylobacter geochelonis	1780362	S	44	0	44	0.00000
Campylobacter hepaticus	1813019	S	32	1	33	0.00000
Campylobacter canadensis	449520	S	27	0	27	0.00000
Campylobacter hominis	76517	S	21	1	22	0.00000
Campylobacter porcelli	1660073	S	21	0	21	0.00000
Campylobacter avium	522485	S	17	1	18	0.00000
Campylobacter helveticus	28898	S	16	3	19	0.00000
Campylobacter gracilis	824	S	14	0	14	0.00000
Campylobacter subantarcticus	497724	S	12	1	13	0.00000
Helicobacter cetorum	138563	S	393	10	403	0.00001
Helicobacter pylori	210	S	389	15	404	0.00001
Helicobacter mastomyrinus	287948	S	250	22	272	0.00001
Helicobacter canadensis	123841	S	193	17	210	0.00000
Helicobacter cholecystus	45498	S	158	3	161	0.00000
Helicobacter felistomachi	3040201	S	142	30	172	0.00000
Helicobacter bilis	37372	S	121	34	155	0.00000
Helicobacter apodemus	135569	S	118	3	121	0.00000
Helicobacter pullorum	35818	S	117	98	215	0.00000
Helicobacter winghamensis	157268	S	96	19	115	0.00000
Helicobacter mustelae	217	S	84	0	84	0.00000
Helicobacter cinaedi	213	S	29	3	32	0.00000
Helicobacter felis	214	S	23	1	24	0.00000
Helicobacter typhlonius	76936	S	11	3	14	0.00000
Wolinella succinogenes	844	S	351	1	352	0.00001
Sulfurimonas lithotrophica	2590022	S	453	37	490	0.00001
Sulfurimonas aquatica	2672570	S	397	46	443	0.00001
Sulfurimonas denitrificans	39766	S	269	53	322	0.00001
Sulfurimonas sp. CS5	3391145	S	120	15	135	0.00000
Sulfurimonas sp.	2022749	S	82	6	88	0.00000
Sulfurimonas marina	2590551	S	173	19	192	0.00000
Sulfurimonas paralvinellae	317658	S	77	12	89	0.00000
Candidatus Sulfurimonas baltica	2740404	S	77	36	113	0.00000
Candidatus Sulfurimonas marisnigri	2740405	S	59	29	88	0.00000
Sulfurimonas gotlandica	1176482	S	31	4	35	0.00000
Sulfurimonas sediminis	2590020	S	26	106	132	0.00000
Sulfurimonas autotrophica	202747	S	20	4	24	0.00000
Candidatus Sulfuricurvum sp. RIFRC-1	1249480	S	283	26	309	0.00001
Sulfuricurvum kujiense	148813	S	53	3	56	0.00000
Sulfonitrofixus jiaomeiensis	3131938	S	57	3	60	0.00000
Hydrocurvibacter sulfurireducens	3131937	S	10	1	11	0.00000
Sulfurospirillum diekertiae	1854492	S	510	26	536	0.00001
Sulfurospirillum sp. 1307	3384764	S	153	6	159	0.00000
Sulfurospirillum sp. UCH001	1581011	S	77	1	78	0.00000
Sulfurospirillum sp. 1612	3094835	S	68	2	70	0.00000
Sulfurospirillum halorespirans	194424	S	211	25	236	0.00000
Sulfurospirillum multivorans	66821	S	103	49	152	0.00000
Sulfurospirillum cavolei	366522	S	35	6	41	0.00000
Sulfurovum lithotrophicum	206403	S	410	85	495	0.00001
Sulfurovum sp. NBC37-1	387093	S	179	41	220	0.00000
Sulfurovum sp. XGS-02	2925411	S	75	2	77	0.00000
Sulfurovum sp. CS9	3391146	S	42	1	43	0.00000
Nitratifractor salsuginis	269261	S	33	2	35	0.00000
Hydrogenimonas thermophila	223786	S	69	3	72	0.00000
Hydrogenimonas urashimensis	2740515	S	56	2	58	0.00000
Hydrogenimonas cancrithermarum	2993563	S	41	1	42	0.00000
Nitrosophilus labii	2706014	S	239	1	240	0.00000
Nitrosophilus kaiyonis	2930200	S	203	13	216	0.00000
Nitrosophilus alvini	2714855	S	22	3	25	0.00000
Nitratiruptor tergarcus	269259	S	42	2	44	0.00000
Nautilia sp. PV-1	2579250	S	243	0	243	0.00000
Nautilia profundicola	244787	S	45	0	45	0.00000
Caminibacter pacificus	1424653	S	114	0	114	0.00000
Caminibacter mediatlanticus	291048	S	10	0	10	0.00000
Treponema sp. HNW	3116654	S	206	13	219	0.00000
Treponema sp. OMZ 788	2563664	S	27	77	104	0.00000
Treponema sp. OMZ 787	2563669	S	20	57	77	0.00000
Treponema phagedenis	162	S	358	6	364	0.00001
Treponema vincentii	69710	S	344	211	555	0.00001
Treponema ruminis	744515	S	247	0	247	0.00000
Treponema pedis	409322	S	229	8	237	0.00000
Treponema peruense	2787628	S	207	1	208	0.00000
Treponema denticola	158	S	186	110	296	0.00001
Treponema putidum	221027	S	164	34	198	0.00000
Treponema parvum	138851	S	163	0	163	0.00000
Treponema succinifaciens	167	S	147	1	148	0.00000
Treponema bryantii	163	S	115	0	115	0.00000
Treponema primitia	88058	S	108	3	111	0.00000
Treponema medium	58231	S	86	22	108	0.00000
Treponema saccharophilum	165	S	70	0	70	0.00000
Treponema brennaborense	81028	S	40	0	40	0.00000
Brucepastera parasyntrophica	2880008	S	113	0	113	0.00000
Borrelia venezuelensis	1653839	S	229	205	434	0.00001
Borrelia turcica	229155	S	148	6	154	0.00000
Borrelia sp. HM	1882662	S	72	35	107	0.00000
Borrelia crocidurae	29520	S	91	27	118	0.00000
Borrelia coriaceae	144	S	61	8	69	0.00000
Borrelia miyamotoi	47466	S	50	1	51	0.00000
Borrelia hermsii	140	S	35	2	37	0.00000
Borrelia recurrentis	44449	S	10	7	17	0.00000
Borreliella yangtzensis	683292	S	231	42	273	0.00001
Borreliella californiensis	373543	S	132	40	172	0.00000
Borreliella tanukii	56146	S	130	32	162	0.00000
Borreliella turdi	57863	S	78	16	94	0.00000
Borreliella bavariensis	664662	S	71	72	143	0.00000
Borreliella valaisiana	62088	S	19	7	26	0.00000
Borreliella burgdorferi	139	S	10	5	15	0.00000
Borreliella bissettiae	64897	S	10	5	15	0.00000
Entomospira nematocerorum	2719987	S	250	0	250	0.00001
Entomospira culicis	2719989	S	20	0	20	0.00000
Thiospirochaeta perfilievii	252967	S	227	0	227	0.00000
Oceanispirochaeta crateris	2518645	S	161	0	161	0.00000
Sediminispirochaeta smaragdinae	55206	S	128	19	147	0.00000
Spirochaeta africana	46355	S	32	0	32	0.00000
Marispirochaeta aestuarii	1963862	S	15	0	15	0.00000
Candidatus Haliotispira prima	3034016	S	12	0	12	0.00000
Salinispira pacifica	1307761	S	11	0	11	0.00000
Sphaerochaeta globosa	1131703	S	385	42	427	0.00001
Sphaerochaeta pleomorpha	1131707	S	361	31	392	0.00001
Parasphaerochaeta coccoides	273376	S	24	0	24	0.00000
Leadbettera azotonutricia	150829	S	392	15	407	0.00001
Gracilinema caldarium	215591	S	135	9	144	0.00000
Breznakiella homolactica	2798577	S	42	1	43	0.00000
Brachyspira pilosicoli	52584	S	757	21	778	0.00002
Brachyspira hyodysenteriae	159	S	432	75	507	0.00001
Brachyspira intermedia	84377	S	344	74	418	0.00001
Brachyspira hampsonii	1287055	S	299	63	362	0.00001
Brachyspira murdochii	84378	S	131	29	160	0.00000
Leptospira sp. GIMC2001	1513297	S	105	0	105	0.00000
Leptospira sp. 'Mane'	3387407	S	87	0	87	0.00000
Leptospira cinconiae	3235173	S	146	0	146	0.00000
Leptospira noguchii	28182	S	101	1	102	0.00000
Leptospira biflexa	172	S	77	0	77	0.00000
Leptospira kobayashii	1917830	S	68	0	68	0.00000
Leptospira tipperaryensis	2564040	S	60	0	60	0.00000
Leptospira kirschneri	29507	S	57	9	66	0.00000
Leptospira santarosai	28183	S	52	0	52	0.00000
Leptospira weilii	28184	S	47	0	47	0.00000
Leptospira interrogans	173	S	18	134	152	0.00000
Leptospira borgpetersenii	174	S	12	0	12	0.00000
Winmispira thermophila	154	S	57	0	57	0.00000
Thermospira aquatica	2828656	S	14	0	14	0.00000
Stieleria maiorica	2795974	S	180	61	241	0.00000
Stieleria neptunia	2527979	S	48	36	84	0.00000
Stieleria marina	1930275	S	22	0	22	0.00000
Stieleria magnilauensis	2527963	S	13	10	23	0.00000
Stieleria varia	2528005	S	10	2	12	0.00000
Rosistilla carotiformis	2528017	S	190	8	198	0.00000
Rosistilla ulvae	1930277	S	33	2	35	0.00000
Roseimaritima multifibrata	1930274	S	120	0	120	0.00000
Roseimaritima ulvae	980254	S	11	0	11	0.00000
Aureliella helgolandensis	2527968	S	127	0	127	0.00000
Bremerella sp. P1	3026424	S	86	28	114	0.00000
Anatilimnocola sp. NA78	3415683	S	37	0	37	0.00000
Anatilimnocola aggregata	2528021	S	21	0	21	0.00000
Mariniblastus fucicola	980251	S	34	0	34	0.00000
Rhodopirellula baltica	265606	S	21	0	21	0.00000
Novipirellula sp. SH528	3454466	S	20	0	20	0.00000
Lignipirellula cremea	2528010	S	16	0	16	0.00000
Blastopirellula sp. J2-11	2943192	S	11	0	11	0.00000
Aeoliella sp. SH292	3454464	S	86	0	86	0.00000
Aeoliella mucimassa	2527972	S	54	0	54	0.00000
Lacipirellula parvula	2650471	S	117	0	117	0.00000
Lacipirellula limnantheis	2528024	S	15	0	15	0.00000
Bythopirellula goksoeyrii	1400387	S	41	0	41	0.00000
Pirellulimonas nuda	2528009	S	11	0	11	0.00000
Gimesia algae	2527971	S	147	5	152	0.00000
Gimesia aquarii	2527964	S	107	0	107	0.00000
Gimesia fumaroli	2527976	S	87	2	89	0.00000
Gimesia panareensis	2527978	S	70	0	70	0.00000
Gimesia chilikensis	2605989	S	70	5	75	0.00000
Gimesia maris	122	S	53	0	53	0.00000
Gimesia alba	2527973	S	42	0	42	0.00000
Polystyrenella longa	2528007	S	137	0	137	0.00000
Planctopirus ephydatiae	2528019	S	102	3	105	0.00000
Rubinisphaera brasiliensis	119	S	88	0	88	0.00000
Alienimonas californiensis	2527989	S	45	0	45	0.00000
Planctomyces sp. SH-PL62	1636152	S	24	1	25	0.00000
Planctomyces sp. SH-PL14	1632864	S	20	0	20	0.00000
Planctomicrobium aquicomposti	3448125	S	18	0	18	0.00000
Symmachiella dynata	2527995	S	37	0	37	0.00000
Maioricimonas rarisocia	2528026	S	25	0	25	0.00000
Caulifigura coniformis	2527983	S	14	0	14	0.00000
Aquisphaera giovannonii	406548	S	403	6	409	0.00001
Singulisphaera sp. Ch08	3120278	S	122	2	124	0.00000
Singulisphaera sp. PoT	3411797	S	71	1	72	0.00000
Singulisphaera acidiphila	466153	S	21	0	21	0.00000
Tautonia plasticadhaerens	2527974	S	36	0	36	0.00000
Tundrisphaera lichenicola	2029860	S	18	0	18	0.00000
Tundrisphaera macrotermitis	3435775	S	17	0	17	0.00000
Paludisphaera borealis	1387353	S	18	0	18	0.00000
Gemmata obscuriglobus	114	S	107	0	107	0.00000
Gemmata massiliana	1210884	S	91	4	95	0.00000
Gemmata sp. SH-PL17	1630693	S	18	0	18	0.00000
Urbifossiella limnaea	2528023	S	148	0	148	0.00000
Limnoglobus roseus	2598579	S	29	0	29	0.00000
Frigoriglobus tundricola	2774151	S	26	0	26	0.00000
Saltatorellus ferox	2528018	S	48	0	48	0.00000
Engelhardtia mirabilis	2528011	S	36	0	36	0.00000
Kolteria novifilia	2527975	S	17	0	17	0.00000
Candidatus Uabimicrobium amorphum	2596890	S	532	1	533	0.00001
Candidatus Uabimicrobium helgolandensis	3095367	S	375	0	375	0.00001
Sedimentisphaera salicampi	1941349	S	107	0	107	0.00000
Sedimentisphaera cyanobacteriorum	1940790	S	17	2	19	0.00000
Limihaloglobus sulfuriphilus	1851148	S	28	0	28	0.00000
Anaerohalosphaera lusitana	1936003	S	17	0	17	0.00000
Humisphaera borealis	2807512	S	55	0	55	0.00000
Fontivita pretiosa	2989684	S	17	0	17	0.00000
Poriferisphaera corsica	2528020	S	29	0	29	0.00000
Phycisphaera mikurensis	547188	S	15	0	15	0.00000
Candidatus Kuenenia stuttgartensis	174633	S	70	0	70	0.00000
Luteolibacter sp. Populi	3230487	S	588	0	588	0.00001
Luteolibacter sp. SL250	2995170	S	105	0	105	0.00000
Luteolibacter sp. AS25	3135776	S	65	0	65	0.00000
Luteolibacter ambystomatis	2824561	S	104	0	104	0.00000
Luteolibacter luteus	2728835	S	35	0	35	0.00000
Verrucomicrobium spinosum	2736	S	462	0	462	0.00001
Haloferula helveola	490095	S	237	0	237	0.00000
Sulfuriroseicoccus oceanibius	2707525	S	66	0	66	0.00000
Roseibacillus persicicus	454148	S	16	0	16	0.00000
Akkermansia sp. N21116	3040764	S	313	73	386	0.00001
Akkermansia glycaniphila	1679444	S	263	2	265	0.00001
Akkermansia muciniphila	239935	S	70	29	99	0.00000
Opitutus terrae	107709	S	125	0	125	0.00000
Opitutus sp. GAS368	1882749	S	24	0	24	0.00000
Horticoccus luteus	2862869	S	49	0	49	0.00000
Horticoccus sp. 23ND18S-11	3391832	S	25	0	25	0.00000
Termitidicoccus mucosus	1184151	S	67	0	67	0.00000
Lotipaludicoccus stagni	3034021	S	25	0	25	0.00000
Oleiharenicola sp. Vm1	3398393	S	22	0	22	0.00000
Lacunisphaera limnophila	1838286	S	19	0	19	0.00000
Actomonas aquatica	2866162	S	14	0	14	0.00000
Nibricoccus aquaticus	2576891	S	13	0	13	0.00000
Synoicihabitans lomoniglobus	2909285	S	11	0	11	0.00000
Congregicoccus parvus	3081749	S	11	0	11	0.00000
Coraliomargarita sp. W4R53	3473458	S	53	9	62	0.00000
Coraliomargarita algicola	3092156	S	39	0	39	0.00000
Coraliomargarita akajimensis	395922	S	36	0	36	0.00000
Ruficoccus sp. ZRK36	2866311	S	11	0	11	0.00000
Candidatus Pelagisphaera phototrophica	2684113	S	10	0	10	0.00000
Methylacidiphilum caldifontis	2795386	S	50	0	50	0.00000
Chlamydia serpentis	1967782	S	263	8	271	0.00001
Chlamydia crocodili	2766982	S	68	140	208	0.00000
Chlamydia buteonis	2494525	S	55	8	63	0.00000
Chlamydia trachomatis	813	S	53	6	59	0.00000
Chlamydia sp. 12-01	3002742	S	47	2	49	0.00000
Chlamydia gallinacea	1457153	S	37	1	38	0.00000
Chlamydia poikilotherma	1967783	S	10	0	10	0.00000
Parachlamydia acanthamoebae	83552	S	123	0	123	0.00000
Neochlamydia sp. S13	1353976	S	71	0	71	0.00000
Candidatus Protochlamydia amoebophila	362787	S	13	0	13	0.00000
Simkania sp.	34094	S	88	1	89	0.00000
Candidatus Rhabdochlamydia porcellionis	225148	S	34	0	34	0.00000
Waddlia chondrophila	71667	S	13	0	13	0.00000
Tichowtungia aerotolerans	2697043	S	272	0	272	0.00001
Candidatus Velamenicoccus archaeovorus	1930593	S	257	0	257	0.00001
Lentisphaera profundi	1658616	S	61	0	61	0.00000
Desulfovibrio desulfuricans	876	S	542	274	816	0.00002
Desulfovibrio piger	901	S	42	28	70	0.00000
Desulfovibrio mangrovi	2976983	S	29	6	35	0.00000
Desulfovibrio subterraneus	2718620	S	13	2	15	0.00000
Pseudodesulfovibrio mercurii	641491	S	179	11	190	0.00000
Pseudodesulfovibrio sp. zrk46	2725288	S	69	6	75	0.00000
Pseudodesulfovibrio nedwellii	2973072	S	123	3	126	0.00000
Pseudodesulfovibrio piezophilus	879567	S	93	5	98	0.00000
Pseudodesulfovibrio tunisiensis	463192	S	79	4	83	0.00000
uncultured Pseudodesulfovibrio sp.	2035858	S	64	4	68	0.00000
Pseudodesulfovibrio sediminis	2810563	S	46	1	47	0.00000
Pseudodesulfovibrio methanolicus	3126690	S	21	17	38	0.00000
Maridesulfovibrio sp.	2795000	S	250	212	462	0.00001
Maridesulfovibrio sp. FT414	2979469	S	49	3	52	0.00000
Maridesulfovibrio salexigens	880	S	41	2	43	0.00000
Maridesulfovibrio hydrothermalis	191026	S	17	0	17	0.00000
Nitratidesulfovibrio vulgaris	881	S	341	49	390	0.00001
Solidesulfovibrio sp. DCME	3447380	S	193	6	199	0.00000
Solidesulfovibrio carbinoliphilus	345370	S	58	3	61	0.00000
Solidesulfovibrio carbinolicus	296842	S	20	5	25	0.00000
Bilophila wadsworthia	35833	S	280	6	286	0.00001
Halodesulfovibrio aestuarii	126333	S	157	16	173	0.00000
Lawsonia intracellularis	29546	S	98	4	102	0.00000
Salidesulfovibrio onnuriiensis	2583823	S	41	8	49	0.00000
Megalodesulfovibrio gigas	879	S	40	0	40	0.00000
Oleidesulfovibrio alaskensis	58180	S	26	45	71	0.00000
Taurinivorans muris	2787751	S	25	2	27	0.00000
Desulfocurvibacter africanus	873	S	16	0	16	0.00000
uncultured Mailhella sp.	1981031	S	16	19	35	0.00000
Desulfomicrobium baculatum	899	S	97	6	103	0.00000
Desulfomicrobium orale	132132	S	36	0	36	0.00000
Syntrophotalea carbinolica	19	S	960	1	961	0.00002
Syntrophotalea acetylenica	29542	S	63	1	64	0.00000
Syntrophotalea acetylenivorans	1842532	S	40	0	40	0.00000
Desulfuromonas sp. DDH964	1823759	S	188	0	188	0.00000
Desulfuromonas sp. AOP6	1566351	S	45	0	45	0.00000
Desulfuromonas versatilis	2802975	S	87	0	87	0.00000
Geoalkalibacter subterraneus	483547	S	190	10	200	0.00000
Geoalkalibacter halelectricus	2847045	S	29	0	29	0.00000
Geotalea uraniireducens	351604	S	218	1	219	0.00000
Geotalea daltonii	1203471	S	72	0	72	0.00000
Trichlorobacter lovleyi	313985	S	191	3	194	0.00000
Trichlorobacter ammonificans	2916410	S	92	0	92	0.00000
Geobacter sp. FeAm09	2597769	S	73	1	74	0.00000
Geobacter sp. SVR	2495594	S	13	0	13	0.00000
Geobacter anodireducens	1340425	S	34	5	39	0.00000
Geobacter sulfurreducens	35554	S	31	12	43	0.00000
Geobacter metallireducens	28232	S	10	0	10	0.00000
Geobacter pickeringii	345632	S	10	0	10	0.00000
Citrifermentans bemidjiense	225194	S	92	2	94	0.00000
Citrifermentans bremense	60035	S	66	1	67	0.00000
Geomonas subterranea	2847989	S	33	20	53	0.00000
Geomonas sp. RF6	2897342	S	10	0	10	0.00000
Desulforapulum autotrophicum	2296	S	348	2	350	0.00001
uncultured Desulfobacter sp.	240139	S	105	1	106	0.00000
Desulfobacter postgatei	2293	S	20	0	20	0.00000
Desulfobacula toluolica	28223	S	72	0	72	0.00000
Desulfonema limicola	45656	S	284	0	284	0.00001
Desulfonema magnum	45655	S	98	0	98	0.00000
Desulfococcus multivorans	897	S	34	0	34	0.00000
Desulfosarcina variabilis	2300	S	93	0	93	0.00000
Desulfosarcina widdelii	947919	S	76	0	76	0.00000
Desulfosarcina ovata	83564	S	65	0	65	0.00000
Desulfosarcina sp. BuS5	933262	S	23	0	23	0.00000
Desulfosarcina alkanivorans	571177	S	21	0	21	0.00000
Desulfatibacillum aliphaticivorans	218208	S	62	0	62	0.00000
Desulfopila sp. IMCC35008	2653858	S	348	1	349	0.00001
Desulfotalea psychrophila	84980	S	134	0	134	0.00000
Desulfofustis limnaeus	2740163	S	65	0	65	0.00000
Desulfosediminicola flagellatus	2569541	S	49	0	49	0.00000
Desulfocapsa sulfexigens	65555	S	40	0	40	0.00000
Desulforhopalus sp. 52FAK	3470062	S	38	0	38	0.00000
Candidatus Electrothrix sp. GW3-4	3126740	S	203	0	203	0.00000
Desulfobulbus oralis	1986146	S	140	0	140	0.00000
Desulfobulbus propionicus	894	S	35	0	35	0.00000
Desulfomarina profundi	2772557	S	56	0	56	0.00000
Thiovibrio sp. JS02	3462383	S	60	2	62	0.00000
Thermodesulfobacterium sp. TA1	2234087	S	81	0	81	0.00000
Thermodesulfobacterium geofontis	1295609	S	63	0	63	0.00000
Thermosulfurimonas marina	2047767	S	12	0	12	0.00000
Desulfobacca acetoxidans	60893	S	131	0	131	0.00000
Syntrophobacter fumaroxidans	119484	S	31	0	31	0.00000
Syntrophus buswellii	43774	S	27	0	27	0.00000
Candidatus Desulfofervidus auxilii	1621989	S	26	0	26	0.00000
Desulfoferula mesophila	3058419	S	20	0	20	0.00000
Dissulfuribacter thermophilus	1156395	S	15	0	15	0.00000
Desulfomonile tiedjei	2358	S	14	0	14	0.00000
Sorangium sp. So ce124	3133280	S	621	152	773	0.00002
Sorangium sp. So ce1182	3133334	S	373	66	439	0.00001
Sorangium sp. So ce513	3133315	S	181	8	189	0.00000
Sorangium sp. So ce385	3133308	S	147	45	192	0.00000
Sorangium sp. So ce854	3133322	S	119	9	128	0.00000
Sorangium sp. So ce291	3133294	S	98	9	107	0.00000
Sorangium sp. So ce381	3133307	S	50	13	63	0.00000
Sorangium sp. So ce131	3133282	S	31	1	32	0.00000
Sorangium sp. So ce1153	3133333	S	26	3	29	0.00000
Sorangium sp. So ce204	3133288	S	26	27	53	0.00000
Sorangium sp. So ce375	3133306	S	20	0	20	0.00000
Sorangium sp. So ce1099	3133331	S	20	1	21	0.00000
Sorangium sp. So ce1389	3133336	S	17	1	18	0.00000
Sorangium sp. So ce861	3133323	S	17	4	21	0.00000
Sorangium sp. So ce119	3133279	S	16	6	22	0.00000
Sorangium sp. So ce321	3133300	S	14	2	16	0.00000
Sorangium sp. So ce726	3133319	S	12	1	13	0.00000
Sorangium sp. So ce1335	3133335	S	11	0	11	0.00000
Sorangium sp. So ce341	3133302	S	11	5	16	0.00000
Sorangium sp. So ce388	3133309	S	11	1	12	0.00000
Sorangium sp. So ce1151	3133332	S	10	1	11	0.00000
Sorangium cellulosum	56	S	620	684	1304	0.00003
Polyangium aurulentum	2567896	S	177	0	177	0.00000
Chondromyces crocatus	52	S	102	0	102	0.00000
Pajaroellobacter abortibovis	1882918	S	35	0	35	0.00000
Sandaracinus amylolyticus	927083	S	521	1	522	0.00001
Labilithrix luteola	1391654	S	56	0	56	0.00000
Nannocystis pusilla	889268	S	309	9	318	0.00001
Nannocystis punicea	2995304	S	111	3	114	0.00000
Haliangium ochraceum	80816	S	72	0	72	0.00000
Corallococcus sp. NCRR	2996782	S	221	80	301	0.00001
Corallococcus sp. M7	3569262	S	34	13	47	0.00000
Corallococcus sp. EGB	1521117	S	10	1	11	0.00000
Corallococcus exercitus	2316736	S	170	27	197	0.00000
Corallococcus macrosporus	35	S	115	54	169	0.00000
Corallococcus coralloides	184914	S	20	14	34	0.00000
Corallococcus exiguus	83462	S	16	3	19	0.00000
Myxococcus stipitatus	83455	S	83	42	125	0.00000
Myxococcus faecalis	3115646	S	37	4	41	0.00000
Myxococcus xanthus	34	S	13	208	221	0.00000
Myxococcus landrumensis	2813577	S	12	15	27	0.00000
Pyxidicoccus parkwayensis	2813578	S	142	5	147	0.00000
Pseudomyxococcus flavus	3115648	S	23	5	28	0.00000
Pseudomyxococcus hansupus	1297742	S	13	2	15	0.00000
Archangium violaceum	83451	S	123	601	724	0.00001
Archangium gephyra	48	S	33	21	54	0.00000
Melittangium boletus	83453	S	232	6	238	0.00000
Cystobacter fuscus	43	S	168	8	176	0.00000
Stigmatella aurantiaca	41	S	70	2	72	0.00000
Anaeromyxobacter oryzae	2918170	S	182	2	184	0.00000
Anaeromyxobacter paludicola	2918171	S	162	1	163	0.00000
Anaeromyxobacter dehalogenans	161493	S	21	8	29	0.00000
Vulgatibacter incomptus	1391653	S	11	0	11	0.00000
Pendulispora brunnea	2905690	S	209	0	209	0.00000
Pendulispora albinea	2741071	S	85	0	85	0.00000
Pendulispora rubella	2741070	S	66	0	66	0.00000
Tunturiibacter empetritectus	3069691	S	256	8	264	0.00001
Tunturiibacter lichenicola	2051959	S	86	3	89	0.00000
Tunturiibacter gelidiferens	3069689	S	37	1	38	0.00000
Tunturiibacter psychrotolerans	3069686	S	28	1	29	0.00000
Acidobacterium capsulatum	33075	S	257	0	257	0.00001
Edaphobacter sp. 12200R-103	2703788	S	139	0	139	0.00000
Edaphobacter paludis	3035702	S	91	0	91	0.00000
Edaphobacter albus	2763071	S	21	0	21	0.00000
Telmatobacter bradus	474953	S	234	0	234	0.00000
Granulicella sp. 5B5	1617967	S	174	0	174	0.00000
Granulicella tundricola	940615	S	17	0	17	0.00000
Granulicella mallensis	940614	S	14	0	14	0.00000
Terriglobus roseus	392734	S	76	0	76	0.00000
Terriglobus sp.	1889013	S	68	0	68	0.00000
Alloacidobacterium dinghuense	2763107	S	65	0	65	0.00000
Silvibacterium acidisoli	2883246	S	40	0	40	0.00000
Occallatibacter riparius	1002689	S	14	0	14	0.00000
Paludibaculum fermentans	1473598	S	93	0	93	0.00000
Geothrix sp. 21YS21S-2	3068893	S	486	0	486	0.00001
Geothrix sp.	1962974	S	192	1	193	0.00000
Geothrix sp. 21YS21S-4	3068889	S	60	0	60	0.00000
Geothrix sp. PMB-07	3068640	S	39	0	39	0.00000
Mesoterricola silvestris	2927979	S	79	0	79	0.00000
Mesoterricola sediminis	2927980	S	40	0	40	0.00000
Acanthopleuribacter pedis	442870	S	322	0	322	0.00001
Sulfidibacter corallicola	2818388	S	22	0	22	0.00000
Thermotomaculum hydrothermale	981385	S	120	0	120	0.00000
Candidatus Chloracidobacterium aggregatum	2821541	S	260	5	265	0.00001
Luteitalea sp. TBR-22	2802971	S	34	0	34	0.00000
Luteitalea pratensis	1855912	S	27	0	27	0.00000
Bdellovibrio sp. HCB-162	3394234	S	497	25	522	0.00001
Bdellovibrio sp. HCB209	3394354	S	153	7	160	0.00000
Bdellovibrio sp. HCB288	3394355	S	128	6	134	0.00000
Bdellovibrio sp. HCB117	3394359	S	76	37	113	0.00000
Bdellovibrio sp. KM01	2748865	S	60	9	69	0.00000
Bdellovibrio sp. ZAP7	2231053	S	19	2	21	0.00000
Bdellovibrio sp. SKB1291214	1732569	S	17	0	17	0.00000
Bdellovibrio sp. HCB337	3394358	S	13	0	13	0.00000
Bdellovibrio bacteriovorus	959	S	240	265	505	0.00001
Bdellovibrio reynosensis	2835041	S	173	4	177	0.00000
Micavibrio aeruginosavorus	349221	S	133	0	133	0.00000
Pseudobdellovibrio sp. HCB154	3386277	S	70	0	70	0.00000
Pigmentibacter ruber	2683196	S	202	213	415	0.00001
Pigmentibacter sp. JX0631	2976982	S	65	67	132	0.00000
Silvanigrella aquatica	1915309	S	160	0	160	0.00000
Fluviispira sanaruensis	2493639	S	61	0	61	0.00000
Halobacteriovorax sp. BALOs_7	2109558	S	135	0	135	0.00000
Halobacteriovorax marinus	97084	S	105	0	105	0.00000
Peredibacter sp. HCB2-198	3383025	S	71	1	72	0.00000
Peredibacter starrii	28202	S	14	0	14	0.00000
Bacteriovorax stolpii	960	S	45	0	45	0.00000
Hydrogenobaculum sp. Y04AAS1	380749	S	215	2	217	0.00000
Hydrogenobacter thermophilus	940	S	179	1	180	0.00000
Thermocrinis minervae	381751	S	14	0	14	0.00000
Sulfurihydrogenibium azorense	309806	S	246	0	246	0.00000
Sulfurihydrogenibium sp. YO3AOP1	436114	S	133	0	133	0.00000
Persephonella marina	309805	S	11	0	11	0.00000
Desulfurobacterium thermolithotrophum	64160	S	157	0	157	0.00000
Nitrospira sp. Ecomares 2.1	985252	S	263	2	265	0.00001
Nitrospira sp. KM1	1936990	S	55	0	55	0.00000
Nitrospira sp. Nam80	3397804	S	38	0	38	0.00000
Nitrospira sp. Kam-Ns4a	3397801	S	19	0	19	0.00000
Nitrospira sp. M1	3397806	S	10	0	10	0.00000
Nitrospira moscoviensis	42253	S	17	0	17	0.00000
Candidatus Nitrospira inopinata	1715989	S	17	0	17	0.00000
Candidatus Nitrospira neomarina	3020899	S	13	0	13	0.00000
Candidatus Nitrospira bockiana	463288	S	12	0	12	0.00000
Leptospirillum ferrooxidans	180	S	76	4	80	0.00000
Candidatus Magnetomonas plexicatena	2552947	S	22	0	22	0.00000
Thermodesulfovibrio autotrophicus	3118333	S	90	0	90	0.00000
Thermodesulfovibrio obliviosus	3118332	S	71	0	71	0.00000
Thermodesulfovibrio yellowstonii	28262	S	43	0	43	0.00000
Dissulfurispira thermophila	2715679	S	129	0	129	0.00000
Thermodesulfobium narugense	184064	S	355	6	361	0.00001
Thermodesulfobium acidiphilum	1794699	S	156	2	158	0.00000
Dictyoglomus sp. DH	3683362	S	80	250	330	0.00001
Dictyoglomus sp. LHC4	3683364	S	69	15	84	0.00000
Dictyoglomus thermophilum	14	S	46	0	46	0.00000
Dictyoglomus turgidum	513050	S	46	0	46	0.00000
Geovibrio thiophilus	139438	S	187	0	187	0.00000
Mucispirillum schaedleri	248039	S	130	0	130	0.00000
Deferribacter desulfuricans	197162	S	74	0	74	0.00000
Calditerrivibrio nitroreducens	477976	S	27	0	27	0.00000
Thermatribacter velox	3039681	S	173	2	175	0.00000
Atribacter laminatus	2847778	S	42	0	42	0.00000
Candidatus Caldatribacterium saccharofermentans	1454753	S	40	0	40	0.00000
Desulfurispirillum indicum	936456	S	248	0	248	0.00001
Caldithrix abyssi	187145	S	168	0	168	0.00000
Elusimicrobium minutum	423605	S	66	0	66	0.00000
Elusimicrobium posterum	3116653	S	23	0	23	0.00000
Thermosulfidibacter takaii	412593	S	61	0	61	0.00000
Thermomicrobium roseum	500	S	13	0	13	0.00000
Caldisericum exile	693075	S	18	0	18	0.00000
Zhurongbacter thermophilus	2681877	S	13	0	13	0.00000
Nitrospina watsonii	1323948	S	13	0	13	0.00000
Coprothermobacter proteolyticus	35786	S	11	0	11	0.00000
Allocoprobacillus halotolerans	2944914	S	189552	12404	201956	0.00407
Hoskinsella hominis	2764325	S	83517	31420	114937	0.00232
Amedibacterium intestinale	2583452	S	29343	6774	36117	0.00073
Longicatena caecimuris	1796635	S	21544	7981	29525	0.00060
Erysipelothrix sp. HDW6A	2714928	S	2030	15	2045	0.00004
Erysipelothrix sp. HDW6C	2714930	S	1372	25	1397	0.00003
Erysipelothrix sp. HDW6B	2714929	S	967	26	993	0.00002
Erysipelothrix sp. P66	3141531	S	11	163	174	0.00000
Erysipelothrix inopinata	225084	S	2676	52	2728	0.00006
Erysipelothrix larvae	1514105	S	2525	109	2634	0.00005
Erysipelothrix rhusiopathiae	1648	S	367	800	1167	0.00002
Erysipelothrix amsterdamensis	2929157	S	186	1123	1309	0.00003
Erysipelothrix piscisicarius	2485784	S	153	1077	1230	0.00002
Massilimicrobiota timonensis	1776392	S	13438	79750	93188	0.00188
Intestinibaculum porci	2487118	S	11758	173	11931	0.00024
Bulleidia sp. zg-1006	2806552	S	2071	126	2197	0.00004
Solobacterium moorei	102148	S	1375	459	1834	0.00004
Allobaculum mucilyticum	2834459	S	1116	22	1138	0.00002
Allobaculum sp. Allo2	2853432	S	187	2	189	0.00000
Holdemania massiliensis	1468449	S	576	91	667	0.00001
Faecalibaculum rodentium	1702221	S	275	12	287	0.00001
Thomasclavelia ramosa	1547	S	67969	10507	78476	0.00158
Thomasclavelia spiroformis	29348	S	53739	9020	62759	0.00127
Erysipelatoclostridium sp. An173	1965571	S	51028	5446	56474	0.00114
Faecalibacillus intestinalis	1982626	S	75444	19992	95436	0.00193
Tannockella kyphosi	2899121	S	52691	1421	54112	0.00109
Catenibacterium mitsuokai	100886	S	14124	8528	22652	0.00046
Catenibacterium sp. co_0103	2478954	S	11932	8971	20903	0.00042
Turicibacter sp. TJ11	2806443	S	1911	309	2220	0.00004
Turicibacter sp. H121	1712675	S	74	452	526	0.00001
Turicibacter sp. KK003	3114695	S	29	140	169	0.00000
Turicibacter sanguinis	154288	S	2070	69	2139	0.00004
Turicibacter bilis	2735723	S	840	1757	2597	0.00005
Turicibacter faecis	2963365	S	12	59	71	0.00000
Bacillus mycoides	1405	S	2135	798	2933	0.00006
Bacillus cereus	1396	S	1695	2744	4439	0.00009
Bacillus pseudomycoides	64104	S	1288	63	1351	0.00003
Bacillus thuringiensis	1428	S	986	1769	2755	0.00006
Bacillus cytotoxicus	580165	S	789	43	832	0.00002
Bacillus manliponensis	574376	S	454	27	481	0.00001
Bacillus sp. JAS24-2	2217832	S	234	221	455	0.00001
Bacillus cereus group sp. BfR-BA-01700	3094884	S	42	17	59	0.00000
Bacillus paramycoides	2026194	S	192	35	227	0.00000
Bacillus wiedmannii	1890302	S	186	92	278	0.00001
Bacillus toyonensis	155322	S	185	93	278	0.00001
Bacillus anthracis	1392	S	164	3456	3620	0.00007
Bacillus paramobilis	2817477	S	163	35	198	0.00000
Bacillus nitratireducens	2026193	S	150	32	182	0.00000
Bacillus tropicus	2026188	S	119	117	236	0.00000
Bacillus pacificus	2026187	S	96	44	140	0.00000
Bacillus paranthracis	2026186	S	20	54	74	0.00000
Bacillus altaicus	3683351	S	11	13	24	0.00000
Bacillus luti	2026191	S	10	1	11	0.00000
Bacillus sp. AK128	2937821	S	1015	100	1115	0.00002
Bacillus sp. T3	467262	S	663	74	737	0.00001
Bacillus sp. FJAT-22090	1581038	S	477	75	552	0.00001
Bacillus sp. 1NLA3E	666686	S	466	59	525	0.00001
Bacillus sp. DTU_2020_1000418_1_SI_GHA_SEK_038	3077585	S	394	55	449	0.00001
Bacillus sp. AK031	2937819	S	358	41	399	0.00001
Bacillus sp. Y1	352858	S	342	29	371	0.00001
Bacillus sp. THAF10	2587848	S	297	32	329	0.00001
Bacillus sp. S3	486398	S	292	35	327	0.00001
Bacillus sp. NEB1478	3073816	S	187	43	230	0.00000
Bacillus sp. KH172YL63	2709784	S	149	20	169	0.00000
Bacillus sp. OxB-1	98228	S	142	18	160	0.00000
Bacillus sp. DX3.1	3052091	S	111	10	121	0.00000
Bacillus sp. FJAT-42376	2014076	S	104	12	116	0.00000
Bacillus sp. SG20001	3074204	S	95	1005	1100	0.00002
Bacillus sp. FJAT-18017	1705566	S	86	8	94	0.00000
Bacillus sp. FSL W8-0920	2954636	S	53	150	203	0.00000
Bacillus sp. SG20033	3366583	S	38	92	130	0.00000
Bacillus sp. FSL K6-3149	2921488	S	37	97	134	0.00000
Bacillus sp. FSL K6-0972	2921562	S	34	21	55	0.00000
Bacillus sp. ZJS3	2928154	S	34	7	41	0.00000
Bacillus sp. N1-1	2682541	S	33	13	46	0.00000
Bacillus sp. 3G2	3375707	S	23	3	26	0.00000
Bacillus sp. MAG717A	3122078	S	20	13	33	0.00000
Bacillus sp. Cs-700	2589818	S	17	8	25	0.00000
Bacillus sp. N6	127893	S	14	19	33	0.00000
Bacillus sp. FCW2	2867004	S	13	134	147	0.00000
Bacillus sp. FSL W7-1085	2921694	S	11	22	33	0.00000
Bacillus velezensis	492670	S	332	1645	1977	0.00004
Bacillus amyloliquefaciens	1390	S	106	459	565	0.00001
Bacillus siamensis	659243	S	17	11	28	0.00000
Bacillus atrophaeus	1452	S	388	29	417	0.00001
Bacillus inaquosorum	483913	S	299	29	328	0.00001
Bacillus subtilis	1423	S	270	1131	1401	0.00003
Bacillus spizizenii	96241	S	203	22	225	0.00000
Bacillus halotolerans	260554	S	92	37	129	0.00000
Bacillus paralicheniformis	1648923	S	66	125	191	0.00000
Bacillus tequilensis	227866	S	29	1	30	0.00000
Bacillus licheniformis	1402	S	28	169	197	0.00000
Bacillus vallismortis	72361	S	21	2	23	0.00000
Bacillus weihaiensis	1547283	S	1019	125	1144	0.00002
Bacillus carboniphilus	86663	S	785	23	808	0.00002
Bacillus shivajii	1983719	S	647	56	703	0.00001
Bacillus safensis	561879	S	570	477	1047	0.00002
Bacillus arachidis	2819290	S	534	21	555	0.00001
Bacillus pumilus	1408	S	523	154	677	0.00001
Bacillus aquiflavi	2672567	S	467	35	502	0.00001
Bacillus smithii	1479	S	445	442	887	0.00002
Bacillus glycinifermentans	1664069	S	364	93	457	0.00001
Bacillus fonticola	2728853	S	272	14	286	0.00001
Bacillus infantis	324767	S	201	19	220	0.00000
Bacillus kandeliae	3129297	S	198	30	228	0.00000
Bacillus methanolicus	1471	S	191	45	236	0.00000
Bacillus pretiosus	2983392	S	178	100	278	0.00001
Bacillus altitudinis	293387	S	135	109	244	0.00000
Bacillus gobiensis	1441095	S	96	4	100	0.00000
Bacillus haimaensis	3160967	S	95	10	105	0.00000
Bacillus cabrialesii	2487276	S	70	3	73	0.00000
Bacillus aerius	293388	S	55	20	75	0.00000
Bacillus maqinnsis	3229854	S	54	2	56	0.00000
Bacillus swezeyi	1925020	S	37	1	38	0.00000
Bacillus rugosus	2715209	S	11	0	11	0.00000
Bacillus zhangzhouensis	1178540	S	10	0	10	0.00000
Lysinibacillus sp. SGAir0095	2070463	S	765	258	1023	0.00002
Lysinibacillus sp. LZ02	3420668	S	715	97	812	0.00002
Lysinibacillus sp. Ag94	2936682	S	597	46	643	0.00001
Lysinibacillus sp. 2017	2169540	S	491	146	637	0.00001
Lysinibacillus sp. 38-6	3385991	S	116	11	127	0.00000
Lysinibacillus sp. FSL K6-4013	2921504	S	67	611	678	0.00001
Lysinibacillus sp. YS11	2072025	S	53	478	531	0.00001
Lysinibacillus sp. FSL H8-0500	2921393	S	50	26	76	0.00000
Lysinibacillus sp. RS11	3242682	S	39	45	84	0.00000
Lysinibacillus sp. JNUCC 51	2792479	S	37	17	54	0.00000
Lysinibacillus sp. CD3-6	2892541	S	20	235	255	0.00001
Lysinibacillus sp. Y5S-8	3122488	S	16	71	87	0.00000
Lysinibacillus fusiformis	28031	S	1422	666	2088	0.00004
Lysinibacillus telephonicus	1714840	S	839	117	956	0.00002
Lysinibacillus pakistanensis	759811	S	581	57	638	0.00001
Lysinibacillus parviboronicapiens	436516	S	484	37	521	0.00001
Lysinibacillus capsici	2115968	S	471	2603	3074	0.00006
Lysinibacillus canaveralius	3132284	S	367	80	447	0.00001
Lysinibacillus xylanilyticus	582475	S	262	59	321	0.00001
Lysinibacillus sphaericus	1421	S	214	652	866	0.00002
Lysinibacillus louembei	1470088	S	176	40	216	0.00000
Lysinibacillus macroides	33935	S	139	65	204	0.00000
Lysinibacillus agricola	2590012	S	127	14	141	0.00000
Lysinibacillus irui	2998077	S	110	90	200	0.00000
Neobacillus sp. WH10	3047873	S	841	159	1000	0.00002
Neobacillus sp. PS2-9	3070676	S	813	266	1079	0.00002
Neobacillus sp. D3-1R	3445778	S	533	91	624	0.00001
Neobacillus sp. DY30	3047871	S	516	153	669	0.00001
Neobacillus sp. PS3-12	3070677	S	477	74	551	0.00001
Neobacillus sp. OS1-33	3070683	S	477	173	650	0.00001
Neobacillus sp. PS3-40	3070679	S	423	52	475	0.00001
Neobacillus sp. YX16	3047874	S	401	113	514	0.00001
Neobacillus sp. OS1-2	3070680	S	359	61	420	0.00001
Neobacillus sp. PS3-34	3070678	S	320	43	363	0.00001
Neobacillus sp. OS1-32	3070682	S	234	31	265	0.00001
Neobacillus sp. 114	3048535	S	222	213	435	0.00001
Neobacillus sp. SuZ13	3047875	S	218	65	283	0.00001
Neobacillus sp. FSL H8-0543	2954672	S	194	38	232	0.00000
Neobacillus sp. C211	3450747	S	158	21	179	0.00000
Neobacillus sp. SAB-20_R2A	3120519	S	90	91	181	0.00000
Neobacillus novalis	220687	S	514	59	573	0.00001
Neobacillus phoenicis	3132265	S	437	111	548	0.00001
Neobacillus drentensis	220684	S	374	62	436	0.00001
Neobacillus mesonae	1193713	S	346	39	385	0.00001
Neobacillus cucumis	1740721	S	326	4	330	0.00001
Neobacillus niacini	86668	S	322	66	388	0.00001
Neobacillus oceani	3115292	S	256	19	275	0.00001
Niallia sp. Kr1	3064703	S	1332	111	1443	0.00003
Niallia sp. Man26	2912824	S	1033	220	1253	0.00003
Niallia sp. RD1	2962858	S	492	191	683	0.00001
Niallia sp. XMNu-256	3082444	S	484	29	513	0.00001
Niallia taxi	2499688	S	1157	188	1345	0.00003
Niallia circulans	1397	S	1017	140	1157	0.00002
Niallia tiangongensis	3237105	S	932	63	995	0.00002
Niallia oryzisoli	1737571	S	433	39	472	0.00001
Oceanobacillus sp. FSL K6-3682	2921503	S	743	60	803	0.00002
Oceanobacillus sp. FSL K6-2867	2954748	S	638	99	737	0.00001
Oceanobacillus sp. FSL H7-0719	2954507	S	352	31	383	0.00001
Oceanobacillus sp. FSL K6-0127	2921420	S	110	305	415	0.00001
Oceanobacillus sp. FSL W7-1304	2975322	S	54	162	216	0.00000
Oceanobacillus sp. FSL W7-1293	2921699	S	29	79	108	0.00000
Oceanobacillus sp. FSL W7-1281	2921698	S	10	31	41	0.00000
Oceanobacillus kapialis	481353	S	1100	121	1221	0.00002
Oceanobacillus iheyensis	182710	S	838	84	922	0.00002
Oceanobacillus jeddahense	1462527	S	800	119	919	0.00002
Oceanobacillus oncorhynchi	545501	S	544	591	1135	0.00002
Oceanobacillus kimchii	746691	S	368	66	434	0.00001
Oceanobacillus zhaokaii	2052660	S	321	19	340	0.00001
Priestia filamentosa	1402861	S	2034	61	2095	0.00004
Priestia megaterium	1404	S	1548	788	2336	0.00005
Priestia aryabhattai	412384	S	752	876	1628	0.00003
Priestia koreensis	284581	S	441	42	483	0.00001
Priestia flexa	86664	S	389	79	468	0.00001
Priestia sp. MF3	3404779	S	123	533	656	0.00001
Peribacillus sp. JNUCC 23	3467595	S	680	65	745	0.00002
Peribacillus sp. R9-11	3073271	S	249	150	399	0.00001
Peribacillus sp. FSL E2-0218	2921364	S	204	26	230	0.00000
Peribacillus sp. B-H-3	3400420	S	163	21	184	0.00000
Peribacillus sp. RS7	3242679	S	152	39	191	0.00000
Peribacillus frigoritolerans	450367	S	1226	846	2072	0.00004
Peribacillus simplex	1478	S	777	600	1377	0.00003
Peribacillus asahii	228899	S	700	132	832	0.00002
Peribacillus sedimenti	3115297	S	260	24	284	0.00001
Peribacillus psychrosaccharolyticus	1407	S	255	29	284	0.00001
Peribacillus muralis	264697	S	221	12	233	0.00000
Metabacillus halosaccharovorans	930124	S	821	235	1056	0.00002
Metabacillus sediminilitoris	2567941	S	620	77	697	0.00001
Metabacillus litoralis	152268	S	518	214	732	0.00001
Metabacillus sp. B2-18	2897333	S	272	308	580	0.00001
Metabacillus sp. cB07	2806989	S	165	369	534	0.00001
Metabacillus rhizosphaerae	3117747	S	304	741	1045	0.00002
Metabacillus elymi	2745198	S	198	470	668	0.00001
Metabacillus dongyingensis	2874282	S	69	340	409	0.00001
Metabacillus endolithicus	1535204	S	59	31	90	0.00000
Metabacillus hrfriensis	3048891	S	17	116	133	0.00000
Metabacillus sediminis	3117746	S	14	1	15	0.00000
Virgibacillus sp. MSP4-1	2700081	S	391	16	407	0.00001
Virgibacillus sp. Bac330	2419841	S	281	120	401	0.00001
Virgibacillus sp. SK37	403957	S	166	134	300	0.00001
Virgibacillus sp. CBA3643	2942278	S	40	427	467	0.00001
Virgibacillus sp. 6R	1911587	S	33	803	836	0.00002
Virgibacillus necropolis	163877	S	688	39	727	0.00001
Virgibacillus flavescens	1611422	S	670	29	699	0.00001
Virgibacillus halodenitrificans	1482	S	358	144	502	0.00001
Virgibacillus dokdonensis	302167	S	239	109	348	0.00001
Virgibacillus phasianinus	2017483	S	173	9	182	0.00000
Virgibacillus salidurans	2831673	S	114	6	120	0.00000
Virgibacillus natechei	1216297	S	80	267	347	0.00001
Cytobacillus praedii	1742358	S	674	72	746	0.00002
Cytobacillus spongiae	2901381	S	483	41	524	0.00001
Cytobacillus kochii	859143	S	415	242	657	0.00001
Cytobacillus firmus	1399	S	394	93	487	0.00001
Cytobacillus solani	1637975	S	345	50	395	0.00001
Cytobacillus horneckiae	549687	S	298	45	343	0.00001
Cytobacillus sp. BC1816	3440154	S	287	79	366	0.00001
Cytobacillus gottheilii	859144	S	234	19	253	0.00001
Cytobacillus dafuensis	1742359	S	207	27	234	0.00000
Cytobacillus oceanisediminis	665099	S	200	3213	3413	0.00007
Cytobacillus pseudoceanisediminis	3051614	S	14	86	100	0.00000
Psychrobacillus sp. FSL H8-0483	2921389	S	667	225	892	0.00002
Psychrobacillus sp. L3	3236891	S	344	429	773	0.00002
Psychrobacillus sp. INOP01	2829187	S	313	134	447	0.00001
Psychrobacillus sp. FSL W7-1457	2954547	S	178	684	862	0.00002
Psychrobacillus sp. BM2	3400421	S	166	70	236	0.00000
Psychrobacillus sp. FSL K6-4046	2921550	S	47	182	229	0.00000
Psychrobacillus sp. L4	3236892	S	24	40	64	0.00000
Psychrobacillus psychrodurans	126157	S	375	150	525	0.00001
Psychrobacillus psychrotolerans	126156	S	290	119	409	0.00001
Psychrobacillus glaciei	2283160	S	56	86	142	0.00000
Heyndrickxia sporothermodurans	46224	S	1218	584	1802	0.00004
Heyndrickxia vini	1476025	S	724	142	866	0.00002
Heyndrickxia sp. FSL K6-6286	2921510	S	368	232	600	0.00001
Heyndrickxia sp. MSNUG	3136677	S	162	22	184	0.00000
Heyndrickxia coagulans	1398	S	112	196	308	0.00001
Heyndrickxia oleronia	38875	S	82	40	122	0.00000
Heyndrickxia faecalis	2824910	S	77	513	590	0.00001
Alkalihalobacillus sp. LMS39	2924032	S	857	66	923	0.00002
Alkalihalobacillus sp. LMS6	2924034	S	365	38	403	0.00001
Alkalihalobacillus sp. AL-G	2926399	S	70	7	77	0.00000
Alkalihalobacillus phoenicis	3132260	S	1076	82	1158	0.00002
Gracilibacillus sp. Marseille-QA3620	3477509	S	831	49	880	0.00002
Gracilibacillus caseinilyticus	2932256	S	541	189	730	0.00001
Gracilibacillus salinarum	2932255	S	219	81	300	0.00001
Gracilibacillus salitolerans	2663022	S	217	23	240	0.00000
Halobacillus litoralis	45668	S	527	93	620	0.00001
Halobacillus andaensis	1176239	S	287	22	309	0.00001
Halobacillus naozhouensis	554880	S	242	27	269	0.00001
Halobacillus mangrovi	402384	S	221	14	235	0.00000
Halobacillus shinanisalinarum	2932258	S	196	37	233	0.00000
Halobacillus halophilus	1570	S	125	14	139	0.00000
Halobacillus salinarum	2932257	S	124	7	131	0.00000
Halobacillus amylolyticus	2932259	S	106	25	131	0.00000
Halobacillus sp. ACCC02827	3052090	S	26	341	367	0.00001
Halobacillus sp. SY10	3381356	S	19	5	24	0.00000
Sutcliffiella horikoshii	79883	S	1312	161	1473	0.00003
Sutcliffiella sp. NC1	3004096	S	122	260	382	0.00001
Sutcliffiella sp. FSL R7-0096	2921670	S	81	10	91	0.00000
Sutcliffiella cohnii	33932	S	89	201	290	0.00001
Amphibacillus sp. Q70	3453416	S	1185	173	1358	0.00003
Amphibacillus xylanus	1449	S	565	34	599	0.00001
Pontibacillus sp. ALD_SL1	2777185	S	767	41	808	0.00002
Pontibacillus sp. HMF3514	2692425	S	150	7	157	0.00000
Pontibacillus chungwhensis	265426	S	574	44	618	0.00001
Rossellomorea sp. FM04394	3243076	S	336	68	404	0.00001
Rossellomorea sp. y25	3118174	S	57	11	68	0.00000
Rossellomorea sp. NS-SX7	3463856	S	25	2	27	0.00000
Rossellomorea marisflavi	189381	S	383	36	419	0.00001
Rossellomorea vietnamensis	218284	S	162	351	513	0.00001
Rossellomorea sedimentorum	3115294	S	11	1	12	0.00000
Alkalihalophilus pseudofirmus	79885	S	878	111	989	0.00002
Alkalihalophilus sp. As8PL	3237103	S	473	54	527	0.00001
Salipaludibacillus sp. HK11	3394320	S	830	31	861	0.00002
Salipaludibacillus sp. LMS25	2924031	S	385	18	403	0.00001
Shouchella lehensis	300825	S	283	31	314	0.00001
Shouchella clausii	79880	S	260	146	406	0.00001
Shouchella miscanthi	2598861	S	123	171	294	0.00001
Shouchella hunanensis	766894	S	105	163	268	0.00001
Radiobacillus kanasensis	2844358	S	679	55	734	0.00001
Radiobacillus deserti	2594883	S	461	31	492	0.00001
Mesobacillus sp. S13	2880221	S	152	42	194	0.00000
Mesobacillus sp. AQ2	3043332	S	98	17	115	0.00000
Mesobacillus jeotgali	129985	S	247	69	316	0.00001
Mesobacillus maritimus	1643336	S	221	33	254	0.00001
Mesobacillus subterraneus	285983	S	215	84	299	0.00001
Mesobacillus foraminis	279826	S	58	4	62	0.00000
Terribacillus sp. FSL K6-0262	2921447	S	518	90	608	0.00001
Terribacillus sp. DMT04	2850441	S	288	41	329	0.00001
Terribacillus aidingensis	586416	S	103	37	140	0.00000
Terribacillus saccharophilus	361277	S	37	11	48	0.00000
Anaerobacillus isosaccharinicus	1532552	S	975	95	1070	0.00002
Ornithinibacillus sp. 4-3	3231488	S	541	92	633	0.00001
Ornithinibacillus sp. FSL M8-0202	2921616	S	250	46	296	0.00001
Ornithinibacillus xuwenensis	3144668	S	52	1	53	0.00000
Gottfriedia acidiceleris	371036	S	837	60	897	0.00002
Salicibibacter cibarius	2743000	S	310	1	311	0.00001
Salicibibacter cibi	2743001	S	306	0	306	0.00001
Salicibibacter halophilus	2502791	S	133	1	134	0.00000
Salicibibacter kimchii	2099786	S	17	0	17	0.00000
Halalkalibacter krulwichiae	199441	S	677	161	838	0.00002
Lentibacillus daqui	2911514	S	508	19	527	0.00001
Lentibacillus amyloliquefaciens	1472767	S	115	6	121	0.00000
Lentibacillus sp. CBA3610	2518176	S	17	0	17	0.00000
Tepidibacillus marianensis	3131995	S	639	38	677	0.00001
Paraperibacillus esterisolvens	3115296	S	439	216	655	0.00001
Paraperibacillus marinus	3115295	S	13	6	19	0.00000
Caldifermentibacillus hisashii	996558	S	621	4348	4969	0.00010
Paraliobacillus zengyii	2213194	S	593	28	621	0.00001
Evansella sp. LMS18	2924033	S	338	24	362	0.00001
Evansella cellulosilytica	1413	S	249	12	261	0.00001
Cerasibacillus sp. JNUCC 74	3469795	S	548	74	622	0.00001
Pradoshia sp. D12	2651284	S	511	40	551	0.00001
Lederbergia lenta	1467	S	477	19	496	0.00001
Fervidibacillus halotolerans	2980027	S	278	35	313	0.00001
Fervidibacillus albus	2980026	S	176	9	185	0.00000
Alkalibacillus sp. S2W	3386553	S	448	5	453	0.00001
Pseudobacillus badius	1455	S	440	151	591	0.00001
Aeribacillus pallidus	33936	S	126	622	748	0.00002
Aeribacillus sp. FSL W8-0870	2954706	S	106	1026	1132	0.00002
Robertmurraya phoenicis	3132300	S	404	58	462	0.00001
Sediminibacillus dalangtanensis	2729421	S	335	22	357	0.00001
Alkalicoccus halolimnae	1667239	S	302	10	312	0.00001
Aciduricibacillus chroicocephali	3054939	S	266	21	287	0.00001
Schinkia sp. CFF1	3401146	S	246	19	265	0.00001
Domibacillus sp. DTU_2020_1001157_1_SI_ALB_TIR_016	3077789	S	228	27	255	0.00001
Ectobacillus sp. JY-23	2933872	S	197	15	212	0.00000
Paenalkalicoccus suaedae	2592382	S	180	93	273	0.00001
Salisediminibacterium selenitireducens	85683	S	121	5	126	0.00000
Salisediminibacterium beveridgei	632773	S	38	1	39	0.00000
Salimicrobium jeotgali	1230341	S	135	9	144	0.00000
Salimicrobium sp. PL1-032A	3095364	S	14	0	14	0.00000
Caldalkalibacillus thermarum	296745	S	142	68	210	0.00000
Falsibacillus pallidus	493781	S	139	11	150	0.00000
Mangrovibacillus cuniculi	2593652	S	73	7	80	0.00000
Allobacillus halotolerans	570278	S	61	3	64	0.00000
Siminovitchia fortis	254758	S	11	1	12	0.00000
Halalkalibacterium halodurans	86665	S	31	2	33	0.00000
Paenibacillus sp. FSL F4-0243	2954732	S	3347	6696	10043	0.00020
Paenibacillus sp. FSL H7-0737	1536775	S	3281	7050	10331	0.00021
Paenibacillus sp. FSL H8-0261	2921381	S	1277	1566	2843	0.00006
Paenibacillus sp. FSL R5-0470	2921641	S	982	2061	3043	0.00006
Paenibacillus sp. FSL R5-0744	2921656	S	954	2107	3061	0.00006
Paenibacillus sp. FSL R10-2734	2954691	S	792	39	831	0.00002
Paenibacillus sp. G2S3	3047872	S	712	95	807	0.00002
Paenibacillus sp. EC2-1	3388665	S	674	18	692	0.00001
Paenibacillus sp. FSL L8-0340	2954685	S	644	77	721	0.00001
Paenibacillus sp. FSL K6-0276	2921450	S	483	32	515	0.00001
Paenibacillus sp. FA6	3413029	S	469	16	485	0.00001
Paenibacillus sp. FSL H8-0548	1920422	S	455	17	472	0.00001
Paenibacillus sp. B-A-8	3400419	S	385	794	1179	0.00002
Paenibacillus sp. sptzw28	715179	S	313	5	318	0.00001
Paenibacillus sp. RC67	3039392	S	308	7	315	0.00001
Paenibacillus sp. RUD330	2023772	S	294	6	300	0.00001
Paenibacillus sp. IHBB 10380	1566358	S	257	13	270	0.00001
Paenibacillus sp. 481	2835869	S	254	7	261	0.00001
Paenibacillus sp. FSL H3-0469	2954506	S	249	27	276	0.00001
Paenibacillus sp. KACC 21273	3025665	S	248	65	313	0.00001
Paenibacillus sp. HWE-109	1306526	S	242	5	247	0.00000
Paenibacillus sp. FSL E2-0177	2921360	S	216	1285	1501	0.00003
Paenibacillus sp. JNUCC31	2777983	S	214	11	225	0.00000
Paenibacillus sp. S-38	3416710	S	207	5	212	0.00000
Paenibacillus sp. FSL R7-0272	2921679	S	201	9	210	0.00000
Paenibacillus sp. FSL R7-0345	2954535	S	193	8	201	0.00000
Paenibacillus sp. DCT19	2211212	S	190	11	201	0.00000
Paenibacillus sp. FSL W8-0426	2921714	S	174	6	180	0.00000
Paenibacillus sp. KS-LC4	2979727	S	167	4	171	0.00000
Paenibacillus sp. N3/727	2925845	S	165	20	185	0.00000
Paenibacillus sp. BR2-3	3048494	S	157	5	162	0.00000
Paenibacillus sp. PK3_47	2072642	S	156	6	162	0.00000
Paenibacillus sp. RS8	3242681	S	153	233	386	0.00001
Paenibacillus sp. FSL K6-1096	2921460	S	152	4	156	0.00000
Paenibacillus sp. D2_2	3073092	S	137	3	140	0.00000
Paenibacillus sp. FSL R7-0216	2921677	S	128	3	131	0.00000
Paenibacillus sp. BR1-192	3032287	S	124	163	287	0.00001
Paenibacillus sp. JDR-2	324057	S	121	5	126	0.00000
Paenibacillus sp. FSL K6-0108	2921417	S	119	50	169	0.00000
Paenibacillus sp. S02	2823904	S	112	154	266	0.00001
Paenibacillus sp. FSL E2-0201	2954726	S	111	182	293	0.00001
Paenibacillus sp. FSL R5-0928	2921667	S	108	586	694	0.00001
Paenibacillus sp. Z6-24	2937871	S	106	2	108	0.00000
Paenibacillus sp. MMS20-IR301	2895946	S	106	3	109	0.00000
Paenibacillus sp. FSL E2-0178	2921361	S	106	26	132	0.00000
Paenibacillus sp. PAMC21692	2762320	S	100	8	108	0.00000
Paenibacillus sp. FSL R7-0313	2954532	S	99	98	197	0.00000
Paenibacillus sp. FSL R10-2778	2954659	S	97	620	717	0.00001
Paenibacillus sp. FSL R7-0652	2921687	S	94	194	288	0.00001
Paenibacillus sp. FSL K6-3182	2921495	S	91	4	95	0.00000
Paenibacillus sp. CAA11	1532905	S	90	2	92	0.00000
Paenibacillus sp. 8b26	3424133	S	85	28	113	0.00000
Paenibacillus sp. SN-8-1	3435409	S	83	3	86	0.00000
Paenibacillus sp. IHB B 3084	867076	S	81	24	105	0.00000
Paenibacillus sp. FSL K6-2441	2954679	S	78	3	81	0.00000
Paenibacillus sp. FSL W8-0186	2921709	S	77	8	85	0.00000
Paenibacillus sp. WLX2291	3296934	S	77	13	90	0.00000
Paenibacillus sp. MBLB4367	3384767	S	77	2	79	0.00000
Paenibacillus sp. FSL H8-0457	2921386	S	77	159	236	0.00000
Paenibacillus sp. P36	3342538	S	72	3	75	0.00000
Paenibacillus sp. BIHB 4019	1870819	S	71	1	72	0.00000
Paenibacillus sp. SI8	3163026	S	70	0	70	0.00000
Paenibacillus sp. QZ-Y1	3414511	S	62	2	64	0.00000
Paenibacillus sp. FSL W8-0187	2921710	S	61	111	172	0.00000
Paenibacillus sp. URB8-2	2741301	S	61	2	63	0.00000
Paenibacillus sp. FSL R5-0636	2921652	S	59	324	383	0.00001
Paenibacillus sp. FSL R5-0345	1536770	S	56	142	198	0.00000
Paenibacillus sp. FSL L8-0158	2954752	S	53	30	83	0.00000
Paenibacillus sp. Z3-2	2937870	S	47	4	51	0.00000
Paenibacillus sp. 19GGS1-52	2758563	S	45	1	46	0.00000
Paenibacillus sp. FSL R10-2782	2954661	S	42	4	46	0.00000
Paenibacillus sp. FSL H7-0940	2921443	S	42	87	129	0.00000
Paenibacillus sp. H1-7	2282849	S	41	0	41	0.00000
Paenibacillus sp. FSL P4-0176	2921631	S	39	107	146	0.00000
Paenibacillus sp. FSL R7-0273	1536772	S	38	1	39	0.00000
Paenibacillus sp. R14(2021)	2859228	S	37	1	38	0.00000
Paenibacillus sp. FSL R5-0912	1536771	S	36	3	39	0.00000
Paenibacillus sp. KN14-4R	3445773	S	34	1	35	0.00000
Paenibacillus sp. FSL R7-0337	1926588	S	32	40	72	0.00000
Paenibacillus sp. FSL K6-1217	2921466	S	31	1	32	0.00000
Paenibacillus sp. M-152	2487928	S	29	102	131	0.00000
Paenibacillus sp. FSL R5-0713	2921655	S	28	40	68	0.00000
Paenibacillus sp. PL2-23	2100729	S	27	1	28	0.00000
Paenibacillus sp. FSL P4-0081	1536769	S	27	37	64	0.00000
Paenibacillus sp. FSL R7-0331	1536773	S	26	1	27	0.00000
Paenibacillus sp. DYY-L-2	3447013	S	26	3	29	0.00000
Paenibacillus sp. FSL R5-0766	2921658	S	25	15	40	0.00000
Paenibacillus sp. FSL H8-0537	2921399	S	24	0	24	0.00000
Paenibacillus sp. PK4536	3024576	S	23	10	33	0.00000
Paenibacillus sp. FSL H3-0286	2921427	S	23	145	168	0.00000
Paenibacillus sp. strain BS8-2	3569180	S	22	0	22	0.00000
Paenibacillus sp. FSL W8-0194	2921711	S	20	0	20	0.00000
Paenibacillus sp. ALE1	3478202	S	20	406	426	0.00001
Paenibacillus sp. SYP-B4298	2996034	S	19	0	19	0.00000
Paenibacillus sp. FSL F4-0100	2921370	S	18	7	25	0.00000
Paenibacillus sp. FSL R5-0517	2921647	S	18	24	42	0.00000
Paenibacillus sp. FSL P2-0121	2921626	S	16	154	170	0.00000
Paenibacillus sp. B01	2660554	S	15	15	30	0.00000
Paenibacillus sp. YPG26	2878915	S	14	0	14	0.00000
Paenibacillus sp. FSL K6-1318	2975291	S	14	3	17	0.00000
Paenibacillus sp. JJ1683	3460097	S	14	78	92	0.00000
Paenibacillus sp. FSL E2-0190	2954504	S	13	94	107	0.00000
Paenibacillus sp. FSL R5-0341	2921636	S	11	2	13	0.00000
Paenibacillus sp. WLX1005	3243766	S	11	1	12	0.00000
Paenibacillus sp. FSL L8-0436	2954686	S	10	2	12	0.00000
Paenibacillus sp. FSL E2-0202	2954505	S	10	84	94	0.00000
Paenibacillus sp. FSL R7-0189	2921673	S	10	52	62	0.00000
Paenibacillus jilunlii	682956	S	1559	108	1667	0.00003
Paenibacillus antarcticus	253703	S	712	36	748	0.00002
Paenibacillus polymyxa	1406	S	663	2115	2778	0.00006
Paenibacillus riograndensis	483937	S	305	19	324	0.00001
Paenibacillus sonchi	373687	S	147	11	158	0.00000
Paenibacillus psychroresistens	1778678	S	377	4	381	0.00001
Paenibacillus illinoisensis	59845	S	374	246	620	0.00001
Paenibacillus peoriae	59893	S	345	972	1317	0.00003
Paenibacillus thiaminolyticus	49283	S	315	37	352	0.00001
Paenibacillus hexagrammi	2908839	S	307	7	314	0.00001
Paenibacillus borealis	160799	S	298	15	313	0.00001
Paenibacillus guangzhouensis	1473112	S	293	6	299	0.00001
Paenibacillus chitinolyticus	79263	S	291	7	298	0.00001
Paenibacillus marchantiae	3026433	S	248	46	294	0.00001
Paenibacillus algicola	2565926	S	243	7	250	0.00001
Paenibacillus lutimineralis	2707005	S	231	8	239	0.00000
Paenibacillus barcinonensis	198119	S	221	9	230	0.00000
Paenibacillus aurantius	2918900	S	221	5	226	0.00000
Paenibacillus bovis	1616788	S	221	22	243	0.00000
Paenibacillus xylanilyticus	248903	S	208	141	349	0.00001
Paenibacillus graminis	189425	S	207	12	219	0.00000
Paenibacillus swuensis	1178515	S	200	6	206	0.00000
Paenibacillus spongiae	2909671	S	186	4	190	0.00000
Paenibacillus ottowii	2315729	S	184	15	199	0.00000
Paenibacillus kyungheensis	1452732	S	183	59	242	0.00000
Paenibacillus cellulosilyticus	375489	S	172	6	178	0.00000
Paenibacillus donghaensis	414771	S	168	4	172	0.00000
Paenibacillus larvae	1464	S	161	6	167	0.00000
Paenibacillus durus	44251	S	159	5	164	0.00000
Paenibacillus beijingensis	1126833	S	156	4	160	0.00000
Paenibacillus crassostreae	1763538	S	145	11	156	0.00000
Paenibacillus alvei	44250	S	145	5	150	0.00000
Paenibacillus tundrae	528187	S	142	8	150	0.00000
Paenibacillus nitricinens	3367691	S	140	16	156	0.00000
Paenibacillus woosongensis	307580	S	131	19	150	0.00000
Paenibacillus lycopersici	2704462	S	131	3	134	0.00000
Paenibacillus urinalis	521520	S	126	34	160	0.00000
Paenibacillus agaridevorans	171404	S	123	25	148	0.00000
Paenibacillus roseipurpureus	2918901	S	119	3	122	0.00000
Paenibacillus sophorae	1333845	S	107	5	112	0.00000
Paenibacillus baekrokdamisoli	1712516	S	104	2	106	0.00000
Paenibacillus azoreducens	116718	S	97	2	99	0.00000
Paenibacillus pabuli	1472	S	93	35	128	0.00000
Paenibacillus macerans	44252	S	90	1	91	0.00000
Paenibacillus hunanensis	539262	S	89	1	90	0.00000
Paenibacillus amylolyticus	1451	S	84	60	144	0.00000
Paenibacillus konkukensis	2020716	S	84	2	86	0.00000
Paenibacillus silvisoli	3110539	S	81	2	83	0.00000
Paenibacillus dendritiformis	130049	S	81	18	99	0.00000
Paenibacillus albus	2495582	S	75	2	77	0.00000
Paenibacillus uliginis	683737	S	74	8	82	0.00000
Paenibacillus terrae	159743	S	69	7	76	0.00000
Paenibacillus polygoni	3050112	S	66	2	68	0.00000
Paenibacillus tianjinensis	2810347	S	66	7	73	0.00000
Paenibacillus protaetiae	2509456	S	56	1	57	0.00000
Paenibacillus kribbensis	172713	S	51	2	53	0.00000
Paenibacillus melissococcoides	2912268	S	47	5	52	0.00000
Paenibacillus glucanolyticus	59843	S	47	203	250	0.00001
Paenibacillus elgii	189691	S	45	1	46	0.00000
Paenibacillus naphthalenovorans	162209	S	43	2	45	0.00000
Paenibacillus xylanexedens	528191	S	41	31	72	0.00000
Paenibacillus sabinae	365617	S	39	1	40	0.00000
Paenibacillus andongensis	2975482	S	39	1	40	0.00000
Paenibacillus physcomitrellae	1619311	S	35	1	36	0.00000
Paenibacillus tritici	1873425	S	34	1	35	0.00000
Paenibacillus ihbetae	1870820	S	31	1	32	0.00000
Paenibacillus albicereus	2726185	S	28	1	29	0.00000
Paenibacillus yonginensis	1462996	S	27	4	31	0.00000
Paenibacillus lentus	1338368	S	27	0	27	0.00000
Paenibacillus cellulositrophicus	562959	S	26	6	32	0.00000
Paenibacillus taichungensis	484184	S	24	7	31	0.00000
Paenibacillus glycanilyticus	126569	S	23	0	23	0.00000
Paenibacillus pedocola	3242193	S	22	2	24	0.00000
Paenibacillus odorifer	189426	S	21	27	48	0.00000
Paenibacillus chondroitinus	59842	S	18	1	19	0.00000
Paenibacillus silvae	1325358	S	18	0	18	0.00000
Paenibacillus lautus	1401	S	13	3	16	0.00000
Paenibacillus rhizovicinus	2704463	S	12	0	12	0.00000
Brevibacillus ruminantium	2950604	S	566	75	641	0.00001
Brevibacillus brevis	1393	S	545	57	602	0.00001
Brevibacillus laterosporus	1465	S	530	321	851	0.00002
Brevibacillus choshinensis	54911	S	325	16	341	0.00001
Brevibacillus sp. TJ4	3234853	S	114	5	119	0.00000
Brevibacillus sp. HD3.3A	2738979	S	105	451	556	0.00001
Brevibacillus sp. NSP2.1	3003229	S	18	216	234	0.00000
Brevibacillus sp. DP1.3A	2738867	S	11	2	13	0.00000
Brevibacillus centrosporus	54910	S	189	8	197	0.00000
Brevibacillus fluminis	511487	S	172	5	177	0.00000
Brevibacillus marinus	2496837	S	153	3	156	0.00000
Brevibacillus formosus	54913	S	103	24	127	0.00000
Brevibacillus parabrevis	54914	S	47	107	154	0.00000
Brevibacillus humidisoli	2895522	S	28	0	28	0.00000
Brevibacillus composti	2796470	S	15	2	17	0.00000
Brevibacillus fortis	2126352	S	10	2	12	0.00000
Aneurinibacillus uraniidurans	2966586	S	270	345	615	0.00001
Aneurinibacillus sp. Ricciae_BoGa-3	3022697	S	170	33	203	0.00000
Aneurinibacillus soli	1500254	S	27	31	58	0.00000
Cohnella cholangitidis	2598458	S	161	3	164	0.00000
Cohnella candida	2674991	S	113	1	114	0.00000
Cohnella herbarum	2728023	S	82	2	84	0.00000
Cohnella abietis	2507935	S	60	0	60	0.00000
Cohnella sp. LGH	1619153	S	56	7	63	0.00000
Pristimantibacillus sp. PTI5	3400422	S	173	11	184	0.00000
Thermobacillus composti	377615	S	129	4	133	0.00000
Saccharibacillus brassicae	2583377	S	47	1	48	0.00000
Staphylococcus aureus	1280	S	1898	7160	9058	0.00018
Staphylococcus sp. NRL 16/872	2930131	S	495	93	588	0.00001
Staphylococcus sp. 11-B-312	2799680	S	267	331	598	0.00001
Staphylococcus sp. 17KM0847	2583989	S	172	9	181	0.00000
Staphylococcus sp. IVB6181	2929481	S	44	3	47	0.00000
Staphylococcus sp. M0911	2025492	S	19	399	418	0.00001
Staphylococcus delphini	53344	S	394	168	562	0.00001
Staphylococcus pseudintermedius	283734	S	362	146	508	0.00001
Staphylococcus ursi	1912064	S	227	61	288	0.00001
Staphylococcus haemolyticus	1283	S	1192	319	1511	0.00003
Staphylococcus cohnii	29382	S	1006	267	1273	0.00003
Staphylococcus ureilyticus	94138	S	18	20	38	0.00000
Staphylococcus equorum	246432	S	1011	1391	2402	0.00005
Staphylococcus simiae	308354	S	877	51	928	0.00002
Staphylococcus hominis	1290	S	710	197	907	0.00002
Staphylococcus kloosii	29384	S	557	47	604	0.00001
Staphylococcus epidermidis	1282	S	523	191	714	0.00001
Staphylococcus pasteuri	45972	S	491	53	544	0.00001
Staphylococcus coagulans	74706	S	489	103	592	0.00001
Staphylococcus chromogenes	46126	S	479	47	526	0.00001
Staphylococcus capitis	29388	S	476	402	878	0.00002
Staphylococcus lugdunensis	28035	S	465	47	512	0.00001
Staphylococcus succinus	61015	S	464	86	550	0.00001
Staphylococcus caprae	29380	S	440	98	538	0.00001
Staphylococcus petrasii	1276936	S	397	136	533	0.00001
Staphylococcus schleiferi	1295	S	390	42	432	0.00001
Staphylococcus arlettae	29378	S	385	106	491	0.00001
Staphylococcus agnetis	985762	S	378	29	407	0.00001
Staphylococcus ratti	2892440	S	362	16	378	0.00001
Staphylococcus saccharolyticus	33028	S	361	28	389	0.00001
Staphylococcus nepalensis	214473	S	344	33	377	0.00001
Staphylococcus argenteus	985002	S	339	49	388	0.00001
Staphylococcus edaphicus	1955013	S	332	17	349	0.00001
Staphylococcus simulans	1286	S	330	29	359	0.00001
Staphylococcus pettenkoferi	170573	S	311	22	333	0.00001
Staphylococcus gallinarum	1293	S	278	14	292	0.00001
Staphylococcus devriesei	586733	S	277	21	298	0.00001
Staphylococcus schweitzeri	1654388	S	272	37	309	0.00001
Staphylococcus massiliensis	555791	S	267	54	321	0.00001
Staphylococcus shinii	2912228	S	265	40	305	0.00001
Staphylococcus felis	46127	S	253	15	268	0.00001
Staphylococcus lloydii	2781774	S	230	21	251	0.00001
Staphylococcus xylosus	1288	S	224	154	378	0.00001
Staphylococcus lutrae	155085	S	216	11	227	0.00000
Staphylococcus rostri	522262	S	169	72	241	0.00000
Staphylococcus hyicus	1284	S	158	34	192	0.00000
Staphylococcus condimenti	70255	S	153	13	166	0.00000
Staphylococcus debuckii	2044912	S	147	21	168	0.00000
Staphylococcus carnosus	1281	S	125	12	137	0.00000
Staphylococcus casei	201828	S	96	14	110	0.00000
Staphylococcus pseudoxylosus	2282419	S	95	31	126	0.00000
Staphylococcus auricularis	29379	S	76	6	82	0.00000
Staphylococcus saprophyticus	29385	S	64	320	384	0.00001
Staphylococcus warneri	1292	S	61	231	292	0.00001
Staphylococcus muscae	1294	S	60	4	64	0.00000
Staphylococcus piscifermentans	70258	S	12	0	12	0.00000
Mammaliicoccus sciuri	1296	S	3248	532	3780	0.00008
Mammaliicoccus lentus	42858	S	1260	312	1572	0.00003
Mammaliicoccus vitulinus	71237	S	1095	165	1260	0.00003
Mammaliicoccus sp. Dog046	3034233	S	982	176	1158	0.00002
Mammaliicoccus stepanovicii	643214	S	278	25	303	0.00001
Macrococcus equi	3395462	S	707	109	816	0.00002
Macrococcus armenti	2875764	S	664	230	894	0.00002
Macrococcus animalis	3395467	S	526	94	620	0.00001
Macrococcus epidermidis	1902580	S	273	113	386	0.00001
Macrococcus psychrotolerans	3039389	S	114	106	220	0.00000
Macrococcus bovicus	69968	S	51	6	57	0.00000
Macrococcus equipercicus	69967	S	43	6	49	0.00000
Nosocomiicoccus ampullae	489910	S	544	32	576	0.00001
Nosocomiicoccus massiliensis	1232430	S	308	35	343	0.00001
Macrococcoides caseolyticum	69966	S	248	144	392	0.00001
Macrococcoides bohemicum	1903056	S	184	75	259	0.00001
Macrococcoides canis	1855823	S	167	42	209	0.00000
Salinicoccus halodurans	407035	S	205	17	222	0.00000
Salinicoccus sp. Marseille-QA3877	3477508	S	105	2	107	0.00000
Salinicoccus sp. HZC-1	3385497	S	55	7	62	0.00000
Salinicoccus bachuensis	3136731	S	28	0	28	0.00000
Jeotgalicoccus sp. ATCC 8456	946435	S	125	14	139	0.00000
Jeotgalicoccus sp. WY2	2708346	S	116	13	129	0.00000
Jeotgalicoccus saudimassiliensis	1461582	S	80	1	81	0.00000
Sporosarcina sp. FSL W8-0480	2954701	S	675	203	878	0.00002
Sporosarcina sp. ANT_H38	2597358	S	534	81	615	0.00001
Sporosarcina sp. FA9	3413030	S	301	11	312	0.00001
Sporosarcina sp. FSL K6-3508	2921557	S	253	28	281	0.00001
Sporosarcina sp. FSL K6-1522	2921554	S	244	19	263	0.00001
Sporosarcina sp. PTS2304	2283194	S	220	28	248	0.00001
Sporosarcina sp. UB5	3047463	S	204	25	229	0.00000
Sporosarcina sp. FSL K6-2383	2921556	S	122	12	134	0.00000
Sporosarcina sp. Marseille-Q4943	2942204	S	121	14	135	0.00000
Sporosarcina sp. Te-1	2818390	S	117	12	129	0.00000
Sporosarcina sp. ITBMC105	3467515	S	99	9	108	0.00000
Sporosarcina sp. A2	3393449	S	75	7	82	0.00000
Sporosarcina sp. Marseille-Q4063	2810514	S	36	1	37	0.00000
Sporosarcina ureae	1571	S	707	70	777	0.00002
Sporosarcina pasteurii	1474	S	431	41	472	0.00001
Sporosarcina oncorhynchi	3056444	S	206	21	227	0.00000
Sporosarcina ureilytica	298596	S	176	16	192	0.00000
Sporosarcina trichiuri	3056445	S	131	12	143	0.00000
Sporosarcina psychrophila	1476	S	56	355	411	0.00001
Sporosarcina jeotgali	3020056	S	46	5	51	0.00000
Sporosarcina thermotolerans	633404	S	37	3	40	0.00000
Planococcus sp. PAMC 21323	1526927	S	783	119	902	0.00002
Planococcus sp. X10-3	3061240	S	59	6	65	0.00000
Planococcus versutus	1302659	S	399	53	452	0.00001
Planococcus halocryophilus	1215089	S	279	41	320	0.00001
Planococcus donghaensis	414778	S	270	45	315	0.00001
Planococcus halotolerans	2233542	S	170	14	184	0.00000
Planococcus antarcticus	161360	S	161	13	174	0.00000
Planococcus massiliensis	1499687	S	156	11	167	0.00000
Planococcus liqunii	3058394	S	124	19	143	0.00000
Planococcus rifietoensis	200991	S	111	230	341	0.00001
Planococcus lenghuensis	2213202	S	94	5	99	0.00000
Planococcus shenhongbingii	3058398	S	90	3	93	0.00000
Planococcus maritimus	192421	S	56	8	64	0.00000
Planococcus koreensis	112331	S	46	3	49	0.00000
Planococcus shixiaomingii	3058393	S	43	2	45	0.00000
Planococcus glaciei	459472	S	28	4	32	0.00000
Planococcus kocurii	1374	S	24	34	58	0.00000
Solibacillus sp. R5-41	2048654	S	751	207	958	0.00002
Solibacillus sp. FSL W8-0372	2921713	S	185	60	245	0.00000
Solibacillus sp. FSL R5-0449	2921639	S	63	567	630	0.00001
Solibacillus sp. FSL H8-0523	2954511	S	60	16	76	0.00000
Solibacillus daqui	2912187	S	370	109	479	0.00001
Solibacillus silvestris	76853	S	15	78	93	0.00000
Ureibacillus chungkukjangi	1202712	S	615	353	968	0.00002
Ureibacillus thermophilus	367743	S	266	246	512	0.00001
Ureibacillus sp. FSL K6-0786	2954607	S	143	598	741	0.00001
Ureibacillus sp. FSL K6-8385	2954684	S	96	112	208	0.00000
Ureibacillus thermosphaericus	51173	S	85	502	587	0.00001
Rummeliibacillus pycnus	101070	S	990	213	1203	0.00002
Rummeliibacillus sp. JY-2-4R	3475678	S	440	91	531	0.00001
Rummeliibacillus sp. G93	2939494	S	43	112	155	0.00000
Paenisporosarcina antarctica	417367	S	557	40	597	0.00001
Paenisporosarcina cavernae	2320858	S	390	72	462	0.00001
Paenisporosarcina sp. FSL H8-0542	2921401	S	257	46	303	0.00001
Kurthia gibsonii	33946	S	61	577	638	0.00001
Kurthia zopfii	1650	S	35	4	39	0.00000
Viridibacillus arvi	263475	S	383	47	430	0.00001
Metasolibacillus sp. FSL H7-0170	2921431	S	279	125	404	0.00001
Jeotgalibacillus malaysiensis	1508404	S	270	40	310	0.00001
Chryseomicrobium aureum	1441723	S	200	50	250	0.00001
Chryseomicrobium sp. FSL W7-1435	2921704	S	12	1	13	0.00000
Listeria seeligeri	1640	S	1274	156	1430	0.00003
Listeria monocytogenes	1639	S	1008	1803	2811	0.00006
Listeria ivanovii	1638	S	841	46	887	0.00002
Listeria innocua	1642	S	833	258	1091	0.00002
Listeria sp. PSOL-1	1844999	S	776	37	813	0.00002
Listeria grayi	1641	S	660	109	769	0.00002
Listeria aquatica	1494960	S	221	11	232	0.00000
Listeria welshimeri	1643	S	94	11	105	0.00000
Listeria swaminathanii	2713501	S	73	4	77	0.00000
Paenilisteria weihenstephanensis	1006155	S	334	152	486	0.00001
Paenilisteria newyorkensis	1497681	S	268	127	395	0.00001
Brochothrix thermosphacta	2756	S	520	59	579	0.00001
Brochothrix campestris	2757	S	274	14	288	0.00001
Anoxybacillus gonensis	198467	S	315	115	430	0.00001
Anoxybacillus sp. FSL W8-1294	2954655	S	90	421	511	0.00001
Anoxybacillus sp. D401a	575112	S	23	27	50	0.00000
Anoxybacillus flavithermus	33934	S	120	267	387	0.00001
Parageobacillus genomosp. 1	1295642	S	416	87	503	0.00001
Parageobacillus thermoglucosidasius	1426	S	404	188	592	0.00001
Parageobacillus sp. KH3-4	2916802	S	85	28	113	0.00000
Parageobacillus toebii	153151	S	84	269	353	0.00001
Geobacillus stearothermophilus	1422	S	97	388	485	0.00001
Geobacillus subterraneus	129338	S	91	104	195	0.00000
Geobacillus sp. C56-T3	691437	S	16	26	42	0.00000
Geobacillus sp. YF-1	3457480	S	10	5	15	0.00000
Geobacillus thermocatenulatus	33938	S	24	11	35	0.00000
Geobacillus thermodenitrificans	33940	S	24	160	184	0.00000
Anoxybacteroides amylolyticum	294699	S	219	16	235	0.00000
Thermaerobacillus caldiproteolyticus	247480	S	167	29	196	0.00000
Saccharococcus caldoxylosilyticus	81408	S	45	15	60	0.00000
Gemella sp. zg-570	2840371	S	848	415	1263	0.00003
Gemella haemolysans	1379	S	1132	80	1212	0.00002
Gemella sanguinis	84135	S	710	65	775	0.00002
Gemella morbillorum	29391	S	492	91	583	0.00001
Guptibacillus hwajinpoensis	208199	S	1677	509	2186	0.00004
Exiguobacterium sp. ZWU0009	1224749	S	208	567	775	0.00002
Exiguobacterium sp. N4-1P	2051906	S	24	0	24	0.00000
Exiguobacterium sp. AT1b	360911	S	19	31	50	0.00000
Exiguobacterium acetylicum	41170	S	360	124	484	0.00001
Exiguobacterium antarcticum	132920	S	328	22	350	0.00001
Exiguobacterium alkaliphilum	1428684	S	74	7	81	0.00000
Exiguobacterium marinum	273528	S	17	0	17	0.00000
Exiguobacterium undae	169177	S	16	2	18	0.00000
Exiguobacterium mexicanum	340146	S	11	6	17	0.00000
Fictibacillus sp. KU28468	2991053	S	342	53	395	0.00001
Fictibacillus sp. JL2B1089	3399565	S	324	206	530	0.00001
Fictibacillus phosphorivorans	1221500	S	379	157	536	0.00001
Fictibacillus arsenicus	255247	S	173	35	208	0.00000
Fictibacillus enclensis	1017270	S	36	5	41	0.00000
Pseudalkalibacillus sp. A8	3382641	S	151	18	169	0.00000
Pseudalkalibacillus sp. Hm43	3450742	S	55	7	62	0.00000
Pseudalkalibacillus nanhaiensis	3115291	S	32	3	35	0.00000
Alicyclobacillus sp. ALC3	2796143	S	265	40	305	0.00001
Alicyclobacillus sp. SO9	2665646	S	155	7	162	0.00000
Alicyclobacillus acidocaldarius	405212	S	132	9	141	0.00000
Alicyclobacillus fastidiosus	392011	S	104	92	196	0.00000
Alicyclobacillus mengziensis	2931921	S	74	7	81	0.00000
Alicyclobacillus acidoterrestris	1450	S	20	18	38	0.00000
Fodinisporobacter ferrooxydans	2901836	S	262	2	264	0.00001
Tumebacillus algifaecis	1214604	S	195	4	199	0.00000
Tumebacillus avium	1903704	S	11	0	11	0.00000
Effusibacillus dendaii	2743772	S	27	0	27	0.00000
Kyrpidia spormannii	2055160	S	12	2	14	0.00000
Sporolactobacillus terrae	269673	S	577	14	591	0.00001
Sporolactobacillus sp. Y61	3160863	S	138	3	141	0.00000
Pullulanibacillus sp. KACC 23026	3028315	S	70	4	74	0.00000
Abyssicoccus albus	1817405	S	534	287	821	0.00002
Laceyella sacchari	37482	S	207	5	212	0.00000
Kroppenstedtia eburnea	714067	S	22	1	23	0.00000
Kroppenstedtia pulmonis	1380685	S	22	0	22	0.00000
Polycladomyces abyssicola	1125966	S	30	0	30	0.00000
Thermoactinomyces vulgaris	2026	S	14	0	14	0.00000
Candidatus Enterococcus dunnyi	1834192	S	76388	3685	80073	0.00162
Enterococcus sp. AZ170	2774747	S	1926	204	2130	0.00004
Enterococcus sp. DIV0212c	2230867	S	1769	129	1898	0.00004
Enterococcus sp. DIV0724b	2774694	S	1568	133	1701	0.00003
Enterococcus sp. 22-H-5-01	3418555	S	1542	56	1598	0.00003
Enterococcus sp. DIV0876	2774633	S	883	26	909	0.00002
Enterococcus sp. DIV1304_2	2774706	S	835	528	1363	0.00003
Enterococcus sp. DIV2315	2774765	S	621	5810	6431	0.00013
Enterococcus sp. DIV0210g	2774656	S	341	27	368	0.00001
Enterococcus sp. DIV1639a	2774724	S	195	340	535	0.00001
Enterococcus sp. DIV1067f	2774734	S	167	1789	1956	0.00004
Enterococcus sp. DIV2432	2774762	S	92	320	412	0.00001
Enterococcus sp. DIV0800	2774646	S	73	5	78	0.00000
Enterococcus sp. CR-Ec1	2057791	S	69	546	615	0.00001
Enterococcus sp. DIV0176	2774758	S	63	289	352	0.00001
Enterococcus sp. DIV0180	2774749	S	63	1037	1100	0.00002
Enterococcus sp. DIV1368b	2774711	S	61	40	101	0.00000
Enterococcus sp. AZ009	2774766	S	27	303	330	0.00001
Enterococcus sp. FDAARGOS_375	2060307	S	23	78	101	0.00000
Enterococcus sp. DIV2379	2774684	S	17	153	170	0.00000
Enterococcus sp. FDAARGOS_553	2420313	S	12	92	104	0.00000
Enterococcus sp. FZMF	3050383	S	11	20	31	0.00000
Enterococcus sp. AZ089	2774693	S	10	109	119	0.00000
Enterococcus sp. DIV1767	2774670	S	10	34	44	0.00000
Enterococcus wangshanyuanii	2005703	S	7310	100	7410	0.00015
Enterococcus faecalis	1351	S	2918	14157	17075	0.00034
Enterococcus durans	53345	S	1973	564	2537	0.00005
Candidatus Enterococcus lowellii	2230877	S	1710	74	1784	0.00004
Candidatus Enterococcus clewellii	1834193	S	1662	23	1685	0.00003
Candidatus Enterococcus palustris	1834189	S	1651	26	1677	0.00003
Enterococcus rotai	118060	S	1616	37	1653	0.00003
Enterococcus cecorum	44008	S	1503	212	1715	0.00003
Enterococcus saccharolyticus	41997	S	1394	725	2119	0.00004
Enterococcus alishanensis	1303817	S	1349	59	1408	0.00003
Enterococcus faecium	1352	S	1206	9134	10340	0.00021
Enterococcus raffinosus	71452	S	953	84	1037	0.00002
Enterococcus avium	33945	S	938	158	1096	0.00002
Candidatus Enterococcus lemimoniae	1834167	S	938	29	967	0.00002
Enterococcus saigonensis	1805431	S	871	811	1682	0.00003
Enterococcus bulliens	1665476	S	798	101	899	0.00002
Enterococcus hirae	1354	S	664	1387	2051	0.00004
Enterococcus montenegrensis	3031993	S	594	79	673	0.00001
Enterococcus casseliflavus	37734	S	549	751	1300	0.00003
Enterococcus gilvus	160453	S	461	54	515	0.00001
Enterococcus dispar	44009	S	379	104	483	0.00001
Enterococcus gallinarum	1353	S	313	602	915	0.00002
Candidatus Enterococcus mangumiae	2230878	S	269	10	279	0.00001
Enterococcus mundtii	53346	S	197	65	262	0.00001
Enterococcus devriesei	319970	S	107	18	125	0.00000
Enterococcus lactis	357441	S	53	294	347	0.00001
Enterococcus innesii	2839759	S	19	9	28	0.00000
Vagococcus fluvialis	2738	S	2663	696	3359	0.00007
Vagococcus carniphilus	218144	S	1634	596	2230	0.00004
Vagococcus hydrophili	2714947	S	1287	121	1408	0.00003
Vagococcus sp. JNUCC 83	3469799	S	1026	228	1254	0.00003
Vagococcus sp. CY52-2	2925838	S	183	196	379	0.00001
Vagococcus lutrae	81947	S	958	212	1170	0.00002
Vagococcus xieshaowenii	2562451	S	778	286	1064	0.00002
Vagococcus jeotgali	3109030	S	758	214	972	0.00002
Vagococcus zengguangii	2571750	S	651	92	743	0.00001
Vagococcus penaei	633807	S	536	79	615	0.00001
Vagococcus intermedius	2991418	S	455	68	523	0.00001
Vagococcus salmoninarum	2739	S	386	24	410	0.00001
Vagococcus coleopterorum	2714946	S	384	30	414	0.00001
Vagococcus luciliae	2920380	S	347	222	569	0.00001
Vagococcus teuberi	519472	S	276	194	470	0.00001
Tetragenococcus halophilus	51669	S	1560	392	1952	0.00004
Tetragenococcus koreensis	290335	S	1085	192	1277	0.00003
Tetragenococcus osmophilus	526944	S	455	201	656	0.00001
Melissococcus plutonius	33970	S	724	13	737	0.00001
Lactobacillus sp. PV034	2594495	S	593	113	706	0.00001
Lactobacillus sp. CBA3605	2099788	S	219	244	463	0.00001
Lactobacillus sp. 3B(2020)	2695882	S	217	31	248	0.00001
Lactobacillus sp. IBH004	2879107	S	197	24	221	0.00000
Lactobacillus sp. ESL0785	2983232	S	124	37	161	0.00000
Lactobacillus sp. ESL0680	2983210	S	121	63	184	0.00000
Lactobacillus sp. ESL0677	2983208	S	14	13	27	0.00000
Lactobacillus johnsonii	33959	S	1452	269	1721	0.00003
Lactobacillus helveticus	1587	S	1092	471	1563	0.00003
Lactobacillus xylocopicola	2976676	S	624	12	636	0.00001
Lactobacillus iners	147802	S	563	31	594	0.00001
Lactobacillus mulieris	2508708	S	554	63	617	0.00001
Lactobacillus isalae	2993455	S	440	55	495	0.00001
Lactobacillus apis	303541	S	367	8	375	0.00001
Lactobacillus gasseri	1596	S	366	687	1053	0.00002
Lactobacillus ultunensis	227945	S	330	20	350	0.00001
Lactobacillus kullabergensis	1218493	S	295	21	316	0.00001
Lactobacillus amylovorus	1604	S	290	88	378	0.00001
Lactobacillus acetotolerans	1600	S	272	26	298	0.00001
Lactobacillus taiwanensis	508451	S	254	46	300	0.00001
Lactobacillus panisapium	2012495	S	253	4	257	0.00001
Lactobacillus jensenii	109790	S	250	31	281	0.00001
Lactobacillus crispatus	47770	S	242	76	318	0.00001
Lactobacillus kefiranofaciens	267818	S	231	76	307	0.00001
Lactobacillus amylolyticus	83683	S	205	21	226	0.00000
Lactobacillus acidophilus	1579	S	193	10	203	0.00000
Lactobacillus paragasseri	2107999	S	179	654	833	0.00002
Lactobacillus terrae	2269374	S	179	2	181	0.00000
Lactobacillus delbrueckii	1584	S	85	30	115	0.00000
Lactobacillus intestinalis	151781	S	45	1	46	0.00000
Companilactobacillus pabuli	2714036	S	1332	383	1715	0.00003
Companilactobacillus paralimentarius	83526	S	845	162	1007	0.00002
Companilactobacillus zhachilii	2304606	S	816	35	851	0.00002
Companilactobacillus heilongjiangensis	1074467	S	697	28	725	0.00001
Companilactobacillus farciminis	1612	S	602	162	764	0.00002
Companilactobacillus ginsenosidimutans	1007676	S	527	7	534	0.00001
Companilactobacillus sp. DQM5	3463359	S	425	6	431	0.00001
Companilactobacillus musae	1903258	S	321	23	344	0.00001
Companilactobacillus futsaii	938155	S	256	76	332	0.00001
Companilactobacillus allii	1847728	S	221	20	241	0.00000
Companilactobacillus crustorum	392416	S	172	57	229	0.00000
Companilactobacillus alimentarius	1602	S	163	34	197	0.00000
Leuconostoc mesenteroides	1245	S	590	352	942	0.00002
Leuconostoc pseudomesenteroides	33968	S	420	133	553	0.00001
Leuconostoc lactis	1246	S	341	372	713	0.00001
Leuconostoc gelidum	1244	S	205	25	230	0.00000
Leuconostoc gasicomitatum	115778	S	35	67	102	0.00000
Leuconostoc carnosum	1252	S	305	175	480	0.00001
Leuconostoc suionicum	1511761	S	73	1121	1194	0.00002
Leuconostoc falkenbergense	2766470	S	60	39	99	0.00000
Leuconostoc citreum	33964	S	38	188	226	0.00000
Leuconostoc sp. JNUCC 76	3469800	S	18	8	26	0.00000
Ligilactobacillus salivarius	1624	S	1356	145	1501	0.00003
Ligilactobacillus murinus	1622	S	817	77	894	0.00002
Ligilactobacillus acidipiscis	89059	S	627	106	733	0.00001
Ligilactobacillus cholophilus	3050131	S	419	7	426	0.00001
Ligilactobacillus ruminis	1623	S	284	15	299	0.00001
Ligilactobacillus agilis	1601	S	188	27	215	0.00000
Ligilactobacillus aviarius	1606	S	110	5	115	0.00000
Ligilactobacillus animalis	1605	S	90	20	110	0.00000
Ligilactobacillus saerimneri	228229	S	60	3	63	0.00000
Ligilactobacillus faecis	762833	S	52	1	53	0.00000
Ligilactobacillus equi	137357	S	15	0	15	0.00000
Pediococcus argentinicus	480391	S	776	207	983	0.00002
Pediococcus pentosaceus	1255	S	647	120	767	0.00002
Pediococcus parvulus	54062	S	647	262	909	0.00002
Pediococcus ethanolidurans	319653	S	363	148	511	0.00001
Pediococcus claussenii	187452	S	180	96	276	0.00001
Pediococcus acidilactici	1254	S	174	94	268	0.00001
Pediococcus inopinatus	114090	S	128	541	669	0.00001
Pediococcus siamensis	381829	S	113	13	126	0.00000
Pediococcus damnosus	51663	S	77	47	124	0.00000
Weissella paramesenteroides	1249	S	1149	219	1368	0.00003
Weissella jogaejeotgali	1631871	S	301	87	388	0.00001
Weissella diestrammenae	1162633	S	271	8	279	0.00001
Weissella koreensis	165096	S	167	24	191	0.00000
Weissella viridescens	1629	S	119	3	122	0.00000
Weissella confusa	1583	S	93	17	110	0.00000
Weissella sagaensis	2559928	S	80	30	110	0.00000
Weissella soli	155866	S	61	3	64	0.00000
Weissella ceti	759620	S	56	356	412	0.00001
Weissella cibaria	137591	S	55	8	63	0.00000
Levilactobacillus brevis	1580	S	2460	987	3447	0.00007
Levilactobacillus parabrevis	357278	S	86	20	106	0.00000
Levilactobacillus koreensis	637971	S	40	4	44	0.00000
Levilactobacillus yonginensis	1054041	S	31	19	50	0.00000
Levilactobacillus suantsaii	2292255	S	19	8	27	0.00000
Levilactobacillus cerevisiae	1704076	S	15	6	21	0.00000
Levilactobacillus namurensis	380393	S	14	3	17	0.00000
Limosilactobacillus reuteri	1598	S	1205	258	1463	0.00003
Limosilactobacillus fermentum	1613	S	642	212	854	0.00002
Limosilactobacillus vaginalis	1633	S	438	99	537	0.00001
Limosilactobacillus panis	47493	S	148	26	174	0.00000
Limosilactobacillus gastricus	227942	S	128	18	146	0.00000
Limosilactobacillus oris	1632	S	73	8	81	0.00000
Limosilactobacillus mucosae	97478	S	72	14	86	0.00000
Limosilactobacillus ingluviei	148604	S	24	1	25	0.00000
Limosilactobacillus portuensis	2742601	S	17	3	20	0.00000
Lactiplantibacillus plantarum	1590	S	697	1591	2288	0.00005
Lactiplantibacillus pentosus	1589	S	614	123	737	0.00001
Lactiplantibacillus paraplantarum	60520	S	315	56	371	0.00001
Lactiplantibacillus brownii	3069269	S	168	30	198	0.00000
Lactiplantibacillus xiangfangensis	942150	S	84	13	97	0.00000
Lactiplantibacillus argentoratensis	271881	S	27	22	49	0.00000
Lactiplantibacillus carotarum	2993456	S	13	1	14	0.00000
Fructilactobacillus sp. Tb1	3422304	S	610	85	695	0.00001
Fructilactobacillus frigidiflavus	3242688	S	415	82	497	0.00001
Fructilactobacillus sanfranciscensis	1625	S	253	90	343	0.00001
Fructilactobacillus lindneri	53444	S	250	48	298	0.00001
Fructilactobacillus vespulae	1249630	S	202	13	215	0.00000
Fructilactobacillus fructivorans	1614	S	133	3	136	0.00000
Fructilactobacillus hinvesii	2940300	S	28	3	31	0.00000
Fructilactobacillus ixorae	1750535	S	24	5	29	0.00000
Fructilactobacillus cliffordii	2940299	S	13	3	16	0.00000
Lacticaseibacillus paracasei	1597	S	561	249	810	0.00002
Lacticaseibacillus rhamnosus	47715	S	445	58	503	0.00001
Lacticaseibacillus zeae	57037	S	80	23	103	0.00000
Lacticaseibacillus manihotivorans	88233	S	72	17	89	0.00000
Lacticaseibacillus pabuli	3025672	S	65	9	74	0.00000
Lacticaseibacillus pantheris	171523	S	39	2	41	0.00000
Lacticaseibacillus chiayiensis	2100821	S	17	1	18	0.00000
Lacticaseibacillus saniviri	931533	S	12	0	12	0.00000
Lentilactobacillus hilgardii	1588	S	405	59	464	0.00001
Lentilactobacillus kefiri	33962	S	340	94	434	0.00001
Lentilactobacillus parabuchneri	152331	S	268	59	327	0.00001
Lentilactobacillus laojiaonis	2883998	S	224	8	232	0.00000
Lentilactobacillus terminaliae	3003483	S	52	1	53	0.00000
Lentilactobacillus curieae	1138822	S	24	0	24	0.00000
Lentilactobacillus buchneri	1581	S	13	2	15	0.00000
Liquorilactobacillus hordei	468911	S	397	121	518	0.00001
Liquorilactobacillus nagelii	82688	S	379	90	469	0.00001
Liquorilactobacillus mali	1618	S	274	93	367	0.00001
Liquorilactobacillus satsumensis	259059	S	184	34	218	0.00000
Apilactobacillus apinorum	1218495	S	532	11	543	0.00001
Apilactobacillus kunkeei	148814	S	410	8	418	0.00001
Apilactobacillus apisilvae	2923364	S	150	2	152	0.00000
Apilactobacillus bombintestini	2419772	S	131	2	133	0.00000
Bombilactobacillus bombi	1303590	S	446	4	450	0.00001
Bombilactobacillus folatiphilus	2923362	S	364	4	368	0.00001
Bombilactobacillus thymidiniphilus	2923363	S	226	4	230	0.00000
Latilactobacillus sakei	1599	S	322	96	418	0.00001
Latilactobacillus sp. 5-91	3410924	S	229	43	272	0.00001
Latilactobacillus curvatus	28038	S	192	70	262	0.00001
Latilactobacillus fuchuensis	164393	S	171	4	175	0.00000
Latilactobacillus graminis	60519	S	41	1	42	0.00000
Paucilactobacillus suebicus	152335	S	409	51	460	0.00001
Paucilactobacillus oligofermentans	293371	S	372	58	430	0.00001
Paucilactobacillus nenjiangensis	1296540	S	63	25	88	0.00000
Paucilactobacillus hokkaidonensis	1193095	S	54	22	76	0.00000
Dellaglioa kimchii	3344667	S	496	141	637	0.00001
Dellaglioa sp. L3N	3470102	S	158	6	164	0.00000
Lapidilactobacillus dextrinicus	51664	S	651	26	677	0.00001
Loigolactobacillus coryniformis	1610	S	340	136	476	0.00001
Loigolactobacillus backii	375175	S	178	107	285	0.00001
Loigolactobacillus bifermentans	1607	S	128	34	162	0.00000
Xylocopilactobacillus apicola	2932184	S	299	0	299	0.00001
Xylocopilactobacillus apis	2932183	S	197	0	197	0.00000
Secundilactobacillus paracollinoides	240427	S	149	107	256	0.00001
Secundilactobacillus malefermentans	176292	S	116	136	252	0.00001
Oenococcus oeni	1247	S	186	8	194	0.00000
Oenococcus sicerae	2203724	S	82	0	82	0.00000
Oenococcus alcoholitolerans	931074	S	47	5	52	0.00000
Oenococcus kitaharae	336988	S	46	1	47	0.00000
Furfurilactobacillus milii	2888272	S	140	26	166	0.00000
Furfurilactobacillus rossiae	231049	S	90	19	109	0.00000
Periweissella cryptocerci	2506420	S	243	1	244	0.00000
Holzapfeliella sp. JNUCC 80	3469802	S	70	85	155	0.00000
Holzapfeliella sp. JNUCC 72	3469806	S	37	41	78	0.00000
Acetilactobacillus jinshanensis	1720083	S	114	0	114	0.00000
Amylolactobacillus amylophilus	1603	S	78	24	102	0.00000
Nicoliella spurrieriana	2925830	S	58	0	58	0.00000
Agrilactobacillus fermenti	2586909	S	46	2	48	0.00000
Schleiferilactobacillus harbinensis	304207	S	18	0	18	0.00000
Streptococcus sp. A12	1759399	S	276	145	421	0.00001
Streptococcus sp. Marseille-Q3533	2759692	S	215	81	296	0.00001
Streptococcus sp. ZY1909104	3233335	S	179	83	262	0.00001
Streptococcus sp. FSL R7-0248	2975324	S	109	325	434	0.00001
Streptococcus sp. DTU_2020_1001019_1_SI_AUS_MUR_006	3077584	S	103	64	167	0.00000
Streptococcus sp. KHUD_012	3229851	S	76	126	202	0.00000
Streptococcus sp. HN38	3020829	S	43	93	136	0.00000
Streptococcus sp. 11-4097	2828286	S	37	40	77	0.00000
Streptococcus sp. ZY19097	3231906	S	30	119	149	0.00000
Streptococcus sp. oral taxon 061	712623	S	27	24	51	0.00000
Streptococcus sp. DAT741	1940319	S	16	38	54	0.00000
Streptococcus sp. KHUD_013	3413147	S	10	11	21	0.00000
Streptococcus sanguinis	1305	S	1098	171	1269	0.00003
Streptococcus equi	1336	S	778	40	818	0.00002
Streptococcus dysgalactiae	1334	S	301	258	559	0.00001
Streptococcus pneumoniae	1313	S	990	1215	2205	0.00004
Streptococcus suis	1307	S	933	3182	4115	0.00008
Streptococcus parasuis	1501662	S	881	210	1091	0.00002
Streptococcus mutans	1309	S	870	54	924	0.00002
Streptococcus parauberis	1348	S	862	147	1009	0.00002
Streptococcus porcinus	1340	S	835	73	908	0.00002
Streptococcus merionis	400065	S	828	8	836	0.00002
Streptococcus parasanguinis	1318	S	808	289	1097	0.00002
Streptococcus equinus	1335	S	779	160	939	0.00002
Streptococcus anginosus	1328	S	425	495	920	0.00002
Streptococcus intermedius	1338	S	59	129	188	0.00000
Streptococcus urinalis	149016	S	725	96	821	0.00002
Streptococcus iniae	1346	S	724	54	778	0.00002
Streptococcus didelphis	102886	S	646	61	707	0.00001
Streptococcus oralis	1303	S	623	364	987	0.00002
Streptococcus pyogenes	1314	S	592	182	774	0.00002
Streptococcus uberis	1349	S	521	60	581	0.00001
Streptococcus ruminicola	2686210	S	484	425	909	0.00002
Streptococcus thermophilus	1308	S	482	292	774	0.00002
Streptococcus halotolerans	1814128	S	463	6	469	0.00001
Streptococcus mitis	28037	S	233	86	319	0.00001
Streptococcus toyakuensis	2819619	S	203	112	315	0.00001
Streptococcus canis	1329	S	390	62	452	0.00001
Streptococcus gordonii	1302	S	371	32	403	0.00001
Streptococcus koreensis	2382163	S	362	401	763	0.00002
Streptococcus salivarius	1304	S	354	278	632	0.00001
Streptococcus chenjunshii	2173853	S	334	2	336	0.00001
Streptococcus agalactiae	1311	S	305	1702	2007	0.00004
Streptococcus alactolyticus	29389	S	289	129	418	0.00001
Streptococcus ratti	1341	S	286	2	288	0.00001
Streptococcus infantis	68892	S	270	42	312	0.00001
Streptococcus zhangguiae	2664091	S	258	20	278	0.00001
Streptococcus lactarius	684066	S	252	18	270	0.00001
Streptococcus gallolyticus	315405	S	232	249	481	0.00001
Streptococcus troglodytae	1111760	S	221	21	242	0.00000
Streptococcus pantholopis	1811193	S	202	1	203	0.00000
Streptococcus halichoeri	254785	S	197	16	213	0.00000
Streptococcus marmotae	1825069	S	191	14	205	0.00000
Streptococcus pasteurianus	197614	S	188	768	956	0.00002
Streptococcus iners	3028084	S	186	34	220	0.00000
Streptococcus acidominimus	1326	S	177	18	195	0.00000
Streptococcus lutetiensis	150055	S	177	69	246	0.00000
Streptococcus pluranimalium	82348	S	149	26	175	0.00000
Streptococcus pseudoporcinus	361101	S	132	23	155	0.00000
Streptococcus macedonicus	59310	S	108	479	587	0.00001
Streptococcus vestibularis	1343	S	104	21	125	0.00000
Streptococcus tangpeifui	2709400	S	103	0	103	0.00000
Streptococcus rubneri	1234680	S	98	59	157	0.00000
Streptococcus danieliae	747656	S	93	0	93	0.00000
Streptococcus sobrinus	1310	S	92	1	93	0.00000
Streptococcus hillyeri	2282420	S	85	1	86	0.00000
Streptococcus suivaginalis	3028082	S	74	13	87	0.00000
Streptococcus oriscaviae	2781599	S	73	2	75	0.00000
Streptococcus parapneumoniae	2993430	S	69	51	120	0.00000
Streptococcus nidrosiense	3140788	S	54	12	66	0.00000
Streptococcus himalayensis	1888195	S	50	2	52	0.00000
Streptococcus milleri	33040	S	48	106	154	0.00000
Streptococcus cristatus	45634	S	26	15	41	0.00000
Streptococcus ferus	1345	S	23	0	23	0.00000
Streptococcus ruminantium	1917441	S	22	26	48	0.00000
Streptococcus hyointestinalis	1337	S	11	0	11	0.00000
Lactococcus cremoris	1359	S	1427	884	2311	0.00005
Lactococcus lactis	1358	S	1297	3262	4559	0.00009
Lactococcus garvieae	1363	S	788	223	1011	0.00002
Lactococcus taiwanensis	1151742	S	653	21	674	0.00001
Lactococcus allomyrinae	2419773	S	614	11	625	0.00001
Lactococcus sp. NH2-7C	2879149	S	393	169	562	0.00001
Lactococcus sp.	44273	S	12	390	402	0.00001
Lactococcus protaetiae	2592653	S	354	7	361	0.00001
Lactococcus formosensis	1281486	S	191	36	227	0.00000
Lactococcus petauri	1940789	S	35	158	193	0.00000
Pseudolactococcus piscium	1364	S	510	630	1140	0.00002
Pseudolactococcus paracarnosus	2749962	S	188	93	281	0.00001
Pseudolactococcus carnosus	2749961	S	165	157	322	0.00001
Pseudolactococcus raffinolactis	1366	S	81	21	102	0.00000
Floricoccus penangensis	1859475	S	1113	20	1133	0.00002
Carnobacterium maltaromaticum	2751	S	1528	176	1704	0.00003
Carnobacterium divergens	2748	S	1152	202	1354	0.00003
Carnobacterium sp. TMP28	3397060	S	427	24	451	0.00001
Carnobacterium sp. 17-4	208596	S	426	42	468	0.00001
Carnobacterium sp. CS13	2800128	S	29	121	150	0.00000
Carnobacterium inhibens	147709	S	597	224	821	0.00002
Carnobacterium jeotgali	545534	S	430	210	640	0.00001
Carnobacterium viridans	174587	S	225	69	294	0.00001
Carnobacterium antarcticum	2126436	S	12	49	61	0.00000
Jeotgalibaca sp. MA1X17-3	2908211	S	784	25	809	0.00002
Jeotgalibaca sp. PTS2502	1903686	S	158	208	366	0.00001
Jeotgalibaca dankookensis	708126	S	401	20	421	0.00001
Jeotgalibaca ciconiae	2496265	S	401	83	484	0.00001
Jeotgalibaca porci	1868793	S	278	134	412	0.00001
Jeotgalibaca arthritidis	1868794	S	190	249	439	0.00001
Trichococcus shcherbakoviae	2094020	S	304	96	400	0.00001
Trichococcus flocculiformis	82803	S	276	82	358	0.00001
Granulicatella elegans	137732	S	383	178	561	0.00001
Granulicatella adiacens	46124	S	249	27	276	0.00001
Alkalibacterium sp. f15	3414029	S	566	10	576	0.00001
Alkalibacterium putridalgicola	426703	S	73	7	80	0.00000
Alloiococcus sp. CFN-8	3416081	S	592	7	599	0.00001
Dolosigranulum pigrum	29394	S	426	88	514	0.00001
Dolosigranulum savutiense	3110288	S	38	12	50	0.00000
Marinilactibacillus sp. 15R	1911586	S	516	136	652	0.00001
Desemzia incerta	82801	S	173	66	239	0.00000
Aerococcus urinaeequi	51665	S	496	292	788	0.00002
Aerococcus christensenii	87541	S	188	17	205	0.00000
Aerococcus urinaehominis	128944	S	152	3	155	0.00000
Aerococcus mictus	2976810	S	145	351	496	0.00001
Aerococcus urinae	1376	S	84	125	209	0.00000
Aerococcus viridans	1377	S	60	50	110	0.00000
Aerococcus loyolae	2976809	S	43	18	61	0.00000
Globicatella sp. PHS-GS-PNBC-21-1553	2885764	S	536	683	1219	0.00002
Globicatella sulfidifaciens	136093	S	98	118	216	0.00000
Globicatella sanguinis	13076	S	83	44	127	0.00000
Tuanshanicoccus yangjingiae	2796928	S	667	30	697	0.00001
Tuanshanicoccus lijuaniae	2774330	S	557	10	567	0.00001
Fundicoccus culcitae	2969821	S	706	36	742	0.00001
Ruoffia tabacinasalis	87458	S	596	84	680	0.00001
Suicoccus acidiformans	2036206	S	526	83	609	0.00001
Ignavigranum ruoffiae	89093	S	276	10	286	0.00001
Abiotrophia defectiva	46125	S	183	5	188	0.00000
Clostridium sp. C1	1155388	S	13623	62556	76179	0.00154
Clostridium sp. HCS.1	3238594	S	3551	108	3659	0.00007
Clostridium sp. DL-VIII	641107	S	2434	101	2535	0.00005
Clostridium sp. MB05	3376682	S	2045	81	2126	0.00004
Clostridium sp. BJN0001	2930219	S	2043	107	2150	0.00004
Clostridium sp. ETTB3	3438650	S	1404	53	1457	0.00003
Clostridium sp. MD294	97138	S	1315	12	1327	0.00003
Clostridium sp. JNZ J1-5	3475975	S	826	38	864	0.00002
Clostridium sp. JN-9	2507159	S	806	18	824	0.00002
Clostridium sp. 'deep sea'	2779445	S	547	0	547	0.00001
Clostridium sp. JN-1	2483110	S	483	12	495	0.00001
Clostridium sp. MB40-C1	3070996	S	466	5	471	0.00001
Clostridium sp. BJN0013	3236840	S	465	19	484	0.00001
Clostridium sp. JS66	3064705	S	457	72	529	0.00001
Clostridium sp. JNZ X4-2	3470764	S	449	4	453	0.00001
Clostridium sp.	1506	S	434	55	489	0.00001
Clostridium sp. M62/1	411486	S	432	347	779	0.00002
Clostridium sp. LBM24168	3450749	S	417	6	423	0.00001
Clostridium sp. OS1-26	3070681	S	370	7	377	0.00001
Clostridium sp. BNL1100	755731	S	359	80	439	0.00001
Clostridium sp. SY8519	1042156	S	328	56	384	0.00001
Clostridium sp. AWRP	2212991	S	321	75	396	0.00001
Clostridium sp. CM042	3468798	S	309	249	558	0.00001
Clostridium sp. CM037	3468793	S	142	698	840	0.00002
Clostridium sp. 10cd*	3373596	S	138	1874	2012	0.00004
Clostridium sp. 16K-1-R1	2681265	S	111	5144	5255	0.00011
Clostridium sp. 001	1970093	S	98	41	139	0.00000
Clostridium sp. CM041	3468797	S	75	353	428	0.00001
Clostridium sp. LQ25	2992805	S	29	270	299	0.00001
Clostridium sp. MF28	1702238	S	12	87	99	0.00000
Clostridium sp. K25	1443109	S	11	23	34	0.00000
[Clostridium] innocuum	1522	S	7839	15399	23238	0.00047
Clostridium tertium	1559	S	4587	645	5232	0.00011
Clostridium botulinum	1491	S	4573	1675	6248	0.00013
Clostridium estertheticum	238834	S	4317	242	4559	0.00009
Clostridium saccharoperbutylacetonicum	36745	S	3884	108	3992	0.00008
Clostridium intestinale	36845	S	3447	65	3512	0.00007
Clostridium beijerinckii	1520	S	3396	2259	5655	0.00011
Clostridium baratii	1561	S	3170	94	3264	0.00007
Clostridium gelidum	704125	S	2842	57	2899	0.00006
Clostridium perfringens	1502	S	2663	3763	6426	0.00013
Clostridium isatidis	182773	S	2598	266	2864	0.00006
Clostridium pasteurianum	1501	S	2550	29	2579	0.00005
Clostridium butyricum	1492	S	2447	3855	6302	0.00013
Clostridium gasigenes	94869	S	2099	32	2131	0.00004
Clostridium acetobutylicum	1488	S	1797	7	1804	0.00004
Clostridium chauvoei	46867	S	1708	86	1794	0.00004
Clostridium culturomicium	1499683	S	1551	51	1602	0.00003
Clostridium thermarum	1716543	S	1450	119	1569	0.00003
Clostridium felsineum	36839	S	1409	34	1443	0.00003
Clostridium cadaveris	1529	S	1354	97	1451	0.00003
Clostridium manihotivorum	2320868	S	1340	15	1355	0.00003
Clostridium cellulovorans	1493	S	1226	14	1240	0.00003
Clostridium saccharobutylicum	169679	S	1135	38	1173	0.00002
Clostridium taeniosporum	394958	S	1088	32	1120	0.00002
Clostridium caseinilyticum	3350403	S	1011	135	1146	0.00002
Clostridium septicum	1504	S	990	41	1031	0.00002
Clostridium tetani	1513	S	987	27	1014	0.00002
Clostridium tagluense	360422	S	951	45	996	0.00002
Clostridium bornimense	1216932	S	873	177	1050	0.00002
Clostridium tyrobutyricum	1519	S	641	10	651	0.00001
Clostridium kluyveri	1534	S	601	13	614	0.00001
Clostridium novyi	1542	S	515	116	631	0.00001
Clostridium argentinense	29341	S	464	9	473	0.00001
Clostridium drakei	332101	S	405	140	545	0.00001
Clostridium cochlearium	1494	S	331	40	371	0.00001
Clostridium thermosuccinogenes	84032	S	253	33	286	0.00001
Clostridium ljungdahlii	1538	S	225	833	1058	0.00002
Clostridium carboxidivorans	217159	S	215	39	254	0.00001
Clostridium fermenticellae	2068654	S	162	3	165	0.00000
Clostridium scatologenes	1548	S	113	38	151	0.00000
Clostridium autoethanogenum	84023	S	66	349	415	0.00001
Clostridium sporogenes	1509	S	50	345	395	0.00001
Crassaminicella thermophila	2599308	S	1073	27	1100	0.00002
Crassaminicella profunda	1286698	S	1032	17	1049	0.00002
Crassaminicella indica	2855394	S	776	27	803	0.00002
Haloimpatiens myeolchijeotgali	3298610	S	1611	28	1639	0.00003
Haloimpatiens lingqiaonensis	1380675	S	497	211	708	0.00001
Haloimpatiens sporogenes	3298609	S	205	8	213	0.00000
Caloramator sp. E03	2576307	S	984	3	987	0.00002
Caloramator sp. mosi_1	3023090	S	339	22	361	0.00001
Caloramator sp. Dgby_cultured_2	3029174	S	190	11	201	0.00000
Wukongibacter sp. M2B1	3088895	S	622	178	800	0.00002
Wukongibacter baidiensis	1723361	S	426	126	552	0.00001
Lactonifactor longoviformis	341220	S	1273	177	1450	0.00003
Candidatus Sarcina troglodytae	2726954	S	1178	83	1261	0.00003
Oceanirhabdus sp. W0125-5	2999116	S	934	10	944	0.00002
Candidatus Arthromitus sp. SFB-rat-Yit	1041504	S	421	10	431	0.00001
Candidatus Arthromitus sp. SFB-mouse-NL	1508644	S	14	132	146	0.00000
Hathewaya histolytica	1498	S	460	26	486	0.00001
Proteiniclasticum sp. QWL-01	3036945	S	28	1	29	0.00000
Ruminococcus gauvreauii	438033	S	1859	193	2052	0.00004
Ruminococcus bovis	2564099	S	1644	74	1718	0.00003
Ruminococcus sp. SR1/5	657323	S	151	982	1133	0.00002
Ruminococcus sp. JL13D9	3233381	S	43	247	290	0.00001
Ruminococcus sp. JE7B6	3233380	S	26	103	129	0.00000
Ruminococcus bicirculans (ex Wegman et al. 2014)	1160721	S	537	56	593	0.00001
Ruminococcus callidus	40519	S	200	13	213	0.00000
Ruminococcus albus	1264	S	177	1	178	0.00000
Ruminococcus champanellensis	1161942	S	164	5	169	0.00000
Paludihabitans sp. MB14-C6	3070656	S	2269	14	2283	0.00005
Ruminiclostridium herbifermentans	2488810	S	944	181	1125	0.00002
Ruminiclostridium cellulolyticum	1521	S	488	69	557	0.00001
Ruminiclostridium papyrosolvens	29362	S	286	37	323	0.00001
Faecalibacterium prausnitzii	853	S	547	458	1005	0.00002
Faecalibacterium sp. 7	3402017	S	34	94	128	0.00000
Faecalibacterium sp. I3-3-33	2929492	S	23	55	78	0.00000
Faecalibacterium sp. I4-3-84	2929495	S	12	50	62	0.00000
Caproicibacterium sp. NSD3	3457503	S	268	12	280	0.00001
Caproicibacterium sp. BJN0003	2994078	S	159	52	211	0.00000
Caproicibacterium sp. XB2	3388458	S	24	410	434	0.00001
Caproicibacterium amylolyticum	2766537	S	227	138	365	0.00001
Petroclostridium sp. X23	3045146	S	726	13	739	0.00001
Amygdalobacter nucleatus	3029274	S	387	20	407	0.00001
Amygdalobacter indicium	3029272	S	234	15	249	0.00001
Flavonifractor plautii	292800	S	358	71	429	0.00001
Solibaculum mannosilyticum	2780922	S	344	106	450	0.00001
Anaerotruncus colihominis	169435	S	343	128	471	0.00001
Owariibacterium komagatae	3136601	S	283	98	381	0.00001
Thermoclostridium stercorarium	1510	S	262	133	395	0.00001
Mageeibacillus indolicus	884684	S	254	33	287	0.00001
Acidaminobacterium chupaoyuni	3381350	S	238	1	239	0.00000
Bengtsoniella intestinalis	3073143	S	184	2	186	0.00000
Hominenteromicrobium mulieris	2885357	S	167	93	260	0.00001
Thermocaproicibacter melissae	2966552	S	102	41	143	0.00000
Pusillibacter faecalis	2714358	S	66	15	81	0.00000
Ethanoligenens harbinense	253239	S	61	7	68	0.00000
Ruthenibacterium lactatiformans	1550024	S	60	7	67	0.00000
Dysosmobacter sp. Phy	3465159	S	37	4	41	0.00000
Dysosmobacter welbionis	2093857	S	10	81	91	0.00000
Pseudoflavonifractor gallinarum	2779352	S	41	5	46	0.00000
uncultured Subdoligranulum sp.	512298	S	26	4	30	0.00000
Vescimonas coprocola	2714355	S	13	5	18	0.00000
Vescimonas fastidiosa	2714353	S	11	4	15	0.00000
Lawsonibacter asaccharolyticus	2108523	S	20	2	22	0.00000
Fastidiosipila sanguinis	236753	S	18	2	20	0.00000
Oscillibacter hominis	2763056	S	15	5	20	0.00000
Eubacterium ventriosum	39496	S	2124	679	2803	0.00006
Eubacterium ramulus	39490	S	639	347	986	0.00002
Eubacterium callanderi	53442	S	473	226	699	0.00001
Eubacterium sp. MSJ-33	2841528	S	149	26	175	0.00000
Eubacterium sp. F2	3381348	S	94	5	99	0.00000
Eubacterium maltosivorans	2041044	S	236	37	273	0.00001
Eubacterium limosum	1736	S	232	64	296	0.00001
Acetobacterium woodii	33952	S	623	15	638	0.00001
Acetobacterium wieringae	52694	S	334	28	362	0.00001
Acetobacterium malicum	52692	S	81	12	93	0.00000
Acetobacterium sp. KB-1	2184575	S	50	740	790	0.00002
Anaerofustis stercorihominis	214853	S	838	49	887	0.00002
Alkalibacter rhizosphaerae	2815577	S	52	0	52	0.00000
Pseudoramibacter alactolyticus	113287	S	23	0	23	0.00000
Desulfitobacterium metallireducens	142877	S	325	7	332	0.00001
Desulfitobacterium sp. AusDCA	3240383	S	271	164	435	0.00001
Desulfitobacterium dehalogenans	36854	S	244	2	246	0.00000
Desulfitobacterium nosdiversum	3375356	S	165	104	269	0.00001
Desulfitobacterium hafniense	49338	S	143	1	144	0.00000
Desulfitobacterium dichloroeliminans	233055	S	102	5	107	0.00000
Desulfosporosinus orientis	1563	S	308	2	310	0.00001
Desulfosporosinus youngiae	339862	S	259	3	262	0.00001
Desulfosporosinus paludis	3115649	S	177	1	178	0.00000
Desulfosporosinus meridiei	79209	S	141	2	143	0.00000
Desulfosporosinus acidiphilus	885581	S	63	0	63	0.00000
Dehalobacter sp. DCM	2907827	S	352	43	395	0.00001
Dehalobacter sp. CF	1131462	S	23	114	137	0.00000
Dehalobacter sp. CP	2594474	S	19	3	22	0.00000
Dehalobacter restrictus	55583	S	43	14	57	0.00000
Syntrophobotulus glycolicus	51197	S	163	0	163	0.00000
Proteiniborus sp. MB09-C3	3050072	S	1095	120	1215	0.00002
Fenollaria massiliensis	938288	S	431	139	570	0.00001
Fenollaria sporofastidiosus	2811778	S	72	32	104	0.00000
Sulfobacillus thermotolerans	338644	S	132	0	132	0.00000
Intestinimonas butyriciproducens	1297617	S	145	21	166	0.00000
Flintibacter sp. KGMB00164	2610895	S	72	8	80	0.00000
Carboxydocella thermautotrophica	178899	S	60	0	60	0.00000
Levyella massiliensis	938289	S	49	2	51	0.00000
Tianxiuia mixotrophica	3071453	S	866	4	870	0.00002
Helicovermis profundi	3065157	S	801	2	803	0.00002
Fusibacter sp. JL298sf-3	3440631	S	20	0	20	0.00000
Caproiciproducens puteiluti	3435000	S	519	193	712	0.00001
Caproiciproducens sp. CPB-2	3030017	S	198	195	393	0.00001
Caproiciproducens sp. LBM24188	3450750	S	140	55	195	0.00000
Acutalibacter muris	1796620	S	180	9	189	0.00000
Caproicibacter fermentans	2576756	S	133	14	147	0.00000
Caproicibacter sp. BJN0012	3110227	S	17	133	150	0.00000
Desulforamulus ferrireducens	1833852	S	155	64	219	0.00000
Desulforamulus reducens	59610	S	152	4	156	0.00000
Desulforamulus ruminis	1564	S	134	3	137	0.00000
Acididesulfobacillus acetoxydans	1561005	S	194	1	195	0.00000
Dehalobacterium formicoaceticum	51515	S	183	37	220	0.00000
Thermanaerosceptrum fracticalcis	1712410	S	125	2	127	0.00000
Desulfofundulus kuznetsovii	58135	S	93	0	93	0.00000
Candidatus Formimonas warabiya	1761012	S	70	0	70	0.00000
Desulfofarcimen acetoxidans	58138	S	68	0	68	0.00000
Phosphitispora sp. TUW77	3152361	S	46	7	53	0.00000
Alkalicella caledoniensis	2731377	S	533	2	535	0.00001
Proteinivorax tanatarense	1260629	S	276	3	279	0.00001
Proteinivorax hydrogeniformans	1826727	S	25	0	25	0.00000
Agathobaculum sp. NTUH-O15-33	3079302	S	476	9	485	0.00001
Agathobaculum massiliense	3014267	S	11	110	121	0.00000
Butyricicoccus porcorum	1945634	S	133	28	161	0.00000
Desulfoscipio gibsoniae	102134	S	552	4	556	0.00001
Desulfoscipio sp. L	3144975	S	18	0	18	0.00000
Candidatus Syntrophocurvum alkaliphilum	2293317	S	270	0	270	0.00001
Syntrophomonas erecta	264446	S	104	24	128	0.00000
Syntrophomonas wolfei	863	S	56	0	56	0.00000
Syntrophomonas curvata	231025	S	46	0	46	0.00000
Syntrophothermus lipocalidus	86170	S	15	0	15	0.00000
Aristaeella lactis	3046383	S	329	0	329	0.00001
Aristaeella hokkaidonensis	3046382	S	30	0	30	0.00000
Thermincola potens	863643	S	161	11	172	0.00000
Heliorestis convoluta	356322	S	115	0	115	0.00000
Desulfotomaculum nigrificans	1565	S	42	22	64	0.00000
Symbiobacterium thermophilum	2734	S	15	0	15	0.00000
Blautia producta	33035	S	5591	943	6534	0.00013
Blautia hansenii	1322	S	2095	791	2886	0.00006
Blautia obeum	40520	S	1913	985	2898	0.00006
Blautia parvula	2877527	S	1854	581	2435	0.00005
Blautia pseudococcoides	1796616	S	1598	79	1677	0.00003
Blautia wexlerae	418240	S	1562	1289	2851	0.00006
Blautia liquoris	2779518	S	1258	47	1305	0.00003
Blautia argi	1912897	S	1210	450	1660	0.00003
Blautia hydrogenotrophica	53443	S	788	58	846	0.00002
Blautia luti	89014	S	700	350	1050	0.00002
Blautia sp. SC05B48	2479767	S	309	558	867	0.00002
Blautia massiliensis (ex Durand et al. 2017)	1737424	S	139	1067	1206	0.00002
Mediterraneibacter gnavus	33038	S	3557	1337	4894	0.00010
[Ruminococcus] torques	33039	S	1819	1293	3112	0.00006
[Ruminococcus] lactaris	46228	S	785	111	896	0.00002
Mediterraneibacter glycyrrhizinilyticus	342942	S	737	200	937	0.00002
Mediterraneibacter faecis	592978	S	701	428	1129	0.00002
Anaerocolumna sp. AGMB13025	3039116	S	1342	40	1382	0.00003
Anaerocolumna sp. AGMB13020	3081750	S	1042	52	1094	0.00002
Anaerocolumna sp. MB42-C2	3070997	S	1036	100	1136	0.00002
Anaerocolumna cellulosilytica	433286	S	1676	82	1758	0.00004
Anaerocolumna chitinilytica	1727145	S	1192	54	1246	0.00003
Anaerocolumna sedimenticola	2696063	S	909	108	1017	0.00002
Lacrimispora xylanisolvens	384636	S	1790	114	1904	0.00004
Lacrimispora sp. BS-2	3151850	S	767	139	906	0.00002
Lacrimispora sp. HJ-01	3375704	S	392	114	506	0.00001
Lacrimispora sinapis	3111456	S	1143	163	1306	0.00003
Lacrimispora xylanolytica	29375	S	812	86	898	0.00002
Lacrimispora saccharolytica	84030	S	491	92	583	0.00001
Lacrimispora sphenoides	29370	S	437	119	556	0.00001
Anaerostipes hadrus	649756	S	2733	511	3244	0.00007
Anaerostipes caccae	105841	S	1197	326	1523	0.00003
Anaerostipes rhamnosivorans	1229621	S	954	201	1155	0.00002
Anaerostipes sp. PC18	3036926	S	277	195	472	0.00001
[Clostridium] scindens	29347	S	2960	395	3355	0.00007
Lachnoclostridium phytofermentans	66219	S	1823	28	1851	0.00004
[Clostridium] hylemonae	89153	S	694	71	765	0.00002
Roseburia sp. 499	1261634	S	1165	73	1238	0.00002
Roseburia sp. 831b	1261635	S	1040	53	1093	0.00002
Roseburia rectibacter	2763062	S	731	355	1086	0.00002
Roseburia intestinalis	166486	S	729	523	1252	0.00003
Roseburia hominis	301301	S	386	170	556	0.00001
Roseburia faecis	301302	S	334	111	445	0.00001
Dorea formicigenerans	39486	S	1556	810	2366	0.00005
Dorea longicatena	88431	S	1528	1153	2681	0.00005
Dorea amylophila	2981789	S	160	199	359	0.00001
Enterocloster bolteae	208479	S	1579	325	1904	0.00004
Enterocloster clostridioformis	1531	S	790	280	1070	0.00002
Enterocloster lavalensis	460384	S	278	82	360	0.00001
Enterocloster asparagiformis	333367	S	164	25	189	0.00000
Anaerobutyricum hallii	39488	S	1567	1625	3192	0.00006
Sellimonas caecigallum	2592333	S	807	127	934	0.00002
Sellimonas catena	2994035	S	695	372	1067	0.00002
Sellimonas intestinalis	1653434	S	642	139	781	0.00002
Hungatella hathewayi	154046	S	990	224	1214	0.00002
Hungatella sp. SB206	2937758	S	759	363	1122	0.00002
Eisenbergiella porci	2652274	S	1884	410	2294	0.00005
Butyrivibrio fibrisolvens	831	S	585	10	595	0.00001
Butyrivibrio proteoclasticus	43305	S	476	9	485	0.00001
Butyrivibrio hungatei	185008	S	448	7	455	0.00001
Butyrivibrio sp. JL13D10	3236815	S	270	6	276	0.00001
Anaeromicropila herbilytica	2785025	S	1784	11	1795	0.00004
Faecalimonas umbilicata	1912855	S	1734	748	2482	0.00005
Kineothrix sp. MB12-C1	3070215	S	1200	35	1235	0.00002
Kineothrix sedimenti	3123317	S	383	12	395	0.00001
Claveliimonas bilis	3028070	S	1546	157	1703	0.00003
Novisyntrophococcus fermenticellae	2068655	S	1433	91	1524	0.00003
[Clostridium] colinum	36835	S	1380	38	1418	0.00003
Allocoprococcus comes	410072	S	1146	563	1709	0.00003
Chakrabartyella piscis	2918914	S	1007	43	1050	0.00002
Pseudobutyrivibrio ruminis	46206	S	538	22	560	0.00001
Pseudobutyrivibrio xylanivorans	185007	S	433	11	444	0.00001
[Clostridium] symbiosum	1512	S	946	140	1086	0.00002
Lachnoanaerobaculum umeaense	617123	S	622	59	681	0.00001
Lachnoanaerobaculum gingivalis	2490855	S	197	21	218	0.00000
Marvinbryantia formatexigens	168384	S	872	56	928	0.00002
Lachnospira eligens	39485	S	702	57	759	0.00002
Herbinix luporum	1679721	S	609	141	750	0.00002
Candidatus Epulonipiscium viviparus	420336	S	608	16	624	0.00001
Agathobacter rectalis	39491	S	545	237	782	0.00002
Eshraghiella crossota	45851	S	529	133	662	0.00001
Qiania dongpingensis	2763669	S	393	41	434	0.00001
Jutongia sp. SJQ-6	3445972	S	378	35	413	0.00001
Wansuia hejianensis	2763667	S	362	21	383	0.00001
Coprococcus sp. ART55/1	751585	S	92	133	225	0.00000
Coprococcus eutactus	33043	S	60	81	141	0.00000
Anaeropeptidivorans aminofermentans	2934315	S	317	1	318	0.00001
Simiaoa sunii	2763672	S	260	76	336	0.00001
Wujia chipingensis	2763670	S	251	79	330	0.00001
Hominifimenecus sp. rT4P-3	3242979	S	217	0	217	0.00000
Stomatobaculum sp. F0698	3059030	S	55	0	55	0.00000
Chordicoccus furentiruminis	2709410	S	44	1	45	0.00000
Sporofaciens musculi	2681861	S	22	0	22	0.00000
Vallitalea guaymasensis	1185412	S	1122	11	1133	0.00002
Vallitalea pronyensis	1348613	S	744	7	751	0.00002
Petrocella atlantisensis	2173034	S	224	6	230	0.00000
Cellulosilyticum sp. WCF-2	2497860	S	55	586	641	0.00001
Cellulosilyticum sp. ST5	3055805	S	28	278	306	0.00001
Cellulosilyticum lentocellum	29360	S	131	604	735	0.00001
Defluviitalea saccharophila	879970	S	1043	312	1355	0.00003
Anaerotignum propionicum	28446	S	394	83	477	0.00001
Anaerotignum sp. MB30-C6	3070814	S	195	51	246	0.00000
Clostridioides difficile	1496	S	6076	2610	8686	0.00018
Clostridioides sp. ES-S-0054-01	2770780	S	688	413	1101	0.00002
Clostridioides sp. ES-S-0010-02	2770776	S	280	1080	1360	0.00003
Clostridioides sp. ES-W-0016-02	2770788	S	127	369	496	0.00001
Clostridioides sp. ES-S-0107-01	2770772	S	31	34	65	0.00000
Terrisporobacter petrolearius	1460447	S	1523	2418	3941	0.00008
Terrisporobacter glycolicus	36841	S	954	300	1254	0.00003
Terrisporobacter mayombei	1541	S	908	238	1146	0.00002
Terrisporobacter vanillatitrophus	3058402	S	871	225	1096	0.00002
Romboutsia ilealis	1115758	S	1596	293	1889	0.00004
Romboutsia sp. 13368	2708053	S	790	180	970	0.00002
Romboutsia sp. CE17	2724150	S	612	119	731	0.00001
Romboutsia hominis	1507512	S	966	136	1102	0.00002
Paraclostridium sordellii	1505	S	1566	131	1697	0.00003
Paraclostridium bifermentans	1490	S	889	421	1310	0.00003
Paraclostridium ghonii	29358	S	549	51	600	0.00001
Paraclostridium dentum	2662455	S	132	138	270	0.00001
Peptacetobacter hiranonis	89152	S	1142	334	1476	0.00003
Peptacetobacter sp. AB845	3388429	S	324	127	451	0.00001
Tepidibacter hydrothermalis	3036126	S	763	41	804	0.00002
Tepidibacter aestuarii	2925782	S	592	40	632	0.00001
Intestinibacter bartlettii	261299	S	1135	137	1272	0.00003
Faecalimicrobium sp. JNUCC 81	3469801	S	884	123	1007	0.00002
Peptostreptococcus equinus	3003601	S	453	10	463	0.00001
Peptostreptococcus anaerobius	1261	S	37	6	43	0.00000
Aminipila terrae	2697030	S	907	12	919	0.00002
Aminipila luticellarii	2507160	S	752	96	848	0.00002
Aminipila butyrica	433296	S	179	1	180	0.00000
Emergencia timonensis	1776384	S	782	49	831	0.00002
Emergencia sp. JLR.KK010	3114296	S	345	17	362	0.00001
Ihubacter sp. rT4E-8	3242369	S	712	23	735	0.00001
Sinanaerobacter sp. ZZT-01	3111540	S	481	7	488	0.00001
Mogibacterium diversum	114527	S	132	12	144	0.00000
Mogibacterium pumilum	86332	S	106	7	113	0.00000
Mogibacterium neglectum	114528	S	75	13	88	0.00000
Anoxybacterium hadale	3408580	S	216	1	217	0.00000
Alkaliphilus metalliredigens	208226	S	859	18	877	0.00002
Alkaliphilus oremlandii	461876	S	462	12	474	0.00001
Alkaliphilus sp. B6464	2731219	S	351	5	356	0.00001
Andreesenella formicacetica	1497	S	388	7	395	0.00001
Andreesenella acetica	84022	S	158	1	159	0.00000
Serpentinicella alkaliphila	1734049	S	320	3	323	0.00001
Filifactor alocis	143361	S	517	99	616	0.00001
Acetoanaerobium noterae	745369	S	193	145	338	0.00001
Acetoanaerobium sticklandii	1511	S	100	73	173	0.00000
Caminicella sporogenes	166485	S	644	17	661	0.00001
Geosporobacter ferrireducens	1424294	S	260	6	266	0.00001
Peptoclostridium acidaminophilum	1731	S	84	3	87	0.00000
Halanaerobium praevalens	2331	S	761	1	762	0.00002
Halanaerobium hydrogeniformans	656519	S	484	0	484	0.00001
Halocella sp. SP3-1	2382161	S	313	117	430	0.00001
Iocasia frigidifontis	2682810	S	70	27	97	0.00000
Halobacteroides halobius	42422	S	438	0	438	0.00001
Natroniella sp. ANB-PHB2	3384444	S	353	0	353	0.00001
Acetohalobium arabaticum	28187	S	264	0	264	0.00001
Halothermothrix orenii	31909	S	420	0	420	0.00001
Anoxybacter fermentans	1323375	S	34	0	34	0.00000
Thermoanaerobacterium thermosaccharolyticum	1517	S	423	533	956	0.00002
Thermoanaerobacterium sp. RBIITD	1550240	S	149	57	206	0.00000
Thermoanaerobacterium sp. CMT5567-10	3061989	S	52	158	210	0.00000
Thermoanaerobacterium xylanolyticum	29329	S	107	19	126	0.00000
Thermoanaerobacter sp. RKWS2	2983842	S	137	331	468	0.00001
Thermoanaerobacter sp. X514	399726	S	14	36	50	0.00000
Thermoanaerobacter italicus	108150	S	68	56	124	0.00000
Aceticella autotrophica	2755338	S	163	1	164	0.00000
Thermacetogenium phaeum	85874	S	97	11	108	0.00000
Carboxydothermus hydrogenoformans	129958	S	40	0	40	0.00000
Desulfothermobacter acidiphilus	1938353	S	29	0	29	0.00000
Caldanaerobacter subterraneus	911092	S	22	1	23	0.00000
Desulforudis sp. Tu-874	3416276	S	39	1	40	0.00000
Biomaibacter acetigenes	2316383	S	774	0	774	0.00002
Tepidanaerobacter acetatoxydans	499229	S	178	1	179	0.00000
Thermosediminibacter oceani	291990	S	22	0	22	0.00000
Natranaerofaba carboxydovora	2742683	S	651	0	651	0.00001
Natranaerobius thermophilus	375929	S	292	0	292	0.00001
Acetivibrio thermocellus	1515	S	356	41	397	0.00001
Acetivibrio clariflavus	288965	S	350	59	409	0.00001
Acetivibrio saccincola	1677857	S	46	4	50	0.00000
Neomoorella thermoacetica	1525	S	208	4	212	0.00000
Neomoorella humiferrea	676965	S	107	4	111	0.00000
Neomoorella glycerini	55779	S	47	0	47	0.00000
Zhaonella formicivorans	2528593	S	307	1	308	0.00001
Metallumcola ferriviriculae	3039180	S	19	0	19	0.00000
Christensenella massiliensis	1805714	S	192	19	211	0.00000
Christensenella minuta	626937	S	177	14	191	0.00000
Christensenella sp. MSJ-20	2841518	S	20	0	20	0.00000
Monoglobus pectinilyticus	1981510	S	359	72	431	0.00001
Mahella australiensis	252966	S	210	10	220	0.00000
Koleobacter methoxysyntrophicus	2751313	S	22	0	22	0.00000
Anaerococcus cruorum	3115617	S	955	53	1008	0.00002
Anaerococcus sp. Marseille-Q7828	3036300	S	382	44	426	0.00001
Anaerococcus sp. AH8042_DFU013_CI05	3385202	S	199	16	215	0.00000
Anaerococcus nagyae	1755241	S	342	7	349	0.00001
Anaerococcus vaginalis	33037	S	321	317	638	0.00001
Anaerococcus martiniensis	3115615	S	267	14	281	0.00001
Anaerococcus prevotii	33034	S	124	15	139	0.00000
Anaerococcus obesiensis	1287640	S	82	74	156	0.00000
Parvimonas micra	33033	S	1167	383	1550	0.00003
Parvimonas parva	2769485	S	607	72	679	0.00001
Parvimonas sp. G1604	3388845	S	425	45	470	0.00001
Parvimonas sp. G1425	3387694	S	15	13	28	0.00000
Helcococcus ovis	72026	S	1061	55	1116	0.00002
Helcococcus kunzii	40091	S	734	48	782	0.00002
Finegoldia magna	1260	S	1145	161	1306	0.00003
Miniphocaeibacter halophilus	2931922	S	929	1	930	0.00002
Microaceticoccus formicicus	3118105	S	781	2	783	0.00002
Peptoniphilus harei	54005	S	510	59	569	0.00001
Peptoniphilus lacrimalis	33031	S	84	24	108	0.00000
Peptoniphilus genitalis	3036303	S	61	10	71	0.00000
Aedoeadaptatus ivorii	54006	S	105	1	106	0.00000
Murdochiella vaginalis	1852373	S	15	4	19	0.00000
Tissierella sp. MB52-C2	3070999	S	866	4	870	0.00002
Tissierella sp. Yu-01	3035694	S	706	5	711	0.00001
Tissierella carlieri	689904	S	1321	6	1327	0.00003
Gudongella oleilytica	1582259	S	80	1	81	0.00000
Keratinibaculum paraultunense	1278232	S	572	20	592	0.00001
Schnuerera ultunensis	45497	S	447	12	459	0.00001
Sporanaerobacter sp.	2010183	S	548	20	568	0.00001
Caloranaerobacter azorensis	116090	S	350	4	354	0.00001
Gottschalkia acidurici	1556	S	312	1	313	0.00001
Acidilutibacter cellobiosedens	2507161	S	147	8	155	0.00000
Sedimentibacter sp. zth1	2816908	S	1431	39	1470	0.00003
Sedimentibacter sp. MB31-C6	3109366	S	976	619	1595	0.00003
Ezakiella coagulans	46507	S	207	84	291	0.00001
Sporomusa acidovorans	112900	S	876	6	882	0.00002
Sporomusa silvacetica	55504	S	312	3	315	0.00001
Sporomusa termitida	2377	S	287	1	288	0.00001
Sporomusa sphaeroides	47679	S	159	137	296	0.00001
Sporomusa malonica	112901	S	159	1	160	0.00000
Sporomusa ovata	2378	S	139	4	143	0.00000
Sporomusa rhizae	357999	S	116	1	117	0.00000
Sporomusa aerivorans	204936	S	72	0	72	0.00000
Sporomusa carbonis	3076075	S	23	1	24	0.00000
uncultured Sporomusa sp.	307249	S	15	4	19	0.00000
Pelosinus fermentans	365349	S	651	3	654	0.00001
Pelosinus sp. UFO1	484770	S	505	5	510	0.00001
Anaerosinus gibii	3054208	S	999	7	1006	0.00002
Methylomusa anaerophila	1930071	S	111	0	111	0.00000
Megamonas funiformis	437897	S	1528	5	1533	0.00003
Megamonas hypermegale	158847	S	1049	8	1057	0.00002
Selenomonas sp. TAMA-11512	3095337	S	99	0	99	0.00000
Selenomonas sp. oral taxon 478	712538	S	97	5	102	0.00000
Selenomonas sp. oral taxon 126	712528	S	35	1	36	0.00000
Selenomonas ruminantium	971	S	189	1	190	0.00000
Selenomonas dianae	135079	S	88	2	90	0.00000
Selenomonas sputigena	69823	S	78	0	78	0.00000
Pectinatus frisingensis	865	S	466	3	469	0.00001
Pectinatus haikarae	349096	S	88	0	88	0.00000
Megasphaera elsdenii	907	S	283	29	312	0.00001
Megasphaera sueciensis	349094	S	242	5	247	0.00000
Megasphaera stantonii	2144175	S	194	6	200	0.00000
Megasphaera coli	1852379	S	68	0	68	0.00000
Megasphaera hexanoica	1675036	S	61	2	63	0.00000
Megasphaera sp.	2023260	S	27	4	31	0.00000
Veillonella parvula	29466	S	167	3	170	0.00000
Veillonella rogosae	423477	S	157	7	164	0.00000
Veillonella nakazawae	2682456	S	150	36	186	0.00000
Veillonella orientalis	2682455	S	83	17	100	0.00000
Veillonella dispar	39778	S	74	9	83	0.00000
Veillonella rodentium	248315	S	41	0	41	0.00000
Dialister hominis	2582419	S	316	10	326	0.00001
Dialister pneumosintes	39950	S	194	0	194	0.00000
Dialister sp.	1955814	S	30	0	30	0.00000
Dialister succinatiphilus	487173	S	15	0	15	0.00000
Phascolarctobacterium faecium	33025	S	543	1	544	0.00001
Phascolarctobacterium succinatutens	626940	S	24	6	30	0.00000
Phascolarctobacterium sp. Marseille-Q4147	2823317	S	20	2	22	0.00000
Acidaminococcus timonensis	1871002	S	61	4	65	0.00000
Acidaminococcus intestini	187327	S	38	1	39	0.00000
Acidaminococcus fermentans	905	S	29	1	30	0.00000
Caldicellulosiruptor acetigenus	301953	S	398	118	516	0.00001
Caldicellulosiruptor changbaiensis	1222016	S	215	366	581	0.00001
Caldicellulosiruptor hydrothermalis	413888	S	213	172	385	0.00001
Caldicellulosiruptor morganii	1387555	S	209	52	261	0.00001
Caldicellulosiruptor kronotskyensis	413889	S	99	107	206	0.00000
Caldicellulosiruptor saccharolyticus	44001	S	80	209	289	0.00001
Anaerocellum diazotrophicum	2806205	S	69	25	94	0.00000
Caldicellulosiruptor obsidiansis	717609	S	25	7	32	0.00000
endosymbiont 'TC1' of Trimyema compressum	243899	S	292	0	292	0.00001
Limnochorda pilosa	1555112	S	23	0	23	0.00000
Candidatus Contubernalis alkaliaceticus	338645	S	54	0	54	0.00000
Microbacterium sp. TPU 3598	1938334	S	65306	93198	158504	0.00320
Microbacterium sp. As-52	3390503	S	19947	55249	75196	0.00152
Microbacterium sp. SY138	3149040	S	19419	46636	66055	0.00133
Microbacterium sp. Y-01	2048898	S	17660	1136	18796	0.00038
Microbacterium sp. PMB16	3120157	S	12403	235	12638	0.00025
Microbacterium sp. LWH10-1.2	3135255	S	9906	395	10301	0.00021
Microbacterium sp. LWO14-1.2	3135263	S	8193	340	8533	0.00017
Microbacterium sp. LWH13-1.2	3135260	S	7622	511	8133	0.00016
Microbacterium sp. 1S1	2606451	S	5397	530	5927	0.00012
Microbacterium sp. WHRI 7836	3162563	S	5180	9641	14821	0.00030
Microbacterium sp. XT11	367477	S	4990	111	5101	0.00010
Microbacterium sp. PAMC22086	2861281	S	3865	2924	6789	0.00014
Microbacterium sp. M	3377125	S	3765	86	3851	0.00008
Microbacterium sp. A8/3-1	3160749	S	3424	862	4286	0.00009
Microbacterium sp. J1-1	2992441	S	3090	1396	4486	0.00009
Microbacterium sp. H1-D42	2925844	S	2869	37	2906	0.00006
Microbacterium sp. KUDC0406	2909588	S	2551	47	2598	0.00005
Microbacterium sp. YJN-G	2763257	S	2505	129	2634	0.00005
Microbacterium sp. nov. GSS16	3019890	S	1976	133	2109	0.00004
Microbacterium sp. NIBRBAC000506063	2734618	S	1845	378	2223	0.00004
Microbacterium sp. LBN7	3129773	S	1649	1676	3325	0.00007
Microbacterium sp. CBA3102	2603598	S	1514	1767	3281	0.00007
Microbacterium sp. LWH11-1.2	3135258	S	1488	1448	2936	0.00006
Microbacterium sp. zg-B185	3049070	S	1212	12	1224	0.00002
Microbacterium sp. Nx66	2766784	S	1067	635	1702	0.00003
Microbacterium sp. LWS13-1.2	3135264	S	957	18	975	0.00002
Microbacterium sp. cx-55	2875948	S	901	10	911	0.00002
Microbacterium sp. CJ88	3445672	S	901	46	947	0.00002
Microbacterium sp. LTA6	3129771	S	887	1316	2203	0.00004
Microbacterium sp. PA5	3416654	S	869	18	887	0.00002
Microbacterium sp. JZ31	1906274	S	863	20	883	0.00002
Microbacterium sp. 4R-513	2567934	S	851	15	866	0.00002
Microbacterium sp. HA-8	3234200	S	847	95	942	0.00002
Microbacterium sp. AZCO	3142976	S	809	14	823	0.00002
Microbacterium sp. LWO13-1.2	3135262	S	800	1145	1945	0.00004
Microbacterium sp. MM2322	3157631	S	763	130	893	0.00002
Microbacterium sp. 1.5R	1916917	S	758	886	1644	0.00003
Microbacterium sp. No. 7	1714373	S	727	53	780	0.00002
Microbacterium sp. F51-2R	3445777	S	705	13	718	0.00001
Microbacterium sp. str. 'China'	2103230	S	698	888	1586	0.00003
Microbacterium sp. CGR1	1696072	S	697	712	1409	0.00003
Microbacterium sp. E-13	3404048	S	694	13	707	0.00001
Microbacterium sp. LWH7-1.2	3135257	S	687	15	702	0.00001
Microbacterium sp. zg-B96	3049069	S	669	9	678	0.00001
Microbacterium sp. Clip185	3025663	S	663	18	681	0.00001
Microbacterium sp. 10M-3C3	2483401	S	660	26	686	0.00001
Microbacterium sp. che218	3140649	S	657	21	678	0.00001
Microbacterium sp. SL75	2995140	S	603	35	638	0.00001
Microbacterium sp. ABRD28	2268461	S	584	10	594	0.00001
Microbacterium sp. zg-Y818	3049072	S	554	16	570	0.00001
Microbacterium sp. R86528	3093864	S	466	2	468	0.00001
Microbacterium sp. Se5.02b	2864103	S	351	5928	6279	0.00013
Microbacterium sp. LKL04	912630	S	338	31	369	0.00001
Microbacterium sp. RG1	2489212	S	328	39	367	0.00001
Microbacterium sp. BH-3-3-3	1906742	S	285	84	369	0.00001
Microbacterium sp. PM5	2014534	S	172	80	252	0.00001
Microbacterium sp. PAMC 28756	1795053	S	142	1006	1148	0.00002
Microbacterium sp. JZ70	2937866	S	125	138	263	0.00001
Microbacterium sp. JZ37	2654193	S	122	125	247	0.00000
Microbacterium sp. JZ101	2937865	S	98	103	201	0.00000
Microbacterium sp. Se63.02b	2709304	S	73	1236	1309	0.00003
Microbacterium sp. EF45047	2809708	S	55	281	336	0.00001
Microbacterium sp. SGAir0570	2070348	S	54	49	103	0.00000
Microbacterium sp. BDGP8	3035531	S	51	66	117	0.00000
Microbacterium sp. PAMC21962	2861280	S	11	187	198	0.00000
Microbacterium oxydans	82380	S	65446	28810	94256	0.00190
Microbacterium maritypicum	33918	S	62318	22136	84454	0.00170
Microbacterium phyllosphaerae	124798	S	17280	592	17872	0.00036
Microbacterium foliorum	104336	S	11364	3668	15032	0.00030
Microbacterium sufflavum	2851649	S	8391	211	8602	0.00017
Microbacterium galbinum	2851646	S	4960	102	5062	0.00010
Microbacterium aurugineum	2851642	S	4657	2686	7343	0.00015
Microbacterium esteraromaticum	57043	S	3743	78	3821	0.00008
Microbacterium aerolatum	153731	S	3175	180	3355	0.00007
Microbacterium luteolum	69367	S	2356	638	2994	0.00006
Microbacterium abyssi	2782166	S	2220	105	2325	0.00005
Microbacterium triticisoli	2962064	S	2202	56	2258	0.00005
Microbacterium resistens	156977	S	1966	30	1996	0.00004
Microbacterium azadirachtae	582680	S	1746	46	1792	0.00004
Microbacterium testaceum	2033	S	1376	46	1422	0.00003
Microbacterium suwonense	683047	S	1374	45	1419	0.00003
Microbacterium aurum	36805	S	1250	128	1378	0.00003
Microbacterium paraoxydans	199592	S	1233	2082	3315	0.00007
Microbacterium natoriense	284570	S	990	438	1428	0.00003
Microbacterium oleivorans	273677	S	935	24	959	0.00002
Microbacterium gorillae	1231063	S	894	10	904	0.00002
Microbacterium hydrocarbonoxydans	273678	S	885	361	1246	0.00003
Microbacterium lacticum	33885	S	866	173	1039	0.00002
Microbacterium lacus	415217	S	833	3	836	0.00002
Microbacterium forte	2982533	S	811	1284	2095	0.00004
Microbacterium hominis	162426	S	737	690	1427	0.00003
Microbacterium radiodurans	661398	S	733	16	749	0.00002
Microbacterium betulae	2981139	S	727	10	737	0.00001
Microbacterium meiriae (nom. nud.)	3041512	S	717	396	1113	0.00002
Microbacterium rhizosphaerae	1678237	S	640	7	647	0.00001
Microbacterium aurantiacum	162393	S	615	58	673	0.00001
Microbacterium oryzae	743009	S	610	14	624	0.00001
Microbacterium chionoecetis	3153754	S	603	12	615	0.00001
Microbacterium lemovicicum	1072463	S	583	11	594	0.00001
Microbacterium caowuchunii	2614638	S	582	9	591	0.00001
Microbacterium horticulturae	3028316	S	569	11	580	0.00001
Microbacterium elymi	2909587	S	566	7	573	0.00001
Microbacterium phosphatis	3140248	S	565	14	579	0.00001
Microbacterium invictum	515415	S	564	9	573	0.00001
Microbacterium terricola	344163	S	564	10	574	0.00001
Microbacterium trichothecenolyticum	69370	S	563	12	575	0.00001
Microbacterium cremeum	2782169	S	556	9	565	0.00001
Microbacterium proteolyticum	1572644	S	556	49	605	0.00001
Microbacterium protaetiae	2509458	S	543	19	562	0.00001
Microbacterium sediminis	904291	S	541	62	603	0.00001
Microbacterium pygmaeum	370764	S	541	4	545	0.00001
Microbacterium wangruii	3049073	S	504	12	516	0.00001
Microbacterium limosum	3079935	S	495	34	529	0.00001
Microbacterium paulum	2707006	S	493	91	584	0.00001
Microbacterium terrisoli	3242192	S	491	4	495	0.00001
Microbacterium wangchenii	2541726	S	479	10	489	0.00001
Microbacterium luteum	2782167	S	475	57	532	0.00001
Microbacterium arborescens	33883	S	463	15	478	0.00001
Microbacterium lushaniae	2614639	S	431	9	440	0.00001
Microbacterium atlanticum	2782168	S	430	9	439	0.00001
Microbacterium schleiferi	69362	S	407	48	455	0.00001
Microbacterium albipurpureum	3050384	S	386	4	390	0.00001
Microbacterium marinum	421115	S	380	36	416	0.00001
Microbacterium jiangjiandongii	3049071	S	340	10	350	0.00001
Microbacterium pratiae	3132291	S	337	14	351	0.00001
Microbacterium phoenicis	3132289	S	314	27	341	0.00001
Microbacterium amylolyticum	936337	S	268	7	275	0.00001
Microbacterium endophyticum	1526412	S	259	1	260	0.00001
Microbacterium binotii	462710	S	198	23	221	0.00000
Microbacterium laevaniformans	36807	S	107	53	160	0.00000
Microbacterium plantarum	1816425	S	61	76	137	0.00000
Microbacterium neungamense	2810535	S	52	273	325	0.00001
Microbacterium paludicola	300019	S	26	25	51	0.00000
Leucobacter sp. Psy1	2875729	S	1757	33	1790	0.00004
Leucobacter sp. HNU	3236805	S	359	15	374	0.00001
Leucobacter sp. CX169	2813744	S	82	8	90	0.00000
Leucobacter sp. W1153	3439064	S	72	10	82	0.00000
Leucobacter sp. Z1108	3439066	S	44	5	49	0.00000
Leucobacter tenebrionis	2873270	S	761	34	795	0.00002
Leucobacter triazinivorans	1784719	S	491	28	519	0.00001
Leucobacter muris	1935379	S	450	47	497	0.00001
Leucobacter allii	2932247	S	207	11	218	0.00000
Leucobacter insecticola	2714934	S	206	3	209	0.00000
Leucobacter luti	340320	S	190	8	198	0.00000
Leucobacter viscericola	2714935	S	153	3	156	0.00000
Leucobacter chromiireducens	283877	S	120	3	123	0.00000
Leucobacter aridicollis	283878	S	120	8	128	0.00000
Leucobacter rhizosphaerae	2932245	S	111	5	116	0.00000
Leucobacter denitrificans	683042	S	34	1	35	0.00000
Leucobacter coleopterorum	2714933	S	25	0	25	0.00000
Agromyces sp. G08B096	3156399	S	178	18	196	0.00000
Agromyces sp. LHK192	2498704	S	143	13	156	0.00000
Agromyces sp. MMS24-JH15	3243765	S	79	10	89	0.00000
Agromyces sp. MMS24-K17	3372850	S	60	10	70	0.00000
Agromyces soli	659012	S	395	29	424	0.00001
Agromyces intestinalis	2592652	S	176	59	235	0.00000
Agromyces aureus	453304	S	169	9	178	0.00000
Agromyces silvae	3388266	S	153	6	159	0.00000
Agromyces endophyticus	2932244	S	134	11	145	0.00000
Agromyces archimandritae	2781962	S	123	5	128	0.00000
Agromyces laixinhei	2585717	S	119	5	124	0.00000
Agromyces marinus	1389020	S	110	8	118	0.00000
Agromyces badenianii	2080742	S	85	6	91	0.00000
Agromyces bauzanensis	1308924	S	82	3	85	0.00000
Agromyces protaetiae	2509455	S	80	4	84	0.00000
Agromyces flavus	589382	S	79	5	84	0.00000
Agromyces mangrovi Wang et al. 2018	1858653	S	76	4	80	0.00000
Agromyces larvae	2929802	S	66	23	89	0.00000
Curtobacterium sp. MR_MD2014	1561023	S	229	37	266	0.00001
Curtobacterium sp. SP.BCo	3435229	S	87	9	96	0.00000
Curtobacterium sp. MCBA15_012	1898738	S	77	273	350	0.00001
Curtobacterium sp. RM9	3682726	S	62	6	68	0.00000
Curtobacterium sp. BH-2-1-1	1905847	S	41	3	44	0.00000
Curtobacterium sp. MCSS17_015	2175666	S	37	3	40	0.00000
Curtobacterium sp. MCLR17_036	2175620	S	36	4	40	0.00000
Curtobacterium sp. MCLR17_007	2175648	S	36	2	38	0.00000
Curtobacterium sp. MCPF17_002	2175645	S	35	2	37	0.00000
Curtobacterium sp. YC1	2795488	S	29	3	32	0.00000
Curtobacterium sp. MCLR17_032	2175650	S	29	2	31	0.00000
Curtobacterium sp. MCSS17_007	2175646	S	26	3	29	0.00000
Curtobacterium sp. MCPF17_052	2175655	S	23	2	25	0.00000
Curtobacterium sp. Curtsp57	3243047	S	21	39	60	0.00000
Curtobacterium sp. 24E2	2804758	S	17	7	24	0.00000
Curtobacterium sp. L1-20	3138181	S	15	1	16	0.00000
Curtobacterium sp. DN_7.5	3049047	S	14	1	15	0.00000
Curtobacterium sp. TC1	2862880	S	14	7	21	0.00000
Curtobacterium sp. MCBD17_040	2175674	S	14	37	51	0.00000
Curtobacterium sp. TXMA1	2876939	S	13	5	18	0.00000
Curtobacterium sp. MCJR17_020	2175619	S	10	5	15	0.00000
Curtobacterium flaccumfaciens	2035	S	193	242	435	0.00001
Curtobacterium aetherium	2841594	S	38	2	40	0.00000
Curtobacterium pomorum	3372858	S	29	11	40	0.00000
Leifsonia sp. ZF2019	2781978	S	183	11	194	0.00000
Leifsonia sp. 21MFCrub1.1	1798223	S	161	28	189	0.00000
Leifsonia sp. WHRI 6310E	3162562	S	139	26	165	0.00000
Leifsonia sp. McL0618	3415677	S	129	3	132	0.00000
Leifsonia sp. NPDC080035	3143936	S	116	7	123	0.00000
Leifsonia sp. P73	3423959	S	82	91	173	0.00000
Leifsonia sp. PS1209	2724914	S	64	2	66	0.00000
Leifsonia sp. McL0607	3415672	S	61	2	63	0.00000
Leifsonia sp. McL0608	3143537	S	48	1	49	0.00000
Leifsonia xyli	1575	S	156	9	165	0.00000
Leifsonia poae	110933	S	100	1	101	0.00000
Leifsonia shinshuensis	150026	S	50	14	64	0.00000
Mycetocola spongiae	2859226	S	569	6	575	0.00001
Mycetocola sp. JXN-3	2116510	S	76	0	76	0.00000
Mycetocola zhujimingii	2079792	S	67	0	67	0.00000
Rathayibacter sp. VKM Ac-2760	2609253	S	47	15	62	0.00000
Rathayibacter sp. VKM Ac-2804	2609257	S	30	17	47	0.00000
Rathayibacter sp. VKM Ac-2801	2609255	S	22	62	84	0.00000
Rathayibacter sp. VKM Ac-2759	2609252	S	21	39	60	0.00000
Rathayibacter soli	3144168	S	79	0	79	0.00000
Rathayibacter festucae	110937	S	41	12	53	0.00000
Rathayibacter tanaceti	1671680	S	40	1	41	0.00000
Rathayibacter iranicus	59737	S	32	0	32	0.00000
Rathayibacter toxicus	145458	S	31	0	31	0.00000
Rathayibacter rathayi	33887	S	28	1	29	0.00000
Rathayibacter tritici	33888	S	18	1	19	0.00000
Rathayibacter oskolensis	1891671	S	12	23	35	0.00000
Cryobacterium sp. PAMC25264	2861288	S	75	87	162	0.00000
Cryobacterium sp. SO2	1897060	S	50	13	63	0.00000
Cryobacterium sp. LW097	1978566	S	41	8	49	0.00000
Cryobacterium sp. SO1	1897061	S	33	7	40	0.00000
Cryobacterium sp. 10S3	3048582	S	33	14	47	0.00000
Cryobacterium sp. AP23	3465152	S	27	6	33	0.00000
Cryobacterium breve	1259258	S	32	14	46	0.00000
Cryobacterium arcticum	670052	S	30	54	84	0.00000
Cryobacterium soli	2220095	S	20	23	43	0.00000
Agrococcus sp. SL85	2995141	S	71	12	83	0.00000
Agrococcus sp. SGAir0287	2070347	S	59	4	63	0.00000
Agrococcus sp. Marseille-Q4369	2810513	S	31	3	34	0.00000
Agrococcus sp. SCSIO52902	2933290	S	29	4	33	0.00000
Agrococcus jejuensis	399736	S	95	6	101	0.00000
Agrococcus carbonis	684552	S	52	8	60	0.00000
Agrococcus beijingensis	3068634	S	43	7	50	0.00000
Agrococcus phoenicis	3132259	S	37	2	39	0.00000
Agrococcus terreus	574649	S	35	8	43	0.00000
Agrococcus chionoecetis	3153752	S	35	2	37	0.00000
Herbiconiux sp. UC225_62	3350168	S	199	3	202	0.00000
Herbiconiux sp. A18JL235	3152363	S	86	13	99	0.00000
Herbiconiux sp. L3-i23	2905871	S	49	1	50	0.00000
Herbiconiux salviae	3092664	S	101	15	116	0.00000
Clavibacter tessellarius	31965	S	114	33	147	0.00000
Clavibacter michiganensis	28447	S	68	32	100	0.00000
Clavibacter sp. km1a	3459136	S	28	35	63	0.00000
Clavibacter nebraskensis	31963	S	32	12	44	0.00000
Clavibacter phaseoli	1734031	S	18	7	25	0.00000
Clavibacter capsici	1874630	S	15	3	18	0.00000
Clavibacter californiensis	1401995	S	14	7	21	0.00000
Microcella humidisoli	2963406	S	212	4	216	0.00000
Microcella daejeonensis	2994971	S	51	3	54	0.00000
Microcella sp.	1913979	S	29	0	29	0.00000
Chryseoglobus sp. 28M-23	2772253	S	17	36	53	0.00000
Microcella flavibacter	1804990	S	38	4	42	0.00000
Microcella alkaliphila	279828	S	33	0	33	0.00000
Microterricola viridarii	412690	S	420	8	428	0.00001
Plantibacter sp. RU18	3158143	S	95	1	96	0.00000
Plantibacter sp. M259	2583822	S	44	12	56	0.00000
Plantibacter sp. PA-3-X8	2480625	S	33	26	59	0.00000
Plantibacter sp. MPB07	3388853	S	17	13	30	0.00000
Plantibacter flavus	150123	S	60	20	80	0.00000
Salinibacterium sp. ZJ70	2708084	S	79	1	80	0.00000
Salinibacterium sp. dk2585	2603292	S	63	1	64	0.00000
Salinibacterium sp. UTAS2018	2508880	S	44	1	45	0.00000
Salinibacterium sp. ZJ450	2708338	S	42	0	42	0.00000
Salinibacterium sp. NYA9b	3449824	S	29	1	30	0.00000
Salinibacterium sp. TMP30	3138237	S	19	0	19	0.00000
Salinibacterium sp. M195	2583374	S	10	0	10	0.00000
Lysinibacter sp. HNR	3031408	S	280	0	280	0.00001
Gulosibacter molinativorax	256821	S	153	6	159	0.00000
Gulosibacter sp. ACHW.36C	3434457	S	95	4	99	0.00000
Cnuibacter physcomitrellae	1619308	S	149	8	157	0.00000
Cnuibacter sp. UC19_7	3350166	S	68	3	71	0.00000
Frondihabitans sp. PAMC 28766	1795630	S	54	0	54	0.00000
Frondihabitans sp. 762G35	1446794	S	43	1	44	0.00000
Frondihabitans sucicola	1268041	S	77	1	78	0.00000
Protaetiibacter sp. SSC-01	2759943	S	70	3	73	0.00000
Protaetiibacter intestinalis	2419774	S	55	3	58	0.00000
Protaetiibacter larvae	2592654	S	37	1	38	0.00000
Paramicrobacterium sp. CJ85	3445355	S	55	2	57	0.00000
Paramicrobacterium chengjingii	2769067	S	54	3	57	0.00000
Paramicrobacterium fandaimingii	2708079	S	45	3	48	0.00000
Humidisolicoccus flavus	3111414	S	157	1	158	0.00000
Frigoribacterium sp. 2-23	3415006	S	43	1	44	0.00000
Frigoribacterium sp. NBH87	2596916	S	33	3	36	0.00000
Frigoribacterium sp. R86507	3093850	S	30	9	39	0.00000
Frigoribacterium sp. SL97	2994664	S	25	8	33	0.00000
Humibacter ginsenosidimutans	2599293	S	117	4	121	0.00000
Subtercola endophyticus	2895559	S	68	1	69	0.00000
Subtercola sp. PAMC28395	2846775	S	16	0	16	0.00000
Lacisediminihabitans sp. FW035	3470544	S	77	0	77	0.00000
Candidatus Rhodoluna planktonica	535712	S	24	13	37	0.00000
Aquiluna borgnonia	2499157	S	11	0	11	0.00000
Homoserinibacter sp. YIM 151385	2985506	S	66	1	67	0.00000
Homoserinimonas hongtaonis	2079791	S	61	0	61	0.00000
Gryllotalpicola protaetiae	2419771	S	59	0	59	0.00000
Orlajensenia flava	2565934	S	50	0	50	0.00000
Glaciihabitans sp. INWT7	2596912	S	49	0	49	0.00000
Ruicaihuangia caeni	3042517	S	48	0	48	0.00000
Agreia sp. COWG	2773266	S	46	0	46	0.00000
Aurantimicrobium photophilum	1987356	S	22	0	22	0.00000
Aurantimicrobium minutum	708131	S	13	1	14	0.00000
Naasia aerilata	1162966	S	38	0	38	0.00000
Diaminobutyricimonas sp. LJ205	2683590	S	31	0	31	0.00000
Marisediminicola antarctica	674079	S	31	0	31	0.00000
Okibacterium fritillariae	123320	S	31	0	31	0.00000
Antiquaquibacter oligotrophicus	2880260	S	30	0	30	0.00000
Cellulosimicrobium sp. JZ28	1906273	S	3284	3112	6396	0.00013
Cellulosimicrobium sp. 72-3	2731680	S	1853	4645	6498	0.00013
Cellulosimicrobium sp. SJTW-1	3078082	S	1735	3695	5430	0.00011
Cellulosimicrobium sp. TH-20	1980001	S	1487	3899	5386	0.00011
Cellulosimicrobium sp. ES-005	3163031	S	601	55	656	0.00001
Cellulosimicrobium sp. E-16	3404049	S	531	68	599	0.00001
Cellulosimicrobium sp. PMB13	3120158	S	265	9	274	0.00001
Cellulosimicrobium sp. So1_17	3683183	S	256	9	265	0.00001
Cellulosimicrobium cellulans	1710	S	8680	3857	12537	0.00025
Cellulosimicrobium protaetiae	2587808	S	701	52	753	0.00002
Isoptericola sp. AK164	3024246	S	67	2	69	0.00000
Isoptericola variabilis	139208	S	53	2	55	0.00000
Isoptericola jiangsuensis	548579	S	53	16	69	0.00000
Isoptericola halotolerans	300560	S	40	1	41	0.00000
Isoptericola dokdonensis	372663	S	34	1	35	0.00000
Xylanimonas sp. McL0601	3414739	S	109	2	111	0.00000
Xylanimonas protaetiae	2509457	S	40	1	41	0.00000
Xylanimonas cellulosilytica	186189	S	30	0	30	0.00000
Xylanimonas allomyrinae	2509459	S	24	0	24	0.00000
Promicromonospora sp. NFX87	3402691	S	108	5	113	0.00000
Promicromonospora sp. MS192	3412684	S	45	1	46	0.00000
Promicromonospora sp. Populi	3239420	S	34	1	35	0.00000
Arthrobacter sp. Z1-15	2937815	S	543	26	569	0.00001
Arthrobacter sp. ERGS1:01	1704044	S	353	11	364	0.00001
Arthrobacter sp. PAMC 25486	1494608	S	320	9	329	0.00001
Arthrobacter sp. KN11-1C	3445774	S	283	24	307	0.00001
Arthrobacter sp. D1-17	2937807	S	207	11	218	0.00000
Arthrobacter sp. A5	576926	S	201	2	203	0.00000
Arthrobacter sp. R4-81	2937814	S	121	180	301	0.00001
Arthrobacter sp. U41	1849032	S	108	11	119	0.00000
Arthrobacter sp. Z4-13	2937817	S	97	11	108	0.00000
Arthrobacter sp. PAMC25564	2565366	S	89	8	97	0.00000
Arthrobacter sp. QXT-31	1357915	S	79	5	84	0.00000
Arthrobacter sp. JZ12	2654190	S	73	1	74	0.00000
Arthrobacter sp. NicSoilB8	2830998	S	70	5	75	0.00000
Arthrobacter sp. G.S.26	3433706	S	67	4	71	0.00000
Arthrobacter sp. StoSoilB20	2830995	S	59	10	69	0.00000
Arthrobacter sp. NyZ413	3144669	S	45	1	46	0.00000
Arthrobacter sp. D1-29	2937808	S	42	2	44	0.00000
Arthrobacter sp. CJ23	2972479	S	39	3	42	0.00000
Arthrobacter sp. Hor0625	3457358	S	39	4	43	0.00000
Arthrobacter sp. UC242_113	3374550	S	35	4	39	0.00000
Arthrobacter sp. N1	619291	S	33	0	33	0.00000
Arthrobacter sp. Y-9	3039385	S	33	2	35	0.00000
Arthrobacter sp. PM3	2017685	S	32	1	33	0.00000
Arthrobacter sp. Helios	2828862	S	32	0	32	0.00000
Arthrobacter sp. StoSoilB22	2830996	S	29	6	35	0.00000
Arthrobacter sp. MPF02	3388492	S	28	1	29	0.00000
Arthrobacter sp. FW305-BF8	2879617	S	27	3	30	0.00000
Arthrobacter sp. D2-10	2937809	S	27	0	27	0.00000
Arthrobacter sp. Z1-9	2937816	S	23	2	25	0.00000
Arthrobacter sp. FB24	290399	S	21	6	27	0.00000
Arthrobacter sp. NEB 688	904039	S	20	0	20	0.00000
Arthrobacter sp. R3-55	2937813	S	20	4	24	0.00000
Arthrobacter sp. FW306-2-2C-D06B	2879618	S	20	1	21	0.00000
Arthrobacter sp. R-11	3404053	S	19	0	19	0.00000
Arthrobacter sp. YN	2020486	S	18	10	28	0.00000
Arthrobacter sp. EM1	3043847	S	18	1	19	0.00000
Arthrobacter sp. NicSoilB4	2830997	S	18	1	19	0.00000
Arthrobacter sp. UKPF54-2	2600159	S	16	1	17	0.00000
Arthrobacter sp. zg-Y919	2894187	S	16	0	16	0.00000
Arthrobacter sp. PAMC25284	2861279	S	16	1	17	0.00000
Arthrobacter sp. zg-Y20	2886938	S	16	0	16	0.00000
Arthrobacter sp. YC-RL1	1652545	S	14	117	131	0.00000
Arthrobacter sp. 24S4-2	2575374	S	14	1	15	0.00000
Arthrobacter sp. YA7-1	2987701	S	14	1	15	0.00000
Arthrobacter sp. zg-Y1171	2964610	S	14	1	15	0.00000
Arthrobacter sp. NicSoilC5	2831000	S	13	6	19	0.00000
Arthrobacter sp. ATA002	2991715	S	13	0	13	0.00000
Arthrobacter sp. TMP15	3140789	S	13	0	13	0.00000
Arthrobacter sp. FX8	2997335	S	13	31	44	0.00000
Arthrobacter sp. NtRootA1	2830983	S	11	2	13	0.00000
Arthrobacter sp. KNU40	3447965	S	11	0	11	0.00000
Arthrobacter sp. zg-Y1110	2886932	S	10	0	10	0.00000
Arthrobacter sp. KBS0702	2578107	S	10	1	11	0.00000
Arthrobacter sp. 92	3418175	S	10	0	10	0.00000
Arthrobacter sp. StoSoilB5	2830992	S	10	1	11	0.00000
Arthrobacter sp. CDRTa11	2651199	S	10	0	10	0.00000
Arthrobacter globiformis	1665	S	629	87	716	0.00001
Arthrobacter alpinus	656366	S	546	356	902	0.00002
Arthrobacter caoxuetaonis	2886935	S	171	5	176	0.00000
Arthrobacter sunyaminii	2816859	S	163	9	172	0.00000
Arthrobacter gengyunqii	2886940	S	118	8	126	0.00000
Arthrobacter humicola	409291	S	95	9	104	0.00000
Arthrobacter agilis	37921	S	67	1	68	0.00000
Arthrobacter zhangbolii	2886936	S	67	2	69	0.00000
Arthrobacter luteolus	98672	S	52	4	56	0.00000
Arthrobacter polaris	2813727	S	49	1	50	0.00000
Arthrobacter antioxidans	2895818	S	46	1	47	0.00000
Arthrobacter citreus	1670	S	34	2	36	0.00000
Arthrobacter zhaoxinii	2964616	S	31	2	33	0.00000
Arthrobacter nitrophenolicus	683150	S	29	4	33	0.00000
Arthrobacter jiangjiafuii	2817475	S	26	1	27	0.00000
Arthrobacter sulfonylureivorans	2486855	S	21	0	21	0.00000
Arthrobacter dokdonensis	2211210	S	18	0	18	0.00000
Arthrobacter oryzae	409290	S	18	1	19	0.00000
Arthrobacter koreensis	199136	S	16	0	16	0.00000
Arthrobacter woluwensis	156980	S	13	0	13	0.00000
Pseudarthrobacter sp. S9	3418421	S	437	87	524	0.00001
Pseudarthrobacter sp. L19	3423951	S	139	21	160	0.00000
Pseudarthrobacter sp. H2	3418415	S	132	20	152	0.00000
Pseudarthrobacter sp. P1	3418418	S	57	3	60	0.00000
Pseudarthrobacter sp. BIM B-2242	2772401	S	28	2	30	0.00000
Pseudarthrobacter sp. SSS035	2931399	S	28	32	60	0.00000
Pseudarthrobacter sp. IC2-21	3092262	S	25	2	27	0.00000
Pseudarthrobacter sp. L1SW	2851598	S	23	5	28	0.00000
Pseudarthrobacter sp. MM222	3018929	S	21	2	23	0.00000
Pseudarthrobacter sp. N5	3418416	S	19	1	20	0.00000
Pseudarthrobacter sp. NIBRBAC000502772	2590775	S	18	13	31	0.00000
Pseudarthrobacter sp. O4	3418417	S	17	3	20	0.00000
Pseudarthrobacter sp. 1G09	3416178	S	16	9	25	0.00000
Pseudarthrobacter sp. NS4	2973976	S	14	1	15	0.00000
Pseudarthrobacter sp. J47	3116482	S	13	4	17	0.00000
Pseudarthrobacter sp. NBSH8	2596911	S	11	4	15	0.00000
Pseudarthrobacter sp. alpha12b	3448128	S	10	2	12	0.00000
Pseudarthrobacter sp. WHRI 8279	3162566	S	10	9	19	0.00000
Pseudarthrobacter defluvii	410837	S	35	33	68	0.00000
Pseudarthrobacter oxydans	1671	S	18	6	24	0.00000
Pseudarthrobacter chlorophenolicus	85085	S	15	4	19	0.00000
Pseudarthrobacter quantipunctorum	3128980	S	15	15	30	0.00000
Pseudarthrobacter sulfonivorans	121292	S	14	22	36	0.00000
Pseudarthrobacter phenanthrenivorans	361575	S	13	7	20	0.00000
Pseudarthrobacter equi	728066	S	10	5	15	0.00000
Glutamicibacter bergerei	256702	S	283	13	296	0.00001
Glutamicibacter arilaitensis	256701	S	159	12	171	0.00000
Glutamicibacter ectropisis	3046593	S	77	6	83	0.00000
Glutamicibacter mishrai	1775880	S	69	9	78	0.00000
Glutamicibacter sp. M10	3023076	S	16	1	17	0.00000
Glutamicibacter sp. 2E12	3416181	S	16	1	17	0.00000
Glutamicibacter sp. JL.03c	2984842	S	12	1	13	0.00000
Glutamicibacter sp. FR1	3393744	S	12	9	21	0.00000
Glutamicibacter sp. ZJUTW	1155384	S	10	62	72	0.00000
Glutamicibacter halophytocola	1933880	S	43	2	45	0.00000
Glutamicibacter creatinolyticus	162496	S	41	1	42	0.00000
Glutamicibacter protophormiae	37930	S	37	10	47	0.00000
Glutamicibacter uratoxydans	43667	S	22	2	24	0.00000
Glutamicibacter soli	453836	S	19	173	192	0.00000
Sinomonas atrocyanea	37927	S	125	207	332	0.00001
Sinomonas sp. P47F7	3410987	S	59	1	60	0.00000
Sinomonas sp. R1AF57	2020377	S	11	47	58	0.00000
Sinomonas cyclohexanicum	322009	S	53	5	58	0.00000
Sinomonas puerhi	3238584	S	24	1	25	0.00000
Sinomonas flava	496857	S	10	34	44	0.00000
Paenarthrobacter aurescens	43663	S	286	63	349	0.00001
Paenarthrobacter sp. NyZ202	3402689	S	73	7	80	0.00000
Paenarthrobacter sp. S56	3138179	S	20	1	21	0.00000
Paenarthrobacter sp. AMU7	3162492	S	19	218	237	0.00000
Paenarthrobacter sp. JL.01a	2979324	S	15	1	16	0.00000
Paenarthrobacter sp. GOM3	2782567	S	12	1	13	0.00000
Paenarthrobacter nitroguajacolicus	211146	S	18	7	25	0.00000
Paenarthrobacter ilicis	43665	S	14	1	15	0.00000
Paenarthrobacter ureafaciens	37931	S	11	55	66	0.00000
Kocuria sp. U4B	3681603	S	36	1	37	0.00000
Kocuria sp. TGY1127_2	2711328	S	22	1	23	0.00000
Kocuria sp. KD4	2719588	S	10	8	18	0.00000
Kocuria rhizophila	72000	S	69	88	157	0.00000
Kocuria turfanensis	388357	S	45	4	49	0.00000
Kocuria palustris	71999	S	39	5	44	0.00000
Kocuria rosea	1275	S	38	1	39	0.00000
Kocuria marina	223184	S	35	29	64	0.00000
Kocuria flava	446860	S	34	3	37	0.00000
Kocuria varians	1272	S	23	4	27	0.00000
Rothia aeria	172042	S	127	7	134	0.00000
Rothia kristinae	37923	S	112	10	122	0.00000
Rothia nasimurium	85336	S	101	9	110	0.00000
Rothia mucilaginosa	43675	S	54	3	57	0.00000
Rothia koreensis	592378	S	24	0	24	0.00000
Rothia terrae	396015	S	16	3	19	0.00000
Rothia dentocariosa	2047	S	14	0	14	0.00000
Zhihengliuella sp. ISTPL4	2058657	S	480	65	545	0.00001
Citricoccus sp. NR2	3004095	S	89	108	197	0.00000
Citricoccus sp. SGAir0253	2567881	S	32	1	33	0.00000
Citricoccus sp. I39-566	3073268	S	31	4	35	0.00000
Citricoccus nitrophenolicus	863575	S	83	4	87	0.00000
Citricoccus muralis	169134	S	71	69	140	0.00000
Micrococcus luteus	1270	S	79	138	217	0.00000
Micrococcus terreus	574650	S	47	4	51	0.00000
Micrococcus lylae	1273	S	44	2	46	0.00000
Micrococcus porci	2856555	S	42	6	48	0.00000
Crystallibacter crystallopoietes	37928	S	86	3	89	0.00000
Auritidibacter ignavus	678932	S	20	42	62	0.00000
Nesterenkonia pannonica	1548602	S	27	6	33	0.00000
Nesterenkonia sp. NBAIMH1	2600320	S	10	2	12	0.00000
Neomicrococcus aestuarii	556325	S	24	0	24	0.00000
Paeniglutamicibacter sp. Y32M11	2853258	S	23	0	23	0.00000
Pseudoglutamicibacter albus	98671	S	22	5	27	0.00000
Renibacterium salmoninarum	1646	S	13	0	13	0.00000
Brachybacterium sp. NBEC-018	2996004	S	1596	819	2415	0.00005
Brachybacterium sp. SGAir0954	2571029	S	391	67	458	0.00001
Brachybacterium sp. P6-10-X1	1903186	S	285	2	287	0.00001
Brachybacterium sp. UNK5269	3408576	S	49	1	50	0.00000
Brachybacterium sp. GPGPB12	3023517	S	34	10	44	0.00000
Brachybacterium sp. GU-2	3069708	S	31	12	43	0.00000
Brachybacterium sp. Z12	2759167	S	28	0	28	0.00000
Brachybacterium rhamnosum	173361	S	633	246	879	0.00002
Brachybacterium avium	2017485	S	99	1	100	0.00000
Brachybacterium saurashtrense	556288	S	63	0	63	0.00000
Brachybacterium ginsengisoli	1331682	S	58	0	58	0.00000
Brachybacterium vulturis	2017484	S	43	0	43	0.00000
Brachybacterium halotolerans	2795215	S	32	1	33	0.00000
Brachybacterium huguangmaarense	1652028	S	30	2	32	0.00000
Brachybacterium kimchii	2942909	S	26	1	27	0.00000
Dermabacter vaginalis	1630135	S	23	4	27	0.00000
Dermabacter jinjuensis	1667168	S	16	10	26	0.00000
Helcobacillus massiliensis	521392	S	28	0	28	0.00000
Cellulomonas sp. ATA003	3073064	S	146	4	150	0.00000
Cellulomonas sp. C5510	2871170	S	111	46	157	0.00000
Cellulomonas sp. NTE-D12	2962632	S	108	3	111	0.00000
Cellulomonas sp. S1-8	2904790	S	94	4	98	0.00000
Cellulomonas sp. H30R-01	2704467	S	62	8	70	0.00000
Cellulomonas sp. ES6	3039384	S	57	22	79	0.00000
Cellulomonas sp. NS3	2973977	S	54	2	56	0.00000
Cellulomonas sp.	40001	S	53	2	55	0.00000
Cellulomonas sp. Y8	2591145	S	51	3	54	0.00000
Cellulomonas sp. JZ18	2654191	S	36	2	38	0.00000
Cellulomonas sp. McL0617	3415675	S	34	1	35	0.00000
Cellulomonas taurus	2729175	S	619	20	639	0.00001
Cellulomonas fimi	1708	S	131	15	146	0.00000
Cellulomonas palmilytica	2608402	S	94	24	118	0.00000
Cellulomonas fengjieae	2819978	S	76	3	79	0.00000
Cellulomonas shaoxiangyii	2566013	S	58	3	61	0.00000
Cellulomonas wangleii	2816956	S	57	8	65	0.00000
Cellulomonas chengniuliangii	2968084	S	46	1	47	0.00000
Cellulomonas iranensis	76862	S	44	3	47	0.00000
Cellulomonas hominis	156981	S	44	1	45	0.00000
Cellulomonas dongxiuzhuiae	2819979	S	38	2	40	0.00000
Cellulomonas flavigena	1711	S	30	1	31	0.00000
Cellulomonas xiejunii	2968083	S	24	1	25	0.00000
Cellulomonas persica	76861	S	23	1	24	0.00000
Cellulomonas wangsupingiae	2968085	S	23	3	26	0.00000
Cellulomonas gilvus	11	S	21	1	22	0.00000
Cellulomonas soli	931535	S	20	0	20	0.00000
Cellulomonas bogoriensis	301388	S	13	0	13	0.00000
Oerskovia sp. KBS0722	1179673	S	1061	34	1095	0.00002
Paraoerskovia marina	545619	S	34	0	34	0.00000
Paraoerskovia sediminicola	1138587	S	27	0	27	0.00000
Pseudactinotalea sp. HY158	2654547	S	61	0	61	0.00000
Actinotalea sp. JY-7876	2758442	S	30	1	31	0.00000
Brevibacterium sp. K11IcPPYGO002	3058837	S	183	120	303	0.00001
Brevibacterium sp. BRM-1	2999062	S	54	4	58	0.00000
Brevibacterium sp. CS2	2575923	S	43	3	46	0.00000
Brevibacterium sp. GP-SGM9	3376990	S	32	0	32	0.00000
Brevibacterium sp. 'Marine'	2725563	S	30	21	51	0.00000
Brevibacterium sp. SMBL_HHYL_HB1	2777556	S	28	1	29	0.00000
Brevibacterium sp. 1718	3413510	S	21	2	23	0.00000
Brevibacterium sp. LE-L	3418557	S	10	14	24	0.00000
Brevibacterium luteolum	199591	S	149	11	160	0.00000
Brevibacterium linens	1703	S	134	32	166	0.00000
Brevibacterium casei	33889	S	124	181	305	0.00001
Brevibacterium aurantiacum	273384	S	42	69	111	0.00000
Brevibacterium spongiae	2909672	S	34	3	37	0.00000
Brevibacterium oceani	358099	S	20	0	20	0.00000
Brevibacterium atlanticum	2697563	S	18	0	18	0.00000
Brevibacterium koreense	3140787	S	18	3	21	0.00000
Brevibacterium limosum	2697565	S	12	1	13	0.00000
Brevibacterium zhoupengii	2898795	S	12	0	12	0.00000
Brevibacterium sandarakinum	629680	S	11	0	11	0.00000
Saxibacter everestensis	2909229	S	15	0	15	0.00000
Janibacter sp. GS2	3442646	S	131	12	143	0.00000
Janibacter terrae	103817	S	79	23	102	0.00000
Janibacter limosus	53458	S	28	4	32	0.00000
Janibacter alittae	3115209	S	23	1	24	0.00000
Janibacter melonis	262209	S	18	0	18	0.00000
Janibacter cremeus	1285192	S	10	4	14	0.00000
Phycicoccus endophyticus	1690220	S	207	3	210	0.00000
Phycicoccus sp. HDW14	2714941	S	20	0	20	0.00000
Phycicoccus jejuensis	367299	S	15	1	16	0.00000
Arsenicicoccus sp. oral taxon 190	1658671	S	37	1	38	0.00000
Arsenicicoccus dermatophilus	1076331	S	30	0	30	0.00000
Arsenicicoccus cauae	2663847	S	30	1	31	0.00000
Oryzobacter telluris	3149179	S	43	2	45	0.00000
Oryzobacter terrae	1620385	S	42	2	44	0.00000
Terrabacter sp. C0L_2	3108389	S	31	0	31	0.00000
Terrabacter sp. BE26	2898152	S	22	0	22	0.00000
Nostocoides sp. HKS02	1813880	S	48	0	48	0.00000
Pedococcus sp. KACC 23699	3149228	S	26	1	27	0.00000
Pedococcus dokdonensis	443156	S	12	0	12	0.00000
Humibacillus xanthopallidus	412689	S	30	0	30	0.00000
Knoellia locipacati	882824	S	16	0	16	0.00000
Knoellia sp. S7-12	3126698	S	11	0	11	0.00000
Intrasporangium calvum	53358	S	21	0	21	0.00000
Ornithinimicrobium cryptoxanthini	2934161	S	454	5	459	0.00001
Ornithinimicrobium sufpigmenti	2508882	S	127	3	130	0.00000
Ornithinimicrobium avium	2283195	S	63	1	64	0.00000
Ornithinimicrobium faecis	2934158	S	46	0	46	0.00000
Ornithinimicrobium sp. W1665	3416666	S	17	1	18	0.00000
Ornithinimicrobium sp. Y1847	3405419	S	13	0	13	0.00000
Ornithinimicrobium pratense	2593973	S	33	0	33	0.00000
Ornithinimicrobium ciconiae	2594265	S	32	0	32	0.00000
Ornithinimicrobium flavum	1288636	S	23	0	23	0.00000
Serinicoccus hydrothermalis	1758689	S	51	1	52	0.00000
Serinicoccus marinus	247333	S	26	0	26	0.00000
Serinicoccus profundi	1078471	S	14	0	14	0.00000
Serinicoccus chungangensis	767452	S	10	0	10	0.00000
Sanguibacter keddieii	60920	S	110	6	116	0.00000
Sanguibacter sp. HDW7	2714931	S	72	1	73	0.00000
Sanguibacter sp. Z1732	3435412	S	23	0	23	0.00000
Sanguibacter biliveldensis	3030830	S	49	2	51	0.00000
Kytococcus sedentarius	1276	S	203	7	210	0.00000
Ruania zhangjianzhongii	2603206	S	53	0	53	0.00000
Ruania suaedae	2897774	S	40	1	41	0.00000
Ruania alkalisoli	2779775	S	36	1	37	0.00000
Ruania halotolerans	2897773	S	22	0	22	0.00000
Occultella kanbiaonis	2675754	S	31	0	31	0.00000
Dermacoccus nishinomiyaensis	1274	S	48	2	50	0.00000
Dermacoccus sp. PAMC28757	2762331	S	19	0	19	0.00000
Barrientosiimonas humi	999931	S	14	15	29	0.00000
Allobranchiibius sp. GilTou73	2904523	S	20	0	20	0.00000
Luteipulveratus mongoliensis	571913	S	18	0	18	0.00000
Yimella sp. cx-51	2770551	S	10	0	10	0.00000
Demequina sediminis	1930058	S	59	2	61	0.00000
Demequina capsici	3075620	S	55	0	55	0.00000
Demequina aurantiaca	676200	S	24	0	24	0.00000
Demequina sp. TMPB413	2881056	S	12	0	12	0.00000
Pengzhenrongella phosphoraccumulans	3114394	S	32	0	32	0.00000
Pengzhenrongella sicca	2819238	S	27	0	27	0.00000
Luteimicrobium xylanilyticum	1133546	S	37	0	37	0.00000
Miniimonas sp. S16	2171623	S	60	5	65	0.00000
Beutenbergia cavernae	84757	S	38	0	38	0.00000
Jonesia denitrificans	43674	S	65	1	66	0.00000
Gephyromycinifex aptenodytis	2716227	S	27	0	27	0.00000
Rhodococcus erythropolis	1833	S	137487	106650	244137	0.00493
Rhodococcus qingshengii	334542	S	8716	13402	22118	0.00045
Rhodococcus sp. P-2	2795031	S	114390	30593	144983	0.00293
Rhodococcus sp. AQ5-07	2054902	S	729	730	1459	0.00003
Rhodococcus sp. P1Y	1302308	S	604	5	609	0.00001
Rhodococcus sp. C1	644410	S	557	2296	2853	0.00006
Rhodococcus sp. DN22	357684	S	535	1979	2514	0.00005
Rhodococcus sp. 008	1723645	S	528	872	1400	0.00003
Rhodococcus sp. YL-1	1045808	S	451	685	1136	0.00002
Rhodococcus sp. H-CA8f	1727214	S	403	490	893	0.00002
Rhodococcus sp. WAY2	2663121	S	387	49	436	0.00001
Rhodococcus sp. BH4	1807790	S	376	788	1164	0.00002
Rhodococcus sp. ZPP	2749906	S	336	137	473	0.00001
Rhodococcus sp. KRD162	2729725	S	314	6	320	0.00001
Rhodococcus sp. NyZ502	3242855	S	291	757	1048	0.00002
Rhodococcus sp. W8901	2742603	S	219	4	223	0.00000
Rhodococcus sp. B7740	1564114	S	205	3	208	0.00000
Rhodococcus sp. SG20037	3074148	S	171	514	685	0.00001
Rhodococcus sp. K11/5	3683592	S	163	5	168	0.00000
Rhodococcus sp. ABRD24	2507582	S	153	1	154	0.00000
Rhodococcus sp. (in: high G+C Gram-positive bacteria)	1831	S	148	537	685	0.00001
Rhodococcus sp. WMMA185	679318	S	148	1	149	0.00000
Rhodococcus sp. RCBS9	3031999	S	139	467	606	0.00001
Rhodococcus sp. MTM3W5.2	1805827	S	120	1	121	0.00000
Rhodococcus sp. SGAir0479	2567884	S	102	2	104	0.00000
Rhodococcus sp. D-6	1387842	S	91	172	263	0.00001
Rhodococcus sp. USK13	2806442	S	86	6	92	0.00000
Rhodococcus sp. NBC_00297	2976005	S	85	32	117	0.00000
Rhodococcus sp. NBC_00294	2976004	S	79	30	109	0.00000
Rhodococcus sp. USK10	2789739	S	69	4	73	0.00000
Rhodococcus sp. M8-35	3058401	S	60	667	727	0.00001
Rhodococcus sp. X156	2499145	S	51	0	51	0.00000
Rhodococcus sp. T9N	627445	S	49	134	183	0.00000
Rhodococcus sp. JS3073	3002901	S	47	17	64	0.00000
Rhodococcus sp. AD45	103808	S	38	0	38	0.00000
Rhodococcus sp. RDE2	2885078	S	30	7	37	0.00000
Rhodococcus sp. WB9	2594007	S	28	7	35	0.00000
Rhodococcus sp. PBTS 1	1653478	S	28	8	36	0.00000
Rhodococcus sp. JVH1	745408	S	23	8	31	0.00000
Rhodococcus sp. SJ-3	3454628	S	20	27	47	0.00000
Rhodococcus sp. SJ-2	3452132	S	15	22	37	0.00000
Rhodococcus sp. 3-2	2890836	S	12	12	24	0.00000
Rhodococcus globerulus	33008	S	1986	24	2010	0.00004
Rhodococcus opacus	37919	S	343	52	395	0.00001
Rhodococcus triatomae	300028	S	151	3	154	0.00000
Rhodococcus sovatensis	1805840	S	134	0	134	0.00000
Rhodococcus coprophilus	38310	S	84	0	84	0.00000
Rhodococcus pseudokoreensis	2811421	S	72	5	77	0.00000
Rhodococcus pyridinivorans	103816	S	71	65	136	0.00000
Rhodococcus sacchari	2962047	S	70	1	71	0.00000
Rhodococcus gordoniae	223392	S	59	2	61	0.00000
Rhodococcus rhodochrous	1829	S	55	26	81	0.00000
Rhodococcus koreensis	99653	S	46	2	48	0.00000
Rhodococcus indonesiensis	3055869	S	45	2	47	0.00000
Rhodococcus oxybenzonivorans	1990687	S	44	13	57	0.00000
Rhodococcus ruber	1830	S	40	50	90	0.00000
Rhodococcus antarcticus	2987751	S	23	0	23	0.00000
Rhodococcus wratislaviensis	44752	S	18	7	25	0.00000
Nocardia sp. CA-135953	3239978	S	438	232	670	0.00001
Nocardia sp. CA-107356	3239972	S	183	12	195	0.00000
Nocardia sp. CA-128927	3239975	S	111	8	119	0.00000
Nocardia sp. NBC_01329	2903594	S	101	3	104	0.00000
Nocardia sp. NBC_01499	2903597	S	88	6	94	0.00000
Nocardia sp. CA-084685	3239970	S	85	11	96	0.00000
Nocardia sp. CA-151230	3239982	S	74	5	79	0.00000
Nocardia sp. FBN12	3419766	S	59	8	67	0.00000
Nocardia sp. NBC_00416	2975991	S	59	1	60	0.00000
Nocardia sp. NBC_00511	2903591	S	56	2	58	0.00000
Nocardia sp. CA-145437	3239980	S	41	10	51	0.00000
Nocardia sp. NBC_01503	2975997	S	40	1	41	0.00000
Nocardia sp. CA-136227	3239979	S	38	9	47	0.00000
Nocardia sp. NBC_01377	2903595	S	32	0	32	0.00000
Nocardia sp. CA-119907	3239973	S	32	5	37	0.00000
Nocardia sp. CA-120079	3239974	S	27	16	43	0.00000
Nocardia sp. NBC_01388	2903596	S	26	2	28	0.00000
Nocardia sp. IBHARD005	3457765	S	25	4	29	0.00000
Nocardia sp. NBC_00565	2975993	S	24	1	25	0.00000
Nocardia sp. NBC_01327	2903593	S	24	2	26	0.00000
Nocardia sp. NBC_00881	2975995	S	22	1	23	0.00000
Nocardia sp. CS682	1047172	S	21	1	22	0.00000
Nocardia sp. X0981	3473536	S	19	0	19	0.00000
Nocardia sp. NBC_01730	2975998	S	19	1	20	0.00000
Nocardia sp. NBC_00508	2975992	S	17	0	17	0.00000
Nocardia sp. NBC_01009	2975996	S	14	4	18	0.00000
Nocardia sp. CA-135398	3239977	S	12	1	13	0.00000
Nocardia sp. NBC_00403	2975990	S	12	3	15	0.00000
Nocardia sp. PE-7	3058426	S	11	8	19	0.00000
Nocardia brasiliensis	37326	S	472	216	688	0.00001
Nocardia testacea	248551	S	357	34	391	0.00001
Nocardia asteroides	1824	S	265	32	297	0.00001
Nocardia seriolae	37332	S	220	24	244	0.00000
Nocardia salmonicida	53431	S	193	118	311	0.00001
Nocardia huaxiensis	2755382	S	178	10	188	0.00000
Nocardia sputorum	2984338	S	164	16	180	0.00000
Nocardia terpenica	455432	S	123	3	126	0.00000
Nocardia cyriacigeorgica	135487	S	79	13	92	0.00000
Nocardia farcinica	37329	S	78	13	91	0.00000
Nocardia puris	208602	S	43	7	50	0.00000
Nocardia yunnanensis	2382165	S	43	4	47	0.00000
Nocardia wallacei	480035	S	42	9	51	0.00000
Nocardia yamanashiensis	209247	S	40	2	42	0.00000
Nocardia arthritidis	228602	S	36	1	37	0.00000
Nocardia nova	37330	S	36	0	36	0.00000
Nocardia vinacea	96468	S	30	13	43	0.00000
Nocardia mangyaensis	2213200	S	28	2	30	0.00000
Nocardia otitidiscaviarum	1823	S	27	1	28	0.00000
Nocardia gipuzkoensis	2749991	S	24	6	30	0.00000
Nocardia vulneris	1141657	S	22	32	54	0.00000
Nocardia grenadensis	931537	S	11	1	12	0.00000
Nocardia pseudovaccinii	189540	S	10	6	16	0.00000
Prescottella equi	43767	S	258	9	267	0.00001
Prescottella soli	1543852	S	167	9	176	0.00000
Prescottella sp. R16	3064529	S	50	1	51	0.00000
Prescottella agglutinans	1644129	S	26	1	27	0.00000
Rhodococcoides fascians	1828	S	138	4	142	0.00000
Williamsia herbipolensis	1603258	S	33	0	33	0.00000
Corynebacterium variabile	1727	S	26098	3427	29525	0.00060
Corynebacterium glyciniphilum	1404244	S	4126	68	4194	0.00008
Corynebacterium nuruki	1032851	S	3161	70	3231	0.00007
Corynebacterium terpenotabidum	89154	S	1352	60	1412	0.00003
Corynebacterium provencense	1737425	S	861	22	883	0.00002
Corynebacterium imitans	156978	S	642	51	693	0.00001
Corynebacterium sp. SCR221107	3017361	S	338	33	371	0.00001
Corynebacterium sp. Z-1	3074378	S	63	514	577	0.00001
Corynebacterium sp. S7	3469232	S	15	0	15	0.00000
Corynebacterium sp. LaCa142	3391425	S	11	13	24	0.00000
Corynebacterium sp. P3-F1	3059080	S	10	3	13	0.00000
Corynebacterium kalinowskii	2675216	S	414	10	424	0.00001
Corynebacterium jamesii	3383590	S	399	109	508	0.00001
Corynebacterium appendicis	163202	S	381	49	430	0.00001
Corynebacterium ciconiae	227319	S	282	2	284	0.00001
Corynebacterium renale	1724	S	264	4	268	0.00001
Corynebacterium matruchotii	43768	S	251	1	252	0.00001
Corynebacterium coyleae	53374	S	242	26	268	0.00001
Corynebacterium anserum	2684406	S	238	3	241	0.00000
Corynebacterium efficiens	152794	S	225	10	235	0.00000
Corynebacterium afermentans	38286	S	194	64	258	0.00001
Corynebacterium gerontici	2079234	S	176	6	182	0.00000
Corynebacterium kutscheri	35755	S	149	3	152	0.00000
Corynebacterium capitovis	131081	S	126	2	128	0.00000
Corynebacterium caspium	234828	S	120	2	122	0.00000
Corynebacterium falsenii	108486	S	113	11	124	0.00000
Corynebacterium atypicum	191610	S	110	8	118	0.00000
Corynebacterium kroppenstedtii	161879	S	96	14	110	0.00000
Corynebacterium auriscanis	99807	S	94	5	99	0.00000
Corynebacterium resistens	258224	S	86	24	110	0.00000
Corynebacterium callunae	1721	S	83	10	93	0.00000
Corynebacterium bovis	36808	S	73	1	74	0.00000
Corynebacterium flavescens	28028	S	73	4	77	0.00000
Corynebacterium lactis	1231000	S	70	1	71	0.00000
Corynebacterium tuberculostearicum	38304	S	70	61	131	0.00000
Corynebacterium liangguodongii	2079535	S	65	2	67	0.00000
Corynebacterium atrinae	1336740	S	63	6	69	0.00000
Corynebacterium genitalium	38288	S	61	3	64	0.00000
Corynebacterium jeikeium	38289	S	57	31	88	0.00000
Corynebacterium urealyticum	43771	S	57	10	67	0.00000
Corynebacterium zhongnanshanii	2768834	S	54	0	54	0.00000
Corynebacterium ureicelerivorans	401472	S	54	7	61	0.00000
Corynebacterium xerosis	1725	S	53	5	58	0.00000
Corynebacterium sphenisci	191493	S	52	1	53	0.00000
Corynebacterium halotolerans	225326	S	48	1	49	0.00000
Corynebacterium propinquum	43769	S	45	8	53	0.00000
Corynebacterium doosanense	1121358	S	41	5	46	0.00000
Corynebacterium marquesiae	2913503	S	40	35	75	0.00000
Corynebacterium timonense	441500	S	40	7	47	0.00000
Corynebacterium pyruviciproducens	598660	S	39	30	69	0.00000
Corynebacterium urogenitale	2487892	S	35	1	36	0.00000
Corynebacterium frankenforstense	1230998	S	33	0	33	0.00000
Corynebacterium glutamicum	1718	S	32	224	256	0.00001
Corynebacterium guangdongense	1783348	S	32	0	32	0.00000
Corynebacterium incognitum	2754725	S	31	1	32	0.00000
Corynebacterium maris	575200	S	30	0	30	0.00000
Corynebacterium durum	61592	S	30	0	30	0.00000
Corynebacterium suedekumii	3049801	S	28	2	30	0.00000
Corynebacterium dentalis	2014528	S	27	2	29	0.00000
Corynebacterium freneyi	134034	S	27	2	29	0.00000
Corynebacterium vitaeruminis	38305	S	27	1	28	0.00000
Corynebacterium hansenii	394964	S	26	1	27	0.00000
Corynebacterium humireducens	1223514	S	25	0	25	0.00000
Corynebacterium hindlerae	699041	S	25	0	25	0.00000
Corynebacterium auris	44750	S	24	4	28	0.00000
Corynebacterium yudongzhengii	2080740	S	23	0	23	0.00000
Corynebacterium mycetoides	38302	S	23	4	27	0.00000
Corynebacterium breve	3049799	S	23	0	23	0.00000
Corynebacterium marinum	349751	S	22	3	25	0.00000
Corynebacterium glucuronolyticum	39791	S	21	2	23	0.00000
Corynebacterium pseudodiphtheriticum	37637	S	21	3	24	0.00000
Corynebacterium singulare	161899	S	19	4	23	0.00000
Corynebacterium occultum	2675219	S	19	0	19	0.00000
Corynebacterium aurimucosum	169292	S	19	3	22	0.00000
Corynebacterium endometrii	2488819	S	19	0	19	0.00000
Corynebacterium macclintockiae	2913501	S	18	6	24	0.00000
Corynebacterium confusum	71254	S	17	2	19	0.00000
Corynebacterium aquilae	203263	S	17	0	17	0.00000
Corynebacterium stationis	1705	S	17	1	18	0.00000
Corynebacterium heidelbergense	2055947	S	16	0	16	0.00000
Corynebacterium choanae	1862358	S	16	0	16	0.00000
Corynebacterium ihumii	1232427	S	16	25	41	0.00000
Corynebacterium jeddahense	1414719	S	16	3	19	0.00000
Corynebacterium glaucum	187491	S	15	0	15	0.00000
Corynebacterium uberis	2883169	S	15	0	15	0.00000
Corynebacterium phocae	161895	S	15	0	15	0.00000
Corynebacterium faecale	1758466	S	14	2	16	0.00000
Corynebacterium comes	2675218	S	13	0	13	0.00000
Corynebacterium diphtheriae	1717	S	13	10	23	0.00000
Corynebacterium testudinoris	136857	S	13	1	14	0.00000
Corynebacterium striatum	43770	S	13	3	16	0.00000
Corynebacterium casei	160386	S	12	4	16	0.00000
Corynebacterium canis	679663	S	12	0	12	0.00000
Corynebacterium epidermidicanis	1050174	S	12	0	12	0.00000
Corynebacterium lujinxingii	2763010	S	11	1	12	0.00000
Corynebacterium suranareeae	2506452	S	11	1	12	0.00000
Corynebacterium felinum	131318	S	11	0	11	0.00000
Corynebacterium uterequi	1072256	S	11	0	11	0.00000
Corynebacterium fournieri	1852390	S	11	1	12	0.00000
Corynebacterium aquatimens	1190508	S	10	25	35	0.00000
Corynebacterium cystitidis	35757	S	10	0	10	0.00000
Corynebacterium ammoniagenes	1697	S	10	0	10	0.00000
Mycobacterium sp. IDR2000157661	2867005	S	305	60	365	0.00001
Mycobacterium sp. M23085	3378087	S	184	17	201	0.00000
Mycobacterium sp. PDNC021	3391399	S	170	27	197	0.00000
Mycobacterium sp. DL592	2675524	S	127	6	133	0.00000
Mycobacterium sp. EPa45	1545728	S	122	22	144	0.00000
Mycobacterium sp. SMC-8	2857060	S	98	97	195	0.00000
Mycobacterium sp. NBC_00419	2975989	S	40	1	41	0.00000
Mycobacterium sp. MS1601	1936029	S	39	5	44	0.00000
Mycobacterium sp. BMJ-28	3567998	S	35	1	36	0.00000
Mycobacterium sp. AMU20-3851	3122055	S	33	4	37	0.00000
Mycobacterium sp. SMC-11	3385969	S	32	24	56	0.00000
Mycobacterium sp. HUMS_1102779	3383487	S	32	6	38	0.00000
Mycobacterium sp. WMMD1722	3404117	S	29	1	30	0.00000
Mycobacterium sp. HM-7	3475973	S	26	13	39	0.00000
Mycobacterium sp. DL	3145017	S	25	7	32	0.00000
Mycobacterium sp. C3-094	3568623	S	24	20	44	0.00000
Mycobacterium sp. JS623	212767	S	24	0	24	0.00000
Mycobacterium sp. ITM-2016-00316	2099695	S	20	6	26	0.00000
Mycobacterium sp. SMC-2	2857058	S	14	0	14	0.00000
Mycobacterium sp. ITM-2016-00317	2099694	S	13	2	15	0.00000
Mycobacterium sp. Aquia_216	2991729	S	13	0	13	0.00000
Mycobacterium sp. MMS18-G62	3475974	S	11	0	11	0.00000
Mycobacterium sp. ITM-2016-00318	2099693	S	10	0	10	0.00000
Mycobacterium stomatepiae	470076	S	158	4	162	0.00000
Mycobacterium europaeum	761804	S	84	57	141	0.00000
Mycobacterium simiae	1784	S	26	0	26	0.00000
Mycobacterium florentinum	292462	S	26	0	26	0.00000
Mycobacterium shigaense	722731	S	25	0	25	0.00000
Mycobacterium saskatchewanense	220927	S	18	1	19	0.00000
Mycobacterium parmense	185642	S	16	3	19	0.00000
Mycobacterium kubicae	120959	S	15	5	20	0.00000
Mycobacterium heidelbergense	53376	S	14	1	15	0.00000
Mycobacterium lentiflavum	141349	S	11	1	12	0.00000
Mycobacterium riyadhense	486698	S	339	2	341	0.00001
Mycobacterium canetti	78331	S	72	10	82	0.00000
Mycobacterium tuberculosis	1773	S	16	62	78	0.00000
Mycobacterium camsae	3471837	S	137	11	148	0.00000
Mycobacterium paraterrae	577492	S	131	15	146	0.00000
Mycobacterium intracellulare	1767	S	32	179	211	0.00000
Mycobacterium avium	1764	S	28	11	39	0.00000
Mycobacterium marseillense	701042	S	17	4	21	0.00000
Mycobacterium colombiense	339268	S	14	0	14	0.00000
Mycobacterium senriense	2775496	S	14	0	14	0.00000
Mycobacterium paragordonae	1389713	S	116	20	136	0.00000
Mycobacterium marinum	1781	S	34	48	82	0.00000
Mycobacterium noviomagense	459858	S	63	0	63	0.00000
Candidatus Mycobacterium wuenschmannii	3027808	S	52	1	53	0.00000
Mycobacterium branderi	43348	S	51	4	55	0.00000
Mycobacterium xenopi	1789	S	48	6	54	0.00000
Mycobacterium spongiae	886343	S	43	0	43	0.00000
Mycobacterium vicinigordonae	1719132	S	32	0	32	0.00000
Mycobacterium kansasii	1768	S	30	2	32	0.00000
Mycobacterium hainanense	3289775	S	28	0	28	0.00000
Mycobacterium basiliense	2094119	S	25	0	25	0.00000
Mycobacterium paraseoulense	590652	S	22	2	24	0.00000
Mycobacterium shinjukuense	398694	S	21	0	21	0.00000
Mycobacterium dioxanotrophicus	482462	S	21	8	29	0.00000
Mycobacterium adipatum	1682113	S	21	11	32	0.00000
Mycobacterium decipiens	1430326	S	18	0	18	0.00000
Candidatus Mycobacterium methanotrophicum	2943498	S	17	0	17	0.00000
Mycobacterium gallinarum	39689	S	15	5	20	0.00000
Mycobacterium seoulense	386911	S	14	1	15	0.00000
Mycobacterium ostraviense	2738409	S	14	0	14	0.00000
Mycobacterium lacus	169765	S	11	0	11	0.00000
Mycobacterium pumcae	3073562	S	10	0	10	0.00000
Mycolicibacterium sp. Dal123E01	3457578	S	96	15	111	0.00000
Mycolicibacterium sp. ND9-15	3042320	S	79	12	91	0.00000
Mycolicibacterium sp. YH-1	2908837	S	76	5	81	0.00000
Mycolicibacterium sp. HS_4_1	3569258	S	39	58	97	0.00000
Mycolicibacterium sp. HK-90	3056937	S	34	6	40	0.00000
Mycolicibacterium madagascariense	212765	S	388	10	398	0.00001
Mycolicibacterium litorale	758802	S	315	85	400	0.00001
Mycolicibacterium pulveris	36813	S	253	21	274	0.00001
Mycolicibacterium septicum	98668	S	152	46	198	0.00000
Mycolicibacterium anyangense	1431246	S	143	7	150	0.00000
Mycolicibacterium psychrotolerans	216929	S	130	31	161	0.00000
Mycolicibacterium aichiense	1799	S	128	25	153	0.00000
Mycolicibacterium iranicum	912594	S	109	112	221	0.00000
Mycolicibacterium aurum	1791	S	92	3	95	0.00000
Mycolicibacterium tokaiense	39695	S	83	4	87	0.00000
Mycolicibacterium diernhoferi	1801	S	67	6	73	0.00000
Mycolicibacterium thermoresistibile	1797	S	65	4	69	0.00000
Mycolicibacterium fortuitum	1766	S	62	15	77	0.00000
Mycolicibacterium smegmatis	1772	S	58	9	67	0.00000
Mycolicibacterium gadium	1794	S	49	14	63	0.00000
Mycolicibacterium mageritense	53462	S	49	6	55	0.00000
Mycolicibacterium brumae	85968	S	45	13	58	0.00000
Mycolicibacterium rufum	318424	S	42	28	70	0.00000
Mycolicibacterium goodii	134601	S	40	6	46	0.00000
Mycolicibacterium duvalii	39688	S	40	3	43	0.00000
Mycolicibacterium aubagnense	319707	S	37	7	44	0.00000
Mycolicibacterium baixiangningiae	2761578	S	35	1	36	0.00000
Mycolicibacterium confluentis	28047	S	33	1	34	0.00000
Mycolicibacterium gilvum	1804	S	33	32	65	0.00000
Mycolicibacterium sediminis	1286180	S	32	1	33	0.00000
Mycolicibacterium mucogenicum	56689	S	31	13	44	0.00000
Mycolicibacterium rutilum	370526	S	31	7	38	0.00000
Mycolicibacterium neoaurum	1795	S	29	19	48	0.00000
Mycolicibacterium chubuense	1800	S	29	7	36	0.00000
Mycolicibacterium alvei	67081	S	28	7	35	0.00000
Mycolicibacterium elephantis	81858	S	26	2	28	0.00000
Mycobacterium antarcticum	3023370	S	26	0	26	0.00000
Mycolicibacterium wolinskyi	59750	S	22	6	28	0.00000
Mycolicibacterium farcinogenes	1802	S	21	38	59	0.00000
Mycolicibacterium insubricum	444597	S	19	4	23	0.00000
Mycolicibacterium fluoranthenivorans	258505	S	19	0	19	0.00000
Mycolicibacterium mengxianglii	2736649	S	19	0	19	0.00000
Mycolicibacterium phlei	1771	S	18	2	20	0.00000
Mycolicibacterium fallax	1793	S	18	5	23	0.00000
[Mycobacterium] burgundiense	3064286	S	18	1	19	0.00000
Mycolicibacterium grossiae	1552759	S	17	10	27	0.00000
Mycolicibacterium helvum	1534349	S	17	0	17	0.00000
Mycolicibacterium moriokaense	39691	S	16	0	16	0.00000
Mycolicibacterium nivoides	2487344	S	16	7	23	0.00000
Mycolicibacterium sarraceniae	1534348	S	16	0	16	0.00000
Mycolicibacterium parafortuitum	39692	S	16	0	16	0.00000
Mycolicibacterium hassiacum	46351	S	15	1	16	0.00000
Mycolicibacterium monacense	85693	S	15	4	19	0.00000
Mycolicibacterium chitae	1792	S	15	3	18	0.00000
Mycolicibacterium austroafricanum	39687	S	14	125	139	0.00000
Mycolicibacterium arabiense	1286181	S	13	0	13	0.00000
Mycolicibacterium rhodesiae	36814	S	12	3	15	0.00000
Mycolicibacterium celeriflavum	1249101	S	12	2	14	0.00000
Mycolicibacterium doricum	126673	S	11	1	12	0.00000
Mycolicibacterium holsaticum	152142	S	11	0	11	0.00000
Mycolicibacter minnesotensis	1118379	S	436	22	458	0.00001
Mycolicibacter terrae	1788	S	319	79	398	0.00001
[Mycobacterium] kokjensenii	3064287	S	55	12	67	0.00000
Mycolicibacter hiberniae	29314	S	20	1	21	0.00000
Mycolicibacter virginiensis	1795032	S	19	14	33	0.00000
[Mycobacterium] wendilense	3064284	S	11	3	14	0.00000
Mycobacteroides chelonae	1774	S	218	168	386	0.00001
Mycobacteroides abscessus	36809	S	192	47	239	0.00000
Mycobacteroides immunogenum	83262	S	21	5	26	0.00000
Mycobacteroides salmoniphilum	404941	S	19	0	19	0.00000
Mycolicibacillus koreensis	1069220	S	26	5	31	0.00000
Mycolicibacillus parakoreensis	1069221	S	21	5	26	0.00000
Dietzia sp. B32	2915130	S	371	214	585	0.00001
Dietzia sp. oral taxon 368	712270	S	110	142	252	0.00001
Dietzia sp. MNB45	3238800	S	26	155	181	0.00000
Dietzia psychralcaliphila	139021	S	399	39	438	0.00001
Dietzia kunjamensis	322509	S	194	252	446	0.00001
Dietzia lutea	546160	S	156	15	171	0.00000
Dietzia cinnamea	321318	S	94	88	182	0.00000
Dietzia timorensis	499555	S	48	3	51	0.00000
Gordonia sp. PP30	2935861	S	54	5	59	0.00000
Gordonia sp. NB41Y	875808	S	35	3	38	0.00000
Gordonia sp. KTR9	337191	S	32	22	54	0.00000
Gordonia sp. SL306	2995145	S	29	0	29	0.00000
Gordonia sp. w5E2	3075837	S	20	7	27	0.00000
Gordonia sp. MP11Mi	3022769	S	17	0	17	0.00000
Gordonia sp. PDNC005	2811424	S	17	3	20	0.00000
Gordonia sp. X0973	2742602	S	13	2	15	0.00000
Gordonia hydrophobica	40516	S	216	20	236	0.00000
Gordonia terrae	2055	S	152	65	217	0.00000
Gordonia polyisoprenivorans	84595	S	121	179	300	0.00001
Gordonia iterans	1004901	S	48	9	57	0.00000
Gordonia otitidis	249058	S	40	16	56	0.00000
Gordonia amarae	36821	S	33	1	34	0.00000
Gordonia insulae	2420509	S	32	7	39	0.00000
Gordonia malaquae	410332	S	28	5	33	0.00000
Gordonia rubripertincta	36822	S	27	48	75	0.00000
Gordonia bronchialis	2054	S	24	9	33	0.00000
Gordonia mangrovi	2665643	S	23	0	23	0.00000
Gordonia jinghuaiqii	2758710	S	20	1	21	0.00000
Gordonia pseudamarae	2831662	S	18	1	19	0.00000
Gordonia phthalatica	1136941	S	13	4	17	0.00000
Gordonia hongkongensis	1701090	S	12	284	296	0.00001
Gordonia zhaorongruii	2597659	S	10	0	10	0.00000
Skermania pinensis	39122	S	24	0	24	0.00000
Tsukamurella paurometabola	2061	S	94	5	99	0.00000
Tsukamurella tyrosinosolvens	57704	S	45	6	51	0.00000
Tsukamurella pulmonis	47312	S	35	1	36	0.00000
Tsukamurella sp. PLM1	2929795	S	25	1	26	0.00000
Tomitella gaofuii	2760083	S	133	1	134	0.00000
Tomitella fengzijianii	2597660	S	34	0	34	0.00000
Segniliparus rotundus	286802	S	15	0	15	0.00000
Hoyosella subflava	639313	S	14	0	14	0.00000
Streptomyces sp. NBC_01390	2903850	S	654	86	740	0.00001
Streptomyces sp. DG1A-41	3125779	S	398	80	478	0.00001
Streptomyces sp. NBC_01190	2903767	S	393	15	408	0.00001
Streptomyces sp. BI20	3403460	S	364	17	381	0.00001
Streptomyces sp. DSM 118878	3425866	S	359	33	392	0.00001
Streptomyces sp. CA-142005	3240052	S	355	44	399	0.00001
Streptomyces sp. NBC_01445	2903869	S	313	220	533	0.00001
Streptomyces sp. NBC_00658	2975800	S	311	792	1103	0.00002
Streptomyces sp. Qhu-G9	3452799	S	309	23	332	0.00001
Streptomyces sp. NBC_00503	2903659	S	305	96	401	0.00001
Streptomyces sp. NBC_01420	2903858	S	293	1086	1379	0.00003
Streptomyces sp. NBC_00076	2975642	S	233	24	257	0.00001
Streptomyces sp. NBC_00158	2903627	S	230	36	266	0.00001
Streptomyces sp. JNUCC 63	3469805	S	219	18	237	0.00000
Streptomyces sp. CA-146814	3240053	S	211	59	270	0.00001
Streptomyces sp. LZ34	3476642	S	203	12	215	0.00000
Streptomyces sp. NBC_01353	2903835	S	184	16	200	0.00000
Streptomyces sp. WZ-12	3030210	S	167	10	177	0.00000
Streptomyces sp. cg36	3238798	S	165	15	180	0.00000
Streptomyces sp. NBC_00989	2903705	S	146	38	184	0.00000
Streptomyces sp. HUAS TT11	3447508	S	146	5	151	0.00000
Streptomyces sp. HP-A2021	2927875	S	139	33	172	0.00000
Streptomyces sp. NBC_01537	2903896	S	134	13	147	0.00000
Streptomyces sp. NBC_01717	2975918	S	133	75	208	0.00000
Streptomyces sp. NBC_01788	2975940	S	122	9	131	0.00000
Streptomyces sp. JL2001	3342488	S	119	12	131	0.00000
Streptomyces sp. NBC_01351	2903833	S	118	14	132	0.00000
Streptomyces sp. NBC_00670	2975804	S	117	10	127	0.00000
Streptomyces sp. NBC_00582	2975783	S	114	11	125	0.00000
Streptomyces sp. MUM 178J	2791991	S	114	6	120	0.00000
Streptomyces sp. NBC_01255	2903798	S	106	17	123	0.00000
Streptomyces sp. NBC_01725	2975923	S	101	115	216	0.00000
Streptomyces sp. NBC_01465	2903878	S	99	4	103	0.00000
Streptomyces sp. NBC_01426	2975866	S	89	22	111	0.00000
Streptomyces sp. GS7	2692234	S	82	6	88	0.00000
Streptomyces sp. NBC_01013	2903718	S	81	11	92	0.00000
Streptomyces sp. CA-294286	3240070	S	80	3	83	0.00000
Streptomyces sp. NBC_01207	2903772	S	80	229	309	0.00001
Streptomyces sp. AM2-3-1	3075824	S	79	1032	1111	0.00002
Streptomyces sp. NBC_00388	2975735	S	79	6	85	0.00000
Streptomyces sp. NBC_00075	2975641	S	78	12	90	0.00000
Streptomyces sp. 3214.6	1882757	S	73	9	82	0.00000
Streptomyces sp. HUAS TT20	3447509	S	73	4	77	0.00000
Streptomyces sp. NBC_00988	2903704	S	67	25	92	0.00000
Streptomyces sp. Pv4-95	3049543	S	67	3	70	0.00000
Streptomyces sp. NBC_01341	2903831	S	66	9	75	0.00000
Streptomyces sp. NBC_00838	2903680	S	66	8	74	0.00000
Streptomyces sp. NBC_00358	2975725	S	65	257	322	0.00001
Streptomyces sp. NBC_00069	2975639	S	65	611	676	0.00001
Streptomyces sp. ITFR-16	3075198	S	64	10	74	0.00000
Streptomyces sp. NBC_01235	2903788	S	61	8	69	0.00000
Streptomyces sp. WAC 01529	2203205	S	61	6	67	0.00000
Streptomyces sp. NBC_00250	2903641	S	60	12	72	0.00000
Streptomyces sp. NBC_00557	2975776	S	57	7	64	0.00000
Streptomyces sp. RTd22	1841249	S	56	7	63	0.00000
Streptomyces sp. 11-1-2	1851167	S	55	16	71	0.00000
Streptomyces sp. cg40	3419764	S	55	8	63	0.00000
Streptomyces sp. R28	3238628	S	51	8	59	0.00000
Streptomyces sp. HUAS TT3	3447510	S	51	4	55	0.00000
Streptomyces sp. Rer75	2750011	S	50	7	57	0.00000
Streptomyces sp. NBC_01476	2903881	S	50	2	52	0.00000
Streptomyces sp. NL15-2K	376149	S	49	3	52	0.00000
Streptomyces sp. CG1	1287523	S	49	6	55	0.00000
Streptomyces sp. NBC_01429	2903862	S	48	2	50	0.00000
Streptomyces sp. NBC_00647	2975796	S	47	11	58	0.00000
Streptomyces sp. MOE7	1961713	S	47	51	98	0.00000
Streptomyces sp. ST1015	1848900	S	45	3	48	0.00000
Streptomyces sp. NBC_01262	2903803	S	45	4	49	0.00000
Streptomyces sp. SAT1	1849967	S	44	4	48	0.00000
Streptomyces sp. NBC_01198	2903769	S	43	2	45	0.00000
Streptomyces sp. R-07	3404052	S	43	8	51	0.00000
Streptomyces sp. NBC_01216	2903778	S	42	2	44	0.00000
Streptomyces sp. S186	3434395	S	42	6	48	0.00000
Streptomyces sp. LE64	3448653	S	41	2	43	0.00000
Streptomyces sp. NBC_01546	2975872	S	41	52	93	0.00000
Streptomyces sp. AHU1	3377215	S	40	4	44	0.00000
Streptomyces sp. JNUCC 64	3467596	S	39	2	41	0.00000
Streptomyces sp. 11x1	3038642	S	39	5	44	0.00000
Streptomyces sp. NBC_01166	2903755	S	39	5	44	0.00000
Streptomyces sp. NBC_01217	2903779	S	38	5	43	0.00000
Streptomyces sp. SCSIO 75703	3112165	S	38	3	41	0.00000
Streptomyces sp. NBC_00414	2975739	S	38	3	41	0.00000
Streptomyces sp. NBC_01276	2903808	S	37	5	42	0.00000
Streptomyces sp. NBC_01012	2903717	S	36	3	39	0.00000
Streptomyces sp. CA-111067	3240046	S	36	1	37	0.00000
Streptomyces sp. NA04227	2742136	S	36	1	37	0.00000
Streptomyces sp. NBC_01224	2903783	S	36	10	46	0.00000
Streptomyces sp. NBC_00691	2903671	S	35	6	41	0.00000
Streptomyces sp. SX92	3158972	S	35	4	39	0.00000
Streptomyces sp. EAS-AB2608	2779671	S	35	285	320	0.00001
Streptomyces sp. SGAir0957	2109592	S	34	1	35	0.00000
Streptomyces sp. CMB-StM0423	2059884	S	34	9	43	0.00000
Streptomyces sp. LX-29	2900152	S	34	2	36	0.00000
Streptomyces sp. NBC_00239	2903640	S	34	3	37	0.00000
Streptomyces sp. MST-110588	2833628	S	34	1	35	0.00000
Streptomyces sp. M92	2944250	S	33	5	38	0.00000
Streptomyces sp. NBC_01288	2903814	S	33	13	46	0.00000
Streptomyces sp. NBC_01378	2903844	S	33	16	49	0.00000
Streptomyces sp. P3	2135430	S	33	4	37	0.00000
Streptomyces sp. 891-h	2720714	S	32	0	32	0.00000
Streptomyces sp. NBC_01268	2903806	S	32	3	35	0.00000
Streptomyces sp. T12	477697	S	32	7	39	0.00000
Streptomyces sp. Je 1-332	3231270	S	32	2	34	0.00000
Streptomyces sp. NHF165	2175864	S	32	0	32	0.00000
Streptomyces sp. NBC_00846	2975849	S	31	17	48	0.00000
Streptomyces sp. FXJ1.172	710705	S	31	3	34	0.00000
Streptomyces sp. NBC_01431	2903863	S	31	2	33	0.00000
Streptomyces sp. Qhu_M48	3435889	S	30	4	34	0.00000
Streptomyces sp. NBC_00490	2903657	S	30	4	34	0.00000
Streptomyces sp. VNUA116	3062449	S	30	2	32	0.00000
Streptomyces sp. L7	3423954	S	30	12	42	0.00000
Streptomyces sp. NBC_00386	2975734	S	29	21	50	0.00000
Streptomyces sp. NBC_00536	2975769	S	29	2	31	0.00000
Streptomyces sp. NBC_00872	2903686	S	29	1	30	0.00000
Streptomyces sp. GMY02	1333528	S	29	1	30	0.00000
Streptomyces sp. TLI_053	1855352	S	29	19	48	0.00000
Streptomyces sp. NBC_01304	2903818	S	28	0	28	0.00000
Streptomyces sp. R33	3238629	S	28	7	35	0.00000
Streptomyces sp. NBC_01538	2903897	S	28	4	32	0.00000
Streptomyces sp. NBC_00289	2975703	S	28	2	30	0.00000
Streptomyces sp. NBC_00588	2975784	S	27	3	30	0.00000
Streptomyces sp. ITFR-6	3075197	S	27	8	35	0.00000
Streptomyces sp. NBC_01343	2903832	S	27	5	32	0.00000
Streptomyces sp. SCSIO ZS0520	2892996	S	27	1	28	0.00000
Streptomyces sp. SDT5-1	3406418	S	27	2	29	0.00000
Streptomyces sp. NBC_01451	2903872	S	27	4	31	0.00000
Streptomyces sp. FIT100	2837956	S	27	2	29	0.00000
Streptomyces sp. CB01881	2078691	S	27	6	33	0.00000
Streptomyces sp. R44	3238633	S	26	5	31	0.00000
Streptomyces sp. Go-475	2072505	S	26	6	32	0.00000
Streptomyces sp. QTS52	3477385	S	26	3	29	0.00000
Streptomyces sp. NBC_00370	2975728	S	25	1	26	0.00000
Streptomyces sp. S8	1837283	S	25	10	35	0.00000
Streptomyces sp. NBC_00690	2975808	S	25	0	25	0.00000
Streptomyces sp. NBC_00663	2975801	S	25	4	29	0.00000
Streptomyces sp. Caat 7-52	2949637	S	25	2	27	0.00000
Streptomyces sp. Go40/10	2825844	S	25	3	28	0.00000
Streptomyces sp. NBC_01497	2903885	S	25	0	25	0.00000
Streptomyces sp. DSM 40750	2801030	S	24	3	27	0.00000
Streptomyces sp. NBC_01498	2975870	S	24	1	25	0.00000
Streptomyces sp. NBC_01310	2903820	S	24	12	36	0.00000
Streptomyces sp. Z423-1	2730915	S	24	2	26	0.00000
Streptomyces sp. NBC_00523	2975765	S	24	9	33	0.00000
Streptomyces sp. NBC_00859	2903682	S	24	1	25	0.00000
Streptomyces sp. NBC_01477	2976015	S	24	1	25	0.00000
Streptomyces sp. R21	3238627	S	24	2	26	0.00000
Streptomyces sp. C11-1	3444503	S	23	3	26	0.00000
Streptomyces sp. NBC_00287	2975702	S	23	2	25	0.00000
Streptomyces sp. SCSIO 30461	3118085	S	23	1	24	0.00000
Streptomyces sp. NBC_00576	2903665	S	23	2	25	0.00000
Streptomyces sp. 71268	3002640	S	23	2	25	0.00000
Streptomyces sp. HM190	2695266	S	23	2	25	0.00000
Streptomyces sp. YIM 121038	2136401	S	23	1	24	0.00000
Streptomyces sp. EMB26	3390036	S	22	32	54	0.00000
Streptomyces sp. NBC_00876	2975853	S	22	3	25	0.00000
Streptomyces sp. XD-27	3062779	S	22	2	24	0.00000
Streptomyces sp. NBC_01314	2903821	S	22	3	25	0.00000
Streptomyces sp. NEAU-sy36	2751189	S	22	5	27	0.00000
Streptomyces sp. HNM1019	3424717	S	22	2	24	0.00000
Streptomyces sp. R11	3238625	S	22	5	27	0.00000
Streptomyces sp. BBFR102	3448171	S	22	3	25	0.00000
Streptomyces sp. GD-15H	3129112	S	22	1	23	0.00000
Streptomyces sp. NBC_00285	2975700	S	22	2	24	0.00000
Streptomyces sp. NEAU-S7GS2	2202000	S	22	22	44	0.00000
Streptomyces sp. R39	3238631	S	22	1	23	0.00000
Streptomyces sp. SS7	3108485	S	22	2	24	0.00000
Streptomyces sp. NBC_00019	2975623	S	22	3	25	0.00000
Streptomyces sp. NBC_01283	2903812	S	22	1	23	0.00000
Streptomyces sp. ADI95-16	1522758	S	21	8	29	0.00000
Streptomyces sp. R41	3238632	S	21	2	23	0.00000
Streptomyces sp. NBC_00234	2903638	S	21	1	22	0.00000
Streptomyces sp. NBC_00442	2903651	S	21	1	22	0.00000
Streptomyces sp. HNA39	2850561	S	21	24	45	0.00000
Streptomyces sp. ACT015	3134807	S	21	1	22	0.00000
Streptomyces sp. AMCC400023	2056258	S	21	8	29	0.00000
Streptomyces sp. NBC_00513	2975763	S	20	3	23	0.00000
Streptomyces sp. NBC_00887	2975859	S	20	3	23	0.00000
Streptomyces sp. SJL17-4	2967224	S	20	9	29	0.00000
Streptomyces sp. BR1	1592323	S	20	1	21	0.00000
Streptomyces sp. NBC_00028	2975624	S	20	3	23	0.00000
Streptomyces sp. CLCI03	3468841	S	20	12	32	0.00000
Streptomyces sp. NBC_01800	2975945	S	20	25	45	0.00000
Streptomyces sp. CA-210063	2801029	S	20	3	23	0.00000
Streptomyces sp. SirexAA-E	862751	S	20	2	22	0.00000
Streptomyces sp. NBC_01237	2903790	S	20	1	21	0.00000
Streptomyces sp. E-08	3404047	S	20	3	23	0.00000
Streptomyces sp. P1-3	3421658	S	20	2	22	0.00000
Streptomyces sp. GQFP	2907545	S	20	3	23	0.00000
Streptomyces sp. A2-16	2781734	S	19	2	21	0.00000
Streptomyces sp. NBC_01298	2903817	S	19	3	22	0.00000
Streptomyces sp. NBC_01808	2975947	S	19	6	25	0.00000
Streptomyces sp. NBC_01622	2975903	S	19	3	22	0.00000
Streptomyces sp. NBC_01518	2903891	S	19	8	27	0.00000
Streptomyces sp. NBC_01092	2903748	S	19	1	20	0.00000
Streptomyces sp. SM18	1736046	S	19	10	29	0.00000
Streptomyces sp. NBC_01361	2903838	S	19	14	33	0.00000
Streptomyces sp. NBC_01483	2903883	S	19	13	32	0.00000
Streptomyces sp. NBC_01803	2975946	S	18	0	18	0.00000
Streptomyces sp. A5-4	3384771	S	18	1	19	0.00000
Streptomyces sp. NBC_00425	2975740	S	18	2	20	0.00000
Streptomyces sp. Y1	3238634	S	18	3	21	0.00000
Streptomyces sp. C1-1	3231173	S	18	2	20	0.00000
Streptomyces sp. NBC_01506	2903887	S	18	1	19	0.00000
Streptomyces sp. NBC_01317	2903822	S	18	1	19	0.00000
Streptomyces sp. NBC_00704	2975809	S	17	1	18	0.00000
Streptomyces sp. NBC_00376	2975730	S	17	4	21	0.00000
Streptomyces sp. NBC_00829	2903679	S	17	1	18	0.00000
Streptomyces sp. NBC_01525	2903893	S	17	1	18	0.00000
Streptomyces sp. NBC_00454	2975747	S	17	6	23	0.00000
Streptomyces sp. NBC_00932	2903690	S	16	241	257	0.00001
Streptomyces sp. NBC_01439	2903867	S	16	4	20	0.00000
Streptomyces sp. BYX5S	3679869	S	16	1	17	0.00000
Streptomyces sp. NBC_01478	2903882	S	16	2	18	0.00000
Streptomyces sp. NBC_00390	2975736	S	16	0	16	0.00000
Streptomyces sp. NBC_00259	2903643	S	16	1	17	0.00000
Streptomyces sp. Li-HN-5-11	3075432	S	16	1	17	0.00000
Streptomyces sp. W1SF4	2305220	S	16	2	18	0.00000
Streptomyces sp. NBC_00344	2975720	S	15	0	15	0.00000
Streptomyces sp. NBC_01335	2903828	S	15	1	16	0.00000
Streptomyces sp. NBC_01334	2903827	S	15	7	22	0.00000
Streptomyces sp. NBC_00178	2975672	S	15	2	17	0.00000
Streptomyces sp. NBC_01104	2903750	S	15	48	63	0.00000
Streptomyces sp. R08	3238624	S	15	14	29	0.00000
Streptomyces sp. BBFR51	3372856	S	15	2	17	0.00000
Streptomyces sp. TG1A-60	3129111	S	15	1	16	0.00000
Streptomyces sp. Inha503	3383314	S	15	3	18	0.00000
Streptomyces sp. HSG2	2797167	S	15	0	15	0.00000
Streptomyces sp. WMMC500	3015154	S	15	1	16	0.00000
Streptomyces sp. S584	3096010	S	15	26	41	0.00000
Streptomyces sp. NBC_00631	2975793	S	14	1	15	0.00000
Streptomyces sp. NBC_00341	2975717	S	14	50	64	0.00000
Streptomyces sp. 184	1827526	S	14	1	15	0.00000
Streptomyces sp. Tu 2975	2676871	S	14	1	15	0.00000
Streptomyces sp. NBC_00316	2975710	S	14	2	16	0.00000
Streptomyces sp. NBC_01591	2975888	S	14	3	17	0.00000
Streptomyces sp. NBC_00459	2975749	S	14	5	19	0.00000
Streptomyces sp. NBC_01716	2975917	S	14	0	14	0.00000
Streptomyces sp. CNQ-509	444103	S	14	7	21	0.00000
Streptomyces sp. S063	2005885	S	14	5	19	0.00000
Streptomyces sp. WAC 01438	2203204	S	14	1	15	0.00000
Streptomyces sp. NBC_01022	2903723	S	13	7	20	0.00000
Streptomyces sp. JB150	2714844	S	13	1	14	0.00000
Streptomyces sp. KMM 9044	2744474	S	13	1	14	0.00000
Streptomyces sp. NBC_00258	2903642	S	13	2	15	0.00000
Streptomyces sp. MMBL 11-1	3026420	S	13	3	16	0.00000
Streptomyces sp. AM 4-1-1	3028710	S	13	0	13	0.00000
Streptomyces sp. NBC_01485	2903884	S	13	1	14	0.00000
Streptomyces sp. NBC_00400	2975737	S	13	1	14	0.00000
Streptomyces sp. BPTC-684	3043734	S	13	3	16	0.00000
Streptomyces sp. QH1-20	3240934	S	13	4	17	0.00000
Streptomyces sp. f51	1827742	S	13	1	14	0.00000
Streptomyces sp. NBC_00986	2903702	S	13	4	17	0.00000
Streptomyces sp. BBFR2	3372854	S	13	1	14	0.00000
Streptomyces sp. 2-1	412710	S	13	3	16	0.00000
Streptomyces sp. YPW6	2840373	S	12	2	14	0.00000
Streptomyces sp. NBC_00304	2975706	S	12	42	54	0.00000
Streptomyces sp. SUK 48	2582831	S	12	2	14	0.00000
Streptomyces sp. NBC_01176	2903760	S	12	2	14	0.00000
Streptomyces sp. QTS137	3476641	S	12	1	13	0.00000
Streptomyces sp. QHH-9511	2684468	S	12	1	13	0.00000
Streptomyces sp. NBC_00322	2975712	S	12	3	15	0.00000
Streptomyces sp. NBC_01450	2903871	S	12	6	18	0.00000
Streptomyces sp. NBC_01618	2975900	S	12	3	15	0.00000
Streptomyces sp. NBC_00203	2975680	S	12	7	19	0.00000
Streptomyces sp. NBC_00435	2903649	S	12	2	14	0.00000
Streptomyces sp. cg28	3403457	S	12	1	13	0.00000
Streptomyces sp. CY1	3388313	S	11	2	13	0.00000
Streptomyces sp. NBC_00645	2975795	S	11	2	13	0.00000
Streptomyces sp. CdTB01	1725411	S	11	1	12	0.00000
Streptomyces sp. NBC_00015	2903611	S	11	7	18	0.00000
Streptomyces sp. NC-S4	3484032	S	11	3	14	0.00000
Streptomyces sp. TN58	234612	S	11	1	12	0.00000
Streptomyces sp. NBC_01244	2903797	S	11	2	13	0.00000
Streptomyces sp. CG4	408783	S	11	1	12	0.00000
Streptomyces sp. BBFR25	3372855	S	11	2	13	0.00000
Streptomyces sp. C8S0	2585716	S	11	0	11	0.00000
Streptomyces sp. HUAS TT7	3447507	S	11	1	12	0.00000
Streptomyces sp. NBC_00996	2903710	S	11	1	12	0.00000
Streptomyces sp. NBC_00280	2975699	S	11	3	14	0.00000
Streptomyces sp. NBC_00191	2975674	S	11	5	16	0.00000
Streptomyces sp. NBC_00247	2975689	S	11	1	12	0.00000
Streptomyces sp. NBC_01178	2903762	S	11	1	12	0.00000
Streptomyces sp. NBC_01089	2903747	S	11	1	12	0.00000
Streptomyces sp. NBC_00467	2975752	S	11	5	16	0.00000
Streptomyces sp. JH002	2763259	S	10	6	16	0.00000
Streptomyces sp. NBC_01435	2903865	S	10	1	11	0.00000
Streptomyces sp. NBC_01320	2903824	S	10	3	13	0.00000
Streptomyces sp. BB1-1-1	3074430	S	10	1	11	0.00000
Streptomyces sp. 2323.1	1938841	S	10	2	12	0.00000
Streptomyces sp. NBC_00525	2903660	S	10	1	11	0.00000
Streptomyces sp. NBC_00483	2975756	S	10	4	14	0.00000
Streptomyces sp. DSM 40868	2721173	S	10	8	18	0.00000
Streptomyces sp. NBC_00057	2975634	S	10	3	13	0.00000
Streptomyces sp. FZ201	3057122	S	10	1	11	0.00000
Streptomyces sp. NBC_00090	2903619	S	10	1	11	0.00000
Streptomyces sp. NBC_00448	2903652	S	10	4	14	0.00000
Streptomyces sp. NBC_00134	2975663	S	10	226	236	0.00000
Streptomyces sp. NBC_01006	2903716	S	10	2	12	0.00000
Streptomyces sp. NBC_00683	2903670	S	10	1	11	0.00000
Streptomyces sp. NBC_00286	2975701	S	10	0	10	0.00000
Streptomyces sp. enrichment culture	1795815	S	964	687	1651	0.00003
Streptomyces alboniger	132473	S	297	31	328	0.00001
Streptomyces canus	58343	S	256	85	341	0.00001
Streptomyces cadmiisoli	2184053	S	68	4	72	0.00000
Streptomyces pseudovenezuelae	67350	S	52	7	59	0.00000
Streptomyces phaeoluteigriseus	114686	S	47	4	51	0.00000
Streptomyces aurantiacus	47760	S	34	1	35	0.00000
Streptomyces koyangensis	188770	S	24	10	34	0.00000
Streptomyces zaomyceticus	68286	S	627	71	698	0.00001
Streptomyces rapamycinicus	1226757	S	388	63	451	0.00001
Streptomyces hygroscopicus	1912	S	99	86	185	0.00000
Streptomyces malaysiensis	92644	S	84	7	91	0.00000
Streptomyces iranensis	576784	S	18	3	21	0.00000
Streptomyces yatensis	155177	S	11	2	13	0.00000
Streptomyces cynarae	2981134	S	587	35	622	0.00001
Streptomyces anthocyanicus	68174	S	497	2419	2916	0.00006
Streptomyces violaceoruber	1935	S	10	38	48	0.00000
Streptomyces rubrogriseus	194673	S	10	4	14	0.00000
Streptomyces xanthophaeus	67385	S	504	70	574	0.00001
Streptomyces tubercidicus	47759	S	442	64	506	0.00001
Streptomyces microflavus	1919	S	157	159	316	0.00001
Streptomyces anulatus	1892	S	90	77	167	0.00000
Streptomyces cyaneofuscatus	66883	S	54	20	74	0.00000
Streptomyces halstedii	1944	S	17	5	22	0.00000
Streptomyces graminofaciens	68212	S	16	1	17	0.00000
Streptomyces griseus	1911	S	14	5	19	0.00000
Streptomyces globisporus	1908	S	18	21	39	0.00000
Streptomyces niveus	193462	S	313	25	338	0.00001
Streptomyces secundicynarae	3231715	S	300	19	319	0.00001
Streptomyces huangiella	3228804	S	268	13	281	0.00001
Streptomyces fradiae	1906	S	266	133	399	0.00001
Streptomyces erythrochromogenes	285574	S	265	55	320	0.00001
Streptomyces chartreusis	1969	S	255	209	464	0.00001
Streptomyces xinghaiensis	1038928	S	234	11	245	0.00000
Streptomyces lunaelactis	1535768	S	216	13	229	0.00000
Streptomyces xanthii	2768069	S	204	13	217	0.00000
Streptomyces mutabilis	67332	S	192	37	229	0.00000
Streptoverticillium reticulum	1433415	S	191	10	201	0.00000
Streptomyces goshikiensis	1942	S	181	379	560	0.00001
Streptomyces vietnamensis	362257	S	170	28	198	0.00000
Streptomyces venezuelae	54571	S	167	22	189	0.00000
Streptomyces prunicolor	67348	S	161	31	192	0.00000
Streptomyces davaonensis	348043	S	159	18	177	0.00000
Streptomyces uncialis	1048205	S	150	5	155	0.00000
Streptomyces avidinii	1895	S	144	32	176	0.00000
Streptomyces albidoflavus	1886	S	97	456	553	0.00001
Streptomyces coelicolor	1902	S	37	269	306	0.00001
Streptomyces olivoreticuli	68246	S	137	8	145	0.00000
Streptomyces okerensis	3344655	S	128	10	138	0.00000
Streptomyces albidicamelliae	2981135	S	119	11	130	0.00000
Streptomyces lydicus	47763	S	113	48	161	0.00000
Streptomyces longwoodensis	68231	S	111	10	121	0.00000
Streptomyces griseorubiginosus	67304	S	110	14	124	0.00000
Streptomyces rimosus	1927	S	110	5	115	0.00000
Streptomyces inhibens	2293571	S	106	9	115	0.00000
Streptomyces qinzhouensis	2599401	S	106	4	110	0.00000
Streptomyces cavourensis	67258	S	103	372	475	0.00001
Streptomyces phaeochromogenes	1923	S	102	21	123	0.00000
Streptomyces clavuligerus	1901	S	101	3	104	0.00000
Streptomyces tubbatahanensis	2923272	S	101	6	107	0.00000
Streptomyces profundus	2867410	S	99	1	100	0.00000
Streptomyces actuosus	1885	S	98	10	108	0.00000
Streptomyces sirii	3127701	S	95	8	103	0.00000
Streptomyces caniferus	285557	S	94	13	107	0.00000
Streptomyces marincola	2878388	S	93	3	96	0.00000
Streptomyces sanyensis	568869	S	93	5	98	0.00000
Streptomyces albus	1888	S	88	5	93	0.00000
Streptomyces argyrophylli	2726118	S	85	11	96	0.00000
Streptomyces collinus	42684	S	82	17	99	0.00000
Streptomyces noursei	1971	S	71	17	88	0.00000
Streptomyces tsukubensis	83656	S	71	2	73	0.00000
Streptomyces aquilus	2548456	S	70	7	77	0.00000
Streptomyces gobiensis	2875706	S	69	1	70	0.00000
Streptomyces bathyalis	2710756	S	66	1	67	0.00000
Streptomyces alfalfae	1642299	S	61	5	66	0.00000
Streptomyces nitrosporeus	28894	S	59	4	63	0.00000
Streptomyces cyaneochromogenes	2496836	S	58	5	63	0.00000
Streptomyces hypolithicus	479410	S	54	3	57	0.00000
Streptomyces roseicoloratus	2508722	S	49	4	53	0.00000
Streptomyces scabiei	1930	S	48	17	65	0.00000
Streptomyces ficellus	1977088	S	48	3	51	0.00000
Streptomyces iakyrus	68219	S	44	10	54	0.00000
Streptomyces roseirectus	2768066	S	44	2	46	0.00000
Streptomyces kanamyceticus	1967	S	42	8	50	0.00000
Streptomyces reniochalinae	2250578	S	40	2	42	0.00000
Streptomyces durmitorensis	319947	S	37	2	39	0.00000
Streptomyces peucetius	1950	S	36	2	38	0.00000
Streptomyces tuirus	68278	S	35	7	42	0.00000
Streptomyces gilvosporeus	553510	S	35	2	37	0.00000
Streptomyces drozdowiczii	202862	S	35	8	43	0.00000
Streptomyces boninensis	2039455	S	34	0	34	0.00000
Streptomyces spectabilis	68270	S	33	2	35	0.00000
Streptomyces hydrogenans	1873719	S	33	2	35	0.00000
Streptomyces ferrugineus	1413221	S	33	3	36	0.00000
Streptomyces formicae	1616117	S	32	3	35	0.00000
Streptomyces purpurascens	1924	S	32	10	42	0.00000
Streptomyces vilmorinianum	3051092	S	32	3	35	0.00000
Streptomyces fodineus	1904616	S	32	3	35	0.00000
Streptomyces murinus	33900	S	31	56	87	0.00000
Streptomyces spongiicola	1690221	S	31	2	33	0.00000
Streptomyces lincolnensis	1915	S	30	3	33	0.00000
Streptomyces nigra	1827580	S	30	2	32	0.00000
Streptomyces solicathayae	3081768	S	29	2	31	0.00000
Streptomyces genisteinicus	2768068	S	29	1	30	0.00000
Streptomyces platensis	58346	S	28	9	37	0.00000
Streptomyces yangpuensis	1648182	S	28	4	32	0.00000
Streptomyces akebiae	2865673	S	28	4	32	0.00000
Streptomyces luteireticuli	173858	S	28	1	29	0.00000
Streptomyces decoyicus	249567	S	27	8	35	0.00000
Streptomyces stoeckheimensis	3344656	S	27	4	31	0.00000
Streptomyces europaeiscabiei	146819	S	27	3	30	0.00000
Streptomyces virginiae	1961	S	27	13	40	0.00000
Streptomyces angustmyceticus	285578	S	26	3	29	0.00000
Streptomyces phytohabitans	1150371	S	26	0	26	0.00000
Streptomyces longhuiensis	2880933	S	25	6	31	0.00000
Streptomyces fagopyri	2662397	S	25	3	28	0.00000
Streptomyces alboflavus	67267	S	25	5	30	0.00000
Streptomyces hebeiensis	229486	S	25	1	26	0.00000
Streptomyces armeniacus	83291	S	25	0	25	0.00000
Streptomyces gardneri	66892	S	25	4	29	0.00000
Streptomyces griseoviridis	45398	S	24	1	25	0.00000
Streptomyces aureoverticillatus	66871	S	24	1	25	0.00000
Streptomyces acidiscabies	42234	S	24	2	26	0.00000
Streptomyces solicamelliae	3231716	S	23	2	25	0.00000
Streptomyces caniscabiei	2746961	S	23	8	31	0.00000
Streptomyces castrisilvae	3033811	S	23	2	25	0.00000
Streptomyces tritici	2054410	S	23	2	25	0.00000
Streptomyces halobius	2879846	S	23	0	23	0.00000
Streptomyces violaceus	1936	S	23	7	30	0.00000
Streptomyces flavusporus	3385496	S	22	1	23	0.00000
Streptomyces pristinaespiralis	38300	S	22	1	23	0.00000
Streptomyces cinnabarinus	67287	S	22	2	24	0.00000
Streptomyces celluloflavus	58344	S	22	1	23	0.00000
Streptomyces griseocarneus	51201	S	22	1	23	0.00000
Streptomyces sclerotialus	1957	S	22	1	23	0.00000
Streptomyces griseofuscus	146922	S	21	8	29	0.00000
Streptomyces luteogriseus	68233	S	21	4	25	0.00000
Streptomyces nodosus	40318	S	21	0	21	0.00000
Streptomyces buecherae	2763006	S	21	2	23	0.00000
Streptomyces liangshanensis	2717324	S	21	1	22	0.00000
Streptomyces citrinus	3118173	S	20	1	21	0.00000
Streptomyces chengbuensis	3053466	S	20	1	21	0.00000
Streptomyces coeruleorubidus	116188	S	20	3	23	0.00000
Streptomyces hawaiiensis	67305	S	20	3	23	0.00000
Streptomyces avermitilis	33903	S	20	1	21	0.00000
Streptomyces phaeolivaceus	2653200	S	19	1	20	0.00000
Streptomyces netropsis	55404	S	19	4	23	0.00000
Streptomyces antibioticus	1890	S	19	1	20	0.00000
Streptomyces paludis	2282738	S	19	0	19	0.00000
Streptomyces chromofuscus	42881	S	19	1	20	0.00000
Streptomyces atratus	1893	S	19	4	23	0.00000
Streptomyces flavofungini	68200	S	19	3	22	0.00000
Streptomyces camelliae	3004093	S	19	1	20	0.00000
Streptomyces glaucescens	1907	S	18	1	19	0.00000
Streptomyces subrutilus	36818	S	18	1	19	0.00000
Streptomyces coelicoflavus	285562	S	18	16	34	0.00000
Streptomyces vinaceus	1960	S	17	2	19	0.00000
Streptomyces calvus	67282	S	17	2	19	0.00000
Streptomyces tabacisoli	3156398	S	17	1	18	0.00000
Streptomyces seoulensis	73044	S	17	4	21	0.00000
Streptomyces tanashiensis	67367	S	17	3	20	0.00000
Streptomyces leeuwenhoekii	1437453	S	17	4	21	0.00000
Streptomyces pluripotens	1355015	S	17	0	17	0.00000
Streptomyces changanensis	2964669	S	17	1	18	0.00000
Streptomyces liliifuscus	2797636	S	17	3	20	0.00000
Streptomyces thermoviolaceus	1952	S	17	1	18	0.00000
Streptomyces althioticus	83380	S	17	23	40	0.00000
Streptomyces cyaneogriseus	68192	S	16	4	20	0.00000
Streptomyces mirabilis	68239	S	16	26	42	0.00000
Streptomyces katrae	68223	S	16	1	17	0.00000
Streptomyces roseochromogenus	285450	S	16	1	17	0.00000
Streptomyces clavifer	68188	S	15	1	16	0.00000
Streptomyces luomodiensis	3026192	S	15	7	22	0.00000
Streptomyces melanogenes	67326	S	15	2	17	0.00000
Streptomyces sudanensis	436397	S	15	1	16	0.00000
Streptomyces fungicidicus	68203	S	14	21	35	0.00000
Streptomyces dangxiongensis	1442032	S	14	1	15	0.00000
Streptomyces nigrescens	1920	S	14	15	29	0.00000
Streptomyces scopuliridis	452529	S	14	0	14	0.00000
Streptomyces capitiformicae	2014920	S	14	0	14	0.00000
Streptomyces brevispora	887462	S	14	1	15	0.00000
Streptomyces tirandamycinicus	2174846	S	13	1	14	0.00000
Streptomyces broussonetiae	2686304	S	13	1	14	0.00000
Streptomyces rubiginosohelvolus	67362	S	13	10	23	0.00000
Streptomyces mobaraensis	35621	S	13	36	49	0.00000
Streptomyces pratensis	1169025	S	13	1	14	0.00000
Streptomyces rectiverticillatus	173860	S	12	0	12	0.00000
Streptomyces hundungensis	1077946	S	12	0	12	0.00000
Streptomyces xiamenensis	408015	S	11	7	18	0.00000
Streptomyces griseochromogenes	68214	S	11	0	11	0.00000
Streptomyces yaanensis	1142239	S	11	0	11	0.00000
Streptomyces eurythermus	42237	S	11	3	14	0.00000
Streptomyces finlayi	67296	S	11	1	12	0.00000
Streptomyces ipomoeae	103232	S	11	0	11	0.00000
Streptomyces tendae	1932	S	10	1	11	0.00000
Streptomyces ambofaciens	1889	S	10	1	11	0.00000
Kitasatospora sp. KL5	3425125	S	289	32	321	0.00001
Kitasatospora sp. NBC_00374	2975964	S	75	7	82	0.00000
Kitasatospora sp. NBC_00070	2975962	S	70	8	78	0.00000
Kitasatospora sp. MMS16-BH015	2018025	S	64	6	70	0.00000
Kitasatospora sp. McL0602	3439530	S	50	4	54	0.00000
Kitasatospora sp. NBC_01246	2903570	S	49	8	57	0.00000
Kitasatospora sp. NBC_01539	2903577	S	42	3	45	0.00000
Kitasatospora sp. NBC_01266	2903572	S	40	3	43	0.00000
Kitasatospora sp. CM 4170	3075627	S	37	10	47	0.00000
Kitasatospora sp. NBC_00315	2975963	S	32	2	34	0.00000
Kitasatospora sp. NA04385	2742135	S	27	5	32	0.00000
Kitasatospora sp. YST-16	2998080	S	26	6	32	0.00000
Kitasatospora sp. NBC_01560	2975965	S	25	4	29	0.00000
Kitasatospora sp. NBC_01300	2903574	S	23	3	26	0.00000
Kitasatospora sp. CMC57	3231513	S	18	2	20	0.00000
Kitasatospora sp. NBC_01302	2903575	S	14	107	121	0.00000
Kitasatospora sp. cg17-2	3477065	S	14	9	23	0.00000
Kitasatospora sp. NBC_00458	2903568	S	11	2	13	0.00000
Kitasatospora purpeofusca	67352	S	266	113	379	0.00001
Kitasatospora albolonga	68173	S	71	44	115	0.00000
Kitasatospora papulosa	1464011	S	56	24	80	0.00000
Kitasatospora herbaricolor	68217	S	36	3	39	0.00000
Kitasatospora hibisci	3369522	S	28	5	33	0.00000
Kitasatospora griseola	2064	S	27	2	29	0.00000
Kitasatospora setae	2066	S	21	2	23	0.00000
Kitasatospora fiedleri	2991545	S	21	2	23	0.00000
Kitasatospora cathayae	3004092	S	21	3	24	0.00000
Kitasatospora camelliae	3156397	S	19	1	20	0.00000
Kitasatospora aureofaciens	1894	S	15	2	17	0.00000
Embleya sp. NBC_00888	2975960	S	253	7	260	0.00001
Embleya sp. NBC_00896	2975961	S	163	5	168	0.00000
Embleya sp. MST-111070	3398231	S	24	0	24	0.00000
Streptacidiphilus sp. PB12-B1b	2705012	S	301	21	322	0.00001
Streptacidiphilus sp. P02-A3a	2704468	S	26	1	27	0.00000
Streptacidiphilus sp. PAMC 29251	3479768	S	26	0	26	0.00000
Actinacidiphila sp. ITFR-21	3075199	S	55	4	59	0.00000
Actinacidiphila glaucinigra	235986	S	54	5	59	0.00000
Actinacidiphila reveromycinica	659352	S	42	4	46	0.00000
Actinacidiphila bryophytorum	1436133	S	36	3	39	0.00000
Peterkaempfera podocarpi	3232308	S	131	8	139	0.00000
Peterkaempfera bronchialis	2126346	S	20	1	21	0.00000
Yinghuangia sp. ASG 101	2896848	S	59	1	60	0.00000
Streptantibioticus cattleyicolor	29303	S	15	1	16	0.00000
Carbonactinospora thermoautotrophica	1469144	S	19	0	19	0.00000
Nocardioides sp. CF8	110319	S	210	26	236	0.00000
Nocardioides sp. LMS-CY	2840457	S	184	11	195	0.00000
Nocardioides sp. L-11A	3043848	S	117	8	125	0.00000
Nocardioides sp. W7	2931390	S	55	2	57	0.00000
Nocardioides sp. JS614	196162	S	54	23	77	0.00000
Nocardioides sp. R1-1	3383502	S	53	2	55	0.00000
Nocardioides sp. B-3	2895565	S	43	0	43	0.00000
Nocardioides sp. TF02-7	2917724	S	35	1	36	0.00000
Nocardioides sp. S5-5	3462280	S	34	2	36	0.00000
Nocardioides sp. zg-1228	2763008	S	33	2	35	0.00000
Nocardioides sp. cx-173	2898796	S	30	1	31	0.00000
Nocardioides sp. NBC_00850	2976001	S	28	7	35	0.00000
Nocardioides sp. T5	3400182	S	28	2	30	0.00000
Nocardioides sp. QY071	3044187	S	27	2	29	0.00000
Nocardioides sp. NBC_00368	2976000	S	26	3	29	0.00000
Nocardioides sp. Arc9.136	2996826	S	24	2	26	0.00000
Nocardioides sp. JQ2195	2592334	S	23	0	23	0.00000
Nocardioides sp. WS12	2486272	S	23	0	23	0.00000
Nocardioides sp. Kera G14	2884264	S	21	0	21	0.00000
Nocardioides sp. InS609-2	2760705	S	20	0	20	0.00000
Nocardioides sp. N13(2025)	3453405	S	20	1	21	0.00000
Nocardioides sp. dk884	2662361	S	19	4	23	0.00000
Nocardioides sp. S5	2017486	S	19	3	22	0.00000
Nocardioides sp. WG-D5	3476640	S	17	2	19	0.00000
Nocardioides sp. NBC_00163	2975999	S	16	3	19	0.00000
Nocardioides sp. HDW12B	2714939	S	12	0	12	0.00000
Nocardioides dokdonensis	450734	S	412	41	453	0.00001
Nocardioides lacus	3036374	S	346	11	357	0.00001
Nocardioides ochotonae	2685869	S	185	41	226	0.00000
Nocardioides anomalus	2712223	S	161	5	166	0.00000
Nocardioides dongxiaopingii	2576036	S	154	7	161	0.00000
Nocardioides sambongensis	2589074	S	141	5	146	0.00000
Nocardioides panacis	2849501	S	131	4	135	0.00000
Nocardioides marinisabuli	419476	S	99	9	108	0.00000
Nocardioides rotundus	1774216	S	97	7	104	0.00000
Nocardioides humi	449461	S	94	7	101	0.00000
Nocardioides zeae	1457234	S	87	2	89	0.00000
Nocardioides campestrisoli	2736757	S	78	4	82	0.00000
Nocardioides pantholopis	2483798	S	44	3	47	0.00000
Nocardioides panacisoli	627624	S	43	0	43	0.00000
Nocardioides aromaticivorans	200618	S	39	3	42	0.00000
Nocardioides bizhenqiangii	3095076	S	37	0	37	0.00000
Nocardioides renjunii	3095075	S	32	2	34	0.00000
Nocardioides jishulii	2575440	S	29	1	30	0.00000
Nocardioides okcheonensis	2894081	S	26	2	28	0.00000
Nocardioides faecalis	2803858	S	26	1	27	0.00000
Nocardioides aquaticus	160826	S	25	1	26	0.00000
Nocardioides houyundeii	2045452	S	25	1	26	0.00000
Nocardioides daphniae	402297	S	22	1	23	0.00000
Nocardioides terrisoli	3388267	S	18	0	18	0.00000
Nocardioides cynanchi	2558918	S	17	0	17	0.00000
Nocardioides coralli	2872154	S	16	0	16	0.00000
Nocardioides euryhalodurans	2518370	S	15	0	15	0.00000
Nocardioides seonyuensis	2518371	S	14	0	14	0.00000
Nocardioides dongkuii	2760089	S	13	0	13	0.00000
Nocardioides scoriae	642780	S	13	0	13	0.00000
Nocardioides mesophilus	433659	S	13	0	13	0.00000
Nocardioides marmotae	2663857	S	12	1	13	0.00000
Nocardioides yefusunii	2500546	S	11	0	11	0.00000
Nocardioides piscis	2714938	S	10	1	11	0.00000
Aeromicrobium sp. CTD01-1L150	3341830	S	201	4	205	0.00000
Aeromicrobium sp. Leaf245	1736306	S	89	3	92	0.00000
Aeromicrobium sp. HA	3009077	S	50	4	54	0.00000
Aeromicrobium sp. A1-2	2107713	S	19	0	19	0.00000
Aeromicrobium sp. JP4	3683031	S	15	4	19	0.00000
Aeromicrobium wangtongii	2969247	S	218	11	229	0.00000
Aeromicrobium marinum	219314	S	70	1	71	0.00000
Aeromicrobium erythreum	2041	S	22	0	22	0.00000
Aeromicrobium choanae	1736691	S	17	4	21	0.00000
Aeromicrobium yanjiei	2662028	S	16	1	17	0.00000
Aeromicrobium chenweiae	2079793	S	11	0	11	0.00000
Friedmanniella luteola	546871	S	192	4	196	0.00000
Pimelobacter simplex	2045	S	122	9	131	0.00000
Mumia sp. ZJ1417	2708082	S	39	1	40	0.00000
Mumia qirimensis	3234852	S	17	1	18	0.00000
Solicola gregarius	2908642	S	20	0	20	0.00000
Micropruina glycogenica	75385	S	13	0	13	0.00000
Tessaracoccus sp. Z1128	3569181	S	349	36	385	0.00001
Tessaracoccus sp. Y1736	3569182	S	65	6	71	0.00000
Tessaracoccus sp. G1721	3569183	S	21	3	24	0.00000
Tessaracoccus aquimaris	1332264	S	383	28	411	0.00001
Tessaracoccus defluvii	1285901	S	32	2	34	0.00000
Tessaracoccus flavescens	399497	S	27	2	29	0.00000
Tessaracoccus lacteus	3041766	S	26	6	32	0.00000
Tessaracoccus palaemonis	2829499	S	13	2	15	0.00000
Cutibacterium acnes	1747	S	325	13	338	0.00001
Cutibacterium avidum	33010	S	257	19	276	0.00001
Cutibacterium granulosum	33011	S	13	0	13	0.00000
Cutibacterium equinum	3016342	S	10	0	10	0.00000
Raineyella fluvialis	2662261	S	282	2	284	0.00001
Raineyella sp. LH-20	3081204	S	21	2	23	0.00000
Raineyella sp. W15-4	3081651	S	20	1	21	0.00000
Propioniciclava soli	2775081	S	262	24	286	0.00001
Propioniciclava sp. MC1595	2760308	S	18	1	19	0.00000
Propioniciclava coleopterorum	2714937	S	14	1	15	0.00000
Microlunatus sagamiharensis	546874	S	117	2	119	0.00000
Microlunatus phosphovorus	29405	S	37	0	37	0.00000
Microlunatus sp. Gsoil 973	2672569	S	31	0	31	0.00000
Microlunatus soli	630515	S	30	0	30	0.00000
Microlunatus elymi	2596828	S	12	0	12	0.00000
Propionibacterium acidifaciens	556499	S	89	1	90	0.00000
Propionibacterium australiense	119981	S	22	0	22	0.00000
Propionibacterium freudenreichii	1744	S	18	7	25	0.00000
Acidipropionibacterium jensenii	1749	S	40	8	48	0.00000
Acidipropionibacterium acidipropionici	1748	S	36	8	44	0.00000
Acidipropionibacterium virtanenii	2057246	S	13	0	13	0.00000
Arachnia propionica	1750	S	42	0	42	0.00000
Arachnia rubra	1547448	S	12	0	12	0.00000
Naumannella halotolerans	993414	S	48	2	50	0.00000
Auraticoccus monumenti	675864	S	44	0	44	0.00000
Propionimicrobium sp. PCR01-08-3	3052086	S	27	0	27	0.00000
Ammonicoccus fulvus	3138240	S	20	2	22	0.00000
Brooklawnia propionicigenes	3041175	S	18	1	19	0.00000
Luteococcus sp. OSA5	3401630	S	12	0	12	0.00000
Kribbella sp. CA-293567	3002436	S	384	25	409	0.00001
Kribbella sp. NBC_01245	2903578	S	157	3	160	0.00000
Kribbella sp. NBC_00382	2975967	S	118	7	125	0.00000
Kribbella sp. CA-294648	3239948	S	80	5	85	0.00000
Kribbella sp. NBC_01505	2903580	S	56	2	58	0.00000
Kribbella sp. NBC_00359	2975966	S	47	30	77	0.00000
Kribbella sp. CA-245084	3239940	S	35	5	40	0.00000
Kribbella sp. GL6	3419765	S	32	5	37	0.00000
Kribbella sp. HUAS MG21	3160966	S	32	3	35	0.00000
Kribbella sp. NBC_00482	2975968	S	26	2	28	0.00000
Kribbella sp. NBC_00709	2975972	S	24	3	27	0.00000
Kribbella sp. CA-253562	3239942	S	23	1	24	0.00000
Kribbella sp. NBC_00889	2975974	S	20	1	21	0.00000
Kribbella sp. CA-247076	3239941	S	20	1	21	0.00000
Kribbella sp. WER1	3479441	S	17	2	19	0.00000
Kribbella sp. NBC_00662	2975969	S	12	2	14	0.00000
Kribbella qitaiheensis	1544730	S	224	4	228	0.00000
Kribbella flavida	182640	S	47	1	48	0.00000
Actinopolymorpha singaporensis	117157	S	32	0	32	0.00000
Bifidobacterium crudilactis	327277	S	5436	221	5657	0.00011
Bifidobacterium subtile	77635	S	729	21	750	0.00002
Bifidobacterium sp. ESL0728	2983220	S	224	4	228	0.00000
Bifidobacterium sp. ESL0682	2983212	S	76	0	76	0.00000
Bifidobacterium sp. ESL0775	2983230	S	47	0	47	0.00000
Bifidobacterium sp. ESL0790	2983233	S	46	0	46	0.00000
Bifidobacterium sp. ESL0827	3448583	S	18	1	19	0.00000
Bifidobacterium sp. ESL0704	2983219	S	17	13	30	0.00000
Bifidobacterium sp. ESL0690	2983214	S	11	0	11	0.00000
Bifidobacterium catenulatum	1686	S	222	64	286	0.00001
Bifidobacterium asteroides	1684	S	200	15	215	0.00000
Bifidobacterium breve	1685	S	167	29	196	0.00000
Bifidobacterium fermentum	3059035	S	89	1	90	0.00000
Bifidobacterium dentium	1689	S	81	1	82	0.00000
Bifidobacterium aquikefiricola	3059038	S	80	3	83	0.00000
Bifidobacterium longum	216816	S	71	60	131	0.00000
Bifidobacterium animalis	28025	S	34	190	224	0.00000
Bifidobacterium pseudolongum	1694	S	25	0	25	0.00000
Bifidobacterium lemurum	1603886	S	17	0	17	0.00000
Bifidobacterium adolescentis	1680	S	16	4	20	0.00000
Bifidobacterium choerinum	35760	S	14	0	14	0.00000
Bifidobacterium actinocoloniiforme	638619	S	12	0	12	0.00000
Bifidobacterium bifidum	1681	S	12	9	21	0.00000
Bifidobacterium polysaccharolyticum	2750967	S	12	15	27	0.00000
Bifidobacterium coryneforme	1687	S	11	0	11	0.00000
Bifidobacterium thermophilum	33905	S	10	0	10	0.00000
Gardnerella sp. DNF00502	2749049	S	221	21	242	0.00000
Gardnerella sp. DNF01199S	2749067	S	146	48	194	0.00000
Gardnerella sp. DNF00354	2749046	S	34	16	50	0.00000
Gardnerella sp. KA00747	2749078	S	23	0	23	0.00000
Gardnerella vaginalis	2702	S	18	12	30	0.00000
Bombiscardovia apis	2932182	S	207	1	208	0.00000
Scardovia inopinata	78259	S	28	2	30	0.00000
Alloscardovia omnicolens	419015	S	10	0	10	0.00000
Micromonospora sp. WMMC415	2675222	S	274	419	693	0.00001
Micromonospora sp. NBC_01813	2975988	S	176	8	184	0.00000
Micromonospora sp. NBC_01699	2975984	S	111	3	114	0.00000
Micromonospora sp. LA-10	3446364	S	102	58	160	0.00000
Micromonospora sp. NBC_00860	2975980	S	102	71	173	0.00000
Micromonospora sp. SH-82	3132938	S	85	3	88	0.00000
Micromonospora sp. WMMD1076	3016103	S	61	62	123	0.00000
Micromonospora sp. CA-269861	3239968	S	57	25	82	0.00000
Verrucosispora sp. WMMD573	3015149	S	56	3	59	0.00000
Micromonospora sp. CA-246542	3239959	S	47	7	54	0.00000
Micromonospora sp. CA-111912	3239955	S	40	6	46	0.00000
Micromonospora sp. WMMD812	3015152	S	38	4	42	0.00000
Micromonospora sp. WMMD712	3016096	S	37	120	157	0.00000
Micromonospora sp. CA-263727	3239967	S	37	3	40	0.00000
Micromonospora sp. WMMD882	3015151	S	27	2	29	0.00000
Verrucosispora sp. NA02020	2742132	S	26	3	29	0.00000
Micromonospora sp. DPT	3142975	S	25	16	41	0.00000
Micromonospora sp. CA-244673	3239958	S	25	11	36	0.00000
Micromonospora sp. NBC_01412	2903590	S	23	2	25	0.00000
Micromonospora sp. WMMD964	3016091	S	23	9	32	0.00000
Micromonospora sp. NBC_00898	2975981	S	22	5	27	0.00000
Verrucosispora sp. WMMA2044	3016419	S	17	1	18	0.00000
Micromonospora sp. WMMD975	3016087	S	17	12	29	0.00000
Micromonospora sp. NBC_01796	2975987	S	17	0	17	0.00000
Micromonospora sp. SCSIO 07396	3469969	S	14	3	17	0.00000
Micromonospora sp. NBC_01739	2975985	S	14	1	15	0.00000
Micromonospora sp. B006	2201999	S	12	8	20	0.00000
Micromonospora sp. WMMD987	3016089	S	12	8	20	0.00000
Micromonospora sp. IBSANI012	3457761	S	12	8	20	0.00000
Micromonospora sp. WMMD729	3404127	S	11	1	12	0.00000
Verrucosispora sp. TAA-831	3422227	S	11	1	12	0.00000
Verrucosispora sp. WMMC514	3015156	S	11	0	11	0.00000
Micromonospora sp. CA-249363	3239963	S	11	1	12	0.00000
Micromonospora sp. LH3U1	3018339	S	11	2	13	0.00000
Micromonospora sp. KLBMP9576	3424769	S	10	1	11	0.00000
Micromonospora sp. NBC_00821	2975977	S	10	6	16	0.00000
Micromonospora endophytica	515350	S	257	27	284	0.00001
Micromonospora maris	1003110	S	188	26	214	0.00000
Micromonospora echinaurantiaca	47857	S	127	26	153	0.00000
Micromonospora halotolerans	709879	S	118	54	172	0.00000
Micromonospora sagamiensis	47875	S	116	16	132	0.00000
Micromonospora coriariae	285665	S	99	22	121	0.00000
Micromonospora echinospora	1877	S	77	8	85	0.00000
Micromonospora craniellae	2294034	S	72	12	84	0.00000
Micromonospora ureilytica	709868	S	68	35	103	0.00000
Micromonospora fluostatini	1629071	S	60	6	66	0.00000
Micromonospora zamorensis	709883	S	52	14	66	0.00000
Micromonospora robiginosa	2749844	S	37	14	51	0.00000
Micromonospora auratinigra	261654	S	36	8	44	0.00000
Micromonospora globbae	1894969	S	31	3	34	0.00000
Micromonospora coxensis	356852	S	23	5	28	0.00000
Micromonospora peucetia	47871	S	22	4	26	0.00000
Micromonospora krabiensis	307121	S	20	2	22	0.00000
Micromonospora chersina	47854	S	19	8	27	0.00000
Micromonospora siamensis	299152	S	17	3	20	0.00000
Micromonospora inositola	47865	S	17	7	24	0.00000
Micromonospora terminaliae	1914461	S	16	6	22	0.00000
Micromonospora soli	1530045	S	16	4	20	0.00000
Micromonospora cathayae	3028804	S	14	1	15	0.00000
Micromonospora echinofusca	47858	S	14	4	18	0.00000
Micromonospora narathiwatensis	299146	S	13	2	15	0.00000
Micromonospora matsumotoense	121616	S	12	4	16	0.00000
Micromonospora mangrovi	1182597	S	12	2	14	0.00000
Micromonospora oryzae	1530046	S	10	31	41	0.00000
Dactylosporangium sp. CA-092794	3239929	S	298	7	305	0.00001
Dactylosporangium sp. NBC_01737	2975959	S	149	3	152	0.00000
Dactylosporangium sp. CA-139114	3239931	S	134	49	183	0.00000
Dactylosporangium sp. McL0621	3415678	S	112	4	116	0.00000
Dactylosporangium sp. CA-233914	3239934	S	110	3	113	0.00000
Dactylosporangium sp. AC04546	2862460	S	84	2	86	0.00000
Dactylosporangium sp. CS-033363	3239935	S	59	8	67	0.00000
Dactylosporangium sp. CS-047395	3239936	S	44	6	50	0.00000
Dactylosporangium sp. CA-052675	3239927	S	18	6	24	0.00000
Dactylosporangium fulvum	53359	S	199	7	206	0.00000
Dactylosporangium matsuzakiense	53360	S	98	43	141	0.00000
Dactylosporangium aurantiacum	35754	S	56	1	57	0.00000
Dactylosporangium vinaceum	53362	S	23	8	31	0.00000
Dactylosporangium roseum	47989	S	20	0	20	0.00000
Actinoplanes sp. L3-i22	2836373	S	200	30	230	0.00000
Actinoplanes sp. CA-142083	3239903	S	94	7	101	0.00000
Actinoplanes sp. CA-252034	3239906	S	81	6	87	0.00000
Actinoplanes sp. NBC_00393	2975953	S	59	4	63	0.00000
Actinoplanes sp. CA-030573	3239898	S	45	4	49	0.00000
Actinoplanes sp. HUAS TT8	3447453	S	37	5	42	0.00000
Actinoplanes sp. N902-109	649831	S	35	1	36	0.00000
Actinoplanes sp. OR16	946334	S	35	3	38	0.00000
Actinoplanes sp. CA-015351	3239897	S	29	2	31	0.00000
Actinoplanes sp. CA-051413	3239899	S	28	1	29	0.00000
Actinoplanes sichuanensis	512349	S	341	12	353	0.00001
Actinoplanes ianthinogenes	122358	S	83	6	89	0.00000
Actinoplanes missouriensis	1866	S	75	3	78	0.00000
Actinoplanes friuliensis	196914	S	45	1	46	0.00000
Actinoplanes oblitus	3040509	S	44	3	47	0.00000
Actinoplanes derwentensis	113562	S	30	0	30	0.00000
Actinoplanes teichomyceticus	1867	S	14	0	14	0.00000
Actinocatenispora thailandica	227318	S	374	3	377	0.00001
Actinocatenispora sera	390989	S	139	1	140	0.00000
Plantactinospora sp. WMMC1484	3404122	S	143	5	148	0.00000
Plantactinospora sp. KBS50	2024580	S	36	1	37	0.00000
Plantactinospora sp. DSM 117369	3448659	S	20	37	57	0.00000
Plantactinospora sp. ZYX-F-223	3144103	S	14	25	39	0.00000
Polymorphospora sp. A560	3040203	S	93	7	100	0.00000
Polymorphospora rubra	338584	S	39	2	41	0.00000
Catellatospora sp. IY07-71	2728827	S	104	2	106	0.00000
Salinispora tropica	168695	S	103	2	105	0.00000
Solwaraspora sp. WMMD791	3016086	S	15	10	25	0.00000
Solwaraspora sp. WMMD937	3016090	S	12	33	45	0.00000
Natronosporangium hydrolyticum	2811111	S	63	0	63	0.00000
Phytohabitans flavus	1076124	S	39	1	40	0.00000
Phytohabitans suffuscus	624315	S	21	0	21	0.00000
Longispora sp. K20-0274	3088255	S	50	0	50	0.00000
Couchioplanes caeruleus	56438	S	29	1	30	0.00000
Krasilnikovia sp. MM14-A1004	3373541	S	26	1	27	0.00000
Amycolatopsis sp. WGS_07	3076764	S	158	31	189	0.00000
Amycolatopsis sp. BJA-103	1911175	S	92	13	105	0.00000
Amycolatopsis sp. FDAARGOS 1241	2778070	S	84	4	88	0.00000
Amycolatopsis sp. DSM 110486	2865832	S	79	19	98	0.00000
Amycolatopsis sp. DG1A-15b	3052846	S	62	19	81	0.00000
Amycolatopsis sp. cg5	3238802	S	52	1	53	0.00000
Amycolatopsis sp. CA-161197	3239922	S	41	12	53	0.00000
Amycolatopsis sp. cg9	3238801	S	38	16	54	0.00000
Amycolatopsis sp. AA4	1896961	S	38	12	50	0.00000
Amycolatopsis sp. Hca4	2742131	S	36	6	42	0.00000
Amycolatopsis sp. CA-230715	2745196	S	36	0	36	0.00000
Amycolatopsis sp. NBC_01307	2903561	S	36	199	235	0.00000
Amycolatopsis sp. WQ 127309	2932773	S	35	66	101	0.00000
Amycolatopsis sp. NBC_00345	2975955	S	29	3	32	0.00000
Amycolatopsis sp. FBCC-B4732	3079339	S	28	9	37	0.00000
Amycolatopsis sp. NBC_00438	2903558	S	24	117	141	0.00000
Amycolatopsis sp. TNS106	2861750	S	21	9	30	0.00000
Amycolatopsis sp. FU40	2914159	S	21	6	27	0.00000
Amycolatopsis sp. YIM 10	2653857	S	20	1	21	0.00000
Amycolatopsis sp. NBC_01480	2903562	S	20	2	22	0.00000
Amycolatopsis sp. EV170708-02-1	2919322	S	19	10	29	0.00000
Amycolatopsis sp. QT-25	3034022	S	14	2	16	0.00000
Amycolatopsis sp. VS8301801F10	2652442	S	12	47	59	0.00000
Amycolatopsis sp. NBC_01286	2903560	S	11	64	75	0.00000
Amycolatopsis sp. NBC_01488	2903563	S	10	2	12	0.00000
Amycolatopsis methanolica	1814	S	132	12	144	0.00000
Amycolatopsis cynarae	2995223	S	76	2	78	0.00000
Amycolatopsis mediterranei	33910	S	47	13	60	0.00000
Amycolatopsis aidingensis	2842453	S	44	0	44	0.00000
Amycolatopsis keratiniphila	129921	S	18	11	29	0.00000
Amycolatopsis japonica	208439	S	13	10	23	0.00000
Amycolatopsis acidiphila	715473	S	34	1	35	0.00000
Amycolatopsis rhabdoformis	1448059	S	31	2	33	0.00000
Amycolatopsis thermalba	944492	S	31	3	34	0.00000
Amycolatopsis lexingtonensis	218822	S	30	11	41	0.00000
Amycolatopsis bartoniae	941986	S	26	1	27	0.00000
Amycolatopsis orientalis	31958	S	26	3	29	0.00000
Amycolatopsis albispora	1804986	S	25	4	29	0.00000
Amycolatopsis nalaikhensis	715472	S	25	4	29	0.00000
Amycolatopsis coloradensis	76021	S	21	10	31	0.00000
Amycolatopsis mongoliensis	715475	S	17	3	20	0.00000
Amycolatopsis rhizosphaerihabitans	3238807	S	17	4	21	0.00000
Amycolatopsis carbonis	715471	S	14	3	17	0.00000
Amycolatopsis roodepoortensis	700274	S	11	5	16	0.00000
Pseudonocardia sp. Cha107L01	3457576	S	138	2	140	0.00000
Pseudonocardia sp. DSM 110487	2865833	S	134	2	136	0.00000
Pseudonocardia sp. HH130630-07	1690815	S	123	38	161	0.00000
Pseudonocardia sp. CA-142604	3240024	S	31	1	32	0.00000
Pseudonocardia sp. HH130629-09	1641402	S	23	9	32	0.00000
Pseudonocardia petroleophila	37331	S	148	41	189	0.00000
Pseudonocardia saturnea	33909	S	78	13	91	0.00000
Pseudonocardia autotrophica	2074	S	56	6	62	0.00000
Pseudonocardia broussonetiae	2736640	S	43	4	47	0.00000
Pseudonocardia dioxanivorans	240495	S	42	3	45	0.00000
Pseudonocardia halophobica	29401	S	40	1	41	0.00000
Pseudonocardia alni	33907	S	37	11	48	0.00000
Pseudonocardia xinjiangensis	75289	S	37	1	38	0.00000
Pseudonocardia abyssalis	2792008	S	37	8	45	0.00000
Saccharopolyspora gregorii	33914	S	195	12	207	0.00000
Saccharopolyspora sp. SCSIO 74807	3118084	S	94	3	97	0.00000
Saccharopolyspora sp. CA-218241	3240027	S	39	1	40	0.00000
Saccharopolyspora sp. ID03-671	3073066	S	28	1	29	0.00000
Saccharopolyspora rosea	524884	S	108	4	112	0.00000
Saccharopolyspora erythraea	1836	S	91	3	94	0.00000
Saccharopolyspora gloriosae	455344	S	71	4	75	0.00000
Saccharopolyspora pogona	333966	S	11	9	20	0.00000
Saccharopolyspora spinosa	60894	S	10	2	12	0.00000
Actinosynnema sp. CS-041913	3239917	S	421	34	455	0.00001
Actinosynnema pretiosum	42197	S	181	35	216	0.00000
Actinosynnema mirum	40567	S	21	3	24	0.00000
Actinomycetospora sp. CA-053990	3239891	S	391	24	415	0.00001
Actinomycetospora sp. CA-084318	3239892	S	60	1	61	0.00000
Actinomycetospora sp. CA-101289	3239893	S	23	0	23	0.00000
Actinomycetospora sp. NBC_00405	2975952	S	19	1	20	0.00000
Lentzea sp. JNUCC 0626	3367513	S	146	9	155	0.00000
Lentzea sp. NBC_00516	2903582	S	92	8	100	0.00000
Lentzea sp. HUAS TT2	3447454	S	67	6	73	0.00000
Lentzea sp. HUAS12	2951806	S	45	4	49	0.00000
Lentzea sp. DG1S-22	3108822	S	22	2	24	0.00000
Lentzea guizhouensis	1586287	S	49	3	52	0.00000
Lentzea xerophila	3435883	S	31	2	33	0.00000
Saccharomonospora viridis	1852	S	77	57	134	0.00000
Saccharomonospora cyanea	40989	S	29	101	130	0.00000
Saccharomonospora glauca	40990	S	22	104	126	0.00000
Saccharomonospora xinjiangensis	75294	S	16	7	23	0.00000
Saccharomonospora marina	632569	S	15	2	17	0.00000
Saccharomonospora azurea	40988	S	11	11	22	0.00000
Kutzneria chonburiensis	1483604	S	85	3	88	0.00000
Kutzneria sp. CA-103260	2802641	S	76	3	79	0.00000
Kutzneria albida	43357	S	75	2	77	0.00000
Kutzneria buriramensis	1045776	S	63	2	65	0.00000
Saccharothrix sp. DSM 118769	3425867	S	62	16	78	0.00000
Saccharothrix sp. 6-C	2781735	S	38	22	60	0.00000
Saccharothrix syringae	103733	S	49	4	53	0.00000
Saccharothrix hoggarensis	913853	S	42	6	48	0.00000
Saccharothrix espanaensis	103731	S	38	2	40	0.00000
Saccharothrix isguenensis	1816181	S	30	3	33	0.00000
Actinokineospora auranticolor	155976	S	207	8	215	0.00000
Actinokineospora sp. HUAS TT18	3447451	S	38	3	41	0.00000
Actinokineospora sp. G85	3406626	S	29	1	30	0.00000
Actinokineospora sp. UTMC 2448	2268449	S	21	0	21	0.00000
Umezawaea sp. Da 62-37	3075927	S	262	8	270	0.00001
Allokutzneria albata	211114	S	142	5	147	0.00000
Salinifilum ghardaiensis	1293032	S	115	9	124	0.00000
Actinoalloteichus sp. AHMU CJ021	2072503	S	37	35	72	0.00000
Actinoalloteichus hoggarensis	1470176	S	22	0	22	0.00000
Kibdelosporangium phytohabitans	860235	S	97	1	98	0.00000
Crossiella sp. CA-258035	2981138	S	61	2	63	0.00000
Alloactinosynnema sp. L-07	1653480	S	27	2	29	0.00000
Prauserella marina	530584	S	19	0	19	0.00000
Allosaccharopolyspora coralli	2665642	S	13	0	13	0.00000
Streptosporangium subroseum	106412	S	931	71	1002	0.00002
Streptosporangium sp. CA-115845	3240071	S	41	11	52	0.00000
Streptosporangium sp. CA-135522	3240072	S	41	3	44	0.00000
Streptosporangium sp. 'caverna'	2202249	S	26	3	29	0.00000
Streptosporangium sp. NBC_01756	2975950	S	12	85	97	0.00000
Streptosporangium sandarakinum	1260955	S	99	6	105	0.00000
Streptosporangium roseum	2001	S	95	5	100	0.00000
Nonomuraea sp. CA-141351	3239996	S	280	22	302	0.00001
Nonomuraea sp. NBC_00507	2976002	S	127	8	135	0.00000
Nonomuraea sp. CA-143628	3239997	S	54	2	56	0.00000
Nonomuraea sp. NBC_01738	2976003	S	33	1	34	0.00000
[Actinomadura] parvosata	1955412	S	144	22	166	0.00000
Nonomuraea phyllanthi	2219224	S	56	5	61	0.00000
Nonomuraea fuscirosea	1291556	S	48	4	52	0.00000
Nonomuraea gerenzanensis	93944	S	40	6	46	0.00000
Nonomuraea coxensis	404386	S	25	2	27	0.00000
Nonomuraea glycinis	2047744	S	20	1	21	0.00000
Microbispora sp. CA-135349	3239953	S	239	17	256	0.00001
Microbispora sp. NBC_01189	2903583	S	31	58	89	0.00000
Microbispora maris	3144104	S	243	14	257	0.00001
Microbispora rosea	58117	S	32	2	34	0.00000
Microbispora hainanensis	568844	S	30	2	32	0.00000
Thermobispora bispora	2006	S	170	2	172	0.00000
Microtetraspora malaysiensis	161358	S	61	3	64	0.00000
Sphaerimonospora sp. CA-214678	3240029	S	55	1	56	0.00000
Sphaerisporangium viridialbum	46189	S	21	17	38	0.00000
Actinomadura sp. WMMA1423	2591108	S	106	10	116	0.00000
Actinomadura sp. NAK00032	2742128	S	91	7	98	0.00000
Actinomadura sp. WMMB 499	1219491	S	34	1	35	0.00000
Actinomadura nitritigenes	134602	S	112	13	125	0.00000
Actinomadura verrucosospora	46165	S	83	11	94	0.00000
Actinomadura luteofluorescens	46163	S	66	12	78	0.00000
Actinomadura madurae	1993	S	57	4	61	0.00000
Actinomadura citrea	46158	S	21	3	24	0.00000
Actinomadura graeca	2750812	S	21	0	21	0.00000
Actinomadura formosensis	60706	S	17	1	18	0.00000
Spirillospora sp. CA-128828	3240033	S	35	12	47	0.00000
Spirillospora sp. NBC_01491	2976007	S	27	1	28	0.00000
Spirillospora sp. CA-294931	3240042	S	27	0	27	0.00000
Spirillospora sp. CA-142024	3240036	S	11	4	15	0.00000
Actinoallomurus sp. NBC_01490	2903557	S	50	1	51	0.00000
Actinoallomurus sp. CA-150999	3239887	S	47	1	48	0.00000
Thermomonospora amylolytica	1411117	S	14	0	14	0.00000
Nocardiopsis exhalans	163604	S	162	3	165	0.00000
Nocardiopsis sp. LDBS0036	3104276	S	45	82	127	0.00000
Nocardiopsis sp. M1B1	3450454	S	16	2	18	0.00000
Nocardiopsis sp. CA-288880	3239995	S	12	11	23	0.00000
Nocardiopsis alba	53437	S	23	0	23	0.00000
Nocardiopsis dassonvillei	2014	S	22	9	31	0.00000
Nocardiopsis gilva	280236	S	16	0	16	0.00000
Streptomonospora litoralis	2498135	S	123	1	124	0.00000
Thermobifida alba	53522	S	38	3	41	0.00000
Thermobifida fusca	2021	S	21	0	21	0.00000
Thermobifida halotolerans	483545	S	12	0	12	0.00000
Spiractinospora alimapuensis	2820884	S	18	0	18	0.00000
Actinomyces viscosus	1656	S	173	87	260	0.00001
Actinomyces respiraculi	2744574	S	148	1	149	0.00000
Actinomyces israelii	1659	S	134	0	134	0.00000
Actinomyces sp. zg-332	2708340	S	28	0	28	0.00000
Actinomyces sp. Z16	2079536	S	22	1	23	0.00000
Actinomyces sp. oral taxon 169	712116	S	21	14	35	0.00000
Actinomyces sp. Chiba101	1851395	S	12	0	12	0.00000
Actinomyces sp. oral taxon 414	712122	S	10	0	10	0.00000
Actinomyces slackii	52774	S	35	0	35	0.00000
Actinomyces howellii	52771	S	31	0	31	0.00000
Actinomyces trachealis	2763540	S	29	0	29	0.00000
Actinomyces radicidentis	111015	S	19	0	19	0.00000
Actinomyces urogenitalis	103621	S	17	0	17	0.00000
Actinomyces faecalis	2722820	S	15	0	15	0.00000
Actinomyces massiliensis	461393	S	11	0	11	0.00000
Schaalia sp. HMT-172	3059028	S	105	6	111	0.00000
Schaalia sp. ZJ405	2709403	S	28	0	28	0.00000
Schaalia sp. JY-X169	2758572	S	16	0	16	0.00000
Schaalia odontolytica	1660	S	95	2	97	0.00000
Schaalia turicensis	131111	S	42	4	46	0.00000
Schaalia radingae	131110	S	29	0	29	0.00000
Flaviflexus equikiangi	2758573	S	83	1	84	0.00000
Flaviflexus salsibiostraticola	1282737	S	77	3	80	0.00000
Flaviflexus ciconiae	2496867	S	46	0	46	0.00000
Gleimia hominis	595468	S	71	16	87	0.00000
Gleimia europaea	66228	S	35	3	38	0.00000
Arcanobacterium buesumense	2722751	S	36	1	37	0.00000
Arcanobacterium phocae	131112	S	10	0	10	0.00000
Trueperella pyogenes	1661	S	15	1	16	0.00000
Trueperella abortisuis	445930	S	11	0	11	0.00000
Trueperella pecoris	2733571	S	11	1	12	0.00000
Changpingibacter yushuensis	2758440	S	33	2	35	0.00000
Actinotignum timonense	1870995	S	13	1	14	0.00000
Scrofimicrobium appendicitidis	3079930	S	17	0	17	0.00000
Buchananella felis	3231492	S	16	0	16	0.00000
Winkia neuii	33007	S	12	2	14	0.00000
Pauljensenia hongkongensis	178339	S	12	0	12	0.00000
Nanchangia anserum	2692125	S	11	0	11	0.00000
Pseudofrankia inefficax	298654	S	491	4	495	0.00001
Frankia sp. ArI3	1858	S	29	3	32	0.00000
Frankia sp. QA3	710111	S	16	1	17	0.00000
Frankia alni	1859	S	42	4	46	0.00000
Frankia casuarinae	106370	S	17	0	17	0.00000
Parafrankia sp. EAN1pec	298653	S	43	0	43	0.00000
Candidatus Protofrankia datiscae	2716812	S	18	0	18	0.00000
Geodermatophilus sp. URMC 63	3423415	S	71	6	77	0.00000
Geodermatophilus sp. URMC 65	3423417	S	54	7	61	0.00000
Geodermatophilus sp. URMC 64	3423416	S	39	3	42	0.00000
Geodermatophilus sp. DSM 44513	1528104	S	20	1	21	0.00000
Geodermatophilus sp. URMC 60	3423410	S	10	1	11	0.00000
Geodermatophilus obscurus	1861	S	108	12	120	0.00000
Blastococcus montanus	3144973	S	101	12	113	0.00000
Blastococcus sp. PRF04-17	2933797	S	24	2	26	0.00000
Blastococcus sp. HT6-30	3144843	S	17	1	18	0.00000
Blastococcus saxobsidens	138336	S	19	1	20	0.00000
Blastococcus brunescens	1564165	S	19	1	20	0.00000
Modestobacter sp. L9-4	2851567	S	40	3	43	0.00000
Modestobacter sp. URMC 112	3423412	S	30	2	32	0.00000
Modestobacter italicus	2732864	S	55	4	59	0.00000
Georgenia muralis	154117	S	223	21	244	0.00000
Georgenia sp. TF02-10	2917725	S	41	3	44	0.00000
Georgenia sp. SUBG003	1497974	S	23	1	24	0.00000
Georgenia sp. M64	3120520	S	20	3	23	0.00000
Georgenia yuyongxinii	2589797	S	46	1	47	0.00000
Georgenia wutianyii	2585135	S	29	1	30	0.00000
Georgenia phoenicis	554103	S	28	3	31	0.00000
Georgenia faecalis	2483799	S	14	0	14	0.00000
Candidatus Planktophila versatilis	1884905	S	127	1	128	0.00000
Candidatus Planktophila dulcis	1884914	S	40	0	40	0.00000
Candidatus Planktophila sulfonica	1884904	S	19	0	19	0.00000
Candidatus Planktophila lacus	1884913	S	19	0	19	0.00000
Candidatus Nanopelagicus hibericus	1884915	S	27	0	27	0.00000
Candidatus Nanopelagicus abundans	1884916	S	17	0	17	0.00000
Candidatus Nanopelagicus limnae	1884634	S	15	0	15	0.00000
Jiangella alkaliphila	419479	S	154	2	156	0.00000
Jiangella sp. DSM 45060	1798224	S	43	0	43	0.00000
Nakamurella panacisegetis	1090615	S	78	1	79	0.00000
Nakamurella sp. A5-74	3158264	S	26	0	26	0.00000
Nakamurella sp. PAMC28650	2762325	S	18	0	18	0.00000
Nakamurella multipartita	53461	S	30	0	30	0.00000
Jatrophihabitans sp. GAS493	1907575	S	65	0	65	0.00000
Jatrophihabitans sp. DSM 45814	3448632	S	17	0	17	0.00000
Jatrophihabitans telluris	2038343	S	25	0	25	0.00000
Jatrophihabitans cynanchi	2944128	S	17	0	17	0.00000
Kineococcus sp. DHX-1	3349638	S	38	0	38	0.00000
Kineococcus sp. NBC_00420	2903564	S	13	0	13	0.00000
Kineococcus radiotolerans	131568	S	22	0	22	0.00000
Angustibacter sp. McL0619	3415676	S	23	0	23	0.00000
Stackebrandtia nassauensis	283811	S	45	0	45	0.00000
Epidermidibacterium keratini	1891644	S	39	6	45	0.00000
Catenulispora acidiphila	304895	S	33	0	33	0.00000
Actinopolyspora erythraea	414996	S	21	0	21	0.00000
Bounagaea algeriensis	1476748	S	16	1	17	0.00000
Eggerthella guodeyinii	2690837	S	170	1	171	0.00000
Eggerthella lenta	84112	S	45	1	46	0.00000
Adlercreutzia hattorii	2707299	S	199	7	206	0.00000
Raoultibacter timonensis	1907662	S	210	16	226	0.00000
Slackia exigua	84109	S	84	1	85	0.00000
Slackia heliotrinireducens	84110	S	31	0	31	0.00000
Phoenicibacter congonensis	1944646	S	54	10	64	0.00000
Denitrobacterium detoxificans	79604	S	32	6	38	0.00000
Umbribacter vaginalis	3417040	S	18	4	22	0.00000
Collinsella sp. zg1085	2844380	S	273	0	273	0.00001
Collinsella sp. i05-0019-G5	3132705	S	16	17	33	0.00000
Collinsella aerofaciens	74426	S	44	19	63	0.00000
Collinsella stercoris	147206	S	19	0	19	0.00000
Fannyhessea vaginae	82135	S	153	26	179	0.00000
Lancefieldella parvula	1382	S	71	0	71	0.00000
Olsenella sp. oral taxon 807	712411	S	52	0	52	0.00000
Atopobium sp. oral taxon 416	712157	S	20	0	20	0.00000
Aquihabitans sp. G128	2849779	S	133	6	139	0.00000
Aquihabitans sp. McL0605	3415671	S	21	1	22	0.00000
Aquihabitans daechungensis	1052257	S	12	0	12	0.00000
Iamia sp. SCSIO 61187	2722752	S	33	1	34	0.00000
Iamia majanohamensis	467976	S	20	0	20	0.00000
Dermatobacter hominis	2884263	S	21	0	21	0.00000
Actinomarinicola tropica	2789776	S	20	1	21	0.00000
Actinospongiicola halichondriae	3236844	S	17	1	18	0.00000
Candidatus Poriferisocius sp.	3101276	S	136	8	144	0.00000
Candidatus Poriferisodalis sp.	3101277	S	126	3	129	0.00000
Acidimicrobium ferrooxidans	53635	S	64	0	64	0.00000
Ilumatobacter coccineus	467094	S	22	0	22	0.00000
Ilumatobacter sp.	1967498	S	12	0	12	0.00000
Salinilacustrithrix flava	2957203	S	12	1	13	0.00000
Candidatus Spongiisocius sp.	3101273	S	13	0	13	0.00000
Baekduia soli	496014	S	29	0	29	0.00000
Baekduia sp. Peel2402	3458296	S	27	0	27	0.00000
Baekduia alba	2997333	S	20	0	20	0.00000
Svornostia abyssi	2898438	S	34	0	34	0.00000
Conexibacter sp. SYSU D00693	2812560	S	29	0	29	0.00000
Conexibacter woesei	191495	S	41	1	42	0.00000
Capillimicrobium parvum	2884022	S	69	1	70	0.00000
Paraconexibacter sp. AEG42_29	2997339	S	36	0	36	0.00000
Paraconexibacter antarcticus	2949664	S	14	0	14	0.00000
Miltoncostaea oceani	2843216	S	18	0	18	0.00000
Miltoncostaea marina	2843215	S	13	0	13	0.00000
Egicoccus halophilus	1670830	S	64	0	64	0.00000
Euzebya pacifica	1608957	S	31	0	31	0.00000
Egibacter rhizosphaerae	1670831	S	16	0	16	0.00000
Rubrobacter xylanophilus	49319	S	34	3	37	0.00000
Spiroplasma endosymbiont of Asaphidion curtum	3066281	S	271	380	651	0.00001
Spiroplasma endosymbiont of Virgichneumon dumeticola	3139323	S	269	104	373	0.00001
Spiroplasma endosymbiont of Nebria brevicollis	3066284	S	254	45	299	0.00001
Spiroplasma endosymbiont of Labia minor	3066305	S	237	8	245	0.00000
Spiroplasma endosymbiont of 'Nebria riversi'	2792084	S	235	318	553	0.00001
Spiroplasma sp. TIUS-1	216963	S	215	15	230	0.00000
Spiroplasma endosymbiont of Atherix ibis	3066291	S	201	19	220	0.00000
Spiroplasma sp. SV19	2570468	S	199	7	206	0.00000
Spiroplasma endosymbiont of Dioctria linearis	3066290	S	190	112	302	0.00001
Spiroplasma endosymbiont of Othius punctulatus	3066289	S	128	6	134	0.00000
Spiroplasma endosymbiont of Cantharis nigra	3066278	S	113	109	222	0.00000
Spiroplasma endosymbiont of Stenodema calcarata	3139328	S	111	27	138	0.00000
Spiroplasma endosymbiont of Notiophilus biguttatus	3066285	S	111	106	217	0.00000
Spiroplasma endosymbiont of Aspidapion aeneum	3066276	S	103	1	104	0.00000
Spiroplasma endosymbiont of Melieria omissa	3139324	S	95	362	457	0.00001
Spiroplasma sp. BIUS-1	216964	S	86	11	97	0.00000
Spiroplasma endosymbiont of Acasis viretata	3066306	S	80	669	749	0.00002
Spiroplasma endosymbiont of Agriotes lineatus	3077930	S	79	49	128	0.00000
Spiroplasma endosymbiont of Cantharis rufa	3066279	S	75	51	126	0.00000
Spiroplasma endosymbiont of Sarcophaga carnaria	3066303	S	68	119	187	0.00000
Spiroplasma endosymbiont of Anurida maritima	2967972	S	63	2	65	0.00000
Spiroplasma endosymbiont of Clivina fossor	3066282	S	40	93	133	0.00000
Spiroplasma endosymbiont of Crioceris asparagi	3066286	S	38	2	40	0.00000
Spiroplasma endosymbiont of Polydrusus pterygomalis	3139327	S	24	14	38	0.00000
Spiroplasma endosymbiont of Panorpa germanica	3066314	S	13	1	14	0.00000
Spiroplasma endosymbiont of Aleiodes alternator	3139329	S	11	81	92	0.00000
Spiroplasma endosymbiont of Diplazon laetatorius	3066322	S	11	1	12	0.00000
Spiroplasma cantharicola	362837	S	660	57	717	0.00001
Spiroplasma corruscae	216934	S	520	53	573	0.00001
Spiroplasma floricola	216937	S	485	46	531	0.00001
Spiroplasma culicicola	216935	S	461	21	482	0.00001
Spiroplasma monobiae	2136	S	299	41	340	0.00001
Spiroplasma chrysopicola	216933	S	298	21	319	0.00001
Spiroplasma turonicum	216946	S	297	17	314	0.00001
Spiroplasma litorale	216942	S	256	16	272	0.00001
Spiroplasma diminutum	216936	S	255	23	278	0.00001
Spiroplasma chinense	216932	S	230	14	244	0.00000
Spiroplasma phoeniceum	47835	S	181	333	514	0.00001
Spiroplasma apis	2137	S	169	4	173	0.00000
Spiroplasma tabanidicola	324079	S	161	13	174	0.00000
Spiroplasma platyhelix	301585	S	153	0	153	0.00000
Spiroplasma citri	2133	S	122	82	204	0.00000
Spiroplasma taiwanense	2145	S	122	5	127	0.00000
Spiroplasma clarkii	2139	S	116	6	122	0.00000
Spiroplasma helicoides	216938	S	95	5	100	0.00000
Spiroplasma syrphidicola	216945	S	74	4	78	0.00000
Spiroplasma sabaudiense	216944	S	63	6	69	0.00000
Spiroplasma mirum	2144	S	57	6	63	0.00000
Spiroplasma alleghenense	216931	S	44	3	47	0.00000
Spiroplasma poulsonii	2138	S	38	50	88	0.00000
Spiroplasma gladiatoris	2143	S	14	1	15	0.00000
Mesoplasma entomophilum	2149	S	626	352	978	0.00002
Mesoplasma lactucae	138853	S	414	14	428	0.00001
Mesoplasma florum	2151	S	379	131	510	0.00001
Mesoplasma chauliocola	216427	S	340	74	414	0.00001
Mesoplasma melaleucae	81459	S	115	22	137	0.00000
Mesoplasma syrphidae	225999	S	81	16	97	0.00000
Mesoplasma tabanidae	219745	S	40	12	52	0.00000
Entomoplasma freundtii	74700	S	43	5	48	0.00000
Williamsoniiplasma luminosum	214888	S	232	34	266	0.00001
Williamsoniiplasma somnilux	215578	S	144	12	156	0.00000
Mycoplasma sp. P36-A1	3252900	S	2361	55	2416	0.00005
Mycoplasma sp. 480	3440155	S	286	36	322	0.00001
Mycoplasma sp. VS42A	3398774	S	275	85	360	0.00001
Mycoplasma sp. (ex Biomphalaria glabrata)	1749074	S	162	0	162	0.00000
Mycoplasma sp. SG1	2810348	S	156	0	156	0.00000
Mycoplasma sp. 48589B	3568880	S	108	23	131	0.00000
Mycoplasma sp. 332	3458236	S	104	30	134	0.00000
Mycoplasma sp. Ms02	353851	S	102	8	110	0.00000
Mycoplasma sp. E35C	2801918	S	91	7	98	0.00000
Mycoplasma sp. 6243	3440865	S	90	3	93	0.00000
Mycoplasma sp. 005V	3398776	S	79	17	96	0.00000
Mycoplasma sp. NEAQ87857	2683967	S	66	6	72	0.00000
Mycoplasma sp. Z331B	3398775	S	35	9	44	0.00000
Mycoplasma sp. 125	3447505	S	29	8	37	0.00000
Mycoplasma sp. 3341	3447506	S	28	1	29	0.00000
Mycoplasma sp. Mirounga ES2805-ORL	754514	S	27	1	28	0.00000
Mycoplasma sp. 2045	2967301	S	24	2	26	0.00000
Mycoplasma sp. 3686d	2967300	S	13	19	32	0.00000
Mycoplasma sp. 1654_15	2725994	S	11	6	17	0.00000
Mycoplasma mycoides	2102	S	225	223	448	0.00001
Mycoplasma feriruminatoris	1179777	S	85	36	121	0.00000
Mycoplasma leachii	2105	S	81	341	422	0.00001
Mycoplasma capricolum	2095	S	30	29	59	0.00000
Mycoplasma phocoeninasale	2726117	S	493	139	632	0.00001
Mycoplasma phocoenae	754517	S	473	14	487	0.00001
Mycoplasma anserisalpingitidis	519450	S	436	99	535	0.00001
Mycoplasma iguanae	292461	S	210	6	216	0.00000
Mycoplasma cottewii	51364	S	157	86	243	0.00000
Mycoplasma corogypsi	2106	S	139	10	149	0.00000
Mycoplasma amphoriforme	273136	S	133	0	133	0.00000
Mycoplasma suis	57372	S	124	0	124	0.00000
Mycoplasma tullyi	1612150	S	100	24	124	0.00000
Mycoplasma miroungirhinis	754516	S	93	3	96	0.00000
Mycoplasma putrefaciens	2123	S	90	30	120	0.00000
Mycoplasma seminis	512749	S	88	9	97	0.00000
Mycoplasma crocodyli	50052	S	85	3	88	0.00000
Mycoplasma tauri	547987	S	77	6	83	0.00000
Mycoplasma hafezii	525886	S	69	8	77	0.00000
Mycoplasma struthionis	538220	S	49	13	62	0.00000
Candidatus Mycoplasma mahonii	3004105	S	27	0	27	0.00000
Mycoplasma aquilae	1312741	S	19	8	27	0.00000
Mycoplasma bradburyae	2963128	S	14	1	15	0.00000
Mycoplasma miroungigenitalium	754515	S	10	1	11	0.00000
Mycoplasma ovis	171632	S	10	0	10	0.00000
symbiont of Argiope bruennichi	2810479	S	17	0	17	0.00000
Candidatus Hepatoplasma crinochetorum	295596	S	197	2	199	0.00000
Acholeplasma laidlawii	2148	S	801	44	845	0.00002
Acholeplasma hippikon	264636	S	545	166	711	0.00001
Acholeplasma palmae	38986	S	401	6	407	0.00001
Acholeplasma brassicae	61635	S	315	13	328	0.00001
Mariniplasma anaerobium	2735436	S	1263	6	1269	0.00003
Haploplasma axanthum	29552	S	738	3	741	0.00001
Candidatus Phytoplasma solani	69896	S	175	7	182	0.00000
Candidatus Phytoplasma luffae	35773	S	153	5	158	0.00000
Candidatus Phytoplasma oryzae	203274	S	60	3	63	0.00000
Candidatus Phytoplasma rubi	399025	S	35	10	45	0.00000
Candidatus Phytoplasma asiaticum	2763338	S	32	0	32	0.00000
Candidatus Phytoplasma mali	37692	S	16	0	16	0.00000
Candidatus Izemoplasma sp. B36	3242468	S	1324	275	1599	0.00003
Candidatus Izimoplasma sp. HR1	1541959	S	950	0	950	0.00002
Candidatus Xianfuyuplasma coldseepsis	2782163	S	619	9	628	0.00001
Hujiaoplasma nucleasis	2725268	S	239	73	312	0.00001
Mycoplasmopsis citelli	171281	S	396	31	427	0.00001
Mycoplasmopsis anatis	171279	S	298	91	389	0.00001
Mycoplasmopsis gallopavonis	76629	S	276	87	363	0.00001
Mycoplasmopsis pulmonis	2107	S	249	5	254	0.00001
Mycoplasmopsis californica	2113	S	152	14	166	0.00000
Mycoplasmopsis felis	33923	S	147	11	158	0.00000
Mycoplasmopsis pullorum	48003	S	144	8	152	0.00000
Mycoplasmopsis maculosa	114885	S	140	12	152	0.00000
Mycoplasmopsis adleri	51362	S	136	21	157	0.00000
Mycoplasmopsis bovirhinis	29553	S	126	12	138	0.00000
Mycoplasmopsis glycophila	171285	S	122	20	142	0.00000
Mycoplasmopsis equigenitalium	114883	S	115	1	116	0.00000
Mycoplasmopsis synoviae	2109	S	97	100	197	0.00000
Mycoplasmopsis felifaucium	35768	S	92	5	97	0.00000
Mycoplasmopsis gallinacea	29556	S	88	14	102	0.00000
Mycoplasmopsis fermentans	2115	S	84	0	84	0.00000
Mycoplasmopsis bovis	28903	S	83	17	100	0.00000
Mycoplasmopsis arginini	2094	S	78	26	104	0.00000
Mycoplasmopsis edwardii	53558	S	72	13	85	0.00000
Mycoplasmopsis columbina	114881	S	72	7	79	0.00000
Mycoplasmopsis gallinarum	29557	S	64	8	72	0.00000
Mycoplasmopsis lipophila	2117	S	61	4	65	0.00000
Mycoplasmopsis agalactiae	2110	S	50	2	52	0.00000
Mycoplasmopsis canis	29555	S	37	7	44	0.00000
Mycoplasmopsis meleagridis	29561	S	35	2	37	0.00000
Mycoplasmopsis verecunda	171291	S	32	5	37	0.00000
Mycoplasmopsis phocirhinis	142650	S	31	2	33	0.00000
Mycoplasmopsis agassizii	33922	S	31	0	31	0.00000
Mycoplasmopsis cynos	171284	S	21	1	22	0.00000
Mycoplasmopsis bovigenitalium	2112	S	12	1	13	0.00000
Mycoplasmopsis columboralis	171282	S	12	1	13	0.00000
[Mycoplasma] gypis	92404	S	536	46	582	0.00001
Metamycoplasma equirhinis	92402	S	363	112	475	0.00001
Metamycoplasma cloacale	92401	S	248	19	267	0.00001
Metamycoplasma subdolum	92407	S	228	6	234	0.00000
Metamycoplasma faucium	56142	S	205	10	215	0.00000
Metamycoplasma gateae	35769	S	184	56	240	0.00000
Metamycoplasma buccale	55602	S	184	15	199	0.00000
Metamycoplasma alkalescens	45363	S	167	60	227	0.00000
Metamycoplasma phocicerebrale	142649	S	121	16	137	0.00000
Metamycoplasma salivarium	2124	S	107	4	111	0.00000
Metamycoplasma arthritidis	2111	S	102	4	106	0.00000
Metamycoplasma canadense	29554	S	74	16	90	0.00000
Metamycoplasma spumans	92406	S	62	11	73	0.00000
Metamycoplasma hominis	2098	S	61	9	70	0.00000
Metamycoplasma sualvi	2125	S	45	1	46	0.00000
[Mycoplasma] anseris	92400	S	40	4	44	0.00000
[Mycoplasma] phocae	142651	S	17	5	22	0.00000
Mesomycoplasma molare	171288	S	326	39	365	0.00001
Mesomycoplasma lagogenitalium	171286	S	186	16	202	0.00000
Mesomycoplasma ovipneumoniae	29562	S	163	1	164	0.00000
[Mycoplasma] mobile	2118	S	130	1	131	0.00000
Mesomycoplasma conjunctivae	45361	S	117	1	118	0.00000
Mesomycoplasma hyopneumoniae	2099	S	72	6	78	0.00000
Mesomycoplasma moatsii	171287	S	58	1	59	0.00000
Mesomycoplasma hyorhinis	2100	S	56	12	68	0.00000
Mesomycoplasma bovoculi	45362	S	55	0	55	0.00000
Mesomycoplasma neurolyticum	2120	S	33	0	33	0.00000
Malacoplasma iowae	2116	S	598	7	605	0.00001
Malacoplasma penetrans	28227	S	258	8	266	0.00001
Malacoplasma muris	2119	S	126	2	128	0.00000
Ureaplasma urealyticum	2130	S	259	1	260	0.00001
Ureaplasma diversum	42094	S	135	0	135	0.00000
Ureaplasma parvum	134821	S	30	1	31	0.00000
Mycoplasmoides fastidiosum	92758	S	211	5	216	0.00000
Mycoplasmoides gallisepticum	2096	S	135	83	218	0.00000
[Mycoplasma] cavipharyngis	92757	S	20	0	20	0.00000
Mycoplasmoides genitalium	2097	S	15	1	16	0.00000
Nostoc sp. TCL26-01	2576904	S	398	16	414	0.00001
Nostoc sp. UHCC 0302	3134896	S	301	7	308	0.00001
Nostoc sp. C117	3349875	S	225	101	326	0.00001
Nostoc sp. DSM 114161	3440143	S	168	20	188	0.00000
Nostoc sp. UHCC 0926	3025190	S	128	5	133	0.00000
Nostoc sp. GT001	3056647	S	116	57	173	0.00000
Nostoc sp. DSM 114167	3439050	S	115	3	118	0.00000
Nostoc sp. TCL240-02	2572090	S	108	13	121	0.00000
Nostoc sp. PCC 7107	317936	S	96	8	104	0.00000
Nostoc sp. NIES-3756	1751286	S	90	9	99	0.00000
Nostoc sp. C057	2576903	S	80	43	123	0.00000
Nostoc sp. UHCC 0870	2914041	S	67	19	86	0.00000
Nostoc sp. MS1	2764711	S	52	6	58	0.00000
Nostoc sp. CENA543	1869241	S	26	11	37	0.00000
Nostoc sp. 'Peltigera membranacea cyanobiont' N6	1261031	S	20	1	21	0.00000
Nostoc sp. C052	2576902	S	25	3	28	0.00000
Nostoc sp. PCC 7524	28072	S	24	3	27	0.00000
Nostoc edaphicum	264686	S	198	23	221	0.00000
Nostoc flagelliforme	1306274	S	194	32	226	0.00000
Nostoc piscinale	224012	S	166	153	319	0.00001
Nostoc commune	1178	S	107	10	117	0.00000
Nostoc punctiforme	272131	S	102	39	141	0.00000
Nostoc sphaeroides	446679	S	68	15	83	0.00000
Richelia sinica	1357545	S	284	25	309	0.00001
Anabaena azotica	197653	S	164	178	342	0.00001
Cylindrospermum stagnale	142864	S	16	7	23	0.00000
Trichormus azollae	1164	S	16	8	24	0.00000
Dolichospermum compactum	136073	S	273	292	565	0.00001
Dolichospermum sp. UHCC 0315A	1914871	S	11	89	100	0.00000
Okeanomitos corallinicola	3231550	S	234	10	244	0.00000
Cylindrospermopsis raciborskii	77022	S	146	65	211	0.00000
Sphaerospermopsis torques-reginae	984207	S	11	0	11	0.00000
Chlorogloeopsis fritschii	1124	S	576	0	576	0.00001
Calothrix sp. NIES-3974	2005462	S	284	1	285	0.00001
Calothrix sp. PCC 6303	1170562	S	215	4	219	0.00000
Calothrix sp. PCC 7507	99598	S	21	1	22	0.00000
Nodularia sphaerocarpa	137816	S	124	14	138	0.00000
Nodularia spumigena	70799	S	116	0	116	0.00000
Anabaenopsis elenkinii	156213	S	59	6	65	0.00000
Halotia branconii	1620816	S	57	2	59	0.00000
Aliinostoc sp. HNIBRCY26	3418997	S	15	7	22	0.00000
Fischerella sp. JS2	2597771	S	138	15	153	0.00000
Fischerella sp. NIES-3754	1752063	S	44	42	86	0.00000
Tolypothrix sp. PCC 7910	2099387	S	122	31	153	0.00000
Brasilonema sennae	1397703	S	144	1	145	0.00000
Rivularia sp. PCC 7116	373994	S	109	0	109	0.00000
Prochlorococcus marinus	1219	S	1062	566	1628	0.00003
Prochlorococcus sp. MIT 1223	3096217	S	322	8	330	0.00001
Prochlorococcus sp. MIT 0801	1501269	S	154	82	236	0.00000
Prochlorococcus sp. MIT 9314	3082534	S	66	157	223	0.00000
Prochlorococcus sp. MIT 0604	1501268	S	51	80	131	0.00000
Prochlorococcus sp. MIT 1300	3096218	S	35	1	36	0.00000
Prochlorococcus sp. MIT 1314	3096220	S	24	11	35	0.00000
Prochlorococcus sp. MIT 1341	3096221	S	12	0	12	0.00000
Cyanobium sp. ULC082	2137204	S	34	12	46	0.00000
Synechococcus sp. NB0720_010	2907159	S	556	29	585	0.00001
Synechococcus sp. WH 8020	32052	S	216	355	571	0.00001
Synechococcus sp. Minos11	221341	S	216	5	221	0.00000
Synechococcus sp. PCC 6312	195253	S	142	0	142	0.00000
Synechococcus sp. ROS8604	1442557	S	124	7	131	0.00000
Synechococcus sp. CBW1107	2789857	S	119	60	179	0.00000
Synechococcus sp. KORDI-100	1280380	S	119	2	121	0.00000
Synechococcus sp. KORDI-49	585423	S	77	11	88	0.00000
Synechococcus sp. LTW-R	2751170	S	52	2	54	0.00000
Synechococcus sp. WH 8109	166314	S	43	4	47	0.00000
Synechococcus sp. A10-1-5-9	3392295	S	36	18	54	0.00000
Synechococcus sp. PCC 7502	1173263	S	30	0	30	0.00000
Synechococcus sp. CB0101	232348	S	23	1	24	0.00000
Synechococcus sp. PROS-U-1	1400866	S	22	1	23	0.00000
Synechococcus sp. CBW1004	1353136	S	18	1	19	0.00000
Synechococcus sp. NOUM97013	1442555	S	14	0	14	0.00000
Synechococcus sp. WH 8101	59932	S	14	0	14	0.00000
Synechococcus elongatus	32046	S	48	0	48	0.00000
Synechocystis sp. CACIAM 05	1933929	S	165	3	168	0.00000
Synechocystis sp. LKSZ1	3144951	S	125	1	126	0.00000
Synechocystis sp. PCC 6714	1147	S	34	0	34	0.00000
Altericista sp. CCNU0014	3082949	S	28	0	28	0.00000
Cyanobacterium sp. uoEpiScrs1	2976343	S	187	3	190	0.00000
Cyanobacterium sp. DS4	2878255	S	95	20	115	0.00000
Cyanobacterium sp. IPPAS B-1200	1562720	S	89	2	91	0.00000
Cyanobacterium sp. HL-69	2054282	S	20	0	20	0.00000
Cyanobacterium aponinum	379064	S	38	12	50	0.00000
Picosynechococcus sp. PCC 7003	374981	S	274	2	276	0.00001
[Leptolyngbya] sp. PCC 7376	111781	S	33	0	33	0.00000
Geminocystis herdmanii	669359	S	174	12	186	0.00000
Geminocystis sp. NIES-3708	1615909	S	94	5	99	0.00000
Geminocystis sp. NIES-3709	1617448	S	25	1	26	0.00000
Gloeothece citriformis	2546356	S	421	2	423	0.00001
Gloeothece verrucosa	2546359	S	92	0	92	0.00000
Crocosphaera watsonii	263511	S	163	1	164	0.00000
Crocosphaera subtropica	2546360	S	44	0	44	0.00000
Candidatus Atelocyanobacterium thalassae	713887	S	192	2	194	0.00000
Rippkaea orientalis	2546366	S	32	0	32	0.00000
Microcystis viridis	44822	S	90	601	691	0.00001
Microcystis aeruginosa	1126	S	23	24	47	0.00000
Gloeocapsa sp. PCC 7428	1173026	S	178	1	179	0.00000
Gloeocapsopsis dulcis	2859516	S	119	5	124	0.00000
Euhalothece natronophila	577489	S	59	0	59	0.00000
Halothece sp. PCC 7418	65093	S	48	1	49	0.00000
Planktothrix agardhii	1160	S	221	247	468	0.00001
Trichodesmium erythraeum	1206	S	180	0	180	0.00000
Microcoleus vaginatus	119532	S	23	33	56	0.00000
Phormidium yuhuli	2974039	S	133	41	174	0.00000
Phormidium nigroviride	482564	S	13	33	46	0.00000
Planktothricoides raciborskii	132608	S	126	14	140	0.00000
Oxynema acuminatum	118323	S	46	2	48	0.00000
Oxynema aestuarii	2874213	S	15	0	15	0.00000
[Phormidium] sp. ETS-05	222819	S	10	0	10	0.00000
Capilliphycus salinus	2768948	S	181	4	185	0.00000
Limnospira platensis	118562	S	31	76	107	0.00000
Pseudanabaena mucicola	71190	S	253	4	257	0.00001
Pseudanabaena sp. Chao 1811	2963092	S	139	63	202	0.00000
Pseudanabaena sp. ABRG5-3	685565	S	39	12	51	0.00000
Pseudanabaena minima	890415	S	58	1	59	0.00000
Pseudanabaena galeata	1112103	S	46	0	46	0.00000
Limnothrix sp. CMB-01	3683845	S	141	0	141	0.00000
Thalassoporum mexicanum	3457544	S	75	0	75	0.00000
Leptolyngbya sp. O-77	1080068	S	211	74	285	0.00001
Leptolyngbya sp. 7M	2812896	S	85	2	87	0.00000
Leptolyngbya sp. FACHB-1624	2692802	S	23	152	175	0.00000
Kovacikia minuta	2931930	S	116	0	116	0.00000
Leptothermofonsia sp. ETS-13	3035696	S	26	0	26	0.00000
Leptothermofonsia sichuanensis	2917832	S	10	0	10	0.00000
Leptodesmis sichuanensis	2906798	S	34	1	35	0.00000
Trichothermofontia sichuanensis	3045816	S	14	0	14	0.00000
Acaryochloris marina	155978	S	71	314	385	0.00001
Thermosynechococcus sp. NK55a	1394889	S	111	50	161	0.00000
Thermosynechococcus sp. HN-54	2933959	S	63	15	78	0.00000
Nodosilinea sp. E11	3037479	S	231	5	236	0.00000
Halomicronema hongdechloris	1209493	S	81	0	81	0.00000
Dactylococcopsis salina	292566	S	23	0	23	0.00000
Moorena producens	1155739	S	184	0	184	0.00000
Allocoleopsis franciscana	2886352	S	93	1	94	0.00000
Crinalium epipsammum	241425	S	173	1	174	0.00000
Chamaesiphon minutus	1173032	S	90	0	90	0.00000
Chroococcidiopsis sp. CCMEE 29	155894	S	72	154	226	0.00000
Egbenema bharatensis	3463334	S	65	1	66	0.00000
Thermocoleostomius sinensis	3065396	S	19	0	19	0.00000
Stanieria cyanosphaera	102116	S	79	0	79	0.00000
Pleurocapsa sp. PCC 7327	118163	S	16	0	16	0.00000
Desertifilum tharense	1185873	S	54	0	54	0.00000
Gloeobacter morelensis	2907343	S	10	1	11	0.00000
Geitlerinema sp. PCC 7407	1173025	S	10	0	10	0.00000
cyanobacterium endosymbiont of Epithemia clementina EcSB	3034674	S	44	0	44	0.00000
cyanobacterium endosymbiont of Epithemia turgida	718217	S	33	0	33	0.00000
Dehalococcoides mccartyi	61435	S	113	25	138	0.00000
Dehalococcoides sp. THU4	3348344	S	40	388	428	0.00001
Dehalogenimonas sp. 4OHTPN	3166643	S	126	0	126	0.00000
Candidatus Dehalogenimonas loeffleri	3127115	S	10	0	10	0.00000
Chloroflexus aurantiacus	1108	S	353	0	353	0.00001
Chloroflexus aggregans	152260	S	32	0	32	0.00000
Roseiflexus castenholzii	120962	S	15	1	16	0.00000
Thermobaculum terrenum	166501	S	27	0	27	0.00000
Candidatus Chlorohelix allophototropha	3003348	S	11	0	11	0.00000
Candidatus Leptofilum sp.	3241576	S	224	0	224	0.00000
Candidatus Promineifilum breve	1806508	S	49	0	49	0.00000
Caldilinea aerophila	133453	S	229	2	231	0.00000
Ktedonosporobacter rubrisoli	2509675	S	173	0	173	0.00000
Anaerolinea thermophila	167964	S	41	0	41	0.00000
Pelolinea submarina	913107	S	16	0	16	0.00000
Thermoflexus hugenholtzii	1495650	S	14	0	14	0.00000
Fimbriimonas ginsengisoli	1005039	S	58	0	58	0.00000
Capsulimonas corticalis	2219043	S	46	0	46	0.00000
Vulcanimicrobium alpinum	3016050	S	13	0	13	0.00000
Fusobacterium sp. SB021	2744227	S	827	3	830	0.00002
Fusobacterium sp. THCT1E1	3144696	S	233	85	318	0.00001
Fusobacterium sp. THCT13E1	3144697	S	65	414	479	0.00001
Fusobacterium varium	856	S	696	527	1223	0.00002
Fusobacterium mortiferum	850	S	656	8	664	0.00001
Fusobacterium polymorphum	76857	S	607	379	986	0.00002
Fusobacterium animalis	76859	S	520	1436	1956	0.00004
Fusobacterium hominis	2764326	S	480	14	494	0.00001
Fusobacterium necrophorum	859	S	347	4	351	0.00001
Fusobacterium pseudoperiodonticum	2663009	S	296	131	427	0.00001
Fusobacterium gonidiaformans	849	S	269	9	278	0.00001
Fusobacterium nucleatum	851	S	215	526	741	0.00001
Fusobacterium canifelinum	285729	S	197	130	327	0.00001
Fusobacterium ulcerans	861	S	187	227	414	0.00001
Fusobacterium vincentii	155615	S	150	703	853	0.00002
Fusobacterium hwasookii	1583098	S	84	267	351	0.00001
Fusobacterium periodonticum	860	S	12	24	36	0.00000
Cetobacterium somerae	188913	S	2131	23	2154	0.00004
Cetobacterium sp. SF1	3417654	S	376	4	380	0.00001
Cetobacterium ceti	180163	S	205	2	207	0.00000
uncultured Ilyobacter sp.	544433	S	604	8	612	0.00001
Ilyobacter polytropus	167642	S	209	5	214	0.00000
Leptotrichia sp. HMT-225	3058373	S	490	579	1069	0.00002
Leptotrichia sp. oral taxon 221	712362	S	339	184	523	0.00001
Leptotrichia sp. oral taxon 212	712357	S	276	39	315	0.00001
Leptotrichia sp. oral taxon 847	1785996	S	111	64	175	0.00000
Leptotrichia sp. oral taxon 218	712361	S	93	93	186	0.00000
Leptotrichia sp. oral taxon 498	712368	S	14	67	81	0.00000
Leptotrichia hongkongensis	554406	S	397	551	948	0.00002
Leptotrichia wadei	157687	S	249	213	462	0.00001
Leptotrichia trevisanii	109328	S	223	117	340	0.00001
Leptotrichia mesophila	3239303	S	115	149	264	0.00001
Leptotrichia shahii	157691	S	60	53	113	0.00000
Leptotrichia alba	3239304	S	21	14	35	0.00000
Leptotrichia hofstadii	157688	S	10	13	23	0.00000
Sneathia sanguinegens	40543	S	304	3	307	0.00001
Sneathia vaginalis	187101	S	170	1	171	0.00000
Streptobacillus moniliformis	34105	S	239	5	244	0.00000
Pseudoleptotrichia goodfellowii	157692	S	230	10	240	0.00000
Sebaldella termitidis	826	S	225	0	225	0.00000
Haliovirga abyssi	2996794	S	575	3	578	0.00001
Marinitoga aeolica	2809031	S	417	225	642	0.00001
Oceanotoga sp. DSM 15011	2984951	S	502	0	502	0.00001
Defluviitoga tunisiensis	1006576	S	421	5	426	0.00001
Tepiditoga spiralis	2108365	S	78	0	78	0.00000
Petrotoga mobilis	69499	S	56	0	56	0.00000
Thermosipho africanus	2421	S	161	0	161	0.00000
Thermosipho ferrireducens	2571116	S	134	0	134	0.00000
Thermosipho melanesiensis	46541	S	128	0	128	0.00000
Fervidobacterium pennivorans	93466	S	108	2	110	0.00000
Fervidobacterium nodosum	2424	S	88	2	90	0.00000
Fervidobacterium gondwanense	44754	S	64	1	65	0.00000
Pseudothermotoga thermarum	119394	S	147	0	147	0.00000
Pseudothermotoga elfii	38322	S	42	20	62	0.00000
Mesotoga infera	1236046	S	87	0	87	0.00000
Kosmotoga pacifica	1330330	S	67	0	67	0.00000
Deinococcus puniceus	1182568	S	519	92	611	0.00001
Deinococcus sp.	47478	S	175	83	258	0.00001
Deinococcus sp. AJ005	2652443	S	27	4	31	0.00000
Deinococcus sp. QL22	2939437	S	21	1	22	0.00000
Deinococcus sp. KNUC1210	2917691	S	17	12	29	0.00000
Deinococcus yunweiensis	367282	S	223	149	372	0.00001
Deinococcus radiopugnans	57497	S	98	9	107	0.00000
Deinococcus sonorensis	309891	S	98	2	100	0.00000
Deinococcus deserti	310783	S	64	6	70	0.00000
Deinococcus psychrotolerans	2489213	S	45	4	49	0.00000
Deinococcus aquaticus	328692	S	43	5	48	0.00000
Deinococcus aetherius	200252	S	38	1	39	0.00000
Deinococcus peraridilitoris	432329	S	32	0	32	0.00000
Deinococcus actinosclerus	1768108	S	22	56	78	0.00000
Deinococcus irradiatisoli	2202254	S	20	1	21	0.00000
Deinococcus maricopensis	309887	S	14	0	14	0.00000
Deinococcus ficus	317577	S	14	0	14	0.00000
Deinococcus taeanensis	2737050	S	11	1	12	0.00000
Thermus sp. CCB_US3_UF1	1111069	S	123	5	128	0.00000
Thermus caldilimi	2483360	S	126	8	134	0.00000
Meiothermus taiwanensis	172827	S	28	0	28	0.00000
Meiothermus ruber	277	S	12	0	12	0.00000
Marinithermus hydrothermalis	186192	S	12	0	12	0.00000
Cloacibacillus evryensis	508460	S	70	210	280	0.00001
Pyramidobacter piscolens	638849	S	23	30	53	0.00000
unidentified bacterial endosymbiont	2355	S	1273	33	1306	0.00003
Candidatus Babela massiliensis	673862	S	186	0	186	0.00000
Candidatus Chromulinivorax destructor	2066483	S	158	0	158	0.00000
Candidatus Minimicrobia naudis	2841263	S	11	5	16	0.00000
Candidatus Bipolaricaulis anaerobius	2026885	S	21	0	21	0.00000
Minisyncoccus archaeiphilus	3238481	S	17	0	17	0.00000
Fervidibacter sacchari	1448929	S	10	0	10	0.00000
Allomicrovenator marinus	2600177	S	117	0	117	0.00000
Persicimonas caeni	2292766	S	39	0	39	0.00000
Vigna radiata	157791	S	7844	630	8474	0.00017
Vigna unguiculata	3917	S	6332	1209	7541	0.00015
Vigna angularis	3914	S	5892	546	6438	0.00013
Glycine soja	3848	S	1870	6367	8237	0.00017
Glycine max	3847	S	1634	6279	7913	0.00016
Cajanus cajan	3821	S	7159	394	7553	0.00015
Phaseolus vulgaris	3885	S	5176	284	5460	0.00011
Lathyrus oleraceus	3888	S	14633	519	15152	0.00031
Vicia villosa	3911	S	13684	354	14038	0.00028
Medicago truncatula	3880	S	4412	185	4597	0.00009
Trifolium pratense	57577	S	3932	1955	5887	0.00012
Cicer arietinum	3827	S	5942	250	6192	0.00012
Lotus japonicus	34305	S	4061	302	4363	0.00009
Arachis stenosperma	217475	S	4048	1458	5506	0.00011
Arachis hypogaea	3818	S	2428	5721	8149	0.00016
Arachis duranensis	130453	S	2262	2355	4617	0.00009
Arachis ipaensis	130454	S	459	4507	4966	0.00010
Lupinus angustifolius	3871	S	9783	442	10225	0.00021
Malus sylvestris	3752	S	1327	1884	3211	0.00006
Malus domestica	3750	S	1268	1612	2880	0.00006
Pyrus communis	23211	S	4048	1206	5254	0.00011
Prunus mume	102107	S	1412	429	1841	0.00004
Prunus dulcis	3755	S	841	784	1625	0.00003
Prunus persica	3760	S	571	525	1096	0.00002
Rosa chinensis	74649	S	2980	1083	4063	0.00008
Rosa rugosa	74645	S	1169	693	1862	0.00004
Fragaria vesca	57918	S	2245	382	2627	0.00005
Argentina anserina	57926	S	1924	660	2584	0.00005
Humulus lupulus	3486	S	14559	2444	17003	0.00034
Cannabis sativa	3483	S	6929	355	7284	0.00015
Ziziphus jujuba	326968	S	6452	1652	8104	0.00016
Quercus robur	38942	S	3198	3208	6406	0.00013
Quercus lobata	97700	S	3158	2175	5333	0.00011
Castanea sativa	21020	S	7934	1598	9532	0.00019
Juglans microcarpa x Juglans regia	2249226	S	4172	1043	5215	0.00011
Juglans regia	51240	S	3393	1195	4588	0.00009
Carya illinoinensis	32201	S	6168	1158	7326	0.00015
Alnus glutinosa	3517	S	4602	2046	6648	0.00013
Corylus avellana	13451	S	3125	172	3297	0.00007
Hevea brasiliensis	3981	S	8663	325	8988	0.00018
Manihot esculenta	3983	S	5190	849	6039	0.00012
Mercurialis annua	3986	S	5815	1921	7736	0.00016
Ricinus communis	3988	S	4697	518	5215	0.00011
Euphorbia lathyris	212925	S	6389	443	6832	0.00014
Populus alba	43335	S	4233	623	4856	0.00010
Populus nigra	3691	S	2746	4598	7344	0.00015
Populus trichocarpa	3694	S	2346	1084	3430	0.00007
Benincasa hispida	102211	S	11276	222	11498	0.00023
Cucumis melo	3656	S	4227	9147	13374	0.00027
Cucumis sativus	3659	S	2574	191	2765	0.00006
Cucurbita pepo	3663	S	3469	413	3882	0.00008
Tripterygium wilfordii	458696	S	2539	733	3272	0.00007
Gossypium hirsutum	3635	S	7772	7314	15086	0.00030
Gossypium arboreum	29729	S	4312	3796	8108	0.00016
Gossypium raimondii	29730	S	3967	2967	6934	0.00014
Theobroma cacao	3641	S	3455	117	3572	0.00007
Brassica napus	3708	S	1871	4822	6693	0.00014
Brassica oleracea	3712	S	1319	1949	3268	0.00007
Brassica rapa	3711	S	1131	2460	3591	0.00007
Raphanus sativus	3726	S	3940	5042	8982	0.00018
Camelina sativa	90675	S	6081	312	6393	0.00013
Arabidopsis thaliana	3702	S	1927	315	2242	0.00005
Eucalyptus grandis	71139	S	3635	720	4355	0.00009
Rhodamnia argentea	178133	S	2227	201	2428	0.00005
Punica granatum	22663	S	2611	339	2950	0.00006
Mangifera indica	29780	S	4529	466	4995	0.00010
Citrus sinensis	2711	S	3527	437	3964	0.00008
Vitis vinifera	29760	S	2412	1857	4269	0.00009
Vitis riparia	96939	S	1979	1440	3419	0.00007
Solanum lycopersicum	4081	S	7641	7206	14847	0.00030
Solanum pennellii	28526	S	6664	1394	8058	0.00016
Solanum stenotomum	172797	S	9626	632	10258	0.00021
Solanum dulcamara	45834	S	8552	1813	10365	0.00021
Capsicum annuum	4072	S	34254	628	34882	0.00070
Lycium barbarum	112863	S	7772	1965	9737	0.00020
Lycium ferocissimum	112874	S	6222	2161	8383	0.00017
Nicotiana attenuata	49451	S	10185	1390	11575	0.00023
Nicotiana tabacum	4097	S	4163	10043	14206	0.00029
Nicotiana tomentosiformis	4098	S	2795	4174	6969	0.00014
Nicotiana sylvestris	4096	S	1837	6490	8327	0.00017
Ipomoea triloba	35885	S	4263	559	4822	0.00010
Primulina tabacum	48773	S	4195	1480	5675	0.00011
Primulina eburnea	1245227	S	4055	739	4794	0.00010
Primulina huaijiensis	1492673	S	2485	660	3145	0.00006
Henckelia pumila	405737	S	5535	341	5876	0.00012
Salvia miltiorrhiza	226208	S	3760	139	3899	0.00008
Salvia hispanica	49212	S	3508	322	3830	0.00008
Salvia splendens	180675	S	4772	310	5082	0.00010
Olea europaea	4146	S	11373	241	11614	0.00023
Sesamum indicum	4182	S	3412	236	3648	0.00007
Coffea arabica	13443	S	2725	4436	7161	0.00014
Coffea eugenioides	49369	S	930	1434	2364	0.00005
Lactuca virosa	75947	S	12568	4093	16661	0.00034
Lactuca saligna	75948	S	11152	7197	18349	0.00037
Lactuca serriola	75943	S	5173	5936	11109	0.00022
Lactuca sativa	4236	S	4636	6810	11446	0.00023
Rutidosis leptorrhynchoides	125765	S	19175	1291	20466	0.00041
Helianthus annuus	4232	S	14366	350	14716	0.00030
Erigeron canadensis	72917	S	5837	461	6298	0.00013
Cynara cardunculus	4265	S	7336	211	7547	0.00015
Apium graveolens	4045	S	16311	333	16644	0.00034
Daucus carota	4039	S	3709	360	4069	0.00008
Impatiens glandulifera	253017	S	9233	425	9658	0.00019
Diospyros lotus	55363	S	6172	166	6338	0.00013
Actinidia eriantha	165200	S	5600	160	5760	0.00012
Rhododendron vialii	182163	S	4414	251	4665	0.00009
Silene latifolia	37657	S	14904	125	15029	0.00030
Beta vulgaris	161934	S	5318	132	5450	0.00011
Spinacia oleracea	3562	S	4436	6750	11186	0.00023
Amaranthus tricolor	29722	S	5609	1907	7516	0.00015
Malania oleifera	397392	S	13596	218	13814	0.00028
Triticum aestivum	4565	S	5113	9409	14522	0.00029
Triticum dicoccoides	85692	S	4986	8630	13616	0.00027
Triticum urartu	4572	S	2620	2703	5323	0.00011
Aegilops tauschii	37682	S	1938	4875	6813	0.00014
Hordeum vulgare	4513	S	10918	1462	12380	0.00025
Lolium rigidum	89674	S	5753	1006	6759	0.00014
Lolium perenne	4522	S	2713	1005	3718	0.00008
Brachypodium distachyon	15368	S	2366	88	2454	0.00005
Oryza brachyantha	4533	S	2266	108	2374	0.00005
Oryza sativa	4530	S	1124	1604	2728	0.00006
Oryza glaberrima	4538	S	970	1032	2002	0.00004
Miscanthus floridulus	154761	S	10251	251	10502	0.00021
Zea mays	4577	S	6837	615	7452	0.00015
Sorghum bicolor	4558	S	3354	385	3739	0.00008
Panicum virgatum	38727	S	5957	248	6205	0.00013
Panicum hallii	206008	S	1951	76	2027	0.00004
Setaria italica	4555	S	471	1016	1487	0.00003
Setaria viridis	4556	S	272	589	861	0.00002
Phragmites australis	29695	S	6115	421	6536	0.00013
Carex rostrata	241230	S	5662	1707	7369	0.00015
Ananas comosus	4615	S	3845	379	4224	0.00009
Typha angustifolia	59011	S	1902	592	2494	0.00005
Typha latifolia	4733	S	818	235	1053	0.00002
Zingiber officinale	94328	S	14186	332	14518	0.00029
Curcuma longa	136217	S	5196	476	5672	0.00011
Musa acuminata	4641	S	7217	5287	12504	0.00025
Elaeis guineensis	51953	S	11992	782	12774	0.00026
Phoenix dactylifera	42345	S	6120	347	6467	0.00013
Asparagus officinalis	4686	S	8050	154	8204	0.00017
Dioscorea cayenensis	29710	S	6305	166	6471	0.00013
Wolffia australiana	161112	S	2635	88	2723	0.00005
Papaver somniferum	3469	S	16074	266	16340	0.00033
Telopea speciosissima	54955	S	6600	365	6965	0.00014
Macadamia integrifolia	60698	S	5311	418	5729	0.00012
Magnolia sinica	86752	S	10767	105	10872	0.00022
Nymphaea colorata	210225	S	3961	255	4216	0.00009
Cryptomeria japonica	3369	S	60807	6308	67115	0.00135
Physcomitrium patens	3218	S	5707	186	5893	0.00012
Micromonas commoda	296587	S	449	4	453	0.00001
Bathycoccus prasinos	41875	S	318	1	319	0.00001
Ostreococcus tauri	70448	S	74	0	74	0.00000
Chlamydomonas reinhardtii	3055	S	658	4	662	0.00001
Homo sapiens	9606	S	155859	27035	182894	0.00369
Saccharomyces cerevisiae	4932	S	2620	291	2911	0.00006
Saccharomyces paradoxus	27291	S	260	11	271	0.00001
Saccharomyces mikatae	114525	S	152	4	156	0.00000
Saccharomyces kudriavzevii	114524	S	123	8	131	0.00000
Saccharomyces eubayanus	1080349	S	112	3	115	0.00000
Naumovozyma castellii	27288	S	385	31	416	0.00001
Naumovozyma dairenensis	27289	S	264	10	274	0.00001
Kazachstania africana	432096	S	455	18	473	0.00001
Kluyveromyces marxianus	4911	S	246	41	287	0.00001
Kluyveromyces lactis	28985	S	126	21	147	0.00000
Henningerozyma blattae	1071379	S	294	18	312	0.00001
Eremothecium cymbalariae	45285	S	161	13	174	0.00000
Eremothecium sinecaudum	45286	S	91	63	154	0.00000
Eremothecium gossypii	33169	S	35	43	78	0.00000
Tetrapisispora phaffii	113608	S	278	7	285	0.00001
Torulaspora globosa	48254	S	138	11	149	0.00000
Torulaspora delbrueckii	4950	S	51	6	57	0.00000
Huiozyma naganishii	588726	S	151	8	159	0.00000
Zygotorulaspora mrakii	42260	S	121	27	148	0.00000
Zygosaccharomyces rouxii	4956	S	108	6	114	0.00000
Nakaseomyces glabratus	5478	S	87	19	106	0.00000
Lachancea thermotolerans	381046	S	70	7	77	0.00000
Saccharomycodes ludwigii	36035	S	138	34	172	0.00000
Pichia kudriavzevii	4909	S	2366	244	2610	0.00005
Brettanomyces nanus	13502	S	609	92	701	0.00001
Brettanomyces bruxellensis	5007	S	155	6	161	0.00000
Komagataella phaffii	460519	S	152	1	153	0.00000
Ogataea parapolymorpha	1005962	S	125	8	133	0.00000
Candida dubliniensis	42374	S	455	65	520	0.00001
Candida orthopsilosis	273371	S	193	10	203	0.00000
Candida albicans	5476	S	187	23	210	0.00000
Lodderomyces elongisporus	36914	S	295	74	369	0.00001
Lodderomyces beijingensis	1775926	S	238	33	271	0.00001
Debaryomyces hansenii	4959	S	515	6	521	0.00001
Yamadazyma tenuis	2315449	S	415	98	513	0.00001
Scheffersomyces stipitis	4924	S	372	28	400	0.00001
Australozyma saopauloensis	291208	S	158	5	163	0.00000
Candidozyma auris	498019	S	101	7	108	0.00000
Sugiyamaella lignohabitans	796027	S	505	65	570	0.00001
Yarrowia lipolytica	4952	S	68	0	68	0.00000
Fusarium poae	36050	S	575	122	697	0.00001
Fusarium graminearum	5518	S	230	56	286	0.00001
Fusarium pseudograminearum	101028	S	159	27	186	0.00000
Fusarium falciforme	195108	S	111	33	144	0.00000
Fusarium keratoplasticum	1328300	S	43	14	57	0.00000
Fusarium fujikuroi	5127	S	133	6	139	0.00000
Fusarium verticillioides	117187	S	30	82	112	0.00000
Fusarium oxysporum	5507	S	144	13	157	0.00000
Fusarium musae	1042133	S	73	197	270	0.00001
Ustilaginoidea virens	1159556	S	346	10	356	0.00001
Metarhizium brunneum	500148	S	120	2	122	0.00000
Pochonia chlamydosporia	280754	S	72	1	73	0.00000
Trichoderma asperellum	101201	S	223	47	270	0.00001
Trichoderma atroviride	63577	S	141	15	156	0.00000
Trichoderma breve	2034170	S	122	8	130	0.00000
Akanthomyces muscarius	2231603	S	240	11	251	0.00001
Purpureocillium takamizusanense	2060973	S	119	7	126	0.00000
Drechmeria coniospora	98403	S	74	1	75	0.00000
Colletotrichum destructivum	34406	S	425	43	468	0.00001
Colletotrichum higginsianum	80884	S	121	43	164	0.00000
Colletotrichum lupini	145971	S	289	11	300	0.00001
Thermothielavioides terrestris	2587410	S	687	24	711	0.00001
Remersonia thermophila	72144	S	234	8	242	0.00000
Thermothelomyces thermophilus	78579	S	137	2	139	0.00000
Podospora pseudoanserina	2609844	S	43	364	407	0.00001
Podospora bellae-mahoneyi	2093777	S	30	35	65	0.00000
Podospora pseudocomata	2093779	S	10	17	27	0.00000
Neurospora crassa	5141	S	249	14	263	0.00001
Sordaria macrospora	5147	S	91	13	104	0.00000
Pyricularia pennisetigena	1578925	S	547	26	573	0.00001
Pyricularia grisea	148305	S	261	12	273	0.00001
Pyricularia oryzae	318829	S	243	20	263	0.00001
Botrytis cinerea	40559	S	431	18	449	0.00001
Penicillium digitatum	36651	S	1204	93	1297	0.00003
Penicillium psychrofluorescens	3158075	S	185	22	207	0.00000
Penicillium oxalicum	69781	S	108	23	131	0.00000
Aspergillus luchuensis	1069201	S	529	38	567	0.00001
Aspergillus oryzae	5062	S	58	137	195	0.00000
Aspergillus flavus	5059	S	25	66	91	0.00000
Aspergillus puulaauensis	1220207	S	306	12	318	0.00001
Aspergillus fumigatus	746128	S	160	10	170	0.00000
Aspergillus nidulans	162425	S	120	0	120	0.00000
Aspergillus chevalieri	182096	S	112	12	124	0.00000
Talaromyces rugulosus	121627	S	539	66	605	0.00001
Talaromyces marneffei	37727	S	86	3	89	0.00000
Coccidioides posadasii	199306	S	78	9	87	0.00000
Ascochyta rabiei	5454	S	540	28	568	0.00001
Pyrenophora tritici-repentis	45151	S	187	64	251	0.00001
Alternaria dauci	48095	S	57	3	60	0.00000
Cercospora beticola	122368	S	397	32	429	0.00001
Zymoseptoria tritici	1047171	S	248	3	251	0.00001
Fulvia fulva	5499	S	128	2	130	0.00000
Schizosaccharomyces osmophilus	2545709	S	297	29	326	0.00001
Schizosaccharomyces pombe	4896	S	25	0	25	0.00000
Kwoniella pini	453459	S	398	32	430	0.00001
Kwoniella dejecticola	324770	S	389	26	415	0.00001
Kwoniella dendrophila	4975	S	383	47	430	0.00001
Kwoniella mangrovensis	463800	S	298	118	416	0.00001
Kwoniella shivajii	564305	S	154	7	161	0.00000
Kwoniella europaea	1247712	S	63	45	108	0.00000
Kwoniella newhampshirensis	1651941	S	48	3	51	0.00000
Kwoniella bestiolae	324769	S	27	1	28	0.00000
Kwoniella botswanensis	1268659	S	24	20	44	0.00000
Kwoniella shandongensis	1734106	S	23	2	25	0.00000
Cryptococcus tetragattii	1859121	S	132	297	429	0.00001
Cryptococcus deuterogattii	1859096	S	45	43	88	0.00000
Cryptococcus gattii	37769	S	32	97	129	0.00000
Cryptococcus decagattii	1859122	S	21	56	77	0.00000
Cryptococcus neoformans	5207	S	51	2	53	0.00000
Cryptococcus deneoformans	40410	S	25	0	25	0.00000
Cryptococcus depauperatus	5208	S	59	2	61	0.00000
Cutaneotrichosporon cavernicola	279322	S	126	3	129	0.00000
Vanrija pseudolonga	143232	S	90	7	97	0.00000
Marasmius oreades	181124	S	149	2	151	0.00000
Psilocybe cubensis	181762	S	129	1	130	0.00000
Rhizoctonia solani	456999	S	150	0	150	0.00000
Puccinia triticina	208348	S	642	2	644	0.00001
Puccinia striiformis	27350	S	230	20	250	0.00001
Malassezia restricta	76775	S	178	20	198	0.00000
Malassezia vespertilionis	2020962	S	130	5	135	0.00000
Malassezia japonica	223818	S	30	1	31	0.00000
Sporisorium graminicola	280036	S	115	10	125	0.00000
Mycosarcoma maydis	5270	S	46	0	46	0.00000
Rhizophagus irregularis	588596	S	2918	184	3102	0.00006
Vairimorpha necatrix	6039	S	90	1	91	0.00000
Plasmodium falciparum	5833	S	617	283	900	0.00002
Plasmodium gaboni	647221	S	280	192	472	0.00001
Plasmodium reichenowi	5854	S	190	101	291	0.00001
Plasmodium adleri (nom. inval.)	880535	S	83	49	132	0.00000
Plasmodium chabaudi	5825	S	370	75	445	0.00001
Plasmodium yoelii	5861	S	319	75	394	0.00001
Plasmodium vinckei	5860	S	289	65	354	0.00001
Plasmodium berghei	5821	S	280	70	350	0.00001
Plasmodium cynomolgi	5827	S	268	16	284	0.00001
Plasmodium vivax	5855	S	55	3	58	0.00000
Plasmodium knowlesi	5850	S	50	3	53	0.00000
Plasmodium brasilianum	5824	S	19	236	255	0.00001
Plasmodium malariae	5858	S	17	151	168	0.00000
Plasmodium relictum	85471	S	486	34	520	0.00001
Plasmodium coatneyi	208452	S	249	21	270	0.00001
Theileria annulata	5874	S	415	2	417	0.00001
Theileria equi	5872	S	212	0	212	0.00000
Theileria orientalis	68886	S	89	0	89	0.00000
Theileria parva	5875	S	88	0	88	0.00000
Babesia duncani	323732	S	111	4	115	0.00000
Babesia bovis	5865	S	27	0	27	0.00000
Babesia bigemina	5866	S	25	0	25	0.00000
Cryptosporidium parvum	5807	S	443	1	444	0.00001
Toxoplasma gondii	5811	S	242	26	268	0.00001
Neospora caninum	29176	S	118	0	118	0.00000
Besnoitia besnoiti	94643	S	54	0	54	0.00000
Paramecium tetraurelia	5888	S	26	0	26	0.00000
Thalassiosira pseudonana	35128	S	145	0	145	0.00000
Phaeodactylum tricornutum	2850	S	65	0	65	0.00000
Bremia lactucae	4779	S	136	0	136	0.00000
Trichomonas vaginalis	5722	S	1783	4	1787	0.00004
Spironucleus salmonicida	348837	S	650	0	650	0.00001
Giardia duodenalis	5741	S	126	0	126	0.00000
Leishmania orientalis	2249476	S	296	112	408	0.00001
Leishmania sp. Ghana 2012 LV757	2803181	S	142	39	181	0.00000
Leishmania sp. Namibia	2802991	S	54	4	58	0.00000
Leishmania enriettii	5663	S	173	6	179	0.00000
Leishmania donovani	5661	S	32	71	103	0.00000
Leishmania infantum	5671	S	17	38	55	0.00000
Leishmania martiniquensis	1580590	S	80	0	80	0.00000
Leishmania mexicana	5665	S	37	2	39	0.00000
Leishmania major	5664	S	24	5	29	0.00000
Leishmania braziliensis	5660	S	137	31	168	0.00000
Leishmania panamensis	5679	S	10	2	12	0.00000
Porcisia hertigi	2761500	S	456	1	457	0.00001
Trypanosoma brucei	5691	S	317	0	317	0.00001
Dictyostelium discoideum	44689	S	632	14	646	0.00001
Hemiselmis andersenii	464988	S	57	0	57	0.00000
Cyanidioschyzon merolae	45157	S	17	0	17	0.00000
Natrialba aegyptia	129789	S	344	11	355	0.00001
Natrialba magadii	13769	S	10	0	10	0.00000
Natrinema thermotolerans	121872	S	70	11	81	0.00000
Natrinema marinum	2961598	S	36	0	36	0.00000
Natrinema halophilum	1699371	S	23	0	23	0.00000
Natrinema sp. SYSU A 869	2871694	S	10	0	10	0.00000
Natrinema caseinilyticum	2961570	S	15	0	15	0.00000
Natrinema longum	370324	S	13	0	13	0.00000
Natronobeatus ordinarius	2963433	S	88	2	90	0.00000
Natronobacterium gregoryi	44930	S	72	0	72	0.00000
Natronobacterium lacisalsi	229731	S	10	0	10	0.00000
Natronorubrum bangense	61858	S	54	1	55	0.00000
Natronorubrum aibiense	348826	S	11	0	11	0.00000
Haloterrigena turkmenica	62320	S	14	11	25	0.00000
Haloterrigena salifodinae	2675099	S	13	8	21	0.00000
Haloterrigena alkaliphila	2816475	S	11	1	12	0.00000
Halosolutus gelatinilyticus	2931975	S	50	0	50	0.00000
Natronosalvus vescus	2953881	S	39	5	44	0.00000
Halomontanus rarus	3034020	S	45	0	45	0.00000
Natrialbaceae archaeon AArc-T1-2	3053904	S	14	0	14	0.00000
Halovalidus salilacus	3075124	S	20	0	20	0.00000
Natrononativus amylolyticus	2963434	S	17	0	17	0.00000
Halopiger xanaduensis	387343	S	14	0	14	0.00000
Salinilacihabitans rarus	2961596	S	11	0	11	0.00000
Halobaculum lipolyticum	3032001	S	263	7	270	0.00001
Halobaculum rarum	3075122	S	27	0	27	0.00000
Halobaculum magnesiiphilum	1017351	S	16	4	20	0.00000
Halobaculum sp. CBA1158	2904243	S	13	3	16	0.00000
Halobaculum marinum	3031996	S	12	0	12	0.00000
Halorubrum sp. CBA1229	1853699	S	23	10	33	0.00000
Halorubrum sp. DM2	2527867	S	12	3	15	0.00000
Halorubrum sp. PV6	634157	S	10	1	11	0.00000
Halorubrum ezzemoulense	337243	S	44	19	63	0.00000
Haloferax gibbonsii	35746	S	48	15	63	0.00000
Haloplanus pelagicus	2949995	S	22	17	39	0.00000
Haloplanus ruber	869892	S	14	2	16	0.00000
Haloplanus aerogenes	660522	S	11	0	11	0.00000
Haloplanus rubicundus	1547898	S	10	0	10	0.00000
Halobellus inordinatus	1126236	S	56	5	61	0.00000
Halobellus marinus	3075123	S	11	3	14	0.00000
Halogeometricum borinquense	60847	S	62	2	64	0.00000
Halorarum salinum	2743089	S	23	0	23	0.00000
Halorarum halophilum	2743090	S	16	0	16	0.00000
Halohasta litchfieldiae	1073996	S	42	56	98	0.00000
Haloprofundus sp. MHR1	2572921	S	15	12	27	0.00000
Salinigranum marinum	1515595	S	20	0	20	0.00000
Haloquadratum walsbyi	293091	S	11	0	11	0.00000
Salinirarus marinus	3068310	S	11	3	14	0.00000
Haloarcula sp. NS06	3409688	S	103	22	125	0.00000
Haloarcula ordinaria	3033390	S	76	1	77	0.00000
Haloarcula pelagica	3033389	S	31	0	31	0.00000
Haloarcula litorea	3032579	S	15	1	16	0.00000
Haloarcula montana	3111776	S	12	1	13	0.00000
Halomicrobium sp. IBSBa	2778916	S	28	82	110	0.00000
Halomicrobium urmianum	1586233	S	16	24	40	0.00000
Halorientalis sp. IM1011	1932360	S	34	0	34	0.00000
Halosimplex rarum	3396619	S	11	2	13	0.00000
Halapricum desulfuricans	2841257	S	15	0	15	0.00000
Salinibaculum marinum	3131993	S	13	0	13	0.00000
Natronorarus salvus	3117733	S	401	0	401	0.00001
Halorarius litoreus	2962676	S	99	4	103	0.00000
Halorarius halobius	2962671	S	24	2	26	0.00000
Natronomonas gomsonensis	1046043	S	27	4	31	0.00000
Halocatena salina	2934340	S	35	0	35	0.00000
Halomarina litorea	2961595	S	14	0	14	0.00000
Halomarina pelagica	2961599	S	11	0	11	0.00000
Haloglomus litoreum	3034026	S	15	2	17	0.00000
Salinirubellus litoreus	3131999	S	13	0	13	0.00000
Haladaptatus halobius	2884875	S	139	4	143	0.00000
Haladaptatus salinisoli	2884876	S	18	0	18	0.00000
Halorussus gelatinilyticus	2937524	S	13	3	16	0.00000
Halorussus halophilus	2650975	S	11	0	11	0.00000
Halomicrococcus gelatinilyticus	1702103	S	12	0	12	0.00000
Salarchaeum sp. JOR-1	2599399	S	48	0	48	0.00000
Salarchaeum japonicum	555573	S	12	4	16	0.00000
Salinarchaeum sp. IM2453	2862870	S	11	0	11	0.00000
Methanosarcina barkeri	2208	S	379	2	381	0.00001
Methanosarcina acetivorans	2214	S	185	26	211	0.00000
Methanosarcina mazei	2209	S	167	10	177	0.00000
Methanosarcina sp. MTP4	1434100	S	12	47	59	0.00000
Methanosarcina siciliae	38027	S	53	0	53	0.00000
Methanosarcina horonobensis	418008	S	34	0	34	0.00000
Methanosarcina thermophila	2210	S	29	0	29	0.00000
Methanosarcina mangrovi	3439062	S	16	0	16	0.00000
Methanolobus sp. WCC5	3125785	S	131	0	131	0.00000
Methanolobus sp. WCC4	3125784	S	45	0	45	0.00000
Methanolobus sp. ZRKC5	3136295	S	13	216	229	0.00000
Methanolobus sediminis	3072978	S	12	0	12	0.00000
Methanolapillus ohkumae	3028298	S	159	0	159	0.00000
Methanomethylovorans hollandica	101192	S	72	0	72	0.00000
Methanococcoides burtonii	29291	S	27	0	27	0.00000
Methanococcoides methylutens	2226	S	21	0	21	0.00000
Methanimicrococcus hongohii	3028295	S	10	0	10	0.00000
Methanosalsum zhilinae	39669	S	14	0	14	0.00000
Methanospirillum stamsii	1277351	S	291	0	291	0.00001
Methanospirillum purgamenti	2834276	S	22	0	22	0.00000
Methanogenium sp. S4BF	1789226	S	72	0	72	0.00000
Methanogenium organophilum	2199	S	52	0	52	0.00000
Methanofollis formosanus	299308	S	42	1	43	0.00000
Methanochimaera problematica	2609417	S	25	0	25	0.00000
Methanosphaerula palustris	475088	S	95	0	95	0.00000
Methanocella arvoryzae	1175445	S	272	0	272	0.00001
Methanobrevibacter sp. DSM 116169	3242727	S	150	8	158	0.00000
Methanobrevibacter sp. AbM4	224719	S	138	1	139	0.00000
Methanobrevibacter millerae	230361	S	249	27	276	0.00001
Methanobrevibacter olleyae	294671	S	206	31	237	0.00000
Methanobrevibacter ruminantium	83816	S	188	13	201	0.00000
Methanobacterium petrolearium	710190	S	253	33	286	0.00001
Methanobacterium sp. MBAC-LM	3412034	S	103	1	104	0.00000
Methanobacterium sp. ACI-7	3240853	S	21	0	21	0.00000
Methanobacterium subterraneum	59277	S	89	16	105	0.00000
Methanobacterium paludis	868131	S	87	1	88	0.00000
Methanobacterium alkalithermotolerans	2731220	S	29	1	30	0.00000
Methanobacterium lacus	877455	S	27	0	27	0.00000
Methanobacterium formicicum	2162	S	20	0	20	0.00000
Methanosphaera sp. ISO3-F5	1452353	S	333	5	338	0.00001
Methanosphaera sp. BMS	1789762	S	161	4	165	0.00000
Methanosphaera stadtmanae	2317	S	68	5	73	0.00000
Methanococcus maripaludis	39152	S	431	24	455	0.00001
Methanococcus aeolicus	42879	S	107	0	107	0.00000
Methanococcus vannielii	2187	S	17	0	17	0.00000
Methanococcus sp. CF	3453721	S	16	0	16	0.00000
Methanothermococcus okinawensis	155863	S	11	0	11	0.00000
Methanocaldococcus bathoardescens	1301915	S	138	22	160	0.00000
Methanocaldococcus sp. FS406-22	644281	S	102	12	114	0.00000
Methanocaldococcus vulcanius	73913	S	77	47	124	0.00000
Methanocaldococcus fervens	83171	S	58	6	64	0.00000
Methanocaldococcus infernus	67760	S	56	0	56	0.00000
Methanocaldococcus lauensis	2546128	S	13	0	13	0.00000
Methanotorris igneus	2189	S	37	1	38	0.00000
Pyrococcus sp. ST04	1183377	S	185	0	185	0.00000
Pyrococcus yayanosii	1008460	S	27	0	27	0.00000
Pyrococcus kukulkanii	1609559	S	19	0	19	0.00000
Pyrococcus woesei	2262	S	14	87	101	0.00000
Thermococcus sibiricus	172049	S	133	1	134	0.00000
Thermococcus gammatolerans	187878	S	69	2	71	0.00000
Thermococcus henrietii	2016361	S	64	14	78	0.00000
Archaeoglobus fulgidus	2234	S	125	0	125	0.00000
Geoglobus acetivorans	565033	S	28	0	28	0.00000
Methanonatronarchaeum sp. AMET-Sl	3037654	S	12	2	14	0.00000
Ferroplasma acidiphilum	74969	S	56	0	56	0.00000
Ferroplasma sp.	2591003	S	35	0	35	0.00000
Thermoplasma acidophilum	2303	S	39	0	39	0.00000
Oxyplasma meridianum	3073602	S	10	0	10	0.00000
Cuniculiplasma divulgatum	1673428	S	25	0	25	0.00000
Candidatus Methanomassiliicoccus intestinalis	1406512	S	121	0	121	0.00000
Saccharolobus islandicus	43080	S	476	28	504	0.00001
Saccharolobus solfataricus	2287	S	129	1	130	0.00000
Saccharolobus sp. A20	1891280	S	110	0	110	0.00000
Saccharolobus caldissimus	1702097	S	45	0	45	0.00000
Saccharolobus shibatae	2286	S	12	0	12	0.00000
Acidianus sp. HS-5	2886040	S	171	0	171	0.00000
Acidianus ambivalens	2283	S	81	4	85	0.00000
Acidianus manzaensis	282676	S	58	0	58	0.00000
Acidianus sulfidivorans	312539	S	47	0	47	0.00000
Acidianus brierleyi	41673	S	18	0	18	0.00000
Sulfolobus tengchongensis	207809	S	161	0	161	0.00000
Sulfolobus acidocaldarius	2285	S	48	0	48	0.00000
Sulfurisphaera ohwakuensis	69656	S	28	9	37	0.00000
Sulfurisphaera javensis	2049879	S	13	0	13	0.00000
Sulfuracidifex metallicus	47303	S	37	0	37	0.00000
Sulfuracidifex tepidarius	1294262	S	11	0	11	0.00000
Stygiolobus azoricus	41675	S	27	0	27	0.00000
Caldisphaera lagunensis	200415	S	492	0	492	0.00001
Staphylothermus hellenicus	84599	S	101	0	101	0.00000
Staphylothermus marinus	2280	S	22	0	22	0.00000
Vulcanisaeta souniana	164452	S	12	0	12	0.00000
Nitrosopumilus maritimus	338192	S	239	11	250	0.00001
Nitrosopumilus sp. S4	3569261	S	77	4	81	0.00000
Candidatus Nitrosopumilus sp.	2024843	S	55	13	68	0.00000
Candidatus Nitrosopumilus sp. SW	2508726	S	23	14	37	0.00000
Nitrosopumilus sp. K4	2795383	S	12	0	12	0.00000
Nitrosopumilus adriaticus	1580092	S	119	3	122	0.00000
Nitrosopumilus cobalaminigenes	1470066	S	57	2	59	0.00000
Candidatus Nitrosopumilus koreensis	1510466	S	55	1	56	0.00000
Nitrosopumilus piranensis	1582439	S	38	1	39	0.00000
Candidatus Nitrosomarinus catalinensis	1898749	S	88	4	92	0.00000
Nitrosarchaeum sp. AC2	2259673	S	20	0	20	0.00000
Candidatus Nitrosocosmicus franklandianus	1798806	S	276	0	276	0.00001
Candidatus Nitrosocosmicus hydrocola	1826872	S	128	0	128	0.00000
Candidatus Nitrosocosmicus oleophilus	1353260	S	64	0	64	0.00000
Candidatus Nitrosocosmicus sp. T	3141785	S	34	0	34	0.00000
Candidatus Nitrososphaera evergladensis	1459637	S	89	1	90	0.00000
Candidatus Nitrosotalea okcheonensis	1903276	S	104	0	104	0.00000
Candidatus Nitrosotenuis cloacae	1603555	S	83	0	83	0.00000
Candidatus Lokiarchaeum ossiferum	2951803	S	460	0	460	0.00001
Promethearchaeum syntrophicum	2594042	S	99	0	99	0.00000
Nanobdella aerobiophila	2586965	S	203	1	204	0.00000
Hafyongvirus yong1	3429141	S	12934	167	13101	0.00026
Eneladusvirus BF	2560751	S	1111	68	1179	0.00002
Eneladusvirus Yen904	2560849	S	533	33	566	0.00001
Mimasvirus CBB	2560628	S	907	79	986	0.00002
Mimasvirus GAP32	2560400	S	594	43	637	0.00001
Epseptimavirus RN29	3059990	S	168	1	169	0.00000
Graikaemvirus YenM3117	3429098	S	143	1	144	0.00000
Duonihilunusvirus YenM5617	3059975	S	16	1	17	0.00000
Duonihilunusvirus YenM06162	3059973	S	10	1	11	0.00000
Trigintaduovirus 32HC	2170239	S	163	0	163	0.00000
Caeruleovirus JBP901	1985180	S	24	0	24	0.00000
Watanabevirus wv3521	2845126	S	26	0	26	0.00000
Bacillus phage SP-10	941058	S	16	0	16	0.00000
Plaisancevirus PMW	2560676	S	151	0	151	0.00000
Colossusvirus PW	2734195	S	144	0	144	0.00000
Hzauvirus LPCPA6	3060044	S	140	0	140	0.00000
Jacevirus jace	2734240	S	126	0	126	0.00000
Zhangqianvirus IME1354	3060827	S	91	0	91	0.00000
Cinunavirus CN1A	2560388	S	81	0	81	0.00000
Slashvirus stills	1921713	S	76	0	76	0.00000
Audreyjarvisvirus AM4	2845189	S	55	1	56	0.00000
Kungbxnavirus pT24	2846436	S	55	0	55	0.00000
Skatevirus SeSz2	2956459	S	50	153	203	0.00000
Labanvirus laban	2844289	S	46	0	46	0.00000
Baltivirus phi18tres	2955411	S	25	0	25	0.00000
Baltivirus phi13duo	2955410	S	21	0	21	0.00000
Ceduovirus LacS15	2845422	S	42	0	42	0.00000
Miamivirus miami	3060305	S	34	0	34	0.00000
Sleepyheadvirus sleepyhead	2846061	S	37	0	37	0.00000
Asteriusvirus PBECO4	2560463	S	12	18	30	0.00000
Liaoningvirus VPs20	3430370	S	29	0	29	0.00000
Syrbvirus R1	3060725	S	28	0	28	0.00000
Exceevirus Xc38	2955875	S	10	0	10	0.00000
Squashvirus squash	2734281	S	11	0	11	0.00000
Marthavirus zartrosa	2843736	S	13	0	13	0.00000
Whackvirus whack	2846064	S	14	0	14	0.00000
Becedseptimavirus BCD7	2843753	S	12	0	12	0.00000
Samistivirus bmoc	2956391	S	10	1	11	0.00000
Wroclawvirus PA5oct	3060806	S	10	0	10	0.00000
Franklinbayvirus fv9A	2734235	S	10	0	10	0.00000
Kanagawavirus pei20	2844109	S	105	5	110	0.00000
Kanagawavirus cipnine	2844119	S	18	5	23	0.00000
Kanagawavirus threeohfive	3060062	S	15	4	19	0.00000
Kanagawavirus eclm	3060060	S	11	5	16	0.00000
Nereusvirus tusconc4	2734124	S	45	0	45	0.00000
Ralstonia phage RSP15	1785960	S	32	0	32	0.00000
Brucella phage BiPBO1	1718278	S	251	0	251	0.00001
Acinetobacter phage phiAC-1	1229760	S	29	0	29	0.00000
Sphingomonas phage PAU	1150991	S	27	0	27	0.00000
Yersinia phage phiR1-37	331278	S	19	0	19	0.00000
Acinetobacter phage vB_AbaS_TRS1	1852629	S	12	0	12	0.00000
Whopevirus animalis	2956679	S	27	0	27	0.00000
Dabirmavirus hominis	2955735	S	26	0	26	0.00000
Carjivirus communis	2955582	S	16	8	24	0.00000
Endlipuvirus intestinihominis	2955861	S	20	0	20	0.00000
Delmidovirus intestinihominis	2955740	S	12	2	14	0.00000
Jahgtovirus gastrointestinalis	2955995	S	48	5	53	0.00000
Haetaevirus PBC2	3060027	S	38	0	38	0.00000
Berlinvirus A7	2732785	S	20	0	20	0.00000
Batravirus ranidallo3	3048291	S	141	0	141	0.00000
Simplexvirus macropodidalpha1	3050317	S	28	0	28	0.00000
Elephant endotheliotropic herpesvirus 4	548914	S	11	0	11	0.00000
Megavirus powaiense	3060302	S	193	10	203	0.00000
Megavirus chilense	3060301	S	41	5	46	0.00000
Tupanvirus altamarinense	3060757	S	86	1	87	0.00000
Tupanvirus salinum	3060758	S	21	0	21	0.00000
Moumouvirus moumou	1128137	S	57	49	106	0.00000
Moumouvirus australiense	3080759	S	22	2	24	0.00000
Theiavirus salishense	3060737	S	125	0	125	0.00000
Fadolivirus algeromassiliense	3060017	S	19	0	19	0.00000
Rheavirus sinusmexicani	3047716	S	20	0	20	0.00000
Losannavirus lausannense	3430494	S	206	0	206	0.00000
Golden Marseillevirus	1720526	S	39	0	39	0.00000
Iridovirus chilo1	3429985	S	26	0	26	0.00000
Decapodiridovirus litopenaeus1	3428192	S	11	0	11	0.00000
Chlorovirus heliozoae	322019	S	56	0	56	0.00000
Chrysochromulina ericina virus	455364	S	11	0	11	0.00000
Cervidpoxvirus muledeerpox	3427847	S	92	0	92	0.00000
Pteropopoxvirus pteropox	3432027	S	10	0	10	0.00000
Betaentomopoxvirus mseparata	3427230	S	71	0	71	0.00000
Mastadenovirus porcusquintum	3241440	S	46	0	46	0.00000
Velarivirus arecae	3433152	S	33	0	33	0.00000
Macrophomina phaseolina tobamo-like virus	1527523	S	28	0	28	0.00000
Diascia yellow mottle virus	547467	S	33	0	33	0.00000
Orthoflavivirus denguei	3052464	S	28	0	28	0.00000
Orthobunyavirus sororocaense	3052442	S	98	0	98	0.00000
Ledantevirus bughendera	2843894	S	12	0	12	0.00000
Falcon picornavirus	1964370	S	31	0	31	0.00000
Dinovernavirus aedis	341721	S	13	0	13	0.00000
Wuhan coneheads virus 1	1923695	S	28	0	28	0.00000
Treisthetapapillomavirus 1	2170237	S	169	0	169	0.00000
Gokushovirinae Bog8989_22	1655650	S	116	0	116	0.00000
Alphabaculovirus speridaniae	3078442	S	22	5	27	0.00000
Betabaculovirus agsegetum	3047353	S	15	0	15	0.00000
Alphanudivirus grybimaculati	3047860	S	43	0	43	0.00000
Parthenium leaf curl alphasatellite	1755198	S	51	0	51	0.00000
