name	taxonomy_id	taxonomy_lvl	kraken_assigned_reads	added_reads	new_est_reads	fraction_total_reads
Buttiauxella	82976	G	3072943	81589	3154532	0.11301
Citrobacter	544	G	318055	130025	448080	0.01605
Enterobacter	547	G	314328	121588	435916	0.01562
Klebsiella	570	G	152252	109410	261662	0.00937
Raoultella	160674	G	48100	18944	67044	0.00240
Lelliottia	1330545	G	166253	8985	175238	0.00628
Cedecea	158483	G	110760	3549	114309	0.00410
Dryocola	3021684	G	99394	4033	103427	0.00371
Escherichia	561	G	80476	290369	370845	0.01329
Kosakonia	1330547	G	75832	3616	79448	0.00285
Plesiomonas	702	G	52306	4373	56679	0.00203
Cronobacter	413496	G	51325	2212	53537	0.00192
Leclercia	83654	G	50999	10329	61328	0.00220
Kluyvera	579	G	49899	6701	56600	0.00203
Salmonella	590	G	39703	96103	135806	0.00487
Pseudocitrobacter	1504576	G	18444	962	19406	0.00070
Atlantibacter	1903434	G	15279	1288	16567	0.00059
Scandinavium	2726810	G	14486	498	14984	0.00054
Franconibacter	1649295	G	13893	219	14112	0.00051
Siccibacter	1649298	G	12915	498	13413	0.00048
Phytobacter	447792	G	10666	5543	16209	0.00058
Mangrovibacter	451512	G	9786	3058	12844	0.00046
Superficieibacter	2303321	G	9461	353	9814	0.00035
Pluralibacter	1330546	G	8634	603	9237	0.00033
Symbiopectobacterium	801	G	3155	47	3202	0.00011
Candidatus Blochmanniella	203804	G	2229	3	2232	0.00008
Candidatus Westeberhardia	1699619	G	83	583	666	0.00002
Candidatus Williamhamiltonella	568987	G	452	1	453	0.00002
Candidatus Regiella	568988	G	237	115	352	0.00001
Candidatus Gullanella	1906661	G	283	2	285	0.00001
Candidatus Purcelliella	472825	G	247	5	252	0.00001
Candidatus Hoaglandella	1906659	G	234	1	235	0.00001
Candidatus Tachikawaea	1682492	G	149	6	155	0.00001
Candidatus Mikella	1906660	G	127	104	231	0.00001
Candidatus Doolittlea	1906657	G	83	0	83	0.00000
Candidatus Annandia	1302410	G	62	2	64	0.00000
Yokenella	158876	G	6055	641	6696	0.00024
Trabulsiella	158851	G	5519	867	6386	0.00023
Jejubacter	2815296	G	5224	48	5272	0.00019
Pseudescherichia	2055880	G	5178	1087	6265	0.00022
Shimwellia	1335483	G	4614	3366	7980	0.00029
Shigella	620	G	1510	16070	17580	0.00063
Candidatus Profftia	1177214	G	576	3	579	0.00002
Candidatus Curculioniphilus	690591	G	456	0	456	0.00002
Candidatus Schneideria	1081630	G	305	1	306	0.00001
Candidatus Riesia	401618	G	255	1	256	0.00001
Candidatus Ishikawella	409304	G	148	1	149	0.00001
Candidatus Moranella	1048757	G	98	0	98	0.00000
Hafnia	568	G	3006172	241037	3247209	0.11633
Obesumbacterium	82982	G	27125	4853	31978	0.00115
Edwardsiella	635	G	6624	719	7343	0.00026
Serratia	613	G	69681	7563	77244	0.00277
Yersinia	629	G	68887	6497	75384	0.00270
Rahnella	34037	G	23548	1344	24892	0.00089
Rouxiella	1565532	G	5127	304	5431	0.00019
Ewingella	41201	G	3232	213	3445	0.00012
Chania	1745211	G	2396	120	2516	0.00009
Gibbsiella	929812	G	2343	133	2476	0.00009
Nissabacter	1964366	G	1276	50	1326	0.00005
Candidatus Fukatsuia	1927833	G	763	4	767	0.00003
Chimaeribacter	2716544	G	670	61	731	0.00003
Pantoea	53335	G	83109	3213	86322	0.00309
Erwinia	551	G	32329	3056	35385	0.00127
Buchnera	32199	G	15553	205	15758	0.00056
Mixta	2100764	G	5260	637	5897	0.00021
Winslowiella	2997349	G	2792	103	2895	0.00010
Paramixta	3231896	G	2691	105	2796	0.00010
Tatumella	82986	G	2609	76	2685	0.00010
Duffyella	3026546	G	2091	188	2279	0.00008
Wigglesworthia	51228	G	201	1	202	0.00001
Pectobacterium	122277	G	31113	1009	32122	0.00115
Dickeya	204037	G	22062	996	23058	0.00083
Brenneria	71655	G	4628	659	5287	0.00019
Lonsdalea	1082702	G	1961	64	2025	0.00007
Musicola	2884243	G	1103	0	1103	0.00004
Prodigiosinella	3059405	G	375	677	1052	0.00004
Providencia	586	G	22027	4980	27007	0.00097
Proteus	583	G	11262	1843	13105	0.00047
Xenorhabdus	626	G	10160	150	10310	0.00037
Photorhabdus	29487	G	5394	31	5425	0.00019
Morganella	581	G	5372	886	6258	0.00022
Arsenophonus	637	G	3285	20	3305	0.00012
Moellerella	158848	G	1380	597	1977	0.00007
Sodalis	84565	G	7916	30	7946	0.00028
Limnobaculum	2172100	G	2821	81	2902	0.00010
Leminorella	82980	G	2236	33	2269	0.00008
Pragia	82984	G	1410	50	1460	0.00005
Gallaecimonas	745410	G	1623	66	1689	0.00006
Pseudomonas	286	G	121163	11908	133071	0.00477
Stutzerimonas	2901164	G	5248	1085	6333	0.00023
Halopseudomonas	2901189	G	3075	182	3257	0.00012
Entomomonas	2758906	G	2470	12	2482	0.00009
Metapseudomonas	3236656	G	2113	308	2421	0.00009
Ectopseudomonas	3236654	G	1179	708	1887	0.00007
Azotobacter	352	G	652	79	731	0.00003
Azorhizophilus	157913	G	104	45	149	0.00001
Aquipseudomonas	3236652	G	582	138	720	0.00003
Thiopseudomonas	1654787	G	503	19	522	0.00002
Permianibacter	1649479	G	367	0	367	0.00001
Phytopseudomonas	3236657	G	211	37	248	0.00001
Geopseudomonas	3236655	G	171	26	197	0.00001
Denitrificimonas	2901261	G	133	11	144	0.00001
Marinobacter	2742	G	6830	169	6999	0.00025
Candidatus Njordibacter	3457297	G	838	6	844	0.00003
Pseudohongiella	1524249	G	228	0	228	0.00001
Ketobacter	2025617	G	193	1	194	0.00001
Vibrio	662	G	74739	2759	77498	0.00278
Photobacterium	657	G	13418	1054	14472	0.00052
Aliivibrio	511678	G	1864	156	2020	0.00007
Grimontia	246861	G	1453	33	1486	0.00005
Salinivibrio	51366	G	1290	29	1319	0.00005
Enterovibrio	188143	G	938	21	959	0.00003
Paraphotobacterium	2042066	G	721	21	742	0.00003
Parasalinivibrio	3378804	G	484	10	494	0.00002
Thaumasiovibrio	2014233	G	438	19	457	0.00002
Shewanella	22	G	25509	834	26343	0.00094
Parashewanella	2547964	G	1173	17	1190	0.00004
Psychrobium	1573826	G	405	10	415	0.00001
Pseudoalteromonas	53246	G	20818	916	21734	0.00078
Psychrosphaera	907197	G	532	58	590	0.00002
Flocculibacter	2834759	G	278	7	285	0.00001
Alteromonas	226	G	7421	687	8108	0.00029
Salinimonas	288793	G	1124	99	1223	0.00004
Paraglaciecola	1621534	G	3067	124	3191	0.00011
Agarivorans	261825	G	2281	48	2329	0.00008
Catenovulum	1172191	G	1386	25	1411	0.00005
Alkalimarinus	1858563	G	1381	15	1396	0.00005
Alishewanella	111142	G	1038	49	1087	0.00004
Aliiglaciecola	1406885	G	527	59	586	0.00002
Ningiella	2751156	G	450	9	459	0.00002
Lacimicrobium	1751872	G	312	7	319	0.00001
Paraneptunicella	2905123	G	264	6	270	0.00001
Saccharobesus	2894574	G	263	3	266	0.00001
Planctobacterium	2200736	G	256	9	265	0.00001
Saliniradius	2661818	G	251	9	260	0.00001
Halioxenophilus	2108524	G	246	9	255	0.00001
Neptunicella	2125985	G	221	9	230	0.00001
Hydrocarboniclastica	2650549	G	150	2	152	0.00001
Brumicola	3160924	G	99	3	102	0.00000
Gayadomonas	1234605	G	32	0	32	0.00000
Thalassotalea	1518149	G	5605	341	5946	0.00021
Colwellia	28228	G	3512	279	3791	0.00014
Thalassomonas	137583	G	1030	21	1051	0.00004
Pseudocolwellia	2848177	G	794	58	852	0.00003
Cognaticolwellia	2848171	G	344	55	399	0.00001
Litorilituus	1407056	G	341	10	351	0.00001
Psychromonas	67572	G	4700	73	4773	0.00017
Idiomarina	135575	G	2359	206	2565	0.00009
Pseudidiomarina	2800384	G	662	36	698	0.00003
Moritella	58050	G	2497	199	2696	0.00010
Ferrimonas	44011	G	1534	42	1576	0.00006
Motilimonas	1914248	G	415	11	426	0.00002
Acinetobacter	469	G	60777	6975	67752	0.00243
Psychrobacter	497	G	7675	125	7800	0.00028
Moraxella	475	G	3766	91	3857	0.00014
Faucicola	1604696	G	1035	61	1096	0.00004
Aquirhabdus	2824158	G	390	2	392	0.00001
Alkanindiges	222991	G	215	19	234	0.00001
Lwoffella	3444169	G	193	15	208	0.00001
Stenotrophomonas	40323	G	29395	1736	31131	0.00112
Xanthomonas	338	G	12680	10296	22976	0.00082
Lysobacter	68	G	4490	60	4550	0.00016
Pseudoxanthomonas	83618	G	3283	108	3391	0.00012
Luteimonas	83614	G	2124	20	2144	0.00008
Thermomonas	141948	G	925	13	938	0.00003
Marilutibacter	3382698	G	605	5	610	0.00002
Xylella	2370	G	511	8	519	0.00002
Agrilutibacter	3382696	G	425	4	429	0.00002
Arenimonas	490567	G	163	1	164	0.00001
Novilysobacter	3382699	G	157	28	185	0.00001
Solilutibacter	3382695	G	130	2	132	0.00000
Pseudoluteimonas	3382694	G	69	0	69	0.00000
Dyella	231454	G	4416	162	4578	0.00016
Luteibacter	242605	G	2333	56	2389	0.00009
Rhodanobacter	75309	G	1570	77	1647	0.00006
Tahibacter	1453544	G	735	5	740	0.00003
Frateuria	70411	G	654	57	711	0.00003
Dokdonella	323413	G	578	9	587	0.00002
Pseudolysobacter	2709666	G	208	0	208	0.00001
Ahniella	2233801	G	168	0	168	0.00001
Aerosticca	2707020	G	114	43	157	0.00001
Metallibacterium	1218803	G	12	0	12	0.00000
Marinicella	863253	G	295	0	295	0.00001
Halomonas	2745	G	10557	1754	12311	0.00044
Vreelandella	3137766	G	3048	1304	4352	0.00016
Kushneria	504090	G	1348	7	1355	0.00005
Cobetia	204286	G	1169	22	1191	0.00004
Salinicola	404432	G	876	54	930	0.00003
Candidatus Carsonella	114185	G	361	5	366	0.00001
Zymobacter	33073	G	240	8	248	0.00001
Chromohalobacter	42054	G	368	27	395	0.00001
Billgrantia	3137761	G	360	165	525	0.00002
Pistricoccus	1897649	G	260	2	262	0.00001
Halotalea	376488	G	234	4	238	0.00001
Marinomonas	28253	G	8321	272	8593	0.00031
Neptuniibacter	459520	G	2290	67	2357	0.00008
Marinobacterium	48075	G	1673	74	1747	0.00006
Aliamphritea	3018276	G	1003	41	1044	0.00004
Neptunomonas	75687	G	948	26	974	0.00003
Thalassolituus	187492	G	933	97	1030	0.00004
Amphritea	515417	G	933	28	961	0.00003
Bacterioplanoides	2066071	G	863	28	891	0.00003
Nitrincola	267849	G	805	38	843	0.00003
Bermanella	599651	G	772	5	777	0.00003
Venatoribacter	2893036	G	431	82	513	0.00002
Bacterioplanes	1537406	G	359	19	378	0.00001
Marinospirillum	64968	G	250	11	261	0.00001
Motiliproteus	1775292	G	114	3	117	0.00000
Endozoicomonas	305899	G	3897	82	3979	0.00014
Alcanivorax	59753	G	895	33	928	0.00003
Alloalcanivorax	3020832	G	868	54	922	0.00003
Isoalcanivorax	3020833	G	194	12	206	0.00001
Hahella	158481	G	1229	24	1253	0.00004
Thermohahella	3449104	G	257	15	272	0.00001
Allohahella	1855402	G	219	1	220	0.00001
Gynuella	1445504	G	639	7	646	0.00002
Saccharospirillum	231683	G	378	7	385	0.00001
Reinekea	230494	G	279	2	281	0.00001
Salinispirillum	1649491	G	253	3	256	0.00001
Aliikangiella	1920241	G	815	0	815	0.00003
Pleionea	1502941	G	203	1	204	0.00001
Marinicellulosiphila	3414216	G	764	9	773	0.00003
Spartinivicinus	2768738	G	601	14	615	0.00002
Oleiphilus	141450	G	535	10	545	0.00002
Pokkaliibacter	2301194	G	281	4	285	0.00001
Litorivicinus	418700	G	131	0	131	0.00000
Haemophilus	724	G	6551	553	7104	0.00025
Mannheimia	75984	G	5181	350	5531	0.00020
Actinobacillus	713	G	4580	457	5037	0.00018
Pasteurella	745	G	4474	671	5145	0.00018
Aggregatibacter	416916	G	2296	141	2437	0.00009
Gallibacterium	155493	G	2026	270	2296	0.00008
Avibacterium	292486	G	1992	160	2152	0.00008
Glaesserella	2094023	G	1700	303	2003	0.00007
Lonepinella	53416	G	1397	18	1415	0.00005
Phocoenobacter	146805	G	1287	531	1818	0.00007
Rodentibacter	1960084	G	1259	43	1302	0.00005
Mergibacter	2899790	G	1257	20	1277	0.00005
Bisgaardia	109471	G	1239	29	1268	0.00005
Bibersteinia	476528	G	821	137	958	0.00003
Histophilus	214906	G	486	72	558	0.00002
Basfia	697331	G	348	12	360	0.00001
Otariodibacter	1249016	G	303	7	310	0.00001
Frederiksenia	1649317	G	241	14	255	0.00001
Testudinibacter	1755672	G	179	3	182	0.00001
Vespertiliibacter	1520333	G	173	4	177	0.00001
Aeromonas	642	G	20386	1768	22154	0.00079
Oceanimonas	129577	G	1215	113	1328	0.00005
Zobellella	347533	G	1084	65	1149	0.00004
Oceanisphaera	225143	G	913	8	921	0.00003
Dongshaea	2802288	G	887	5	892	0.00003
Pseudaeromonas	1929090	G	671	13	684	0.00002
Tolumonas	43947	G	623	40	663	0.00002
Succinivibrio	83770	G	1221	0	1221	0.00004
Legionella	445	G	13711	188	13899	0.00050
Fluoribacter	461	G	470	8	478	0.00002
Rickettsiella	59195	G	5238	9	5247	0.00019
Aquicella	254245	G	1273	0	1273	0.00005
Coxiella	776	G	1061	1049	2110	0.00008
Candidiatus Paracoxiella	3405119	G	761	10	771	0.00003
Thiomicrorhabdus	2039723	G	3299	52	3351	0.00012
Methylophaga	40222	G	2436	105	2541	0.00009
Thiomicrospira	933	G	1070	124	1194	0.00004
Piscirickettsia	1237	G	938	2	940	0.00003
Hydrogenovibrio	28884	G	782	180	962	0.00003
Cycloclasticus	34067	G	356	4	360	0.00001
Thiosulfativibrio	2781120	G	261	3	264	0.00001
Thiosulfatimonas	2781121	G	193	4	197	0.00001
Francisella	262	G	7889	121	8010	0.00029
Allofrancisella	1869285	G	775	20	795	0.00003
Thiothrix	1030	G	1860	4	1864	0.00007
Beggiatoa	1021	G	555	0	555	0.00002
Cysteiniphilum	2056696	G	517	3	520	0.00002
Rheinheimera	67575	G	1935	60	1995	0.00007
Thiorhodovibrio	61593	G	1286	37	1323	0.00005
Thiocystis	13724	G	998	46	1044	0.00004
Allochromatium	85072	G	926	52	978	0.00004
Nitrosococcus	1227	G	923	5	928	0.00003
Candidatus Nitrosacidococcus	2796146	G	922	13	935	0.00003
Thiodictyon	53392	G	645	14	659	0.00002
Thiocapsa	1056	G	590	24	614	0.00002
Thioflavicoccus	156885	G	342	8	350	0.00001
Marichromatium	85076	G	255	27	282	0.00001
Caldichromatium	2828366	G	224	10	234	0.00001
Candidatus Nitrosoglobus	1980513	G	216	5	221	0.00001
Thermochromatium	85073	G	123	6	129	0.00000
Ectothiorhodospira	1051	G	1587	40	1627	0.00006
Thioalkalivibrio	106633	G	1370	39	1409	0.00005
Acidihalobacter	1765964	G	779	14	793	0.00003
Halorhodospira	85108	G	556	0	556	0.00002
Spiribacter	1335745	G	503	4	507	0.00002
Aquisalimonas	406099	G	411	2	413	0.00001
Sediminicurvatus	3383961	G	226	1	227	0.00001
Alkalilimnicola	133193	G	225	6	231	0.00001
Ectothiorhodosinus	233099	G	207	5	212	0.00001
Candidatus Thiodiazotropha	1913444	G	571	10	581	0.00002
Magnetovirga	3425870	G	526	4	530	0.00002
Thiolapillus	1608298	G	247	0	247	0.00001
Sedimenticola	349742	G	235	4	239	0.00001
Candidatus Endoriftia	393764	G	213	10	223	0.00001
Thiosocius	2780488	G	183	2	185	0.00001
Granulosicoccus	437504	G	699	0	699	0.00003
Sulfuriflexus	1860077	G	166	1	167	0.00001
Halothiobacillus	109262	G	611	16	627	0.00002
Wenzhouxiangella	1676142	G	413	4	417	0.00001
Guyparkeria	2035712	G	398	15	413	0.00001
Cellvibrio	10	G	2533	26	2559	0.00009
Teredinibacter	2425	G	1622	21	1643	0.00006
Agaribacterium	2038244	G	1122	11	1133	0.00004
Agarilytica	2036021	G	901	6	907	0.00003
Simiduia	447467	G	748	5	753	0.00003
Saccharophagus	316625	G	388	10	398	0.00001
Gilvimarinus	940550	G	386	4	390	0.00001
Maricurvus	1122283	G	310	1	311	0.00001
Marinimicrobium	359337	G	236	7	243	0.00001
Marinagarivorans	1792291	G	233	8	241	0.00001
Microbulbifer	48073	G	7418	63	7481	0.00027
Halioglobus	1217416	G	514	4	518	0.00002
Congregibacter	393661	G	496	30	526	0.00002
Luminiphilus	1341118	G	294	0	294	0.00001
Kineobactrum	2678529	G	285	1	286	0.00001
Aequoribacter	2847769	G	150	4	154	0.00001
Candidatus Paraluminiphilus	3040948	G	140	1	141	0.00001
Spongiibacter	630749	G	988	56	1044	0.00004
Oceanicoccus	1084558	G	406	1	407	0.00001
Zhongshania	1434050	G	250	5	255	0.00001
Porticoccus	1123967	G	191	1	192	0.00001
Methylomonas	416	G	6292	54	6346	0.00023
Methylococcus	413	G	1907	35	1942	0.00007
Methylocaldum	73778	G	1538	25	1563	0.00006
Methylobacter	429	G	1498	61	1559	0.00006
Methylotuvimicrobium	2822410	G	1123	45	1168	0.00004
Methylomicrobium	39773	G	675	20	695	0.00002
Methylomagnum	1760987	G	470	3	473	0.00002
Methylogaea	1295378	G	351	7	358	0.00001
Methyloprofundus	1565313	G	277	3	280	0.00001
Candidatus Methylospira	1808977	G	265	6	271	0.00001
Methylovulum	762296	G	258	2	260	0.00001
Methylomarinum	1221209	G	236	11	247	0.00001
Candidatus Methylocalor	3135206	G	204	0	204	0.00001
Methylomarinovum	1486720	G	463	1	464	0.00002
Gilliamella	1193503	G	5026	348	5374	0.00019
Orbus	743714	G	3185	86	3271	0.00012
Frischella	1335631	G	1018	159	1177	0.00004
Zophobihabitans	2894762	G	557	13	570	0.00002
Utexia	3373510	G	262	9	271	0.00001
Candidatus Pseudothioglobus	2841677	G	2379	15	2394	0.00009
Candidatus Thioglobus	655184	G	905	14	919	0.00003
Candidatus Thiodubiliella	2738885	G	606	8	614	0.00002
Candidatus Vesicomyidisocius	2732587	G	524	0	524	0.00002
Candidatus Ruthturnera	1541743	G	223	1122	1345	0.00005
Candidatus Vondammii	2686004	G	139	0	139	0.00000
Candidatus Palibaumannia	198346	G	524	1	525	0.00002
Celerinatantimonas	412033	G	478	1	479	0.00002
Candidatus Nardonella	204619	G	303	7	310	0.00001
Candidatus Reidiella	2738850	G	241	0	241	0.00001
Candidatus Steffania	1076625	G	168	0	168	0.00001
Candidatus Azoamicus	2817383	G	26	0	26	0.00000
Hydrocarboniphaga	243627	G	1110	9	1119	0.00004
Sinimarinibacterium	1861863	G	621	37	658	0.00002
Solimonas	413435	G	558	3	561	0.00002
Nevskia	64001	G	391	4	395	0.00001
Flagellatimonas	2893022	G	311	3	314	0.00001
Algiphilus	1266053	G	365	9	374	0.00001
Ignatzschineria	112008	G	1011	8	1019	0.00004
Wohlfahrtiimonas	582472	G	637	43	680	0.00002
Cardiobacterium	2717	G	715	7	722	0.00003
Suttonella	13275	G	232	0	232	0.00001
Dichelobacter	869	G	190	19	209	0.00001
Kangiella	261963	G	1873	16	1889	0.00007
Acidiferrobacter	986106	G	365	4	369	0.00001
Sulfuricaulis	1744881	G	277	9	286	0.00001
Sulfurifustis	1692042	G	185	5	190	0.00001
Candidatus Portiera	235572	G	733	6	739	0.00003
Candidatus Spongiihabitans	3033996	G	674	0	674	0.00002
Thiohalobacter	1273155	G	572	1	573	0.00002
Salinisphaera	180541	G	487	454	941	0.00003
Sulfurivermis	2034504	G	214	19	233	0.00001
Steroidobacter	469322	G	183	6	189	0.00001
Immundisolibacter	1934947	G	181	4	185	0.00001
Candidatus Rariloculus ( ex Nguyen 2022)	2978114	G	174	0	174	0.00001
Woeseia	1738655	G	147	0	147	0.00001
Candidatus Comchoanobacter	2975286	G	93	0	93	0.00000
Bradyrhizobium	374	G	225286	12428	237714	0.00852
Tardiphaga	1395974	G	10052	649	10701	0.00038
Rhodopseudomonas	1073	G	9958	1942	11900	0.00043
Rugositalea	3466653	G	6551	166	6717	0.00024
Nitrobacter	911	G	2977	134	3111	0.00011
Afipia	1033	G	2969	1554	4523	0.00016
Variibacter	1649510	G	1538	37	1575	0.00006
Rhizobium	379	G	47347	5431	52778	0.00189
Agrobacterium	357	G	21134	20151	41285	0.00148
Neorhizobium	1525371	G	9676	2996	12672	0.00045
Pararhizobium	1612611	G	3583	763	4346	0.00016
Allorhizobium	78526	G	600	199	799	0.00003
Pseudorhizobium	1903858	G	409	157	566	0.00002
Sinorhizobium	28105	G	9374	1475	10849	0.00039
Ensifer	106591	G	4672	563	5235	0.00019
Shinella	323620	G	4850	2897	7747	0.00028
Hoeflea	274591	G	2404	307	2711	0.00010
Terrirhizobium	3464117	G	1108	122	1230	0.00004
Liberibacter	34019	G	978	37	1015	0.00004
Georhizobium	2661800	G	635	60	695	0.00002
Peteryoungia	2853332	G	634	65	699	0.00003
Lentilitoribacter	1649463	G	426	5	431	0.00002
Ciceribacter	1648508	G	388	94	482	0.00002
Mesorhizobium	68287	G	35248	2702	37950	0.00136
Aminobacter	31988	G	3185	1539	4724	0.00017
Nitratireductor	245876	G	3097	753	3850	0.00014
Phyllobacterium	28100	G	2536	122	2658	0.00010
Aquibium	2911176	G	1187	139	1326	0.00005
Chelativorans	449972	G	508	133	641	0.00002
Terribium	3143704	G	408	126	534	0.00002
Methylobacterium	407	G	23627	2103	25730	0.00092
Microvirga	186650	G	6746	259	7005	0.00025
Methylorubrum	2282523	G	3457	1115	4572	0.00016
Methylocystis	133	G	17466	785	18251	0.00065
Methylosinus	425	G	2064	119	2183	0.00008
Pseudolabrys	556257	G	7506	464	7970	0.00029
Ancylobacter	99	G	4480	503	4983	0.00018
Xanthobacter	279	G	1963	327	2290	0.00008
Labrys	204476	G	1919	130	2049	0.00007
Starkeya	152053	G	840	53	893	0.00003
Azorhizobium	6	G	674	64	738	0.00003
Aquabacter	45402	G	674	25	699	0.00003
Devosia	46913	G	12026	551	12577	0.00045
Pelagibacterium	1082930	G	1921	293	2214	0.00008
Paradevosia	1573407	G	1042	198	1240	0.00004
Mariluticola	3064792	G	379	8	387	0.00001
Maritalea	623276	G	208	3	211	0.00001
Reyranella	445219	G	13911	366	14277	0.00051
Roseibium	150830	G	5199	1456	6655	0.00024
Stappia	152161	G	2563	961	3524	0.00013
Breoghania	1406135	G	1488	76	1564	0.00006
Pannonibacter	227873	G	1471	2490	3961	0.00014
Labrenzia	478070	G	729	485	1214	0.00004
Pseudovibrio	258255	G	452	15	467	0.00002
Bosea	85413	G	12422	598	13020	0.00047
Methylocapsa	184923	G	7431	572	8003	0.00029
Methylovirgula	1156568	G	1923	75	1998	0.00007
Methylocella	120652	G	1265	57	1322	0.00005
Beijerinckia	532	G	486	27	513	0.00002
Aureimonas	414371	G	5460	1297	6757	0.00024
Martelella	293088	G	1687	564	2251	0.00008
Antarcticirhabdus	3042730	G	706	87	793	0.00003
Aurantimonas	182269	G	471	58	529	0.00002
Jiella	1775688	G	437	27	464	0.00002
Bartonella	773	G	8474	255	8729	0.00031
Hyphomicrobium	81	G	5420	153	5573	0.00020
Methyloceanibacter	1484898	G	1250	27	1277	0.00005
Rhodomicrobium	1068	G	717	24	741	0.00003
Methyloligella	1485594	G	598	21	619	0.00002
Filomicrobium	119044	G	308	19	327	0.00001
Brucella	234	G	4619	3062	7681	0.00028
Ochrobactrum	528	G	431	279	710	0.00003
Pseudochrobactrum	354349	G	1895	263	2158	0.00008
Enhydrobacter	212791	G	2009	72	2081	0.00007
Pseudorhodoplanes	1734920	G	1993	53	2046	0.00007
Nordella	169055	G	1977	27	2004	0.00007
Terrihabitans	2874214	G	453	18	471	0.00002
Candidatus Endowatersipora	376743	G	442	3	445	0.00002
Candidatus Hodgkinia	573657	G	92	0	92	0.00000
Aestuariivirga	2650923	G	6052	152	6204	0.00022
Alsobacter	1502180	G	3056	262	3318	0.00012
Phreatobacter	1632780	G	2870	181	3051	0.00011
Pyruvatibacter	1742974	G	671	34	705	0.00003
Parvibaculum	256616	G	544	251	795	0.00003
Kaustia	2838250	G	523	20	543	0.00002
Anderseniella	444432	G	358	3	361	0.00001
Tepidicaulis	1742977	G	329	343	672	0.00002
Candidatus Phaeomarinibacter	1541445	G	214	2	216	0.00001
Oricola	1594166	G	1228	148	1376	0.00005
Roseitalea	1915401	G	453	35	488	0.00002
Oceaniradius	2679892	G	378	375	753	0.00003
Ahrensia	152180	G	281	2	283	0.00001
Pleomorphomonas	261933	G	1349	332	1681	0.00006
Hartmannibacter	1572860	G	666	148	814	0.00003
Chenggangzhangella	2041902	G	1841	86	1927	0.00007
Acuticoccus	1904377	G	1686	53	1739	0.00006
Chelatococcus	28209	G	1650	161	1811	0.00006
Kaistia	166953	G	1160	128	1288	0.00005
Bauldia	1145345	G	426	7	433	0.00002
Rhodoligotrophos	987053	G	1410	22	1432	0.00005
Blastochloris	59282	G	1363	107	1470	0.00005
Cohaesibacter	655352	G	1152	33	1185	0.00004
Terrirubrum	3142786	G	1032	23	1055	0.00004
Salinarimonas	690086	G	830	70	900	0.00003
Methyloraptor	3382645	G	785	71	856	0.00003
Lichenihabitans	2723776	G	747	13	760	0.00003
Afifella	643217	G	459	94	553	0.00002
Salaquimonas	2712688	G	308	5	313	0.00001
Coralliovum	3228940	G	283	5	288	0.00001
Paracoccus	265	G	16339	4835	21174	0.00076
Tabrizicola	1443919	G	9968	2067	12035	0.00043
Cereibacter	1653176	G	3822	673	4495	0.00016
Thioclava	285107	G	2481	313	2794	0.00010
Neotabrizicola	2946607	G	2387	624	3011	0.00011
Tritonibacter	2083206	G	1584	898	2482	0.00009
Pseudogemmobacter	2663134	G	1581	85	1666	0.00006
Paragemmobacter	3143992	G	1574	324	1898	0.00007
Pseudooceanicola	1679449	G	1570	156	1726	0.00006
Yoonia	2211641	G	1486	182	1668	0.00006
Fuscovulum	2818469	G	1373	304	1677	0.00006
Gemmobacter	204456	G	1340	289	1629	0.00006
Rhodovulum	34008	G	1271	149	1420	0.00005
Limimaricola	2211638	G	1003	245	1248	0.00004
Roseinatronobacter	121820	G	838	21	859	0.00003
Frigidibacter	1775705	G	817	442	1259	0.00005
Albidovulum	205889	G	794	27	821	0.00003
Pelagovum	2795377	G	684	98	782	0.00003
Gymnodinialimonas	2937410	G	665	20	685	0.00002
Marivivens	1759396	G	653	81	734	0.00003
Pacificitalea	2846749	G	620	242	862	0.00003
Aliiroseovarius	1658781	G	618	47	665	0.00002
Silicimonas	1955420	G	559	12	571	0.00002
Parasedimentitalea	2738399	G	547	22	569	0.00002
Paroceanicella	2683599	G	537	211	748	0.00003
Falsirhodobacter	1434002	G	536	45	581	0.00002
Vannielia	2813041	G	533	15	548	0.00002
Pontivivens	1844015	G	482	58	540	0.00002
Pseudorhodobacter	238783	G	478	21	499	0.00002
Pseudophaeobacter	1541822	G	453	232	685	0.00002
Marinibacterium	1931200	G	447	40	487	0.00002
Polymorphum	991903	G	445	288	733	0.00003
Haematobacter	366614	G	444	680	1124	0.00004
Profundibacter	2778525	G	433	7	440	0.00002
Qingshengfaniella	2816884	G	428	19	447	0.00002
Pseudoroseicyclus	1813601	G	425	18	443	0.00002
Roseicitreum	1209946	G	401	5	406	0.00001
Cognatishimia	2211635	G	383	15	398	0.00001
Nioella	1775424	G	363	13	376	0.00001
Pikeienuella	2831955	G	356	87	443	0.00002
Brevirhabdus	1855413	G	353	334	687	0.00002
Abyssibius	3029205	G	348	32	380	0.00001
Pukyongiella	2831925	G	348	142	490	0.00002
Arenibacterium	2824249	G	343	101	444	0.00002
Amaricoccus	56999	G	341	31	372	0.00001
Pseudopelagicola	1649483	G	294	3	297	0.00001
Fontisubflavum	3118803	G	284	4	288	0.00001
Aquicoccus	2055850	G	252	12	264	0.00001
Aestuariibius	2109360	G	232	6	238	0.00001
Algicella	3050722	G	219	4	223	0.00001
Planktomarina	1284657	G	192	8	200	0.00001
Amylibacter	1617805	G	163	3	166	0.00001
Sulfitobacter	60136	G	6570	1861	8431	0.00030
Roseovarius	74030	G	4982	683	5665	0.00020
Leisingera	191028	G	2695	292	2987	0.00011
Phaeobacter	302485	G	2415	715	3130	0.00011
Ruegeria	97050	G	1930	494	2424	0.00009
Pseudosulfitobacter	2854186	G	1662	914	2576	0.00009
Thalassovita	335927	G	1499	72	1571	0.00006
Jannaschia	188905	G	1357	40	1397	0.00005
Celeribacter	875170	G	1309	670	1979	0.00007
Roseobacter	2433	G	1236	40	1276	0.00005
Salipiger	263377	G	1172	686	1858	0.00007
Alloyangia	2919626	G	1055	72	1127	0.00004
Octadecabacter	53945	G	951	140	1091	0.00004
Roseicyclus	336277	G	948	21	969	0.00003
Mameliella	1434019	G	875	136	1011	0.00004
Roseivivax	93682	G	874	119	993	0.00004
Sagittula	58842	G	867	260	1127	0.00004
Tateyamaria	299261	G	759	21	780	0.00003
Ketogulonicigenium	92944	G	698	151	849	0.00003
Rhodophyticola	2680018	G	589	10	599	0.00002
Marinovum	367771	G	554	150	704	0.00003
Dinoroseobacter	309512	G	504	409	913	0.00003
Palleronia	315422	G	502	12	514	0.00002
Actibacterium	1433986	G	485	482	967	0.00003
Shimia	573139	G	447	27	474	0.00002
Antarctobacter	74032	G	432	11	443	0.00002
Seohaeicola	481178	G	421	12	433	0.00002
Oceanicola	252301	G	409	14	423	0.00002
Loktanella	245186	G	399	17	416	0.00001
Tropicibacter	599653	G	394	17	411	0.00001
Pelagimonas	1434029	G	388	28	416	0.00001
Falsihalocynthiibacter	2854182	G	367	9	376	0.00001
Nereida	282198	G	360	0	360	0.00001
Ponticoccus	983507	G	357	41	398	0.00001
Thalassococcus	436357	G	354	4	358	0.00001
Thalassobacter	266808	G	326	7	333	0.00001
Marivita	659428	G	293	10	303	0.00001
Algirhabdus	3412738	G	292	3	295	0.00001
Aliisedimentitalea	1697958	G	251	32	283	0.00001
Lentibacter	1434014	G	122	14	136	0.00000
Rhodobacter	1060	G	3080	347	3427	0.00012
Sphingomonas	13687	G	19552	2879	22431	0.00080
Novosphingobium	165696	G	7758	1587	9345	0.00033
Sphingosinithalassobacter	2676233	G	318	6	324	0.00001
Hankyongella	1763827	G	281	26	307	0.00001
Stakelama	1124625	G	248	19	267	0.00001
Tardibacter	2685927	G	149	205	354	0.00001
Parablastomonas	1654718	G	123	6	129	0.00000
Alterisphingorhabdus (ex Yan et al. 2024)	3382518	G	120	0	120	0.00000
Citromicrobium	72173	G	111	16	127	0.00000
Erythrobacter	1041	G	2871	253	3124	0.00011
Porphyrobacter	1111	G	1125	212	1337	0.00005
Qipengyuania	1855416	G	2750	329	3079	0.00011
Altererythrobacter	361177	G	1285	95	1380	0.00005
Croceicoccus	1295327	G	1035	239	1274	0.00005
Croceibacterium	2676755	G	672	56	728	0.00003
Tsuneonella	2800686	G	578	42	620	0.00002
Aurantiacibacter	2800681	G	484	25	509	0.00002
Caenibius	2827482	G	445	62	507	0.00002
Parerythrobacter	2800684	G	378	26	404	0.00001
Pelagerythrobacter	2800685	G	370	67	437	0.00002
Pseudoblastomonas	3423750	G	283	31	314	0.00001
Paraurantiacibacter	2800682	G	118	2	120	0.00000
Sphingobium	165695	G	7153	3863	11016	0.00039
Sphingopyxis	165697	G	4893	753	5646	0.00020
Sphingorhabdus	1434046	G	1714	21	1735	0.00006
Parasphingorhabdus	2709685	G	1338	16	1354	0.00005
Novosphingopyxis	2709686	G	477	55	532	0.00002
Sphingosinicella	335405	G	848	124	972	0.00003
Polymorphobacter	1508451	G	491	55	546	0.00002
Glacieibacterium	2860235	G	351	42	393	0.00001
Sandaracinobacteroides	2883109	G	187	4	191	0.00001
Rhizorhabdus	1649486	G	683	367	1050	0.00004
Alterirhizorhabdus	3423723	G	210	6	216	0.00001
Sphingomicrobium	1227948	G	563	20	583	0.00002
Allosphingosinicella	2823232	G	244	5	249	0.00001
Zymomonas	541	G	570	108	678	0.00002
Blastomonas	150203	G	567	15	582	0.00002
Parasphingopyxis	1234545	G	402	4	406	0.00001
Aquisediminimonas	2676781	G	209	0	209	0.00001
Azospirillum	191	G	7076	316	7392	0.00026
Skermanella	204447	G	1689	506	2195	0.00008
Niveispirillum	1543704	G	854	142	996	0.00004
Nitrospirillum	1543705	G	674	48	722	0.00003
Indioceanicola	2478349	G	305	18	323	0.00001
Ferrovibrio	1231242	G	1473	33	1506	0.00005
Magnetospirillum	13134	G	1444	350	1794	0.00006
Rhodospirillum	1081	G	769	48	817	0.00003
Pararhodospirillum	1612157	G	463	14	477	0.00002
Defluviicoccus	111830	G	309	35	344	0.00001
Aerophototrophica	2811387	G	308	11	319	0.00001
Candidatus Endolissoclinum	1263978	G	263	0	263	0.00001
Thalassospira	168934	G	3268	87	3355	0.00012
Magnetospira	1182780	G	363	5	368	0.00001
Pelagibius	643951	G	908	18	926	0.00003
Algihabitans	2821512	G	694	16	710	0.00003
Nisaea	390876	G	719	94	813	0.00003
Thalassobaculum	526215	G	648	66	714	0.00003
Terasakiella	196080	G	1303	49	1352	0.00005
Hypericibacter	2705399	G	1279	64	1343	0.00005
Stella	93	G	785	22	807	0.00003
Hwanghaeella	2605940	G	290	8	298	0.00001
Aestuariispira	1647175	G	280	18	298	0.00001
Caenispirillum	414051	G	363	22	385	0.00001
Haematospirillum	1804663	G	208	5	213	0.00001
Paramagnetospirillum	3031148	G	381	205	586	0.00002
Zavarzinia	204446	G	357	7	364	0.00001
Varunaivibrio	1866954	G	261	4	265	0.00001
Acetobacter	434	G	2626	287	2913	0.00010
Komagataeibacter	1434011	G	2091	328	2419	0.00009
Gluconobacter	441	G	1377	289	1666	0.00006
Lichenicola	2804525	G	698	15	713	0.00003
Rhodovastum	504465	G	602	14	616	0.00002
Asaia	91914	G	511	67	578	0.00002
Granulibacter	364409	G	440	20	460	0.00002
Lichenicoccus	2781897	G	422	11	433	0.00002
Pararoseomonas	2870712	G	368	74	442	0.00002
Rhodopila	1070	G	365	7	372	0.00001
Gluconacetobacter	89583	G	359	23	382	0.00001
Kozakia	153497	G	348	54	402	0.00001
Commensalibacter	1079922	G	335	11	346	0.00001
Swingsia	1649499	G	311	51	362	0.00001
Nguyenibacter	1519186	G	309	14	323	0.00001
Acidibrevibacterium	2603324	G	308	34	342	0.00001
Novacetimonas	2919364	G	263	33	296	0.00001
Aristophania	3027666	G	217	7	224	0.00001
Entomobacter	2811380	G	211	5	216	0.00001
Neoasaia	320496	G	184	11	195	0.00001
Formicincola	2952773	G	169	2	171	0.00001
Parasaccharibacter	1602345	G	144	4	148	0.00001
Candidatus Kirkpatrickella	3097638	G	118	4	122	0.00000
Oecophyllibacter	2791118	G	67	0	67	0.00000
Neokomagataea	1223423	G	64	5	69	0.00000
Roseomonas	125216	G	3878	772	4650	0.00017
Sediminicoccus	1706033	G	1357	115	1472	0.00005
Muricoccus	3409995	G	587	31	618	0.00002
Dankookia	1940143	G	542	30	572	0.00002
Roseococcus	35812	G	421	47	468	0.00002
Humitalea	1223303	G	413	11	424	0.00002
Acidisoma	512381	G	509	7	516	0.00002
Acidocella	50709	G	480	18	498	0.00002
Acidiphilium	522	G	378	13	391	0.00001
Elioraea	457933	G	257	3	260	0.00001
Rickettsia	780	G	4138	425	4563	0.00016
Candidatus Tisiphia	2996317	G	1778	241	2019	0.00007
Orientia	69474	G	914	2	916	0.00003
Candidatus Trichorickettsia	1522201	G	619	11	630	0.00002
Candidatus Sneabacter	2601645	G	100	0	100	0.00000
Candidatus Megaera	1742636	G	188	2	190	0.00001
Candidatus Phycorickettsia	2115980	G	181	0	181	0.00001
Wolbachia	953	G	4660	151	4811	0.00017
Ehrlichia	943	G	1836	33	1869	0.00007
Candidatus Mesenet	2883098	G	650	17	667	0.00002
Anaplasma	768	G	451	8	459	0.00002
Neorickettsia	33993	G	291	30	321	0.00001
Candidatus Neoehrlichia	467749	G	289	10	299	0.00001
Candidatus Bandiella	2716172	G	527	1	528	0.00002
Candidatus Lariskella	1175554	G	281	3	284	0.00001
Candidatus Midichloria	411566	G	125	1	126	0.00000
Candidatus Fokinia	1802983	G	125	435	560	0.00002
Candidatus Deianiraea	2603321	G	349	0	349	0.00001
Brevundimonas	41275	G	8631	1489	10120	0.00036
Caulobacter	75	G	4394	307	4701	0.00017
Asticcacaulis	76890	G	2589	120	2709	0.00010
Phenylobacterium	20	G	1667	118	1785	0.00006
Terricaulis	2768684	G	263	6	269	0.00001
Candidatus Pelagibacter	198251	G	8462	43	8505	0.00030
Candidatus Fonsibacter	2045213	G	219	0	219	0.00001
Hyphobacterium	2004661	G	819	334	1153	0.00004
Oceanicaulis	153232	G	630	25	655	0.00002
Maricaulis	74317	G	582	21	603	0.00002
Glycocaulis	1433402	G	452	89	541	0.00002
Marinicauda	1649466	G	357	128	485	0.00002
Litorimonas	1167830	G	677	5	682	0.00002
Fretibacter	1649331	G	218	1	219	0.00001
Algimonas	1246884	G	139	1	140	0.00001
Tistrella	171436	G	2024	744	2768	0.00010
Marinivivus	3457535	G	506	14	520	0.00002
Hyphomonas	85	G	1374	206	1580	0.00006
Hirschia	2723	G	683	4	687	0.00002
Candidatus Viadribacter	2892997	G	289	5	294	0.00001
Candidatus Cytomitobacter	2601574	G	583	9	592	0.00002
Candidatus Bealeia	1920992	G	220	222	442	0.00002
Candidatus Nesciobacter	2601651	G	194	0	194	0.00001
Candidatus Gromoviella	2900571	G	83	0	83	0.00000
Candidatus Hydrogenosomobacter	2654634	G	44	0	44	0.00000
Candidatus Nucleicultrix	1509243	G	500	18	518	0.00002
Candidatus Odyssella	84646	G	318	0	318	0.00001
Candidatus Bodocaedibacter	3163645	G	124	0	124	0.00000
Candidatus Paracaedibacter	1521255	G	13	0	13	0.00000
Kordiimonas	288021	G	1260	27	1287	0.00005
Temperatibacter	1549129	G	441	4	445	0.00002
Gimibacter	3058346	G	333	6	339	0.00001
Hyphococcus	2038635	G	1070	7	1077	0.00004
Parvularcula	208215	G	441	83	524	0.00002
Aquisalinus	1795639	G	309	6	315	0.00001
Pseudemcibacter	2943291	G	453	9	462	0.00002
Emcibacter	1602338	G	419	8	427	0.00002
Paremcibacter	2813804	G	394	8	402	0.00001
Luteithermobacter	2813803	G	229	8	237	0.00001
Minwuia	2493629	G	1298	20	1318	0.00005
Candidatus Levibacter	3457288	G	473	4	477	0.00002
Candidatus Puniceispirillum	767891	G	169	6	175	0.00001
Candidatus Ponderosibacter	3457287	G	120	1	121	0.00000
Radicibacter	3462474	G	677	23	700	0.00003
Sneathiella	510690	G	593	315	908	0.00003
Burkholderia	32008	G	15881	18071	33952	0.00122
Paraburkholderia	1822464	G	14324	418	14742	0.00053
Cupriavidus	106589	G	11758	1151	12909	0.00046
Polynucleobacter	44013	G	9858	42	9900	0.00035
Ralstonia	48736	G	3948	337	4285	0.00015
Caballeronia	1827195	G	3825	281	4106	0.00015
Pandoraea	93217	G	2995	189	3184	0.00011
Robbsia	2038280	G	723	12	735	0.00003
Limnobacter	131079	G	722	11	733	0.00003
Candidatus Vallotiella	2018044	G	611	11	622	0.00002
Trinickia	2571160	G	563	15	578	0.00002
Mycoavidus	1810868	G	531	6	537	0.00002
Mycetohabitans	2571159	G	437	5	442	0.00002
Pararobbsia	2718863	G	293	5	298	0.00001
Lautropia	47670	G	214	9	223	0.00001
Ephemeroptericola	2680021	G	203	6	209	0.00001
Imbroritus	3422601	G	146	25	171	0.00001
Variovorax	34072	G	12178	1010	13188	0.00047
Comamonas	283	G	6868	1100	7968	0.00029
Acidovorax	12916	G	5995	1366	7361	0.00026
Rhodoferax	28065	G	4595	250	4845	0.00017
Hydrogenophaga	47420	G	4283	618	4901	0.00018
Polaromonas	52972	G	2855	85	2940	0.00011
Diaphorobacter	238749	G	2577	1275	3852	0.00014
Delftia	80865	G	1972	949	2921	0.00010
Ottowia	219181	G	1887	191	2078	0.00007
Paracidovorax	3051137	G	1161	382	1543	0.00006
Ramlibacter	174951	G	1141	71	1212	0.00004
Limnohabitans	665874	G	1041	35	1076	0.00004
Alicycliphilus	201096	G	831	767	1598	0.00006
Melaminivora	1649468	G	407	88	495	0.00002
Verminephrobacter	364316	G	363	7	370	0.00001
Simplicispira	352450	G	361	72	433	0.00002
Hylemonella	232523	G	300	11	311	0.00001
Serpentinimonas	2490452	G	289	14	303	0.00001
Vandammella	2919468	G	279	7	286	0.00001
Curvibacter	281915	G	275	64	339	0.00001
Pulveribacter	2678886	G	242	31	273	0.00001
Candidatus Symbiobacter	1436289	G	203	0	203	0.00001
Paenacidovorax	3051138	G	202	34	236	0.00001
Brachymonas	28219	G	163	13	176	0.00001
Massilia	149698	G	7205	823	8028	0.00029
Pseudoduganella	1522432	G	4298	545	4843	0.00017
Duganella	75654	G	1390	151	1541	0.00006
Telluria	34069	G	560	189	749	0.00003
Rugamonas	212744	G	353	68	421	0.00002
Janthinobacterium	29580	G	4578	458	5036	0.00018
Herbaspirillum	963	G	4378	255	4633	0.00017
Undibacterium	401469	G	1965	67	2032	0.00007
Oxalobacter	846	G	1378	58	1436	0.00005
Collimonas	202907	G	1317	50	1367	0.00005
Noviherbaspirillum	1344552	G	901	39	940	0.00003
Glaciimonas	1229970	G	690	31	721	0.00003
Herminiimonas	303379	G	302	10	312	0.00001
Actimicrobium	1051898	G	168	12	180	0.00001
Candidatus Zinderia	884214	G	117	4	121	0.00000
Achromobacter	222	G	8087	821	8908	0.00032
Bordetella	517	G	6099	824	6923	0.00025
Alcaligenes	507	G	2667	276	2943	0.00011
Pigmentiphaga	152267	G	1538	86	1624	0.00006
Castellaniella	359336	G	906	92	998	0.00004
Advenella	290425	G	848	33	881	0.00003
Oligella	90243	G	744	35	779	0.00003
Taylorella	29574	G	730	10	740	0.00003
Orrella	1921582	G	551	48	599	0.00002
Pelistega	106146	G	537	16	553	0.00002
Neopusillimonas	2987605	G	524	72	596	0.00002
Pollutimonas	2987599	G	397	59	456	0.00002
Kerstersia	257820	G	340	31	371	0.00001
Parapusillimonas	1403714	G	292	98	390	0.00001
Pusillimonas	305976	G	281	27	308	0.00001
Basilea	1472344	G	258	6	264	0.00001
Ampullimonas	1920247	G	229	27	256	0.00001
Paralcaligenes	1148163	G	202	3	205	0.00001
Paenalcaligenes	1100891	G	199	27	226	0.00001
Roseateles	93681	G	4287	249	4536	0.00016
Piscinibacter	1114981	G	1540	89	1629	0.00006
Caldimonas	196013	G	1037	193	1230	0.00004
Rubrivivax	28067	G	1025	84	1109	0.00004
Methylibium	316612	G	858	94	952	0.00003
Sphaerotilus	34102	G	750	103	853	0.00003
Aquincola	391952	G	524	104	628	0.00002
Leptothrix	88	G	372	33	405	0.00001
Ideonella	36862	G	343	159	502	0.00002
Inhella	644355	G	176	10	186	0.00001
Thiomonas	32012	G	880	4024	4904	0.00018
Xylophilus	54066	G	744	60	804	0.00003
Aquabacterium	92793	G	654	53	707	0.00003
Tepidimonas	114248	G	427	490	917	0.00003
Rhizobacter	212743	G	361	21	382	0.00001
Eleftheria	1597779	G	245	14	259	0.00001
Piscinibacterium	2066914	G	234	3	237	0.00001
Candidatus Ichthyocystis	2929841	G	204	0	204	0.00001
Sutterella	40544	G	803	7	810	0.00003
Turicimonas	1918598	G	342	3	345	0.00001
Duodenibacillus	1980697	G	333	2	335	0.00001
Neisseria	482	G	10393	992	11385	0.00041
Snodgrassella	1193515	G	1906	63	1969	0.00007
Kingella	32257	G	1304	160	1464	0.00005
Vitreoscilla	59	G	892	38	930	0.00003
Wielerella	2944815	G	533	39	572	0.00002
Aquella	2593687	G	515	4	519	0.00002
Conchiformibius	334107	G	482	16	498	0.00002
Alysiella	194195	G	463	38	501	0.00002
Eikenella	538	G	361	53	414	0.00001
Uruburuella	299568	G	347	18	365	0.00001
Simonsiella	71	G	206	17	223	0.00001
Crenobacter	1654931	G	204	18	222	0.00001
Paralysiella	2898489	G	170	10	180	0.00001
Bergeriella	334108	G	130	25	155	0.00001
Morococcus	212742	G	27	200	227	0.00001
Chromobacterium	535	G	4237	223	4460	0.00016
Paludibacterium	400060	G	1248	31	1279	0.00005
Aquitalea	407217	G	1151	83	1234	0.00004
Vogesella	57739	G	498	30	528	0.00002
Pseudogulbenkiania	568394	G	186	16	202	0.00001
Chitinibacter	230666	G	1259	124	1383	0.00005
Deefgea	400947	G	970	58	1028	0.00004
Chitiniphilus	585890	G	709	94	803	0.00003
Jeongeupia	885864	G	630	30	660	0.00002
Silvimonas	300264	G	590	9	599	0.00002
Chitinimonas	240411	G	473	18	491	0.00002
Iodobacter	32014	G	449	70	519	0.00002
Chitinolyticbacter	1055692	G	383	18	401	0.00001
Laribacter	168470	G	570	289	859	0.00003
Microvirgula	57479	G	337	12	349	0.00001
Aquaspirillum	187	G	233	8	241	0.00001
Candidatus Methylopumilus	1679002	G	2231	79	2310	0.00008
Methylotenera	359407	G	752	15	767	0.00003
Methylophilus	16	G	679	8	687	0.00002
Methylobacillus	404	G	353	47	400	0.00001
Methylovorus	81682	G	318	5	323	0.00001
Methyloradius	2872156	G	191	4	195	0.00001
Nitrosomonas	914	G	2128	123	2251	0.00008
Nitrosospira	35798	G	1447	15	1462	0.00005
Denitratisoma	311181	G	535	179	714	0.00003
Sterolibacterium	157591	G	481	41	522	0.00002
Methyloversatilis	378210	G	476	17	493	0.00002
Sulfuricystis	3050898	G	435	46	481	0.00002
Sulfuritalea	1054211	G	388	17	405	0.00001
Rugosibacter	1914449	G	163	14	177	0.00001
Sideroxydans	314343	G	589	25	614	0.00002
Candidatus Nitrotoga	453161	G	472	18	490	0.00002
Ferrigenium	2249462	G	377	18	395	0.00001
Gallionella	96	G	273	13	286	0.00001
Sideroxyarcus	2943286	G	209	16	225	0.00001
Ferriphaselus	1443590	G	165	9	174	0.00001
Sulfuriferula	1778653	G	1457	79	1536	0.00006
Sulfurimicrobium	2772198	G	406	31	437	0.00002
Sulfuricella	935200	G	193	19	212	0.00001
Thiobacillus	919	G	815	46	861	0.00003
Sulfuritortus	1938335	G	253	94	347	0.00001
Usitatibacter	2803845	G	841	9	850	0.00003
Thauera	33057	G	1946	498	2444	0.00009
Azoarcus	12960	G	1714	199	1913	0.00007
Nitrogeniibacter	2891294	G	543	14	557	0.00002
Parazoarcus	2891322	G	484	57	541	0.00002
Pseudazoarcus	2891323	G	201	12	213	0.00001
Pseudothauera	2891324	G	146	24	170	0.00001
Aromatoleum	551759	G	1269	141	1410	0.00005
Niveibacterium	1769726	G	1074	39	1113	0.00004
Azospira	146937	G	891	137	1028	0.00004
Oryzomicrobium	1911577	G	486	37	523	0.00002
Dechloromonas	73029	G	1518	269	1787	0.00006
Ferribacterium	88875	G	952	41	993	0.00004
Azonexus	146936	G	523	196	719	0.00003
Quatrionicoccus	138117	G	390	41	431	0.00002
Fluviibacter	2808942	G	394	23	417	0.00001
Candidatus Kinetoplastidibacterium	33055	G	1858	70	1928	0.00007
Candidatus Profftella	1381133	G	522	8	530	0.00002
Candidatus Accumulibacter	327159	G	369	24	393	0.00001
Casimicrobium	2706000	G	310	38	348	0.00001
Chitinivorax	1433992	G	224	19	243	0.00001
Candidatus Nasuia	1301080	G	83	0	83	0.00000
Ferrovum	416212	G	144	1	145	0.00001
Acidithiobacillus	119977	G	2435	9	2444	0.00009
Thermithiobacillus	119979	G	373	25	398	0.00001
Magnetococcus	162171	G	415	0	415	0.00001
Mariprofundus	377315	G	303	0	303	0.00001
Hydrogenophilus	70774	G	192	3	195	0.00001
Bacteroides	816	G	3510927	238092	3749019	0.13431
Phocaeicola	909656	G	122611	12645	135256	0.00485
Parabacteroides	375288	G	1307407	98447	1405854	0.05037
Tannerella	195950	G	17358	498	17856	0.00064
Alistipes	239759	G	391629	18216	409845	0.01468
Acetobacteroides	1647173	G	4068	60	4128	0.00015
Prevotella	838	G	79737	2935	82672	0.00296
Segatella	2974251	G	38563	1817	40380	0.00145
Paraprevotella	577309	G	13757	982	14739	0.00053
Hoylesella	2974257	G	5908	2391	8299	0.00030
Xylanibacter	558436	G	5185	78	5263	0.00019
Pseudoprevotella	2884814	G	2751	27	2778	0.00010
Porphyromonas	836	G	31546	1052	32598	0.00117
Macellibacteroides	1159323	G	28984	604	29588	0.00106
Butyricimonas	574697	G	34821	2492	37313	0.00134
Odoribacter	283168	G	14739	972	15711	0.00056
Dysgonomonas	156973	G	12470	280	12750	0.00046
Petrimonas	307628	G	12134	2002	14136	0.00051
Proteiniphilum	294702	G	11575	538	12113	0.00043
Limibacterium	3404873	G	5644	90	5734	0.00021
Barnesiella	397864	G	25072	1296	26368	0.00094
Coprobacter	1348911	G	12951	725	13676	0.00049
Muribaculum	1918540	G	8122	390	8512	0.00030
Duncaniella	2518495	G	5786	67	5853	0.00021
Paramuribaculum	2518497	G	3786	99	3885	0.00014
Sodaliphilus	2815786	G	2659	86	2745	0.00010
Paludibacter	346096	G	4267	2	4269	0.00015
Tenuifilum	2760873	G	1873	7	1880	0.00007
Salinivirga	1970191	G	1507	0	1507	0.00005
Candidatus Azobacteroides	511434	G	927	0	927	0.00003
Draconibacterium	1471399	G	14752	243	14995	0.00054
Halosquirtibacter	3374594	G	3888	131	4019	0.00014
Mangrovibacterium	1573808	G	3607	249	3856	0.00014
Gaoshiqia	3045890	G	3236	38	3274	0.00012
Maribellus	2678352	G	3160	70	3230	0.00012
Aquipluma	2792393	G	3145	22	3167	0.00011
Marinifilum	866673	G	6610	203	6813	0.00024
Labilibaculum	2060722	G	5581	173	5754	0.00021
Xiashengella	3129724	G	1878	611	2489	0.00009
Alkalitalea	1193324	G	1602	39	1641	0.00006
Flavobacterium	237	G	123453	4863	128316	0.00460
Polaribacter	52959	G	24221	2693	26914	0.00096
Tenacibaculum	104267	G	20577	2174	22751	0.00082
Capnocytophaga	1016	G	17520	590	18110	0.00065
Flagellimonas	444459	G	12262	1809	14071	0.00050
Maribacter	252356	G	12156	1572	13728	0.00049
Aquimarina	290174	G	11282	447	11729	0.00042
Winogradskyella	286104	G	11257	1876	13133	0.00047
Myroides	76831	G	6475	925	7400	0.00027
Cellulophaga	104264	G	5986	525	6511	0.00023
Nonlabens	363408	G	5393	625	6018	0.00022
Christiangramia	292691	G	4914	487	5401	0.00019
Formosa	225842	G	4600	679	5279	0.00019
Kordia	221065	G	4441	136	4577	0.00016
Leeuwenhoekiella	283735	G	4253	618	4871	0.00017
Algibacter	261827	G	4193	804	4997	0.00018
Mariniflexile	527198	G	3989	383	4372	0.00016
Zunongwangia	417127	G	3813	2099	5912	0.00021
Zobellia	112040	G	3704	182	3886	0.00014
Lacinutrix	291183	G	3607	653	4260	0.00015
Lutibacter	358023	G	3201	119	3320	0.00012
Aequorivita	153265	G	3162	237	3399	0.00012
Dokdonia	326319	G	3013	141	3154	0.00011
Arenibacter	178469	G	2714	994	3708	0.00013
Seonamhaeicola	1649495	G	2429	190	2619	0.00009
Salegentibacter	143222	G	2298	1798	4096	0.00015
Olleya	336276	G	2211	719	2930	0.00010
Allomuricauda	111500	G	2110	111	2221	0.00008
Antarcticibacterium	2058174	G	2106	273	2379	0.00009
Pontimicrobium	2918913	G	1994	354	2348	0.00008
Mesoflavibacter	444051	G	1852	605	2457	0.00009
Salinimicrobium	561367	G	1708	148	1856	0.00007
Robiginitalea	252306	G	1652	39	1691	0.00006
Sinomicrobium	1434045	G	1593	15	1608	0.00006
Flavivirga	1209327	G	1544	63	1607	0.00006
Aestuariibaculum	1386924	G	1482	115	1597	0.00006
Mangrovimonas	1211036	G	1313	111	1424	0.00005
Psychroflexus	83612	G	1229	72	1301	0.00005
Aureibaculum	2706948	G	1212	92	1304	0.00005
Flaviramulus	369400	G	1161	190	1351	0.00005
Thalassobellus	3400333	G	1131	141	1272	0.00005
Muriicola	762641	G	1046	25	1071	0.00004
Abyssalbus	2967089	G	1032	24	1056	0.00004
Zhouia	561555	G	1020	225	1245	0.00004
Patiriisocius	2822394	G	1002	79	1081	0.00004
Pseudalgibacter	2861660	G	966	171	1137	0.00004
Psychroserpens	49277	G	960	601	1561	0.00006
Rasiella	2987594	G	936	55	991	0.00004
Urechidicola	2700084	G	913	471	1384	0.00005
Siansivirga	1204360	G	898	115	1013	0.00004
Bizionia	283785	G	897	160	1057	0.00004
Lutimonas	449810	G	896	19	915	0.00003
Vaginella	1935184	G	895	683	1578	0.00006
Daejeonia	2027867	G	821	602	1423	0.00005
Amniculibacterium	2715289	G	814	796	1610	0.00006
Changchengzhania	2049301	G	780	42	822	0.00003
Hwangdonia	1649460	G	777	167	944	0.00003
Constantimarinum	2907134	G	765	61	826	0.00003
Imtechella	1165076	G	760	39	799	0.00003
Sediminicola	389486	G	724	24	748	0.00003
Galbibacter	379068	G	713	31	744	0.00003
Costertonia	343334	G	694	224	918	0.00003
Wenyingzhuangia	1518147	G	670	58	728	0.00003
Ulvibacterium	2665910	G	639	3	642	0.00002
Aegicerativicinus	2893197	G	632	20	652	0.00002
Croceibacter	216431	G	629	125	754	0.00003
Marixanthomonas	387658	G	622	174	796	0.00003
Gilvibacter	379070	G	618	83	701	0.00003
Gillisia	244698	G	567	285	852	0.00003
Pseudotamlana	3400368	G	526	314	840	0.00003
Allotamlana	3400365	G	518	37	555	0.00002
Candidatus Arcticimaribacter	2953860	G	484	46	530	0.00002
Candidatus Marifrigoribacter	3457289	G	469	39	508	0.00002
Oceanihabitans	2045416	G	433	162	595	0.00002
Paenimyroides	3085669	G	414	881	1295	0.00005
Tamlana	393005	G	391	266	657	0.00002
Aggregatimonas	2913017	G	380	6	386	0.00001
Euzebyella	1287916	G	341	191	532	0.00002
Pukyongia	2831916	G	231	14	245	0.00001
Chryseobacterium	59732	G	60153	5706	65859	0.00236
Kaistella	2782231	G	5123	317	5440	0.00019
Epilithonimonas	2782229	G	1738	684	2422	0.00009
Elizabethkingia	308865	G	7857	713	8570	0.00031
Empedobacter	59734	G	3203	1167	4370	0.00016
Ornithobacterium	28250	G	2870	109	2979	0.00011
Riemerella	34084	G	2387	326	2713	0.00010
Apibacter	1778601	G	2365	95	2460	0.00009
Cloacibacterium	501783	G	2296	527	2823	0.00010
Faecalibacter	2766734	G	1864	102	1966	0.00007
Cruoricaptor	1433995	G	977	91	1068	0.00004
Bergeyella	59735	G	818	129	947	0.00003
Weeksella	1013	G	632	276	908	0.00003
Marnyiella	3088764	G	580	36	616	0.00002
Blattabacterium	34098	G	10392	170	10562	0.00038
Fluviicola	332102	G	1909	21	1930	0.00007
Paracrocinitomix	3024544	G	1094	2	1096	0.00004
Croceimicrobium	2828338	G	1264	14	1278	0.00005
Owenweeksia	267986	G	983	3	986	0.00004
Candidatus Karelsulcia	336809	G	950	27	977	0.00004
Candidatus Walczuchella	1940138	G	155	0	155	0.00001
Candidatus Shikimatogenerans	2926991	G	82	8	90	0.00000
Sanyastnella	3228946	G	700	0	700	0.00003
Ichthyobacterium	1755829	G	448	0	448	0.00002
Parvicella	2975260	G	347	3	350	0.00001
Hymenobacter	89966	G	27820	291	28111	0.00101
Pontibacter	323449	G	9403	340	9743	0.00035
Rufibacter	1379908	G	3467	278	3745	0.00013
Adhaeribacter	299566	G	2551	59	2610	0.00009
Nibribacter	1649474	G	1087	263	1350	0.00005
Dyadobacter	120831	G	12058	216	12274	0.00044
Runella	105	G	5281	10	5291	0.00019
Larkinella	332157	G	2499	109	2608	0.00009
Tellurirhabdus	2674996	G	1886	153	2039	0.00007
Fibrella	861914	G	1147	61	1208	0.00004
Fibrisoma	861913	G	30	0	30	0.00000
Algoriphagus	246875	G	7419	497	7916	0.00028
Echinicola	390846	G	5669	580	6249	0.00022
Cyclobacterium	68288	G	2727	289	3016	0.00011
Belliella	232244	G	972	173	1145	0.00004
Mongoliitalea	1511649	G	954	16	970	0.00003
Aquiflexum	280472	G	721	48	769	0.00003
Spirosoma	107	G	16506	119	16625	0.00060
Cytophaga	978	G	859	20	879	0.00003
Flammeovirga	59739	G	6405	279	6684	0.00024
Chondrinema	3051458	G	2250	196	2446	0.00009
Imperialibacter	1649461	G	1788	145	1933	0.00007
Bernardetia	1937972	G	5915	8	5923	0.00021
Fulvivirga	396811	G	3769	216	3985	0.00014
Chryseolinea	1433993	G	2134	10	2144	0.00008
Ekhidna	447678	G	3663	199	3862	0.00014
Reichenbachiella	156993	G	2019	104	2123	0.00008
Emticicia	312278	G	2117	25	2142	0.00008
Marinilongibacter	2975149	G	955	7	962	0.00003
Arcticibacterium	2173039	G	876	15	891	0.00003
Jiulongibacter	2031119	G	814	23	837	0.00003
Leadbetterella	319458	G	804	30	834	0.00003
Marivirga	869806	G	5256	1183	6439	0.00023
Fulvitalea	1434007	G	2001	65	2066	0.00007
Persicobacter	59740	G	1556	57	1613	0.00006
Aureibacter	1097443	G	1082	20	1102	0.00004
Catalinimonas	1522128	G	2045	137	2182	0.00008
Porifericola	1001222	G	801	75	876	0.00003
Tunicatimonas	1077254	G	564	1	565	0.00002
Roseivirga	290180	G	2942	133	3075	0.00011
Candidatus Cardinium	273135	G	1224	32	1256	0.00004
Candidatus Amoebophilus	281119	G	312	0	312	0.00001
Aquirufa	2676247	G	1512	10	1522	0.00005
Rhodocytophaga	455076	G	1343	6	1349	0.00005
Mangrovivirga	2858886	G	1175	11	1186	0.00004
Microscilla	1023	G	31	0	31	0.00000
Mucilaginibacter	423349	G	45420	945	46365	0.00166
Sphingobacterium	28453	G	42155	3187	45342	0.00162
Pedobacter	84567	G	40225	1525	41750	0.00150
Olivibacter	376469	G	2927	444	3371	0.00012
Solitalea	929509	G	2146	41	2187	0.00008
Arcticibacter	1288026	G	1281	62	1343	0.00005
Pseudopedobacter	1649482	G	1180	107	1287	0.00005
Anseongella	1773450	G	831	2	833	0.00003
Aurantibacillus	3088889	G	1162	29	1191	0.00004
Chitinophaga	79328	G	28144	454	28598	0.00102
Niabella	379899	G	4161	147	4308	0.00015
Arachidicoccus	1769012	G	3888	83	3971	0.00014
Paraflavitalea	2698688	G	3187	93	3280	0.00012
Flavisolibacter	398041	G	2282	110	2392	0.00009
Filimonas	649460	G	2224	115	2339	0.00008
Lacibacter	649461	G	2074	40	2114	0.00008
Ferruginibacter	1004303	G	1545	30	1575	0.00006
Phnomibacter	2836216	G	1479	71	1550	0.00006
Sediminibacterium	504481	G	1345	51	1396	0.00005
Pseudocnuella	2812019	G	1338	67	1405	0.00005
Niastella	354354	G	1324	67	1391	0.00005
Flavihumibacter	1004301	G	1288	18	1306	0.00005
Pseudobacter	1860196	G	1210	69	1279	0.00005
Rhizosphaericola	3114547	G	1070	16	1086	0.00004
Puia	2045098	G	1056	29	1085	0.00004
Panacibacter	1874621	G	852	8	860	0.00003
Thermoflavifilum	1649506	G	789	4	793	0.00003
Mycovorax	3389990	G	747	73	820	0.00003
Aureispira	365032	G	1998	7	2005	0.00007
Saprospira	1007	G	1103	0	1103	0.00004
Haliscomenobacter	2349	G	1646	4	1650	0.00006
Phaeodactylibacter	1564515	G	1225	2	1227	0.00004
Lewinella	70994	G	1076	3	1079	0.00004
Neolewinella	2993541	G	647	4	651	0.00002
Candidatus Sulfidibacterium	2923290	G	1550	0	1550	0.00006
Prosthecochloris	1101	G	1972	30	2002	0.00007
Chlorobaculum	256319	G	1962	12	1974	0.00007
Chlorobium	1091	G	1092	36	1128	0.00004
Pelodictyon	1099	G	762	45	807	0.00003
Chloroherpeton	100715	G	361	0	361	0.00001
Rhodocaloribacter	2893090	G	1023	51	1074	0.00004
Rhodothermus	29548	G	735	32	767	0.00003
Rubrivirga	1434037	G	775	27	802	0.00003
Salinibacter	146918	G	366	0	366	0.00001
Ignavibacterium	795750	G	1460	4	1464	0.00005
Melioribacter	1134403	G	299	0	299	0.00001
Gracilimonas	649462	G	1062	5	1067	0.00004
Cyclonatronum	2489367	G	295	53	348	0.00001
Gemmatimonas	173479	G	1315	1	1316	0.00005
Gemmatirosa	1706036	G	515	27	542	0.00002
Pseudogemmatithrix	3237678	G	291	21	312	0.00001
Candidatus Palauibacter	3056650	G	835	3	838	0.00003
Gaopeijia	3381669	G	337	0	337	0.00001
Fibrobacter	832	G	636	64	700	0.00003
Candidatus Cloacimonas	456826	G	469	0	469	0.00002
Fidelibacter	3377528	G	396	0	396	0.00001
Desulfovibrio	872	G	196187	17175	213362	0.00764
Nitratidesulfovibrio	2802295	G	29420	3491	32911	0.00118
Bilophila	35832	G	20463	264	20727	0.00074
Pseudodesulfovibrio	2035811	G	19952	2580	22532	0.00081
Mailhella	1981028	G	9553	3490	13043	0.00047
Maridesulfovibrio	2794998	G	8744	348	9092	0.00033
Solidesulfovibrio	2910984	G	8271	250	8521	0.00031
Oleidesulfovibrio	2909705	G	4726	5590	10316	0.00037
Desulfolutivibrio	2773294	G	4070	146	4216	0.00015
Megalodesulfovibrio	2910978	G	3801	23	3824	0.00014
Oceanidesulfovibrio	2905722	G	2820	18	2838	0.00010
Salidesulfovibrio	2950010	G	2384	155	2539	0.00009
Desulfocurvibacter	2582840	G	1700	22	1722	0.00006
Taurinivorans	3126915	G	1684	59	1743	0.00006
Lawsonia	41707	G	1465	15	1480	0.00005
Desulfobaculum	1433996	G	1220	44	1264	0.00005
Halodesulfovibrio	1912771	G	823	38	861	0.00003
Desulfomicrobium	898	G	4758	269	5027	0.00018
Thermodesulfomicrobium	2905949	G	1296	39	1335	0.00005
Desulfohalobium	45662	G	712	10	722	0.00003
Geobacter	28231	G	3857	218	4075	0.00015
Geomonas	2651583	G	1987	233	2220	0.00008
Trichlorobacter	115782	G	1717	205	1922	0.00007
Geotalea	2910589	G	1412	92	1504	0.00005
Citrifermentans	2883512	G	821	171	992	0.00004
Desulfuromonas	890	G	2331	35	2366	0.00008
Pelobacter	18	G	464	210	674	0.00002
Syntrophotalea	2812025	G	1365	25	1390	0.00005
Geoalkalibacter	392332	G	1159	197	1356	0.00005
Desulfosarcina	2299	G	4357	179	4536	0.00016
Desulfobacter	2289	G	1591	95	1686	0.00006
Desulforapulum	2904687	G	664	47	711	0.00003
Desulfobacula	28222	G	619	32	651	0.00002
Desulfonema	45654	G	1665	39	1704	0.00006
Desulfococcus	896	G	442	39	481	0.00002
Desulfatibacillum	218207	G	893	25	918	0.00003
Desulfoluna	497721	G	762	36	798	0.00003
Desulfosudis	2904716	G	441	34	475	0.00002
Desulfobulbus	893	G	2436	211	2647	0.00009
Desulfomarina	2894767	G	463	16	479	0.00002
Desulfurivibrio	427922	G	449	2	451	0.00002
Candidatus Electrothrix	1859128	G	440	14	454	0.00002
Desulfolithobacter	3003266	G	301	9	310	0.00001
Desulfosediminicola	2886823	G	1267	33	1300	0.00005
Desulfopila	429014	G	949	16	965	0.00003
Desulfotalea	109168	G	574	19	593	0.00002
Desulfofustis	51194	G	426	3	429	0.00002
Desulfocapsa	53318	G	264	3	267	0.00001
Thermodesulfobacterium	1740	G	1334	17	1351	0.00005
Caldimicrobium	444090	G	301	0	301	0.00001
Thermosulfurimonas	1522431	G	277	0	277	0.00001
Thermosulfuriphilus	2033601	G	194	0	194	0.00001
Thermodesulfatator	241192	G	184	1	185	0.00001
Desulfoferula	3093638	G	653	10	663	0.00002
Desulfarculus	453229	G	626	151	777	0.00003
Syntrophobacter	29526	G	456	59	515	0.00002
Desulfoglaeba	361106	G	278	3	281	0.00001
Syntrophus	43773	G	629	6	635	0.00002
Desulfomonile	2357	G	550	0	550	0.00002
Desulfobacca	60892	G	399	0	399	0.00001
Candidatus Desulfofervidus	1902583	G	372	0	372	0.00001
Akkermansia	239934	G	104719	1621	106340	0.00381
Luteolibacter	518753	G	5472	267	5739	0.00021
Verrucomicrobium	2735	G	1413	86	1499	0.00005
Roseimicrobium	1348508	G	932	4	936	0.00003
Oceaniferula	2886881	G	909	30	939	0.00003
Haloferula	574899	G	757	59	816	0.00003
Roseibacillus	518755	G	562	41	603	0.00002
Sulfuriroseicoccus	2911469	G	481	58	539	0.00002
Fontisphaera	3050007	G	784	0	784	0.00003
Termitidicoccus	3126963	G	1262	69	1331	0.00005
Opitutus	178440	G	949	62	1011	0.00004
Ereboglobus	2028344	G	707	60	767	0.00003
Nibricoccus	2576890	G	616	62	678	0.00002
Actomonas	3138693	G	554	14	568	0.00002
Synoicihabitans	2892920	G	540	18	558	0.00002
Horticoccus	2986286	G	514	41	555	0.00002
Oleiharenicola	2100741	G	509	102	611	0.00002
Lacunisphaera	1961799	G	338	37	375	0.00001
Congregicoccus	3458163	G	479	12	491	0.00002
Rubellicoccus	3138622	G	407	12	419	0.00002
Ruficoccus	2175957	G	380	18	398	0.00001
Coraliomargarita	442430	G	734	0	734	0.00003
Candidatus Pelagisphaera	3049269	G	471	12	483	0.00002
Methylacidiphilum (ex Ratnadevi et al. 2023)	511745	G	1141	51	1192	0.00004
Methylacidimicrobium	1541670	G	301	25	326	0.00001
Candidatus Xiphinematobacter	134550	G	148	5	153	0.00001
Lacipirellula	2691417	G	14636	443	15079	0.00054
Aeoliella	2795781	G	1600	59	1659	0.00006
Pirellulimonas	2795783	G	1032	18	1050	0.00004
Botrimarina	2795782	G	919	38	957	0.00003
Adhaeretor	2862451	G	571	30	601	0.00002
Bythopirellula	1400386	G	527	7	534	0.00002
Stieleria	2795973	G	3392	187	3579	0.00013
Anatilimnocola	2807414	G	2579	118	2697	0.00010
Bremerella	2714594	G	1547	18	1565	0.00006
Lignipirellula	2795775	G	1166	122	1288	0.00005
Rosistilla	2795779	G	1040	33	1073	0.00004
Roseimaritima	1579506	G	815	20	835	0.00003
Novipirellula	2795426	G	716	22	738	0.00003
Rhodopirellula	265488	G	649	36	685	0.00002
Blastopirellula	265487	G	596	3	599	0.00002
Aureliella	2795605	G	479	16	495	0.00002
Rubripirellula	1579505	G	449	70	519	0.00002
Mariniblastus	2005380	G	360	1	361	0.00001
Roseiconus	2814446	G	351	866	1217	0.00004
Pirellula	123	G	321	1	322	0.00001
Thermogutta	1676125	G	628	7	635	0.00002
Gimesia	1649453	G	6967	238	7205	0.00026
Planctomyces	118	G	2384	172	2556	0.00009
Planctomicrobium	1779141	G	1570	42	1612	0.00006
Caulifigura	2795778	G	1380	9	1389	0.00005
Maioricimonas	2795777	G	1075	90	1165	0.00004
Planctellipticum	3132181	G	1012	33	1045	0.00004
Crateriforma	2714592	G	881	1639	2520	0.00009
Symmachiella	2795780	G	797	25	822	0.00003
Schlesneria	656899	G	782	9	791	0.00003
Planctopirus	1649480	G	634	14	648	0.00002
Alienimonas	2714737	G	583	21	604	0.00002
Rubinisphaera	1649490	G	438	105	543	0.00002
Stratiformator	3076095	G	419	21	440	0.00002
Fuerstiella	1936111	G	416	1	417	0.00001
Calycomorphotria	2795776	G	394	15	409	0.00001
Polystyrenella	2795774	G	375	18	393	0.00001
Thalassoglobus	2795865	G	239	5	244	0.00001
Singulisphaera	466152	G	5010	407	5417	0.00019
Tundrisphaera	2029859	G	3175	239	3414	0.00012
Aquisphaera	1511635	G	2885	202	3087	0.00011
Paludisphaera	1763521	G	2545	283	2828	0.00010
Tautonia	2680020	G	1764	16	1780	0.00006
Isosphaera	127	G	378	14	392	0.00001
Gemmata	113	G	4622	396	5018	0.00018
Urbifossiella	2807415	G	3498	94	3592	0.00013
Frigoriglobus	2774146	G	2200	302	2502	0.00009
Limnoglobus	2731450	G	2078	150	2228	0.00008
Tuwongella	2051044	G	926	43	969	0.00003
Telmatocola	1382832	G	816	12	828	0.00003
Saltatorellus	3405235	G	430	78	508	0.00002
Engelhardtia	3405233	G	402	31	433	0.00002
Rohdeia	3405237	G	271	2	273	0.00001
Kolteria	3405236	G	556	0	556	0.00002
Sedimentisphaera	2483368	G	718	278	996	0.00004
Limihaloglobus	2690160	G	397	0	397	0.00001
Anaerohalosphaera	2690159	G	671	0	671	0.00002
Humisphaera	2807511	G	724	0	724	0.00003
Fontivita	2989683	G	408	0	408	0.00001
Poriferisphaera	2803301	G	406	0	406	0.00001
Phycisphaera	666508	G	287	14	301	0.00001
Mucisphaera	2913022	G	210	0	210	0.00001
Candidatus Uabimicrobium	2897349	G	1989	0	1989	0.00007
Candidatus Kuenenia	380738	G	457	0	457	0.00002
Candidatus Protochlamydia	282132	G	818	37	855	0.00003
Parachlamydia	83551	G	631	40	671	0.00002
Neochlamydia	112987	G	376	7	383	0.00001
Candidatus Rhabdochlamydia	292833	G	745	117	862	0.00003
Simkania	34093	G	428	10	438	0.00002
Candidatus Neptunichlamydia	1891669	G	349	15	364	0.00001
Waddlia	71666	G	209	15	224	0.00001
Candidatus Criblamydia	340070	G	16	0	16	0.00000
Chlamydia	810	G	3245	242	3487	0.00012
Chlamydiifrater	2822114	G	120	10	130	0.00000
Tichowtungia	2907187	G	560	0	560	0.00002
Kiritimatiella	1921784	G	330	339	669	0.00002
Lentisphaera	256846	G	608	0	608	0.00002
Candidatus Velamenicoccus	2789201	G	229	0	229	0.00001
Arcobacter	28196	G	14367	2166	16533	0.00059
Aliarcobacter	2321111	G	12210	1160	13370	0.00048
Halarcobacter	2321115	G	5427	155	5582	0.00020
Malaciobacter	2321114	G	4929	238	5167	0.00019
Poseidonibacter	2321187	G	1236	1222	2458	0.00009
Candidatus Marinarcus	2321204	G	598	28	626	0.00002
Campylobacter	194	G	31818	1758	33576	0.00120
Helicobacter	209	G	10978	659	11637	0.00042
Wolinella	843	G	177	1	178	0.00001
Sulfurimonas	202746	G	8540	292	8832	0.00032
Sulfuricurvum	286130	G	742	11	753	0.00003
Sulfonitrofixus	3451668	G	406	2	408	0.00001
Thiomicrolovo	3451667	G	319	243	562	0.00002
Hydrocurvibacter	3451669	G	310	7	317	0.00001
Sulfurospirillum	57665	G	4161	42	4203	0.00015
Sulfurovum	265570	G	1736	72	1808	0.00006
Nitratifractor	269260	G	367	21	388	0.00001
Hydrogenimonas	223785	G	1065	49	1114	0.00004
Nitratiruptor	269258	G	2341	30	2371	0.00008
Nitrosophilus	2795692	G	1155	89	1244	0.00004
Caminibacter	191301	G	1445	71	1516	0.00005
Nautilia	191291	G	823	9	832	0.00003
Hippea	84404	G	353	3	356	0.00001
Treponema	157	G	20184	231	20415	0.00073
Brucepastera	2967962	G	868	10	878	0.00003
Borrelia	138	G	5351	48	5399	0.00019
Borreliella	64895	G	4078	312	4390	0.00016
Thiospirochaeta	2792240	G	1523	4	1527	0.00005
Marispirochaeta	1911565	G	828	1	829	0.00003
Entomospira	2834378	G	827	0	827	0.00003
Sediminispirochaeta	1911556	G	572	29	601	0.00002
Salinispira	1616789	G	550	1	551	0.00002
Oceanispirochaeta	2035349	G	445	0	445	0.00002
Spirochaeta	146	G	225	0	225	0.00001
Candidatus Haliotispira	3115661	G	151	0	151	0.00001
Sphaerochaeta	399320	G	1864	58	1922	0.00007
Parasphaerochaeta	3062336	G	513	4	517	0.00002
Breznakiella	2845254	G	831	23	854	0.00003
Leadbettera	2951107	G	732	18	750	0.00003
Gracilinema	2951106	G	389	18	407	0.00001
Brachyspira	29521	G	9586	45	9631	0.00035
Leptospira	171	G	7822	163	7985	0.00029
Turneriella	338321	G	333	0	333	0.00001
Thermospira	3024226	G	438	0	438	0.00002
Winmispira	3457169	G	327	0	327	0.00001
Myxococcus	32	G	2416	455	2871	0.00010
Corallococcus	83461	G	2364	367	2731	0.00010
Pseudomyxococcus	3434272	G	474	153	627	0.00002
Pyxidicoccus	224458	G	370	35	405	0.00001
Archangium	47	G	3397	334	3731	0.00013
Melittangium	44	G	814	141	955	0.00003
Cystobacter	42	G	696	176	872	0.00003
Stigmatella	40	G	512	78	590	0.00002
Anaeromyxobacter	161492	G	2279	62	2341	0.00008
Vulgatibacter	1524214	G	406	10	416	0.00001
Pendulispora	3375062	G	2440	21	2461	0.00009
Sorangium	39643	G	10737	328	11065	0.00040
Polyangium	55	G	742	39	781	0.00003
Chondromyces	50	G	605	8	613	0.00002
Pajaroellobacter	1882917	G	385	6	391	0.00001
Sandaracinus	1055688	G	1254	18	1272	0.00005
Labilithrix	1524217	G	500	4	504	0.00002
Nannocystis	53	G	1397	7	1404	0.00005
Haliangium	162027	G	622	9	631	0.00002
Tunturiibacter	3154218	G	2196	93	2289	0.00008
Edaphobacter	388463	G	1703	60	1763	0.00006
Terriglobus	392733	G	1656	51	1707	0.00006
Granulicella	940557	G	1292	37	1329	0.00005
Chloracidobacterium	458032	G	868	0	868	0.00003
Telmatobacter	1078829	G	803	16	819	0.00003
Alloacidobacterium	2951993	G	672	17	689	0.00002
Acidobacterium	33973	G	440	29	469	0.00002
Occallatibacter	1742983	G	405	7	412	0.00001
Acidisarcina	2608728	G	271	20	291	0.00001
Silvibacterium	1775468	G	262	13	275	0.00001
Candidatus Korobacter	658061	G	1573	14	1587	0.00006
Paludibaculum	1649475	G	973	0	973	0.00003
Geothrix	44675	G	2083	155	2238	0.00008
Mesoterricola	3074468	G	645	107	752	0.00003
Sulfidibacter	2915177	G	498	6	504	0.00002
Thermotomaculum	1172428	G	380	0	380	0.00001
Luteitalea	2004797	G	1235	32	1267	0.00005
Bdellovibrio	958	G	6475	92	6567	0.00024
Micavibrio	213485	G	605	0	605	0.00002
Pseudobdellovibrio	2862745	G	581	12	593	0.00002
Pigmentibacter	2838409	G	789	14	803	0.00003
Silvanigrella	2024975	G	708	16	724	0.00003
Fluviispira	2698753	G	335	6	341	0.00001
Spirobacillus	495819	G	448	11	459	0.00002
Halobacteriovorax	1652133	G	994	0	994	0.00004
Bacteriovorax	146784	G	510	118	628	0.00002
Peredibacter	263370	G	314	0	314	0.00001
Mucispirillum	248038	G	1959	18	1977	0.00007
Deferribacter	53572	G	1051	12	1063	0.00004
Geovibrio	46200	G	609	6	615	0.00002
Denitrovibrio	117999	G	425	3	428	0.00002
Calditerrivibrio	545865	G	985	3	988	0.00004
Flexistipes	2351	G	374	3	377	0.00001
Nitrospira	1234	G	1907	6	1913	0.00007
Leptospirillum	179	G	270	1	271	0.00001
Candidatus Magnetomonas	3459270	G	300	0	300	0.00001
Thermodesulfovibrio	28261	G	1640	6	1646	0.00006
Dissulfurispira	2811506	G	523	1	524	0.00002
Thermocrinis	75905	G	500	6	506	0.00002
Hydrogenobaculum	168657	G	410	0	410	0.00001
Pampinifervens	3453421	G	280	2	282	0.00001
Hydrogenobacter	939	G	160	6	166	0.00001
Aquifex	2713	G	127	0	127	0.00000
Sulfurihydrogenibium	212790	G	1009	8	1017	0.00004
Persephonella	182899	G	244	0	244	0.00001
Desulfurobacterium	64159	G	802	1	803	0.00003
Thermovibrio	171868	G	157	1	158	0.00001
Dictyoglomus	13	G	2020	0	2020	0.00007
Elusimicrobium	423604	G	990	0	990	0.00004
Parelusimicrobium	3416099	G	263	0	263	0.00001
Endomicrobium	1408194	G	282	20	302	0.00001
Candidatus Endomicrobiellum	3238959	G	248	0	248	0.00001
Atribacter	2847777	G	485	0	485	0.00002
Candidatus Caldatribacterium	1454725	G	326	0	326	0.00001
Thermatribacter	3240450	G	94	62	156	0.00001
Atrimonas	3149264	G	64	43	107	0.00000
Thermodesulfobium	227388	G	938	0	938	0.00003
Caldithrix	187144	G	617	0	617	0.00002
Desulfurispirillum	393029	G	525	43	568	0.00002
Sphaerobacter	2056	G	339	0	339	0.00001
Thermomicrobium	499	G	133	0	133	0.00000
Caldisericum	693074	G	484	0	484	0.00002
Nitrospina	35800	G	471	0	471	0.00002
Thermosulfidibacter	412592	G	253	0	253	0.00001
Coprothermobacter	68335	G	190	5	195	0.00001
Lactococcus	1357	G	689386	191832	881218	0.03157
Streptococcus	1301	G	125075	11881	136956	0.00491
Pseudolactococcus	3436058	G	89621	5240	94861	0.00340
Floricoccus	1930830	G	2523	55	2578	0.00009
Leuconostoc	1243	G	39912	2832	42744	0.00153
Lactobacillus	1578	G	32739	3407	36146	0.00129
Companilactobacillus	2767879	G	13291	774	14065	0.00050
Ligilactobacillus	2767887	G	12554	1201	13755	0.00049
Pediococcus	1253	G	9040	2038	11078	0.00040
Lactiplantibacillus	2767842	G	8979	1790	10769	0.00039
Weissella	46255	G	8422	381	8803	0.00032
Limosilactobacillus	2742598	G	7707	1539	9246	0.00033
Fructilactobacillus	2767881	G	6017	310	6327	0.00023
Lacticaseibacillus	2759736	G	4681	509	5190	0.00019
Latilactobacillus	2767885	G	4518	451	4969	0.00018
Lentilactobacillus	2767893	G	4414	394	4808	0.00017
Liquorilactobacillus	2767888	G	3705	703	4408	0.00016
Paucilactobacillus	2767890	G	3426	669	4095	0.00015
Apilactobacillus	2767877	G	3417	59	3476	0.00012
Xylocopilactobacillus	3118928	G	2765	6	2771	0.00010
Bombilactobacillus	2767878	G	2447	36	2483	0.00009
Loigolactobacillus	2767889	G	2197	891	3088	0.00011
Levilactobacillus	2767886	G	1828	319	2147	0.00008
Oenococcus	46254	G	1703	50	1753	0.00006
Dellaglioa	2767880	G	1267	245	1512	0.00005
Lapidilactobacillus	2767884	G	1153	53	1206	0.00004
Furfurilactobacillus	2767882	G	1134	273	1407	0.00005
Agrilactobacillus	2767875	G	939	25	964	0.00003
Secundilactobacillus	2767892	G	879	232	1111	0.00004
Schleiferilactobacillus	2767891	G	788	14	802	0.00003
Periweissella	2930384	G	775	6	781	0.00003
Nicoliella	2978367	G	601	7	608	0.00002
Amylolactobacillus	2767876	G	565	136	701	0.00003
Acetilactobacillus	2767874	G	538	0	538	0.00002
Fructobacillus	559173	G	291	2	293	0.00001
Enterococcus	1350	G	91196	25467	116663	0.00418
Vagococcus	2737	G	28197	3399	31596	0.00113
Tetragenococcus	51668	G	5963	2883	8846	0.00032
Melissococcus	33969	G	2003	38	2041	0.00007
Carnobacterium	2747	G	23835	1395	25230	0.00090
Jeotgalibaca	1470540	G	8477	734	9211	0.00033
Granulicatella	117563	G	5306	1234	6540	0.00023
Alloiococcus	1651	G	2902	55	2957	0.00011
Dolosigranulum	29393	G	2349	78	2427	0.00009
Trichococcus	82802	G	2327	120	2447	0.00009
Alkalibacterium	99906	G	1870	66	1936	0.00007
Desemzia	82800	G	1427	444	1871	0.00007
Marinilactibacillus	191769	G	1400	215	1615	0.00006
Aerococcus	1375	G	6409	762	7171	0.00026
Tuanshanicoccus	3465067	G	4069	165	4234	0.00015
Globicatella	13075	G	3994	368	4362	0.00016
Ruoffia	2862144	G	1967	464	2431	0.00009
Fundicoccus	2761542	G	1518	66	1584	0.00006
Ignavigranum	89092	G	1177	44	1221	0.00004
Suicoccus	2689587	G	747	69	816	0.00003
Facklamia	66831	G	634	159	793	0.00003
Abiotrophia	46123	G	489	71	560	0.00002
Bacillus	1386	G	128870	41893	170763	0.00612
Lysinibacillus	400634	G	43165	10975	54140	0.00194
Neobacillus	2675232	G	33525	4224	37749	0.00135
Niallia	2837506	G	20344	3247	23591	0.00085
Priestia	2800373	G	19650	2972	22622	0.00081
Peribacillus	2675229	G	19341	2204	21545	0.00077
Oceanobacillus	182709	G	19229	1593	20822	0.00075
Virgibacillus	84406	G	19115	821	19936	0.00071
Metabacillus	2675233	G	15846	2566	18412	0.00066
Cytobacillus	2675230	G	14314	3960	18274	0.00065
Psychrobacillus	1221880	G	14276	1639	15915	0.00057
Heyndrickxia	2837504	G	9864	1829	11693	0.00042
Halobacillus	45667	G	8716	1397	10113	0.00036
Mesobacillus	2675231	G	7622	959	8581	0.00031
Sutcliffiella	2837511	G	6844	770	7614	0.00027
Alkalihalobacillus	2675234	G	6807	654	7461	0.00027
Rossellomorea	2837508	G	5321	483	5804	0.00021
Amphibacillus	29331	G	5056	588	5644	0.00020
Gracilibacillus	74385	G	4477	253	4730	0.00017
Pontibacillus	289201	G	4396	113	4509	0.00016
Shouchella	2893057	G	3594	247	3841	0.00014
Ornithinibacillus	484508	G	3309	604	3913	0.00014
Alkalihalophilus	2893060	G	3154	416	3570	0.00013
Gottfriedia	2837503	G	3145	275	3420	0.00012
Terribacillus	459532	G	3042	135	3177	0.00011
Lentibacillus	175304	G	2835	95	2930	0.00010
Fervidibacillus	3033930	G	2806	291	3097	0.00011
Salipaludibacillus	1884449	G	2803	133	2936	0.00011
Salicibibacter	2685905	G	2775	9	2784	0.00010
Radiobacillus	2785518	G	2411	199	2610	0.00009
Caldifermentibacillus	3034001	G	2158	14474	16632	0.00060
Evansella	2837485	G	2147	131	2278	0.00008
Paraliobacillus	200903	G	2088	102	2190	0.00008
Anaerobacillus	704093	G	2063	247	2310	0.00008
Aeribacillus	1055323	G	1860	2795	4655	0.00017
Lederbergia	2804231	G	1780	96	1876	0.00007
Pradoshia	2651279	G	1759	158	1917	0.00007
Mangrovibacillus	2920444	G	1702	231	1933	0.00007
Siminovitchia	2837510	G	1472	177	1649	0.00006
Tepidibacillus	1494427	G	1437	107	1544	0.00006
Domibacillus	1433999	G	1299	179	1478	0.00005
Salisediminibacterium	1434042	G	1289	67	1356	0.00005
Paenalkalicoccus	2944627	G	1266	636	1902	0.00007
Robertmurraya	2837507	G	1197	182	1379	0.00005
Ectobacillus	2837502	G	1146	111	1257	0.00005
Alkalibacillus	331654	G	1098	20	1118	0.00004
Halalkalibacter	2893056	G	1087	297	1384	0.00005
Aciduricibacillus	3158337	G	990	76	1066	0.00004
Halalkalibacterium (ex Joshi et al. 2022)	2893055	G	954	112	1066	0.00004
Allobacillus	1400133	G	879	51	930	0.00003
Salimicrobium	351195	G	869	50	919	0.00003
Falsibacillus	1270155	G	800	77	877	0.00003
Paraperibacillus	3450404	G	797	70	867	0.00003
Sediminibacillus	482460	G	795	55	850	0.00003
Alkalicoccus	2005375	G	794	28	822	0.00003
Pseudobacillus	108525	G	702	269	971	0.00003
Caldalkalibacillus	379065	G	424	228	652	0.00002
Caldibacillus	1276290	G	37	1243	1280	0.00005
Paenibacillus	44249	G	159643	6146	165789	0.00594
Brevibacillus	55080	G	17557	732	18289	0.00066
Cohnella	329857	G	4545	406	4951	0.00018
Aneurinibacillus	55079	G	3065	225	3290	0.00012
Pristimantibacillus (SeqCode)	2994560	G	1151	142	1293	0.00005
Saccharibacillus	456492	G	767	25	792	0.00003
Thermobacillus	76632	G	460	31	491	0.00002
Staphylococcus	1279	G	99316	21051	120367	0.00431
Mammaliicoccus	2803850	G	11958	1807	13765	0.00049
Macrococcus	69965	G	9001	2158	11159	0.00040
Macrococcoides	3076173	G	4105	1751	5856	0.00021
Nosocomiicoccus	489909	G	2312	200	2512	0.00009
Jeotgalicoccus	227979	G	2045	198	2243	0.00008
Salinicoccus	45669	G	1523	144	1667	0.00006
Sporosarcina	1569	G	21248	2151	23399	0.00084
Planococcus	1372	G	13373	1081	14454	0.00052
Solibacillus	648800	G	9720	2444	12164	0.00044
Ureibacillus	160795	G	5376	4017	9393	0.00034
Kurthia	1649	G	3912	802	4714	0.00017
Paenisporosarcina	651660	G	3631	638	4269	0.00015
Rummeliibacillus	648802	G	3276	560	3836	0.00014
Viridibacillus	496496	G	2207	380	2587	0.00009
Chryseomicrobium	889388	G	1703	396	2099	0.00008
Metasolibacillus	2703677	G	1323	204	1527	0.00005
Jeotgalibacillus	157226	G	853	143	996	0.00004
Listeria	1637	G	23738	3123	26861	0.00096
Brochothrix	2755	G	3246	232	3478	0.00012
Anoxybacillus	150247	G	4688	986	5674	0.00020
Geobacillus	129337	G	3676	3816	7492	0.00027
Parageobacillus	1906945	G	2374	1027	3401	0.00012
Thermaerobacillus	3390020	G	1081	200	1281	0.00005
Anoxybacteroides	3389905	G	957	76	1033	0.00004
Saccharococcus	29395	G	563	181	744	0.00003
Gemella	1378	G	13483	1051	14534	0.00052
Alicyclobacillus	29330	G	4979	77	5056	0.00018
Tumebacillus	432330	G	1445	95	1540	0.00006
Kyrpidia	1129704	G	899	13	912	0.00003
Effusibacillus	1502725	G	618	51	669	0.00002
Fodinisporobacter	3156481	G	601	28	629	0.00002
Exiguobacterium	33986	G	7424	969	8393	0.00030
Hydrogenibacillus	1609627	G	192	4	196	0.00001
Fictibacillus	1329200	G	4877	918	5795	0.00021
Pseudalkalibacillus	2893058	G	1823	254	2077	0.00007
Kroppenstedtia	1274351	G	980	27	1007	0.00004
Laceyella	292635	G	620	23	643	0.00002
Novibacillus	1677050	G	460	47	507	0.00002
Polycladomyces	1348505	G	459	6	465	0.00002
Thermoactinomyces	2023	G	370	21	391	0.00001
Staphylospora	2689589	G	251	8	259	0.00001
Sporolactobacillus	2077	G	1704	46	1750	0.00006
Pullulanibacillus	475230	G	1071	71	1142	0.00004
Guptibacillus	3421338	G	2705	939	3644	0.00013
Abyssicoccus	1955413	G	1477	866	2343	0.00008
Clostridium	1485	G	604131	85189	689320	0.02470
Haloimpatiens	1755832	G	12522	1356	13878	0.00050
Crassaminicella	1848399	G	11772	350	12122	0.00043
Lactonifactor	420345	G	6779	1064	7843	0.00028
Wukongibacter	1884926	G	6643	61	6704	0.00024
Caloramator	44258	G	6467	368	6835	0.00024
Oceanirhabdus	1434026	G	4181	52	4233	0.00015
Sarcina	1266	G	3905	300	4205	0.00015
Candidatus Neoarthromitus	49082	G	2585	10	2595	0.00009
Hathewaya	1769729	G	2556	162	2718	0.00010
Proteiniclasticum	1155385	G	1492	117	1609	0.00006
Faecalibacterium	216851	G	37251	6321	43572	0.00156
Flavonifractor	946234	G	32487	4334	36821	0.00132
Ruminococcus	1263	G	30788	3907	34695	0.00124
Ruthenibacterium	1905344	G	29576	3461	33037	0.00118
Pseudoflavonifractor	1017280	G	14643	1833	16476	0.00059
Owariibacterium	3393728	G	13431	5088	18519	0.00066
Caproicibacterium	2834348	G	12975	1891	14866	0.00053
Paludihabitans	2038676	G	12523	54	12577	0.00045
Vescimonas	2892396	G	12232	5340	17572	0.00063
Oscillibacter	459786	G	10890	13341	24231	0.00087
Anaerotruncus	244127	G	10528	3237	13765	0.00049
Lawsonibacter	2172004	G	10323	1149	11472	0.00041
Subdoligranulum	292632	G	8711	1415	10126	0.00036
Ruminiclostridium	1508657	G	7458	831	8289	0.00030
Acetivibrio	35829	G	5932	1058	6990	0.00025
Pusillibacter	2892397	G	5725	1429	7154	0.00026
Bengtsoniella	3389389	G	4990	60	5050	0.00018
Ethanoligenens	253238	G	3840	7476	11316	0.00041
Solibaculum	2842531	G	3791	1343	5134	0.00018
Petroclostridium	2304687	G	3619	54	3673	0.00013
Thermocaproicibacter	3048127	G	2778	170	2948	0.00011
Amygdalobacter	3079925	G	1885	231	2116	0.00008
Fastidiosipila	236752	G	1510	281	1791	0.00006
Thermoclostridium	2304691	G	1449	329	1778	0.00006
Mageeibacillus	1637257	G	876	173	1049	0.00004
Dysosmobacter	2591381	G	720	6203	6923	0.00025
Eubacterium	1730	G	42337	6035	48372	0.00173
Acetobacterium	33951	G	9609	324	9933	0.00036
Anaerofustis	264995	G	2665	274	2939	0.00011
Pseudoramibacter	113286	G	1459	23	1482	0.00005
Alkalibacter	274470	G	662	5	667	0.00002
Intestinimonas	1392389	G	13664	1312	14976	0.00054
Flintibacter	1918454	G	8333	669	9002	0.00032
Proteiniborus	415014	G	3665	258	3923	0.00014
Fusibacter	76008	G	1917	10	1927	0.00007
Fenollaria	1686313	G	1847	288	2135	0.00008
Thermaerobacter	73918	G	1125	1	1126	0.00004
Sulfobacillus	28033	G	336	0	336	0.00001
Levyella	1715798	G	908	112	1020	0.00004
Carboxydocella	178898	G	491	3	494	0.00002
Caproiciproducens	1738645	G	10488	2704	13192	0.00047
Acutalibacter	1918385	G	7220	241	7461	0.00027
Caproicibacter	2576755	G	5157	3056	8213	0.00029
Desulfitobacterium	36853	G	8645	460	9105	0.00033
Desulfosporosinus	79206	G	6319	64	6383	0.00023
Dehalobacter	56112	G	5510	1177	6687	0.00024
Syntrophobotulus	51196	G	1793	12	1805	0.00006
Agathobaculum	2048137	G	9622	1359	10981	0.00039
Butyricicoccus	580596	G	3568	684	4252	0.00015
Intestinibacillus	1928820	G	329	2628	2957	0.00011
Desulforamulus	2916693	G	2967	379	3346	0.00012
Candidatus Formimonas	2840454	G	2767	64	2831	0.00010
Dehalobacterium	51514	G	2622	418	3040	0.00011
Acididesulfobacillus	2924872	G	2536	14	2550	0.00009
Phosphitispora	2903061	G	1272	168	1440	0.00005
Thermanaerosceptrum	2651578	G	1121	17	1138	0.00004
Desulfofarcimen	2282742	G	921	20	941	0.00003
Desulfofundulus	2282741	G	578	13	591	0.00002
Proteinivorax	1491776	G	2556	10	2566	0.00009
Alkalicella	2838170	G	1565	16	1581	0.00006
Aristaeella	3046369	G	3209	1	3210	0.00012
Candidatus Syntrophocurvum	2293313	G	1195	15	1210	0.00004
Syntrophomonas	862	G	790	13	803	0.00003
Syntrophothermus	129001	G	380	7	387	0.00001
Desulfoscipio	2867376	G	1818	8	1826	0.00007
Heliorestis	79598	G	1051	1	1052	0.00004
Heliomicrobium	2831443	G	638	45	683	0.00002
Symbiobacterium	2733	G	528	4	532	0.00002
Caldinitratiruptor	1006480	G	306	5	311	0.00001
Thermincola	278993	G	677	29	706	0.00003
Desulfotomaculum	1562	G	666	213	879	0.00003
Blautia	572511	G	89235	33785	123020	0.00441
Lacrimispora	2719231	G	82888	1354	84242	0.00302
Mediterraneibacter	2316020	G	55952	24625	80577	0.00289
Hungatella	1649459	G	42080	6886	48966	0.00175
Roseburia	841	G	40627	20904	61531	0.00220
Anaerocolumna	1843210	G	39847	128	39975	0.00143
Enterocloster	2719313	G	39569	5893	45462	0.00163
Lachnoclostridium	1506553	G	35661	4306	39967	0.00143
Anaerostipes	207244	G	25930	4384	30314	0.00109
Dorea	189330	G	21895	10332	32227	0.00115
Kineothrix	2163168	G	21344	249	21593	0.00077
Otoolea	2941495	G	17864	2991	20855	0.00075
Sellimonas	1769710	G	16977	3729	20706	0.00074
Anaeromicropila	3024823	G	13765	99	13864	0.00050
Coprococcus	33042	G	13608	6459	20067	0.00072
Butyrivibrio	830	G	13408	174	13582	0.00049
Eisenbergiella	1432051	G	10749	2456	13205	0.00047
Anaerobutyricum	2569097	G	9794	2994	12788	0.00046
Claveliimonas	3076670	G	9379	1542	10921	0.00039
Faecalimonas	2005355	G	7992	4349	12341	0.00044
Lachnoanaerobaculum	1164882	G	6882	315	7197	0.00026
Agathobacter	1766253	G	6671	5151	11822	0.00042
Novisyntrophococcus	2888809	G	6281	410	6691	0.00024
Simiaoa	2944193	G	5648	2078	7726	0.00028
Chakrabartyella	3088373	G	5034	170	5204	0.00019
Marvinbryantia	248744	G	4961	427	5388	0.00019
Wansuia	2944198	G	4697	376	5073	0.00018
Lachnospira	28050	G	3901	454	4355	0.00016
Qiania	2944195	G	3856	481	4337	0.00016
Eshraghiella	3342669	G	3744	1052	4796	0.00017
Tyzzerella	1506577	G	3628	104	3732	0.00013
Herbinix	1663717	G	3480	789	4269	0.00015
Candidatus Epulonipiscium	2383	G	2564	48	2612	0.00009
Hominifimenecus	3073585	G	2545	6	2551	0.00009
Anaeropeptidivorans	2997360	G	2451	16	2467	0.00009
Pseudobutyrivibrio	46205	G	2352	44	2396	0.00009
Wujia	2944152	G	1769	658	2427	0.00009
Chordicoccus	3031933	G	1178	74	1252	0.00004
Stomatobaculum	1213720	G	1028	12	1040	0.00004
Sporofaciens	2811390	G	201	0	201	0.00001
Anaerotignum	2039240	G	15219	2629	17848	0.00064
Vallitalea	1348611	G	7986	45	8031	0.00029
Petrocella	2603323	G	1912	67	1979	0.00007
Cellulosilyticum	698776	G	8225	64	8289	0.00030
Defluviitalea	1185408	G	3118	752	3870	0.00014
Paraclostridium	1849822	G	73510	3646	77156	0.00276
Clostridioides	1870884	G	28630	13573	42203	0.00151
Romboutsia	1501226	G	23966	2413	26379	0.00095
Terrisporobacter	1505652	G	22318	770	23088	0.00083
Peptacetobacter	2743582	G	7955	552	8507	0.00030
Tepidibacter	214904	G	5917	192	6109	0.00022
Intestinibacter	1505657	G	4312	566	4878	0.00017
Peptostreptococcus	1257	G	3713	438	4151	0.00015
Aminipila	2060094	G	11498	564	12062	0.00043
Emergencia	1926556	G	8002	1118	9120	0.00033
Anoxybacterium	3408579	G	4482	53	4535	0.00016
Sinanaerobacter	2886866	G	4276	99	4375	0.00016
Ihubacter	1926667	G	3471	633	4104	0.00015
Mogibacterium	86331	G	2005	134	2139	0.00008
Alkaliphilus	114627	G	7787	420	8207	0.00029
Serpentinicella	1890059	G	1842	61	1903	0.00007
Acetoanaerobium	186831	G	4781	118	4899	0.00018
Filifactor	44259	G	2375	749	3124	0.00011
Geosporobacter	390805	G	3409	94	3503	0.00013
Caminicella	166484	G	2442	86	2528	0.00009
Peptoclostridium	1481960	G	2137	112	2249	0.00008
Thermoanaerobacterium	28895	G	8858	333	9191	0.00033
Thermoanaerobacter	1754	G	4517	197	4714	0.00017
Aceticella	3051499	G	1426	27	1453	0.00005
Caldanaerobacter	249529	G	734	139	873	0.00003
Carboxydothermus	129957	G	597	1	598	0.00002
Gelria	189326	G	548	1	549	0.00002
Thermacetogenium	140458	G	466	56	522	0.00002
Ammonifex	42837	G	306	0	306	0.00001
Desulfothermobacter	2079011	G	232	0	232	0.00001
Mahella	252965	G	940	75	1015	0.00004
Candidatus Desulforudis	471826	G	569	2	571	0.00002
Christensenella	990721	G	14493	1242	15735	0.00056
Halanaerobium	2330	G	3599	61	3660	0.00013
Halocella	46466	G	887	725	1612	0.00006
Iocasia	2899804	G	346	294	640	0.00002
Halobacteroides	42417	G	1892	23	1915	0.00007
Natroniella	52003	G	1494	97	1591	0.00006
Acetohalobium	28186	G	972	1	973	0.00003
Anoxybacter	1769008	G	1241	14	1255	0.00004
Halothermothrix	32636	G	767	22	789	0.00003
Neomoorella	44260	G	2947	9	2956	0.00011
Thermanaeromonas	202949	G	451	0	451	0.00002
Metallumcola	3234175	G	870	1	871	0.00003
Zhaonella	2748674	G	624	12	636	0.00002
Monoglobus	2039302	G	2798	620	3418	0.00012
Tepidanaerobacter	499228	G	1436	11	1447	0.00005
Biomaibacter	2770094	G	963	2	965	0.00003
Thermosediminibacter	291988	G	338	0	338	0.00001
Helicovermis	3136917	G	2625	5	2630	0.00009
Natranaerofaba	2807497	G	1105	0	1105	0.00004
Natranaerobius	375928	G	1005	1	1006	0.00004
Koleobacter	2786989	G	511	2	513	0.00002
Amedibacillus	2749846	G	171073	89829	260902	0.00935
Amedibacterium	2749267	G	124126	47661	171787	0.00615
Longicatena	1918536	G	108738	60360	169098	0.00606
Erysipelothrix	1647	G	72578	1183	73761	0.00264
Allocoprobacillus	3059504	G	60814	6539	67353	0.00241
Holdemania	61170	G	17969	4104	22073	0.00079
Solobacterium	123375	G	12811	6473	19284	0.00069
Bulleidia	118747	G	9835	1133	10968	0.00039
Intestinibaculum	2679910	G	6748	245	6993	0.00025
Massilimicrobiota	1924110	G	5706	46715	52421	0.00188
Allobaculum	174708	G	4145	101	4246	0.00015
Faecalibaculum	1729679	G	2244	249	2493	0.00009
Thomasclavelia	3025755	G	118650	11256	129906	0.00465
Faecalibacillus	2678885	G	37480	12454	49934	0.00179
Tannockella	2943184	G	36157	976	37133	0.00133
Catenibacterium	135858	G	24634	2172	26806	0.00096
Turicibacter	191303	G	19048	627	19675	0.00070
Anaerococcus	165779	G	11712	1590	13302	0.00048
Parvimonas	543311	G	8045	1313	9358	0.00034
Helcococcus	31983	G	6850	812	7662	0.00027
Peptoniphilus	162289	G	4618	1345	5963	0.00021
Finegoldia	150022	G	3736	979	4715	0.00017
Miniphocaeibacter	2126548	G	2843	9	2852	0.00010
Microaceticoccus	3421489	G	1516	8	1524	0.00005
Aedoeadaptatus	2981628	G	643	21	664	0.00002
Murdochiella	1161127	G	384	162	546	0.00002
Tissierella	41273	G	22474	356	22830	0.00082
Gudongella	2692382	G	672	20	692	0.00002
Acidilutibacter	2992720	G	4796	401	5197	0.00019
Keratinibaculum	1354809	G	1836	219	2055	0.00007
Schnuerera	2794837	G	1509	211	1720	0.00006
Caloranaerobacter	171003	G	2136	48	2184	0.00008
Gottschalkia	1505664	G	1904	35	1939	0.00007
Sporanaerobacter	165812	G	1520	198	1718	0.00006
Sedimentibacter	190972	G	13089	62	13151	0.00047
Ezakiella	1582879	G	1851	986	2837	0.00010
Megamonas	158846	G	9152	299	9451	0.00034
Selenomonas	970	G	7376	198	7574	0.00027
Selenobaculum	3074372	G	3491	133	3624	0.00013
Pectinatus	864	G	3210	137	3347	0.00012
Mitsuokella	52225	G	1226	283	1509	0.00005
Sporomusa	2375	G	15696	707	16403	0.00059
Pelosinus	365348	G	5805	304	6109	0.00022
Methylomusa	2093783	G	989	50	1039	0.00004
Veillonella	29465	G	6882	158	7040	0.00025
Megasphaera	906	G	4545	566	5111	0.00018
Dialister	39948	G	2485	108	2593	0.00009
Colibacter	1980675	G	554	26	580	0.00002
Phascolarctobacterium	33024	G	6391	709	7100	0.00025
Acidaminococcus	904	G	2757	166	2923	0.00010
Caldicellulosiruptor	44000	G	7615	405	8020	0.00029
Anaerocellum	32631	G	459	2214	2673	0.00010
Carboxydichorda	3366853	G	399	11	410	0.00001
Geochorda	3366854	G	260	4	264	0.00001
Limnochorda	1676651	G	401	0	401	0.00001
Ndongobacter	1930845	G	808	201	1009	0.00004
Candidatus Contubernalis	338648	G	716	0	716	0.00003
Streptomyces	1883	G	138398	12999	151397	0.00542
Kitasatospora	2063	G	6645	1532	8177	0.00029
Actinacidiphila	2995702	G	994	202	1196	0.00004
Embleya	2699295	G	851	49	900	0.00003
Streptacidiphilus	228398	G	476	83	559	0.00002
Peterkaempfera	2995704	G	395	60	455	0.00002
Yinghuangia	2805681	G	373	31	404	0.00001
Streptantibioticus	2995706	G	297	49	346	0.00001
Carbonactinospora	2864378	G	159	17	176	0.00001
Microbacterium	33882	G	22432	3345	25777	0.00092
Curtobacterium	2034	G	3522	466	3988	0.00014
Leifsonia	110932	G	2459	383	2842	0.00010
Agromyces	33877	G	2004	320	2324	0.00008
Leucobacter	55968	G	1949	320	2269	0.00008
Rathayibacter	33886	G	1534	188	1722	0.00006
Aurantimicrobium	1705353	G	1435	55	1490	0.00005
Cryobacterium	69578	G	1303	85	1388	0.00005
Agrococcus	46352	G	1221	225	1446	0.00005
Clavibacter	1573	G	1119	169	1288	0.00005
Salinibacterium	235888	G	989	78	1067	0.00004
Plantibacter	190323	G	914	55	969	0.00003
Microcella	337004	G	755	143	898	0.00003
Herbiconiux	881616	G	681	62	743	0.00003
Rhodoluna	529883	G	335	8	343	0.00001
Aquiluna	529881	G	312	7	319	0.00001
Frigoribacterium	96492	G	535	77	612	0.00002
Subtercola	120212	G	468	16	484	0.00002
Agreia	110934	G	437	38	475	0.00002
Paramicrobacterium	3110364	G	404	34	438	0.00002
Frondihabitans	447237	G	390	32	422	0.00002
Microterricola	518733	G	360	50	410	0.00001
Protaetiibacter	2680004	G	340	67	407	0.00001
Mycetocola	76634	G	326	25	351	0.00001
Cnuibacter	1759331	G	245	39	284	0.00001
Gulosibacter	256818	G	197	59	256	0.00001
Orlajensenia	3440766	G	193	22	215	0.00001
Glaciihabitans	1649454	G	162	5	167	0.00001
Homoserinimonas	1434009	G	157	15	172	0.00001
Gryllotalpicola	1195526	G	152	14	166	0.00001
Antiquaquibacter	3108736	G	132	6	138	0.00000
Okibacterium	196084	G	125	22	147	0.00001
Diaminobutyricimonas	1433997	G	122	12	134	0.00000
Marisediminicola	1230698	G	122	9	131	0.00000
Lysinibacter	1857011	G	115	3	118	0.00000
Homoserinibacter	1649457	G	109	18	127	0.00000
Humibacter	427753	G	100	30	130	0.00000
Humidisolicoccus	3425211	G	97	6	103	0.00000
Naasia	1434022	G	86	9	95	0.00000
Ruicaihuangia	3137419	G	79	8	87	0.00000
Pontimonas	1434032	G	65	1	66	0.00000
Arthrobacter	1663	G	16146	2245	18391	0.00066
Pseudarthrobacter	1742993	G	3467	1080	4547	0.00016
Glutamicibacter	1742989	G	2580	592	3172	0.00011
Rothia	32207	G	1947	535	2482	0.00009
Paenarthrobacter	1742992	G	1667	682	2349	0.00008
Kocuria	57493	G	1508	422	1930	0.00007
Sinomonas	596707	G	906	44	950	0.00003
Micrococcus	1269	G	839	389	1228	0.00004
Citricoccus	169133	G	548	173	721	0.00003
Crystallibacter	3456524	G	411	40	451	0.00002
Neomicrococcus	1868332	G	332	65	397	0.00001
Paeniglutamicibacter	1742990	G	165	14	179	0.00001
Auritidibacter	1160973	G	136	3	139	0.00000
Nesterenkonia	57494	G	123	0	123	0.00000
Renibacterium	1645	G	121	4	125	0.00000
Psychromicrobium	2078575	G	116	3	119	0.00000
Pseudoglutamicibacter	1742991	G	89	153	242	0.00001
Zhihengliuella	370735	G	47	90	137	0.00000
Cellulomonas	1707	G	3906	610	4516	0.00016
Oerskovia	162491	G	930	167	1097	0.00004
Paraoerskovia	665568	G	184	24	208	0.00001
Actinotalea	458839	G	118	21	139	0.00000
Pseudactinotalea	1926259	G	94	4	98	0.00000
Janibacter	53457	G	1202	243	1445	0.00005
Phycicoccus	367298	G	490	162	652	0.00002
Arsenicicoccus	267408	G	486	81	567	0.00002
Pedococcus	2805645	G	388	52	440	0.00002
Knoellia	136099	G	384	28	412	0.00001
Oryzobacter	1849973	G	362	64	426	0.00002
Terrabacter	53355	G	316	49	365	0.00001
Nostocoides	99479	G	148	16	164	0.00001
Humibacillus	556178	G	142	16	158	0.00001
Intrasporangium	53357	G	118	12	130	0.00000
Cellulosimicrobium	157920	G	1304	197	1501	0.00005
Isoptericola	254250	G	735	650	1385	0.00005
Xylanimonas	186188	G	563	88	651	0.00002
Promicromonospora	43676	G	526	42	568	0.00002
Brevibacterium	1696	G	2336	567	2903	0.00010
Saxibacter	3162691	G	258	7	265	0.00001
Brachybacterium	43668	G	2027	255	2282	0.00008
Dermabacter	36739	G	297	276	573	0.00002
Devriesea	472568	G	125	3	128	0.00000
Helcobacillus	1161125	G	80	18	98	0.00000
Ornithinimicrobium	125287	G	1421	153	1574	0.00006
Serinicoccus	265976	G	712	94	806	0.00003
Timonella	1465824	G	529	61	590	0.00002
Pengzhenrongella	2888818	G	322	34	356	0.00001
Luteimicrobium	754249	G	99	16	115	0.00000
Demequina	577469	G	887	81	968	0.00003
Sanguibacter	60919	G	844	94	938	0.00003
Dermacoccus	57495	G	224	60	284	0.00001
Luteipulveratus	745364	G	164	10	174	0.00001
Allobranchiibius	2040262	G	142	10	152	0.00001
Barrientosiimonas	1535207	G	135	32	167	0.00001
Yimella	908935	G	110	9	119	0.00000
Ruania	626119	G	592	32	624	0.00002
Occultella	2828348	G	172	18	190	0.00001
Dermatophilus	1862	G	184	7	191	0.00001
Austwickia	1184606	G	146	6	152	0.00001
Gephyromycinifex	2885697	G	143	5	148	0.00001
Beutenbergia	84756	G	179	15	194	0.00001
Miniimonas	947525	G	105	81	186	0.00001
Kytococcus	57499	G	243	72	315	0.00001
Jonesia	43673	G	146	21	167	0.00001
Tropheryma	2038	G	32	0	32	0.00000
Mycobacterium	1763	G	17325	1575	18900	0.00068
Mycolicibacterium	1866885	G	16465	2368	18833	0.00067
Mycobacteroides	670516	G	1184	191	1375	0.00005
Mycolicibacter	1073531	G	804	206	1010	0.00004
Mycolicibacillus	2126281	G	431	65	496	0.00002
Nocardia	1817	G	13534	868	14402	0.00052
Rhodococcus	1827	G	9043	1090	10133	0.00036
Prescottella	2979332	G	794	111	905	0.00003
Rhodococcoides	3259750	G	506	163	669	0.00002
Williamsia	85043	G	169	10	179	0.00001
Corynebacterium	1716	G	21539	4529	26068	0.00093
Gordonia	2053	G	5140	646	5786	0.00021
Skermania	59613	G	117	3	120	0.00000
Tsukamurella	2060	G	1116	78	1194	0.00004
Dietzia	37914	G	1038	312	1350	0.00005
Tomitella	741759	G	248	19	267	0.00001
Hoyosella	697025	G	187	5	192	0.00001
Lawsonella	1847725	G	104	9	113	0.00000
Segniliparus	286801	G	91	1	92	0.00000
Micromonospora	1873	G	16720	1740	18460	0.00066
Actinoplanes	1865	G	6294	444	6738	0.00024
Dactylosporangium	35753	G	4635	242	4877	0.00017
Phytohabitans	907364	G	1475	84	1559	0.00006
Plantactinospora	673534	G	1117	99	1216	0.00004
Actinocatenispora	390988	G	527	23	550	0.00002
Solwaraspora	265431	G	489	33	522	0.00002
Couchioplanes	56433	G	426	62	488	0.00002
Polymorphospora	338583	G	409	49	458	0.00002
Catellatospora	53365	G	330	38	368	0.00001
Longispora	203522	G	261	20	281	0.00001
Krasilnikovia	349312	G	195	23	218	0.00001
Natronosporangium	2920401	G	148	4	152	0.00001
Salinispora	168694	G	141	10	151	0.00001
Amycolatopsis	1813	G	11898	908	12806	0.00046
Pseudonocardia	1847	G	3647	355	4002	0.00014
Lentzea	165301	G	2085	195	2280	0.00008
Saccharopolyspora	1835	G	2026	209	2235	0.00008
Actinoalloteichus	65496	G	1813	33	1846	0.00007
Kutzneria	43356	G	1455	152	1607	0.00006
Saccharothrix	2071	G	1018	142	1160	0.00004
Saccharomonospora	1851	G	897	101	998	0.00004
Actinokineospora	39845	G	873	158	1031	0.00004
Actinomycetospora	402649	G	765	51	816	0.00003
Actinosynnema	40566	G	534	97	631	0.00002
Kibdelosporangium	2029	G	406	23	429	0.00002
Crossiella	130795	G	357	45	402	0.00001
Umezawaea	583360	G	353	35	388	0.00001
Alloactinosynnema	674734	G	278	57	335	0.00001
Prauserella	142577	G	239	8	247	0.00001
Allokutzneria	1137960	G	226	29	255	0.00001
Allosaccharopolyspora	2893576	G	161	23	184	0.00001
Nocardioides	1839	G	11067	1250	12317	0.00044
Aeromicrobium	2040	G	1326	112	1438	0.00005
Pimelobacter	2044	G	490	149	639	0.00002
Solicola	3024237	G	259	15	274	0.00001
Mumia	1546255	G	255	19	274	0.00001
Micropruina	116071	G	222	43	265	0.00001
Friedmanniella	53387	G	177	15	192	0.00001
Cutibacterium	1912216	G	4109	653	4762	0.00017
Tessaracoccus	72763	G	1468	327	1795	0.00006
Microlunatus	29404	G	908	50	958	0.00003
Arachnia	2801844	G	660	26	686	0.00002
Propionibacterium	1743	G	634	213	847	0.00003
Acidipropionibacterium	1912215	G	519	254	773	0.00003
Propioniciclava	1085622	G	440	261	701	0.00003
Raineyella	1911549	G	359	91	450	0.00002
Propionimicrobium	203133	G	322	27	349	0.00001
Luteococcus	33983	G	246	15	261	0.00001
Ammonicoccus	3417658	G	194	158	352	0.00001
Naumannella	1294511	G	179	56	235	0.00001
Brooklawnia	369926	G	152	59	211	0.00001
Vaginimicrobium	2919589	G	146	68	214	0.00001
Auraticoccus	1278221	G	144	9	153	0.00001
Kribbella	182639	G	4106	207	4313	0.00015
Actinopolymorpha	117156	G	294	11	305	0.00001
Nonomuraea	83681	G	4155	375	4530	0.00016
Streptosporangium	2000	G	3048	343	3391	0.00012
Microbispora	2005	G	1375	152	1527	0.00005
Microtetraspora	1995	G	494	76	570	0.00002
Sphaerisporangium	321315	G	428	53	481	0.00002
Sphaerimonospora	1792303	G	235	20	255	0.00001
Thermobispora	147067	G	158	10	168	0.00001
Spongiactinospora	2871671	G	42	6	48	0.00000
Actinomadura	1988	G	3163	474	3637	0.00013
Spirillospora	58122	G	828	131	959	0.00003
Actinoallomurus	667113	G	763	72	835	0.00003
Thermomonospora	2019	G	409	53	462	0.00002
Nocardiopsis	2013	G	1670	235	1905	0.00007
Thermobifida	83677	G	489	38	527	0.00002
Streptomonospora	104204	G	276	108	384	0.00001
Spiractinospora	2913367	G	209	5	214	0.00001
Bifidobacterium	1678	G	13493	1011	14504	0.00052
Gardnerella	2701	G	2381	325	2706	0.00010
Alloscardovia	419014	G	461	4	465	0.00002
Scardovia	196081	G	279	13	292	0.00001
Bombiscardovia	1159909	G	146	1	147	0.00001
Parascardovia	196082	G	118	4	122	0.00000
Actinomyces	1654	G	4261	330	4591	0.00016
Trueperella	1069494	G	1416	471	1887	0.00007
Schaalia	2529408	G	1344	156	1500	0.00005
Arcanobacterium	28263	G	1073	106	1179	0.00004
Actinotignum	1653174	G	292	84	376	0.00001
Flaviflexus	1522056	G	270	53	323	0.00001
Changpingibacter	2912996	G	251	114	365	0.00001
Gleimia	2692113	G	187	204	391	0.00001
Buchananella	2767323	G	139	9	148	0.00001
Mobiluncus	2050	G	139	41	180	0.00001
Winkia	2692118	G	115	148	263	0.00001
Boudabousia	2767318	G	92	2	94	0.00000
Varibaculum	184869	G	90	23	113	0.00000
Actinobaculum	76833	G	86	2	88	0.00000
Pauljensenia	2740557	G	81	33	114	0.00000
Scrofimicrobium	2815785	G	80	0	80	0.00000
Nanchangia	2888879	G	72	1	73	0.00000
Candidatus Planktophila	622681	G	2522	16	2538	0.00009
Candidatus Nanopelagicus	2039639	G	332	3	335	0.00001
Frankia	1854	G	783	45	828	0.00003
Parafrankia	2994362	G	507	39	546	0.00002
Pseudofrankia	2994363	G	302	18	320	0.00001
Protofrankia	2994361	G	195	65	260	0.00001
Blastococcus	38501	G	817	108	925	0.00003
Modestobacter	88138	G	416	64	480	0.00002
Geodermatophilus	1860	G	286	43	329	0.00001
Georgenia	154116	G	987	233	1220	0.00004
Nakamurella	53460	G	978	49	1027	0.00004
Kineococcus	33981	G	526	71	597	0.00002
Angustibacter	908626	G	137	11	148	0.00001
Jiangella	281472	G	589	51	640	0.00002
Jatrophihabitans	1434010	G	457	18	475	0.00002
Catenulispora	414878	G	388	29	417	0.00001
Stackebrandtia	283810	G	222	4	226	0.00001
Natronoglycomyces	2838311	G	147	0	147	0.00001
Epidermidibacterium	2078948	G	196	199	395	0.00001
Actinopolyspora	1849	G	115	2	117	0.00000
Acidothermus	28048	G	70	1	71	0.00000
Eggerthella	84111	G	3670	833	4503	0.00016
Raoultibacter	1926677	G	1867	187	2054	0.00007
Gordonibacter	644652	G	1405	793	2198	0.00008
Adlercreutzia	447020	G	1351	286	1637	0.00006
Slackia	84108	G	1193	50	1243	0.00004
Phoenicibacter	1981050	G	1128	431	1559	0.00006
Berryella	2815775	G	832	475	1307	0.00005
Arabiibacter	2005386	G	773	27	800	0.00003
Xiamenia	2981344	G	480	4	484	0.00002
Cryptobacterium	84162	G	404	5	409	0.00001
Denitrobacterium	79603	G	399	155	554	0.00002
Parolsenella	2082587	G	1093	648	1741	0.00006
Lancefieldella	2767353	G	1063	15	1078	0.00004
Olsenella	133925	G	989	58	1047	0.00004
Thermophilibacter	2847307	G	971	199	1170	0.00004
Parafannyhessea	2847312	G	809	232	1041	0.00004
Fannyhessea	2767327	G	433	123	556	0.00002
Atopobium	1380	G	327	14	341	0.00001
Collinsella	102106	G	2683	538	3221	0.00012
Enorma	1472762	G	1180	121	1301	0.00005
Coriobacterium	33870	G	274	3	277	0.00001
Leptogranulimonas	2995122	G	345	3	348	0.00001
Aquihabitans	1648491	G	1000	67	1067	0.00004
Iamia	467975	G	863	47	910	0.00003
Dermatobacter	3075137	G	299	13	312	0.00001
Actinomarinicola	2789775	G	245	29	274	0.00001
Actinospongicola	3449744	G	161	6	167	0.00001
Candidatus Poriferisocius	2983186	G	1276	47	1323	0.00005
Candidatus Poriferisodalis	2983190	G	1211	18	1229	0.00004
Ilumatobacter	682522	G	613	4	617	0.00002
Salinilacustrithrix	3436875	G	408	30	438	0.00002
Acidimicrobium	53634	G	74	0	74	0.00000
Candidatus Spongiisocius	2983163	G	137	0	137	0.00000
Baekduia	2600304	G	1159	112	1271	0.00005
Svornostia	3231543	G	231	17	248	0.00001
Conexibacter	191494	G	965	68	1033	0.00004
Capillimicrobium	2976759	G	476	57	533	0.00002
Paraconexibacter	2758920	G	430	28	458	0.00002
Miltoncostaea	2843200	G	542	16	558	0.00002
Thermoleophilum	192992	G	181	3	184	0.00001
Rubrobacter	42255	G	1211	1	1212	0.00004
Euzebya	908623	G	424	5	429	0.00002
Egicoccus	1755825	G	283	5	288	0.00001
Egibacter	1747770	G	185	2	187	0.00001
Spiroplasma	2132	G	42228	761	42989	0.00154
Mesoplasma	46239	G	4980	714	5694	0.00020
Entomoplasma	46238	G	466	63	529	0.00002
Williamsoniiplasma	2919614	G	2144	245	2389	0.00009
Mycoplasma	2093	G	27564	4330	31894	0.00114
Candidatus Hepatoplasma	295595	G	676	43	719	0.00003
Acholeplasma	2147	G	8895	774	9669	0.00035
Candidatus Phytoplasma	33926	G	4736	48	4784	0.00017
Haploplasma	2903106	G	2687	133	2820	0.00010
Mariniplasma	2903100	G	2508	177	2685	0.00010
Candidatus Izemoplasma	2975549	G	6018	163	6181	0.00022
Candidatus Xianfuyuplasma	2975521	G	1467	72	1539	0.00006
Hujiaoplasma	3078171	G	2121	357	2478	0.00009
Mycoplasmopsis	2767358	G	18224	1528	19752	0.00071
Metamycoplasma	2895509	G	6686	738	7424	0.00027
Mesomycoplasma	2923352	G	6510	270	6780	0.00024
Malacoplasma	2791001	G	2632	33	2665	0.00010
Ureaplasma	2129	G	1805	71	1876	0.00007
Mycoplasmoides	2995234	G	1310	139	1449	0.00005
Nostoc	1177	G	11038	967	12005	0.00043
Anabaena	1163	G	1459	959	2418	0.00009
Cylindrospermum	56106	G	575	131	706	0.00003
Trichormus	264688	G	460	131	591	0.00002
Richelia	98443	G	317	30	347	0.00001
Dolichospermum	748770	G	844	1150	1994	0.00007
Cylindrospermopsis	77021	G	825	42	867	0.00003
Sphaerospermopsis	752201	G	682	47	729	0.00003
Okeanomitos	3231549	G	423	31	454	0.00002
Calothrix	1186	G	2414	61	2475	0.00009
Nodularia	159191	G	579	51	630	0.00002
Halotia	1620790	G	522	32	554	0.00002
Aliinostoc	2035978	G	434	109	543	0.00002
Anabaenopsis	110103	G	272	39	311	0.00001
Tolypothrix	111782	G	1498	62	1560	0.00006
Fischerella	1190	G	1184	122	1306	0.00005
Rivularia	373984	G	633	6	639	0.00002
Brasilonema	383614	G	485	12	497	0.00002
Chlorogloeopsis	1123	G	401	0	401	0.00001
Cyanobacterium	102234	G	2433	88	2521	0.00009
Geminocystis	669357	G	2049	48	2097	0.00008
Picosynechococcus	3079908	G	1492	58	1550	0.00006
Gloeothece	28070	G	1483	28	1511	0.00005
Candidatus Atelocyanobacterium	1453359	G	1222	114	1336	0.00005
Crocosphaera	263510	G	820	25	845	0.00003
Rippkaea	2546365	G	429	19	448	0.00002
Microcystis	1125	G	1713	211	1924	0.00007
Halothece	76023	G	606	97	703	0.00003
Euhalothece	65097	G	249	12	261	0.00001
Gloeocapsa	102231	G	403	24	427	0.00002
Gloeocapsopsis	693222	G	229	36	265	0.00001
Planktothrix	54304	G	1701	132	1833	0.00007
Trichodesmium	1205	G	1375	8	1383	0.00005
Microcoleus	44471	G	1188	76	1264	0.00005
Oxynema	1492710	G	914	30	944	0.00003
Koinonema	2023214	G	642	14	656	0.00002
Phormidium	1198	G	615	63	678	0.00002
Planktothricoides	132607	G	383	10	393	0.00001
Limnospira	2596745	G	1186	270	1456	0.00005
Capilliphycus	2768926	G	1064	40	1104	0.00004
Prochlorococcus	1218	G	10023	85	10108	0.00036
Cyanobium	167375	G	769	60	829	0.00003
Parasynechococcus	2881427	G	35	15	50	0.00000
Synechococcus	1129	G	8146	231	8377	0.00030
Synechocystis	1142	G	1011	34	1045	0.00004
Altericista	2855430	G	238	7	245	0.00001
Leptolyngbya	47251	G	2303	327	2630	0.00009
Kovacikia	1874526	G	647	29	676	0.00002
Leptothermofonsia	2917830	G	621	87	708	0.00003
Leptodesmis	2664261	G	336	117	453	0.00002
Trichothermofontia	3045815	G	287	15	302	0.00001
Trichocoleus	450526	G	235	22	257	0.00001
Pseudanabaena	1152	G	1895	55	1950	0.00007
Thalassoporum	2799719	G	208	4	212	0.00001
Acaryochloris	155977	G	1025	7	1032	0.00004
Thermosynechococcus	146785	G	761	20	781	0.00003
Parathermosynechococcus	3161592	G	169	4	173	0.00001
Stanieria	102115	G	1014	30	1044	0.00004
Pleurocapsa	44474	G	799	48	847	0.00003
Dactylococcopsis	13034	G	742	134	876	0.00003
Nodosilinea	1120752	G	309	34	343	0.00001
Halomicronema	170610	G	178	1	179	0.00001
Allocoleopsis	2886347	G	698	39	737	0.00003
Moorena	1155738	G	407	5	412	0.00001
Egbenema	3079668	G	519	40	559	0.00002
Thermoleptolyngbya	2303528	G	261	323	584	0.00002
Thermocoleostomius	3065395	G	202	23	225	0.00001
Gloeobacter	33071	G	742	4	746	0.00003
Anthocerotibacter	2857076	G	163	1	164	0.00001
Crinalium	241421	G	495	28	523	0.00002
Chamaesiphon	217161	G	401	12	413	0.00001
Chroococcidiopsis	54298	G	700	22	722	0.00003
Desertifilum	1185872	G	328	21	349	0.00001
Geitlerinema	63132	G	246	21	267	0.00001
Gloeomargarita	1188227	G	170	935	1105	0.00004
Dehalococcoides	61434	G	1124	31	1155	0.00004
Dehalogenimonas	670486	G	756	0	756	0.00003
Candidatus Lucifugimonas	3143249	G	124	0	124	0.00000
Chloroflexus	1107	G	755	1	756	0.00003
Roseiflexus	120961	G	672	8	680	0.00002
Candidatus Chlorohelix	3139173	G	324	2	326	0.00001
Thermobaculum	262406	G	169	4	173	0.00001
Candidatus Leptofilum	3140596	G	937	16	953	0.00003
Candidatus Promineifilum	1988031	G	484	0	484	0.00002
Candidatus Brevifilum	2019482	G	292	0	292	0.00001
Pelolinea	1649478	G	268	0	268	0.00001
Anaerolinea	233189	G	245	0	245	0.00001
Caldilinea	233191	G	627	10	637	0.00002
Phototrophicus	2922426	G	500	0	500	0.00002
Ktedonosporobacter	2692417	G	433	2	435	0.00002
Tepidiforma	2682228	G	286	0	286	0.00001
Thermoflexus	1495649	G	269	0	269	0.00001
Capsulimonas	2494209	G	561	0	561	0.00002
Fimbriimonas	1005038	G	372	0	372	0.00001
Chthonomonas	1077265	G	182	0	182	0.00001
Vulcanimicrobium	3016049	G	187	0	187	0.00001
Cetobacterium	180162	G	81453	3001	84454	0.00303
Fusobacterium	848	G	66208	2192	68400	0.00245
Ilyobacter	167639	G	5307	24	5331	0.00019
Leptotrichia	32067	G	14629	553	15182	0.00054
Sneathia	168808	G	2283	44	2327	0.00008
Streptobacillus	34104	G	1634	117	1751	0.00006
Sebaldella	32068	G	1476	8	1484	0.00005
Pseudoleptotrichia	2755140	G	1094	84	1178	0.00004
Haliovirga	3072462	G	1928	5	1933	0.00007
Marinitoga	160798	G	2318	5	2323	0.00008
Tepiditoga	2778400	G	1747	11	1758	0.00006
Oceanotoga	1255275	G	1590	15	1605	0.00006
Defluviitoga	1511648	G	751	90	841	0.00003
Petrotoga	28236	G	377	22	399	0.00001
Thermosipho	2420	G	1963	50	2013	0.00007
Fervidobacterium	2422	G	1747	91	1838	0.00007
Thermotoga	2335	G	1067	6	1073	0.00004
Pseudothermotoga	1643951	G	783	15	798	0.00003
Kosmotoga	651456	G	555	1	556	0.00002
Mesotoga	1184396	G	502	0	502	0.00002
Athalassotoga	1769718	G	399	0	399	0.00001
Deinococcus	1298	G	8178	46	8224	0.00029
Thermus	270	G	1271	40	1311	0.00005
Meiothermus	65551	G	336	9	345	0.00001
Marinithermus	186191	G	198	3	201	0.00001
Allomeiothermus	2935559	G	137	8	145	0.00001
Oceanithermus	208447	G	128	4	132	0.00000
Truepera	332248	G	207	0	207	0.00001
Cloacibacillus	508459	G	2495	24	2519	0.00009
Thermanaerovibrio	81461	G	500	23	523	0.00002
Aminomonas	81411	G	497	22	519	0.00002
Pyramidobacter	638847	G	1521	10	1531	0.00005
Jonquetella	428711	G	332	6	338	0.00001
Fretibacterium	1434006	G	1054	0	1054	0.00004
Aminobacterium	81466	G	438	1	439	0.00002
Aminithiophilus	3029078	G	59	268	327	0.00001
Aminirod	3415218	G	46	189	235	0.00001
Candidatus Nanosynbacter	2093823	G	400	159	559	0.00002
Candidatus Southlakia	3350975	G	170	7	177	0.00001
Candidatus Saccharimonas	1331051	G	53	0	53	0.00000
Candidatus Mycosynbacter	2831665	G	109	0	109	0.00000
Candidatus Minimicrobia	2905967	G	34	66	100	0.00000
Candidatus Babela	1551504	G	674	0	674	0.00002
Candidatus Chromulinivorax	2953757	G	201	5	206	0.00001
Minisyncoccus	3238478	G	257	0	257	0.00001
Candidatus Chazhemtobacterium	2715734	G	58	0	58	0.00000
Candidatus Absconditicoccus	2900570	G	284	0	284	0.00001
Candidatus Fervidibacter	1448928	G	245	0	245	0.00001
Candidatus Bipolaricaulis	2250122	G	66	1849	1915	0.00007
Persicimonas	2766927	G	297	3	300	0.00001
Bradymonas	1779136	G	234	4	238	0.00001
Microvenator	2946507	G	379	0	379	0.00001
Dissulfurimicrobium	1769732	G	164	0	164	0.00001
Homo	9605	G	427493	26237	453730	0.01626
Fusarium	5506	G	6972	364	7336	0.00026
Trichoderma	5543	G	3134	292	3426	0.00012
Ustilaginoidea	124426	G	1084	27	1111	0.00004
Metarhizium	5529	G	943	12	955	0.00003
Pochonia	243023	G	711	10	721	0.00003
Purpureocillium	1052105	G	847	54	901	0.00003
Drechmeria	98402	G	540	9	549	0.00002
Akanthomyces	150366	G	725	28	753	0.00003
Colletotrichum	5455	G	3275	215	3490	0.00013
Neurospora	5140	G	1923	93	2016	0.00007
Sordaria	5146	G	802	125	927	0.00003
Thermothelomyces	1920207	G	933	18	951	0.00003
Thermothielavioides	2609811	G	594	20	614	0.00002
Podospora	5144	G	1240	21	1261	0.00005
Remersonia	72143	G	531	13	544	0.00002
Pyricularia	48558	G	3368	10	3378	0.00012
Botrytis	33196	G	2375	238	2613	0.00009
Aspergillus	5052	G	4985	151	5136	0.00018
Penicillium	5073	G	1760	174	1934	0.00007
Talaromyces	5094	G	1347	99	1446	0.00005
Coccidioides	5500	G	964	99	1063	0.00004
Pyrenophora	5027	G	1131	192	1323	0.00005
Alternaria	5598	G	1005	35	1040	0.00004
Ascochyta	5453	G	1836	107	1943	0.00007
Zymoseptoria	1047167	G	662	24	686	0.00002
Cercospora	29002	G	624	105	729	0.00003
Fulvia	2897311	G	611	31	642	0.00002
Saccharomyces	4930	G	2610	291	2901	0.00010
Naumovozyma	278028	G	1981	113	2094	0.00008
Henningerozyma	3163253	G	1748	146	1894	0.00007
Tetrapisispora	113604	G	1337	53	1390	0.00005
Kluyveromyces	4910	G	1227	186	1413	0.00005
Torulaspora	4948	G	1093	143	1236	0.00004
Eremothecium	33170	G	870	763	1633	0.00006
Nakaseomyces	374468	G	858	191	1049	0.00004
Kazachstania	71245	G	729	28	757	0.00003
Zygosaccharomyces	4953	G	685	72	757	0.00003
Zygotorulaspora	1196389	G	484	77	561	0.00002
Huiozyma	3163251	G	409	23	432	0.00002
Lachancea	300275	G	173	18	191	0.00001
Saccharomycodes	36034	G	1582	324	1906	0.00007
Candida	5475	G	3341	171	3512	0.00013
Lodderomyces	36913	G	1519	361	1880	0.00007
Debaryomyces	4958	G	1075	7	1082	0.00004
Scheffersomyces	766733	G	748	24	772	0.00003
Yamadazyma	766765	G	425	58	483	0.00002
Australozyma	3300567	G	688	15	703	0.00003
Candidozyma	3303203	G	307	30	337	0.00001
Brettanomyces	13366	G	1258	161	1419	0.00005
Pichia	4919	G	681	35	716	0.00003
Ogataea	461281	G	205	8	213	0.00001
Komagataella	460517	G	163	1	164	0.00001
Sugiyamaella	410829	G	618	110	728	0.00003
Yarrowia	4951	G	485	2	487	0.00002
Schizosaccharomyces	4895	G	1815	46	1861	0.00007
Kwoniella	490731	G	7444	641	8085	0.00029
Cryptococcus	5206	G	3045	272	3317	0.00012
Cutaneotrichosporon	1838142	G	669	47	716	0.00003
Vanrija	1851468	G	476	43	519	0.00002
Psilocybe	71950	G	1129	18	1147	0.00004
Marasmius	34448	G	701	18	719	0.00003
Rhizoctonia	1322061	G	609	8	617	0.00002
Puccinia	5296	G	4686	152	4838	0.00017
Sporisorium	63265	G	638	90	728	0.00003
Mycosarcoma	2689624	G	299	1	300	0.00001
Malassezia	55193	G	942	51	993	0.00004
Rhizophagus	1129544	G	12933	634	13567	0.00049
Vairimorpha	6038	G	1452	14	1466	0.00005
Encephalitozoon	6033	G	316	0	316	0.00001
Plasmodium	5820	G	27244	377	27621	0.00099
Theileria	5873	G	2285	336	2621	0.00009
Babesia	5864	G	1057	58	1115	0.00004
Toxoplasma	5810	G	1311	273	1584	0.00006
Neospora	29175	G	661	2	663	0.00002
Besnoitia	94642	G	589	19	608	0.00002
Cryptosporidium	5806	G	1548	50	1598	0.00006
Paramecium	5884	G	168	0	168	0.00001
Phaeodactylum	2849	G	1420	33	1453	0.00005
Thalassiosira	35127	G	883	38	921	0.00003
Bremia	4778	G	2164	345	2509	0.00009
Bigelowiella	227085	G	140	0	140	0.00001
Trichomonas	5721	G	8533	5	8538	0.00031
Spironucleus	39709	G	1325	0	1325	0.00005
Giardia	5740	G	414	0	414	0.00001
Leishmania	5658	G	4062	76	4138	0.00015
Porcisia	2761499	G	650	16	666	0.00002
Trypanosoma	5690	G	685	50	735	0.00003
Naegleria	5761	G	15	0	15	0.00000
Dictyostelium	5782	G	5051	64	5115	0.00018
Cryptomonas	3030	G	255	12	267	0.00001
Hemiselmis	77924	G	120	0	120	0.00000
Guillardia	55528	G	275	59	334	0.00001
Natrinema	88723	G	1281	82	1363	0.00005
Halovivax	332951	G	742	7	749	0.00003
Natronosalvus	3076685	G	411	5	416	0.00001
Natronorubrum	134813	G	342	15	357	0.00001
Haloterrigena	121871	G	334	19	353	0.00001
Natronococcus	29287	G	231	6	237	0.00001
Halosolutus	2993618	G	211	5	216	0.00001
Natrialba	63742	G	201	14	215	0.00001
Natrarchaeobaculum	2765402	G	188	9	197	0.00001
Halovalidus	3383206	G	143	3	146	0.00001
Natronobacterium	2256	G	142	14	156	0.00001
Halomontanus	3125902	G	126	1	127	0.00000
Halopiger	387342	G	100	6	106	0.00000
Natronobeatus	3065678	G	79	9	88	0.00000
Natribaculum	1699375	G	74	7	81	0.00000
Natrononativus	3065677	G	68	0	68	0.00000
Salinilacihabitans	3065676	G	58	2	60	0.00000
Halostagnicola	353799	G	48	0	48	0.00000
Halobaculum	43927	G	688	77	765	0.00003
Halorubrum	56688	G	588	58	646	0.00002
Haloferax	2251	G	561	3	564	0.00002
Haloplanus	376170	G	530	55	585	0.00002
Halorarum	3163375	G	297	14	311	0.00001
Halobellus	1073986	G	237	43	280	0.00001
Halolamina	1075397	G	233	27	260	0.00001
Haloprofundus	1911573	G	201	6	207	0.00001
Salinigranum	1644057	G	137	2	139	0.00000
Halohasta	1450140	G	105	18	123	0.00000
Halopenitus	1209988	G	84	0	84	0.00000
Halalkaliarchaeum	2678343	G	77	1	78	0.00000
Halogeometricum	60846	G	68	1	69	0.00000
Haloquadratum	293431	G	51	0	51	0.00000
Salinirarus	3415185	G	37	6	43	0.00000
Haloarcula	2237	G	1659	94	1753	0.00006
Halorientalis	1073987	G	547	149	696	0.00002
Halosimplex	171163	G	521	33	554	0.00002
Halomicrobium	203135	G	298	19	317	0.00001
Halorhabdus	146825	G	218	5	223	0.00001
Halapricum	1542963	G	159	1	160	0.00001
Salinibaculum	2732368	G	111	4	115	0.00000
Halovenus	1377992	G	57	0	57	0.00000
Halococcoides	2907507	G	24	0	24	0.00000
Natronomonas	63743	G	414	43	457	0.00002
Halocatena	2907493	G	324	0	324	0.00001
Haloglomus	2806252	G	276	14	290	0.00001
Halomarina	871740	G	215	2	217	0.00001
Halorarius	3056835	G	156	30	186	0.00001
Salinirubellus	2162630	G	123	1	124	0.00000
Halosegnis	2841540	G	115	32	147	0.00001
Halorussus	1070314	G	1021	141	1162	0.00004
Haladaptatus	367188	G	511	1	512	0.00002
Halomicrococcus	2614447	G	106	1	107	0.00000
Halobacterium	2239	G	536	64	600	0.00002
Salarchaeum	1075398	G	99	39	138	0.00000
Halarchaeum	744724	G	88	1	89	0.00000
Halanaeroarchaeum	1656823	G	72	0	72	0.00000
Halodesulfurarchaeum	1980514	G	66	0	66	0.00000
Halospeciosus	3116496	G	64	9	73	0.00000
Halococcus	2249	G	375	0	375	0.00001
Halalkalicoccus	332246	G	120	0	120	0.00000
Natronorarus	3386557	G	151	0	151	0.00001
Haloarchaeobius	1269031	G	144	0	144	0.00001
Salinarchaeum	1269201	G	112	0	112	0.00000
Natranaeroarchaeum	2917705	G	23	0	23	0.00000
Methanosarcina	2207	G	5531	36	5567	0.00020
Methanolobus	2220	G	1944	18	1962	0.00007
Methanococcoides	2225	G	586	11	597	0.00002
Methanohalophilus	2175	G	537	3	540	0.00002
Methanomethylovorans	101191	G	428	1	429	0.00002
Methanimicrococcus	91559	G	280	6	286	0.00001
Methanohalobium	2321	G	209	0	209	0.00001
Methanosalsum	196136	G	175	1	176	0.00001
Methanolapillus	3136068	G	174	5	179	0.00001
Methanoplanus	2314	G	522	16	538	0.00002
Methanogenium	2195	G	314	6	320	0.00001
Methanoculleus	45989	G	288	1	289	0.00001
Methanomicrobium	2204	G	228	19	247	0.00001
Methanofollis	81416	G	226	1	227	0.00001
Methanolacinia	230355	G	167	3	170	0.00001
Methanochimaera	3385476	G	159	13	172	0.00001
Methanospirillum	2202	G	606	4	610	0.00002
Methanoregula	395331	G	165	0	165	0.00001
Methanosphaerula	475087	G	153	2	155	0.00001
Methanocorpusculum	2192	G	115	0	115	0.00000
Methanocella	570266	G	666	22	688	0.00002
Methanothrix	2222	G	354	2	356	0.00001
Candidatus Nanosalina	1051666	G	29	0	29	0.00000
Methanobacterium	2160	G	4182	171	4353	0.00016
Methanobrevibacter	2172	G	3956	19	3975	0.00014
Methanosphaera	2316	G	1414	5	1419	0.00005
Methanothermobacter	145260	G	463	0	463	0.00002
Methanocaldococcus	196118	G	2314	60	2374	0.00009
Methanotorris	196119	G	413	18	431	0.00002
Methanococcus	2184	G	1811	17	1828	0.00007
Methanothermococcus	155862	G	870	23	893	0.00003
Methanofervidicoccus	2607661	G	58	0	58	0.00000
Methanopyrus	2319	G	212	0	212	0.00001
Thermococcus	2263	G	3145	7	3152	0.00011
Pyrococcus	2260	G	803	12	815	0.00003
Palaeococcus	83867	G	69	0	69	0.00000
Archaeoglobus	2233	G	462	0	462	0.00002
Geoglobus	190818	G	427	0	427	0.00002
Ferroglobus	54260	G	66	0	66	0.00000
Methanonatronarchaeum	2022711	G	225	10	235	0.00001
Candidatus Methanoliparum	2545692	G	49	0	49	0.00000
Ferroplasma	74968	G	489	0	489	0.00002
Acidiplasma	507753	G	168	0	168	0.00001
Picrophilus	46631	G	239	0	239	0.00001
Thermoplasma	2302	G	58	0	58	0.00000
Oxyplasma	3373586	G	48	0	48	0.00000
Cuniculiplasma	1747777	G	91	0	91	0.00000
Methanomassiliicoccus	1080709	G	404	0	404	0.00001
Candidatus Methanoplasma	1607807	G	152	0	152	0.00001
Methanomethylophilus	1291539	G	99	0	99	0.00000
Candidatus Aciduliprofundum	379546	G	148	0	148	0.00001
Acidianus	12914	G	2274	28	2302	0.00008
Saccharolobus	2100760	G	1520	209	1729	0.00006
Sulfurisphaera	69655	G	1061	7	1068	0.00004
Metallosphaera	41980	G	585	1	586	0.00002
Sulfolobus	2284	G	372	27	399	0.00001
Stygiolobus	41674	G	190	0	190	0.00001
Sulfuracidifex	2705406	G	55	0	55	0.00000
Sulfodiicoccus	2017961	G	38	0	38	0.00000
Staphylothermus	2279	G	462	0	462	0.00002
Desulfurococcus	2273	G	264	0	264	0.00001
Thermosphaera	54253	G	133	1	134	0.00000
Ignicoccus	54258	G	113	0	113	0.00000
Thermogladius	477695	G	105	0	105	0.00000
Aeropyrum	56635	G	18	0	18	0.00000
Hyperthermus	54247	G	158	1	159	0.00001
Pyrolobus	54251	G	117	2	119	0.00000
Pyrodictium	2308	G	46	0	46	0.00000
Pyrofollis	3088728	G	36	0	36	0.00000
Vulcanisaeta	164450	G	429	0	429	0.00002
Pyrobaculum	2276	G	288	0	288	0.00001
Caldivirga	76886	G	215	0	215	0.00001
Thermoproteus	2270	G	44	0	44	0.00000
Thermofilum	2268	G	184	0	184	0.00001
Infirmifilum	2856573	G	96	0	96	0.00000
Caldisphaera	200414	G	164	1	165	0.00001
Acidilobus	105850	G	108	0	108	0.00000
Fervidicoccus	685950	G	248	2	250	0.00001
Candidatus Korarchaeum	498845	G	53	0	53	0.00000
Nitrosopumilus	338191	G	3313	53	3366	0.00012
Candidatus Nitrosomarinus	1993653	G	288	10	298	0.00001
Nitrosarchaeum	1007082	G	145	2	147	0.00001
Candidatus Nitrosocosmicus	1826864	G	1435	26	1461	0.00005
Nitrososphaera	497726	G	325	1	326	0.00001
Nitrosotalea	1078904	G	251	0	251	0.00001
Candidatus Nitrosocaldus	498374	G	36	0	36	0.00000
Candidatus Nitrosopelagicus	1593364	G	284	0	284	0.00001
Candidatus Nitrosotenuis	1825023	G	258	0	258	0.00001
Conexivisphaera	2613912	G	32	0	32	0.00000
Candidatus Lokiarchaeum	1655637	G	1017	0	1017	0.00004
Promethearchaeum	3366645	G	736	3	739	0.00003
Nanobdella	2974824	G	116	0	116	0.00000
Candidatus Nanohalobium	2856051	G	71	2	73	0.00000
Candidatus Nanohalovita	3157591	G	29	0	29	0.00000
Candidatus Nanohalococcus	3157592	G	13	0	13	0.00000
Candidatus Mancarchaeum	2490204	G	26	0	26	0.00000
Alexandravirus	2733088	G	4825	0	4825	0.00017
Junduvirus	2948774	G	3209	0	3209	0.00011
Kahucivirus	2948778	G	124	0	124	0.00000
Kingevirus	2948785	G	31	0	31	0.00000
Buchavirus	2942994	G	176	0	176	0.00001
Buorbuivirus	2948644	G	52	41	93	0.00000
Aurodevirus	2946811	G	120	19	139	0.00000
Besingivirus	2946821	G	97	0	97	0.00000
Birpovirus	2946830	G	23	6	29	0.00000
Canhaevirus	2942990	G	111	0	111	0.00000
Culoivirus	2942992	G	60	0	60	0.00000
Cohcovirus	2942991	G	11	0	11	0.00000
Bohxovirus	2946832	G	65	0	65	0.00000
Burzaovirus	2948645	G	10	0	10	0.00000
Afonbuvirus	2942989	G	25	0	25	0.00000
Diorhovirus	2948680	G	64	0	64	0.00000
Drivevirus	2948684	G	26	0	26	0.00000
Delmidovirus	2948688	G	20	0	20	0.00000
Carjivirus	2948652	G	18	0	18	0.00000
Endlipuvirus	2948697	G	13	0	13	0.00000
Wotdevirus	2948953	G	27	0	27	0.00000
Jahgtovirus	2948767	G	37	0	37	0.00000
Akihdevirus	2942978	G	35	0	35	0.00000
Paundivirus	2942981	G	20	0	20	0.00000
Mahlunavirus	2948812	G	10	0	10	0.00000
Nimduovirus	3044775	G	499	0	499	0.00002
Petsuvirus	2733122	G	362	0	362	0.00001
Iapetusvirus	2560148	G	147	0	147	0.00001
Ferozepurvirus	3044715	G	74	0	74	0.00000
Branisovskavirus	3044679	G	64	0	64	0.00000
Meadowvirus	3044758	G	53	0	53	0.00000
Erskinevirus	2169623	G	49	0	49	0.00000
Siatvirus	3044827	G	36	35	71	0.00000
Phikzvirus	680115	G	34	41	75	0.00000
Derbicusvirus	2733102	G	29	0	29	0.00000
Aphroditevirus	2560092	G	21	0	21	0.00000
Seoulvirus	1980929	G	23	0	23	0.00000
Risingsunvirus	2560216	G	16	0	16	0.00000
Wellingtonvirus	2733140	G	13	0	13	0.00000
Tequatrovirus	10663	G	125	13	138	0.00000
Kanagawavirus	2843399	G	113	0	113	0.00000
Jiaodavirus	1985325	G	15	0	15	0.00000
Dhakavirus	1914165	G	14	0	14	0.00000
Mosugukvirus	2948828	G	13	0	13	0.00000
Karamvirus	1913650	G	12	0	12	0.00000
Gaprivervirus	1913654	G	12	0	12	0.00000
Ishigurovirus	2842766	G	163	0	163	0.00001
Zedzedvirus	2843159	G	15	35	50	0.00000
Tulanevirus	2560244	G	51	0	51	0.00000
Slopekvirus	1985328	G	29	0	29	0.00000
Bragavirus	2948639	G	22	0	22	0.00000
Pseudotevenvirus	2842979	G	17	3	20	0.00000
Gualtarvirus	2948732	G	16	0	16	0.00000
Haifavirus	2948752	G	80	0	80	0.00000
Serangoonvirus	3044820	G	40	0	40	0.00000
Ronodorvirus	2843447	G	25	0	25	0.00000
Thaumasvirus	2733136	G	23	0	23	0.00000
Salacisavirus	2733129	G	21	0	21	0.00000
Bristolvirus	2948640	G	17	0	17	0.00000
Mazuvirus	2733113	G	15	0	15	0.00000
Chalconvirus	2948659	G	14	12	26	0.00000
Ahtivirus	2733087	G	13	0	13	0.00000
Shandvirus	2948904	G	13	0	13	0.00000
Kanaloavirus	2733107	G	13	0	13	0.00000
Nilusvirus	2948839	G	12	0	12	0.00000
Tamkungvirus	2733133	G	12	0	12	0.00000
Nodensvirus	2733120	G	11	0	11	0.00000
Taipeivirus	2731621	G	19	0	19	0.00000
Nonagvirus	1921117	G	949	0	949	0.00003
Seuratvirus	1921553	G	30	0	30	0.00000
Cronosvirus	2732913	G	128	0	128	0.00000
Ahphunavirus	2732912	G	101	0	101	0.00000
Aghbyvirus	2732911	G	90	0	90	0.00000
Pokrovskaiavirus	2732916	G	85	0	85	0.00000
Pienvirus	2732915	G	43	0	43	0.00000
Wanjuvirus	2732917	G	33	0	33	0.00000
Aerosvirus	2732910	G	95	0	95	0.00000
Pradovirus	1985733	G	42	0	42	0.00000
Przondovirus	1985720	G	29	0	29	0.00000
Aarhusvirus	2732675	G	28	0	28	0.00000
Ghunavirus	2732683	G	13	0	13	0.00000
Youngvirus	3044864	G	49	0	49	0.00000
Drulisvirus	1920774	G	16	0	16	0.00000
Phikmvvirus	477967	G	13	0	13	0.00000
Banchanvirus	2731931	G	34	0	34	0.00000
Foussvirus	2731939	G	12	0	12	0.00000
Tsarbombavirus	1985181	G	134	1	135	0.00000
Wphvirus	1922327	G	115	0	115	0.00000
Bequatrovirus	1917990	G	87	0	87	0.00000
Kayvirus	1857843	G	51	0	51	0.00000
Sepunavirus	1980928	G	29	15	44	0.00000
Baoshanvirus	2732969	G	19	0	19	0.00000
Sciuriunavirus	2732971	G	13	0	13	0.00000
Mooreparkvirus	2842881	G	120	0	120	0.00000
Harbinvirus	2732970	G	74	0	74	0.00000
Tybeckvirus	2843105	G	25	0	25	0.00000
Hopescreekvirus	2842737	G	20	0	20	0.00000
Pecentumvirus	1857844	G	11	0	11	0.00000
Tsamsavirus	3044849	G	522	4	526	0.00002
Natevirus	3044772	G	17	0	17	0.00000
Sophritavirus	3044834	G	14	0	14	0.00000
Cornellvirus	1910993	G	375	62	437	0.00002
Jerseyvirus	1910991	G	15	0	15	0.00000
Saphexavirus	1623302	G	340	0	340	0.00001
Pylasvirus	2842993	G	95	0	95	0.00000
Ithacavirus	2169643	G	13	0	13	0.00000
Enquatrovirus	371730	G	79	0	79	0.00000
Gamaleyavirus	1920753	G	17	1	18	0.00000
Yonginvirus	2843155	G	13	0	13	0.00000
Johnsonvirus	1982576	G	12	0	12	0.00000
Pacinivirus	2842934	G	11	0	11	0.00000
Firehammervirus	1636617	G	125	0	125	0.00000
Fletchervirus	1636618	G	84	0	84	0.00000
Satomivirus	3152959	G	195	0	195	0.00001
Weaselvirus	2560253	G	173	0	173	0.00001
Polybotosvirus	2560207	G	171	0	171	0.00001
Hafyongvirus	3152967	G	147	7	154	0.00001
Moazamivirus	3044766	G	70	0	70	0.00000
Crifsvirus	3044695	G	33	0	33	0.00000
Privateervirus	2843440	G	17	0	17	0.00000
Naesvirus	2733115	G	140	81	221	0.00001
Lavrentievavirus	2943011	G	22	0	22	0.00000
Zhonglingvirus	2943020	G	11	0	11	0.00000
Gordonvirus	1982152	G	127	0	127	0.00000
Takahashivirus	2843463	G	122	0	122	0.00000
Felixounavirus	1198140	G	109	0	109	0.00000
Myducvirus	2842889	G	76	0	76	0.00000
Sabourvirus	2843014	G	15	0	15	0.00000
Carltongylesvirus	2732960	G	11	0	11	0.00000
Eneladusvirus	2560128	G	109	0	109	0.00000
Kirovvirus	3044745	G	99	0	99	0.00000
Donnerlittchenvirus	3152600	G	95	0	95	0.00000
Sextaecvirus	1922243	G	108	0	108	0.00000
Kuravirus	680277	G	76	0	76	0.00000
Suseptimavirus	3044836	G	19	0	19	0.00000
Nieuwekanaalvirus	3044774	G	12	0	12	0.00000
Slashvirus	1921709	G	107	0	107	0.00000
Lidleunavirus	2733161	G	86	0	86	0.00000
Audreyjarvisvirus	2843351	G	97	0	97	0.00000
Kremarvirus	3152897	G	72	0	72	0.00000
Chakrabartyvirus	2560113	G	80	0	80	0.00000
Moineauvirus	1623304	G	44	1	45	0.00000
Brussowvirus	1623303	G	24	12	36	0.00000
Phapecoctavirus	2733124	G	43	0	43	0.00000
Justusliebigvirus	2948775	G	25	5	30	0.00000
Mimasvirus	2560176	G	71	0	71	0.00000
Tequintavirus	187218	G	40	3	43	0.00000
Kungbxnavirus	2843406	G	69	0	69	0.00000
Lillamyvirus	2843418	G	68	0	68	0.00000
Anayavirus	2946797	G	36	0	36	0.00000
Timquatrovirus	1623306	G	12	0	12	0.00000
Craquatrovirus	3044694	G	66	0	66	0.00000
Limdunavirus	2169621	G	61	0	61	0.00000
Sasquatchvirus	2733131	G	64	0	64	0.00000
Metrivirus	2560175	G	61	0	61	0.00000
Vidquintavirus	2560249	G	61	0	61	0.00000
Snuvirus	3044833	G	59	0	59	0.00000
Poindextervirus	2733154	G	18	0	18	0.00000
Colossusvirus	2733153	G	17	0	17	0.00000
Shapirovirus	2733155	G	15	0	15	0.00000
Coopervirus	1982898	G	16	0	16	0.00000
Fromanvirus	186764	G	57	0	57	0.00000
Likavirus	1982880	G	39	0	39	0.00000
Donellivirus	2843376	G	52	0	52	0.00000
Skunavirus	1623305	G	51	0	51	0.00000
Yangvirus	2733221	G	33	0	33	0.00000
Zetavirus	2733222	G	17	0	17	0.00000
Menderavirus	2843421	G	49	0	49	0.00000
Trinevirus	2733218	G	48	0	48	0.00000
Rogunavirus	1920866	G	11	0	11	0.00000
Sauletekiovirus	2732050	G	11	0	11	0.00000
Midgardsormrvirus	3044764	G	46	0	46	0.00000
Wroclawvirus	3044857	G	38	0	38	0.00000
Ceduovirus	186532	G	37	0	37	0.00000
Vequintavirus	1914852	G	21	0	21	0.00000
Latrobevirus	2843415	G	34	0	34	0.00000
Fischettivirus	2733143	G	17	0	17	0.00000
Micavirus	2948822	G	33	0	33	0.00000
Muldoonvirus	2843425	G	33	0	33	0.00000
Sherbrookevirus	2843455	G	33	192	225	0.00001
Cinunavirus	2560117	G	30	0	30	0.00000
Vedamuthuvirus	2843470	G	28	0	28	0.00000
Carnodivirus	3044682	G	27	0	27	0.00000
Saclayvirus	2733128	G	26	0	26	0.00000
Labanvirus	2843408	G	24	0	24	0.00000
Eurybiavirus	2733104	G	23	0	23	0.00000
Paundecimvirus	2842942	G	13	0	13	0.00000
Cheoctovirus	1623281	G	12	8	20	0.00000
Salmondvirus	2733130	G	21	0	21	0.00000
Innesvirus	3044739	G	13	0	13	0.00000
Hzauvirus	3044735	G	11	0	11	0.00000
Alcyoneusvirus	2560086	G	18	0	18	0.00000
Gimaduovirus	3044721	G	17	0	17	0.00000
Leefvirus	2948798	G	17	0	17	0.00000
Lessievirus	1720323	G	16	0	16	0.00000
Kenyattavirus	3044744	G	15	0	15	0.00000
Bromdenvirus	2948641	G	10	0	10	0.00000
Brigitvirus	2733097	G	16	0	16	0.00000
Muminvirus	2843426	G	16	145	161	0.00001
Rivsvirus	3044804	G	15	0	15	0.00000
Vipetofemvirus	2948949	G	13	0	13	0.00000
Teubervirus	2843466	G	14	0	14	0.00000
Metamorphoovirus	2733195	G	13	0	13	0.00000
Korravirus	1982076	G	14	0	14	0.00000
Nylescharonvirus	2843431	G	13	0	13	0.00000
Ravarandavirus	2843444	G	13	0	13	0.00000
Asteriusvirus	2560094	G	13	0	13	0.00000
Fremauxvirus	2843383	G	13	0	13	0.00000
Shirahamavirus	2843456	G	12	0	12	0.00000
Dismasvirus	2560122	G	12	0	12	0.00000
Cecivirus	1623290	G	12	0	12	0.00000
Microwolfvirus	2942894	G	11	0	11	0.00000
Cebadecemvirus	2948654	G	11	0	11	0.00000
Cbastvirus	1918718	G	11	0	11	0.00000
Helsingorvirus	1918017	G	10	0	10	0.00000
Roseolovirus	40272	G	49	0	49	0.00000
Cytomegalovirus	10358	G	26	0	26	0.00000
Proboscivirus	548689	G	14	0	14	0.00000
Varicellovirus	10319	G	34	0	34	0.00000
Simplexvirus	10294	G	26	0	26	0.00000
Mardivirus	180252	G	19	0	19	0.00000
Macavirus	548687	G	11	0	11	0.00000
Percavirus	548688	G	10	0	10	0.00000
Cyvirus	3044698	G	12	0	12	0.00000
Megavirus	3044761	G	581	2	583	0.00002
Moumouvirus	3080801	G	452	7	459	0.00002
Mimivirus	315393	G	402	13	415	0.00001
Tupanvirus	2094720	G	398	0	398	0.00001
Cotonvirus	3044693	G	118	0	118	0.00000
Fadolivirus	2763561	G	718	0	718	0.00003
Theiavirus	3044842	G	292	0	292	0.00001
Rheavirus	3044800	G	200	3	203	0.00001
Biavirus	3044674	G	380	0	380	0.00001
Kratosvirus	3044747	G	48	0	48	0.00000
Heliosvirus	3044727	G	20	0	20	0.00000
Iridovirus	10487	G	1312	0	1312	0.00005
Chloriridovirus	10491	G	39	0	39	0.00000
Lymphocystivirus	10494	G	113	0	113	0.00000
Losannavirus	3152990	G	113	0	113	0.00000
Marseillevirus	1513458	G	38	0	38	0.00000
Ascovirus	43680	G	11	0	11	0.00000
Alphaorpheovirus	3153020	G	278	0	278	0.00001
Prymnesiovirus	181086	G	290	0	290	0.00001
Chlorovirus	181083	G	250	70	320	0.00001
Phaeovirus	181085	G	40	0	40	0.00000
Raphidovirus	573012	G	23	0	23	0.00000
Prasinovirus	181084	G	16	0	16	0.00000
Coccolithovirus	346673	G	11	0	11	0.00000
Betaentomopoxvirus	10286	G	657	0	657	0.00002
Epsilonentomopoxvirus	3152696	G	73	0	73	0.00000
Deltaentomopoxvirus	2733302	G	34	0	34	0.00000
Alphaentomopoxvirus	62098	G	19	16	35	0.00000
Centapoxvirus	2005509	G	116	9	125	0.00000
Avipoxvirus	10260	G	109	0	109	0.00000
Vespertilionpoxvirus	2733301	G	96	0	96	0.00000
Suipoxvirus	10275	G	42	0	42	0.00000
Oryzopoxvirus	2733297	G	38	0	38	0.00000
Capripoxvirus	10265	G	33	0	33	0.00000
Orthopoxvirus	10242	G	28	0	28	0.00000
Pteropopoxvirus	2733298	G	12	0	12	0.00000
Yatapoxvirus	10282	G	12	0	12	0.00000
Cervidpoxvirus	573055	G	11	0	11	0.00000
Parapoxvirus	10257	G	11	0	11	0.00000
Asfivirus	39743	G	52	0	52	0.00000
Mastadenovirus	10509	G	64	0	64	0.00000
Barthadenovirus	3152491	G	16	0	16	0.00000
Siadenovirus	129876	G	11	0	11	0.00000
Ameliavirus	3424984	G	18	4	22	0.00000
Goukovirus	1980420	G	86	0	86	0.00000
Citricivirus	3044688	G	10	0	10	0.00000
Antennavirus	2560091	G	17	0	17	0.00000
Orthonairovirus	1980517	G	18	0	18	0.00000
Orthobunyavirus	11572	G	44	0	44	0.00000
Orthotospovirus	2560196	G	33	0	33	0.00000
Orthohantavirus	1980442	G	26	0	26	0.00000
Orthophasmavirus	1980538	G	11	0	11	0.00000
Emaravirus	675845	G	11	0	11	0.00000
Alphainfluenzavirus	197911	G	13	0	13	0.00000
Sripuvirus	1985692	G	13	0	13	0.00000
Ledantevirus	1978532	G	10	0	10	0.00000
Alphanucleorhabdovirus	2733245	G	10	0	10	0.00000
Sunshinevirus	1921703	G	27	0	27	0.00000
Alphacoronavirus	693996	G	73	0	73	0.00000
Alphamononivirus	2508224	G	74	0	74	0.00000
Pregotovirus	2508244	G	21	0	21	0.00000
Alphamesonivirus	1312873	G	21	0	21	0.00000
Nepovirus	12270	G	64	0	64	0.00000
Oscivirus	1511780	G	17	0	17	0.00000
Polerovirus	119164	G	54	0	54	0.00000
Potyvirus	12195	G	20	0	20	0.00000
Orthoreovirus	10882	G	30	0	30	0.00000
Dinovernavirus	699180	G	15	0	15	0.00000
Rotavirus	10912	G	25	0	25	0.00000
Rubivirus	11040	G	12	1	13	0.00000
Orthoflavivirus	3044782	G	33	0	33	0.00000
Pegivirus	1307799	G	16	0	16	0.00000
Hodnevirus	3153200	G	22	0	22	0.00000
Duamitovirus	2948686	G	13	0	13	0.00000
Caulimovirus	10639	G	31	0	31	0.00000
Alphabaculovirus	558016	G	424	0	424	0.00002
Betabaculovirus	558017	G	242	0	242	0.00001
Alphanudivirus	1511853	G	23	0	23	0.00000
Gammanudivirus	2842693	G	18	0	18	0.00000
Betanudivirus	1511854	G	13	0	13	0.00000
Deltanudivirus	2842638	G	11	0	11	0.00000
Bracoviriform	2946836	G	86	0	86	0.00000
Ichnoviriform	2948762	G	12	19	31	0.00000
Pandoravirus	2060084	G	193	0	193	0.00001
Alphapithovirus	3153073	G	32	0	32	0.00000
Alphapapillomavirus	333750	G	31	0	31	0.00000
Gammapapillomavirus	325455	G	10	0	10	0.00000
Gemycircularvirus	1542744	G	26	3	29	0.00000
Betatorquevirus	687332	G	10	0	10	0.00000
Usarudivirus	2843109	G	52	0	52	0.00000
Rudivirus	187213	G	29	0	29	0.00000
Icerudivirus	2842752	G	21	0	21	0.00000
